scenario_id,sweep,model,vertiport_id,flight_id,aircraft_id,operation,start_s,end_s,duration_s,pad_delay_s
S4,continuous,C,27,0,78,takeoff,0.0,30.0,30.0,0.0
S4,continuous,C,0,0,78,landing,54.1838115901262,244.1838115901262,190.0,0.0
S4,continuous,C,1,1,180,takeoff,10.0,40.0,30.0,0.0
S4,continuous,C,30,1,180,landing,125.42688076614985,315.42688076614985,190.0,0.0
S4,continuous,C,18,2,19,takeoff,20.0,50.0,30.0,0.0
S4,continuous,C,14,2,19,landing,108.5320017554105,298.53200175541053,190.00000000000003,0.0
S4,continuous,C,19,3,75,takeoff,30.0,60.0,30.0,0.0
S4,continuous,C,7,3,75,landing,132.91255963108574,322.91255963108574,190.0,0.0
S4,continuous,C,8,4,192,takeoff,40.0,70.0,30.0,0.0
S4,continuous,C,30,4,192,landing,315.42688076614985,505.42688076614985,190.0,180.80552474955266
S4,continuous,C,27,5,58,takeoff,50.0,80.0,30.0,0.0
S4,continuous,C,14,5,58,landing,298.53200175541053,488.53200175541053,190.0,166.75452983190274
S4,continuous,C,4,6,115,takeoff,60.0,90.0,30.0,0.0
S4,continuous,C,27,6,115,landing,122.02909650821935,312.02909650821937,190.0,0.0
S4,continuous,C,12,7,33,takeoff,70.0,100.0,30.0,0.0
S4,continuous,C,14,7,33,landing,488.53200175541053,678.5320017554105,190.0,317.95742053764525
S4,continuous,C,11,8,139,takeoff,80.0,110.0,30.0,0.0
S4,continuous,C,24,8,139,landing,206.87732759597606,396.87732759597606,190.0,0.0
S4,continuous,C,30,9,191,takeoff,505.42688076614985,535.4268807661499,30.000000000000057,355.42688076614985
S4,continuous,C,19,9,191,landing,602.4574994013739,792.4574994013739,190.0,0.0
S4,continuous,C,4,10,116,takeoff,100.0,130.0,30.0,0.0
S4,continuous,C,15,10,116,landing,187.3292620321887,377.3292620321887,190.0,0.0
S4,continuous,C,9,11,118,takeoff,110.0,140.0,30.0,0.0
S4,continuous,C,20,11,118,landing,228.6280083201406,418.62800832014057,189.99999999999997,0.0
S4,continuous,C,22,12,98,takeoff,120.0,150.0,30.0,0.0
S4,continuous,C,28,12,98,landing,200.0422557557517,390.04225575575174,190.00000000000003,0.0
S4,continuous,C,17,13,104,takeoff,130.0,160.0,30.0,0.0
S4,continuous,C,1,13,104,landing,233.76838482639468,423.7683848263947,190.00000000000003,0.0
S4,continuous,C,2,14,199,takeoff,140.0,170.0,30.0,0.0
S4,continuous,C,11,14,199,landing,247.14250116072276,437.14250116072276,190.0,0.0
S4,continuous,C,8,15,68,takeoff,150.0,180.0,30.0,0.0
S4,continuous,C,26,15,68,landing,184.74573651337073,374.74573651337073,190.0,0.0
S4,continuous,C,17,16,9,takeoff,160.0,190.0,30.0,0.0
S4,continuous,C,15,16,9,landing,377.3292620321887,567.3292620321887,190.0,114.17560946146239
S4,continuous,C,17,17,159,takeoff,190.0,220.0,30.0,20.0
S4,continuous,C,5,17,159,landing,298.81640897617535,488.81640897617535,190.0,0.0
S4,continuous,C,5,18,94,takeoff,180.0,210.0,30.0,0.0
S4,continuous,C,9,18,94,landing,272.4140604709776,462.4140604709776,190.0,0.0
S4,continuous,C,20,19,132,takeoff,190.0,220.0,30.0,0.0
S4,continuous,C,28,19,132,landing,390.04225575575174,580.0422557557517,190.0,36.86555148094385
S4,continuous,C,9,20,161,takeoff,200.0,230.0,30.0,0.0
S4,continuous,C,7,20,161,landing,322.91255963108574,512.9125596310857,190.0,15.317380459808305
S4,continuous,C,30,21,49,takeoff,535.4268807661499,565.4268807661499,30.0,325.4268807661499
S4,continuous,C,17,21,49,landing,638.9969563485131,828.9969563485131,190.0,0.0
S4,continuous,C,14,22,48,takeoff,678.5320017554105,708.5320017554105,30.0,458.53200175541053
S4,continuous,C,10,22,48,landing,778.7182737693914,968.7182737693914,190.0,0.0
S4,continuous,C,13,23,164,takeoff,230.0,260.0,30.0,0.0
S4,continuous,C,21,23,164,landing,272.36175381138173,462.36175381138173,190.0,0.0
S4,continuous,C,2,24,105,takeoff,240.0,270.0,30.0,0.0
S4,continuous,C,25,24,105,landing,360.4099936924483,550.4099936924483,190.0,0.0
S4,continuous,C,12,25,115,takeoff,250.0,280.0,30.0,0.0
S4,continuous,C,13,25,115,landing,345.12709809442003,535.12709809442,190.0,0.0
S4,continuous,C,2,26,52,takeoff,270.0,300.0,30.0,10.0
S4,continuous,C,21,26,52,landing,462.36175381138173,652.3617538113817,190.0,48.27164871609784
S4,continuous,C,0,27,31,takeoff,270.0,300.0,30.0,0.0
S4,continuous,C,9,27,31,landing,462.4140604709776,652.4140604709776,190.0,92.86534841215519
S4,continuous,C,26,28,28,takeoff,374.74573651337073,404.74573651337073,30.0,94.74573651337073
S4,continuous,C,23,28,28,landing,435.4313735557067,625.4313735557067,190.0,0.0
S4,continuous,C,0,29,24,takeoff,300.0,330.0,30.0,10.0
S4,continuous,C,14,29,24,landing,708.5320017554105,898.5320017554105,190.0,275.6097241522301
S4,continuous,C,12,30,139,takeoff,300.0,330.0,30.0,0.0
S4,continuous,C,2,30,139,landing,399.62538265629684,589.6253826562968,189.99999999999994,0.0
S4,continuous,C,20,31,119,takeoff,418.62800832014057,448.62800832014057,30.0,108.62800832014057
S4,continuous,C,11,31,119,landing,565.3562626975611,755.3562626975611,190.0,0.0
S4,continuous,C,29,32,91,takeoff,320.0,350.0,30.0,0.0
S4,continuous,C,13,32,91,landing,535.12709809442,725.12709809442,190.0,190.24850366147757
S4,continuous,C,18,33,82,takeoff,330.0,360.0,30.0,0.0
S4,continuous,C,7,33,82,landing,512.9125596310857,702.9125596310857,190.0,99.18462993548832
S4,continuous,C,14,34,25,takeoff,898.5320017554105,928.5320017554105,30.0,558.5320017554105
S4,continuous,C,21,34,25,landing,1034.5095126030506,1224.5095126030506,190.0,0.0
S4,continuous,C,15,35,81,takeoff,567.3292620321887,597.3292620321887,30.0,217.3292620321887
S4,continuous,C,18,35,81,landing,653.2402550012539,843.2402550012539,190.0,0.0
S4,continuous,C,20,36,29,takeoff,448.62800832014057,478.62800832014057,30.0,88.62800832014057
S4,continuous,C,12,36,29,landing,548.5944087628933,738.5944087628933,190.0,0.0
S4,continuous,C,23,37,145,takeoff,370.0,400.0,30.0,0.0
S4,continuous,C,4,37,145,landing,457.0442706048227,647.0442706048227,190.0,0.0
S4,continuous,C,4,38,111,takeoff,380.0,410.0,30.0,0.0
S4,continuous,C,13,38,111,landing,725.12709809442,915.12709809442,190.0,272.3284228376599
S4,continuous,C,22,39,120,takeoff,390.0,420.0,30.0,0.0
S4,continuous,C,24,39,120,landing,436.73600606727973,626.7360060672797,190.0,0.0
S4,continuous,C,5,40,197,takeoff,488.81640897617535,518.8164089761754,30.0,88.81640897617535
S4,continuous,C,9,40,197,landing,652.4140604709776,842.4140604709776,190.0,71.18359102382465
S4,continuous,C,30,41,60,takeoff,565.4268807661499,595.4268807661499,30.0,155.4268807661499
S4,continuous,C,0,41,60,landing,672.714723605483,862.714723605483,190.0,0.0
S4,continuous,C,6,42,43,takeoff,420.0,450.0,30.0,0.0
S4,continuous,C,20,42,43,landing,525.649325896771,715.649325896771,190.0,0.0
S4,continuous,C,26,43,155,takeoff,430.0,460.0,30.0,0.0
S4,continuous,C,0,43,155,landing,862.714723605483,1052.714723605483,190.0,315.3430804787595
S4,continuous,C,23,44,85,takeoff,625.4313735557067,655.4313735557067,30.0,185.43137355570673
S4,continuous,C,25,44,85,landing,684.8032684896456,874.8032684896456,190.0,0.0
S4,continuous,C,20,45,140,takeoff,478.62800832014057,508.62800832014057,30.0,28.628008320140566
S4,continuous,C,11,45,140,landing,755.3562626975611,945.3562626975611,190.0,130.0
S4,continuous,C,5,46,86,takeoff,518.8164089761754,548.8164089761754,30.0,58.81640897617535
S4,continuous,C,28,46,86,landing,615.7620118886775,805.7620118886775,190.0,0.0
S4,continuous,C,15,47,118,takeoff,597.3292620321887,627.3292620321887,30.0,127.3292620321887
S4,continuous,C,2,47,118,landing,715.1738941589995,905.1738941589995,190.0,0.0
S4,continuous,C,18,48,189,takeoff,480.0,510.0,30.0,0.0
S4,continuous,C,29,48,189,landing,555.9291510880857,745.9291510880857,190.0,0.0
S4,continuous,C,0,49,6,takeoff,490.0,520.0,30.0,0.0
S4,continuous,C,3,49,6,landing,578.9204039092583,768.9204039092583,190.0,0.0
S4,continuous,C,9,50,19,takeoff,842.4140604709776,872.4140604709776,30.0,342.4140604709776
S4,continuous,C,29,50,19,landing,947.8760780651626,1137.8760780651626,190.0,0.0
S4,continuous,C,21,51,5,takeoff,690.0,720.0,30.0,0.0
S4,continuous,C,30,51,5,landing,829.8804070796135,1019.8804070796135,190.0,0.0
S4,continuous,C,14,52,105,takeoff,928.5320017554105,958.5320017554105,30.0,408.53200175541053
S4,continuous,C,31,52,105,landing,1023.9109046559768,1213.9109046559768,190.0,0.0
S4,continuous,C,29,53,150,takeoff,745.9291510880857,775.9291510880857,30.0,215.92915108808575
S4,continuous,C,4,53,150,landing,819.9555445732268,1009.9555445732268,190.0,0.0
S4,continuous,C,29,54,8,takeoff,775.9291510880857,805.9291510880857,30.0,235.92915108808575
S4,continuous,C,31,54,8,landing,1213.9109046559768,1403.9109046559768,190.0,300.72348134978847
S4,continuous,C,14,55,143,takeoff,958.5320017554105,988.5320017554105,30.0,408.53200175541053
S4,continuous,C,16,55,143,landing,1065.1335687978412,1255.1335687978412,190.0,0.0
S4,continuous,C,29,56,114,takeoff,805.9291510880857,835.9291510880857,30.0,245.92915108808575
S4,continuous,C,6,56,114,landing,882.7519659471002,1072.7519659471002,190.0,0.0
S4,continuous,C,15,57,168,takeoff,627.3292620321887,657.3292620321887,30.0,57.329262032188694
S4,continuous,C,31,57,168,landing,757.4817159532555,947.4817159532555,190.0,0.0
S4,continuous,C,28,58,75,takeoff,580.0422557557517,610.0422557557517,30.0,0.04225575575173934
S4,continuous,C,22,58,75,landing,667.7921158935548,857.7921158935548,190.0,0.0
S4,continuous,C,20,59,135,takeoff,715.649325896771,745.649325896771,30.0,125.64932589677096
S4,continuous,C,31,59,135,landing,1403.9109046559768,1593.9109046559768,190.0,514.393612835125
S4,continuous,C,28,60,159,takeoff,805.7620118886775,835.7620118886775,30.0,205.76201188867753
S4,continuous,C,23,60,159,landing,926.3098213408908,1116.3098213408907,189.9999999999999,0.0
S4,continuous,C,9,61,138,takeoff,872.4140604709776,902.4140604709776,30.0,262.4140604709776
S4,continuous,C,15,61,138,landing,987.6413217636081,1177.6413217636082,190.0000000000001,0.0
S4,continuous,C,8,62,61,takeoff,620.0,650.0,30.0,0.0
S4,continuous,C,20,62,61,landing,760.5639028464677,950.5639028464677,190.0,0.0
S4,continuous,C,25,63,12,takeoff,874.8032684896456,904.8032684896456,30.0,184.80326848964557
S4,continuous,C,9,63,12,landing,962.9470612119114,1152.9470612119114,190.0,0.0
S4,continuous,C,12,64,44,takeoff,738.5944087628933,768.5944087628933,30.0,98.5944087628933
S4,continuous,C,22,64,44,landing,857.7921158935548,1047.7921158935546,189.9999999999999,67.33354099959126
S4,continuous,C,22,65,153,takeoff,1047.7921158935546,1077.7921158935546,30.0,397.79211589355464
S4,continuous,C,6,65,153,landing,1102.759106389389,1292.759106389389,190.0,0.0
S4,continuous,C,2,66,50,takeoff,660.0,690.0,30.0,0.0
S4,continuous,C,9,66,50,landing,1152.9470612119114,1342.9470612119114,190.0,361.20657612034256
S4,continuous,C,16,67,77,takeoff,670.0,700.0,30.0,0.0
S4,continuous,C,3,67,77,landing,772.5144795257504,962.5144795257504,190.0,0.0
S4,continuous,C,21,68,33,takeoff,720.0,750.0,30.0,40.0
S4,continuous,C,7,68,33,landing,860.97355011659,1050.97355011659,190.0000000000001,0.0
S4,continuous,C,7,69,139,takeoff,702.9125596310857,732.9125596310857,30.0,12.912559631085742
S4,continuous,C,6,69,139,landing,1292.759106389389,1482.759106389389,190.0,463.04306375229805
S4,continuous,C,30,70,128,takeoff,700.0,730.0,30.0,0.0
S4,continuous,C,13,70,128,landing,915.12709809442,1105.12709809442,190.0,114.23576738482745
S4,continuous,C,20,71,119,takeoff,950.5639028464677,980.5639028464677,30.0,240.56390284646773
S4,continuous,C,22,71,119,landing,1077.7921158935546,1267.7921158935546,190.0,56.69897169315789
S4,continuous,C,26,72,149,takeoff,720.0,750.0,30.0,0.0
S4,continuous,C,18,72,149,landing,843.2402550012539,1033.240255001254,190.0,35.58805772073765
S4,continuous,C,20,73,15,takeoff,980.5639028464677,1010.5639028464677,30.0,250.56390284646773
S4,continuous,C,9,73,15,landing,1342.9470612119114,1532.9470612119114,190.0,243.75515004530303
S4,continuous,C,19,74,83,takeoff,792.4574994013739,822.4574994013739,30.0,52.457499401373866
S4,continuous,C,17,74,83,landing,885.0432972524792,1075.043297252479,189.9999999999999,0.0
S4,continuous,C,1,75,160,takeoff,750.0,780.0,30.0,0.0
S4,continuous,C,26,75,160,landing,845.3969636904369,1035.396963690437,190.0,0.0
S4,continuous,C,22,76,90,takeoff,1267.7921158935546,1297.7921158935546,30.0,507.79211589355464
S4,continuous,C,16,76,90,landing,1349.6579227033435,1539.6579227033435,190.0,0.0
S4,continuous,C,31,77,145,takeoff,1593.9109046559768,1623.9109046559768,30.0,583.9109046559768
S4,continuous,C,4,77,145,landing,1700.5643401632326,1890.5643401632326,190.0,0.0
S4,continuous,C,4,78,63,takeoff,780.0,810.0,30.0,0.0
S4,continuous,C,7,78,63,landing,1050.97355011659,1240.97355011659,190.0,182.1244543836675
S4,continuous,C,22,79,60,takeoff,1297.7921158935546,1327.7921158935546,30.0,507.79211589355464
S4,continuous,C,5,79,60,landing,1365.4494579637449,1555.4494579637449,190.0,0.0
S4,continuous,C,24,80,37,takeoff,800.0,830.0,30.0,0.0
S4,continuous,C,28,80,37,landing,909.1045469083906,1099.1045469083906,190.0,0.0
S4,continuous,C,27,81,92,takeoff,810.0,840.0,30.0,0.0
S4,continuous,C,0,81,92,landing,1052.714723605483,1242.714723605483,190.0,175.92731122589169
S4,continuous,C,19,82,157,takeoff,822.4574994013739,852.4574994013739,30.0,2.457499401373866
S4,continuous,C,1,82,157,landing,944.7898214834521,1134.7898214834522,190.0000000000001,0.0
S4,continuous,C,16,83,198,takeoff,830.0,860.0,30.0,0.0
S4,continuous,C,14,83,198,landing,988.5320017554105,1178.5320017554104,189.9999999999999,11.930434712979832
S4,continuous,C,30,84,11,takeoff,1019.8804070796135,1049.8804070796136,30.000000000000114,179.88040707961352
S4,continuous,C,9,84,11,landing,1532.9470612119114,1722.9470612119114,190.0,358.1543580073146
S4,continuous,C,0,85,140,takeoff,1242.714723605483,1272.714723605483,30.0,392.71472360548296
S4,continuous,C,19,85,140,landing,1349.6546650513872,1539.6546650513872,190.0,0.0
S4,continuous,C,25,86,182,takeoff,904.8032684896456,934.8032684896456,30.0,44.803268489645575
S4,continuous,C,16,86,182,landing,1539.6579227033435,1729.6579227033435,190.0,506.12819238485827
S4,continuous,C,8,87,197,takeoff,870.0,900.0,30.0,0.0
S4,continuous,C,3,87,197,landing,962.5144795257504,1152.5144795257504,190.0,8.527524575076995
S4,continuous,C,17,88,53,takeoff,1075.043297252479,1105.043297252479,30.0,195.04329725247908
S4,continuous,C,1,88,53,landing,1178.8116820788734,1368.8116820788734,190.0,0.0
S4,continuous,C,19,89,115,takeoff,890.0,920.0,30.0,0.0
S4,continuous,C,10,89,115,landing,968.7182737693914,1158.7182737693915,190.0000000000001,7.762268546269411
S4,continuous,C,22,90,110,takeoff,1327.7921158935546,1357.7921158935546,30.0,427.79211589355464
S4,continuous,C,14,90,110,landing,1407.4085656212658,1597.4085656212658,190.0,0.0
S4,continuous,C,0,91,56,takeoff,1272.714723605483,1302.714723605483,30.0,362.71472360548296
S4,continuous,C,5,91,56,landing,1555.4494579637449,1745.4494579637449,190.0,175.6296795803221
S4,continuous,C,13,92,71,takeoff,1105.12709809442,1135.12709809442,30.0,185.12709809442003
S4,continuous,C,22,92,71,landing,1357.7921158935546,1547.7921158935546,190.0,185.20779057574896
S4,continuous,C,4,93,80,takeoff,1009.9555445732268,1039.9555445732267,29.999999999999886,79.9555445732268
S4,continuous,C,29,93,80,landing,1137.8760780651626,1327.8760780651626,190.0,50.77547446260223
S4,continuous,C,23,94,176,takeoff,1116.3098213408907,1146.3098213408907,30.0,176.30982134089072
S4,continuous,C,26,94,176,landing,1176.9954583832268,1366.9954583832268,190.0,0.0
S4,continuous,C,31,95,40,takeoff,1623.9109046559768,1653.9109046559768,30.0,613.9109046559768
S4,continuous,C,28,95,40,landing,1746.6231845758452,1936.6231845758452,190.0,0.0
S4,continuous,C,28,96,175,takeoff,1099.1045469083906,1129.1045469083906,30.0,139.1045469083906
S4,continuous,C,19,96,175,landing,1539.6546650513872,1729.6546650513872,190.0,299.45927407155455
S4,continuous,C,13,97,51,takeoff,1135.12709809442,1165.12709809442,30.0,165.12709809442003
S4,continuous,C,6,97,51,landing,1482.759106389389,1672.759106389389,190.0,278.9342021556138
S4,continuous,C,13,98,117,takeoff,1165.12709809442,1195.12709809442,30.0,185.12709809442003
S4,continuous,C,15,98,117,landing,1187.2821785508636,1377.2821785508636,190.0,0.0
S4,continuous,C,5,99,118,takeoff,990.0,1020.0,30.0,0.0
S4,continuous,C,31,99,118,landing,1653.9109046559768,1843.9109046559768,190.0,496.64315734207753
S4,continuous,C,15,100,134,takeoff,1377.2821785508636,1407.2821785508636,30.0,377.2821785508636
S4,continuous,C,28,100,134,landing,1467.600672500355,1657.600672500355,190.0,0.0
S4,continuous,C,22,101,98,takeoff,1547.7921158935546,1577.7921158935546,30.0,537.7921158935546
S4,continuous,C,30,101,98,landing,1609.1842022691685,1799.1842022691685,190.0,0.0
S4,continuous,C,17,102,100,takeoff,1105.043297252479,1135.043297252479,30.0,85.04329725247908
S4,continuous,C,28,102,100,landing,1224.2315373283918,1414.2315373283918,190.0,0.0
S4,continuous,C,13,103,18,takeoff,1195.12709809442,1225.12709809442,30.0,165.12709809442003
S4,continuous,C,27,103,18,landing,1237.592681845469,1427.592681845469,190.0,0.0
S4,continuous,C,31,104,73,takeoff,1843.9109046559768,1873.9109046559768,30.0,803.9109046559768
S4,continuous,C,21,104,73,landing,1999.5625392238503,2189.5625392238503,190.0,0.0
S4,continuous,C,11,105,10,takeoff,1050.0,1080.0,30.0,0.0
S4,continuous,C,13,105,10,landing,1225.12709809442,1415.12709809442,190.0,65.0857652168495
S4,continuous,C,22,106,24,takeoff,1577.7921158935546,1607.7921158935546,30.0,517.7921158935546
S4,continuous,C,24,106,24,landing,1624.5281219608344,1814.5281219608344,190.0,0.0
S4,continuous,C,16,107,36,takeoff,1255.1335687978412,1285.1335687978412,30.0,185.13356879784124
S4,continuous,C,25,107,36,landing,1363.8600306266812,1553.8600306266812,190.0,0.0
S4,continuous,C,4,108,166,takeoff,1080.0,1110.0,30.0,0.0
S4,continuous,C,13,108,166,landing,1415.12709809442,1605.12709809442,190.0,228.9575285972885
S4,continuous,C,31,109,45,takeoff,1873.9109046559768,1903.9109046559768,30.0,783.9109046559768
S4,continuous,C,27,109,45,landing,1973.4844616632693,2163.484461663269,189.99999999999977,0.0
S4,continuous,C,12,110,13,takeoff,1100.0,1130.0,30.0,0.0
S4,continuous,C,4,110,13,landing,1181.422930927549,1371.422930927549,190.0,0.0
S4,continuous,C,25,111,12,takeoff,1110.0,1140.0,30.0,0.0
S4,continuous,C,24,111,12,landing,1181.944799725153,1371.944799725153,190.0,0.0
S4,continuous,C,1,112,31,takeoff,1134.7898214834522,1164.7898214834522,30.0,14.789821483452215
S4,continuous,C,6,112,31,landing,1672.759106389389,1862.759106389389,190.0,405.8530151737741
S4,continuous,C,14,113,5,takeoff,1178.5320017554104,1208.5320017554104,30.0,48.53200175541042
S4,continuous,C,9,113,5,landing,1722.9470612119114,1912.9470612119114,190.0,433.67140831326446
S4,continuous,C,3,114,122,takeoff,1152.5144795257504,1182.5144795257504,30.0,12.514479525750403
S4,continuous,C,19,114,122,landing,1729.6546650513872,1919.6546650513872,190.0,426.46472593657563
S4,continuous,C,21,115,193,takeoff,1224.5095126030506,1254.5095126030506,30.0,74.50951260305055
S4,continuous,C,29,115,193,landing,1327.8760780651626,1517.8760780651626,190.0,53.451186940887055
S4,continuous,C,7,116,185,takeoff,1240.97355011659,1270.97355011659,30.0,80.9735501165901
S4,continuous,C,25,116,185,landing,1553.8600306266812,1743.8600306266812,190.0,190.51940194947997
S4,continuous,C,9,117,158,takeoff,1912.9470612119114,1942.9470612119114,30.0,742.9470612119114
S4,continuous,C,11,117,158,landing,2027.540426971418,2217.540426971418,190.00000000000023,0.0
S4,continuous,C,14,118,113,takeoff,1208.5320017554104,1238.5320017554104,30.0,28.53200175541042
S4,continuous,C,13,118,113,landing,1605.12709809442,1795.12709809442,190.0,245.8711111322532
S4,continuous,C,17,119,23,takeoff,1190.0,1220.0,30.0,0.0
S4,continuous,C,9,119,23,landing,1942.9470612119114,2132.947061211911,189.99999999999977,567.6593992623989
S4,continuous,C,29,120,196,takeoff,1517.8760780651626,1547.8760780651626,30.0,317.8760780651626
S4,continuous,C,15,120,196,landing,1545.4635944524912,1735.4635944524912,190.0,0.0
S4,continuous,C,5,121,75,takeoff,1210.0,1240.0,30.0,0.0
S4,continuous,C,28,121,75,landing,1936.6231845758452,2126.6231845758452,190.0,609.6775816633431
S4,continuous,C,7,122,128,takeoff,1270.97355011659,1300.97355011659,30.0,50.973550116590104
S4,continuous,C,16,122,128,landing,1729.6579227033435,1919.6579227033435,190.0,292.93294887234424
S4,continuous,C,22,123,96,takeoff,1607.7921158935546,1637.7921158935546,30.0,377.79211589355464
S4,continuous,C,6,123,96,landing,1862.759106389389,2052.7591063893888,189.99999999999977,180.0
S4,continuous,C,8,124,146,takeoff,1240.0,1270.0,30.0,0.0
S4,continuous,C,14,124,146,landing,1597.4085656212658,1787.4085656212658,190.0,249.7674375206234
S4,continuous,C,14,125,108,takeoff,1250.0,1280.0,30.0,0.0
S4,continuous,C,29,125,108,landing,1547.8760780651626,1737.8760780651626,190.0,161.2252712256593
S4,continuous,C,25,126,92,takeoff,1260.0,1290.0,30.0,0.0
S4,continuous,C,24,126,92,landing,1371.944799725153,1561.944799725153,190.0,20.0
S4,continuous,C,1,127,57,takeoff,1368.8116820788734,1398.8116820788734,30.0,98.81168207887345
S4,continuous,C,7,127,57,landing,1485.9099554035276,1675.9099554035276,190.0,0.0
S4,continuous,C,30,128,198,takeoff,1280.0,1310.0,30.0,0.0
S4,continuous,C,19,128,198,landing,1919.6546650513872,2109.6546650513874,190.00000000000023,482.6240464161631
S4,continuous,C,13,129,138,takeoff,1795.12709809442,1825.12709809442,30.0,505.12709809442003
S4,continuous,C,10,129,138,landing,1883.364449381694,2073.3644493816937,189.99999999999977,0.0
S4,continuous,C,18,130,144,takeoff,1300.0,1330.0,30.0,0.0
S4,continuous,C,0,130,144,landing,1378.1699604114183,1568.1699604114183,190.0,0.0
S4,continuous,C,26,131,95,takeoff,1366.9954583832268,1396.9954583832268,30.0,56.99545838322683
S4,continuous,C,7,131,95,landing,1675.9099554035276,1865.9099554035276,190.0,183.15988314063566
S4,continuous,C,9,132,143,takeoff,2132.947061211911,2162.947061211911,30.0,812.9470612119112
S4,continuous,C,22,132,143,landing,2203.8379128651513,2393.8379128651513,190.0,0.0
S4,continuous,C,30,133,189,takeoff,1330.0,1360.0,30.0,0.0
S4,continuous,C,18,133,189,landing,1407.3170296248918,1597.3170296248918,190.0,0.0
S4,continuous,C,27,134,37,takeoff,1427.592681845469,1457.592681845469,30.0,87.59268184546909
S4,continuous,C,5,134,37,landing,1745.4494579637449,1935.4494579637449,190.0,245.81333670294134
S4,continuous,C,15,135,33,takeoff,1407.2821785508636,1437.2821785508636,30.0,57.28217855086359
S4,continuous,C,18,135,33,landing,1597.3170296248918,1787.3170296248918,190.0,104.12385810496312
S4,continuous,C,14,136,86,takeoff,1787.4085656212658,1817.4085656212658,30.0,367.4085656212658
S4,continuous,C,31,136,86,landing,1962.7874685218321,2152.787468521832,190.0,0.0
S4,continuous,C,17,137,105,takeoff,1370.0,1400.0,30.0,0.0
S4,continuous,C,24,137,105,landing,1814.5281219608344,2004.5281219608344,190.0,335.6613626597641
S4,continuous,C,13,138,79,takeoff,1825.12709809442,1855.12709809442,30.0,445.12709809442003
S4,continuous,C,26,138,79,landing,1895.5416018200503,2085.5416018200503,190.0,0.0
S4,continuous,C,21,139,153,takeoff,1390.0,1420.0,30.0,0.0
S4,continuous,C,13,139,153,landing,1855.12709809442,2045.12709809442,190.0,402.7653442830383
S4,continuous,C,9,140,154,takeoff,2162.947061211911,2192.947061211911,30.0,762.9470612119112
S4,continuous,C,24,140,154,landing,2238.6846074660402,2428.6846074660402,190.0,0.0
S4,continuous,C,11,141,192,takeoff,1410.0,1440.0,30.0,0.0
S4,continuous,C,13,141,192,landing,2045.12709809442,2235.12709809442,190.0,465.0857652168495
S4,continuous,C,20,142,65,takeoff,1420.0,1450.0,30.0,0.0
S4,continuous,C,7,142,65,landing,1865.9099554035276,2055.9099554035274,189.99999999999977,297.7847840883953
S4,continuous,C,27,143,70,takeoff,1457.592681845469,1487.592681845469,30.0,27.592681845469087
S4,continuous,C,30,143,70,landing,1799.1842022691685,1989.1842022691685,190.0,235.29116571522468
S4,continuous,C,8,144,110,takeoff,1440.0,1470.0,30.0,0.0
S4,continuous,C,30,144,110,landing,1989.1842022691685,2179.1842022691685,190.0,434.56284625257103
S4,continuous,C,4,145,104,takeoff,1450.0,1480.0,30.0,0.0
S4,continuous,C,23,145,104,landing,1537.0442706048227,1727.0442706048227,190.0,0.0
S4,continuous,C,10,146,139,takeoff,1460.0,1490.0,30.0,0.0
S4,continuous,C,31,146,139,landing,2152.787468521832,2342.787468521832,190.0,497.0156240474014
S4,continuous,C,24,147,121,takeoff,2004.5281219608344,2034.5281219608344,30.0,354.52812196083437
S4,continuous,C,5,147,121,landing,2096.70201578531,2286.70201578531,190.0,0.0
S4,continuous,C,26,148,169,takeoff,1480.0,1510.0,30.0,0.0
S4,continuous,C,27,148,169,landing,1565.068858556774,1755.068858556774,190.0,0.0
S4,continuous,C,29,149,179,takeoff,1737.8760780651626,1767.8760780651626,30.0,247.87607806516257
S4,continuous,C,20,149,179,landing,1822.6112576384612,2012.6112576384612,190.0,0.0
S4,continuous,C,9,150,136,takeoff,2192.947061211911,2222.947061211911,30.0,692.9470612119112
S4,continuous,C,11,150,136,landing,2307.5404269714177,2497.5404269714177,190.0,0.0
S4,continuous,C,27,151,162,takeoff,1510.0,1540.0,30.0,0.0
S4,continuous,C,0,151,162,landing,1568.1699604114183,1758.1699604114183,190.0,3.9861488212920904
S4,continuous,C,17,152,191,takeoff,1520.0,1550.0,30.0,0.0
S4,continuous,C,20,152,191,landing,1594.8906464938943,1784.8906464938943,190.0,0.0
S4,continuous,C,14,153,172,takeoff,1817.4085656212658,1847.4085656212658,30.0,287.4085656212658
S4,continuous,C,8,153,172,landing,1914.772801143346,2104.772801143346,190.0,0.0
S4,continuous,C,5,154,17,takeoff,1935.4494579637449,1965.4494579637449,30.0,395.44945796374486
S4,continuous,C,25,154,17,landing,2030.4081186892433,2220.4081186892436,190.00000000000023,0.0
S4,continuous,C,29,155,132,takeoff,1767.8760780651626,1797.8760780651626,30.0,217.87607806516257
S4,continuous,C,26,155,132,landing,2085.5416018200503,2275.5416018200503,190.0,219.38011387340612
S4,continuous,C,14,156,29,takeoff,1847.4085656212658,1877.4085656212658,30.0,287.4085656212658
S4,continuous,C,21,156,29,landing,2189.5625392238503,2379.5625392238503,190.0,146.1764627549444
S4,continuous,C,19,157,124,takeoff,2109.6546650513874,2139.6546650513874,30.0,539.6546650513874
S4,continuous,C,14,157,124,landing,2210.3352401788284,2400.3352401788284,190.0,0.0
S4,continuous,C,20,158,97,takeoff,2012.6112576384612,2042.6112576384612,30.0,192.6112576384612
S4,continuous,C,19,158,97,landing,2160.828573685692,2350.828573685692,190.0,0.0
S4,continuous,C,5,159,185,takeoff,1965.4494579637449,1995.4494579637449,30.0,375.44945796374486
S4,continuous,C,1,159,185,landing,2069.0068012660613,2259.0068012660613,190.0,0.0
S4,continuous,C,14,160,195,takeoff,1877.4085656212658,1907.4085656212658,30.0,277.4085656212658
S4,continuous,C,23,160,195,landing,2003.8762335531405,2193.8762335531405,190.0,0.0
S4,continuous,C,2,161,19,takeoff,1790.0,1820.0,30.0,0.0
S4,continuous,C,14,161,19,landing,1907.4085656212658,2097.4085656212656,189.99999999999977,1.265355941327698
S4,continuous,C,20,162,190,takeoff,1784.8906464938943,1814.8906464938943,30.0,164.89064649389434
S4,continuous,C,2,162,190,landing,1967.9548682405034,2157.9548682405034,190.0,0.0
S4,continuous,C,10,163,120,takeoff,1630.0,1660.0,30.0,0.0
S4,continuous,C,18,163,120,landing,1787.3170296248918,1977.3170296248918,190.0,84.70209588252942
S4,continuous,C,27,164,151,takeoff,1755.068858556774,1785.068858556774,30.0,115.0688585567741
S4,continuous,C,24,164,151,landing,2034.5281219608344,2224.528121960834,189.99999999999977,198.31651886969235
S4,continuous,C,6,165,33,takeoff,2052.7591063893888,2082.7591063893888,30.0,402.75910638938876
S4,continuous,C,25,165,33,landing,2220.4081186892436,2410.4081186892436,190.0,88.70967664596174
S4,continuous,C,5,166,50,takeoff,1995.4494579637449,2025.4494579637449,30.0,335.44945796374486
S4,continuous,C,15,166,50,landing,2098.0854751559714,2288.0854751559714,190.0,0.0
S4,continuous,C,23,167,137,takeoff,1727.0442706048227,1757.0442706048227,30.0,57.044270604822714
S4,continuous,C,13,167,137,landing,2235.12709809442,2425.12709809442,190.0,333.9770896212963
S4,continuous,C,28,168,98,takeoff,2126.6231845758452,2156.6231845758452,30.0,386.62318457584524
S4,continuous,C,2,168,98,landing,2233.7200949241533,2423.7200949241533,190.0,0.0
S4,continuous,C,5,169,87,takeoff,2025.4494579637449,2055.449457963745,30.0,335.44945796374486
S4,continuous,C,21,169,87,landing,2379.5625392238503,2569.5625392238503,190.0,145.91363418561514
S4,continuous,C,14,170,16,takeoff,2097.4085656212656,2127.4085656212656,30.0,397.40856562126555
S4,continuous,C,10,170,16,landing,2197.5948376352467,2387.5948376352467,190.0,0.0
S4,continuous,C,22,171,186,takeoff,1710.0,1740.0,30.0,0.0
S4,continuous,C,3,171,186,landing,1789.812479352297,1979.812479352297,190.0,0.0
S4,continuous,C,23,172,102,takeoff,1757.0442706048227,1787.0442706048227,30.0,37.044270604822714
S4,continuous,C,25,172,102,landing,1816.4161655387618,2006.4161655387618,190.0,0.0
S4,continuous,C,17,173,61,takeoff,1730.0,1760.0,30.0,0.0
S4,continuous,C,2,173,61,landing,2423.7200949241533,2613.7200949241533,190.0,498.81455076564407
S4,continuous,C,28,174,178,takeoff,2156.6231845758452,2186.6231845758452,30.0,416.62318457584524
S4,continuous,C,26,174,178,landing,2275.6034191832305,2465.6034191832305,190.0,0.0
S4,continuous,C,10,175,161,takeoff,1750.0,1780.0,30.0,0.0
S4,continuous,C,19,175,161,landing,2350.828573685692,2540.828573685692,190.0,449.87256846257014
S4,continuous,C,26,176,94,takeoff,1760.0,1790.0,30.0,0.0
S4,continuous,C,11,176,94,landing,2497.5404269714177,2687.5404269714177,190.0,574.9305262662281
S4,continuous,C,3,177,152,takeoff,1979.812479352297,2009.812479352297,30.0,209.81247935229703
S4,continuous,C,31,177,152,landing,2342.787468521832,2532.787468521832,190.0,174.88975913052764
S4,continuous,C,26,178,80,takeoff,2465.6034191832305,2495.6034191832305,30.0,565.6034191832305
S4,continuous,C,8,178,80,landing,2510.072263118039,2700.072263118039,190.0,0.0
S4,continuous,C,26,179,53,takeoff,2495.6034191832305,2525.6034191832305,30.0,585.6034191832305
S4,continuous,C,24,179,53,landing,2595.8617767837704,2785.8617767837704,190.0,0.0
S4,continuous,C,18,180,150,takeoff,1977.3170296248918,2007.3170296248918,30.0,177.3170296248918
S4,continuous,C,13,180,150,landing,2425.12709809442,2615.12709809442,190.0,262.66387010076323
S4,continuous,C,19,181,38,takeoff,2540.828573685692,2570.828573685692,30.0,730.8285736856919
S4,continuous,C,10,181,38,landing,2611.784578908814,2801.784578908814,190.0,0.0
S4,continuous,C,17,182,51,takeoff,1820.0,1850.0,30.0,0.0
S4,continuous,C,11,182,51,landing,2687.5404269714177,2877.5404269714177,190.0,685.5671296821847
S4,continuous,C,26,183,66,takeoff,2525.6034191832305,2555.6034191832305,30.0,635.6034191832305
S4,continuous,C,1,183,66,landing,2621.000382873667,2811.000382873667,190.0,0.0
S4,continuous,C,28,184,30,takeoff,2186.6231845758452,2216.6231845758452,30.0,346.62318457584524
S4,continuous,C,7,184,30,landing,2309.5271792212284,2499.5271792212284,190.0,0.0
S4,continuous,C,18,185,14,takeoff,2090.0,2120.0,30.0,0.0
S4,continuous,C,13,185,14,landing,2615.12709809442,2805.12709809442,190.0,359.98089972565504
S4,continuous,C,29,186,39,takeoff,1860.0,1890.0,30.0,0.0
S4,continuous,C,20,186,39,landing,2064.7351795732984,2254.7351795732984,190.0,0.0
S4,continuous,C,25,187,133,takeoff,2410.4081186892436,2440.4081186892436,30.0,540.4081186892436
S4,continuous,C,1,187,133,landing,2811.000382873667,3001.000382873667,190.0,305.3074635298517
S4,continuous,C,7,188,81,takeoff,2055.9099554035274,2085.9099554035274,30.0,175.90995540352742
S4,continuous,C,31,188,81,landing,2532.787468521832,2722.787468521832,190.0,254.27817926804528
S4,continuous,C,28,189,24,takeoff,2216.6231845758452,2246.6231845758452,30.0,326.62318457584524
S4,continuous,C,23,189,24,landing,2337.1709940280584,2527.1709940280584,190.0,0.0
S4,continuous,C,27,190,91,takeoff,2163.484461663269,2193.484461663269,30.0,203.48446166326903
S4,continuous,C,28,190,91,landing,2289.1686510214126,2479.1686510214126,190.0,0.0
S4,continuous,C,21,191,76,takeoff,1910.0,1940.0,30.0,0.0
S4,continuous,C,15,191,76,landing,2288.0854751559714,2478.0854751559714,190.0,291.29514139176285
S4,continuous,C,20,192,169,takeoff,2254.7351795732984,2284.7351795732984,30.0,334.7351795732984
S4,continuous,C,27,192,169,landing,2344.095036428441,2534.095036428441,190.0,0.0
S4,continuous,C,24,193,26,takeoff,2428.6846074660402,2458.6846074660402,30.0,498.68460746604023
S4,continuous,C,1,193,26,landing,3001.000382873667,3191.000382873667,190.0,442.47871059704266
S4,continuous,C,2,194,56,takeoff,2180.0,2210.0,30.0,0.0
S4,continuous,C,24,194,56,landing,2785.8617767837704,2975.8617767837704,190.0,453.5786581050211
S4,continuous,C,22,195,8,takeoff,1950.0,1980.0,30.0,0.0
S4,continuous,C,0,195,8,landing,2011.646844204705,2201.6468442047053,190.00000000000023,0.0
S4,continuous,C,5,196,75,takeoff,2055.449457963745,2085.449457963745,30.0,95.44945796374486
S4,continuous,C,14,196,75,landing,2400.3352401788284,2590.3352401788284,190.0,230.56914732184987
S4,continuous,C,28,197,194,takeoff,2479.1686510214126,2509.1686510214126,30.0,209.16865102141264
S4,continuous,C,5,197,194,landing,2576.114253933915,2766.114253933915,190.0,0.0
S4,continuous,C,4,198,11,takeoff,1980.0,2010.0,30.0,0.0
S4,continuous,C,30,198,11,landing,2179.1842022691685,2369.1842022691685,190.0,111.57110847586591
S4,continuous,C,28,199,173,takeoff,2509.1686510214126,2539.1686510214126,30.0,219.16865102141264
S4,continuous,C,22,199,173,landing,2596.9185111592155,2786.9185111592155,190.0,0.0
S4,continuous,C,19,200,37,takeoff,2570.828573685692,2600.828573685692,30.0,570.8285736856919
S4,continuous,C,15,200,37,landing,2692.865205370864,2882.865205370864,190.0,0.0
S4,continuous,C,11,201,122,takeoff,2877.5404269714177,2907.5404269714177,30.0,567.5404269714177
S4,continuous,C,13,201,122,landing,2974.2108656086166,3164.2108656086166,190.0,0.0
S4,continuous,C,25,202,118,takeoff,2440.4081186892436,2470.4081186892436,30.0,420.40811868924357
S4,continuous,C,13,202,118,landing,3164.2108656086166,3354.2108656086166,190.0,571.3589308490818
S4,continuous,C,18,203,189,takeoff,2030.0,2060.0,30.0,0.0
S4,continuous,C,16,203,189,landing,2121.2765036307856,2311.2765036307856,190.0,0.0
S4,continuous,C,28,204,22,takeoff,2539.1686510214126,2569.1686510214126,30.0,259.16865102141264
S4,continuous,C,8,204,22,landing,2700.072263118039,2890.072263118039,190.0,75.22923183119929
S4,continuous,C,23,205,103,takeoff,2290.0,2320.0,30.0,0.0
S4,continuous,C,13,205,103,landing,3354.2108656086166,3544.2108656086166,190.0,870.1051277403158
S4,continuous,C,1,206,198,takeoff,2259.0068012660613,2289.0068012660613,30.0,199.0068012660613
S4,continuous,C,2,206,198,landing,2613.7200949241533,2803.7200949241533,190.0,174.3787032032992
S4,continuous,C,17,207,8,takeoff,2070.0,2100.0,30.0,0.0
S4,continuous,C,10,207,8,landing,2387.5948376352467,2577.5948376352467,190.0,212.89167454782864
S4,continuous,C,24,208,128,takeoff,2458.6846074660402,2488.6846074660402,30.0,378.68460746604023
S4,continuous,C,30,208,128,landing,2543.0579614114854,2733.0579614114854,190.0,0.0
S4,continuous,C,5,209,131,takeoff,2286.70201578531,2316.70201578531,30.0,196.70201578530987
S4,continuous,C,1,209,131,landing,2390.2593590876268,2580.2593590876268,190.0,0.0
S4,continuous,C,14,210,176,takeoff,2127.4085656212656,2157.4085656212656,30.0,27.408565621265552
S4,continuous,C,17,210,176,landing,2249.0623450543167,2439.0623450543167,190.0,0.0
S4,continuous,C,20,211,36,takeoff,2284.7351795732984,2314.7351795732984,30.0,174.7351795732984
S4,continuous,C,17,211,36,landing,2439.0623450543167,2629.0623450543167,190.0,79.43651898712369
S4,continuous,C,31,212,28,takeoff,2722.787468521832,2752.787468521832,30.0,602.7874685218321
S4,continuous,C,24,212,28,landing,2975.8617767837704,3165.8617767837704,190.0,160.9382851839323
S4,continuous,C,31,213,159,takeoff,2752.787468521832,2782.787468521832,30.0,622.7874685218321
S4,continuous,C,18,213,159,landing,2848.14963671078,3038.14963671078,190.0,0.0
S4,continuous,C,30,214,42,takeoff,2369.1842022691685,2399.1842022691685,30.0,229.1842022691685
S4,continuous,C,29,214,42,landing,2474.2388249312535,2664.2388249312535,190.0,0.0
S4,continuous,C,16,215,162,takeoff,2311.2765036307856,2341.2765036307856,30.0,161.27650363078556
S4,continuous,C,20,215,162,landing,2432.949842731911,2622.949842731911,190.0,0.0
S4,continuous,C,18,216,89,takeoff,2160.0,2190.0,30.0,0.0
S4,continuous,C,24,216,89,landing,3165.8617767837704,3355.8617767837704,190.0,873.9384733062993
S4,continuous,C,2,217,184,takeoff,2803.7200949241533,2833.7200949241533,30.0,633.7200949241533
S4,continuous,C,16,217,184,landing,2918.333586480095,3108.333586480095,190.0,0.0
S4,continuous,C,12,218,180,takeoff,2180.0,2210.0,30.0,0.0
S4,continuous,C,16,218,180,landing,2371.9356276911876,2561.9356276911876,190.0,0.0
S4,continuous,C,28,219,90,takeoff,2569.1686510214126,2599.1686510214126,30.0,259.16865102141264
S4,continuous,C,14,219,90,landing,2668.018727749423,2858.018727749423,190.0,0.0
S4,continuous,C,3,220,147,takeoff,2440.0,2470.0,30.0,0.0
S4,continuous,C,19,220,147,landing,2630.675459589061,2820.675459589061,190.0,0.0
S4,continuous,C,3,221,188,takeoff,2210.0,2240.0,30.0,0.0
S4,continuous,C,26,221,188,landing,2555.6034191832305,2745.6034191832305,190.0,200.3715823110906
S4,continuous,C,11,222,62,takeoff,2907.5404269714177,2937.5404269714177,30.0,627.5404269714177
S4,continuous,C,29,222,62,landing,3005.3258783793203,3195.3258783793203,190.0,0.0
S4,continuous,C,0,223,7,takeoff,2230.0,2260.0,30.0,0.0
S4,continuous,C,1,223,7,landing,3191.000382873667,3381.000382873667,190.0,844.3145033422379
S4,continuous,C,2,224,192,takeoff,2833.7200949241533,2863.7200949241533,30.0,593.7200949241533
S4,continuous,C,9,224,192,landing,2925.4605800157224,3115.4605800157224,190.0,0.0
S4,continuous,C,31,225,138,takeoff,2782.787468521832,2812.787468521832,30.0,532.7874685218321
S4,continuous,C,5,225,138,landing,2890.055215835732,3080.055215835732,190.0,0.0
S4,continuous,C,30,226,149,takeoff,2399.1842022691685,2429.1842022691685,30.0,139.1842022691685
S4,continuous,C,13,226,149,landing,3544.2108656086166,3734.2108656086166,190.0,930.764438389484
S4,continuous,C,14,227,170,takeoff,2590.3352401788284,2620.3352401788284,30.0,320.33524017882837
S4,continuous,C,12,227,170,landing,2670.9098213965935,2860.9098213965935,190.0,0.0
S4,continuous,C,11,228,52,takeoff,2937.5404269714177,2967.5404269714177,30.0,657.5404269714177
S4,continuous,C,13,228,52,landing,3734.2108656086166,3924.2108656086166,190.0,606.6291057596286
S4,continuous,C,13,229,11,takeoff,2805.12709809442,2835.12709809442,30.0,515.12709809442
S4,continuous,C,6,229,11,landing,2873.824904233775,3063.824904233775,190.0,0.0
S4,continuous,C,11,230,166,takeoff,2967.5404269714177,2997.5404269714177,30.0,667.5404269714177
S4,continuous,C,30,230,166,landing,3101.1421313622777,3291.1421313622777,190.0,0.0
S4,continuous,C,25,231,34,takeoff,2470.4081186892436,2500.4081186892436,30.0,160.40811868924357
S4,continuous,C,23,231,34,landing,2529.780013623182,2719.780013623182,190.0,0.0
S4,continuous,C,13,232,79,takeoff,2835.12709809442,2865.12709809442,30.0,515.12709809442
S4,continuous,C,6,232,79,landing,3063.824904233775,3253.824904233775,190.0,160.0
S4,continuous,C,12,233,177,takeoff,2330.0,2360.0,30.0,0.0
S4,continuous,C,22,233,177,landing,2393.8379128651513,2583.8379128651513,190.0,11.973746734081487
S4,continuous,C,13,234,160,takeoff,2865.12709809442,2895.12709809442,30.0,525.12709809442
S4,continuous,C,31,234,160,landing,2975.2208090739,3165.2208090739,190.0,0.0
S4,continuous,C,16,235,153,takeoff,2561.9356276911876,2591.9356276911876,30.0,211.93562769118762
S4,continuous,C,5,235,153,landing,3080.055215835732,3270.055215835732,190.0,394.9755419587673
S4,continuous,C,0,236,73,takeoff,2360.0,2390.0,30.0,0.0
S4,continuous,C,27,236,73,landing,2534.095036428441,2724.095036428441,190.0,127.3076240488499
S4,continuous,C,14,237,197,takeoff,2620.3352401788284,2650.3352401788284,30.0,250.33524017882837
S4,continuous,C,22,237,197,landing,2786.9185111592155,2976.9185111592155,190.0,46.9668212526758
S4,continuous,C,29,238,101,takeoff,2380.0,2410.0,30.0,0.0
S4,continuous,C,3,238,101,landing,2492.382778993082,2682.382778993082,190.0,0.0
S4,continuous,C,26,239,190,takeoff,2745.6034191832305,2775.6034191832305,30.0,355.60341918323047
S4,continuous,C,6,239,190,landing,3253.824904233775,3443.824904233775,190.0,407.1632537919445
S4,continuous,C,14,240,141,takeoff,2858.018727749423,2888.018727749423,30.0,458.01872774942285
S4,continuous,C,28,240,141,landing,2956.868804477433,3146.868804477433,190.0,0.0
S4,continuous,C,7,241,182,takeoff,2499.5271792212284,2529.5271792212284,30.0,89.52717922122838
S4,continuous,C,10,241,182,landing,2801.784578908814,2991.784578908814,190.0,191.96823387343647
S4,continuous,C,27,242,20,takeoff,2724.095036428441,2754.095036428441,30.0,304.09503642844084
S4,continuous,C,2,242,20,landing,2875.1134891509496,3065.1134891509496,190.0,0.0
S4,continuous,C,7,243,125,takeoff,2529.5271792212284,2559.5271792212284,30.0,99.52717922122838
S4,continuous,C,18,243,125,landing,2613.2551089168255,2803.2551089168255,190.0,0.0
S4,continuous,C,9,244,3,takeoff,2440.0,2470.0,30.0,0.0
S4,continuous,C,6,244,3,landing,2556.3383841730824,2746.3383841730824,190.0,0.0
S4,continuous,C,15,245,50,takeoff,2478.0854751559714,2508.0854751559714,30.0,28.08547515597138
S4,continuous,C,31,245,50,landing,3165.2208090739,3355.2208090739,190.0,536.9828799968618
S4,continuous,C,25,246,48,takeoff,2500.4081186892436,2530.4081186892436,30.0,40.408118689243565
S4,continuous,C,15,246,48,landing,2882.865205370864,3072.865205370864,190.0,267.59674021707133
S4,continuous,C,16,247,164,takeoff,2591.9356276911876,2621.9356276911876,30.0,121.93562769118762
S4,continuous,C,28,247,164,landing,2679.2274457175936,2869.2274457175936,190.0,0.0
S4,continuous,C,11,248,115,takeoff,2997.5404269714177,3027.5404269714177,30.0,517.5404269714177
S4,continuous,C,25,248,115,landing,3126.8372642287777,3316.8372642287777,190.0,0.0
S4,continuous,C,3,249,167,takeoff,2682.382778993082,2712.382778993082,30.0,192.38277899308196
S4,continuous,C,30,249,167,landing,2791.609323280229,2981.609323280229,190.0,0.0
S4,continuous,C,4,250,131,takeoff,2500.0,2530.0,30.0,0.0
S4,continuous,C,7,250,131,landing,2628.8490957329223,2818.8490957329223,190.0,0.0
S4,continuous,C,19,251,55,takeoff,2820.675459589061,2850.675459589061,30.0,310.6754595890611
S4,continuous,C,29,251,55,landing,3195.3258783793203,3385.3258783793203,190.0,225.86602183811783
S4,continuous,C,19,252,174,takeoff,2850.675459589061,2880.675459589061,30.0,330.6754595890611
S4,continuous,C,7,252,174,landing,2953.5880192201466,3143.5880192201466,190.0,0.0
S4,continuous,C,13,253,114,takeoff,2895.12709809442,2925.12709809442,30.0,365.12709809442003
S4,continuous,C,3,253,114,landing,2981.3280260856754,3171.3280260856754,190.0,0.0
S4,continuous,C,14,254,18,takeoff,2888.018727749423,2918.018727749423,30.0,348.01872774942285
S4,continuous,C,15,254,18,landing,3072.865205370864,3262.865205370864,190.0,75.05940929714234
S4,continuous,C,29,255,163,takeoff,2664.2388249312535,2694.2388249312535,30.0,114.23882493125348
S4,continuous,C,7,255,163,landing,3143.5880192201466,3333.5880192201466,190.0,355.9875875924881
S4,continuous,C,15,256,152,takeoff,2560.0,2590.0,30.0,0.0
S4,continuous,C,26,256,152,landing,2775.6034191832305,2965.6034191832305,190.0,121.5691906406837
S4,continuous,C,18,257,99,takeoff,2803.2551089168255,2833.2551089168255,30.0,173.25510891682552
S4,continuous,C,29,257,99,landing,3385.3258783793203,3575.3258783793203,190.0,449.26028391860154
S4,continuous,C,25,258,128,takeoff,2580.0,2610.0,30.0,0.0
S4,continuous,C,14,258,128,landing,2918.018727749423,3108.018727749423,190.0,131.51760443801504
S4,continuous,C,9,259,137,takeoff,2590.0,2620.0,30.0,0.0
S4,continuous,C,14,259,137,landing,3108.018727749423,3298.018727749423,190.0,327.2750766061863
S4,continuous,C,2,260,84,takeoff,3065.1134891509496,3095.1134891509496,30.0,465.1134891509496
S4,continuous,C,20,260,84,landing,3208.177710897559,3398.177710897559,190.0,0.0
S4,continuous,C,7,261,105,takeoff,2818.8490957329223,2848.8490957329223,30.0,208.84909573292225
S4,continuous,C,13,261,105,landing,3924.2108656086166,4114.210865608617,190.0,909.9842355362593
S4,continuous,C,0,262,78,takeoff,2620.0,2650.0,30.0,0.0
S4,continuous,C,26,262,78,landing,2965.6034191832305,3155.6034191832305,190.0,248.23177605650744
S4,continuous,C,16,263,94,takeoff,2630.0,2660.0,30.0,0.0
S4,continuous,C,28,263,94,landing,3146.868804477433,3336.868804477433,190.0,409.5769864510271
S4,continuous,C,0,264,74,takeoff,2650.0,2680.0,30.0,10.0
S4,continuous,C,28,264,74,landing,3336.868804477433,3526.868804477433,190.0,573.1721551934538
S4,continuous,C,29,265,57,takeoff,2694.2388249312535,2724.2388249312535,30.0,44.238824931253475
S4,continuous,C,25,265,57,landing,2774.8194460035297,2964.8194460035297,190.0,0.0
S4,continuous,C,20,266,132,takeoff,2660.0,2690.0,30.0,0.0
S4,continuous,C,30,266,132,landing,3291.1421313622777,3481.1421313622777,190.0,476.6172191132382
S4,continuous,C,16,267,130,takeoff,2670.0,2700.0,30.0,0.0
S4,continuous,C,17,267,130,landing,2809.639988208687,2999.639988208687,190.0,0.0
S4,continuous,C,3,268,25,takeoff,2712.382778993082,2742.382778993082,30.0,32.382778993081956
S4,continuous,C,21,268,25,landing,2843.9034892643535,3033.9034892643535,190.0,0.0
S4,continuous,C,25,269,93,takeoff,2690.0,2720.0,30.0,0.0
S4,continuous,C,2,269,93,landing,3095.1134891509496,3285.1134891509496,190.0,204.70349545850104
S4,continuous,C,21,270,169,takeoff,3033.9034892643535,3063.9034892643535,30.0,213.90348926435354
S4,continuous,C,18,270,169,landing,3144.667102645391,3334.667102645391,190.0,0.0
S4,continuous,C,0,271,75,takeoff,2710.0,2740.0,30.0,0.0
S4,continuous,C,7,271,75,landing,3333.5880192201466,3523.5880192201466,190.0,401.84510932299145
S4,continuous,C,18,272,8,takeoff,3038.14963671078,3068.14963671078,30.0,318.1496367107802
S4,continuous,C,0,272,8,landing,3116.3195971221985,3306.3195971221985,190.0,0.0
S4,continuous,C,31,273,179,takeoff,3355.2208090739,3385.2208090739,30.0,385.2208090739
S4,continuous,C,21,273,179,landing,3510.872443641774,3700.872443641774,190.0,0.0
S4,continuous,C,22,274,21,takeoff,2976.9185111592155,3006.9185111592155,30.0,236.91851115921554
S4,continuous,C,20,274,21,landing,3398.177710897559,3588.177710897559,190.0,370.7299583844142
S4,continuous,C,17,275,4,takeoff,2750.0,2780.0,30.0,0.0
S4,continuous,C,24,275,4,landing,3355.8617767837704,3545.8617767837704,190.0,476.9950174827004
S4,continuous,C,1,276,112,takeoff,3381.000382873667,3411.000382873667,30.0,621.0003828736671
S4,continuous,C,6,276,112,landing,3473.11665260583,3663.11665260583,190.0,0.0
S4,continuous,C,12,277,3,takeoff,2860.9098213965935,2890.9098213965935,30.0,90.90982139659354
S4,continuous,C,3,277,3,landing,3171.3280260856754,3361.3280260856754,190.0,197.30236406319364
S4,continuous,C,20,278,185,takeoff,2780.0,2810.0,30.0,0.0
S4,continuous,C,2,278,185,landing,3285.1134891509496,3475.1134891509496,190.0,262.0492674043403
S4,continuous,C,17,279,104,takeoff,2999.639988208687,3029.639988208687,30.0,209.6399882086871
S4,continuous,C,11,279,104,landing,3141.61328549792,3331.61328549792,190.0,0.0
S4,continuous,C,26,280,92,takeoff,3155.6034191832305,3185.6034191832305,30.0,355.60341918323047
S4,continuous,C,23,280,92,landing,3216.289056225566,3406.289056225566,190.0,0.0
S4,continuous,C,27,281,41,takeoff,2810.0,2840.0,30.0,0.0
S4,continuous,C,24,281,41,landing,3545.8617767837704,3735.8617767837704,190.0,574.719032249403
S4,continuous,C,26,282,69,takeoff,3185.6034191832305,3215.6034191832305,30.0,365.60341918323047
S4,continuous,C,7,282,69,landing,3523.5880192201466,3713.5880192201466,190.0,172.22998615725146
S4,continuous,C,0,283,56,takeoff,2830.0,2860.0,30.0,0.0
S4,continuous,C,6,283,56,landing,3663.11665260583,3853.11665260583,190.0,717.401033191119
S4,continuous,C,25,284,144,takeoff,2964.8194460035297,2994.8194460035297,30.0,124.81944600352972
S4,continuous,C,28,284,144,landing,3526.868804477433,3716.868804477433,190.0,394.8228485950531
S4,continuous,C,25,285,23,takeoff,2994.8194460035297,3024.8194460035297,30.0,144.81944600352972
S4,continuous,C,8,285,23,landing,3043.3527969884517,3233.3527969884517,190.0,0.0
S4,continuous,C,1,286,1,takeoff,3411.000382873667,3441.000382873667,30.0,551.0003828736671
S4,continuous,C,19,286,1,landing,3533.3327049557456,3723.3327049557456,190.0,0.0
S4,continuous,C,3,287,85,takeoff,2870.0,2900.0,30.0,0.0
S4,continuous,C,30,287,85,landing,3481.1421313622777,3671.1421313622777,190.0,441.9155870751306
S4,continuous,C,4,288,65,takeoff,2940.0,2970.0,30.0,0.0
S4,continuous,C,21,288,65,landing,3111.786359453633,3301.786359453633,190.0,0.0
S4,continuous,C,13,289,198,takeoff,4114.210865608617,4144.210865608617,30.0,1164.2108656086166
S4,continuous,C,2,289,198,landing,4213.117870269978,4403.117870269978,190.0,0.0
S4,continuous,C,29,290,187,takeoff,3575.3258783793203,3605.3258783793203,30.0,555.3258783793203
S4,continuous,C,2,290,187,landing,3679.9351677221725,3869.9351677221725,190.0,0.0
S4,continuous,C,14,291,36,takeoff,3298.018727749423,3328.018727749423,30.0,388.01872774942285
S4,continuous,C,5,291,36,landing,3392.3353626426565,3582.3353626426565,190.0,0.0
S4,continuous,C,13,292,170,takeoff,4144.210865608617,4174.210865608617,30.0,1164.2108656086166
S4,continuous,C,21,292,170,landing,4186.572619419998,4376.572619419998,190.0,0.0
S4,continuous,C,2,293,68,takeoff,3475.1134891509496,3505.1134891509496,30.0,545.1134891509496
S4,continuous,C,3,293,68,landing,3566.6765458932546,3756.6765458932546,190.0,0.0
S4,continuous,C,16,294,113,takeoff,3180.0,3210.0,30.0,0.0
S4,continuous,C,13,294,113,landing,4174.210865608617,4364.210865608617,190.0,810.9985497872376
S4,continuous,C,28,295,119,takeoff,3716.868804477433,3746.868804477433,30.0,766.8688044774331
S4,continuous,C,12,295,119,landing,3822.4612663683347,4012.4612663683347,190.0,0.0
S4,continuous,C,6,296,156,takeoff,3853.11665260583,3883.11665260583,30.0,893.11665260583
S4,continuous,C,14,296,156,landing,3976.827085882696,4166.827085882696,190.00000000000045,0.0
S4,continuous,C,6,297,108,takeoff,3883.11665260583,3913.11665260583,30.0,913.11665260583
S4,continuous,C,9,297,108,landing,3999.4550367789125,4189.4550367789125,190.0,0.0
S4,continuous,C,29,298,188,takeoff,3605.3258783793203,3635.3258783793203,30.0,625.3258783793203
S4,continuous,C,18,298,188,landing,3678.1363639232136,3868.1363639232136,190.0,0.0
S4,continuous,C,16,299,47,takeoff,3108.333586480095,3138.333586480095,30.0,118.33358648009516
S4,continuous,C,5,299,47,landing,3582.3353626426565,3772.3353626426565,190.0,350.8577299767844
S4,continuous,C,17,300,174,takeoff,3029.639988208687,3059.639988208687,30.0,29.6399882086871
S4,continuous,C,21,300,174,landing,3301.786359453633,3491.786359453633,190.0,86.41559452079628
S4,continuous,C,18,301,53,takeoff,3068.14963671078,3098.14963671078,30.0,58.149636710780214
S4,continuous,C,7,301,53,landing,3713.5880192201466,3903.5880192201466,190.0,461.7104528137688
S4,continuous,C,15,302,38,takeoff,3262.865205370864,3292.865205370864,30.0,242.8652053708638
S4,continuous,C,17,302,38,landing,3366.01885794159,3556.01885794159,190.0,0.0
S4,continuous,C,14,303,123,takeoff,3328.018727749423,3358.018727749423,30.0,298.01872774942285
S4,continuous,C,12,303,123,landing,3408.593308967188,3598.593308967188,190.0,0.0
S4,continuous,C,24,304,81,takeoff,3735.8617767837704,3765.8617767837704,30.0,695.8617767837704
S4,continuous,C,23,304,81,landing,3830.5897085869587,4020.5897085869587,190.0,0.0
S4,continuous,C,22,305,192,takeoff,3050.0,3080.0,30.0,0.0
S4,continuous,C,26,305,192,landing,3215.6034191832305,3405.6034191832305,190.0,117.03795785654074
S4,continuous,C,26,306,129,takeoff,3405.6034191832305,3435.6034191832305,30.0,345.60341918323047
S4,continuous,C,29,306,129,landing,3635.3258783793203,3825.3258783793203,190.0,131.43704931460888
S4,continuous,C,14,307,193,takeoff,3358.018727749423,3388.018727749423,30.0,288.01872774942285
S4,continuous,C,21,307,193,landing,3700.872443641774,3890.872443641774,190.0,186.87620504471124
S4,continuous,C,14,308,120,takeoff,3388.018727749423,3418.018727749423,30.0,308.01872774942285
S4,continuous,C,1,308,120,landing,3500.0107003020007,3690.0107003020007,190.0,0.0
S4,continuous,C,13,309,78,takeoff,4364.210865608617,4394.210865608617,30.0,1274.2108656086166
S4,continuous,C,31,309,78,landing,4474.304576588096,4664.304576588096,190.0,0.0
S4,continuous,C,8,310,86,takeoff,3233.3527969884517,3263.3527969884517,30.0,133.3527969884517
S4,continuous,C,24,310,86,landing,3765.8617767837704,3955.8617767837704,190.0,367.22829531175967
S4,continuous,C,17,311,0,takeoff,3110.0,3140.0,30.0,0.0
S4,continuous,C,3,311,0,landing,3361.3280260856754,3551.3280260856754,190.0,130.2520758546625
S4,continuous,C,18,312,189,takeoff,3334.667102645391,3364.667102645391,30.0,214.66710264539097
S4,continuous,C,22,312,189,landing,3383.986779922862,3573.986779922862,190.0,0.0
S4,continuous,C,15,313,138,takeoff,3292.865205370864,3322.865205370864,30.0,162.8652053708638
S4,continuous,C,9,313,138,landing,3408.092466663494,3598.092466663494,190.0,0.0
S4,continuous,C,22,314,102,takeoff,3200.0,3230.0,30.0,0.0
S4,continuous,C,31,314,102,landing,3399.0322511832496,3589.0322511832496,190.0,0.0
S4,continuous,C,2,315,32,takeoff,3505.1134891509496,3535.1134891509496,30.0,355.1134891509496
S4,continuous,C,1,315,32,landing,3690.0107003020007,3880.0107003020007,190.0,64.56262069625836
S4,continuous,C,26,316,169,takeoff,3435.6034191832305,3465.6034191832305,30.0,275.60341918323047
S4,continuous,C,15,316,169,landing,3529.6376477257772,3719.6376477257772,190.0,0.0
S4,continuous,C,0,317,164,takeoff,3306.3195971221985,3336.3195971221985,30.0,136.3195971221985
S4,continuous,C,20,317,164,landing,3588.177710897559,3778.177710897559,190.0,178.06298569241835
S4,continuous,C,3,318,8,takeoff,3756.6765458932546,3786.6765458932546,30.0,576.6765458932546
S4,continuous,C,21,318,8,landing,3890.872443641774,4080.872443641774,190.0,2.6751874772480733
S4,continuous,C,2,319,186,takeoff,3535.1134891509496,3565.1134891509496,30.0,345.1134891509496
S4,continuous,C,9,319,186,landing,3626.8539742425187,3816.8539742425187,190.0,0.0
S4,continuous,C,28,320,137,takeoff,3746.868804477433,3776.868804477433,30.0,546.8688044774331
S4,continuous,C,15,320,137,landing,3837.187298426924,4027.187298426924,190.0,0.0
S4,continuous,C,29,321,12,takeoff,3825.3258783793203,3855.3258783793203,30.0,615.3258783793203
S4,continuous,C,1,321,12,landing,3880.0107003020007,4070.0107003020007,190.0,16.142079649874177
S4,continuous,C,16,322,125,takeoff,3220.0,3250.0,30.0,0.0
S4,continuous,C,17,322,125,landing,3556.01885794159,3746.01885794159,190.0,196.37886973290279
S4,continuous,C,26,323,87,takeoff,3465.6034191832305,3495.6034191832305,30.0,235.60341918323047
S4,continuous,C,25,323,87,landing,3533.687860395303,3723.687860395303,190.0,0.0
S4,continuous,C,28,324,168,takeoff,3776.868804477433,3806.868804477433,30.0,536.8688044774331
S4,continuous,C,29,324,168,landing,3857.2146917929094,4047.2146917929094,190.0,0.0
S4,continuous,C,2,325,22,takeoff,3565.1134891509496,3595.1134891509496,30.0,315.1134891509496
S4,continuous,C,0,325,22,landing,3673.2271435665566,3863.2271435665566,190.0,0.0
S4,continuous,C,1,326,37,takeoff,4070.0107003020007,4100.010700302,29.999999999999545,570.0107003020007
S4,continuous,C,4,326,37,landing,4157.610917140116,4347.610917140116,190.0,0.0
S4,continuous,C,13,327,115,takeoff,4394.210865608617,4424.210865608617,30.0,1124.2108656086166
S4,continuous,C,17,327,115,landing,4474.587577834539,4664.587577834539,190.0,0.0
S4,continuous,C,31,328,42,takeoff,3589.0322511832496,3619.0322511832496,30.0,309.0322511832496
S4,continuous,C,24,328,42,landing,3955.8617767837704,4145.86177678377,190.0,234.6935025225148
S4,continuous,C,24,329,106,takeoff,4145.86177678377,4175.86177678377,30.0,855.8617767837704
S4,continuous,C,28,329,106,landing,4254.966323692161,4444.966323692161,190.0,0.0
S4,continuous,C,11,330,121,takeoff,3331.61328549792,3361.61328549792,30.0,31.61328549792006
S4,continuous,C,15,330,121,landing,4027.187298426924,4217.187298426924,190.0,567.0232797055678
S4,continuous,C,30,331,50,takeoff,3671.1421313622777,3701.1421313622777,30.0,361.1421313622777
S4,continuous,C,14,331,50,landing,3778.91483236269,3968.91483236269,190.0,0.0
S4,continuous,C,6,332,139,takeoff,3913.11665260583,3943.11665260583,30.0,593.11665260583
S4,continuous,C,4,332,139,landing,4347.610917140116,4537.610917140116,190.0,330.9576051242393
S4,continuous,C,0,333,51,takeoff,3336.3195971221985,3366.3195971221985,30.0,6.319597122198502
S4,continuous,C,1,333,51,landing,4100.010700302,4290.010700302,190.0,707.0052236483725
S4,continuous,C,23,334,25,takeoff,3406.289056225566,3436.289056225566,30.0,66.28905622556613
S4,continuous,C,13,334,25,landing,4424.210865608617,4614.210865608617,190.0,823.8160715147496
S4,continuous,C,26,335,98,takeoff,3495.6034191832305,3525.6034191832305,30.0,145.60341918323047
S4,continuous,C,0,335,98,landing,3863.2271435665566,4053.2271435665566,190.0,270.2520812566031
S4,continuous,C,7,336,150,takeoff,3903.5880192201466,3933.5880192201466,30.0,543.5880192201466
S4,continuous,C,1,336,150,landing,4290.010700302,4480.010700302,190.0,229.32440775719942
S4,continuous,C,17,337,111,takeoff,3746.01885794159,3776.01885794159,30.0,376.0188579415899
S4,continuous,C,13,337,111,landing,4614.210865608617,4804.210865608617,190.0,687.8152954411044
S4,continuous,C,19,338,49,takeoff,3380.0,3410.0,30.0,0.0
S4,continuous,C,26,338,49,landing,3546.381604215033,3736.381604215033,190.0,0.0
S4,continuous,C,20,339,83,takeoff,3778.177710897559,3808.177710897559,30.0,388.1777108975589
S4,continuous,C,7,339,83,landing,3933.5880192201466,4123.588019220147,190.0,47.28513700745589
S4,continuous,C,24,340,7,takeoff,4175.86177678377,4205.86177678377,30.0,775.8617767837704
S4,continuous,C,8,340,7,landing,4250.865568688768,4440.865568688768,190.0,0.0
S4,continuous,C,8,341,101,takeoff,3410.0,3440.0,30.0,0.0
S4,continuous,C,13,341,101,landing,4804.210865608617,4994.210865608617,190.0,1247.383062659052
S4,continuous,C,5,342,18,takeoff,3772.3353626426565,3802.3353626426565,30.0,352.3353626426565
S4,continuous,C,3,342,18,landing,3864.332250982399,4054.332250982399,190.0,0.0
S4,continuous,C,18,343,182,takeoff,3430.0,3460.0,30.0,0.0
S4,continuous,C,26,343,182,landing,3736.381604215033,3926.381604215033,190.0,158.7294069345171
S4,continuous,C,19,344,58,takeoff,3440.0,3470.0,30.0,0.0
S4,continuous,C,12,344,58,landing,3598.593308967188,3788.593308967188,190.0,118.67809677035393
S4,continuous,C,18,345,27,takeoff,3460.0,3490.0,30.0,10.0
S4,continuous,C,14,345,27,landing,3548.5320017554104,3738.5320017554104,190.0,0.0
S4,continuous,C,18,346,45,takeoff,3490.0,3520.0,30.0,30.0
S4,continuous,C,27,346,45,landing,3547.7131246954646,3737.7131246954646,190.0,0.0
S4,continuous,C,31,347,65,takeoff,3619.0322511832496,3649.0322511832496,30.0,149.03225118324963
S4,continuous,C,0,347,65,landing,4053.2271435665566,4243.227143566557,190.00000000000045,279.56008301922793
S4,continuous,C,18,348,55,takeoff,3520.0,3550.0,30.0,40.0
S4,continuous,C,1,348,55,landing,4480.010700302,4670.010700302,190.0,813.7093617130695
S4,continuous,C,10,349,157,takeoff,3610.0,3640.0,30.0,0.0
S4,continuous,C,5,349,157,landing,3824.4964760509256,4014.4964760509256,190.0,0.0
S4,continuous,C,24,350,57,takeoff,4205.86177678377,4235.86177678377,30.0,705.8617767837704
S4,continuous,C,25,350,57,landing,4277.806576508923,4467.806576508923,190.0,0.0
S4,continuous,C,13,351,167,takeoff,4994.210865608617,5024.210865608617,30.0,1484.2108656086166
S4,continuous,C,17,351,167,landing,5074.587577834539,5264.587577834539,190.0,0.0
S4,continuous,C,8,352,85,takeoff,3520.0,3550.0,30.0,0.0
S4,continuous,C,16,352,85,landing,3593.2316969826397,3783.2316969826397,190.0,0.0
S4,continuous,C,28,353,138,takeoff,3806.868804477433,3836.868804477433,30.0,276.86880447743306
S4,continuous,C,31,353,138,landing,3929.5810843973018,4119.581084397301,189.99999999999955,0.0
S4,continuous,C,1,354,92,takeoff,4670.010700302,4700.010700302,30.0,1130.0107003020003
S4,continuous,C,7,354,92,landing,4787.108973626654,4977.108973626654,190.0,0.0
S4,continuous,C,29,355,64,takeoff,4047.2146917929094,4077.2146917929094,30.0,497.21469179290943
S4,continuous,C,12,355,64,landing,4143.380746548638,4333.380746548638,190.0,0.0
S4,continuous,C,25,356,15,takeoff,3723.687860395303,3753.687860395303,30.0,163.68786039530278
S4,continuous,C,3,356,15,landing,4054.332250982399,4244.332250982399,190.00000000000045,203.56625104905015
S4,continuous,C,8,357,134,takeoff,3570.0,3600.0,30.0,0.0
S4,continuous,C,18,357,134,landing,3868.1363639232136,4058.1363639232136,190.0,229.84971673753535
S4,continuous,C,6,358,159,takeoff,3943.11665260583,3973.11665260583,30.0,363.11665260583004
S4,continuous,C,0,358,159,landing,4243.227143566557,4433.227143566557,190.0,184.39487154601602
S4,continuous,C,26,359,117,takeoff,3926.381604215033,3956.381604215033,30.0,336.3816042150329
S4,continuous,C,15,359,117,landing,4217.187298426924,4407.187298426924,190.0,156.77146566934425
S4,continuous,C,12,360,194,takeoff,4012.4612663683347,4042.4612663683347,30.0,172.4612663683347
S4,continuous,C,21,360,194,landing,4376.572619419998,4566.572619419998,190.0,149.9948619624638
S4,continuous,C,30,361,123,takeoff,3701.1421313622777,3731.1421313622777,30.0,91.14213136227772
S4,continuous,C,25,361,123,landing,3789.4180296760283,3979.4180296760283,190.0,0.0
S4,continuous,C,8,362,131,takeoff,3620.0,3650.0,30.0,0.0
S4,continuous,C,27,362,131,landing,3737.7131246954646,3927.7131246954646,190.0,75.72565063068896
S4,continuous,C,11,363,185,takeoff,3630.0,3660.0,30.0,0.0
S4,continuous,C,6,363,185,landing,3973.11665260583,4163.11665260583,189.99999999999955,186.54921992924892
S4,continuous,C,10,364,26,takeoff,3640.0,3670.0,30.0,0.0
S4,continuous,C,12,364,26,landing,4333.380746548638,4523.380746548638,190.0,593.115144855456
S4,continuous,C,16,365,93,takeoff,3783.2316969826397,3813.2316969826397,30.0,133.23169698263973
S4,continuous,C,25,365,93,landing,3979.4180296760283,4169.418029676028,189.99999999999955,87.45987086454898
S4,continuous,C,31,366,107,takeoff,3660.0,3690.0,30.0,0.0
S4,continuous,C,14,366,107,landing,4166.827085882696,4356.827085882696,190.0,391.44818298212977
S4,continuous,C,16,367,120,takeoff,3813.2316969826397,3843.2316969826397,30.0,143.23169698263973
S4,continuous,C,29,367,120,landing,4077.2146917929094,4267.214691792909,190.0,175.0487278158039
S4,continuous,C,18,368,103,takeoff,4058.1363639232136,4088.1363639232136,30.0,378.1363639232136
S4,continuous,C,4,368,103,landing,4537.610917140116,4727.610917140116,190.0,379.85381462675196
S4,continuous,C,9,369,160,takeoff,3816.8539742425187,3846.8539742425187,30.0,126.85397424251869
S4,continuous,C,16,369,160,landing,3930.976276589068,4120.976276589068,190.0,0.0
S4,continuous,C,16,370,35,takeoff,3880.0,3910.0,30.0,0.0
S4,continuous,C,18,370,35,landing,4091.2765036307856,4281.276503630786,190.0,0.0
S4,continuous,C,26,371,163,takeoff,3956.381604215033,3986.381604215033,30.0,246.3816042150329
S4,continuous,C,14,371,163,landing,4356.827085882696,4546.827085882696,190.0,232.48710272313383
S4,continuous,C,3,372,48,takeoff,4244.332250982399,4274.332250982399,30.0,404.3322509823993
S4,continuous,C,22,372,48,landing,4331.852334716748,4521.852334716748,190.0,0.0
S4,continuous,C,18,373,39,takeoff,4281.276503630786,4311.276503630786,30.0,551.2765036307856
S4,continuous,C,0,373,39,landing,4433.227143566557,4623.227143566557,190.0,73.78067952435322
S4,continuous,C,17,374,16,takeoff,3776.01885794159,3806.01885794159,30.0,36.018857941589886
S4,continuous,C,23,374,16,landing,4020.5897085869587,4210.589708586958,189.99999999999955,179.8631968932068
S4,continuous,C,8,375,143,takeoff,3750.0,3780.0,30.0,0.0
S4,continuous,C,14,375,143,landing,4546.827085882696,4736.827085882696,190.0,649.1859577820542
S4,continuous,C,5,376,28,takeoff,4014.4964760509256,4044.4964760509256,30.0,254.4964760509256
S4,continuous,C,4,376,28,landing,4727.610917140116,4917.610917140116,190.0,568.2711108820777
S4,continuous,C,9,377,142,takeoff,3846.8539742425187,3876.8539742425187,30.0,76.85397424251869
S4,continuous,C,5,377,142,landing,4059.2680347134965,4249.2680347134965,190.0,0.0
S4,continuous,C,29,378,31,takeoff,4267.214691792909,4297.214691792909,30.0,487.21469179290943
S4,continuous,C,14,378,31,landing,4736.827085882696,4926.827085882696,190.0,292.9615872502836
S4,continuous,C,7,379,116,takeoff,4123.588019220147,4153.588019220147,30.0,333.58801922014663
S4,continuous,C,2,379,116,landing,4403.117870269978,4593.117870269978,190.0,144.54082185251536
S4,continuous,C,2,380,179,takeoff,3869.9351677221725,3899.9351677221725,30.0,69.93516772217254
S4,continuous,C,15,380,179,landing,4407.187298426924,4597.187298426924,190.0,359.4074985779407
S4,continuous,C,17,381,112,takeoff,3870.0,3900.0,30.0,0.0
S4,continuous,C,26,381,112,landing,4043.068066228062,4233.068066228062,190.0,0.0
S4,continuous,C,22,382,109,takeoff,3820.0,3850.0,30.0,0.0
S4,continuous,C,4,382,109,landing,3864.851470262073,4054.851470262073,190.0,0.0
S4,continuous,C,21,383,187,takeoff,4080.872443641774,4110.872443641774,30.0,250.87244364177423
S4,continuous,C,8,383,187,landing,4440.865568688768,4630.865568688768,190.0,267.98095088792525
S4,continuous,C,18,384,56,takeoff,4311.276503630786,4341.276503630786,30.0,471.27650363078556
S4,continuous,C,9,384,56,landing,4392.380684553779,4582.380684553779,190.0,0.0
S4,continuous,C,3,385,173,takeoff,4274.332250982399,4304.332250982399,30.0,424.3322509823993
S4,continuous,C,25,385,173,landing,4467.806576508923,4657.806576508923,190.0,86.39618598847755
S4,continuous,C,20,386,164,takeoff,4040.0,4070.0,30.0,0.0
S4,continuous,C,24,386,164,landing,4262.375149568,4452.375149568,190.0,0.0
S4,continuous,C,29,387,132,takeoff,4297.214691792909,4327.214691792909,30.0,427.21469179290943
S4,continuous,C,10,387,132,landing,4393.341856103449,4583.341856103449,190.0,0.0
S4,continuous,C,23,388,61,takeoff,4210.589708586958,4240.589708586958,30.0,330.5897085869583
S4,continuous,C,27,388,61,landing,4297.434676721107,4487.434676721107,190.0,0.0
S4,continuous,C,12,389,87,takeoff,4523.380746548638,4553.380746548638,30.0,393.38074654863794
S4,continuous,C,4,389,87,landing,4917.610917140116,5107.610917140116,190.0,232.80723966392907
S4,continuous,C,12,390,122,takeoff,4042.4612663683347,4072.4612663683347,30.0,142.4612663683347
S4,continuous,C,31,390,122,landing,4119.581084397301,4309.581084397301,190.0,3.9691576489976796
S4,continuous,C,1,391,34,takeoff,4700.010700302,4730.010700302,30.0,790.0107003020003
S4,continuous,C,17,391,34,landing,4803.779085128395,4993.779085128395,190.0,0.0
S4,continuous,C,25,392,126,takeoff,4169.418029676028,4199.418029676028,30.0,249.4180296760278
S4,continuous,C,8,392,126,landing,4630.865568688768,4820.865568688768,190.0,382.63729544925536
S4,continuous,C,29,393,119,takeoff,4327.214691792909,4357.214691792909,30.0,397.21469179290943
S4,continuous,C,23,393,119,landing,4409.1878430832185,4599.1878430832185,190.0,0.0
S4,continuous,C,21,394,6,takeoff,4110.872443641774,4140.872443641774,30.0,170.87244364177423
S4,continuous,C,1,394,6,landing,4730.010700302,4920.010700302,190.0,482.4531057756785
S4,continuous,C,16,395,186,takeoff,4120.976276589068,4150.976276589068,30.0,170.97627658906822
S4,continuous,C,15,395,186,landing,4597.187298426924,4787.187298426924,190.0,374.0943904163896
S4,continuous,C,2,396,5,takeoff,3960.0,3990.0,30.0,0.0
S4,continuous,C,4,396,5,landing,5107.610917140116,5297.610917140116,190.0,936.4837181602925
S4,continuous,C,8,397,191,takeoff,4090.0,4120.0,30.0,0.0
S4,continuous,C,24,397,191,landing,4452.375149568,4642.375149568,190.0,177.09446508444034
S4,continuous,C,31,398,172,takeoff,4309.581084397301,4339.581084397301,30.0,329.5810843973013
S4,continuous,C,22,398,172,landing,4521.852334716748,4711.852334716748,190.0,125.53139475414719
S4,continuous,C,9,399,62,takeoff,4189.4550367789125,4219.4550367789125,30.0,199.45503677891247
S4,continuous,C,22,399,62,landing,4711.852334716748,4901.852334716748,190.0,439.2140506666474
S4,continuous,C,3,400,66,takeoff,4304.332250982399,4334.332250982399,30.0,304.3322509823993
S4,continuous,C,22,400,66,landing,4901.852334716748,5091.852334716748,190.0,477.7076043820516
S4,continuous,C,15,401,151,takeoff,4787.187298426924,4817.187298426924,30.0,777.1872984269239
S4,continuous,C,29,401,151,landing,4817.893480358444,5007.893480358444,190.0,0.0
S4,continuous,C,11,402,88,takeoff,4020.0,4050.0,30.0,0.0
S4,continuous,C,13,402,88,landing,5024.210865608617,5214.210865608617,190.0,814.1695327310463
S4,continuous,C,12,403,148,takeoff,4553.380746548638,4583.380746548638,30.0,403.38074654863794
S4,continuous,C,18,403,148,landing,4624.931383173949,4814.931383173949,190.0,0.0
S4,continuous,C,12,404,196,takeoff,4072.4612663683347,4102.461266368335,30.0,32.46126636833469
S4,continuous,C,5,404,196,landing,4249.2680347134965,4439.2680347134965,190.0,88.23874219991558
S4,continuous,C,9,405,123,takeoff,4219.4550367789125,4249.4550367789125,30.0,169.45503677891247
S4,continuous,C,10,405,123,landing,4583.341856103449,4773.341856103449,190.0,265.0355206425793
S4,continuous,C,23,406,58,takeoff,4240.589708586958,4270.589708586958,30.0,180.5897085869583
S4,continuous,C,9,406,58,landing,4582.380684553779,4772.380684553779,190.0,230.6416822475676
S4,continuous,C,23,407,177,takeoff,4270.589708586958,4300.589708586958,30.0,200.5897085869583
S4,continuous,C,1,407,177,landing,4920.010700302,5110.010700302,190.0,470.4289464970443
S4,continuous,C,30,408,43,takeoff,4140.0,4170.0,30.0,0.0
S4,continuous,C,6,408,43,landing,4250.955373083228,4440.955373083228,190.0,0.0
S4,continuous,C,11,409,3,takeoff,4090.0,4120.0,30.0,0.0
S4,continuous,C,26,409,3,landing,4233.068066228062,4423.068066228062,190.0,0.4581655228721502
S4,continuous,C,5,410,178,takeoff,4439.2680347134965,4469.2680347134965,30.0,339.2680347134965
S4,continuous,C,18,410,178,landing,4814.931383173949,5004.931383173949,190.0,281.096737362137
S4,continuous,C,10,411,104,takeoff,4110.0,4140.0,30.0,0.0
S4,continuous,C,14,411,104,landing,4926.827085882696,5116.827085882696,190.0,616.6408138687157
S4,continuous,C,21,412,184,takeoff,4140.872443641774,4170.872443641774,30.0,20.872443641774225
S4,continuous,C,18,412,184,landing,4341.276503630786,4531.276503630786,190.0,69.64044660797299
S4,continuous,C,23,413,1,takeoff,4300.589708586958,4330.589708586958,30.0,170.5897085869583
S4,continuous,C,31,413,1,landing,4664.304576588096,4854.304576588096,190.0,216.55601412323085
S4,continuous,C,30,414,141,takeoff,4170.0,4200.0,30.0,30.0
S4,continuous,C,28,414,141,landing,4444.966323692161,4634.966323692161,190.0,160.36973152586324
S4,continuous,C,10,415,63,takeoff,4150.0,4180.0,30.0,0.0
S4,continuous,C,8,415,63,landing,4820.865568688768,5010.865568688768,190.0,548.0974672256198
S4,continuous,C,16,416,199,takeoff,4160.0,4190.0,30.0,0.0
S4,continuous,C,0,416,199,landing,4623.227143566557,4813.227143566557,190.0,377.92163976767733
S4,continuous,C,22,417,128,takeoff,5091.852334716748,5121.852334716748,30.0,741.8523347167484
S4,continuous,C,24,417,128,landing,5138.588340784027,5328.588340784027,190.0,0.0
S4,continuous,C,11,418,2,takeoff,4180.0,4210.0,30.0,0.0
S4,continuous,C,30,418,2,landing,4313.6017043908605,4503.6017043908605,190.0,0.0
S4,continuous,C,16,419,84,takeoff,4190.0,4220.0,30.0,0.0
S4,continuous,C,25,419,84,landing,4657.806576508923,4847.806576508923,190.0,339.0801146800841
S4,continuous,C,0,420,114,takeoff,4813.227143566557,4843.227143566557,30.0,613.2271435665571
S4,continuous,C,1,420,114,landing,5110.010700302,5300.010700302,190.0,180.09767720401396
S4,continuous,C,5,421,195,takeoff,4469.2680347134965,4499.2680347134965,30.0,259.2680347134965
S4,continuous,C,20,421,195,landing,4585.995462856974,4775.995462856974,190.0,0.0
S4,continuous,C,10,422,64,takeoff,4220.0,4250.0,30.0,0.0
S4,continuous,C,31,422,64,landing,4854.304576588096,5044.304576588096,190.0,498.5327321136656
S4,continuous,C,30,423,121,takeoff,4503.6017043908605,4533.6017043908605,30.0,213.6017043908605
S4,continuous,C,26,423,121,landing,4615.600528699427,4805.600528699427,190.0,0.0
S4,continuous,C,24,424,13,takeoff,4642.375149568,4672.375149568,30.0,402.37514956799987
S4,continuous,C,13,424,13,landing,5214.210865608617,5404.210865608617,190.0,363.2865003309271
S4,continuous,C,15,425,180,takeoff,4817.187298426924,4847.187298426924,30.0,567.1872984269239
S4,continuous,C,4,425,180,landing,5297.610917140116,5487.610917140116,190.0,273.0943566810038
S4,continuous,C,29,426,176,takeoff,4357.214691792909,4387.214691792909,30.0,97.21469179290943
S4,continuous,C,27,426,176,landing,4487.434676721107,4677.434676721107,190.0,80.78146354957062
S4,continuous,C,14,427,89,takeoff,5116.827085882696,5146.827085882696,30.0,846.8270858826963
S4,continuous,C,15,427,89,landing,5226.6141542069945,5416.6141542069945,190.0,0.0
S4,continuous,C,1,428,68,takeoff,5300.010700302,5330.010700302,30.0,1020.0107003020003
S4,continuous,C,27,428,68,landing,5363.38014831879,5553.38014831879,190.0,0.0
S4,continuous,C,8,429,19,takeoff,5010.865568688768,5040.865568688768,30.0,720.8655686887678
S4,continuous,C,2,429,19,landing,5109.503997613226,5299.503997613226,190.0,0.0
S4,continuous,C,29,430,95,takeoff,4387.214691792909,4417.214691792909,30.0,87.21469179290943
S4,continuous,C,30,430,95,landing,4533.6017043908605,4723.6017043908605,190.0,44.45105548005813
S4,continuous,C,6,431,93,takeoff,4440.955373083228,4470.955373083228,30.0,130.95537308322764
S4,continuous,C,16,431,93,landing,4551.963264687473,4741.963264687473,190.0,0.0
S4,continuous,C,5,432,153,takeoff,4499.2680347134965,4529.2680347134965,30.0,179.2680347134965
S4,continuous,C,18,432,153,landing,5004.931383173949,5194.931383173949,190.0,391.096737362137
S4,continuous,C,27,433,183,takeoff,4677.434676721107,4707.434676721107,30.0,347.4346767211073
S4,continuous,C,7,433,183,landing,4977.108973626654,5167.108973626654,190.0,187.80637717872924
S4,continuous,C,19,434,113,takeoff,4640.0,4670.0,30.0,0.0
S4,continuous,C,0,434,113,landing,4866.939941445905,5056.939941445905,190.0,0.0
S4,continuous,C,9,435,18,takeoff,4772.380684553779,4802.380684553779,30.0,362.38068455377925
S4,continuous,C,12,435,18,landing,4817.746352078994,5007.746352078994,190.0,0.0
S4,continuous,C,28,436,107,takeoff,4634.966323692161,4664.966323692161,30.0,274.9663236921606
S4,continuous,C,27,436,107,landing,4720.650513050304,4910.650513050304,190.0,0.0
S4,continuous,C,16,437,155,takeoff,4370.0,4400.0,30.0,0.0
S4,continuous,C,7,437,155,landing,4495.751423714409,4685.751423714409,190.0,0.0
S4,continuous,C,30,438,164,takeoff,4723.6017043908605,4753.6017043908605,30.0,343.6017043908605
S4,continuous,C,21,438,164,landing,4863.482111470475,5053.482111470475,190.0,0.0
S4,continuous,C,5,439,79,takeoff,4529.2680347134965,4559.2680347134965,30.0,139.2680347134965
S4,continuous,C,30,439,79,landing,4753.6017043908605,4943.6017043908605,190.0,106.08131849350684
S4,continuous,C,16,440,192,takeoff,4400.0,4430.0,30.0,0.0
S4,continuous,C,22,440,192,landing,5121.852334716748,5311.852334716748,190.0,579.98652790696
S4,continuous,C,23,441,91,takeoff,4599.1878430832185,4629.1878430832185,30.0,189.18784308321847
S4,continuous,C,4,441,91,landing,5487.610917140116,5677.610917140116,190.0,681.3788034520749
S4,continuous,C,27,442,37,takeoff,4910.650513050304,4940.650513050304,30.0,490.65051305030374
S4,continuous,C,11,442,37,landing,4999.99506506633,5189.99506506633,190.0,0.0
S4,continuous,C,29,443,15,takeoff,4430.0,4460.0,30.0,0.0
S4,continuous,C,1,443,15,landing,5330.010700302,5520.010700302,190.0,741.467958029194
S4,continuous,C,21,444,127,takeoff,4620.0,4650.0,30.0,0.0
S4,continuous,C,11,444,127,landing,4754.854228069249,4944.854228069249,190.0,0.0
S4,continuous,C,18,445,67,takeoff,5194.931383173949,5224.931383173949,30.0,564.9313831739491
S4,continuous,C,0,445,67,landing,5273.101343585367,5463.101343585367,190.0,0.0
S4,continuous,C,11,446,59,takeoff,4460.0,4490.0,30.0,0.0
S4,continuous,C,14,446,59,landing,5146.827085882696,5336.827085882696,190.0,466.90183725705356
S4,continuous,C,6,447,16,takeoff,4470.955373083228,4500.955373083228,30.0,0.9553730832276415
S4,continuous,C,4,447,16,landing,5677.610917140116,5867.610917140116,190.0,1003.1188846468413
S4,continuous,C,9,448,108,takeoff,4802.380684553779,4832.380684553779,30.0,322.38068455377925
S4,continuous,C,25,448,108,landing,4890.524477276045,5080.524477276045,190.0,0.0
S4,continuous,C,0,449,138,takeoff,5056.939941445905,5086.939941445905,30.0,566.9399414459049
S4,continuous,C,8,449,138,landing,5100.527231197197,5290.527231197197,190.0,0.0
S4,continuous,C,22,450,105,takeoff,5311.852334716748,5341.852334716748,30.0,811.8523347167484
S4,continuous,C,18,450,105,landing,5353.4644076121685,5543.4644076121685,190.0,0.0
S4,continuous,C,4,451,12,takeoff,5867.610917140116,5897.610917140116,30.0,1357.6109171401158
S4,continuous,C,24,451,12,landing,5948.840045595166,6138.840045595166,190.0,0.0
S4,continuous,C,5,452,144,takeoff,4559.2680347134965,4589.2680347134965,30.0,39.26803471349649
S4,continuous,C,3,452,144,landing,4651.264923053239,4841.264923053239,190.0,0.0
S4,continuous,C,9,453,44,takeoff,4832.380684553779,4862.380684553779,30.0,302.38068455377925
S4,continuous,C,14,453,44,landing,5336.827085882696,5526.827085882696,190.0,433.702750185681
S4,continuous,C,3,454,96,takeoff,4841.264923053239,4871.264923053239,30.0,181.26492305323882
S4,continuous,C,15,454,96,landing,4946.677553459217,5136.677553459217,190.0,0.0
S4,continuous,C,21,455,119,takeoff,4650.0,4680.0,30.0,40.0
S4,continuous,C,26,455,119,landing,4805.600528699427,4995.600528699427,190.0,40.130122700630636
S4,continuous,C,29,456,122,takeoff,4560.0,4590.0,30.0,0.0
S4,continuous,C,12,456,122,landing,5007.746352078994,5197.746352078994,190.0,291.58029732326577
S4,continuous,C,0,457,8,takeoff,5086.939941445905,5116.939941445905,30.0,516.9399414459049
S4,continuous,C,31,457,8,landing,5201.574750809984,5391.574750809984,190.0,0.0
S4,continuous,C,15,458,2,takeoff,4847.187298426924,4877.187298426924,30.0,267.1872984269239
S4,continuous,C,4,458,2,landing,5897.610917140116,6087.610917140116,190.0,943.0943566810038
S4,continuous,C,17,459,55,takeoff,4664.587577834539,4694.587577834539,30.0,74.58757783453893
S4,continuous,C,25,459,55,landing,5080.524477276045,5270.524477276045,190.0,341.9229074235327
S4,continuous,C,27,460,57,takeoff,4940.650513050304,4970.650513050304,30.0,340.65051305030374
S4,continuous,C,19,460,57,landing,5034.442401321277,5224.442401321277,190.0,0.0
S4,continuous,C,19,461,9,takeoff,4610.0,4640.0,30.0,0.0
S4,continuous,C,14,461,9,landing,5526.827085882696,5716.827085882696,190.0,696.1465107552558
S4,continuous,C,3,462,50,takeoff,4871.264923053239,4901.264923053239,30.0,191.26492305323882
S4,continuous,C,8,462,50,landing,5290.527231197197,5480.527231197197,190.0,315.275353193284
S4,continuous,C,0,463,182,takeoff,5116.939941445905,5146.939941445905,30.0,486.9399414459049
S4,continuous,C,17,463,182,landing,5264.587577834539,5454.587577834539,190.0,60.238462284239176
S4,continuous,C,29,464,33,takeoff,4640.0,4670.0,30.0,0.0
S4,continuous,C,7,464,33,landing,5167.108973626654,5357.108973626654,190.0,383.747366930249
S4,continuous,C,3,465,80,takeoff,4901.264923053239,4931.264923053239,30.0,251.26492305323882
S4,continuous,C,18,465,80,landing,5543.4644076121685,5733.4644076121685,190.0,535.3814567030277
S4,continuous,C,4,466,49,takeoff,6087.610917140116,6117.610917140116,30.0,1427.6109171401158
S4,continuous,C,18,466,49,landing,6147.2316557302665,6337.2316557302665,190.0,0.0
S4,continuous,C,17,467,48,takeoff,4694.587577834539,4724.587577834539,30.0,24.587577834538934
S4,continuous,C,10,467,48,landing,4779.290740921958,4969.290740921958,190.0,0.0
S4,continuous,C,21,468,86,takeoff,4680.0,4710.0,30.0,0.0
S4,continuous,C,30,468,86,landing,4943.6017043908605,5133.6017043908605,190.0,103.72129731124642
S4,continuous,C,21,469,154,takeoff,4710.0,4740.0,30.0,20.0
S4,continuous,C,28,469,154,landing,4826.499369471306,5016.499369471306,190.0,0.0
S4,continuous,C,18,470,112,takeoff,5224.931383173949,5254.931383173949,30.0,524.9313831739491
S4,continuous,C,26,470,112,landing,5312.583580454466,5502.583580454466,190.0,0.0
S4,continuous,C,4,471,169,takeoff,6117.610917140116,6147.610917140116,30.0,1407.6109171401158
S4,continuous,C,25,471,169,landing,6189.572281917775,6379.572281917775,190.0,0.0
S4,continuous,C,6,472,158,takeoff,4720.0,4750.0,30.0,0.0
S4,continuous,C,5,472,158,landing,4829.1524534397995,5019.1524534397995,190.0,0.0
S4,continuous,C,1,473,90,takeoff,5520.010700302,5550.010700302,30.0,790.0107003020003
S4,continuous,C,10,473,90,landing,5629.723821678068,5819.723821678068,190.0,0.0
S4,continuous,C,26,474,51,takeoff,4995.600528699427,5025.600528699427,30.0,255.60052869942683
S4,continuous,C,14,474,51,landing,5716.827085882696,5906.827085882696,190.0,593.2681782387399
S4,continuous,C,21,475,198,takeoff,4750.0,4780.0,30.0,0.0
S4,continuous,C,11,475,198,landing,5189.99506506633,5379.99506506633,190.0,285.14083699708135
S4,continuous,C,31,476,147,takeoff,5044.304576588096,5074.304576588096,30.0,284.3045765880961
S4,continuous,C,5,476,147,landing,5151.572323901995,5341.572323901995,190.0,0.0
S4,continuous,C,18,477,187,takeoff,5254.931383173949,5284.931383173949,30.0,484.93138317394914
S4,continuous,C,28,477,187,landing,5342.515530633971,5532.515530633971,190.0,0.0
S4,continuous,C,17,478,156,takeoff,4993.779085128395,5023.779085128395,30.0,213.7790851283953
S4,continuous,C,10,478,156,landing,5078.482248215814,5268.482248215814,190.0,0.0
S4,continuous,C,11,479,78,takeoff,5379.99506506633,5409.99506506633,30.0,409.9950650663304
S4,continuous,C,29,479,78,landing,5477.780516474234,5667.780516474234,190.0,0.0
S4,continuous,C,15,480,0,takeoff,4877.187298426924,4907.187298426924,30.0,77.18729842692392
S4,continuous,C,3,480,0,landing,4982.599928832902,5172.599928832902,190.0,0.0
S4,continuous,C,9,481,4,takeoff,4862.380684553779,4892.380684553779,30.0,52.38068455377925
S4,continuous,C,11,481,4,landing,5409.99506506633,5599.99506506633,190.0,373.02101475304426
S4,continuous,C,21,482,32,takeoff,4820.0,4850.0,30.0,0.0
S4,continuous,C,5,482,32,landing,5341.572323901995,5531.572323901995,190.0,373.372876827505
S4,continuous,C,22,483,36,takeoff,5341.852334716748,5371.852334716748,30.0,511.8523347167484
S4,continuous,C,3,483,36,landing,5421.664814069046,5611.664814069046,190.0,0.0
S4,continuous,C,25,484,7,takeoff,5270.524477276045,5300.524477276045,30.0,370.5244772760452
S4,continuous,C,11,484,7,landing,5599.99506506633,5789.99506506633,190.0,160.1737505329247
S4,continuous,C,23,485,76,takeoff,4850.0,4880.0,30.0,0.0
S4,continuous,C,26,485,76,landing,5030.685637042336,5220.685637042336,190.0,0.0
S4,continuous,C,29,486,22,takeoff,5007.893480358444,5037.893480358444,30.0,147.89348035844432
S4,continuous,C,1,486,22,landing,5550.010700302,5740.010700302,190.0,443.57447767074973
S4,continuous,C,29,487,107,takeoff,5037.893480358444,5067.893480358444,30.0,167.89348035844432
S4,continuous,C,15,487,107,landing,5416.6141542069945,5606.6141542069945,190.0,331.13315746122225
S4,continuous,C,6,488,194,takeoff,4880.0,4910.0,30.0,0.0
S4,continuous,C,31,488,194,landing,5391.574750809984,5581.574750809984,190.0,360.8095094919381
S4,continuous,C,21,489,163,takeoff,5053.482111470475,5083.482111470475,30.0,163.4821114704746
S4,continuous,C,15,489,163,landing,5606.6141542069945,5796.6141542069945,190.0,446.3417089723116
S4,continuous,C,15,490,136,takeoff,5136.677553459217,5166.677553459217,30.0,176.67755345921705
S4,continuous,C,29,490,136,landing,5167.3837353907375,5357.3837353907375,190.0,0.0
S4,continuous,C,11,491,125,takeoff,5789.99506506633,5819.99506506633,30.0,819.9950650663304
S4,continuous,C,19,491,125,landing,5926.9197890231835,6116.9197890231835,190.0,0.0
S4,continuous,C,9,492,108,takeoff,5040.0,5070.0,30.0,0.0
S4,continuous,C,13,492,108,landing,5404.210865608617,5594.210865608617,190.0,188.87868540872023
S4,continuous,C,17,493,26,takeoff,5454.587577834539,5484.587577834539,30.0,404.58757783453893
S4,continuous,C,25,493,26,landing,5508.6015698525125,5698.6015698525125,190.0,0.0
S4,continuous,C,1,494,65,takeoff,5740.010700302,5770.010700302,30.0,800.0107003020003
S4,continuous,C,21,494,65,landing,5816.695851186548,6006.695851186548,190.0,0.0
S4,continuous,C,23,495,149,takeoff,4950.0,4980.0,30.0,0.0
S4,continuous,C,31,495,149,landing,5581.574750809984,5771.574750809984,190.0,464.415896932077
S4,continuous,C,15,496,164,takeoff,5166.677553459217,5196.677553459217,30.0,206.67755345921705
S4,continuous,C,21,496,164,landing,5233.467887223425,5423.467887223425,190.0,0.0
S4,continuous,C,31,497,72,takeoff,5771.574750809984,5801.574750809984,30.0,561.5747508099839
S4,continuous,C,0,497,72,landing,5893.605959384598,6083.605959384598,190.0,0.0
S4,continuous,C,14,498,116,takeoff,5906.827085882696,5936.827085882696,30.0,926.8270858826963
S4,continuous,C,17,498,116,landing,6028.480865315748,6218.480865315748,190.0,0.0
S4,continuous,C,25,499,119,takeoff,5300.524477276045,5330.524477276045,30.0,310.5244772760452
S4,continuous,C,8,499,119,landing,5480.527231197197,5670.527231197197,190.0,131.46940293622902
S4,continuous,C,19,500,96,takeoff,5224.442401321277,5254.442401321277,30.0,164.44240132127743
S4,continuous,C,1,500,96,landing,5770.010700302,5960.010700302,190.0,343.2359768986453
S4,continuous,C,17,501,73,takeoff,5484.587577834539,5514.587577834539,30.0,414.58757783453893
S4,continuous,C,0,501,73,landing,5579.393151149468,5769.393151149468,190.0,0.0
S4,continuous,C,2,502,37,takeoff,5020.0,5050.0,30.0,0.0
S4,continuous,C,3,502,37,landing,5172.599928832902,5362.599928832902,190.0,61.03687209059717
S4,continuous,C,23,503,95,takeoff,5030.0,5060.0,30.0,0.0
S4,continuous,C,20,503,95,landing,5094.7707116548045,5284.7707116548045,190.0,0.0
S4,continuous,C,16,504,62,takeoff,5040.0,5070.0,30.0,0.0
S4,continuous,C,3,504,62,landing,5611.664814069046,5801.664814069046,190.0,449.1503345432957
S4,continuous,C,14,505,183,takeoff,5936.827085882696,5966.827085882696,30.0,886.8270858826963
S4,continuous,C,4,505,183,landing,6147.610917140116,6337.610917140116,190.0,71.43511058656804
S4,continuous,C,19,506,118,takeoff,5254.442401321277,5284.442401321277,30.0,194.44240132127743
S4,continuous,C,9,506,118,landing,5322.380463161738,5512.380463161738,190.0,0.0
S4,continuous,C,9,507,146,takeoff,5070.0,5100.0,30.0,0.0
S4,continuous,C,13,507,146,landing,5594.210865608617,5784.210865608617,190.0,368.87868540872023
S4,continuous,C,11,508,174,takeoff,5819.99506506633,5849.99506506633,30.0,739.9950650663304
S4,continuous,C,14,508,174,landing,5979.920313691973,6169.920313691973,190.0,0.0
S4,continuous,C,14,509,101,takeoff,6169.920313691973,6199.920313691973,30.0,1079.9203136919732
S4,continuous,C,29,509,101,landing,6269.689786075669,6459.689786075669,190.0,0.0
S4,continuous,C,13,510,139,takeoff,5784.210865608617,5814.210865608617,30.0,684.2108656086166
S4,continuous,C,10,510,139,landing,5872.44821689589,6062.44821689589,190.0,0.0
S4,continuous,C,24,511,40,takeoff,5328.588340784027,5358.588340784027,30.0,218.58834078402742
S4,continuous,C,16,511,40,landing,5442.810955497134,5632.810955497134,190.0,0.0
S4,continuous,C,0,512,57,takeoff,5146.939941445905,5176.939941445905,30.0,26.93994144590488
S4,continuous,C,15,512,57,landing,5796.6141542069945,5986.6141542069945,190.0,564.2943683072144
S4,continuous,C,29,513,168,takeoff,5130.0,5160.0,30.0,0.0
S4,continuous,C,13,513,168,landing,5814.210865608617,6004.210865608617,190.0,579.3322711756746
S4,continuous,C,27,514,5,takeoff,5140.0,5170.0,30.0,0.0
S4,continuous,C,23,514,5,landing,5226.844968134149,5416.844968134149,190.0,0.0
S4,continuous,C,13,515,17,takeoff,6004.210865608617,6034.210865608617,30.0,854.2108656086166
S4,continuous,C,1,515,17,landing,6035.348629922779,6225.348629922779,190.0,0.0
S4,continuous,C,1,516,75,takeoff,5960.010700302,5990.010700302,30.0,800.0107003020003
S4,continuous,C,6,516,75,landing,6052.126970034163,6242.126970034163,190.0,0.0
S4,continuous,C,23,517,25,takeoff,5416.844968134149,5446.844968134149,30.0,186.84496813414898
S4,continuous,C,4,517,25,landing,6337.610917140116,6527.610917140116,190.0,773.7216784011443
S4,continuous,C,15,518,135,takeoff,5986.6141542069945,6016.6141542069945,30.0,806.6141542069945
S4,continuous,C,23,518,135,landing,6084.31620688291,6274.31620688291,190.0,0.0
S4,continuous,C,15,519,95,takeoff,6016.6141542069945,6046.6141542069945,30.0,826.6141542069945
S4,continuous,C,10,519,95,landing,6126.055588478542,6316.055588478542,190.0,0.0
S4,continuous,C,0,520,63,takeoff,5200.0,5230.0,30.0,0.0
S4,continuous,C,16,520,63,landing,5632.810955497134,5822.810955497134,190.0,347.50545169825455
S4,continuous,C,14,521,156,takeoff,6199.920313691973,6229.920313691973,30.0,989.9203136919732
S4,continuous,C,0,521,156,landing,6300.238990505689,6490.238990505689,190.0,0.0
S4,continuous,C,4,522,54,takeoff,6527.610917140116,6557.610917140116,30.0,1307.6109171401158
S4,continuous,C,9,522,54,landing,6619.988947181097,6809.988947181097,190.0,0.0
S4,continuous,C,7,523,93,takeoff,5357.108973626654,5387.108973626654,30.0,127.108973626654
S4,continuous,C,28,523,93,landing,5532.515530633971,5722.515530633971,190.0,52.502562361934
S4,continuous,C,22,524,196,takeoff,5371.852334716748,5401.852334716748,30.0,131.85233471674837
S4,continuous,C,7,524,196,landing,5466.978926675165,5656.978926675165,190.0,0.0
S4,continuous,C,20,525,148,takeoff,5284.7707116548045,5314.7707116548045,30.0,34.77071165480447
S4,continuous,C,26,525,148,landing,5502.583580454466,5692.583580454466,190.0,152.6958729716789
S4,continuous,C,19,526,198,takeoff,5284.442401321277,5314.442401321277,30.0,24.44240132127743
S4,continuous,C,2,526,198,landing,5403.283808889626,5593.283808889626,190.0,0.0
S4,continuous,C,18,527,99,takeoff,5733.4644076121685,5763.4644076121685,30.0,403.46440761216854
S4,continuous,C,15,527,99,landing,6046.6141542069945,6236.6141542069945,190.0,207.23875362576018
S4,continuous,C,30,528,181,takeoff,5400.0,5430.0,30.0,0.0
S4,continuous,C,14,528,181,landing,6229.920313691973,6419.920313691973,190.0,642.1476126915604
S4,continuous,C,22,529,109,takeoff,5401.852334716748,5431.852334716748,30.0,111.85233471674837
S4,continuous,C,0,529,109,landing,6083.605959384598,6273.605959384598,190.0,607.5031796736785
S4,continuous,C,29,530,151,takeoff,5357.3837353907375,5387.3837353907375,30.0,57.383735390737456
S4,continuous,C,24,530,151,landing,5453.710040437976,5643.710040437976,190.0,0.0
S4,continuous,C,11,531,28,takeoff,5849.99506506633,5879.99506506633,30.0,539.9950650663304
S4,continuous,C,12,531,28,landing,5969.388645289906,6159.388645289906,190.0,0.0
S4,continuous,C,5,532,166,takeoff,5531.572323901995,5561.572323901995,30.0,211.57232390199533
S4,continuous,C,13,532,166,landing,6034.210865608617,6224.210865608617,190.0,299.9776953945875
S4,continuous,C,5,533,120,takeoff,5561.572323901995,5591.572323901995,30.0,231.57232390199533
S4,continuous,C,26,533,120,landing,5692.583580454466,5882.583580454466,190.0,17.487377472705703
S4,continuous,C,9,534,173,takeoff,5512.380463161738,5542.380463161738,30.0,172.38046316173768
S4,continuous,C,22,534,173,landing,5583.271314814978,5773.271314814978,190.0,0.0
S4,continuous,C,19,535,137,takeoff,5350.0,5380.0,30.0,0.0
S4,continuous,C,12,535,137,landing,5389.915212196834,5579.915212196834,190.0,0.0
S4,continuous,C,31,536,180,takeoff,5801.574750809984,5831.574750809984,30.0,441.5747508099839
S4,continuous,C,25,536,180,landing,5906.295985696655,6096.295985696655,190.0,0.0
S4,continuous,C,15,537,34,takeoff,6236.6141542069945,6266.6141542069945,30.0,866.6141542069945
S4,continuous,C,3,537,34,landing,6342.026784612973,6532.026784612973,190.0,0.0
S4,continuous,C,31,538,150,takeoff,5831.574750809984,5861.574750809984,30.0,451.5747508099839
S4,continuous,C,24,538,150,landing,6138.840045595166,6328.840045595166,190.0,195.12927170717649
S4,continuous,C,12,539,159,takeoff,5579.915212196834,5609.915212196834,30.0,189.91521219683364
S4,continuous,C,23,539,159,landing,5669.99313870499,5859.99313870499,190.0,0.0
S4,continuous,C,11,540,161,takeoff,5879.99506506633,5909.99506506633,30.0,479.9950650663304
S4,continuous,C,20,540,161,landing,6026.723319443751,6216.723319443751,190.0,0.0
S4,continuous,C,14,541,31,takeoff,6419.920313691973,6449.920313691973,30.0,1009.9203136919732
S4,continuous,C,20,541,31,landing,6550.925417703217,6740.925417703217,190.0,0.0
S4,continuous,C,16,542,37,takeoff,5822.810955497134,5852.810955497134,30.0,402.8109554971343
S4,continuous,C,0,542,37,landing,6490.238990505689,6680.238990505689,190.0,562.1225312096749
S4,continuous,C,26,543,104,takeoff,5882.583580454466,5912.583580454466,30.0,452.58358045446585
S4,continuous,C,11,543,104,landing,6025.193481159656,6215.193481159656,190.0,0.0
S4,continuous,C,16,544,47,takeoff,5852.810955497134,5882.810955497134,30.0,412.8109554971343
S4,continuous,C,17,544,47,landing,6218.480865315748,6408.480865315748,190.0,226.02992160992653
S4,continuous,C,30,545,8,takeoff,5450.0,5480.0,30.0,0.0
S4,continuous,C,19,545,8,landing,5547.030618635224,5737.030618635224,190.0,0.0
S4,continuous,C,8,546,3,takeoff,5670.527231197197,5700.527231197197,30.0,210.52723119719667
S4,continuous,C,11,546,3,landing,6215.193481159656,6405.193481159656,190.0,365.0613197410539
S4,continuous,C,12,547,46,takeoff,5609.915212196834,5639.915212196834,30.0,139.91521219683364
S4,continuous,C,26,547,46,landing,5912.583580454466,6102.583580454466,190.0,204.5994843483477
S4,continuous,C,30,548,32,takeoff,5480.0,5510.0,30.0,0.0
S4,continuous,C,2,548,32,landing,5601.849085986947,5791.849085986947,190.0,0.0
S4,continuous,C,30,549,154,takeoff,5510.0,5540.0,30.0,20.0
S4,continuous,C,9,549,154,landing,5604.912296124983,5794.912296124983,190.0,0.0
S4,continuous,C,29,550,143,takeoff,5667.780516474234,5697.780516474234,30.0,167.780516474234
S4,continuous,C,21,550,143,landing,6006.695851186548,6196.695851186548,190.0,212.1186217352806
S4,continuous,C,12,551,100,takeoff,5639.915212196834,5669.915212196834,30.0,129.91521219683364
S4,continuous,C,15,551,100,landing,6266.6141542069945,6456.6141542069945,190.0,477.4571052141264
S4,continuous,C,2,552,29,takeoff,5791.849085986947,5821.849085986947,30.0,271.8490859869471
S4,continuous,C,1,552,29,landing,6225.348629922779,6415.348629922779,190.0,293.16495348103945
S4,continuous,C,13,553,122,takeoff,6224.210865608617,6254.210865608617,30.0,694.2108656086166
S4,continuous,C,8,553,122,landing,6260.7617759796185,6450.7617759796185,190.0,0.0
S4,continuous,C,9,554,147,takeoff,5542.380463161738,5572.380463161738,30.0,2.38046316173768
S4,continuous,C,29,554,147,landing,5697.780516474234,5887.780516474234,190.0,13.056701262504248
S4,continuous,C,4,555,77,takeoff,6557.610917140116,6587.610917140116,30.0,1007.6109171401158
S4,continuous,C,21,555,77,landing,6669.397276593749,6859.397276593749,190.0,0.0
S4,continuous,C,28,556,102,takeoff,5722.515530633971,5752.515530633971,30.0,162.51553063397114
S4,continuous,C,6,556,102,landing,5835.4348612611175,6025.4348612611175,190.0,0.0
S4,continuous,C,9,557,158,takeoff,5794.912296124983,5824.912296124983,30.0,164.9122961249832
S4,continuous,C,31,557,158,landing,5928.074409717566,6118.074409717566,190.0,0.0
S4,continuous,C,26,558,119,takeoff,6102.583580454466,6132.583580454466,30.0,522.5835804544658
S4,continuous,C,17,558,119,landing,6408.480865315748,6598.480865315748,190.0,192.82921863322008
S4,continuous,C,8,559,175,takeoff,5700.527231197197,5730.527231197197,30.0,110.52723119719667
S4,continuous,C,7,559,175,landing,5770.38782243905,5960.38782243905,190.0,0.0
S4,continuous,C,14,560,64,takeoff,6449.920313691973,6479.920313691973,30.0,849.9203136919732
S4,continuous,C,11,560,64,landing,6549.845562317616,6739.845562317616,190.0,0.0
S4,continuous,C,1,561,35,takeoff,5990.010700302,6020.010700302,30.0,380.01070030200026
S4,continuous,C,5,561,35,landing,6093.568043604317,6283.568043604317,190.0,0.0
S4,continuous,C,16,562,134,takeoff,5882.810955497134,5912.810955497134,30.0,262.8109554971343
S4,continuous,C,7,562,134,landing,6008.562379211543,6198.562379211543,190.0,0.0
S4,continuous,C,18,563,133,takeoff,5763.4644076121685,5793.4644076121685,30.0,133.46440761216854
S4,continuous,C,27,563,133,landing,5821.177532307634,6011.177532307634,190.0,0.0
S4,continuous,C,12,564,69,takeoff,5669.915212196834,5699.915212196834,30.0,29.915212196833636
S4,continuous,C,22,564,69,landing,5773.271314814978,5963.271314814978,190.0,51.49193648707387
S4,continuous,C,13,565,76,takeoff,6254.210865608617,6284.210865608617,30.0,604.2108656086166
S4,continuous,C,12,565,76,landing,6342.708857943408,6532.708857943408,190.0,0.0
S4,continuous,C,4,566,112,takeoff,6587.610917140116,6617.610917140116,30.0,927.6109171401158
S4,continuous,C,30,566,112,landing,6675.224010933418,6865.224010933418,190.0,0.0
S4,continuous,C,11,567,105,takeoff,5909.99506506633,5939.99506506633,30.0,239.99506506633043
S4,continuous,C,30,567,105,landing,6043.596769457191,6233.596769457191,190.0,0.0
S4,continuous,C,5,568,164,takeoff,5680.0,5710.0,30.0,0.0
S4,continuous,C,15,568,164,landing,6456.6141542069945,6646.6141542069945,190.0,613.9781370147675
S4,continuous,C,5,569,33,takeoff,5710.0,5740.0,30.0,20.0
S4,continuous,C,6,569,33,landing,6242.126970034163,6432.126970034163,190.0,402.9745165943632
S4,continuous,C,22,570,20,takeoff,5963.271314814978,5993.271314814978,30.0,263.2713148149778
S4,continuous,C,19,570,20,landing,6116.9197890231835,6306.9197890231835,190.0,100.70895471684253
S4,continuous,C,20,571,56,takeoff,5710.0,5740.0,30.0,0.0
S4,continuous,C,4,571,56,landing,6617.610917140116,6807.610917140116,190.0,736.9135340682706
S4,continuous,C,7,572,70,takeoff,5720.0,5750.0,30.0,0.0
S4,continuous,C,1,572,70,landing,6415.348629922779,6605.348629922779,190.0,538.2503565981251
S4,continuous,C,12,573,141,takeoff,5730.0,5760.0,30.0,0.0
S4,continuous,C,23,573,141,landing,5859.99313870499,6049.99313870499,190.0,39.915212196833636
S4,continuous,C,9,574,61,takeoff,5824.912296124983,5854.912296124983,30.0,84.91229612498319
S4,continuous,C,8,574,61,landing,5914.620221506293,6104.620221506293,190.0,0.0
S4,continuous,C,24,575,189,takeoff,5750.0,5780.0,30.0,0.0
S4,continuous,C,30,575,189,landing,5834.373353945445,6024.373353945445,190.0,0.0
S4,continuous,C,31,576,79,takeoff,5880.0,5910.0,30.0,0.0
S4,continuous,C,13,576,79,landing,6284.210865608617,6474.210865608617,190.0,234.11715462913708
S4,continuous,C,18,577,199,takeoff,5793.4644076121685,5823.4644076121685,30.0,23.464407612168543
S4,continuous,C,1,577,199,landing,6605.348629922779,6795.348629922779,190.0,665.5828837216795
S4,continuous,C,18,578,8,takeoff,5823.4644076121685,5853.4644076121685,30.0,43.46440761216854
S4,continuous,C,12,578,8,landing,6532.708857943408,6722.708857943408,190.0,617.6938137059278
S4,continuous,C,23,579,175,takeoff,6274.31620688291,6304.31620688291,30.0,184.31620688290968
S4,continuous,C,14,579,175,landing,6500.783874814784,6690.783874814784,190.0,0.0
S4,continuous,C,31,580,52,takeoff,6118.074409717566,6148.074409717566,30.0,318.0744097175657
S4,continuous,C,17,580,52,landing,6598.480865315748,6788.480865315748,190.0,299.04170025033545
S4,continuous,C,24,581,147,takeoff,5810.0,5840.0,30.0,0.0
S4,continuous,C,20,581,147,landing,6216.723319443751,6406.723319443751,190.0,284.3481698757514
S4,continuous,C,25,582,41,takeoff,6096.295985696655,6126.295985696655,30.0,216.2959856966554
S4,continuous,C,13,582,41,landing,6474.210865608617,6664.210865608617,190.0,225.47106384167
S4,continuous,C,12,583,124,takeoff,5830.0,5860.0,30.0,0.0
S4,continuous,C,27,583,124,landing,6011.177532307634,6201.177532307634,190.0,81.38802254587063
S4,continuous,C,18,584,55,takeoff,5853.4644076121685,5883.4644076121685,30.0,13.464407612168543
S4,continuous,C,10,584,55,landing,6316.055588478542,6506.055588478542,190.0,369.9762471240101
S4,continuous,C,18,585,194,takeoff,5883.4644076121685,5913.4644076121685,30.0,33.46440761216854
S4,continuous,C,30,585,194,landing,6233.596769457191,6423.596769457191,190.0,252.81533222013059
S4,continuous,C,12,586,198,takeoff,5860.0,5890.0,30.0,0.0
S4,continuous,C,0,586,198,landing,6680.238990505689,6870.238990505689,190.0,666.1617718147345
S4,continuous,C,25,587,92,takeoff,6126.295985696655,6156.295985696655,30.0,196.2959856966554
S4,continuous,C,21,587,92,landing,6264.1850548418715,6454.1850548418715,190.0,0.0
S4,continuous,C,1,588,115,takeoff,6795.348629922779,6825.348629922779,30.0,915.3486299227789
S4,continuous,C,13,588,115,landing,6833.11549999657,7023.11549999657,190.0,0.0
S4,continuous,C,27,589,184,takeoff,6201.177532307634,6231.177532307634,30.0,311.17753230763356
S4,continuous,C,12,589,184,landing,6722.708857943408,6912.708857943408,190.0,401.7418158740111
S4,continuous,C,19,590,187,takeoff,6306.9197890231835,6336.9197890231835,30.0,406.9197890231835
S4,continuous,C,16,590,187,landing,6433.605305029989,6623.605305029989,190.0,0.0
S4,continuous,C,23,591,196,takeoff,6049.99313870499,6079.99313870499,30.0,139.9931387049901
S4,continuous,C,16,591,196,landing,6209.3801589631,6399.3801589631,190.0,0.0
S4,continuous,C,26,592,142,takeoff,6132.583580454466,6162.583580454466,30.0,212.58358045446585
S4,continuous,C,22,592,142,landing,6188.856646163206,6378.856646163206,190.0,0.0
S4,continuous,C,10,593,62,takeoff,6062.44821689589,6092.44821689589,30.0,132.44821689589025
S4,continuous,C,29,593,62,landing,6459.689786075669,6649.689786075669,190.0,221.11440486923948
S4,continuous,C,23,594,197,takeoff,6304.31620688291,6334.31620688291,30.0,364.3162068829097
S4,continuous,C,30,594,197,landing,6423.596769457191,6613.596769457191,190.0,10.435165123389197
S4,continuous,C,20,595,87,takeoff,5950.0,5980.0,30.0,0.0
S4,continuous,C,28,595,87,landing,6073.176704274808,6263.176704274808,190.0,0.0
S4,continuous,C,3,596,154,takeoff,5960.0,5990.0,30.0,0.0
S4,continuous,C,0,596,154,landing,6870.238990505689,7060.238990505689,190.0,741.3185865964297
S4,continuous,C,5,597,146,takeoff,5970.0,6000.0,30.0,0.0
S4,continuous,C,17,597,146,landing,6788.480865315748,6978.480865315748,190.0,629.6644563395721
S4,continuous,C,11,598,93,takeoff,5980.0,6010.0,30.0,0.0
S4,continuous,C,29,598,93,landing,6077.785451407904,6267.785451407904,190.0,0.0
S4,continuous,C,1,599,173,takeoff,6825.348629922779,6855.348629922779,30.0,835.3486299227789
S4,continuous,C,15,599,173,landing,6877.140990369865,7067.140990369865,190.0,0.0
S4,continuous,C,6,600,108,takeoff,6432.126970034163,6462.126970034163,30.0,432.1269700341627
S4,continuous,C,22,600,108,landing,6494.801564912049,6684.801564912049,190.0,0.0
S4,continuous,C,26,601,66,takeoff,6162.583580454466,6192.583580454466,30.0,152.58358045446585
S4,continuous,C,29,601,66,landing,6649.689786075669,6839.689786075669,190.0,308.8207957397217
S4,continuous,C,7,602,80,takeoff,6198.562379211543,6228.562379211543,30.0,178.56237921154298
S4,continuous,C,11,602,80,landing,6739.845562317616,6929.845562317616,190.0,377.1052125242304
S4,continuous,C,8,603,189,takeoff,6210.0,6240.0,30.0,0.0
S4,continuous,C,21,603,189,landing,6454.1850548418715,6644.1850548418715,190.0,112.17288068280322
S4,continuous,C,20,604,155,takeoff,6406.723319443751,6436.723319443751,30.0,366.7233194437513
S4,continuous,C,22,604,155,landing,6684.801564912049,6874.801564912049,190.0,207.54900411436847
S4,continuous,C,0,605,13,takeoff,7060.238990505689,7090.238990505689,30.0,1010.2389905056889
S4,continuous,C,5,605,13,landing,7147.344045283629,7337.344045283629,190.0,0.0
S4,continuous,C,1,606,111,takeoff,6855.348629922779,6885.348629922779,30.0,795.3486299227789
S4,continuous,C,30,606,111,landing,6970.775510688928,7160.775510688928,190.0,0.0
S4,continuous,C,17,607,7,takeoff,6978.480865315748,7008.480865315748,30.0,908.4808653157479
S4,continuous,C,2,607,7,landing,7113.386409474258,7303.386409474258,190.0,0.0
S4,continuous,C,8,608,91,takeoff,6104.620221506293,6134.620221506293,30.0,24.620221506293092
S4,continuous,C,12,608,91,landing,6912.708857943408,7102.708857943408,190.0,683.2741071123837
S4,continuous,C,15,609,75,takeoff,6646.6141542069945,6676.6141542069945,30.0,556.6141542069945
S4,continuous,C,24,609,75,landing,6756.120084169008,6946.120084169008,190.0,0.0
S4,continuous,C,20,610,46,takeoff,6436.723319443751,6466.723319443751,30.0,336.7233194437513
S4,continuous,C,9,610,46,landing,6809.988947181097,6999.988947181097,190.0,234.6376194172044
S4,continuous,C,22,611,6,takeoff,6110.0,6140.0,30.0,0.0
S4,continuous,C,16,611,6,landing,6623.605305029989,6813.605305029989,190.0,391.7394982202004
S4,continuous,C,16,612,44,takeoff,6813.605305029989,6843.605305029989,30.0,393.6053050299888
S4,continuous,C,1,612,44,landing,6898.481530999647,7088.481530999647,190.0,0.0
S4,continuous,C,30,613,104,takeoff,6613.596769457191,6643.596769457191,30.0,483.59676945719093
S4,continuous,C,2,613,104,landing,6775.445855444138,6965.445855444138,190.0,0.0
S4,continuous,C,26,614,125,takeoff,6192.583580454466,6222.583580454466,30.0,52.583580454465846
S4,continuous,C,25,614,125,landing,6379.572281917775,6569.572281917775,190.0,118.90426025123725
S4,continuous,C,6,615,179,takeoff,6462.126970034163,6492.126970034163,30.0,312.1269700341627
S4,continuous,C,26,615,179,landing,6543.185201292763,6733.185201292763,190.0,0.0
S4,continuous,C,3,616,137,takeoff,6160.0,6190.0,30.0,0.0
S4,continuous,C,31,616,137,landing,6268.085230039007,6458.085230039007,190.0,0.0
S4,continuous,C,16,617,143,takeoff,6843.605305029989,6873.605305029989,30.0,433.6053050299888
S4,continuous,C,4,617,143,landing,6939.540224879414,7129.540224879414,190.0,0.0
S4,continuous,C,14,618,68,takeoff,6690.783874814784,6720.783874814784,30.0,510.7838748147842
S4,continuous,C,30,618,68,landing,7160.775510688928,7350.775510688928,190.0,342.2189348737311
S4,continuous,C,3,619,159,takeoff,6190.0,6220.0,30.0,0.0
S4,continuous,C,28,619,159,landing,6284.598013660832,6474.598013660832,190.0,0.0
S4,continuous,C,27,620,103,takeoff,6231.177532307634,6261.177532307634,30.0,31.177532307633555
S4,continuous,C,20,620,103,landing,6740.925417703217,6930.925417703217,190.0,380.38802854044116
S4,continuous,C,23,621,65,takeoff,6334.31620688291,6364.31620688291,30.0,124.31620688290968
S4,continuous,C,27,621,65,landing,6421.161175017059,6611.161175017059,190.0,0.0
S4,continuous,C,5,622,86,takeoff,6283.568043604317,6313.568043604317,30.0,63.5680436043167
S4,continuous,C,4,622,86,landing,7129.540224879414,7319.540224879414,190.0,661.1288510679851
S4,continuous,C,25,623,120,takeoff,6569.572281917775,6599.572281917775,30.0,339.5722819177754
S4,continuous,C,2,623,120,landing,7303.386409474258,7493.386409474258,190.0,553.4041338640336
S4,continuous,C,19,624,43,takeoff,6336.9197890231835,6366.9197890231835,30.0,96.91978902318351
S4,continuous,C,25,624,43,landing,6599.572281917775,6789.572281917775,190.0,187.98484428391566
S4,continuous,C,14,625,131,takeoff,6720.783874814784,6750.783874814784,30.0,470.7838748147842
S4,continuous,C,5,625,131,landing,6815.100509708018,7005.100509708018,190.0,0.0
S4,continuous,C,12,626,177,takeoff,6260.0,6290.0,30.0,0.0
S4,continuous,C,31,626,177,landing,6458.085230039007,6648.085230039007,190.0,124.93456965903806
S4,continuous,C,14,627,165,takeoff,6750.783874814784,6780.783874814784,30.0,480.7838748147842
S4,continuous,C,1,627,165,landing,7088.481530999647,7278.481530999647,190.0,205.7056836322854
S4,continuous,C,15,628,58,takeoff,6676.6141542069945,6706.6141542069945,30.0,396.6141542069945
S4,continuous,C,24,628,58,landing,6946.120084169008,7136.120084169008,190.0,160.0
S4,continuous,C,5,629,160,takeoff,6313.568043604317,6343.568043604317,30.0,23.5680436043167
S4,continuous,C,6,629,160,landing,6492.126970034163,6682.126970034163,190.0,69.4064729900465
S4,continuous,C,17,630,114,takeoff,7008.480865315748,7038.480865315748,30.0,708.4808653157479
S4,continuous,C,9,630,114,landing,7113.768527265261,7303.768527265261,190.0,0.0
S4,continuous,C,23,631,93,takeoff,6364.31620688291,6394.31620688291,30.0,54.31620688290968
S4,continuous,C,24,631,93,landing,6459.0441386860975,6649.0441386860975,190.0,0.0
S4,continuous,C,24,632,117,takeoff,6328.840045595166,6358.840045595166,30.0,8.840045595165975
S4,continuous,C,1,632,117,landing,7278.481530999647,7468.481530999647,190.0,759.8044205938968
S4,continuous,C,28,633,138,takeoff,6474.598013660832,6504.598013660832,30.0,144.5980136608323
S4,continuous,C,16,633,138,landing,6873.605305029989,7063.605305029989,190.0,251.71547334275147
S4,continuous,C,25,634,51,takeoff,6789.572281917775,6819.572281917775,30.0,449.5722819177754
S4,continuous,C,31,634,51,landing,6914.293516804447,7104.293516804447,190.0,0.0
S4,continuous,C,30,635,92,takeoff,6643.596769457191,6673.596769457191,30.0,293.59676945719093
S4,continuous,C,17,635,92,landing,7038.480865315748,7228.480865315748,190.0,211.31402027619333
S4,continuous,C,18,636,57,takeoff,6360.0,6390.0,30.0,0.0
S4,continuous,C,22,636,57,landing,6874.801564912049,7064.801564912049,190.0,433.1894920166287
S4,continuous,C,21,637,151,takeoff,6859.397276593749,6889.397276593749,30.0,489.39727659374876
S4,continuous,C,18,637,151,landing,6970.160889974787,7160.160889974787,190.0,0.0
S4,continuous,C,14,638,107,takeoff,6780.783874814784,6810.783874814784,30.0,400.7838748147842
S4,continuous,C,11,638,107,landing,6929.845562317616,7119.845562317616,190.0,49.13643887718899
S4,continuous,C,10,639,3,takeoff,6506.055588478542,6536.055588478542,30.0,116.05558847854172
S4,continuous,C,13,639,3,landing,7023.11549999657,7213.11549999657,190.0,408.8225602307548
S4,continuous,C,2,640,118,takeoff,6400.0,6430.0,30.0,0.0
S4,continuous,C,10,640,118,landing,6536.055588478542,6726.055588478542,190.0,20.257859984204515
S4,continuous,C,0,641,73,takeoff,7090.238990505689,7120.238990505689,30.0,680.2389905056889
S4,continuous,C,6,641,73,landing,7165.9546099204,7355.9546099204,190.0,0.0
S4,continuous,C,21,642,158,takeoff,6889.397276593749,6919.397276593749,30.0,469.39727659374876
S4,continuous,C,28,642,158,landing,7005.8966460650545,7195.8966460650545,190.0,0.0
S4,continuous,C,12,643,153,takeoff,7102.708857943408,7132.708857943408,30.0,672.7088579434076
S4,continuous,C,21,643,153,landing,7236.825349032607,7426.825349032607,190.0,0.0
S4,continuous,C,27,644,139,takeoff,6611.161175017059,6641.161175017059,30.0,171.16117501705867
S4,continuous,C,29,644,139,landing,6839.689786075669,7029.689786075669,190.0,175.97142413579058
S4,continuous,C,7,645,63,takeoff,6450.0,6480.0,30.0,0.0
S4,continuous,C,12,645,63,landing,7132.708857943408,7322.708857943408,190.0,510.5150813673472
S4,continuous,C,30,646,98,takeoff,6865.224010933418,6895.224010933418,30.0,405.22401093341796
S4,continuous,C,7,646,98,landing,6968.727690880616,7158.727690880616,190.0,0.0
S4,continuous,C,15,647,20,takeoff,6706.6141542069945,6736.6141542069945,30.0,236.6141542069945
S4,continuous,C,24,647,20,landing,7136.120084169008,7326.120084169008,190.0,300.0
S4,continuous,C,24,648,88,takeoff,6649.0441386860975,6679.0441386860975,30.0,169.04413868609754
S4,continuous,C,0,648,88,landing,7120.238990505689,7310.238990505689,190.0,276.7993826693355
S4,continuous,C,16,649,59,takeoff,7063.605305029989,7093.605305029989,30.0,573.6053050299888
S4,continuous,C,5,649,59,landing,7337.344045283629,7527.344045283629,190.0,170.5946940678641
S4,continuous,C,22,650,119,takeoff,7064.801564912049,7094.801564912049,30.0,564.8015649120489
S4,continuous,C,29,650,119,landing,7123.495976357921,7313.495976357921,190.0,0.0
S4,continuous,C,17,651,128,takeoff,7228.480865315748,7258.480865315748,30.0,718.4808653157479
S4,continuous,C,14,651,128,landing,7350.1346447487995,7540.1346447487995,190.0,0.0
S4,continuous,C,26,652,137,takeoff,6733.185201292763,6763.185201292763,30.0,213.18520129276294
S4,continuous,C,9,652,137,landing,7303.768527265261,7493.768527265261,190.0,434.17801604598753
S4,continuous,C,22,653,85,takeoff,7094.801564912049,7124.801564912049,30.0,564.8015649120489
S4,continuous,C,0,653,85,landing,7310.238990505689,7500.238990505689,190.0,153.7905813889347
S4,continuous,C,22,654,95,takeoff,7124.801564912049,7154.801564912049,30.0,584.8015649120489
S4,continuous,C,7,654,95,landing,7179.9281568704655,7369.9281568704655,190.0,0.0
S4,continuous,C,15,655,100,takeoff,6736.6141542069945,6766.6141542069945,30.0,186.6141542069945
S4,continuous,C,20,655,100,landing,6930.925417703217,7120.925417703217,190.0,94.11319693269343
S4,continuous,C,11,656,167,takeoff,7119.845562317616,7149.845562317616,30.0,559.845562317616
S4,continuous,C,22,656,167,landing,7229.536678969963,7419.536678969963,190.0,0.0
S4,continuous,C,22,657,23,takeoff,7154.801564912049,7184.801564912049,30.0,584.8015649120489
S4,continuous,C,5,657,23,landing,7527.344045283629,7717.344045283629,190.0,284.8851383013907
S4,continuous,C,31,658,169,takeoff,6648.085230039007,6678.085230039007,30.0,68.085230039007
S4,continuous,C,3,658,169,landing,6756.170460078014,6946.170460078014,190.0,0.0
S4,continuous,C,30,659,163,takeoff,6895.224010933418,6925.224010933418,30.0,305.22401093341796
S4,continuous,C,12,659,163,landing,7322.708857943408,7512.708857943408,190.0,243.71967444461188
S4,continuous,C,19,660,171,takeoff,6600.0,6630.0,30.0,0.0
S4,continuous,C,9,660,171,landing,7493.768527265261,7683.768527265261,190.0,785.8304654248004
S4,continuous,C,25,661,145,takeoff,6819.572281917775,6849.572281917775,30.0,209.5722819177754
S4,continuous,C,1,661,145,landing,7468.481530999647,7658.481530999647,190.0,453.6244484273002
S4,continuous,C,13,662,195,takeoff,7213.11549999657,7243.11549999657,30.0,353.1154999965702
S4,continuous,C,31,662,195,landing,7323.20921097605,7513.20921097605,190.0,0.0
S4,continuous,C,2,663,61,takeoff,6630.0,6660.0,30.0,0.0
S4,continuous,C,20,663,61,landing,7120.925417703217,7310.925417703217,190.0,327.86119595660784
S4,continuous,C,24,664,71,takeoff,6679.0441386860975,6709.0441386860975,30.0,39.04413868609754
S4,continuous,C,2,664,71,landing,7493.386409474258,7683.386409474258,190.0,622.0591521094111
S4,continuous,C,14,665,152,takeoff,6810.783874814784,6840.783874814784,30.0,160.7838748147842
S4,continuous,C,25,665,152,landing,6917.284998126192,7107.284998126192,190.0,0.0
S4,continuous,C,0,666,102,takeoff,7500.238990505689,7530.238990505689,30.0,840.2389905056889
S4,continuous,C,20,666,102,landing,7584.034118588631,7774.034118588631,190.0,0.0
S4,continuous,C,6,667,179,takeoff,6682.126970034163,6712.126970034163,30.0,12.126970034162696
S4,continuous,C,10,667,179,landing,6782.1935900585595,6972.1935900585595,190.0,0.0
S4,continuous,C,5,668,53,takeoff,6680.0,6710.0,30.0,0.0
S4,continuous,C,28,668,53,landing,6776.945602912502,6966.945602912502,190.0,0.0
S4,continuous,C,25,669,181,takeoff,6849.572281917775,6879.572281917775,30.0,159.5722819177754
S4,continuous,C,26,669,181,landing,6917.656723129848,7107.656723129848,190.0,0.0
S4,continuous,C,20,670,124,takeoff,7310.925417703217,7340.925417703217,30.0,610.9254177032171
S4,continuous,C,4,670,124,landing,7401.622800775062,7591.622800775062,190.0,0.0
S4,continuous,C,6,671,132,takeoff,6712.126970034163,6742.126970034163,30.0,2.126970034162696
S4,continuous,C,23,671,132,landing,6795.5623801970005,6985.5623801970005,190.0,0.0
S4,continuous,C,5,672,150,takeoff,6720.0,6750.0,30.0,0.0
S4,continuous,C,0,672,150,landing,7530.238990505689,7720.238990505689,190.0,603.1339357277484
S4,continuous,C,31,673,72,takeoff,6730.0,6760.0,30.0,0.0
S4,continuous,C,10,673,72,landing,6972.1935900585595,7162.1935900585595,190.0,146.42174558412898
S4,continuous,C,19,674,101,takeoff,6740.0,6770.0,30.0,0.0
S4,continuous,C,12,674,101,landing,7512.708857943408,7702.708857943408,190.0,612.7936457465739
S4,continuous,C,29,675,190,takeoff,7029.689786075669,7059.689786075669,30.0,279.68978607566896
S4,continuous,C,27,675,190,landing,7079.128307454296,7269.128307454296,190.0,0.0
S4,continuous,C,1,676,141,takeoff,7658.481530999647,7688.481530999647,30.0,898.4815309996466
S4,continuous,C,24,676,141,landing,7768.31859581023,7958.31859581023,190.0,0.0
S4,continuous,C,17,677,25,takeoff,7258.480865315748,7288.480865315748,30.0,488.4808653157479
S4,continuous,C,15,677,25,landing,7361.634517886474,7551.634517886474,190.0,0.0
S4,continuous,C,13,678,148,takeoff,7243.11549999657,7273.11549999657,30.0,403.1154999965702
S4,continuous,C,25,678,148,landing,7315.559316066861,7505.559316066861,190.0,0.0
S4,continuous,C,17,679,162,takeoff,7288.480865315748,7318.480865315748,30.0,498.4808653157479
S4,continuous,C,13,679,162,landing,7375.486683301299,7565.486683301299,190.0,0.0
S4,continuous,C,23,680,90,takeoff,6985.5623801970005,7015.5623801970005,30.0,185.5623801970005
S4,continuous,C,12,680,90,landing,7702.708857943408,7892.708857943408,190.0,507.0685512382506
S4,continuous,C,27,681,178,takeoff,6810.0,6840.0,30.0,0.0
S4,continuous,C,22,681,178,landing,7419.536678969963,7609.536678969963,190.0,521.529088219846
S4,continuous,C,3,682,93,takeoff,6946.170460078014,6976.170460078014,30.0,126.170460078014
S4,continuous,C,8,682,93,landing,7039.880522450126,7229.880522450126,190.0,0.0
S4,continuous,C,20,683,65,takeoff,7340.925417703217,7370.925417703217,30.0,510.92541770321714
S4,continuous,C,14,683,65,landing,7540.1346447487995,7730.1346447487995,190.0,68.20412303433841
S4,continuous,C,17,684,27,takeoff,7318.480865315748,7348.480865315748,30.0,478.4808653157479
S4,continuous,C,8,684,27,landing,7373.4254746879715,7563.4254746879715,190.0,0.0
S4,continuous,C,6,685,28,takeoff,6850.0,6880.0,30.0,0.0
S4,continuous,C,1,685,28,landing,7688.481530999647,7878.481530999647,190.0,626.3652612674841
S4,continuous,C,9,686,39,takeoff,6999.988947181097,7029.988947181097,30.0,139.9889471810966
S4,continuous,C,23,686,39,landing,7111.13824090035,7301.13824090035,190.0,0.0
S4,continuous,C,1,687,41,takeoff,7878.481530999647,7908.481530999647,30.0,1008.4815309996466
S4,continuous,C,24,687,41,landing,7988.31859581023,8178.31859581023,190.0,0.0
S4,continuous,C,13,688,89,takeoff,7273.11549999657,7303.11549999657,30.0,393.1154999965702
S4,continuous,C,3,688,89,landing,7359.316427987826,7549.316427987826,190.0,0.0
S4,continuous,C,14,689,55,takeoff,6890.0,6920.0,30.0,0.0
S4,continuous,C,5,689,55,landing,7717.344045283629,7907.344045283629,190.0,693.0274103903957
S4,continuous,C,15,690,19,takeoff,7067.140990369865,7097.140990369865,30.0,167.140990369865
S4,continuous,C,1,690,19,landing,7908.481530999647,8098.481530999647,190.0,669.5481801826954
S4,continuous,C,24,691,9,takeoff,7326.120084169008,7356.120084169008,30.0,416.1200841690079
S4,continuous,C,16,691,9,landing,7440.342698882115,7630.342698882115,190.0,0.0
S4,continuous,C,23,692,54,takeoff,7015.5623801970005,7045.5623801970005,30.0,95.5623801970005
S4,continuous,C,21,692,54,landing,7426.825349032607,7616.825349032607,190.0,272.10421927055995
S4,continuous,C,3,693,64,takeoff,6976.170460078014,7006.170460078014,30.0,46.170460078014
S4,continuous,C,2,693,64,landing,7683.386409474258,7873.386409474258,190.0,515.6528926539386
S4,continuous,C,31,694,4,takeoff,7104.293516804447,7134.293516804447,30.0,164.29351680444688
S4,continuous,C,25,694,4,landing,7505.559316066861,7695.559316066861,190.0,276.544564375743
S4,continuous,C,30,695,87,takeoff,7350.775510688928,7380.775510688928,30.0,400.7755106889281
S4,continuous,C,20,695,87,landing,7774.034118588631,7964.034118588631,190.0,288.7336956506633
S4,continuous,C,29,696,112,takeoff,7059.689786075669,7089.689786075669,30.0,99.68978607566896
S4,continuous,C,5,696,112,landing,7907.344045283629,8097.344045283629,190.0,697.9077638372937
S4,continuous,C,14,697,52,takeoff,7210.0,7240.0,30.0,0.0
S4,continuous,C,30,697,52,landing,7397.772701000413,7587.772701000413,190.0,0.0
S4,continuous,C,24,698,69,takeoff,7356.120084169008,7386.120084169008,30.0,376.1200841690079
S4,continuous,C,7,698,69,landing,7448.39019556543,7638.39019556543,190.0,0.0
S4,continuous,C,10,699,109,takeoff,7162.1935900585595,7192.1935900585595,30.0,172.1935900585595
S4,continuous,C,13,699,109,landing,7565.486683301299,7755.486683301299,190.0,275.05574195546615
S4,continuous,C,8,700,173,takeoff,7000.0,7030.0,30.0,0.0
S4,continuous,C,2,700,173,landing,7873.386409474258,8063.386409474258,190.0,654.7479805497996
S4,continuous,C,28,701,79,takeoff,7195.8966460650545,7225.8966460650545,30.0,185.89664606505448
S4,continuous,C,18,701,79,landing,7303.4807935250765,7493.4807935250765,190.0,0.0
S4,continuous,C,0,702,138,takeoff,7720.238990505689,7750.238990505689,30.0,700.2389905056889
S4,continuous,C,6,702,138,landing,7795.9546099204,7985.9546099204,190.0,0.0
S4,continuous,C,25,703,15,takeoff,7107.284998126192,7137.284998126192,30.0,77.28499812619157
S4,continuous,C,16,703,15,landing,7216.011459955031,7406.011459955031,190.0,0.0
S4,continuous,C,15,704,104,takeoff,7097.140990369865,7127.140990369865,30.0,57.140990369864994
S4,continuous,C,6,704,104,landing,7355.9546099204,7545.9546099204,190.0,147.36446592013
S4,continuous,C,4,705,105,takeoff,7319.540224879414,7349.540224879414,30.0,269.5402248794144
S4,continuous,C,13,705,105,landing,7755.486683301299,7945.486683301299,190.0,349.7768889247536
S4,continuous,C,22,706,131,takeoff,7184.801564912049,7214.801564912049,30.0,124.80156491204889
S4,continuous,C,20,706,131,landing,7370.925417703217,7560.925417703217,190.0,135.5946114372391
S4,continuous,C,4,707,108,takeoff,7370.0,7400.0,30.0,0.0
S4,continuous,C,11,707,108,landing,7526.549789083279,7716.549789083279,190.0,0.0
S4,continuous,C,16,708,121,takeoff,7406.011459955031,7436.011459955031,30.0,206.01145995503066
S4,continuous,C,0,708,121,landing,7750.238990505689,7940.238990505689,190.0,198.9220267517785
S4,continuous,C,15,709,94,takeoff,7127.140990369865,7157.140990369865,30.0,37.140990369864994
S4,continuous,C,27,709,94,landing,7269.128307454296,7459.128307454296,190.0,59.66304926873454
S4,continuous,C,19,710,80,takeoff,7100.0,7130.0,30.0,0.0
S4,continuous,C,7,710,80,landing,7638.39019556543,7828.39019556543,190.0,395.4776359343441
S4,continuous,C,25,711,97,takeoff,7137.284998126192,7167.284998126192,30.0,27.284998126191567
S4,continuous,C,7,711,97,landing,7828.39019556543,8018.39019556543,190.0,548.7381188786276
S4,continuous,C,11,712,139,takeoff,7360.0,7390.0,30.0,0.0
S4,continuous,C,21,712,139,landing,7616.825349032607,7806.825349032607,190.0,121.97112096335786
S4,continuous,C,0,713,58,takeoff,7940.238990505689,7970.238990505689,30.0,810.2389905056889
S4,continuous,C,28,713,58,landing,8013.935639789668,8203.935639789668,190.0,0.0
S4,continuous,C,6,714,74,takeoff,7545.9546099204,7575.9546099204,30.0,405.9546099203999
S4,continuous,C,12,714,74,landing,7892.708857943408,8082.708857943408,190.0,164.6509683482427
S4,continuous,C,15,715,18,takeoff,7157.140990369865,7187.140990369865,30.0,7.140990369864994
S4,continuous,C,26,715,18,landing,7251.175218912412,7441.175218912412,190.0,0.0
S4,continuous,C,16,716,152,takeoff,7630.342698882115,7660.342698882115,30.0,410.34269888211475
S4,continuous,C,17,716,152,landing,7749.982687090802,7939.982687090802,190.0,0.0
S4,continuous,C,31,717,56,takeoff,7513.20921097605,7543.20921097605,30.0,163.2092109760497
S4,continuous,C,1,717,56,landing,8098.481530999647,8288.481530999647,190.0,394.2720759449703
S4,continuous,C,21,718,130,takeoff,7806.825349032607,7836.825349032607,30.0,566.8253490326069
S4,continuous,C,18,718,130,landing,7917.588962413645,8107.588962413645,190.0,0.0
S4,continuous,C,3,719,144,takeoff,7190.0,7220.0,30.0,0.0
S4,continuous,C,28,719,144,landing,7284.598013660832,7474.598013660832,190.0,0.0
S4,continuous,C,5,720,24,takeoff,8097.344045283629,8127.344045283629,30.0,897.3440452836294
S4,continuous,C,9,720,24,landing,8189.758105754607,8379.758105754607,190.0,0.0
S4,continuous,C,26,721,199,takeoff,7441.175218912412,7471.175218912412,30.0,171.17521891241176
S4,continuous,C,16,721,199,landing,7678.149064095342,7868.149064095342,190.0,0.0
S4,continuous,C,7,722,103,takeoff,8018.39019556543,8048.39019556543,30.0,558.3901955654301
S4,continuous,C,20,722,103,landing,8126.515366880562,8316.515366880561,189.9999999999991,0.0
S4,continuous,C,11,723,96,takeoff,7230.0,7260.0,30.0,0.0
S4,continuous,C,7,723,96,landing,8048.39019556543,8238.39019556543,189.9999999999991,594.2122249835875
S4,continuous,C,9,724,67,takeoff,7683.768527265261,7713.768527265261,30.0,443.7685272652607
S4,continuous,C,15,724,67,landing,7798.995788557891,7988.995788557891,190.0,0.0
S4,continuous,C,27,725,167,takeoff,7459.128307454296,7489.128307454296,30.0,209.1283074542962
S4,continuous,C,17,725,167,landing,7545.311465956872,7735.311465956872,190.0,0.0
S4,continuous,C,12,726,22,takeoff,8082.708857943408,8112.708857943408,30.0,822.7088579434076
S4,continuous,C,16,726,22,landing,8194.644485634595,8384.644485634595,190.0,0.0
S4,continuous,C,14,727,68,takeoff,7270.0,7300.0,30.0,0.0
S4,continuous,C,9,727,68,landing,7713.768527265261,7903.768527265261,190.0,373.0248761220246
S4,continuous,C,12,728,175,takeoff,8112.708857943408,8142.708857943408,30.0,832.7088579434076
S4,continuous,C,28,728,175,landing,8218.30131983431,8408.30131983431,190.0,0.0
S4,continuous,C,26,729,46,takeoff,7471.175218912412,7501.175218912412,30.0,181.17521891241176
S4,continuous,C,13,729,46,landing,7945.486683301299,8135.486683301299,190.0,363.89696066325814
S4,continuous,C,0,730,17,takeoff,7970.238990505689,8000.238990505689,30.0,670.2389905056889
S4,continuous,C,19,730,17,landing,8077.178931951594,8267.178931951594,190.0,0.0
S4,continuous,C,8,731,135,takeoff,7310.0,7340.0,30.0,0.0
S4,continuous,C,28,731,135,landing,7474.598013660832,7664.598013660832,190.0,88.6467408168437
S4,continuous,C,29,732,134,takeoff,7320.0,7350.0,30.0,0.0
S4,continuous,C,8,732,134,landing,7563.4254746879715,7753.4254746879715,190.0,188.6012002708294
S4,continuous,C,22,733,51,takeoff,7609.536678969963,7639.536678969963,30.0,279.53667896996285
S4,continuous,C,26,733,51,landing,7658.102140296652,7848.102140296652,190.0,0.0
S4,continuous,C,3,734,61,takeoff,7549.316427987826,7579.316427987826,30.0,209.3164279878256
S4,continuous,C,24,734,61,landing,8178.31859581023,8368.31859581023,189.9999999999991,507.6319677135689
S4,continuous,C,3,735,144,takeoff,7579.316427987826,7609.316427987826,30.0,229.3164279878256
S4,continuous,C,21,735,144,landing,7836.825349032607,8026.825349032607,190.0,125.98821077350931
S4,continuous,C,31,736,14,takeoff,7543.20921097605,7573.20921097605,30.0,183.2092109760497
S4,continuous,C,9,736,14,landing,7903.768527265261,8093.768527265261,190.0,267.3972026966285
S4,continuous,C,8,737,170,takeoff,7753.4254746879715,7783.4254746879715,30.0,383.4254746879715
S4,continuous,C,27,737,170,landing,7795.412948752747,7985.412948752747,190.0,0.0
S4,continuous,C,29,738,85,takeoff,7380.0,7410.0,30.0,0.0
S4,continuous,C,9,738,85,landing,8379.758105754607,8569.758105754607,190.0,837.4147537046147
S4,continuous,C,8,739,179,takeoff,7783.4254746879715,7813.4254746879715,30.0,393.4254746879715
S4,continuous,C,16,739,179,landing,7868.149064095342,8058.149064095342,190.0,11.491892424730395
S4,continuous,C,21,740,5,takeoff,8026.825349032607,8056.825349032607,30.0,626.8253490326069
S4,continuous,C,26,740,5,landing,8142.295755031403,8332.295755031402,189.9999999999991,0.0
S4,continuous,C,9,741,106,takeoff,8093.768527265261,8123.768527265261,30.0,683.7685272652607
S4,continuous,C,10,741,106,landing,8172.619825947218,8362.619825947218,190.0000000000009,0.0
S4,continuous,C,7,742,11,takeoff,8238.39019556543,8268.39019556543,30.0,818.3901955654292
S4,continuous,C,5,742,11,landing,8347.841933735845,8537.841933735845,190.0,0.0
S4,continuous,C,29,743,43,takeoff,7430.0,7460.0,30.0,0.0
S4,continuous,C,26,743,43,landing,7848.102140296652,8038.102140296652,190.0,279.81673041517024
S4,continuous,C,21,744,127,takeoff,8056.825349032607,8086.825349032607,30.0,616.8253490326069
S4,continuous,C,10,744,127,landing,8362.619825947218,8552.619825947218,190.0,171.94453041126508
S4,continuous,C,2,745,18,takeoff,8063.386409474258,8093.386409474258,30.0,613.3864094742576
S4,continuous,C,13,745,18,landing,8168.922519895248,8358.922519895248,190.0,0.0
S4,continuous,C,7,746,77,takeoff,8268.39019556543,8298.39019556543,30.0,808.3901955654292
S4,continuous,C,8,746,77,landing,8347.97389422872,8537.97389422872,190.0,0.0
S4,continuous,C,11,747,180,takeoff,7470.0,7500.0,30.0,0.0
S4,continuous,C,30,747,180,landing,7603.6017043908605,7793.6017043908605,190.0,0.0
S4,continuous,C,25,748,69,takeoff,7695.559316066861,7725.559316066861,30.0,215.55931606686136
S4,continuous,C,31,748,69,landing,7800.280550953533,7990.280550953533,190.0,0.0
S4,continuous,C,5,749,52,takeoff,8127.344045283629,8157.344045283629,30.0,637.3440452836294
S4,continuous,C,6,749,52,landing,8236.496498723429,8426.496498723429,190.0,0.0
S4,continuous,C,19,750,132,takeoff,7500.0,7530.0,30.0,0.0
S4,continuous,C,18,750,132,landing,7584.605425505565,7774.605425505565,190.0,0.0
S4,continuous,C,1,751,91,takeoff,8288.481530999647,8318.481530999647,30.0,778.4815309996466
S4,continuous,C,7,751,91,landing,8405.5798043243,8595.5798043243,190.0,0.0
S4,continuous,C,7,752,33,takeoff,8298.39019556543,8328.39019556543,30.0,778.3901955654292
S4,continuous,C,21,752,33,landing,8439.363745682018,8629.363745682018,190.0,0.0
S4,continuous,C,16,753,42,takeoff,8058.149064095342,8088.149064095342,30.0,528.1490640953416
S4,continuous,C,30,753,42,landing,8177.568301423865,8367.568301423864,189.9999999999991,0.0
S4,continuous,C,12,754,32,takeoff,8142.708857943408,8172.708857943408,30.0,602.7088579434076
S4,continuous,C,13,754,32,landing,8358.922519895248,8548.922519895248,190.0,121.08656385742142
S4,continuous,C,31,755,192,takeoff,7573.20921097605,7603.20921097605,30.0,23.20921097604969
S4,continuous,C,23,755,192,landing,7700.368064853957,7890.368064853957,190.0,0.0
S4,continuous,C,22,756,117,takeoff,7639.536678969963,7669.536678969963,30.0,79.53667896996285
S4,continuous,C,24,756,117,landing,8368.31859581023,8558.31859581023,190.0,642.0459107729876
S4,continuous,C,21,757,142,takeoff,8086.825349032607,8116.825349032607,30.0,516.8253490326069
S4,continuous,C,30,757,142,landing,8367.568301423864,8557.568301423864,190.0,140.86254531164195
S4,continuous,C,6,758,31,takeoff,7985.9546099204,8015.9546099204,30.0,165.9546099203999
S4,continuous,C,5,758,31,landing,8537.841933735845,8727.841933735845,190.0,362.7348703756452
S4,continuous,C,7,759,167,takeoff,8328.39019556543,8358.39019556543,30.0,738.3901955654292
S4,continuous,C,11,759,167,landing,8472.56816614727,8662.56816614727,190.0,0.0
S4,continuous,C,1,760,92,takeoff,8318.481530999647,8348.481530999647,30.0,718.4815309996466
S4,continuous,C,15,760,92,landing,8370.273891446734,8560.273891446734,190.0,0.0
S4,continuous,C,5,761,38,takeoff,8157.344045283629,8187.344045283629,30.0,547.3440452836294
S4,continuous,C,14,761,38,landing,8251.660680176863,8441.660680176863,190.0,0.0
S4,continuous,C,29,762,82,takeoff,7620.0,7650.0,30.0,0.0
S4,continuous,C,27,762,82,landing,7985.412948752747,8175.412948752747,190.0,295.97442737411984
S4,continuous,C,30,763,75,takeoff,7793.6017043908605,7823.6017043908605,30.0,163.6017043908605
S4,continuous,C,26,763,75,landing,8332.295755031402,8522.295755031402,190.0,406.6952263319754
S4,continuous,C,4,764,157,takeoff,7640.0,7670.0,30.0,0.0
S4,continuous,C,28,764,157,landing,7734.039425689563,7924.039425689563,190.0,0.0
S4,continuous,C,21,765,150,takeoff,8116.825349032607,8146.825349032607,30.0,466.82534903260694
S4,continuous,C,12,765,150,landing,8250.941840121806,8440.941840121806,190.0,0.0
S4,continuous,C,7,766,156,takeoff,8358.39019556543,8388.39019556543,30.0,698.3901955654292
S4,continuous,C,25,766,156,landing,8440.757274126041,8630.757274126041,190.0,0.0
S4,continuous,C,29,767,147,takeoff,7670.0,7700.0,30.0,0.0
S4,continuous,C,17,767,147,landing,7939.982687090802,8129.982687090802,190.0,161.49182200329778
S4,continuous,C,5,768,47,takeoff,8187.344045283629,8217.34404528363,30.0,507.3440452836294
S4,continuous,C,24,768,47,landing,8558.31859581023,8748.31859581023,190.0,218.8006567021257
S4,continuous,C,1,769,186,takeoff,8348.481530999647,8378.481530999647,30.0,658.4815309996466
S4,continuous,C,11,769,186,landing,8662.56816614727,8852.56816614727,190.0,181.60291409979254
S4,continuous,C,27,770,100,takeoff,7700.0,7730.0,30.0,0.0
S4,continuous,C,22,770,100,landing,7755.715195132168,7945.715195132168,190.0,0.0
S4,continuous,C,9,771,71,takeoff,8123.768527265261,8153.768527265261,30.0,413.7685272652607
S4,continuous,C,12,771,71,landing,8440.941840121806,8630.941840121806,190.0,251.8076453313306
S4,continuous,C,27,772,79,takeoff,8175.412948752747,8205.412948752746,29.99999999999909,395.41294875274707
S4,continuous,C,28,772,79,landing,8408.30131983431,8598.30131983431,190.0,167.20418172342033
S4,continuous,C,25,773,115,takeoff,7730.0,7760.0,30.0,0.0
S4,continuous,C,14,773,115,landing,7836.501123311407,8026.501123311407,190.0,0.0
S4,continuous,C,10,774,89,takeoff,7740.0,7770.0,30.0,0.0
S4,continuous,C,11,774,89,landing,7869.629043645248,8059.629043645248,190.0,0.0
S4,continuous,C,18,775,68,takeoff,7774.605425505565,7804.605425505565,30.0,24.60542550556511
S4,continuous,C,11,775,68,landing,8059.629043645248,8249.629043645247,189.9999999999991,176.36561102358883
S4,continuous,C,26,776,165,takeoff,8038.102140296652,8068.102140296652,30.0,278.10214029665167
S4,continuous,C,30,776,165,landing,8557.568301423864,8747.568301423864,190.0,387.4673368186459
S4,continuous,C,3,777,155,takeoff,7770.0,7800.0,30.0,0.0
S4,continuous,C,26,777,155,landing,8522.295755031402,8712.295755031402,190.0,587.0639181592614
S4,continuous,C,25,778,99,takeoff,7780.0,7810.0,30.0,0.0
S4,continuous,C,19,778,99,landing,7854.667648610676,8044.667648610676,190.0,0.0
S4,continuous,C,8,779,158,takeoff,7813.4254746879715,7843.4254746879715,30.0,23.425474687971473
S4,continuous,C,16,779,158,landing,8384.644485634595,8574.644485634595,190.0,477.987313963984
S4,continuous,C,13,780,59,takeoff,8135.486683301299,8165.486683301299,30.0,335.4866833012993
S4,continuous,C,0,780,59,landing,8146.680416124626,8336.680416124625,189.9999999999991,0.0
S4,continuous,C,10,781,195,takeoff,7810.0,7840.0,30.0,0.0
S4,continuous,C,31,781,195,landing,7990.280550953533,8180.280550953533,190.0,84.50870647910233
S4,continuous,C,5,782,161,takeoff,8217.34404528363,8247.34404528363,30.0,397.3440452836294
S4,continuous,C,1,782,161,landing,8378.481530999647,8568.481530999647,190.0,37.58014241370074
S4,continuous,C,26,783,87,takeoff,8068.102140296652,8098.102140296652,30.0,238.10214029665167
S4,continuous,C,22,783,87,landing,8124.375206005392,8314.375206005392,190.0,0.0
S4,continuous,C,6,784,69,takeoff,8015.9546099204,8045.9546099204,30.0,175.9546099203999
S4,continuous,C,4,784,69,landing,8099.491269330447,8289.491269330447,190.0,0.0
S4,continuous,C,13,785,50,takeoff,8548.922519895248,8578.922519895248,30.0,698.9225198952481
S4,continuous,C,27,785,50,landing,8591.388103646299,8781.388103646299,190.0,0.0
S4,continuous,C,20,786,105,takeoff,7964.034118588631,7994.034118588631,30.0,104.03411858863092
S4,continuous,C,0,786,105,landing,8336.680416124625,8526.680416124625,190.0,281.45477024251795
S4,continuous,C,21,787,110,takeoff,8146.825349032607,8176.825349032607,30.0,276.82534903260694
S4,continuous,C,2,787,110,landing,8290.91545412789,8480.91545412789,190.0,0.0
S4,continuous,C,7,788,86,takeoff,8595.5798043243,8625.5798043243,30.0,715.5798043242994
S4,continuous,C,6,788,86,landing,8702.383287330304,8892.383287330304,190.0,0.0
S4,continuous,C,16,789,84,takeoff,8088.149064095342,8118.149064095342,30.0,198.1490640953416
S4,continuous,C,8,789,84,landing,8537.97389422872,8727.97389422872,190.0,366.87002572930123
S4,continuous,C,4,790,181,takeoff,7900.0,7930.0,30.0,0.0
S4,continuous,C,12,790,181,landing,8630.941840121806,8820.941840121806,190.0,609.5189091942575
S4,continuous,C,5,791,26,takeoff,8247.34404528363,8277.34404528363,30.0,337.3440452836294
S4,continuous,C,29,791,26,landing,8340.209206198488,8530.209206198488,190.0,0.0
S4,continuous,C,26,792,149,takeoff,8712.295755031402,8742.295755031402,30.0,552.2957550314022
S4,continuous,C,18,792,149,landing,8799.947952311919,8989.947952311919,190.0,0.0
S4,continuous,C,20,793,177,takeoff,7994.034118588631,8024.034118588631,30.0,64.03411858863092
S4,continuous,C,18,793,177,landing,8107.588962413645,8297.588962413645,190.0,22.88924850064177
S4,continuous,C,0,794,138,takeoff,8000.238990505689,8030.238990505689,30.0,60.23899050568889
S4,continuous,C,25,794,138,landing,8079.621184145817,8269.621184145817,190.0,0.0
S4,continuous,C,9,795,190,takeoff,8153.768527265261,8183.768527265261,30.0,203.76852726526067
S4,continuous,C,11,795,190,landing,8268.361893024767,8458.361893024767,190.0,0.0
S4,continuous,C,18,796,113,takeoff,8297.588962413645,8327.588962413645,30.0,337.5889624136453
S4,continuous,C,9,796,113,landing,8569.758105754607,8759.758105754607,190.0,171.06496241796776
S4,continuous,C,17,797,128,takeoff,8129.982687090802,8159.982687090802,30.0,159.98268709080185
S4,continuous,C,25,797,128,landing,8630.757274126041,8820.757274126041,190.0,426.7605950172656
S4,continuous,C,3,798,3,takeoff,7980.0,8010.0,30.0,0.0
S4,continuous,C,19,798,3,landing,8267.178931951594,8457.178931951594,190.0,176.5034723625322
S4,continuous,C,12,799,172,takeoff,8820.941840121806,8850.941840121806,30.0,590.9418401218063
S4,continuous,C,15,799,172,landing,8930.18367691784,9120.18367691784,190.0,0.0
S4,continuous,C,0,800,134,takeoff,8030.238990505689,8060.238990505689,30.0,30.23899050568889
S4,continuous,C,4,800,134,landing,8289.491269330447,8479.491269330447,190.0,167.01453545455843
S4,continuous,C,1,801,73,takeoff,8568.481530999647,8598.481530999647,30.0,558.4815309996466
S4,continuous,C,2,801,73,landing,8688.81612145444,8878.81612145444,190.0,0.0
S4,continuous,C,6,802,63,takeoff,8045.9546099204,8075.9546099204,30.0,25.95460992039989
S4,continuous,C,3,802,63,landing,8166.134583625842,8356.134583625842,190.0,0.0
S4,continuous,C,28,803,141,takeoff,8598.30131983431,8628.30131983431,30.0,568.3013198343106
S4,continuous,C,22,803,141,landing,8686.051179972113,8876.051179972113,190.0,0.0
S4,continuous,C,2,804,166,takeoff,8093.386409474258,8123.386409474258,30.0,53.38640947425756
S4,continuous,C,15,804,166,landing,8560.273891446734,8750.273891446734,190.0,329.042849845664
S4,continuous,C,2,805,132,takeoff,8123.386409474258,8153.386409474258,30.0,73.38640947425756
S4,continuous,C,6,805,132,landing,8426.496498723429,8616.496498723429,190.0,168.28944420752123
S4,continuous,C,1,806,35,takeoff,8598.481530999647,8628.481530999647,30.0,538.4815309996466
S4,continuous,C,30,806,35,landing,8747.568301423864,8937.568301423864,190.0,33.659889658067186
S4,continuous,C,14,807,102,takeoff,8070.0,8100.0,30.0,0.0
S4,continuous,C,16,807,102,landing,8574.644485634595,8764.644485634595,190.0,358.0429185921639
S4,continuous,C,7,808,104,takeoff,8625.5798043243,8655.5798043243,30.0,545.5798043242994
S4,continuous,C,2,808,104,landing,8878.81612145444,9068.81612145444,190.0,118.2472879328252
S4,continuous,C,2,809,8,takeoff,8153.386409474258,8183.386409474258,30.0,63.38640947425756
S4,continuous,C,4,809,8,landing,8479.491269330447,8669.491269330447,190.0,174.97766087636592
S4,continuous,C,22,810,130,takeoff,8314.375206005392,8344.375206005392,30.0,214.3752060053921
S4,continuous,C,7,810,130,landing,8655.5798043243,8845.5798043243,190.0,266.0780063604907
S4,continuous,C,20,811,199,takeoff,8316.515366880561,8346.515366880561,30.0,206.5153668805615
S4,continuous,C,22,811,199,landing,8374.75221261654,8564.75221261654,190.0,0.0
S4,continuous,C,2,812,191,takeoff,8183.386409474258,8213.386409474257,29.99999999999909,63.38640947425756
S4,continuous,C,22,812,191,landing,8876.051179972113,9066.051179972113,190.0,579.3947768224425
S4,continuous,C,14,813,78,takeoff,8130.0,8160.0,30.0,0.0
S4,continuous,C,12,813,78,landing,8850.941840121806,9040.941840121806,190.0,580.3672589040416
S4,continuous,C,19,814,119,takeoff,8457.178931951594,8487.178931951594,30.0,317.17893195159377
S4,continuous,C,22,814,119,landing,9066.051179972113,9256.051179972113,190.0,548.225124147104
S4,continuous,C,18,815,87,takeoff,8327.588962413645,8357.588962413645,30.0,177.58896241364528
S4,continuous,C,22,815,87,landing,9256.051179972113,9446.051179972113,190.0,846.8501446630489
S4,continuous,C,24,816,41,takeoff,8748.31859581023,8778.31859581023,30.0,588.3185958102295
S4,continuous,C,13,816,41,landing,8843.496917279548,9033.496917279548,190.0,0.0
S4,continuous,C,10,817,197,takeoff,8552.619825947218,8582.619825947218,30.0,382.6198259472185
S4,continuous,C,2,817,197,landing,9068.81612145444,9258.81612145444,190.0,380.3985670128841
S4,continuous,C,31,818,60,takeoff,8180.280550953533,8210.280550953532,29.99999999999909,0.2805509535328383
S4,continuous,C,22,818,60,landing,9446.051179972113,9636.051179972113,190.0,1126.7383778353305
S4,continuous,C,6,819,116,takeoff,8616.496498723429,8646.496498723429,30.0,366.4964987234289
S4,continuous,C,19,819,116,landing,8728.699654776921,8918.699654776921,190.0,0.0
S4,continuous,C,0,820,48,takeoff,8526.680416124625,8556.680416124625,30.0,326.6804161246255
S4,continuous,C,31,820,48,landing,8641.315225488706,8831.315225488706,190.0,0.0
S4,continuous,C,31,821,124,takeoff,8210.280550953532,8240.280550953532,30.0,0.2805509535319288
S4,continuous,C,5,821,124,landing,8727.841933735845,8917.841933735845,190.0,310.2936354684134
S4,continuous,C,7,822,193,takeoff,8845.5798043243,8875.5798043243,30.0,625.5798043242994
S4,continuous,C,10,822,193,landing,8935.868970138448,9125.868970138448,190.0,0.0
S4,continuous,C,31,823,114,takeoff,8240.280550953532,8270.280550953532,30.0,10.280550953531929
S4,continuous,C,24,823,114,landing,8778.31859581023,8968.31859581023,190.0,365.90202177869105
S4,continuous,C,12,824,180,takeoff,9040.941840121806,9070.941840121806,30.0,800.9418401218063
S4,continuous,C,25,824,180,landing,9107.895931492993,9297.895931492993,190.0,0.0
S4,continuous,C,26,825,125,takeoff,8742.295755031402,8772.295755031402,30.0,492.2957550314022
S4,continuous,C,8,825,125,landing,8786.764598966212,8976.764598966212,190.0,0.0
S4,continuous,C,15,826,131,takeoff,8750.273891446734,8780.273891446734,30.0,370.2738914467336
S4,continuous,C,16,826,131,landing,8832.3905228682,9022.3905228682,190.0,0.0
S4,continuous,C,30,827,153,takeoff,8937.568301423864,8967.568301423864,30.0,667.5683014238639
S4,continuous,C,19,827,153,landing,9034.598920059088,9224.598920059088,190.0,0.0
S4,continuous,C,21,828,164,takeoff,8340.0,8370.0,30.0,0.0
S4,continuous,C,8,828,164,landing,8976.764598966212,9166.764598966212,190.0,544.752424807144
S4,continuous,C,28,829,121,takeoff,8628.30131983431,8658.30131983431,30.0,338.30131983431056
S4,continuous,C,30,829,121,landing,8967.568301423864,9157.568301423864,190.0,204.67038942325598
S4,continuous,C,26,830,90,takeoff,8772.295755031402,8802.295755031402,30.0,472.2957550314022
S4,continuous,C,7,830,90,landing,8938.050368911068,9128.050368911068,190.0,0.0
S4,continuous,C,18,831,19,takeoff,8357.588962413645,8387.588962413645,30.0,47.58896241364528
S4,continuous,C,17,831,19,landing,8440.058888719139,8630.058888719139,190.0,0.0
S4,continuous,C,10,832,184,takeoff,8582.619825947218,8612.619825947218,30.0,262.6198259472185
S4,continuous,C,13,832,184,landing,9033.496917279548,9223.496917279548,190.0,356.01063428542693
S4,continuous,C,19,833,112,takeoff,8630.0,8660.0,30.0,0.0
S4,continuous,C,26,833,112,landing,8836.381604215034,9026.381604215034,190.0,0.0
S4,continuous,C,27,834,61,takeoff,8340.0,8370.0,30.0,0.0
S4,continuous,C,11,834,61,landing,8852.56816614727,9042.56816614727,190.0,383.22361413124236
S4,continuous,C,13,835,135,takeoff,8578.922519895248,8608.922519895248,30.0,228.92251989524812
S4,continuous,C,3,835,135,landing,8665.123447886503,8855.123447886503,190.0,0.0
S4,continuous,C,0,836,74,takeoff,8556.680416124625,8586.680416124625,30.0,196.68041612462548
S4,continuous,C,27,836,74,landing,8781.388103646299,8971.388103646299,190.0,177.92027514208166
S4,continuous,C,6,837,134,takeoff,8670.0,8700.0,30.0,0.0
S4,continuous,C,15,837,134,landing,9120.18367691784,9310.18367691784,190.0,298.7345232874359
S4,continuous,C,13,838,177,takeoff,8608.922519895248,8638.922519895248,30.0,228.92251989524812
S4,continuous,C,18,838,177,landing,8989.947952311919,9179.947952311919,190.0,295.8792340479049
S4,continuous,C,11,839,192,takeoff,9042.56816614727,9072.56816614727,30.0,652.56816614727
S4,continuous,C,22,839,192,landing,9636.051179972113,9826.051179972113,190.0,411.49950155454644
S4,continuous,C,22,840,76,takeoff,9826.051179972113,9856.051179972113,30.0,1126.0511799721135
S4,continuous,C,6,840,76,landing,9881.018170467949,10071.018170467949,190.0,0.0
S4,continuous,C,0,841,36,takeoff,8586.680416124625,8616.680416124625,30.0,176.68041612462548
S4,continuous,C,7,841,36,landing,9128.050368911068,9318.050368911068,190.0,359.6270428892876
S4,continuous,C,7,842,45,takeoff,8875.5798043243,8905.5798043243,30.0,455.5798043242994
S4,continuous,C,31,842,45,landing,8998.179138174559,9188.179138174559,190.0,0.0
S4,continuous,C,21,843,101,takeoff,8629.363745682018,8659.363745682018,30.0,199.3637456820179
S4,continuous,C,6,843,101,landing,8892.383287330304,9082.383287330304,190.0,128.93694521155885
S4,continuous,C,25,844,20,takeoff,8820.757274126041,8850.757274126041,30.0,380.757274126041
S4,continuous,C,26,844,20,landing,9026.381604215034,9216.381604215034,190.0,137.53988887691958
S4,continuous,C,4,845,157,takeoff,8669.491269330447,8699.491269330447,30.0,219.4912693304468
S4,continuous,C,0,845,157,landing,8749.12541191118,8939.12541191118,190.0,0.0
S4,continuous,C,25,846,100,takeoff,8850.757274126041,8880.757274126041,30.0,390.757274126041
S4,continuous,C,16,846,100,landing,9022.3905228682,9212.3905228682,190.0,62.906786913317774
S4,continuous,C,29,847,12,takeoff,8530.209206198488,8560.209206198488,30.0,60.209206198487664
S4,continuous,C,26,847,12,landing,9216.381604215034,9406.381604215034,190.0,487.8869881350638
S4,continuous,C,10,848,158,takeoff,8612.619825947218,8642.619825947218,30.0,132.6198259472185
S4,continuous,C,22,848,158,landing,9856.051179972113,10046.051179972113,190.0,1100.5373955007817
S4,continuous,C,27,849,80,takeoff,8550.0,8580.0,30.0,0.0
S4,continuous,C,4,849,80,landing,8732.02909650822,8922.02909650822,190.0,0.0
S4,continuous,C,8,850,169,takeoff,9166.764598966212,9196.764598966212,30.0,366.76459896621236
S4,continuous,C,6,850,169,landing,9205.703318832611,9395.703318832611,190.0,0.0
S4,continuous,C,25,851,92,takeoff,8880.757274126041,8910.757274126041,30.0,370.757274126041
S4,continuous,C,14,851,92,landing,9007.25839743745,9197.25839743745,190.0,0.0
S4,continuous,C,18,852,28,takeoff,8520.0,8550.0,30.0,0.0
S4,continuous,C,2,852,28,landing,9258.81612145444,9448.81612145444,190.0,597.9321085675601
S4,continuous,C,13,853,195,takeoff,8638.922519895248,8668.922519895248,30.0,108.92251989524812
S4,continuous,C,22,853,195,landing,10046.051179972113,10236.051179972113,190.0,1239.671432853478
S4,continuous,C,30,854,91,takeoff,9157.568301423864,9187.568301423864,30.0,617.5683014238639
S4,continuous,C,8,854,91,landing,9241.9127648619,9431.9127648619,190.0,0.0
S4,continuous,C,22,855,63,takeoff,10236.051179972113,10266.051179972113,30.0,1566.0511799721135
S4,continuous,C,19,855,63,landing,10288.990699463478,10478.990699463478,190.0,0.0
S4,continuous,C,15,856,96,takeoff,8780.273891446734,8810.273891446734,30.0,220.27389144673361
S4,continuous,C,25,856,96,landing,8915.134237911285,9105.134237911285,190.0,0.0
S4,continuous,C,28,857,3,takeoff,8658.30131983431,8688.30131983431,30.0,88.30131983431056
S4,continuous,C,1,857,3,landing,8750.91313602652,8940.91313602652,190.0,0.0
S4,continuous,C,6,858,65,takeoff,9082.383287330304,9112.383287330304,30.0,502.3832873303036
S4,continuous,C,22,858,65,landing,10266.051179972113,10456.051179972113,190.0,1008.7009021459744
S4,continuous,C,6,859,160,takeoff,9112.383287330304,9142.383287330304,30.0,522.3832873303036
S4,continuous,C,9,859,160,landing,9228.721671503386,9418.721671503386,190.0,0.0
S4,continuous,C,31,860,58,takeoff,8831.315225488706,8861.315225488706,30.0,171.31522548870635
S4,continuous,C,26,860,58,landing,9406.381604215034,9596.381604215034,190.0,423.5505398264122
S4,continuous,C,24,861,59,takeoff,8968.31859581023,8998.31859581023,30.0,358.31859581022945
S4,continuous,C,25,861,59,landing,9297.895931492993,9487.895931492993,190.0,237.63253595760943
S4,continuous,C,23,862,127,takeoff,8620.0,8650.0,30.0,0.0
S4,continuous,C,24,862,127,landing,8998.31859581023,9188.31859581023,190.0,203.5906640070407
S4,continuous,C,0,863,105,takeoff,8630.0,8660.0,30.0,0.0
S4,continuous,C,24,863,105,landing,9188.31859581023,9378.31859581023,190.0,363.9231266599727
S4,continuous,C,11,864,94,takeoff,9072.56816614727,9102.56816614727,30.0,432.56816614726995
S4,continuous,C,30,864,94,landing,9206.169870538131,9396.169870538131,190.0,0.0
S4,continuous,C,15,865,24,takeoff,8810.273891446734,8840.273891446734,30.0,160.27389144673361
S4,continuous,C,25,865,24,landing,9487.895931492993,9677.895931492993,190.0,542.7616935817077
S4,continuous,C,25,866,139,takeoff,9677.895931492993,9707.895931492993,30.0,1017.8959314929925
S4,continuous,C,23,866,139,landing,9737.267826426933,9927.267826426933,190.0,0.0
S4,continuous,C,31,867,46,takeoff,8861.315225488706,8891.315225488706,30.0,191.31522548870635
S4,continuous,C,4,867,46,landing,8967.968660995963,9157.968660995963,190.0,0.0
S4,continuous,C,26,868,54,takeoff,8802.295755031402,8832.295755031402,30.0,122.29575503140222
S4,continuous,C,21,868,54,landing,8937.766161030198,9127.766161030198,190.0,0.0
S4,continuous,C,14,869,75,takeoff,8690.0,8720.0,30.0,0.0
S4,continuous,C,19,869,75,landing,9224.598920059088,9414.598920059088,190.0,413.91834493164606
S4,continuous,C,30,870,25,takeoff,9396.169870538131,9426.169870538131,30.0,696.1698705381314
S4,continuous,C,20,870,25,landing,9510.69478278717,9700.69478278717,190.0,0.0
S4,continuous,C,4,871,53,takeoff,8922.02909650822,8952.02909650822,30.0,212.0290965082204
S4,continuous,C,19,871,53,landing,9414.598920059088,9604.598920059088,190.0,359.0478850636755
S4,continuous,C,5,872,44,takeoff,8917.841933735845,8947.841933735845,30.0,197.84193373584458
S4,continuous,C,0,872,44,landing,9012.343387724319,9202.343387724319,190.0,0.0
S4,continuous,C,21,873,10,takeoff,9127.766161030198,9157.766161030198,30.0,217.76616103019842
S4,continuous,C,17,873,10,landing,9253.496937754348,9443.496937754348,190.0,0.0
S4,continuous,C,25,874,199,takeoff,9707.895931492993,9737.895931492993,30.0,967.8959314929925
S4,continuous,C,16,874,199,landing,9816.622393321833,10006.622393321833,190.0,0.0
S4,continuous,C,16,875,64,takeoff,8764.644485634595,8794.644485634595,30.0,14.644485634595185
S4,continuous,C,17,875,64,landing,8884.284473843283,9074.284473843283,190.0,0.0
S4,continuous,C,23,876,137,takeoff,8760.0,8790.0,30.0,0.0
S4,continuous,C,7,876,137,landing,9318.050368911068,9508.050368911068,190.0,355.8716239622263
S4,continuous,C,15,877,111,takeoff,9310.18367691784,9340.18367691784,30.0,360.1836769178408
S4,continuous,C,6,877,111,landing,9401.632830548246,9591.632830548246,190.0,0.0
S4,continuous,C,28,878,190,takeoff,8780.0,8810.0,30.0,0.0
S4,continuous,C,24,878,190,landing,9378.31859581023,9568.31859581023,190.0,369.2140489018384
S4,continuous,C,0,879,145,takeoff,8939.12541191118,8969.12541191118,30.0,149.12541191117998
S4,continuous,C,10,879,145,landing,9125.868970138448,9315.868970138448,190.0,92.39368141417435
S4,continuous,C,25,880,3,takeoff,9737.895931492993,9767.895931492993,30.0,937.8959314929925
S4,continuous,C,3,880,3,landing,9844.974071031038,10034.974071031038,190.0,0.0
S4,continuous,C,4,881,142,takeoff,9157.968660995963,9187.968660995963,30.0,347.96866099596264
S4,continuous,C,24,881,142,landing,9568.31859581023,9758.31859581023,190.0,329.12080635921666
S4,continuous,C,13,882,128,takeoff,9223.496917279548,9253.496917279548,30.0,403.49691727954814
S4,continuous,C,8,882,128,landing,9431.9127648619,9621.9127648619,190.0,171.86493721134866
S4,continuous,C,24,883,106,takeoff,9758.31859581023,9788.31859581023,30.0,928.3185958102295
S4,continuous,C,18,883,106,landing,9830.2418992877,10020.2418992877,190.0,0.0
S4,continuous,C,24,884,170,takeoff,9788.31859581023,9818.31859581023,30.0,948.3185958102295
S4,continuous,C,27,884,170,landing,9869.461340344598,10059.461340344598,190.0,0.0
S4,continuous,C,22,885,48,takeoff,10456.051179972113,10486.051179972113,30.0,1606.0511799721135
S4,continuous,C,5,885,48,landing,10523.708522042305,10713.708522042305,190.0,0.0
S4,continuous,C,12,886,34,takeoff,9070.941840121806,9100.941840121806,30.0,210.9418401218063
S4,continuous,C,11,886,34,landing,9190.335420345382,9380.335420345382,190.0,0.0
S4,continuous,C,31,887,155,takeoff,8891.315225488706,8921.315225488706,30.0,21.315225488706346
S4,continuous,C,8,887,155,landing,9621.9127648619,9811.9127648619,190.0,616.1103249311454
S4,continuous,C,7,888,138,takeoff,8905.5798043243,8935.5798043243,30.0,25.579804324299403
S4,continuous,C,31,888,138,landing,9188.179138174559,9378.179138174559,190.0,160.0
S4,continuous,C,25,889,30,takeoff,9767.895931492993,9797.895931492993,30.0,877.8959314929925
S4,continuous,C,24,889,30,landing,9859.840731218146,10049.840731218146,190.0,0.0
S4,continuous,C,0,890,23,takeoff,8969.12541191118,8999.12541191118,30.0,69.12541191117998
S4,continuous,C,15,890,23,landing,9340.18367691784,9530.18367691784,190.0,265.6784205527856
S4,continuous,C,19,891,38,takeoff,8918.699654776921,8948.699654776921,30.0,8.699654776921307
S4,continuous,C,1,891,38,landing,9041.031976859,9231.031976859,190.0,0.0
S4,continuous,C,28,892,187,takeoff,9160.0,9190.0,30.0,0.0
S4,continuous,C,24,892,187,landing,10049.840731218146,10239.840731218146,190.0,660.7361843097551
S4,continuous,C,12,893,4,takeoff,9100.941840121806,9130.941840121806,30.0,170.9418401218063
S4,continuous,C,6,893,4,landing,9591.632830548246,9781.632830548246,190.0,368.5877107516735
S4,continuous,C,3,894,96,takeoff,8940.0,8970.0,30.0,0.0
S4,continuous,C,12,894,96,landing,9130.941840121806,9320.941840121806,190.0,37.82599949591895
S4,continuous,C,21,895,9,takeoff,9157.766161030198,9187.766161030198,30.0,207.76616103019842
S4,continuous,C,10,895,9,landing,9315.868970138448,9505.868970138448,190.0,24.252862604904294
S4,continuous,C,31,896,196,takeoff,9378.179138174559,9408.179138174559,30.0,358.17913817455883
S4,continuous,C,29,896,196,landing,9498.556075936855,9688.556075936855,190.0,0.0
S4,continuous,C,31,897,182,takeoff,9408.179138174559,9438.179138174559,30.0,438.17913817455883
S4,continuous,C,22,897,182,landing,10486.051179972113,10676.051179972113,190.0,958.8397906143036
S4,continuous,C,17,898,79,takeoff,9443.496937754348,9473.496937754348,30.0,163.49693775434753
S4,continuous,C,30,898,79,landing,9547.067013336711,9737.067013336711,190.0,0.0
S4,continuous,C,7,899,27,takeoff,9508.050368911068,9538.050368911068,30.0,518.0503689110683
S4,continuous,C,12,899,27,landing,9600.244145487128,9790.244145487128,190.0,0.0
S4,continuous,C,10,900,13,takeoff,9505.868970138448,9535.868970138448,30.0,505.8689701384483
S4,continuous,C,16,900,13,landing,9621.42649993976,9811.42649993976,190.0,0.0
S4,continuous,C,30,901,42,takeoff,9426.169870538131,9456.169870538131,30.0,416.16987053813136
S4,continuous,C,19,901,42,landing,9604.598920059088,9794.598920059088,190.0,81.39843088573252
S4,continuous,C,26,902,143,takeoff,9596.381604215034,9626.381604215034,30.0,576.3816042150338
S4,continuous,C,0,902,143,landing,9681.149646552292,9871.149646552292,190.0,0.0
S4,continuous,C,19,903,181,takeoff,9794.598920059088,9824.598920059088,30.0,764.5989200590884
S4,continuous,C,31,903,181,landing,9887.319231807673,10077.319231807673,190.0,0.0
S4,continuous,C,21,904,97,takeoff,9187.766161030198,9217.766161030198,30.0,147.76616103019842
S4,continuous,C,0,904,97,landing,9241.04854385175,9431.04854385175,190.0,0.0
S4,continuous,C,30,905,31,takeoff,9456.169870538131,9486.169870538131,30.0,406.16987053813136
S4,continuous,C,14,905,31,landing,9563.942571538544,9753.942571538544,190.0,0.0
S4,continuous,C,5,906,126,takeoff,9060.0,9090.0,30.0,0.0
S4,continuous,C,30,906,126,landing,9737.067013336711,9927.067013336711,190.0,558.814662152854
S4,continuous,C,7,907,84,takeoff,9538.050368911068,9568.050368911068,30.0,468.0503689110683
S4,continuous,C,3,907,84,landing,10034.974071031038,10224.974071031038,190.0,355.3754813026062
S4,continuous,C,0,908,16,takeoff,9202.343387724319,9232.343387724319,30.0,122.34338772431875
S4,continuous,C,9,908,16,landing,9418.721671503386,9608.721671503386,190.0,116.82957172024544
S4,continuous,C,0,909,49,takeoff,9431.04854385175,9461.04854385175,30.0,341.04854385174986
S4,continuous,C,1,909,49,landing,9467.73442338318,9657.73442338318,190.0,0.0
S4,continuous,C,23,910,5,takeoff,9100.0,9130.0,30.0,0.0
S4,continuous,C,22,910,5,landing,10676.051179972113,10866.051179972113,190.0,1413.3394319127037
S4,continuous,C,26,911,131,takeoff,9626.381604215034,9656.381604215034,30.0,516.3816042150338
S4,continuous,C,31,911,131,landing,10077.319231807673,10267.319231807673,190.0,299.42178869272357
S4,continuous,C,25,912,70,takeoff,9797.895931492993,9827.895931492993,30.0,677.8959314929925
S4,continuous,C,11,912,70,landing,9927.192768750354,10117.192768750354,190.0,0.0
S4,continuous,C,6,913,104,takeoff,9781.632830548246,9811.632830548246,30.0,591.6328305482457
S4,continuous,C,28,913,104,landing,9914.552161175392,10104.552161175392,190.0,0.0
S4,continuous,C,6,914,157,takeoff,9811.632830548246,9841.632830548246,30.0,611.6328305482457
S4,continuous,C,24,914,157,landing,10239.840731218146,10429.840731218146,190.0,286.0018737557384
S4,continuous,C,2,915,57,takeoff,9448.81612145444,9478.81612145444,30.0,298.8161214544398
S4,continuous,C,0,915,57,landing,9871.149646552292,10061.149646552292,190.0,314.2198706822455
S4,continuous,C,29,916,110,takeoff,9160.0,9190.0,30.0,0.0
S4,continuous,C,9,916,110,landing,9608.721671503386,9798.721671503386,190.0,326.3783194533935
S4,continuous,C,7,917,185,takeoff,9568.050368911068,9598.050368911068,30.0,398.0503689110683
S4,continuous,C,5,917,185,landing,9677.502107081484,9867.502107081484,190.0,0.0
S4,continuous,C,17,918,113,takeoff,9473.496937754348,9503.496937754348,30.0,233.49693775434753
S4,continuous,C,7,918,113,landing,9670.493478880326,9860.493478880326,190.0,0.0
S4,continuous,C,6,919,81,takeoff,9841.632830548246,9871.632830548246,30.0,651.6328305482457
S4,continuous,C,21,919,81,landing,9955.715426984973,10145.715426984973,190.0,0.0
S4,continuous,C,6,920,145,takeoff,10071.018170467949,10101.018170467949,30.0,871.018170467949
S4,continuous,C,31,920,145,landing,10267.319231807673,10457.319231807673,190.0,65.53582002167786
S4,continuous,C,21,921,109,takeoff,9217.766161030198,9247.766161030198,30.0,7.766161030198418
S4,continuous,C,20,921,109,landing,9700.69478278717,9890.69478278717,190.0,341.0098696397108
S4,continuous,C,31,922,98,takeoff,9438.179138174559,9468.179138174559,30.0,218.17913817455883
S4,continuous,C,8,922,98,landing,9811.9127648619,10001.9127648619,190.0,239.24641224529296
S4,continuous,C,24,923,95,takeoff,9818.31859581023,9848.31859581023,30.0,588.3185958102295
S4,continuous,C,29,923,95,landing,9917.76356640166,10107.76356640166,190.0,0.0
S4,continuous,C,19,924,174,takeoff,9824.598920059088,9854.598920059088,30.0,584.5989200590884
S4,continuous,C,31,924,174,landing,10457.319231807673,10647.319231807673,190.0,500.0
S4,continuous,C,19,925,80,takeoff,9854.598920059088,9884.598920059088,30.0,604.5989200590884
S4,continuous,C,3,925,80,landing,10224.974071031038,10414.974071031038,190.0,259.699691382888
S4,continuous,C,17,926,69,takeoff,9503.496937754348,9533.496937754348,30.0,243.49693775434753
S4,continuous,C,9,926,69,landing,9798.721671503386,9988.721671503386,190.0,169.93707179952617
S4,continuous,C,31,927,50,takeoff,9468.179138174559,9498.179138174559,30.0,198.17913817455883
S4,continuous,C,26,927,50,landing,9656.381604215034,9846.381604215034,190.0,56.68662714055972
S4,continuous,C,2,928,14,takeoff,9478.81612145444,9508.81612145444,30.0,198.81612145443978
S4,continuous,C,5,928,14,landing,9867.502107081484,10057.502107081484,190.0,262.5647759277417
S4,continuous,C,27,929,75,takeoff,9290.0,9320.0,30.0,0.0
S4,continuous,C,18,929,75,landing,9347.713124695465,9537.713124695465,190.0,0.0
S4,continuous,C,4,930,44,takeoff,9300.0,9330.0,30.0,0.0
S4,continuous,C,14,930,44,landing,9753.942571538544,9943.942571538544,190.0,354.5938508676918
S4,continuous,C,16,931,19,takeoff,9310.0,9340.0,30.0,0.0
S4,continuous,C,17,931,19,landing,9533.496937754348,9723.496937754348,190.0,83.85694954565952
S4,continuous,C,6,932,103,takeoff,10101.018170467949,10131.018170467949,30.0,781.018170467949
S4,continuous,C,26,932,103,landing,10182.07640172655,10372.07640172655,190.0,0.0
S4,continuous,C,1,933,72,takeoff,9330.0,9360.0,30.0,0.0
S4,continuous,C,9,933,72,landing,9988.721671503386,10178.721671503386,190.0,502.4938111401407
S4,continuous,C,10,934,64,takeoff,9535.868970138448,9565.868970138448,30.0,195.86897013844828
S4,continuous,C,11,934,64,landing,9665.498013783696,9855.498013783696,190.0,0.0
S4,continuous,C,30,935,194,takeoff,9927.067013336711,9957.067013336711,30.0,397.06701333671117
S4,continuous,C,14,935,194,landing,10034.839714337124,10224.839714337124,190.0,0.0
S4,continuous,C,16,936,92,takeoff,9360.0,9390.0,30.0,0.0
S4,continuous,C,31,936,92,landing,9569.954914836973,9759.954914836973,190.0,0.0
S4,continuous,C,25,937,198,takeoff,9827.895931492993,9857.895931492993,30.0,457.89593149299253
S4,continuous,C,2,937,198,landing,9948.305925185441,10138.305925185441,190.0,0.0
S4,continuous,C,2,938,47,takeoff,9508.81612145444,9538.81612145444,30.0,128.81612145443978
S4,continuous,C,11,938,47,landing,10117.192768750354,10307.192768750354,190.0,481.2341461351916
S4,continuous,C,11,939,135,takeoff,9390.0,9420.0,30.0,0.0
S4,continuous,C,0,939,135,landing,9487.40604652548,9677.40604652548,190.0,0.0
S4,continuous,C,30,940,172,takeoff,9957.067013336711,9987.067013336711,30.0,437.06701333671117
S4,continuous,C,18,940,172,landing,10034.384042961603,10224.384042961603,190.0,0.0
S4,continuous,C,22,941,132,takeoff,10866.051179972113,10896.051179972113,30.0,1456.0511799721135
S4,continuous,C,13,941,132,landing,10920.137512955129,11110.137512955129,190.0,0.0
S4,continuous,C,21,942,178,takeoff,9420.0,9450.0,30.0,0.0
S4,continuous,C,8,942,178,landing,10001.9127648619,10191.9127648619,190.0,449.9005907028313
S4,continuous,C,11,943,138,takeoff,9430.0,9460.0,30.0,0.0
S4,continuous,C,1,943,138,landing,9657.73442338318,9847.73442338318,190.0,115.25070233534825
S4,continuous,C,3,944,28,takeoff,9440.0,9470.0,30.0,0.0
S4,continuous,C,30,944,28,landing,9987.067013336711,10177.067013336711,190.0,397.8404690495645
S4,continuous,C,4,945,101,takeoff,9450.0,9480.0,30.0,0.0
S4,continuous,C,28,945,101,landing,9544.039425689563,9734.039425689563,190.0,0.0
S4,continuous,C,4,946,78,takeoff,9480.0,9510.0,30.0,20.0
S4,continuous,C,3,946,78,landing,9576.699938813708,9766.699938813708,190.0,0.0
S4,continuous,C,16,947,130,takeoff,9470.0,9500.0,30.0,0.0
S4,continuous,C,23,947,130,landing,9927.267826426933,10117.267826426933,190.0,337.88080616882144
S4,continuous,C,24,948,125,takeoff,10429.840731218146,10459.840731218146,30.0,949.8407312181462
S4,continuous,C,17,948,125,landing,10518.707490519217,10708.707490519217,190.0,0.0
S4,continuous,C,13,949,7,takeoff,9490.0,9520.0,30.0,0.0
S4,continuous,C,25,949,7,landing,9857.895931492993,10047.895931492993,190.0,215.45211542270044
S4,continuous,C,11,950,161,takeoff,9500.0,9530.0,30.0,0.0
S4,continuous,C,24,950,161,landing,10459.840731218146,10649.840731218146,190.0,772.9634036221705
S4,continuous,C,6,951,134,takeoff,10131.018170467949,10161.018170467949,30.0,621.018170467949
S4,continuous,C,9,951,134,landing,10247.356554641032,10437.356554641032,190.0,0.0
S4,continuous,C,29,952,89,takeoff,9688.556075936855,9718.556075936855,30.0,168.55607593685454
S4,continuous,C,15,952,89,landing,9716.143592324184,9906.143592324184,190.0,0.0
S4,continuous,C,22,953,137,takeoff,10896.051179972113,10926.051179972113,30.0,1366.0511799721135
S4,continuous,C,20,953,137,landing,10946.580421326042,11136.580421326042,190.0,0.0
S4,continuous,C,15,954,168,takeoff,9540.0,9570.0,30.0,0.0
S4,continuous,C,0,954,168,landing,10061.149646552292,10251.149646552292,190.0,475.76980209841713
S4,continuous,C,10,955,119,takeoff,9565.868970138448,9595.868970138448,30.0,15.868970138448276
S4,continuous,C,12,955,119,landing,9790.244145487128,9980.244145487128,190.0,164.10957365549802
S4,continuous,C,15,956,10,takeoff,9570.0,9600.0,30.0,10.0
S4,continuous,C,31,956,10,landing,10647.319231807673,10837.319231807673,190.0,887.1667778866049
S4,continuous,C,29,957,196,takeoff,9718.556075936855,9748.556075936855,30.0,148.55607593685454
S4,continuous,C,18,957,196,landing,10224.384042961603,10414.384042961603,190.0,413.0174814808561
S4,continuous,C,12,958,136,takeoff,9980.244145487128,10010.244145487128,30.0,400.24414548712775
S4,continuous,C,6,958,136,landing,10182.347425161894,10372.347425161894,190.0,0.0
S4,continuous,C,25,959,169,takeoff,10047.895931492993,10077.895931492993,30.0,457.89593149299253
S4,continuous,C,24,959,169,landing,10649.840731218146,10839.840731218146,190.0,450.0
S4,continuous,C,14,960,188,takeoff,9943.942571538544,9973.942571538544,30.0,343.94257153854414
S4,continuous,C,21,960,188,landing,10145.715426984973,10335.715426984973,190.0,65.79534459878778
S4,continuous,C,14,961,79,takeoff,9973.942571538544,10003.942571538544,30.0,363.94257153854414
S4,continuous,C,16,961,79,landing,10080.544138580975,10270.544138580975,190.0,0.0
S4,continuous,C,7,962,0,takeoff,9860.493478880326,9890.493478880326,30.0,180.4934788803257
S4,continuous,C,27,962,0,landing,10059.461340344598,10249.461340344598,190.0,107.09994173745508
S4,continuous,C,22,963,85,takeoff,10926.051179972113,10956.051179972113,30.0,1296.0511799721135
S4,continuous,C,0,963,85,landing,10987.69802417682,11177.69802417682,190.0,0.0
S4,continuous,C,18,964,52,takeoff,9640.0,9670.0,30.0,0.0
S4,continuous,C,6,964,52,landing,10372.347425161894,10562.347425161894,190.0,548.0017431269825
S4,continuous,C,28,965,73,takeoff,9734.039425689563,9764.039425689563,30.0,84.03942568956336
S4,continuous,C,6,965,73,landing,10562.347425161894,10752.347425161894,190.0,595.3886688451839
S4,continuous,C,4,966,59,takeoff,9840.0,9870.0,30.0,0.0
S4,continuous,C,12,966,59,landing,10021.422930927549,10211.422930927549,190.0,0.0
S4,continuous,C,30,967,177,takeoff,10177.067013336711,10207.067013336711,30.0,507.06701333671117
S4,continuous,C,4,967,177,landing,10264.680107130014,10454.680107130014,190.0,0.0
S4,continuous,C,21,968,179,takeoff,9680.0,9710.0,30.0,0.0
S4,continuous,C,20,968,179,landing,9890.69478278717,10080.69478278717,190.0,88.77603066990923
S4,continuous,C,25,969,2,takeoff,10077.895931492993,10107.895931492993,30.0,387.89593149299253
S4,continuous,C,5,969,2,landing,10172.854592218491,10362.854592218491,190.0,0.0
S4,continuous,C,12,970,38,takeoff,10211.422930927549,10241.422930927549,30.0,511.4229309275488
S4,continuous,C,19,970,38,landing,10478.990699463478,10668.990699463478,190.0,207.6525563390951
S4,continuous,C,30,971,97,takeoff,10207.067013336711,10237.067013336711,30.0,497.06701333671117
S4,continuous,C,0,971,97,landing,10314.354856176044,10504.354856176044,190.0,0.0
S4,continuous,C,31,972,53,takeoff,10837.319231807673,10867.319231807673,30.0,937.3192318076726
S4,continuous,C,24,972,53,landing,10929.45525488568,11119.45525488568,190.0,0.0
S4,continuous,C,22,973,189,takeoff,10956.051179972113,10986.051179972113,30.0,1226.0511799721135
S4,continuous,C,18,973,189,landing,10997.663252867533,11187.663252867533,190.0,0.0
S4,continuous,C,3,974,29,takeoff,10414.974071031038,10444.974071031038,30.0,554.974071031038
S4,continuous,C,26,974,29,landing,10540.205907903179,10730.205907903179,190.0,0.0
S4,continuous,C,15,975,16,takeoff,9906.143592324184,9936.143592324184,30.0,156.14359232418428
S4,continuous,C,21,975,16,landing,10335.715426984973,10525.715426984973,190.0,342.781500896579
S4,continuous,C,23,976,186,takeoff,10117.267826426933,10147.267826426933,30.0,357.2678264269325
S4,continuous,C,8,976,186,landing,10191.9127648619,10381.9127648619,190.0,26.71672593549738
S4,continuous,C,21,977,32,takeoff,9770.0,9800.0,30.0,0.0
S4,continuous,C,25,977,32,landing,10107.895931492993,10297.895931492993,190.0,180.0068623477764
S4,continuous,C,15,978,146,takeoff,9936.143592324184,9966.143592324184,30.0,156.14359232418428
S4,continuous,C,3,978,146,landing,10444.974071031038,10634.974071031038,190.0,383.41784830087454
S4,continuous,C,2,979,197,takeoff,9790.0,9820.0,30.0,0.0
S4,continuous,C,11,979,197,landing,10307.192768750354,10497.192768750354,190.0,370.0502675896314
S4,continuous,C,23,980,9,takeoff,10147.267826426933,10177.267826426933,30.0,347.2678264269325
S4,continuous,C,18,980,9,landing,10414.384042961603,10604.384042961603,190.0,160.6937198694668
S4,continuous,C,15,981,93,takeoff,9966.143592324184,9996.143592324184,30.0,156.14359232418428
S4,continuous,C,4,981,93,landing,10053.472854356374,10243.472854356374,190.0,0.0
S4,continuous,C,12,982,176,takeoff,10241.422930927549,10271.422930927549,30.0,421.4229309275488
S4,continuous,C,8,982,176,landing,10381.9127648619,10571.9127648619,190.0,65.95219718818225
S4,continuous,C,12,983,60,takeoff,10271.422930927549,10301.422930927549,30.0,441.4229309275488
S4,continuous,C,27,983,60,landing,10351.212440689313,10541.212440689313,190.0,0.0
S4,continuous,C,17,984,173,takeoff,9840.0,9870.0,30.0,0.0
S4,continuous,C,16,984,173,landing,10270.544138580975,10460.544138580975,190.0,290.9041503722874
S4,continuous,C,24,985,119,takeoff,10839.840731218146,10869.840731218146,30.0,989.8407312181462
S4,continuous,C,2,985,119,landing,10952.123849896896,11142.123849896896,190.0,0.0
S4,continuous,C,7,986,33,takeoff,9890.493478880326,9920.493478880326,30.0,30.49347888032571
S4,continuous,C,6,986,33,landing,10752.347425161894,10942.347425161894,190.0,635.0504632755637
S4,continuous,C,6,987,50,takeoff,10942.347425161894,10972.347425161894,30.0,1072.3474251618936
S4,continuous,C,24,987,50,landing,11119.45525488568,11309.45525488568,190.0,74.9018028096234
S4,continuous,C,6,988,67,takeoff,10972.347425161894,11002.347425161894,30.0,1092.3474251618936
S4,continuous,C,29,988,67,landing,11052.288905565101,11242.288905565101,190.0,0.0
S4,continuous,C,12,989,21,takeoff,10301.422930927549,10331.422930927549,30.0,411.4229309275488
S4,continuous,C,3,989,21,landing,10634.974071031038,10824.974071031038,190.0,200.4352994776018
S4,continuous,C,9,990,171,takeoff,10178.721671503386,10208.721671503386,30.0,278.72167150338646
S4,continuous,C,28,990,171,landing,10285.220360985928,10475.220360985928,190.0,0.0
S4,continuous,C,26,991,89,takeoff,9910.0,9940.0,30.0,0.0
S4,continuous,C,12,991,89,landing,10331.422930927549,10521.422930927549,190.0,243.35404701826337
S4,continuous,C,10,992,91,takeoff,9920.0,9950.0,30.0,0.0
S4,continuous,C,5,992,91,landing,10713.708522042305,10903.708522042305,190.0,679.2120459913804
S4,continuous,C,17,993,102,takeoff,9930.0,9960.0,30.0,0.0
S4,continuous,C,12,993,102,landing,10521.422930927549,10711.422930927549,190.0,406.6327664440596
S4,continuous,C,14,994,184,takeoff,10003.942571538544,10033.942571538544,30.0,63.94257153854414
S4,continuous,C,13,994,184,landing,10101.29566250493,10291.29566250493,190.0,0.0
S4,continuous,C,25,995,19,takeoff,10297.895931492993,10327.895931492993,30.0,347.89593149299253
S4,continuous,C,0,995,19,landing,10504.354856176044,10694.354856176044,190.0,119.68033183238731
S4,continuous,C,30,996,142,takeoff,10237.067013336711,10267.067013336711,30.0,277.06701333671117
S4,continuous,C,20,996,142,landing,10351.59192558575,10541.59192558575,190.0,0.0
S4,continuous,C,11,997,181,takeoff,10497.192768750354,10527.192768750354,30.0,527.1927687503539
S4,continuous,C,0,997,181,landing,10694.354856176044,10884.354856176044,190.0,99.75604090020897
S4,continuous,C,17,998,180,takeoff,9980.0,10010.0,30.0,0.0
S4,continuous,C,28,998,180,landing,10475.220360985928,10665.220360985928,190.0,356.0321209100148
S4,continuous,C,28,999,41,takeoff,10230.0,10260.0,30.0,0.0
S4,continuous,C,9,999,41,landing,10437.356554641032,10627.356554641032,190.0,100.85786515849031
S4,continuous,C,7,1000,30,takeoff,10000.0,10030.0,30.0,0.0
S4,continuous,C,9,1000,30,landing,10627.356554641032,10817.356554641032,190.0,499.7613754697559
S4,continuous,C,2,1001,170,takeoff,10138.305925185441,10168.305925185441,30.0,128.30592518544108
S4,continuous,C,21,1001,170,landing,10525.715426984973,10715.715426984973,190.0,203.319396704248
S4,continuous,C,4,1002,4,takeoff,10454.680107130014,10484.680107130014,30.0,374.6801071300142
S4,continuous,C,8,1002,4,landing,10571.9127648619,10761.9127648619,190.0,60.012768512637194
S4,continuous,C,30,1003,167,takeoff,10267.067013336711,10297.067013336711,30.0,237.06701333671117
S4,continuous,C,7,1003,167,landing,10370.57069328391,10560.57069328391,190.0,0.0
S4,continuous,C,15,1004,31,takeoff,10040.0,10070.0,30.0,0.0
S4,continuous,C,1,1004,31,landing,10091.792360447087,10281.792360447087,190.0,0.0
S4,continuous,C,13,1005,35,takeoff,10350.0,10380.0,30.0,0.0
S4,continuous,C,6,1005,35,landing,11002.347425161894,11192.347425161894,190.0,583.6496190225371
S4,continuous,C,12,1006,141,takeoff,10711.422930927549,10741.422930927549,30.0,651.4229309275488
S4,continuous,C,24,1006,141,landing,11309.45525488568,11499.45525488568,190.0,518.4499771534065
S4,continuous,C,20,1007,1,takeoff,10130.0,10160.0,30.0,0.0
S4,continuous,C,30,1007,1,landing,10324.524912249039,10514.524912249039,190.0,0.0
S4,continuous,C,4,1008,193,takeoff,10484.680107130014,10514.680107130014,30.0,404.6801071300142
S4,continuous,C,25,1008,193,landing,10556.641471907675,10746.641471907675,190.0,0.0
S4,continuous,C,7,1009,191,takeoff,10210.0,10240.0,30.0,0.0
S4,continuous,C,13,1009,191,landing,10380.0,10570.0,190.0,54.62246566056638
S4,continuous,C,8,1010,12,takeoff,10761.9127648619,10791.9127648619,30.0,661.9127648618996
S4,continuous,C,27,1010,12,landing,10803.900238926675,10993.900238926675,190.0,0.0
S4,continuous,C,19,1011,59,takeoff,10110.0,10140.0,30.0,0.0
S4,continuous,C,23,1011,59,landing,10207.384559102502,10397.384559102502,190.0,0.0
S4,continuous,C,0,1012,143,takeoff,10251.149646552292,10281.149646552292,30.0,131.14964655229232
S4,continuous,C,14,1012,143,landing,10344.071924155474,10534.071924155474,190.0,0.0
S4,continuous,C,5,1013,163,takeoff,10362.854592218491,10392.854592218491,30.0,172.85459221849123
S4,continuous,C,18,1013,163,landing,10604.384042961603,10794.384042961603,190.0,166.962839644797
S4,continuous,C,11,1014,23,takeoff,10527.192768750354,10557.192768750354,30.0,387.19276875035393
S4,continuous,C,8,1014,23,landing,10791.9127648619,10981.9127648619,190.0,145.1150658901406
S4,continuous,C,4,1015,101,takeoff,10514.680107130014,10544.680107130014,30.0,364.6801071300142
S4,continuous,C,29,1015,101,landing,10591.825166159348,10781.825166159348,190.0,0.0
S4,continuous,C,26,1016,133,takeoff,10372.07640172655,10402.07640172655,30.0,212.0764017265501
S4,continuous,C,2,1016,133,landing,10511.83532151306,10701.83532151306,190.0,0.0
S4,continuous,C,28,1017,58,takeoff,10665.220360985928,10695.220360985928,30.0,435.220360985928
S4,continuous,C,21,1017,58,landing,10781.719730457233,10971.719730457233,190.0,0.0
S4,continuous,C,12,1018,151,takeoff,10741.422930927549,10771.422930927549,30.0,561.4229309275488
S4,continuous,C,6,1018,151,landing,11192.347425161894,11382.347425161894,190.0,328.82121455957895
S4,continuous,C,20,1019,20,takeoff,10190.0,10220.0,30.0,0.0
S4,continuous,C,29,1019,20,landing,10277.85384511749,10467.85384511749,190.0,0.0
S4,continuous,C,5,1020,25,takeoff,10392.854592218491,10422.854592218491,30.0,192.85459221849123
S4,continuous,C,21,1020,25,landing,10971.719730457233,11161.719730457233,190.0,390.66569116425126
S4,continuous,C,29,1021,75,takeoff,10467.85384511749,10497.85384511749,30.0,197.85384511748998
S4,continuous,C,4,1021,75,landing,10561.880238602631,10751.880238602631,190.0,0.0
S4,continuous,C,8,1022,190,takeoff,10981.9127648619,11011.9127648619,30.0,761.9127648618996
S4,continuous,C,20,1022,190,landing,11136.580421326042,11326.580421326042,190.0,114.10375361767547
S4,continuous,C,25,1023,76,takeoff,10746.641471907675,10776.641471907675,30.0,216.6414719076747
S4,continuous,C,31,1023,76,landing,10911.362706794349,11101.362706794349,190.0,0.0
S4,continuous,C,29,1024,40,takeoff,10240.0,10270.0,30.0,0.0
S4,continuous,C,3,1024,40,landing,10824.974071031038,11014.974071031038,190.0,432.591292037956
S4,continuous,C,22,1025,2,takeoff,10986.051179972113,11016.051179972113,30.0,736.0511799721135
S4,continuous,C,19,1025,2,landing,11038.990699463478,11228.990699463478,190.0,0.0
S4,continuous,C,10,1026,62,takeoff,10260.0,10290.0,30.0,0.0
S4,continuous,C,2,1026,62,landing,10701.83532151306,10891.83532151306,190.0,306.03759301872196
S4,continuous,C,17,1027,123,takeoff,10270.0,10300.0,30.0,0.0
S4,continuous,C,26,1027,123,landing,10730.205907903179,10920.205907903179,190.0,367.13784167511585
S4,continuous,C,20,1028,195,takeoff,10580.0,10610.0,30.0,0.0
S4,continuous,C,6,1028,195,landing,11382.347425161894,11572.347425161894,190.0,616.6980992651243
S4,continuous,C,18,1029,43,takeoff,10794.384042961603,10824.384042961603,30.0,504.384042961603
S4,continuous,C,11,1029,43,landing,10903.042050077696,11093.042050077696,190.0,0.0
S4,continuous,C,23,1030,116,takeoff,10600.0,10630.0,30.0,0.0
S4,continuous,C,6,1030,116,landing,11572.347425161894,11762.347425161894,190.0,768.9120149990558
S4,continuous,C,12,1031,34,takeoff,10771.422930927549,10801.422930927549,30.0,461.4229309275488
S4,continuous,C,17,1031,34,landing,10856.213095411038,11046.213095411038,190.0,0.0
S4,continuous,C,15,1032,13,takeoff,10560.0,10590.0,30.0,0.0
S4,continuous,C,6,1032,13,landing,11762.347425161894,11952.347425161894,190.0,990.8982715314887
S4,continuous,C,30,1033,78,takeoff,10514.524912249039,10544.524912249039,30.0,184.5249122490386
S4,continuous,C,25,1033,78,landing,10776.641471907675,10966.641471907675,190.0,173.8406613448842
S4,continuous,C,4,1034,177,takeoff,10751.880238602631,10781.880238602631,30.0,411.8802386026309
S4,continuous,C,6,1034,177,landing,11952.347425161894,12142.347425161894,190.0,996.9305271492158
S4,continuous,C,1,1035,128,takeoff,10350.0,10380.0,30.0,0.0
S4,continuous,C,7,1035,128,landing,10560.57069328391,10750.57069328391,190.0,93.47241995925651
S4,continuous,C,0,1036,65,takeoff,10884.354856176044,10914.354856176044,30.0,524.3548561760435
S4,continuous,C,8,1036,65,landing,11011.9127648619,11201.9127648619,190.0,73.6937263560012
S4,continuous,C,30,1037,90,takeoff,10544.524912249039,10574.524912249039,30.0,174.5249122490386
S4,continuous,C,14,1037,90,landing,10652.297613249451,10842.297613249451,190.0,0.0
S4,continuous,C,6,1038,147,takeoff,12142.347425161894,12172.347425161894,30.0,1762.3474251618936
S4,continuous,C,25,1038,147,landing,12221.286760815789,12411.286760815789,190.0,0.0
S4,continuous,C,30,1039,16,takeoff,10574.524912249039,10604.524912249039,30.0,184.5249122490386
S4,continuous,C,7,1039,16,landing,10750.57069328391,10940.57069328391,190.0,72.54210108767256
S4,continuous,C,11,1040,162,takeoff,10557.192768750354,10587.192768750354,30.0,157.19276875035393
S4,continuous,C,19,1040,162,landing,10694.117492707208,10884.117492707208,190.0,0.0
S4,continuous,C,9,1041,111,takeoff,10817.356554641032,10847.356554641032,30.0,407.35655464103183
S4,continuous,C,24,1041,111,landing,11499.45525488568,11689.45525488568,190.0,566.3611539905178
S4,continuous,C,4,1042,11,takeoff,10781.880238602631,10811.880238602631,30.0,361.8802386026309
S4,continuous,C,9,1042,11,landing,10874.258268643613,11064.258268643613,190.0,0.0
S4,continuous,C,16,1043,150,takeoff,10460.544138580975,10490.544138580975,30.0,30.544138580975414
S4,continuous,C,5,1043,150,landing,10903.708522042305,11093.708522042305,190.0,300.0203372755532
S4,continuous,C,17,1044,8,takeoff,10440.0,10470.0,30.0,0.0
S4,continuous,C,31,1044,8,landing,11101.362706794349,11291.362706794349,190.0,459.99795144650125
S4,continuous,C,7,1045,184,takeoff,10940.57069328391,10970.57069328391,30.0,490.57069328390935
S4,continuous,C,19,1045,184,landing,11228.990699463478,11418.990699463478,190.0,165.50744654848313
S4,continuous,C,9,1046,60,takeoff,11064.258268643613,11094.258268643613,30.0,604.2582686436126
S4,continuous,C,16,1046,60,landing,11178.38057099016,11368.38057099016,190.0,0.0
S4,continuous,C,14,1047,179,takeoff,10534.071924155474,10564.071924155474,30.0,64.07192415547433
S4,continuous,C,9,1047,179,landing,11094.258268643613,11284.258268643613,190.0,429.4426933449013
S4,continuous,C,25,1048,183,takeoff,10480.0,10510.0,30.0,0.0
S4,continuous,C,24,1048,183,landing,11689.45525488568,11879.45525488568,190.0,1037.5104551605255
S4,continuous,C,2,1049,171,takeoff,10891.83532151306,10921.83532151306,30.0,401.83532151305917
S4,continuous,C,13,1049,171,landing,11110.137512955129,11300.137512955129,190.0,112.76608102107821
S4,continuous,C,1,1050,0,takeoff,10500.0,10530.0,30.0,0.0
S4,continuous,C,8,1050,0,landing,11201.9127648619,11391.9127648619,190.0,610.556153794183
S4,continuous,C,27,1051,153,takeoff,10541.212440689313,10571.212440689313,30.0,31.212440689312643
S4,continuous,C,9,1051,153,landing,11284.258268643613,11474.258268643613,190.0,578.4127925795765
S4,continuous,C,29,1052,69,takeoff,10520.0,10550.0,30.0,0.0
S4,continuous,C,11,1052,69,landing,10634.66678586371,10824.66678586371,190.0,0.0
S4,continuous,C,23,1053,159,takeoff,10530.0,10560.0,30.0,0.0
S4,continuous,C,16,1053,159,landing,10649.387020258111,10839.387020258111,190.0,0.0
S4,continuous,C,29,1054,59,takeoff,10550.0,10580.0,30.0,10.0
S4,continuous,C,23,1054,59,landing,10691.97315129031,10881.97315129031,190.0,0.0
S4,continuous,C,1,1055,1,takeoff,10550.0,10580.0,30.0,0.0
S4,continuous,C,20,1055,1,landing,10651.343938322614,10841.343938322614,190.0,0.0
S4,continuous,C,5,1056,188,takeoff,11093.708522042305,11123.708522042305,30.0,533.708522042305
S4,continuous,C,0,1056,188,landing,11188.20997603078,11378.20997603078,190.0,0.0
S4,continuous,C,7,1057,28,takeoff,10970.57069328391,11000.57069328391,30.0,400.57069328390935
S4,continuous,C,31,1057,28,landing,11291.362706794349,11481.362706794349,190.0,178.19267966018015
S4,continuous,C,22,1058,165,takeoff,11016.051179972113,11046.051179972113,30.0,436.05117997211346
S4,continuous,C,20,1058,165,landing,11326.580421326042,11516.580421326042,190.0,240.0
S4,continuous,C,7,1059,175,takeoff,11000.57069328391,11030.57069328391,30.0,410.57069328390935
S4,continuous,C,27,1059,175,landing,11092.438613010727,11282.438613010727,190.0,0.0
S4,continuous,C,28,1060,198,takeoff,10695.220360985928,10725.220360985928,30.0,95.22036098592798
S4,continuous,C,19,1060,198,landing,11418.990699463478,11608.990699463478,190.0,542.6794944061076
S4,continuous,C,5,1061,180,takeoff,11123.708522042305,11153.708522042305,30.0,513.708522042305
S4,continuous,C,3,1061,180,landing,11215.705410382046,11405.705410382046,190.0,0.0
S4,continuous,C,1,1062,140,takeoff,10620.0,10650.0,30.0,0.0
S4,continuous,C,23,1062,140,landing,10881.97315129031,11071.97315129031,190.0,162.98110607231138
S4,continuous,C,23,1063,57,takeoff,10630.0,10660.0,30.0,0.0
S4,continuous,C,12,1063,57,landing,10801.422930927549,10991.422930927549,190.0,41.345004419390534
S4,continuous,C,9,1064,77,takeoff,11474.258268643613,11504.258268643613,30.0,834.2582686436126
S4,continuous,C,27,1064,77,landing,11558.891304018336,11748.891304018336,190.0,0.0
S4,continuous,C,26,1065,136,takeoff,10920.205907903179,10950.205907903179,30.0,270.20590790317874
S4,continuous,C,30,1065,136,landing,11032.204732211747,11222.204732211747,190.0,0.0
S4,continuous,C,5,1066,45,takeoff,11153.708522042305,11183.708522042305,30.0,493.70852204230505
S4,continuous,C,28,1066,45,landing,11250.654124954806,11440.654124954806,190.0,0.0
S4,continuous,C,24,1067,120,takeoff,10869.840731218146,10899.840731218146,30.0,199.84073121814617
S4,continuous,C,28,1067,120,landing,10978.945278126537,11168.945278126537,190.0,0.0
S4,continuous,C,11,1068,138,takeoff,11093.042050077696,11123.042050077696,30.0,173.04205007769633
S4,continuous,C,5,1068,138,landing,11208.16495716332,11398.16495716332,190.0,0.0
S4,continuous,C,14,1069,94,takeoff,10842.297613249451,10872.297613249451,30.0,152.2976132494514
S4,continuous,C,28,1069,94,landing,11440.654124954806,11630.654124954806,190.0,479.5064349773438
S4,continuous,C,17,1070,21,takeoff,10708.707490519217,10738.707490519217,30.0,8.707490519216663
S4,continuous,C,23,1070,21,landing,11071.97315129031,11261.97315129031,190.0,278.5580070189317
S4,continuous,C,25,1071,92,takeoff,10966.641471907675,10996.641471907675,30.0,256.6414719076747
S4,continuous,C,21,1071,92,landing,11161.719730457233,11351.719730457233,190.0,57.18918940434196
S4,continuous,C,9,1072,93,takeoff,11504.258268643613,11534.258268643613,30.0,784.2582686436126
S4,continuous,C,0,1072,93,landing,11611.20337991297,11801.20337991297,190.0,0.0
S4,continuous,C,25,1073,160,takeoff,10996.641471907675,11026.641471907675,30.0,266.6414719076747
S4,continuous,C,10,1073,160,landing,11064.148024542514,11254.148024542514,190.0,0.0
S4,continuous,C,19,1074,156,takeoff,10884.117492707208,10914.117492707208,30.0,144.11749270720793
S4,continuous,C,16,1074,156,landing,11368.38057099016,11558.38057099016,190.0,337.57756227614664
S4,continuous,C,3,1075,114,takeoff,11014.974071031038,11044.974071031038,30.0,264.97407103103797
S4,continuous,C,21,1075,114,landing,11351.719730457233,11541.719730457233,190.0,185.2249491549228
S4,continuous,C,9,1076,131,takeoff,11534.258268643613,11564.258268643613,30.0,774.2582686436126
S4,continuous,C,13,1076,131,landing,11636.219554603138,11826.219554603138,190.0,0.0
S4,continuous,C,3,1077,52,takeoff,11044.974071031038,11074.974071031038,30.0,274.97407103103797
S4,continuous,C,18,1077,52,landing,11187.663252867533,11377.663252867533,190.0,55.87115398059359
S4,continuous,C,20,1078,89,takeoff,10841.343938322614,10871.343938322614,30.0,61.34393832261412
S4,continuous,C,17,1078,89,landing,11046.213095411038,11236.213095411038,190.0,129.97851059453023
S4,continuous,C,22,1079,102,takeoff,11046.051179972113,11076.051179972113,30.0,256.05117997211346
S4,continuous,C,26,1079,102,landing,11094.616641298804,11284.616641298804,190.0,0.0
