scenario_id,sweep,model,vertiport_id,flight_id,aircraft_id,operation,start_s,end_s,duration_s,pad_delay_s
S2,continuous,A,1,0,8,takeoff,0.0,30.0,30.0,0.0
S2,continuous,A,4,0,8,landing,117.67438730489717,307.67438730489715,190.0,0.0
S2,continuous,A,1,1,97,takeoff,30.0,60.0,30.0,20.0
S2,continuous,A,4,1,97,landing,307.67438730489715,497.67438730489715,190.0,160.0
S2,continuous,A,4,2,80,takeoff,20.0,50.0,30.0,0.0
S2,continuous,A,0,2,80,landing,128.16986184819663,318.16986184819666,190.00000000000003,0.0
S2,continuous,A,8,3,36,takeoff,30.0,60.0,30.0,0.0
S2,continuous,A,10,3,36,landing,84.7472853939374,274.74728539393743,190.00000000000003,0.0
S2,continuous,A,7,4,54,takeoff,40.0,70.0,30.0,0.0
S2,continuous,A,8,4,54,landing,109.23066712802456,299.23066712802455,190.0,0.0
S2,continuous,A,10,5,34,takeoff,50.0,80.0,30.0,0.0
S2,continuous,A,8,5,34,landing,299.23066712802455,489.23066712802455,190.0,195.13220274825545
S2,continuous,A,9,6,66,takeoff,60.0,90.0,30.0,0.0
S2,continuous,A,0,6,66,landing,318.16986184819666,508.16986184819666,190.0,162.0941941790413
S2,continuous,A,1,7,25,takeoff,70.0,100.0,30.0,0.0
S2,continuous,A,2,7,25,landing,146.13553112220026,336.1355311222003,190.00000000000003,0.0
S2,continuous,A,11,8,9,takeoff,80.0,110.0,30.0,0.0
S2,continuous,A,9,8,9,landing,153.9530203576942,343.9530203576942,190.0,0.0
S2,continuous,A,1,9,56,takeoff,100.0,130.0,30.0,10.0
S2,continuous,A,9,9,56,landing,343.9530203576942,533.9530203576942,190.0,139.52831592860971
S2,continuous,A,9,10,47,takeoff,100.0,130.0,30.0,0.0
S2,continuous,A,5,10,47,landing,197.0500265510404,387.0500265510404,190.0,0.0
S2,continuous,A,5,11,39,takeoff,110.0,140.0,30.0,0.0
S2,continuous,A,7,11,39,landing,179.86060847879642,369.8606084787964,189.99999999999997,0.0
S2,continuous,A,7,12,14,takeoff,120.0,150.0,30.0,0.0
S2,continuous,A,8,12,14,landing,489.23066712802455,679.2306671280246,190.00000000000006,300.0
S2,continuous,A,5,13,22,takeoff,140.0,170.0,30.0,10.0
S2,continuous,A,7,13,22,landing,369.8606084787964,559.8606084787964,190.0,159.99999999999997
S2,continuous,A,4,14,7,takeoff,497.67438730489715,527.6743873048972,30.000000000000057,357.67438730489715
S2,continuous,A,9,14,7,landing,617.8196076030738,807.8196076030738,190.0,0.0
S2,continuous,A,7,15,51,takeoff,559.8606084787964,589.8606084787964,30.0,409.8606084787964
S2,continuous,A,3,15,51,landing,599.4793470256576,789.4793470256576,190.0,0.0
S2,continuous,A,10,16,55,takeoff,274.74728539393743,304.74728539393743,30.0,114.74728539393743
S2,continuous,A,0,16,55,landing,508.16986184819666,698.1698618481967,190.0,190.3197838161937
S2,continuous,A,9,17,6,takeoff,533.9530203576942,563.9530203576942,30.0,363.9530203576942
S2,continuous,A,2,17,6,landing,594.5850949552032,784.5850949552032,190.0,0.0
S2,continuous,A,7,18,0,takeoff,589.8606084787964,619.8606084787964,30.0,409.8606084787964
S2,continuous,A,4,18,0,landing,672.1994462491443,862.1994462491443,190.0,0.0
S2,continuous,A,3,19,60,takeoff,190.0,220.0,30.0,0.0
S2,continuous,A,1,19,60,landing,257.57565325872474,447.57565325872474,190.0,0.0
S2,continuous,A,8,20,41,takeoff,679.2306671280246,709.2306671280246,30.0,479.2306671280246
S2,continuous,A,5,20,41,landing,767.1956067231832,957.1956067231832,190.0,0.0
S2,continuous,A,11,21,37,takeoff,210.0,240.0,30.0,0.0
S2,continuous,A,5,21,37,landing,387.0500265510404,577.0500265510404,190.00000000000006,115.80569075609043
S2,continuous,A,2,22,24,takeoff,336.1355311222003,366.1355311222003,30.0,116.13553112220029
S2,continuous,A,3,22,24,landing,381.15618860496136,571.1561886049614,190.0,0.0
S2,continuous,A,11,23,68,takeoff,240.0,270.0,30.0,10.0
S2,continuous,A,7,23,68,landing,619.8606084787964,809.8606084787964,190.0,342.0575373049464
S2,continuous,A,3,24,31,takeoff,240.0,270.0,30.0,0.0
S2,continuous,A,8,24,31,landing,709.2306671280246,899.2306671280246,190.0,406.1470953148865
S2,continuous,A,11,25,50,takeoff,270.0,300.0,30.0,20.0
S2,continuous,A,7,25,50,landing,809.8606084787964,999.8606084787964,190.0,502.0575373049464
S2,continuous,A,11,26,1,takeoff,300.0,330.0,30.0,40.0
S2,continuous,A,0,26,1,landing,698.1698618481967,888.1698618481967,190.0,336.03689384868585
S2,continuous,A,9,27,99,takeoff,563.9530203576942,593.9530203576942,30.0,293.9530203576942
S2,continuous,A,0,27,99,landing,888.1698618481967,1078.1698618481967,190.0,228.14117382134714
S2,continuous,A,0,28,72,takeoff,1078.1698618481967,1108.1698618481967,30.0,798.1698618481967
S2,continuous,A,2,28,72,landing,1146.1347583213928,1336.1347583213928,190.0,0.0
S2,continuous,A,9,29,23,takeoff,807.8196076030738,837.8196076030738,30.0,517.8196076030738
S2,continuous,A,5,29,23,landing,957.1956067231832,1147.1956067231831,189.9999999999999,52.325972569068995
S2,continuous,A,3,30,64,takeoff,300.0,330.0,30.0,0.0
S2,continuous,A,4,30,64,landing,862.1994462491443,1052.1994462491443,190.0,465.7533613487973
S2,continuous,A,3,31,40,takeoff,330.0,360.0,30.0,20.0
S2,continuous,A,6,31,40,landing,392.9406946964148,582.9406946964148,189.99999999999994,0.0
S2,continuous,A,4,32,67,takeoff,527.6743873048972,557.6743873048972,30.0,207.6743873048972
S2,continuous,A,1,32,67,landing,645.3487746097943,835.3487746097943,190.0,0.0
S2,continuous,A,2,33,84,takeoff,366.1355311222003,396.1355311222003,30.0,36.13553112220029
S2,continuous,A,7,33,84,landing,999.8606084787964,1189.8606084787964,190.0,585.293975239182
S2,continuous,A,5,34,19,takeoff,577.0500265510404,607.0500265510404,30.0,237.05002655104045
S2,continuous,A,6,34,19,landing,671.0763667291891,861.0763667291891,190.0,0.0
S2,continuous,A,6,35,59,takeoff,350.0,380.0,30.0,0.0
S2,continuous,A,1,35,59,landing,447.57565325872474,637.5756532587247,190.0,15.87196116969028
S2,continuous,A,0,36,95,takeoff,1108.1698618481967,1138.1698618481967,30.0,748.1698618481967
S2,continuous,A,6,36,95,landing,1176.3723866195446,1366.3723866195446,190.0,0.0
S2,continuous,A,1,37,48,takeoff,835.3487746097943,865.3487746097943,30.0,465.3487746097943
S2,continuous,A,7,37,48,landing,1189.8606084787964,1379.8606084787964,190.0,295.70304825909557
S2,continuous,A,8,38,9,takeoff,899.2306671280246,929.2306671280246,30.0,519.2306671280246
S2,continuous,A,7,38,9,landing,1379.8606084787964,1569.8606084787964,190.0,411.3992742227472
S2,continuous,A,4,39,73,takeoff,557.6743873048972,587.6743873048972,30.0,167.6743873048972
S2,continuous,A,6,39,73,landing,861.0763667291891,1051.076366729189,189.9999999999999,193.52827588685614
S2,continuous,A,8,40,63,takeoff,929.2306671280246,959.2306671280246,30.0,529.2306671280246
S2,continuous,A,7,40,63,landing,1569.8606084787964,1759.8606084787964,190.0,571.3992742227472
S2,continuous,A,9,41,39,takeoff,837.8196076030738,867.8196076030738,30.0,427.8196076030738
S2,continuous,A,0,41,39,landing,1138.1698618481967,1328.1698618481967,190.0,204.27458657596753
S2,continuous,A,2,42,69,takeoff,420.0,450.0,30.0,0.0
S2,continuous,A,1,42,69,landing,865.3487746097943,1055.3487746097944,190.0000000000001,369.21324348759407
S2,continuous,A,10,43,62,takeoff,430.0,460.0,30.0,0.0
S2,continuous,A,5,43,62,landing,1147.1956067231831,1337.1956067231831,190.0,660.2598685533986
S2,continuous,A,7,44,8,takeoff,1759.8606084787964,1789.8606084787964,30.0,1319.8606084787964
S2,continuous,A,1,44,8,landing,1818.6693940887033,2008.6693940887033,190.0,0.0
S2,continuous,A,2,45,42,takeoff,450.0,480.0,30.0,0.0
S2,continuous,A,11,45,42,landing,489.7822622442145,679.7822622442145,190.0,0.0
S2,continuous,A,4,46,20,takeoff,587.6743873048972,617.6743873048972,30.0,127.67438730489721
S2,continuous,A,3,46,20,landing,789.4793470256576,979.4793470256576,190.0,105.35887482041346
S2,continuous,A,6,47,46,takeoff,582.9406946964148,612.9406946964148,30.0,112.94069469641477
S2,continuous,A,3,47,46,landing,979.4793470256576,1169.4793470256577,190.0000000000001,333.5979576328282
S2,continuous,A,5,48,77,takeoff,607.0500265510404,637.0500265510404,30.0,127.05002655104045
S2,continuous,A,11,48,77,landing,679.7822622442145,869.7822622442145,190.0,11.4878998982241
S2,continuous,A,5,49,30,takeoff,637.0500265510404,667.0500265510404,30.0,147.05002655104045
S2,continuous,A,6,49,30,landing,1366.3723866195446,1556.3723866195446,190.0,635.2960198903555
S2,continuous,A,10,50,66,takeoff,500.0,530.0,30.0,0.0
S2,continuous,A,6,50,66,landing,1556.3723866195446,1746.3723866195446,190.0,1009.4311587642184
S2,continuous,A,3,51,56,takeoff,1169.4793470256577,1199.4793470256577,30.0,659.4793470256577
S2,continuous,A,6,51,56,landing,1746.3723866195446,1936.3723866195446,190.0,513.9523448974721
S2,continuous,A,9,52,24,takeoff,867.8196076030738,897.8196076030738,30.0,347.8196076030738
S2,continuous,A,11,52,24,landing,941.772627960768,1131.772627960768,190.0,0.0
S2,continuous,A,5,53,36,takeoff,667.0500265510404,697.0500265510404,30.0,137.05002655104045
S2,continuous,A,10,53,36,landing,724.6345857349933,914.6345857349933,190.0,0.0
S2,continuous,A,3,54,47,takeoff,1199.4793470256577,1229.4793470256577,30.0,659.4793470256577
S2,continuous,A,9,54,47,landing,1270.3597137385573,1460.3597137385573,190.0,0.0
S2,continuous,A,4,55,49,takeoff,617.6743873048972,647.6743873048972,30.0,67.67438730489721
S2,continuous,A,3,55,49,landing,1229.4793470256577,1419.4793470256577,190.0,515.3588748204136
S2,continuous,A,3,56,16,takeoff,1419.4793470256577,1449.4793470256577,30.0,859.4793470256577
S2,continuous,A,4,56,16,landing,1515.9254319260049,1705.9254319260049,190.0,0.0
S2,continuous,A,6,57,92,takeoff,612.9406946964148,642.9406946964148,30.0,42.940694696414766
S2,continuous,A,8,57,92,landing,959.2306671280246,1149.2306671280246,190.0,254.0048726000423
S2,continuous,A,4,58,12,takeoff,1052.1994462491443,1082.1994462491443,30.0,472.19944624914433
S2,continuous,A,1,58,12,landing,1169.8738335540415,1359.8738335540415,190.0,0.0
S2,continuous,A,4,59,26,takeoff,1082.1994462491443,1112.1994462491443,30.0,492.19944624914433
S2,continuous,A,11,59,26,landing,1148.384939017247,1338.384939017247,190.0,0.0
S2,continuous,A,7,60,18,takeoff,1789.8606084787964,1819.8606084787964,30.0,1189.8606084787964
S2,continuous,A,6,60,18,landing,1936.3723866195446,2126.3723866195446,190.0,100.24468657665034
S2,continuous,A,4,61,82,takeoff,1112.1994462491443,1142.1994462491443,30.0,502.19944624914433
S2,continuous,A,6,61,82,landing,2126.3723866195446,2316.3723866195446,190.0,904.2992368329647
S2,continuous,A,6,62,44,takeoff,1051.076366729189,1081.076366729189,30.0,431.076366729189
S2,continuous,A,0,62,44,landing,1328.1698618481967,1518.1698618481967,190.0,208.89097034765973
S2,continuous,A,1,63,29,takeoff,1055.3487746097944,1085.3487746097944,30.0,425.3487746097944
S2,continuous,A,8,63,29,landing,1151.6659846666664,1341.6659846666664,190.0,0.0
S2,continuous,A,4,64,28,takeoff,1142.1994462491443,1172.1994462491443,30.0,502.19944624914433
S2,continuous,A,11,64,28,landing,1338.384939017247,1528.384939017247,190.0,130.0
S2,continuous,A,7,65,6,takeoff,1819.8606084787964,1849.8606084787964,30.0,1169.8606084787964
S2,continuous,A,8,65,6,landing,1889.091275606821,2079.091275606821,190.0,0.0
S2,continuous,A,9,66,53,takeoff,897.8196076030738,927.8196076030738,30.0,237.8196076030738
S2,continuous,A,7,66,53,landing,1849.8606084787964,2039.8606084787964,190.0,874.6203189931825
S2,continuous,A,9,67,90,takeoff,927.8196076030738,957.8196076030738,30.0,257.8196076030738
S2,continuous,A,5,67,90,landing,1337.1956067231831,1527.1956067231831,190.0,312.3259725690689
S2,continuous,A,11,68,11,takeoff,869.7822622442145,899.7822622442145,30.0,189.7822622442145
S2,continuous,A,6,68,11,landing,2316.3723866195446,2506.3723866195446,190.0,1382.443266440143
S2,continuous,A,8,69,2,takeoff,1341.6659846666664,1371.6659846666664,30.0,651.6659846666664
S2,continuous,A,7,69,2,landing,2039.8606084787964,2229.860608478796,189.99999999999977,628.9639566841054
S2,continuous,A,7,70,0,takeoff,2229.860608478796,2259.860608478796,30.0,1529.8606084787962
S2,continuous,A,9,70,0,landing,2307.2812903613362,2497.2812903613362,190.0,0.0
S2,continuous,A,5,71,86,takeoff,710.0,740.0,30.0,0.0
S2,continuous,A,1,71,86,landing,1359.8738335540415,1549.8738335540415,190.0,550.6128974653726
S2,continuous,A,7,72,25,takeoff,2259.860608478796,2289.860608478796,30.0,1539.8606084787962
S2,continuous,A,5,72,25,landing,2329.7212169575923,2519.7212169575923,190.0,0.0
S2,continuous,A,7,73,74,takeoff,2289.860608478796,2319.860608478796,30.0,1559.8606084787962
S2,continuous,A,3,73,74,landing,2329.4793470256573,2519.4793470256573,190.0,0.0
S2,continuous,A,4,74,10,takeoff,1172.1994462491443,1202.1994462491443,30.0,432.19944624914433
S2,continuous,A,9,74,10,landing,1460.3597137385573,1650.3597137385573,190.0,168.01504719123636
S2,continuous,A,11,75,70,takeoff,899.7822622442145,929.7822622442145,30.0,149.7822622442145
S2,continuous,A,7,75,70,landing,2319.860608478796,2509.860608478796,190.0,1382.2752750607317
S2,continuous,A,7,76,17,takeoff,2509.860608478796,2539.860608478796,30.0,1749.8606084787962
S2,continuous,A,5,76,17,landing,2579.7212169575923,2769.7212169575923,190.0,0.0
S2,continuous,A,0,77,27,takeoff,1518.1698618481967,1548.1698618481967,30.0,748.1698618481967
S2,continuous,A,1,77,27,landing,1595.637620526483,1785.637620526483,190.0,0.0
S2,continuous,A,7,78,37,takeoff,2539.860608478796,2569.860608478796,30.0,1759.8606084787962
S2,continuous,A,9,78,37,landing,2617.2812903613362,2807.2812903613362,190.0,0.0
S2,continuous,A,4,79,68,takeoff,1202.1994462491443,1232.1994462491443,30.0,412.19944624914433
S2,continuous,A,9,79,68,landing,1650.3597137385573,1840.3597137385573,190.0,328.01504719123636
S2,continuous,A,10,80,97,takeoff,914.6345857349933,944.6345857349933,30.0,114.63458573499327
S2,continuous,A,11,80,97,landing,1528.384939017247,1718.384939017247,190.0,583.5141570219187
S2,continuous,A,10,81,3,takeoff,944.6345857349933,974.6345857349933,30.0,134.63458573499327
S2,continuous,A,2,81,3,landing,1336.1347583213928,1526.1347583213928,190.0,357.8689054005707
S2,continuous,A,1,82,50,takeoff,1085.3487746097944,1115.3487746097944,30.0,265.3487746097944
S2,continuous,A,0,82,50,landing,1548.1698618481967,1738.1698618481967,190.0,385.35332856011587
S2,continuous,A,4,83,58,takeoff,1232.1994462491443,1262.1994462491443,30.0,402.19944624914433
S2,continuous,A,5,83,58,landing,1527.1956067231831,1717.1956067231831,190.0,187.13816353217385
S2,continuous,A,8,84,35,takeoff,1371.6659846666664,1401.6659846666664,30.0,531.6659846666664
S2,continuous,A,2,84,35,landing,1526.1347583213928,1716.1347583213928,190.0,104.12465406871956
S2,continuous,A,11,85,4,takeoff,1718.384939017247,1748.384939017247,30.0,868.384939017247
S2,continuous,A,8,85,4,landing,2079.091275606821,2269.091275606821,190.0,295.9950469455821
S2,continuous,A,9,86,19,takeoff,957.8196076030738,987.8196076030738,30.0,97.81960760307379
S2,continuous,A,8,86,19,landing,1401.6659846666664,1591.6659846666664,190.0,365.67858699552426
S2,continuous,A,11,87,32,takeoff,1748.384939017247,1778.384939017247,30.0,878.384939017247
S2,continuous,A,2,87,32,landing,1788.1672012614615,1978.1672012614615,190.0,0.0
S2,continuous,A,3,88,21,takeoff,1449.4793470256577,1479.4793470256577,30.0,569.4793470256577
S2,continuous,A,6,88,21,landing,2506.3723866195446,2696.3723866195446,190.0,993.9523448974721
S2,continuous,A,0,89,83,takeoff,1738.1698618481967,1768.1698618481967,30.0,848.1698618481967
S2,continuous,A,11,89,83,landing,1800.3028298477075,1990.3028298477075,190.0,0.0
S2,continuous,A,6,90,64,takeoff,1081.076366729189,1111.076366729189,30.0,181.07636672918898
S2,continuous,A,11,90,64,landing,1990.3028298477075,2180.3028298477075,190.0,845.0796051833315
S2,continuous,A,10,91,93,takeoff,974.6345857349933,1004.6345857349933,30.0,64.63458573499327
S2,continuous,A,3,91,93,landing,1479.4793470256577,1669.4793470256577,190.0,476.08797183729905
S2,continuous,A,7,92,57,takeoff,2569.860608478796,2599.860608478796,30.0,1649.8606084787962
S2,continuous,A,8,92,57,landing,2639.0912756068205,2829.0912756068205,190.0,0.0
S2,continuous,A,10,93,88,takeoff,1004.6345857349933,1034.6345857349934,30.000000000000114,74.63458573499327
S2,continuous,A,9,93,88,landing,1066.9314606900077,1256.9314606900077,190.0,0.0
S2,continuous,A,1,94,14,takeoff,1115.3487746097944,1145.3487746097944,30.0,175.34877460979442
S2,continuous,A,2,94,14,landing,1978.1672012614615,2168.1672012614617,190.00000000000023,786.6828955294666
S2,continuous,A,1,95,89,takeoff,1549.8738335540415,1579.8738335540415,30.0,599.8738335540415
S2,continuous,A,11,95,89,landing,2180.3028298477075,2370.3028298477075,190.0,559.15430518261
S2,continuous,A,10,96,96,takeoff,1034.6345857349934,1064.6345857349934,30.0,74.63458573499338
S2,continuous,A,4,96,96,landing,1262.1994462491443,1452.1994462491443,190.0,150.56301286949474
S2,continuous,A,3,97,85,takeoff,1669.4793470256577,1699.4793470256577,30.0,699.4793470256577
S2,continuous,A,6,97,85,landing,2696.3723866195446,2886.3723866195446,190.0,963.9523448974721
S2,continuous,A,6,98,7,takeoff,1111.076366729189,1141.076366729189,30.0,131.07636672918898
S2,continuous,A,10,98,7,landing,1158.6664155986834,1348.6664155986834,190.0,0.0
S2,continuous,A,10,99,61,takeoff,1064.6345857349934,1094.6345857349934,30.0,74.63458573499338
S2,continuous,A,6,99,61,landing,2886.3723866195446,3076.3723866195446,190.0,1774.796573029225
S2,continuous,A,1,100,54,takeoff,1785.637620526483,1815.637620526483,30.0,785.637620526483
S2,continuous,A,0,100,54,landing,1863.1053792047694,2053.1053792047696,190.00000000000023,0.0
S2,continuous,A,2,101,60,takeoff,1010.0,1040.0,30.0,0.0
S2,continuous,A,10,101,60,landing,1348.6664155986834,1538.6664155986834,190.0,304.38632739868626
S2,continuous,A,8,102,45,takeoff,1591.6659846666664,1621.6659846666664,30.0,571.6659846666664
S2,continuous,A,4,102,45,landing,1705.9254319260049,1895.9254319260049,190.0,3.5452483842996116
S2,continuous,A,11,103,75,takeoff,2370.3028298477075,2400.3028298477075,30.0,1340.3028298477075
S2,continuous,A,4,103,75,landing,2436.4883226158104,2626.4883226158104,190.0,0.0
S2,continuous,A,8,104,98,takeoff,1621.6659846666664,1651.6659846666664,30.0,581.6659846666664
S2,continuous,A,1,104,98,landing,2008.6693940887033,2198.6693940887035,190.00000000000023,290.68619936516484
S2,continuous,A,3,105,67,takeoff,1699.4793470256577,1729.4793470256577,30.0,649.4793470256577
S2,continuous,A,5,105,67,landing,1773.439245230454,1963.439245230454,190.0,0.0
S2,continuous,A,2,106,22,takeoff,1060.0,1090.0,30.0,0.0
S2,continuous,A,0,106,22,landing,2053.1053792047696,2243.1053792047696,190.0,925.1404827315735
S2,continuous,A,0,107,34,takeoff,1768.1698618481967,1798.1698618481967,30.0,698.1698618481967
S2,continuous,A,1,107,34,landing,2198.6693940887035,2388.6693940887035,190.0,353.03177356222045
S2,continuous,A,10,108,41,takeoff,1094.6345857349934,1124.6345857349934,30.0,14.63458573499338
S2,continuous,A,9,108,41,landing,1840.3597137385573,2030.3597137385573,190.0,683.4282530485493
S2,continuous,A,3,109,23,takeoff,1729.4793470256577,1759.4793470256577,30.0,639.4793470256577
S2,continuous,A,10,109,23,landing,1758.8849574931917,1948.8849574931917,190.0,0.0
S2,continuous,A,10,110,87,takeoff,1124.6345857349934,1154.6345857349934,30.0,24.63458573499338
S2,continuous,A,4,110,87,landing,1895.9254319260049,2085.925431926005,190.0,694.2889985463553
S2,continuous,A,9,111,91,takeoff,2030.3597137385573,2060.3597137385573,30.0,920.3597137385573
S2,continuous,A,4,111,91,landing,2150.504934036734,2340.504934036734,190.0,0.0
S2,continuous,A,7,112,33,takeoff,2599.860608478796,2629.860608478796,30.0,1479.8606084787962
S2,continuous,A,11,112,33,landing,2637.6636796526464,2827.6636796526464,190.0,0.0
S2,continuous,A,1,113,51,takeoff,2388.6693940887035,2418.6693940887035,30.0,1258.6693940887035
S2,continuous,A,11,113,51,landing,2827.6636796526464,3017.6636796526464,190.0,367.71959445288667
S2,continuous,A,9,114,46,takeoff,2060.3597137385573,2090.3597137385573,30.0,920.3597137385573
S2,continuous,A,1,114,46,landing,2418.6693940887035,2608.6693940887035,190.0,253.8849759210616
S2,continuous,A,8,115,99,takeoff,1651.6659846666664,1681.6659846666664,30.0,501.6659846666664
S2,continuous,A,11,115,99,landing,2400.3028298477075,2590.3028298477075,190.0,683.9255555370491
S2,continuous,A,0,116,72,takeoff,1798.1698618481967,1828.1698618481967,30.0,638.1698618481967
S2,continuous,A,2,116,72,landing,2168.1672012614617,2358.1672012614617,190.0,302.0324429400689
S2,continuous,A,7,117,43,takeoff,2629.860608478796,2659.860608478796,30.0,1459.8606084787962
S2,continuous,A,0,117,43,landing,2674.570797182904,2864.570797182904,190.0,0.0
S2,continuous,A,6,118,1,takeoff,3076.3723866195446,3106.3723866195446,30.0,1896.3723866195446
S2,continuous,A,7,118,1,landing,3122.6394781836425,3312.6394781836425,190.0,0.0
S2,continuous,A,6,119,26,takeoff,3106.3723866195446,3136.3723866195446,30.0,1916.3723866195446
S2,continuous,A,7,119,26,landing,3312.6394781836425,3502.6394781836425,190.0,160.0
S2,continuous,A,4,120,52,takeoff,1452.1994462491443,1482.1994462491443,30.0,252.19944624914433
S2,continuous,A,6,120,52,landing,3136.3723866195446,3326.3723866195446,190.0,1574.2992368329647
S2,continuous,A,7,121,84,takeoff,2659.860608478796,2689.860608478796,30.0,1449.8606084787962
S2,continuous,A,1,121,84,landing,2718.669394088703,2908.669394088703,190.0,0.0
S2,continuous,A,4,122,12,takeoff,1482.1994462491443,1512.1994462491443,30.0,262.19944624914433
S2,continuous,A,6,122,12,landing,3326.3723866195446,3516.3723866195446,190.0,1734.2992368329647
S2,continuous,A,5,123,76,takeoff,1717.1956067231831,1747.1956067231831,30.0,487.1956067231831
S2,continuous,A,7,123,76,landing,2689.860608478796,2879.860608478796,190.0,902.8043932768167
S2,continuous,A,3,124,5,takeoff,1759.4793470256577,1789.4793470256577,30.0,519.4793470256577
S2,continuous,A,2,124,5,landing,2358.1672012614617,2548.1672012614617,190.0,553.6671967530428
S2,continuous,A,1,125,7,takeoff,2608.6693940887035,2638.6693940887035,30.0,1358.6693940887035
S2,continuous,A,8,125,7,landing,2829.0912756068205,3019.0912756068205,190.0,124.10467146124529
S2,continuous,A,8,126,48,takeoff,1681.6659846666664,1711.6659846666664,30.0,421.6659846666664
S2,continuous,A,11,126,48,landing,3017.6636796526464,3207.6636796526464,190.0,1271.286405341988
S2,continuous,A,7,127,92,takeoff,2879.860608478796,2909.860608478796,30.0,1609.8606084787962
S2,continuous,A,6,127,92,landing,3516.3723866195446,3706.3723866195446,190.0,590.2446865766506
S2,continuous,A,8,128,39,takeoff,1711.6659846666664,1741.6659846666664,30.0,431.6659846666664
S2,continuous,A,1,128,39,landing,2908.669394088703,3098.669394088703,190.0,1100.6861993651646
S2,continuous,A,10,129,78,takeoff,1538.6664155986834,1568.6664155986834,30.0,248.66641559868344
S2,continuous,A,11,129,78,landing,3207.6636796526464,3397.6636796526464,190.0,1638.7610677936277
S2,continuous,A,7,130,24,takeoff,2909.860608478796,2939.860608478796,30.0,1609.8606084787962
S2,continuous,A,4,130,24,landing,2992.1994462491443,3182.1994462491443,190.0,0.0
S2,continuous,A,6,131,80,takeoff,3706.3723866195446,3736.3723866195446,30.0,2396.3723866195446
S2,continuous,A,1,131,80,landing,3788.076078708579,3978.076078708579,190.0,0.0
S2,continuous,A,7,132,15,takeoff,2939.860608478796,2969.860608478796,30.0,1619.8606084787962
S2,continuous,A,11,132,15,landing,3397.6636796526464,3587.6636796526464,190.0,420.0
S2,continuous,A,1,133,79,takeoff,2638.6693940887035,2668.6693940887035,30.0,1308.6693940887035
S2,continuous,A,4,133,79,landing,2756.3437813936007,2946.3437813936007,190.0,0.0
S2,continuous,A,1,134,69,takeoff,2668.6693940887035,2698.6693940887035,30.0,1328.6693940887035
S2,continuous,A,8,134,69,landing,3019.0912756068205,3209.0912756068205,190.0,254.1046714612453
S2,continuous,A,6,135,95,takeoff,3736.3723866195446,3766.3723866195446,30.0,2386.3723866195446
S2,continuous,A,8,135,95,landing,3828.657486451112,4018.657486451112,190.0,0.0
S2,continuous,A,6,136,42,takeoff,3766.3723866195446,3796.3723866195446,30.0,2406.3723866195446
S2,continuous,A,8,136,42,landing,4018.657486451112,4208.657486451112,190.0,160.0
S2,continuous,A,0,137,47,takeoff,1828.1698618481967,1858.1698618481967,30.0,458.16986184819666
S2,continuous,A,8,137,47,landing,2269.091275606821,2459.091275606821,190.0,352.91049366377547
S2,continuous,A,10,138,31,takeoff,1568.6664155986834,1598.6664155986834,30.0,188.66641559868344
S2,continuous,A,8,138,31,landing,3209.0912756068205,3399.0912756068205,190.0,1586.326395628368
S2,continuous,A,10,139,59,takeoff,1598.6664155986834,1628.6664155986834,30.0,208.66641559868344
S2,continuous,A,4,139,59,landing,3182.1994462491443,3372.1994462491443,190.0,1506.5311830058045
S2,continuous,A,1,140,55,takeoff,3098.669394088703,3128.669394088703,30.0,1698.669394088703
S2,continuous,A,5,140,55,landing,3197.9303301773716,3387.9303301773716,190.0,0.0
S2,continuous,A,6,141,90,takeoff,3796.3723866195446,3826.3723866195446,30.0,2386.3723866195446
S2,continuous,A,7,141,90,landing,3842.6394781836425,4032.6394781836425,190.0,0.0
S2,continuous,A,6,142,88,takeoff,3826.3723866195446,3856.3723866195446,30.0,2406.3723866195446
S2,continuous,A,7,142,88,landing,4032.6394781836425,4222.6394781836425,190.0,160.0
S2,continuous,A,11,143,77,takeoff,2590.3028298477075,2620.3028298477075,30.0,1160.3028298477075
S2,continuous,A,7,143,77,landing,3502.6394781836425,3692.6394781836425,190.0,874.5335771620848
S2,continuous,A,2,144,30,takeoff,1716.1347583213928,1746.1347583213928,30.0,276.13475832139284
S2,continuous,A,0,144,30,landing,2243.1053792047696,2433.1053792047696,190.0,459.0057244101806
S2,continuous,A,0,145,29,takeoff,2433.1053792047696,2463.1053792047696,30.0,983.1053792047696
S2,continuous,A,1,145,29,landing,3128.669394088703,3318.669394088703,190.0,618.096256205647
S2,continuous,A,9,146,9,takeoff,2090.3597137385573,2120.3597137385573,30.0,630.3597137385573
S2,continuous,A,8,146,9,landing,3399.0912756068205,3589.0912756068205,190.0,1230.563771800195
S2,continuous,A,9,147,40,takeoff,2120.3597137385573,2150.3597137385573,30.0,650.3597137385573
S2,continuous,A,0,147,40,landing,2463.1053792047696,2653.1053792047696,190.0,246.66999779705702
S2,continuous,A,5,148,65,takeoff,1963.439245230454,1993.439245230454,30.0,483.43924523045393
S2,continuous,A,0,148,65,landing,2864.570797182904,3054.570797182904,190.0,810.1725189929762
S2,continuous,A,3,149,60,takeoff,1789.4793470256577,1819.4793470256577,30.0,299.4793470256577
S2,continuous,A,5,149,60,landing,1993.439245230454,2183.4392452304537,189.99999999999977,130.0
S2,continuous,A,9,150,81,takeoff,2150.3597137385573,2180.3597137385573,30.0,650.3597137385573
S2,continuous,A,11,150,81,landing,3587.6636796526464,3777.6636796526464,190.0,1363.350945556395
S2,continuous,A,9,151,73,takeoff,2180.3597137385573,2210.3597137385573,30.0,670.3597137385573
S2,continuous,A,4,151,73,landing,3372.1994462491443,3562.1994462491443,190.0,1071.6945122124102
S2,continuous,A,3,152,19,takeoff,1819.4793470256577,1849.4793470256577,30.0,299.4793470256577
S2,continuous,A,1,152,19,landing,3318.669394088703,3508.669394088703,190.0,1431.6143938043203
S2,continuous,A,9,153,36,takeoff,2210.3597137385573,2240.3597137385573,30.0,680.3597137385573
S2,continuous,A,7,153,36,landing,4222.6394781836425,4412.6394781836425,190.0,1934.8590825625452
S2,continuous,A,6,154,3,takeoff,3856.3723866195446,3886.3723866195446,30.0,2316.3723866195446
S2,continuous,A,0,154,3,landing,3924.574911390893,4114.574911390893,190.00000000000045,0.0
S2,continuous,A,11,155,16,takeoff,3777.6636796526464,3807.6636796526464,30.0,2227.6636796526464
S2,continuous,A,7,155,16,landing,4412.6394781836425,4602.6394781836425,190.0,597.172727357146
S2,continuous,A,5,156,58,takeoff,2183.4392452304537,2213.4392452304537,30.0,623.4392452304537
S2,continuous,A,4,156,58,landing,3562.1994462491443,3752.1994462491443,190.0,1270.902204076826
S2,continuous,A,7,157,86,takeoff,2969.860608478796,2999.860608478796,30.0,1399.8606084787962
S2,continuous,A,5,157,86,landing,3387.9303301773716,3577.9303301773716,190.0,348.2091132197793
S2,continuous,A,1,158,20,takeoff,3508.669394088703,3538.669394088703,30.0,1928.669394088703
S2,continuous,A,6,158,20,landing,3886.3723866195446,4076.3723866195446,190.0,295.999300441807
S2,continuous,A,10,159,71,takeoff,1628.6664155986834,1658.6664155986834,30.0,38.66641559868344
S2,continuous,A,0,159,71,landing,3054.570797182904,3244.570797182904,190.0,1382.8015889461549
S2,continuous,A,1,160,94,takeoff,3538.669394088703,3568.669394088703,30.0,1938.669394088703
S2,continuous,A,7,160,94,landing,4602.6394781836425,4792.6394781836425,190.0,1005.1612984850326
S2,continuous,A,0,161,62,takeoff,3244.570797182904,3274.570797182904,30.0,1634.5707971829038
S2,continuous,A,2,161,62,landing,3312.5356936560997,3502.5356936560997,190.0,0.0
S2,continuous,A,3,162,13,takeoff,1849.4793470256577,1879.4793470256577,30.0,229.47934702565772
S2,continuous,A,2,162,13,landing,2548.1672012614617,2738.1672012614617,190.0,653.6671967530428
S2,continuous,A,5,163,27,takeoff,2213.4392452304537,2243.4392452304537,30.0,583.4392452304537
S2,continuous,A,10,163,27,landing,2271.023804414406,2461.023804414406,190.0,0.0
S2,continuous,A,0,164,10,takeoff,3274.570797182904,3304.570797182904,30.0,1634.5707971829038
S2,continuous,A,2,164,10,landing,3502.5356936560997,3692.5356936560997,190.0,160.0
S2,continuous,A,8,165,97,takeoff,1741.6659846666664,1771.6659846666664,30.0,91.66598466666642
S2,continuous,A,1,165,97,landing,3568.669394088703,3758.669394088703,190.0,1730.6861993651646
S2,continuous,A,3,166,50,takeoff,1879.4793470256577,1909.4793470256577,30.0,219.47934702565772
S2,continuous,A,8,166,50,landing,3589.0912756068205,3779.0912756068205,190.0,1646.5283567680247
S2,continuous,A,2,167,35,takeoff,1746.1347583213928,1776.1347583213928,30.0,76.13475832139284
S2,continuous,A,11,167,35,landing,3807.6636796526464,3997.6636796526464,190.0,2021.746659087039
S2,continuous,A,10,168,68,takeoff,1680.0,1710.0,30.0,0.0
S2,continuous,A,8,168,68,landing,4208.657486451112,4398.657486451112,190.0,2474.559022071343
S2,continuous,A,0,169,66,takeoff,3304.570797182904,3334.570797182904,30.0,1614.5707971829038
S2,continuous,A,7,169,66,landing,4792.6394781836425,4982.6394781836425,190.0,1443.358492296631
S2,continuous,A,5,170,38,takeoff,2243.4392452304537,2273.4392452304537,30.0,543.4392452304537
S2,continuous,A,11,170,38,landing,3997.6636796526464,4187.663679652646,190.0,1692.9800986272426
S2,continuous,A,4,171,96,takeoff,2085.925431926005,2115.925431926005,30.0,375.9254319260049
S2,continuous,A,3,171,96,landing,2519.4793470256573,2709.4793470256573,190.0,337.1078301993057
S2,continuous,A,2,172,45,takeoff,2738.1672012614617,2768.1672012614617,30.0,1018.1672012614617
S2,continuous,A,8,172,45,landing,4398.657486451112,4588.657486451112,190.0,1610.146165603644
S2,continuous,A,2,173,63,takeoff,2768.1672012614617,2798.1672012614617,30.0,1038.1672012614617
S2,continuous,A,7,173,63,landing,4982.6394781836425,5172.6394781836425,190.0,2166.041174804767
S2,continuous,A,11,174,28,takeoff,4187.663679652646,4217.663679652646,30.0,2447.6636796526464
S2,continuous,A,9,174,28,landing,4261.6167000103405,4451.6167000103405,190.0,0.0
S2,continuous,A,4,175,49,takeoff,2115.925431926005,2145.925431926005,30.0,365.9254319260049
S2,continuous,A,1,175,49,landing,3978.076078708579,4168.076078708579,190.0,1744.476259477677
S2,continuous,A,1,176,44,takeoff,4168.076078708579,4198.076078708579,30.0,2408.076078708579
S2,continuous,A,0,176,44,landing,4245.543837386865,4435.543837386865,190.0,0.0
S2,continuous,A,1,177,93,takeoff,4198.076078708579,4228.076078708579,30.0,2428.076078708579
S2,continuous,A,3,177,93,landing,4265.651731967303,4455.651731967303,190.0,0.0
S2,continuous,A,0,178,56,takeoff,3334.570797182904,3364.570797182904,30.0,1554.5707971829038
S2,continuous,A,10,178,56,landing,3378.322410835138,3568.322410835138,190.0,0.0
S2,continuous,A,11,179,23,takeoff,4217.663679652646,4247.663679652646,30.0,2427.6636796526464
S2,continuous,A,9,179,23,landing,4451.6167000103405,4641.6167000103405,190.0,160.0
S2,continuous,A,11,180,32,takeoff,4247.663679652646,4277.663679652646,30.0,2447.6636796526464
S2,continuous,A,4,180,32,landing,4313.84917242075,4503.84917242075,190.0,0.0
S2,continuous,A,4,181,67,takeoff,2340.504934036734,2370.504934036734,30.0,530.5049340367341
S2,continuous,A,7,181,67,landing,5172.6394781836425,5362.6394781836425,190.0,2749.7957063765602
S2,continuous,A,3,182,83,takeoff,1909.4793470256577,1939.4793470256577,30.0,89.47934702565772
S2,continuous,A,1,182,83,landing,4228.076078708579,4418.076078708579,190.0,2251.0210784241963
S2,continuous,A,8,183,8,takeoff,1830.0,1860.0,30.0,0.0
S2,continuous,A,7,183,8,landing,5362.6394781836425,5552.6394781836425,190.0,3463.4088110556177
S2,continuous,A,7,184,41,takeoff,2999.860608478796,3029.860608478796,30.0,1149.500894740239
S2,continuous,A,5,184,41,landing,3577.9303301773716,3767.9303301773716,190.0,508.2091132197793
S2,continuous,A,4,185,53,takeoff,2370.504934036734,2400.504934036734,30.0,510.64432555793746
S2,continuous,A,6,185,53,landing,4076.3723866195446,4266.372386619545,190.00000000000045,1595.9937490453744
S2,continuous,A,0,186,54,takeoff,3364.570797182904,3394.570797182904,30.0,1491.4654179781344
S2,continuous,A,7,186,54,landing,5552.6394781836425,5742.6394781836425,190.0,2143.358492296631
S2,continuous,A,0,187,6,takeoff,3394.570797182904,3424.570797182904,30.0,1495.4795215760828
S2,continuous,A,9,187,6,landing,3490.646464852059,3680.646464852059,190.0,0.0
S2,continuous,A,4,188,87,takeoff,2400.504934036734,2430.504934036734,30.0,494.5795021107292
S2,continuous,A,1,188,87,landing,4418.076078708579,4608.076078708579,190.0,1899.896757366948
S2,continuous,A,1,189,18,takeoff,4608.076078708579,4638.076078708579,30.0,2661.7036920890346
S2,continuous,A,0,189,18,landing,4685.543837386865,4875.543837386865,190.0,0.0
S2,continuous,A,9,190,14,takeoff,2240.3597137385573,2270.3597137385573,30.0,252.19251247709576
S2,continuous,A,1,190,14,landing,4638.076078708579,4828.076078708579,190.0,2293.2916605409373
S2,continuous,A,6,191,64,takeoff,4266.372386619545,4296.372386619545,30.0,2266.0695567718376
S2,continuous,A,3,191,64,landing,4455.651731967303,4645.651731967303,190.0,126.33865065134341
S2,continuous,A,7,192,60,takeoff,3029.860608478796,3059.860608478796,30.0,1026.4213632483422
S2,continuous,A,11,192,60,landing,4277.663679652646,4467.663679652646,190.0,1210.0
S2,continuous,A,8,193,98,takeoff,2459.091275606821,2489.091275606821,30.0,440.42188151811774
S2,continuous,A,5,193,98,landing,2769.7212169575923,2959.7212169575923,190.0,222.66500175561305
S2,continuous,A,0,194,2,takeoff,3424.570797182904,3454.570797182904,30.0,1374.7101887041076
S2,continuous,A,5,194,2,landing,3767.9303301773716,3957.9303301773716,190.0,252.40050003499437
S2,continuous,A,5,195,22,takeoff,2273.4392452304537,2303.4392452304537,30.0,210.33386602568407
S2,continuous,A,0,195,22,landing,3454.570797182904,3644.570797182904,190.0,1090.1725189929766
S2,continuous,A,11,196,4,takeoff,4467.663679652646,4497.663679652646,30.0,2378.572404045826
S2,continuous,A,1,196,4,landing,4828.076078708579,5018.076078708579,190.0,289.13770794487755
S2,continuous,A,10,197,82,takeoff,2136.3723866195446,2166.3723866195446,30.0,0.0
S2,continuous,A,11,197,82,landing,4497.663679652646,4687.663679652646,190.0,2331.0550967727663
S2,continuous,A,6,198,91,takeoff,4296.372386619545,4326.372386619545,30.0,2135.867452582811
S2,continuous,A,0,198,91,landing,4435.543837386865,4625.543837386865,190.0,70.96892599597231
S2,continuous,A,5,199,72,takeoff,2519.7212169575923,2549.7212169575923,30.0,341.5540156961306
S2,continuous,A,10,199,72,landing,2577.305776141545,2767.305776141545,190.0,0.0
S2,continuous,A,6,200,89,takeoff,4326.372386619545,4356.372386619545,30.0,2136.0695567718376
S2,continuous,A,11,200,89,landing,4687.663679652646,4877.663679652646,190.0,297.14443509791454
S2,continuous,A,5,201,34,takeoff,2549.7212169575923,2579.7212169575923,30.0,341.05182286888885
S2,continuous,A,10,201,34,landing,2767.305776141545,2957.305776141545,190.0,160.0
S2,continuous,A,0,202,30,takeoff,3644.570797182904,3674.570797182904,30.0,1391.4654179781342
S2,continuous,A,8,202,30,landing,4588.657486451112,4778.657486451112,190.0,856.0757691733597
S2,continuous,A,0,203,47,takeoff,3674.570797182904,3704.570797182904,30.0,1395.4795215760832
S2,continuous,A,9,203,47,landing,3770.646464852059,3960.646464852059,190.0,0.0
S2,continuous,A,11,204,27,takeoff,4877.663679652646,4907.663679652646,30.0,2597.2886962524085
S2,continuous,A,0,204,27,landing,4939.796647652157,5129.796647652157,190.0,0.0
S2,continuous,A,6,205,0,takeoff,4356.372386619545,4386.372386619545,30.0,2039.0910962582088
S2,continuous,A,9,205,0,landing,4641.6167000103405,4831.6167000103405,190.0,184.81468289346776
S2,continuous,A,0,206,11,takeoff,3704.570797182904,3734.570797182904,30.0,1378.1984105633592
S2,continuous,A,9,206,11,landing,3960.646464852059,4150.64646485206,190.00000000000045,160.0
S2,continuous,A,10,207,70,takeoff,2461.023804414406,2491.023804414406,30.0,131.16319593561002
S2,continuous,A,1,207,70,landing,5018.076078708579,5208.076078708579,190.0,2505.793058711499
S2,continuous,A,10,208,74,takeoff,2491.023804414406,2521.023804414406,30.0,151.54445738874892
S2,continuous,A,11,208,74,landing,4907.663679652646,5097.663679652646,190.0,2386.4036789779047
S2,continuous,A,11,209,25,takeoff,5097.663679652646,5127.663679652646,30.0,2757.942462695054
S2,continuous,A,0,209,25,landing,5159.796647652157,5349.796647652157,190.0,0.0
S2,continuous,A,11,210,5,takeoff,5127.663679652646,5157.663679652646,30.0,2759.4964783911846
S2,continuous,A,6,210,5,landing,5191.810537587833,5381.810537587833,190.0,0.0
S2,continuous,A,5,211,99,takeoff,2959.7212169575923,2989.7212169575923,30.0,549.4183871098849
S2,continuous,A,4,211,99,landing,3752.1994462491443,3942.1994462491443,190.0,684.6202323496873
S2,continuous,A,2,212,46,takeoff,2798.1672012614617,2828.1672012614617,30.0,369.49780717275826
S2,continuous,A,10,212,46,landing,2957.305776141545,3147.305776141545,190.0,124.85848668008612
S2,continuous,A,5,213,75,takeoff,2989.7212169575923,3019.7212169575923,30.0,543.232894341782
S2,continuous,A,9,213,75,landing,3086.7712435086323,3276.7712435086323,190.0,0.0
S2,continuous,A,1,214,40,takeoff,5208.076078708579,5238.076078708579,30.0,2734.9706995038096
S2,continuous,A,0,214,40,landing,5349.796647652157,5539.796647652157,190.0,64.25281026529228
S2,continuous,A,6,215,21,takeoff,4386.372386619545,4416.372386619545,30.0,1870.0000000000005
S2,continuous,A,9,215,21,landing,4831.6167000103405,5021.6167000103405,190.0,344.81468289346776
S2,continuous,A,11,216,96,takeoff,5157.663679652646,5187.663679652646,30.0,2628.184332626989
S2,continuous,A,3,216,96,landing,5207.174069123965,5397.174069123965,190.0,0.0
S2,continuous,A,8,217,13,takeoff,2558.1672012614617,2588.1672012614617,30.0,0.0
S2,continuous,A,6,217,13,landing,4416.372386619545,4606.372386619545,190.0,1765.9200855265158
S2,continuous,A,4,218,72,takeoff,2626.4883226158104,2656.4883226158104,30.0,39.8313674884339
S2,continuous,A,6,218,72,landing,4606.372386619545,4796.372386619545,190.0,1870.0103604662986
S2,continuous,A,3,219,17,takeoff,2709.4793470256573,2739.4793470256573,30.0,119.75813006806493
S2,continuous,A,9,219,17,landing,2807.2812903613362,2997.2812903613362,190.0,26.921576622779867
S2,continuous,A,10,220,37,takeoff,3147.305776141545,3177.305776141545,30.0,520.0244857802086
S2,continuous,A,3,220,37,landing,3176.06256559491,3366.06256559491,190.0,0.0
S2,continuous,A,8,221,33,takeoff,3779.0912756068205,3809.0912756068205,30.0,1131.4275959541742
S2,continuous,A,5,221,33,landing,3957.9303301773716,4147.930330177372,190.0,90.87411497539279
S2,continuous,A,10,222,57,takeoff,3177.305776141545,3207.305776141545,30.0,528.2145005347243
S2,continuous,A,0,222,57,landing,3734.570797182904,3924.570797182904,190.0,514.1622284032933
S2,continuous,A,3,223,43,takeoff,2739.4793470256573,2769.4793470256573,30.0,54.90854984275347
S2,continuous,A,1,223,43,landing,5238.076078708579,5428.076078708579,190.0,2431.021078424197
S2,continuous,A,4,224,76,takeoff,2699.860608478796,2729.860608478796,30.0,0.0
S2,continuous,A,10,224,76,landing,3568.322410835138,3758.322410835138,190.0,790.8111336975171
S2,continuous,A,10,225,85,takeoff,3207.305776141545,3237.305776141545,30.0,500.9333895220002
S2,continuous,A,2,225,85,landing,3692.5356936560997,3882.5356936560997,190.0,451.5986503287263
S2,continuous,A,4,226,84,takeoff,2946.3437813936007,2976.3437813936007,30.0,217.67438730489766
S2,continuous,A,3,226,84,landing,3366.06256559491,3556.06256559491,190.0,323.2726993009628
S2,continuous,A,9,227,79,takeoff,2997.2812903613362,3027.2812903613362,30.0,230.93750896773554
S2,continuous,A,10,227,79,landing,3758.322410835138,3948.322410835138,190.0,698.0954245046187
S2,continuous,A,2,228,34,takeoff,2828.1672012614617,2858.1672012614617,30.0,51.510246134085264
S2,continuous,A,1,228,34,landing,5428.076078708579,5618.076078708579,190.0,2523.7733463249174
S2,continuous,A,0,229,98,takeoff,4114.574911390893,4144.574911390893,30.0,1334.853694433301
S2,continuous,A,9,229,98,landing,5021.6167000103405,5211.6167000103405,190.0,810.966120950292
S2,continuous,A,8,230,17,takeoff,4778.657486451112,4808.657486451112,30.0,1961.376196089776
S2,continuous,A,5,230,17,landing,4866.62242604627,5056.62242604627,190.0,0.0
S2,continuous,A,3,231,51,takeoff,2837.6636796526464,2867.6636796526464,30.0,0.0
S2,continuous,A,10,231,51,landing,3948.322410835138,4138.322410835138,190.0,1081.2531207149577
S2,continuous,A,8,232,7,takeoff,4808.657486451112,4838.657486451112,30.0,1969.5662108442916
S2,continuous,A,11,232,7,landing,5187.663679652646,5377.663679652646,190.0,314.29490355754206
S2,continuous,A,9,233,65,takeoff,3027.2812903613362,3057.2812903613362,30.0,152.71049317843244
S2,continuous,A,5,233,65,landing,4147.930330177372,4337.930330177372,190.0,1023.5990132649954
S2,continuous,A,9,234,61,takeoff,3276.7712435086323,3306.7712435086323,30.0,380.3988568890877
S2,continuous,A,2,234,61,landing,3882.5356936560997,4072.5356936560997,190.0,545.1323755499584
S2,continuous,A,4,235,39,takeoff,3942.1994462491443,3972.1994462491443,30.0,1023.5300521604413
S2,continuous,A,6,235,39,landing,4796.372386619545,4986.372386619545,190.0,744.2992368329647
S2,continuous,A,5,236,46,takeoff,3019.7212169575923,3049.7212169575923,30.0,53.064261830215855
S2,continuous,A,8,236,46,landing,4838.657486451112,5028.657486451112,190.0,1730.9713298983615
S2,continuous,A,5,237,24,takeoff,3049.7212169575923,3079.7212169575923,30.0,47.521770708448
S2,continuous,A,8,237,24,landing,5028.657486451112,5218.657486451112,190.0,1890.9713298983615
S2,continuous,A,5,238,48,takeoff,3079.7212169575923,3109.7212169575923,30.0,52.05753730494598
S2,continuous,A,2,238,48,landing,4072.5356936560997,4262.5356936561,190.00000000000045,928.5840186691976
S2,continuous,A,7,239,69,takeoff,3059.860608478796,3089.860608478796,30.0,30.76933287197562
S2,continuous,A,8,239,69,landing,5218.657486451112,5408.657486451112,190.0,2089.5662108442916
S2,continuous,A,8,240,71,takeoff,5408.657486451112,5438.657486451112,30.0,2344.0866892682084
S2,continuous,A,3,240,71,landing,5471.741058264251,5661.741058264251,190.0,0.0
S2,continuous,A,11,241,75,takeoff,5377.663679652646,5407.663679652646,30.0,2280.892436144014
S2,continuous,A,0,241,75,landing,5539.796647652157,5729.796647652157,190.0,100.0
S2,continuous,A,8,242,1,takeoff,5438.657486451112,5468.657486451112,30.0,2306.0180082674697
S2,continuous,A,5,242,1,landing,5526.62242604627,5716.62242604627,190.0,0.0
S2,continuous,A,8,243,29,takeoff,5468.657486451112,5498.657486451112,30.0,2329.988092362409
S2,continuous,A,4,243,29,landing,5579.371685326152,5769.371685326152,190.0,0.0
S2,continuous,A,9,244,52,takeoff,3306.7712435086323,3336.7712435086323,30.0,160.3988568890877
S2,continuous,A,7,244,52,landing,5742.6394781836425,5932.6394781836425,190.0,2358.44755279247
S2,continuous,A,11,245,37,takeoff,5407.663679652646,5437.663679652646,30.0,2221.601114057736
S2,continuous,A,3,245,37,landing,5661.741058264251,5851.741058264251,190.0,204.56698914028584
S2,continuous,A,9,246,59,takeoff,3336.7712435086323,3366.7712435086323,30.0,144.571797259488
S2,continuous,A,1,246,59,landing,5618.076078708579,5808.076078708579,190.0,2176.8801307708623
S2,continuous,A,4,247,55,takeoff,3972.1994462491443,4002.1994462491443,30.0,764.2691160717727
S2,continuous,A,0,247,55,landing,5729.796647652157,5919.796647652157,190.0,1649.4273395548162
S2,continuous,A,1,248,78,takeoff,5808.076078708579,5838.076078708579,30.0,2590.412399055933
S2,continuous,A,5,248,78,landing,5907.337014797247,6097.337014797247,190.0,0.0
S2,continuous,A,1,249,31,takeoff,5838.076078708579,5868.076078708579,30.0,2618.9848031017586
S2,continuous,A,9,249,31,landing,5942.500783137663,6132.500783137663,190.0,0.0
S2,continuous,A,8,250,62,takeoff,5498.657486451112,5528.657486451112,30.0,2176.1217927950124
S2,continuous,A,11,250,62,landing,5563.368776095104,5753.368776095104,190.0,0.0
S2,continuous,A,9,251,26,takeoff,3366.7712435086323,3396.7712435086323,30.0,44.13176532498983
S2,continuous,A,4,251,26,landing,4002.1994462491443,4192.199446249144,189.99999999999955,515.2829824423352
S2,continuous,A,6,252,19,takeoff,4986.372386619545,5016.372386619545,30.0,1657.702992530842
S2,continuous,A,5,252,19,landing,5080.398726797694,5270.398726797694,190.0,0.0
S2,continuous,A,4,253,12,takeoff,4192.199446249144,4222.199446249144,30.0,855.8270596295993
S2,continuous,A,7,253,12,landing,5932.6394781836425,6122.6394781836425,190.0,1658.10119416415
S2,continuous,A,7,254,84,takeoff,3692.6394781836425,3722.6394781836425,30.0,316.5769125887323
S2,continuous,A,3,254,84,landing,3732.2582167305036,3922.2582167305036,190.0,0.0
S2,continuous,A,8,255,73,takeoff,5528.657486451112,5558.657486451112,30.0,2146.458040201968
S2,continuous,A,4,255,73,landing,5769.371685326152,5959.371685326152,190.0,130.0
S2,continuous,A,1,256,56,takeoff,5868.076078708579,5898.076078708579,30.0,2480.4024888876097
S2,continuous,A,2,256,56,landing,5944.211609830779,6134.211609830779,190.0,0.0
S2,continuous,A,8,257,86,takeoff,5558.657486451112,5588.657486451112,30.0,2160.7271562737405
S2,continuous,A,9,257,86,landing,5636.825276519181,5826.825276519181,190.0,0.0
S2,continuous,A,10,258,15,takeoff,4138.322410835138,4168.322410835138,30.0,730.6587311824915
S2,continuous,A,8,258,15,landing,5588.657486451112,5778.657486451112,190.0,1396.2366112362042
S2,continuous,A,4,259,9,takeoff,4222.199446249144,4252.199446249144,30.0,813.1081706423233
S2,continuous,A,7,259,9,landing,6122.6394781836425,6312.6394781836425,190.0,1818.10119416415
S2,continuous,A,0,260,22,takeoff,4144.574911390893,4174.574911390893,30.0,680.0041142079895
S2,continuous,A,5,260,22,landing,4337.930330177372,4527.930330177372,190.0,102.39638582700536
S2,continuous,A,7,261,6,takeoff,3722.6394781836425,3752.6394781836425,30.0,221.99301333158337
S2,continuous,A,1,261,6,landing,5898.076078708579,6088.076078708579,190.0,2116.62781491503
S2,continuous,A,8,262,10,takeoff,5778.657486451112,5808.657486451112,30.0,2266.1217927950124
S2,continuous,A,6,262,10,landing,5870.942586282679,6060.942586282679,190.0,0.0
S2,continuous,A,7,263,77,takeoff,3752.6394781836425,3782.6394781836425,30.0,240.0
S2,continuous,A,5,263,77,landing,4527.930330177372,4717.930330177372,190.0,705.430243514933
S2,continuous,A,5,264,92,takeoff,4717.930330177372,4747.930330177372,30.0,1191.557943557827
S2,continuous,A,0,264,92,landing,5919.796647652157,6109.796647652157,190.0,1110.9072845153123
S2,continuous,A,0,265,58,takeoff,4174.574911390893,4204.574911390893,30.0,602.3754651417489
S2,continuous,A,10,265,58,landing,4218.326525043127,4408.326525043127,190.0,0.0
S2,continuous,A,8,266,76,takeoff,5808.657486451112,5838.657486451112,30.0,2230.9838966301427
S2,continuous,A,0,266,76,landing,6109.796647652157,6299.796647652157,190.0,213.12824110619567
S2,continuous,A,11,267,97,takeoff,5437.663679652646,5467.663679652646,30.0,1858.9942855639433
S2,continuous,A,3,267,97,landing,5851.741058264251,6041.741058264251,190.0,364.56698914028584
S2,continuous,A,11,268,41,takeoff,5467.663679652646,5497.663679652646,30.0,1879.7333494752747
S2,continuous,A,9,268,41,landing,6132.500783137663,6322.500783137663,190.0,590.8840831273228
S2,continuous,A,6,269,81,takeoff,5016.372386619545,5046.372386619545,30.0,1418.7087069668987
S2,continuous,A,1,269,81,landing,6088.076078708579,6278.076078708579,190.0,990.0
S2,continuous,A,11,270,50,takeoff,5497.663679652646,5527.663679652646,30.0,1898.5724040458258
S2,continuous,A,0,270,50,landing,6299.796647652157,6489.796647652157,190.0,740.0
S2,continuous,A,1,271,85,takeoff,6278.076078708579,6308.076078708579,30.0,2575.5403850524795
S2,continuous,A,6,271,85,landing,6359.779770797613,6549.779770797613,190.0,0.0
S2,continuous,A,3,272,84,takeoff,3922.2582167305036,3952.2582167305036,30.0,180.0
S2,continuous,A,9,272,84,landing,5211.6167000103405,5401.6167000103405,190.0,1218.4781165669378
S2,continuous,A,9,273,57,takeoff,4150.64646485206,4180.64646485206,30.0,406.0756676691558
S2,continuous,A,10,273,57,landing,4408.326525043127,4598.326525043127,190.0,194.7343642218848
S2,continuous,A,6,274,99,takeoff,5046.372386619545,5076.372386619545,30.0,1284.1729403704007
S2,continuous,A,5,274,99,landing,5270.398726797694,5460.398726797694,190.0,130.0
S2,continuous,A,3,275,79,takeoff,3952.2582167305036,3982.2582167305036,30.0,184.5846269095341
S2,continuous,A,10,275,79,landing,4598.326525043127,4788.326525043127,190.0,616.6626978450895
S2,continuous,A,6,276,2,takeoff,5076.372386619545,5106.372386619545,30.0,1298.4420564421735
S2,continuous,A,9,276,2,landing,5401.6167000103405,5591.6167000103405,190.0,224.81468289346776
S2,continuous,A,11,277,47,takeoff,5527.663679652646,5557.663679652646,30.0,1747.0172148005872
S2,continuous,A,0,277,47,landing,6489.796647652157,6679.796647652157,190.0,900.0
S2,continuous,A,6,278,80,takeoff,5106.372386619545,5136.372386619545,30.0,1308.2963079109659
S2,continuous,A,8,278,80,landing,5838.657486451112,6028.657486451112,190.0,640.0
S2,continuous,A,9,279,35,takeoff,4180.64646485206,4210.64646485206,30.0,362.98278519941323
S2,continuous,A,11,279,35,landing,5753.368776095104,5943.368776095104,190.0,1498.7692908853505
S2,continuous,A,0,280,95,takeoff,4204.574911390893,4234.574911390893,30.0,365.9174249397811
S2,continuous,A,3,280,95,landing,4645.651731967303,4835.651731967303,190.0,383.5993423572727
S2,continuous,A,7,281,90,takeoff,6312.6394781836425,6342.6394781836425,30.0,2460.0
S2,continuous,A,8,281,90,landing,6381.870145311667,6571.870145311667,190.0,0.0
S2,continuous,A,10,282,61,takeoff,4168.322410835138,4198.322410835138,30.0,275.7867171790381
S2,continuous,A,9,282,61,landing,6322.500783137663,6512.500783137663,190.0,2091.881497347511
S2,continuous,A,10,283,20,takeoff,4788.326525043127,4818.326525043127,30.0,891.9541384235822
S2,continuous,A,0,283,20,landing,6679.796647652157,6869.796647652157,190.0,1848.3673299709644
S2,continuous,A,4,284,3,takeoff,4252.199446249144,4282.199446249144,30.0,317.6245348582511
S2,continuous,A,9,284,3,landing,6512.500783137663,6702.500783137663,190.0,2140.156116590342
S2,continuous,A,8,285,51,takeoff,6028.657486451112,6058.657486451112,30.0,2070.9838966301427
S2,continuous,A,7,285,51,landing,6342.6394781836425,6532.6394781836425,190.0,244.7513246045055
S2,continuous,A,3,286,33,takeoff,3982.2582167305036,4012.2582167305036,30.0,14.327886553131975
S2,continuous,A,0,286,33,landing,6869.796647652157,7059.796647652157,190.0,2830.0609527025154
S2,continuous,A,4,287,11,takeoff,4282.199446249144,4312.199446249144,30.0,311.55298139708475
S2,continuous,A,7,287,11,landing,6532.6394781836425,6722.6394781836425,190.0,2168.10119416415
S2,continuous,A,0,288,49,takeoff,4625.543837386865,4655.543837386865,30.0,637.4677586782855
S2,continuous,A,3,288,49,landing,4835.651731967303,5025.651731967303,190.0,152.6304163613013
S2,continuous,A,11,289,38,takeoff,5943.368776095104,5973.368776095104,30.0,1935.705096442458
S2,continuous,A,0,289,38,landing,7059.796647652157,7249.796647652157,190.0,1054.294903557542
S2,continuous,A,7,290,26,takeoff,6722.6394781836425,6752.6394781836425,30.0,2710.440031934498
S2,continuous,A,9,290,26,landing,6800.060160066183,6990.060160066183,190.0,0.0
S2,continuous,A,0,291,42,takeoff,4655.543837386865,4685.543837386865,30.0,626.8863509357525
S2,continuous,A,8,291,42,landing,6058.657486451112,6248.657486451112,190.0,1315.1027289693984
S2,continuous,A,2,292,88,takeoff,4262.5356936561,4292.5356936561,30.0,219.8962154724577
S2,continuous,A,8,292,88,landing,6571.870145311667,6761.870145311667,190.0,2258.9903320695603
S2,continuous,A,9,293,48,takeoff,4210.64646485206,4240.64646485206,30.0,128.11077119595984
S2,continuous,A,5,293,48,landing,5716.62242604627,5906.62242604627,190.0,1408.9259346431709
S2,continuous,A,5,294,53,takeoff,4747.930330177372,4777.930330177372,30.0,661.557943557827
S2,continuous,A,1,294,53,landing,6308.076078708579,6498.076078708579,190.0,1460.8848124425394
S2,continuous,A,8,295,65,takeoff,6248.657486451112,6278.657486451112,30.0,2090.7271562737405
S2,continuous,A,3,295,65,landing,6311.741058264251,6501.741058264251,190.0,0.0
S2,continuous,A,1,296,68,takeoff,6498.076078708579,6528.076078708579,30.0,2279.418592257467
S2,continuous,A,2,296,68,landing,6574.211609830779,6764.211609830779,190.0,0.0
S2,continuous,A,5,297,58,takeoff,4777.930330177372,4807.930330177372,30.0,550.2526261484127
S2,continuous,A,3,297,58,landing,6041.741058264251,6231.741058264251,190.0,1189.8508298820834
S2,continuous,A,9,298,36,takeoff,5591.6167000103405,5621.6167000103405,30.0,1358.977221826698
S2,continuous,A,2,298,36,landing,5652.24877460785,5842.24877460785,190.0,0.0
S2,continuous,A,10,299,83,takeoff,4818.326525043127,4848.326525043127,30.0,580.2504463345485
S2,continuous,A,2,299,83,landing,4851.957792228956,5041.957792228956,190.0,0.0
S2,continuous,A,11,300,44,takeoff,5973.368776095104,6003.368776095104,30.0,1717.8249387082396
S2,continuous,A,7,300,44,landing,6752.6394781836425,6942.6394781836425,190.0,741.467630914688
S2,continuous,A,4,301,28,takeoff,4503.84917242075,4533.84917242075,30.0,232.23247241040917
S2,continuous,A,0,301,28,landing,7249.796647652157,7439.796647652157,190.0,2637.7776133832103
S2,continuous,A,9,302,93,takeoff,5826.825276519181,5856.825276519181,30.0,1551.173544551878
S2,continuous,A,10,302,93,landing,5889.770972488363,6079.770972488363,190.0,0.0
S2,continuous,A,6,303,60,takeoff,5136.372386619545,5166.372386619545,30.0,848.7087069668987
S2,continuous,A,2,303,60,landing,5208.188333390989,5398.188333390989,190.0,0.0
S2,continuous,A,0,304,32,takeoff,4875.543837386865,4905.543837386865,30.0,551.6946649661149
S2,continuous,A,7,304,32,landing,6942.6394781836425,7132.6394781836425,190.0,2022.3854520926707
S2,continuous,A,7,305,22,takeoff,7132.6394781836425,7162.6394781836425,30.0,2784.709148006271
S2,continuous,A,5,305,22,landing,7202.500086662439,7392.500086662439,190.0,0.0
S2,continuous,A,3,306,45,takeoff,5025.651731967303,5055.651731967303,30.0,616.9942455161909
S2,continuous,A,1,306,45,landing,6528.076078708579,6718.076078708579,190.0,1434.8486934825523
S2,continuous,A,2,307,57,takeoff,4417.677704028959,4447.677704028959,30.0,0.0
S2,continuous,A,5,307,57,landing,6097.337014797247,6287.337014797247,190.0,1615.428852738978
S2,continuous,A,2,308,16,takeoff,4447.677704028959,4477.677704028959,30.0,25.038225845316447
S2,continuous,A,8,308,16,landing,6761.870145311667,6951.870145311667,190.0,2263.8483216967015
S2,continuous,A,7,309,13,takeoff,7162.6394781836425,7192.6394781836425,30.0,2736.2670915640983
S2,continuous,A,10,309,13,landing,7187.123384266226,7377.123384266226,190.0,0.0
S2,continuous,A,3,310,87,takeoff,5055.651731967303,5085.651731967303,30.0,627.5756532587247
S2,continuous,A,6,310,87,landing,5381.810537587833,5571.810537587833,190.0,263.21811092411554
S2,continuous,A,8,311,91,takeoff,6278.657486451112,6308.657486451112,30.0,1833.1136490642475
S2,continuous,A,11,311,91,landing,6343.368776095104,6533.368776095104,190.0,0.0
S2,continuous,A,2,312,23,takeoff,4477.677704028959,4507.677704028959,30.0,16.061004018618405
S2,continuous,A,6,312,23,landing,5571.810537587833,5761.810537587833,190.0,1022.3168867874301
S2,continuous,A,10,313,64,takeoff,4848.326525043127,4878.326525043127,30.0,382.6747930758238
S2,continuous,A,11,313,64,landing,6003.368776095104,6193.368776095104,190.0,1124.806054791642
S2,continuous,A,2,314,82,takeoff,4507.677704028959,4537.677704028959,30.0,0.014024376312590903
S2,continuous,A,4,314,82,landing,4592.638000888256,4782.638000888256,190.0,0.0
S2,continuous,A,0,315,77,takeoff,4905.543837386865,4935.543837386865,30.0,367.61350720949304
S2,continuous,A,2,315,77,landing,5398.188333390989,5588.188333390989,190.0,424.6795995309285
S2,continuous,A,3,316,30,takeoff,5085.651731967303,5115.651731967303,30.0,486.99424551619086
S2,continuous,A,0,316,30,landing,7439.796647652157,7629.796647652157,190.0,2296.667437465717
S2,continuous,A,8,317,82,takeoff,6308.657486451112,6338.657486451112,30.0,1706.019485562856
S2,continuous,A,4,317,82,landing,6419.371685326152,6609.371685326152,190.0,0.0
S2,continuous,A,6,318,79,takeoff,5761.810537587833,5791.810537587833,30.0,1154.1328335588742
S2,continuous,A,7,318,79,landing,7192.6394781836425,7382.6394781836425,190.0,1384.561849031712
S2,continuous,A,7,319,94,takeoff,7382.6394781836425,7412.6394781836425,30.0,2770.0
S2,continuous,A,8,319,94,landing,7451.870145311667,7641.870145311667,190.0,0.0
S2,continuous,A,1,320,72,takeoff,6718.076078708579,6748.076078708579,30.0,2101.703692089035
S2,continuous,A,7,320,72,landing,7412.6394781836425,7602.6394781836425,190.0,635.7546138651569
S2,continuous,A,2,321,14,takeoff,4648.076078708578,4678.076078708578,30.0,0.0
S2,continuous,A,3,321,14,landing,6501.741058264251,6691.741058264251,190.0,1808.6443220729116
S2,continuous,A,8,322,0,takeoff,6338.657486451112,6368.657486451112,30.0,1687.0407864407716
S2,continuous,A,10,322,0,landing,6393.40477184505,6583.40477184505,190.0,0.0
S2,continuous,A,9,323,95,takeoff,5856.825276519181,5886.825276519181,30.0,1201.173544551878
S2,continuous,A,3,323,95,landing,6691.741058264251,6881.741058264251,190.0,764.03541503217
S2,continuous,A,2,324,18,takeoff,4695.543837386865,4725.543837386865,30.0,0.0
S2,continuous,A,9,324,18,landing,6990.060160066183,7180.060160066183,190.0,2233.8842480818093
S2,continuous,A,9,325,89,takeoff,5886.825276519181,5916.825276519181,30.0,1189.1615968665346
S2,continuous,A,1,325,89,landing,6748.076078708579,6938.076078708579,190.0,756.826097760314
S2,continuous,A,0,326,66,takeoff,5129.796647652157,5159.796647652157,30.0,327.15716946851444
S2,continuous,A,9,326,66,landing,7180.060160066183,7370.060160066183,190.0,1954.1878447448707
S2,continuous,A,3,327,39,takeoff,5115.651731967303,5145.651731967303,30.0,309.27934534775886
S2,continuous,A,5,327,39,landing,6287.337014797247,6477.337014797247,190.0,1097.7253846251488
S2,continuous,A,4,328,4,takeoff,4838.076078708579,4868.076078708579,30.0,0.0
S2,continuous,A,8,328,4,landing,6951.870145311667,7141.870145311667,190.0,2003.0798677280482
S2,continuous,A,2,329,21,takeoff,5041.957792228956,5071.957792228956,30.0,200.3410922186158
S2,continuous,A,9,329,21,landing,7370.060160066183,7560.060160066183,190.0,2267.4702932397176
S2,continuous,A,3,330,49,takeoff,5145.651731967303,5175.651731967303,30.0,300.0
S2,continuous,A,1,330,49,landing,6938.076078708579,7128.076078708579,190.0,1724.8486934825523
S2,continuous,A,9,331,46,takeoff,6702.500783137663,6732.500783137663,30.0,1853.8432966865512
S2,continuous,A,1,331,46,landing,7128.076078708579,7318.076078708579,190.0,321.1505911418317
S2,continuous,A,7,332,83,takeoff,7602.6394781836425,7632.6394781836425,30.0,2740.681685954686
S2,continuous,A,2,332,83,landing,7651.070580301057,7841.070580301057,190.0,0.0
S2,continuous,A,1,333,17,takeoff,7318.076078708579,7348.076078708579,30.0,2441.4536526623087
S2,continuous,A,10,333,17,landing,7377.123384266226,7567.123384266226,190.0,7.139268960804657
S2,continuous,A,3,334,74,takeoff,5175.651731967303,5205.651731967303,30.0,257.98805231465667
S2,continuous,A,8,334,74,landing,7141.870145311667,7331.870145311667,190.0,1903.134841531226
S2,continuous,A,0,335,27,takeoff,7629.796647652157,7659.796647652157,30.0,2680.0
S2,continuous,A,1,335,27,landing,7707.264406330442,7897.264406330442,190.0,0.0
S2,continuous,A,1,336,63,takeoff,7348.076078708579,7378.076078708579,30.0,2355.4366005249367
S2,continuous,A,4,336,63,landing,7465.750466013476,7655.750466013476,190.0,0.0
S2,continuous,A,8,337,70,takeoff,7331.870145311667,7361.870145311667,30.0,2303.794066603089
S2,continuous,A,10,337,70,landing,7567.123384266226,7757.123384266226,190.0,180.50595356062058
S2,continuous,A,10,338,98,takeoff,5031.6167000103405,5061.6167000103405,30.0,0.0
S2,continuous,A,0,338,98,landing,7659.796647652157,7849.796647652157,190.0,2585.0771550037507
S2,continuous,A,5,339,24,takeoff,5460.398726797694,5490.398726797694,30.0,421.74124034658144
S2,continuous,A,7,339,24,landing,7632.6394781836425,7822.6394781836425,190.0,2102.3801429071527
S2,continuous,A,1,340,19,takeoff,7378.076078708579,7408.076078708579,30.0,2287.6773519108856
S2,continuous,A,6,340,19,landing,7459.779770797613,7649.779770797613,190.0,0.0
S2,continuous,A,3,341,25,takeoff,5397.174069123965,5427.174069123965,30.0,227.3774214718078
S2,continuous,A,6,341,25,landing,6060.942586282679,6250.942586282679,190.0,600.8278224623
S2,continuous,A,7,342,67,takeoff,7822.6394781836425,7852.6394781836425,30.0,2640.0
S2,continuous,A,8,342,67,landing,7891.870145311667,8081.870145311667,190.0,0.0
S2,continuous,A,8,343,7,takeoff,7361.870145311667,7391.870145311667,30.0,2164.206465659021
S2,continuous,A,2,343,7,landing,7412.214264897674,7602.214264897674,190.0,0.0
S2,continuous,A,8,344,5,takeoff,7391.870145311667,7421.870145311667,30.0,2190.0596077238342
S2,continuous,A,2,344,5,landing,7841.070580301057,8031.070580301057,190.0,398.8563154033827
S2,continuous,A,4,345,96,takeoff,5217.174069123965,5247.174069123965,30.0,0.0
S2,continuous,A,10,345,96,landing,5294.82473778279,5484.82473778279,190.0,0.0
S2,continuous,A,10,346,60,takeoff,5218.188333390989,5248.188333390989,30.0,0.0
S2,continuous,A,9,346,60,landing,7560.060160066183,7750.060160066183,190.0,2279.5749517201793
S2,continuous,A,6,347,84,takeoff,5791.810537587833,5821.810537587833,30.0,570.1938375774926
S2,continuous,A,8,347,84,landing,7641.870145311667,7831.870145311667,190.0,1757.7745078922671
S2,continuous,A,11,348,69,takeoff,6193.368776095104,6223.368776095104,30.0,964.7112896439921
S2,continuous,A,9,348,69,landing,7750.060160066183,7940.060160066183,190.0,1482.7383636133845
S2,continuous,A,0,349,43,takeoff,7849.796647652157,7879.796647652157,30.0,2601.7205689435787
S2,continuous,A,5,349,43,landing,7940.75568061163,8130.75568061163,190.0,0.0
S2,continuous,A,9,350,99,takeoff,6732.500783137663,6762.500783137663,30.0,1452.1020563399697
S2,continuous,A,7,350,99,landing,7852.6394781836425,8042.6394781836425,190.0,1042.7180131634386
S2,continuous,A,10,351,96,takeoff,5484.82473778279,5514.82473778279,30.0,180.64882101416788
S2,continuous,A,5,351,96,landing,6477.337014797247,6667.337014797247,190.0,935.5765388446725
S2,continuous,A,10,352,40,takeoff,5514.82473778279,5544.82473778279,30.0,155.02809013063325
S2,continuous,A,2,352,40,landing,6134.211609830779,6324.211609830779,190.0,585.7556048621591
S2,continuous,A,0,353,8,takeoff,7879.796647652157,7909.796647652157,30.0,2507.1571694685144
S2,continuous,A,2,353,8,landing,8031.070580301057,8221.070580301057,190.0,83.30903617570402
S2,continuous,A,7,354,87,takeoff,8042.6394781836425,8072.6394781836425,30.0,2650.8289405958094
S2,continuous,A,5,354,87,landing,8130.75568061163,8320.75568061163,190.0,18.25559394919128
S2,continuous,A,5,355,77,takeoff,5490.398726797694,5520.398726797694,30.0,82.2103934067045
S2,continuous,A,7,355,77,landing,8072.6394781836425,8262.639478183642,190.0,2512.3801429071527
S2,continuous,A,6,356,2,takeoff,5821.810537587833,5851.810537587833,30.0,410.19383757749256
S2,continuous,A,3,356,2,landing,6881.741058264251,7071.741058264251,190.0,996.9898259800029
S2,continuous,A,2,357,34,takeoff,5588.188333390989,5618.188333390989,30.0,150.11225468241082
S2,continuous,A,5,357,34,landing,6667.337014797247,6857.337014797247,190.0,1014.9182233769479
S2,continuous,A,10,358,71,takeoff,5544.82473778279,5574.82473778279,30.0,63.08367951853961
S2,continuous,A,0,358,71,landing,7909.796647652157,8099.796647652157,190.0,2321.869117231301
S2,continuous,A,6,359,1,takeoff,6250.942586282679,6280.942586282679,30.0,714.3201602364088
S2,continuous,A,1,359,1,landing,7408.076078708579,7598.076078708579,190.0,1075.4298003368658
S2,continuous,A,7,360,75,takeoff,8262.639478183642,8292.639478183642,30.0,2712.8428305314856
S2,continuous,A,9,360,75,landing,8340.060160066181,8530.060160066181,190.0,0.0
S2,continuous,A,7,361,54,takeoff,8292.639478183642,8322.639478183642,30.0,2730.0
S2,continuous,A,3,361,54,landing,8332.258216730505,8522.258216730505,190.0,0.0
S2,continuous,A,4,362,62,takeoff,5959.371685326152,5989.371685326152,30.0,386.00290923104785
S2,continuous,A,10,362,62,landing,6079.770972488363,6269.770972488363,190.0,42.74861850338584
S2,continuous,A,1,363,23,takeoff,7598.076078708579,7628.076078708579,30.0,2016.265541120746
S2,continuous,A,9,363,23,landing,7940.060160066183,8130.060160066183,190.0,237.55937692851967
S2,continuous,A,10,364,29,takeoff,5589.371685326152,5619.371685326152,30.0,0.0
S2,continuous,A,9,364,29,landing,8130.060160066183,8320.060160066183,190.0,2478.3915997850163
S2,continuous,A,9,365,15,takeoff,6762.500783137663,6792.500783137663,30.0,1163.8432966865512
S2,continuous,A,11,365,15,landing,6836.4538034953575,7026.4538034953575,190.0,0.0
S2,continuous,A,1,366,59,takeoff,7628.076078708579,7658.076078708579,30.0,2000.000000000001
S2,continuous,A,4,366,59,landing,7745.750466013476,7935.750466013476,190.0,0.0
S2,continuous,A,9,367,86,takeoff,8530.060160066181,8560.060160066181,30.0,2883.234883547
S2,continuous,A,4,367,86,landing,8650.205380364358,8840.205380364358,190.0,0.0
S2,continuous,A,6,368,36,takeoff,6280.942586282679,6310.942586282679,30.0,618.6938116748297
S2,continuous,A,8,368,36,landing,8081.870145311667,8271.870145311666,189.9999999999991,1708.642459197421
S2,continuous,A,6,369,37,takeoff,6310.942586282679,6340.942586282679,30.0,639.2015280184287
S2,continuous,A,9,369,37,landing,8560.060160066181,8750.060160066181,190.0,2148.6879432861742
S2,continuous,A,5,370,48,takeoff,6857.337014797247,6887.337014797247,30.0,1130.7145887509769
S2,continuous,A,8,370,48,landing,8271.870145311666,8461.870145311666,190.0,1326.5681909192608
S2,continuous,A,1,371,55,takeoff,7658.076078708579,7688.076078708579,30.0,1918.2794310564232
S2,continuous,A,10,371,55,landing,7757.123384266226,7947.123384266226,190.0,47.13926896080466
S2,continuous,A,2,372,52,takeoff,5842.24877460785,5872.24877460785,30.0,89.60929642420706
S2,continuous,A,9,372,52,landing,8750.060160066181,8940.060160066181,190.0,2847.1793108608226
S2,continuous,A,4,373,35,takeoff,5989.371685326152,6019.371685326152,30.0,226.00290923104785
S2,continuous,A,1,373,35,landing,7897.264406330442,8087.264406330442,190.0,1790.218333699393
S2,continuous,A,4,374,73,takeoff,6019.371685326152,6049.371685326152,30.0,240.0
S2,continuous,A,3,374,73,landing,7071.741058264251,7261.741058264251,190.0,955.9232880377513
S2,continuous,A,10,375,80,takeoff,5848.657486451112,5878.657486451112,30.0,0.0
S2,continuous,A,5,375,80,landing,6887.337014797247,7077.337014797247,190.0,981.7437901763506
S2,continuous,A,10,376,97,takeoff,6269.770972488363,6299.770972488363,30.0,408.0299142241129
S2,continuous,A,1,376,97,landing,8087.264406330442,8277.264406330443,190.0000000000009,1766.2342182594048
S2,continuous,A,5,377,10,takeoff,7077.337014797247,7107.337014797247,30.0,1196.394428514568
S2,continuous,A,7,377,10,landing,8322.639478183642,8512.639478183642,190.0,1175.441854907599
S2,continuous,A,0,378,93,takeoff,8099.796647652157,8129.796647652157,30.0,2200.6744961779614
S2,continuous,A,9,378,93,landing,8940.060160066181,9130.060160066181,190.0,744.1878447448689
S2,continuous,A,2,379,6,takeoff,5908.076078708578,5938.076078708578,30.0,0.0
S2,continuous,A,7,379,6,landing,8512.639478183642,8702.639478183642,190.0,2556.13229735765
S2,continuous,A,11,380,78,takeoff,6223.368776095104,6253.368776095104,30.0,306.031761297857
S2,continuous,A,6,380,78,landing,6549.779770797613,6739.779770797613,190.0,262.26413676732227
S2,continuous,A,2,381,92,takeoff,6324.211609830779,6354.211609830779,30.0,394.41496217862186
S2,continuous,A,6,381,92,landing,6739.779770797613,6929.779770797613,190.0,343.7522141953905
S2,continuous,A,6,382,12,takeoff,6929.779770797613,6959.779770797613,30.0,987.1402926139708
S2,continuous,A,9,382,12,landing,9130.060160066181,9320.060160066181,190.0,2099.85075877124
S2,continuous,A,4,383,31,takeoff,6049.371685326152,6079.371685326152,30.0,96.8709021884888
S2,continuous,A,9,383,31,landing,9320.060160066181,9510.060160066181,190.0,3150.543254441852
S2,continuous,A,8,384,56,takeoff,7421.870145311667,7451.870145311667,30.0,1467.6585354808885
S2,continuous,A,9,384,56,landing,9510.060160066181,9700.060160066181,190.0,2010.022224686445
S2,continuous,A,4,385,64,takeoff,6079.371685326152,6109.371685326152,30.0,66.00290923104785
S2,continuous,A,1,385,64,landing,8277.264406330443,8467.264406330443,190.0,2080.218333699394
S2,continuous,A,3,386,58,takeoff,6231.741058264251,6261.741058264251,30.0,180.0
S2,continuous,A,2,386,58,landing,6354.211609830779,6544.211609830779,190.0,77.4498940837675
S2,continuous,A,1,387,42,takeoff,8467.264406330443,8497.264406330443,30.0,2398.606919879331
S2,continuous,A,4,387,42,landing,8840.205380364358,9030.205380364358,190.0,255.26658672901794
S2,continuous,A,1,388,25,takeoff,8497.264406330443,8527.264406330443,30.0,2426.321820047764
S2,continuous,A,3,388,25,landing,8564.840059589169,8754.840059589169,190.0,0.0
S2,continuous,A,4,389,62,takeoff,6109.371685326152,6139.371685326152,30.0,20.249533851956585
S2,continuous,A,3,389,62,landing,7261.741058264251,7451.741058264251,190.0,1055.9232880377513
S2,continuous,A,5,390,81,takeoff,7107.337014797247,7137.337014797247,30.0,1009.2609360886681
S2,continuous,A,10,390,81,landing,7947.123384266226,8137.123384266226,190.0,782.2018102850261
S2,continuous,A,2,391,57,takeoff,6544.211609830779,6574.211609830779,30.0,436.8745950335315
S2,continuous,A,9,391,57,landing,9700.060160066181,9890.060160066181,190.0,3095.2164756378934
S2,continuous,A,10,392,76,takeoff,6299.770972488363,6329.770972488363,30.0,179.9743248362065
S2,continuous,A,7,392,76,landing,8702.639478183642,8892.639478183642,190.0,2379.0334206268635
S2,continuous,A,0,393,9,takeoff,8129.796647652157,8159.796647652157,30.0,1997.1571694685144
S2,continuous,A,11,393,9,landing,8191.9296156516675,8381.929615651668,190.0000000000009,0.0
S2,continuous,A,6,394,41,takeoff,6959.779770797613,6989.779770797613,30.0,817.27898765995
S2,continuous,A,11,394,41,landing,7026.4538034953575,7216.4538034953575,190.0,2.527174762557479
S2,continuous,A,10,395,40,takeoff,6329.770972488363,6359.770972488363,30.0,185.55936265758464
S2,continuous,A,4,395,40,landing,6609.371685326152,6799.371685326152,190.0,202.59886519313113
S2,continuous,A,0,396,39,takeoff,8159.796647652157,8189.796647652157,30.0,1862.4596328549096
S2,continuous,A,1,396,39,landing,8527.264406330443,8717.264406330443,190.0,290.0
S2,continuous,A,3,397,50,takeoff,7451.741058264251,7481.741058264251,30.0,1141.9444106120936
S2,continuous,A,8,397,50,landing,8461.870145311666,8651.870145311666,190.0,947.0455152342774
S2,continuous,A,6,398,53,takeoff,6989.779770797613,7019.779770797613,30.0,671.7036920890341
S2,continuous,A,4,398,53,landing,7099.653474335049,7289.653474335049,190.0,0.0
S2,continuous,A,8,399,65,takeoff,7831.870145311667,7861.870145311667,30.0,1510.1290870474168
S2,continuous,A,6,399,65,landing,7924.155245143234,8114.155245143234,190.0,0.0
S2,continuous,A,10,400,61,takeoff,6359.770972488363,6389.770972488363,30.0,27.270189350700093
S2,continuous,A,4,400,61,landing,6799.371685326152,6989.371685326152,190.0,362.59886519313113
S2,continuous,A,10,401,51,takeoff,6583.40477184505,6613.40477184505,30.0,230.76529366140767
S2,continuous,A,8,401,51,landing,8651.870145311666,8841.870145311666,190.0,2014.3669090868461
S2,continuous,A,8,402,91,takeoff,7861.870145311667,7891.870145311667,30.0,1508.501369216563
S2,continuous,A,5,402,91,landing,8320.75568061163,8510.75568061163,190.0,370.9205957048043
S2,continuous,A,10,403,58,takeoff,6613.40477184505,6643.40477184505,30.0,249.19316201427137
S2,continuous,A,8,403,58,landing,8841.870145311666,9031.870145311666,190.0,2174.366909086846
S2,continuous,A,9,404,85,takeoff,9890.060160066181,9920.060160066181,30.0,3520.280389268568
S2,continuous,A,3,404,85,landing,9960.94052677908,10150.94052677908,190.0,0.0
S2,continuous,A,11,405,90,takeoff,6533.368776095104,6563.368776095104,30.0,141.49863078343697
S2,continuous,A,9,405,90,landing,9920.060160066181,10110.060160066181,190.0,3312.7383636133827
S2,continuous,A,4,406,0,takeoff,6989.371685326152,7019.371685326152,30.0,586.6157344952699
S2,continuous,A,5,406,0,landing,7392.500086662439,7582.500086662439,190.0,295.27040439442135
S2,continuous,A,4,407,82,takeoff,7019.371685326152,7049.371685326152,30.0,590.0
S2,continuous,A,8,407,82,landing,9031.870145311666,9221.870145311666,190.0,1901.7842611104743
S2,continuous,A,3,408,96,takeoff,7481.741058264251,7511.741058264251,30.0,994.4040434670032
S2,continuous,A,6,408,96,landing,7649.779770797613,7839.779770797613,190.0,105.0980178369482
S2,continuous,A,2,409,47,takeoff,6764.211609830779,6794.211609830779,30.0,264.41496217862186
S2,continuous,A,0,409,47,landing,8189.796647652157,8379.796647652158,190.0000000000009,1357.6201413481822
S2,continuous,A,5,410,14,takeoff,7137.337014797247,7167.337014797247,30.0,625.5959565329968
S2,continuous,A,11,410,14,landing,7216.4538034953575,7406.4538034953575,190.0,17.872452903160593
S2,continuous,A,6,411,3,takeoff,7019.779770797613,7049.779770797613,30.0,497.27898765994996
S2,continuous,A,11,411,3,landing,7406.4538034953575,7596.4538034953575,190.0,322.5271747625575
S2,continuous,A,9,412,45,takeoff,10110.060160066181,10140.060160066181,30.0,3571.984081357602
S2,continuous,A,4,412,45,landing,10230.205380364358,10420.205380364358,190.0,0.0
S2,continuous,A,10,413,11,takeoff,6643.40477184505,6673.40477184505,30.0,100.76529366140767
S2,continuous,A,3,413,11,landing,7511.741058264251,7701.741058264251,190.0,839.5794969658346
S2,continuous,A,8,414,78,takeoff,9221.870145311666,9251.870145311666,30.0,2662.090374514053
S2,continuous,A,0,414,78,landing,9309.881065406515,9499.881065406515,190.0,0.0
S2,continuous,A,2,415,88,takeoff,6794.211609830779,6824.211609830779,30.0,212.34146451911147
S2,continuous,A,1,415,88,landing,8717.264406330443,8907.264406330443,190.0,1846.917265377465
S2,continuous,A,2,416,68,takeoff,6824.211609830779,6854.211609830779,30.0,240.0
S2,continuous,A,11,416,68,landing,7596.4538034953575,7786.4538034953575,190.0,732.4599314203642
S2,continuous,A,10,417,40,takeoff,6673.40477184505,6703.40477184505,30.0,54.03308651889802
S2,continuous,A,11,417,40,landing,7786.4538034953575,7976.4538034953575,190.0,1082.812835389972
S2,continuous,A,8,418,34,takeoff,9251.870145311666,9281.870145311666,30.0,2574.533130514419
S2,continuous,A,3,418,34,landing,9314.953717124805,9504.953717124805,190.0,0.0
S2,continuous,A,11,419,20,takeoff,6689.796647652157,6719.796647652157,30.0,0.0
S2,continuous,A,4,419,20,landing,7935.750466013476,8125.750466013476,190.0,1179.768325593216
S2,continuous,A,11,420,95,takeoff,6719.796647652157,6749.796647652157,30.0,18.055589387906366
S2,continuous,A,3,420,95,landing,7701.741058264251,7891.741058264251,190.0,932.4340211407753
S2,continuous,A,10,421,92,takeoff,6749.779770797613,6779.779770797613,30.0,0.0
S2,continuous,A,7,421,92,landing,8892.639478183642,9082.639478183642,190.0,2119.0246223176136
S2,continuous,A,8,422,89,takeoff,9281.870145311666,9311.870145311666,30.0,2523.7940666030872
S2,continuous,A,1,422,89,landing,9378.187355368536,9568.187355368536,190.0,0.0
S2,continuous,A,8,423,44,takeoff,9311.870145311666,9341.870145311666,30.0,2549.230667128024
S2,continuous,A,11,423,44,landing,9376.581434955659,9566.581434955659,190.0,0.0
S2,continuous,A,8,424,16,takeoff,9341.870145311666,9371.870145311666,30.0,2569.999999999999
S2,continuous,A,3,424,16,landing,9504.953717124805,9694.953717124805,190.0,100.0
S2,continuous,A,9,425,61,takeoff,10140.060160066181,10170.060160066181,30.0,3330.688474740029
S2,continuous,A,6,425,61,landing,10240.48979056351,10430.48979056351,190.0,0.0
S2,continuous,A,6,426,26,takeoff,7049.779770797613,7079.779770797613,30.0,239.7196107314303
S2,continuous,A,3,426,26,landing,7891.741058264251,8081.741058264251,190.0,779.0205927702227
S2,continuous,A,7,427,15,takeoff,9082.639478183642,9112.639478183642,30.0,2236.185674688285
S2,continuous,A,2,427,15,landing,9131.070580301055,9321.070580301055,190.0,0.0
S2,continuous,A,7,428,33,takeoff,9112.639478183642,9142.639478183642,30.0,2232.8428305314865
S2,continuous,A,10,428,33,landing,9137.123384266226,9327.123384266226,190.0,0.0
S2,continuous,A,7,429,2,takeoff,9142.639478183642,9172.639478183642,30.0,2250.898419919392
S2,continuous,A,6,429,2,landing,9188.90656974774,9378.90656974774,190.0,0.0
S2,continuous,A,6,430,80,takeoff,7079.779770797613,7109.779770797613,30.0,182.442756000366
S2,continuous,A,0,430,80,landing,8379.796647652158,8569.796647652158,190.0,1231.8143520831973
S2,continuous,A,10,431,49,takeoff,6948.076078708579,6978.076078708579,30.0,0.0
S2,continuous,A,7,431,49,landing,9172.639478183642,9362.639478183642,190.0,2200.7283144066478
S2,continuous,A,10,432,32,takeoff,6978.076078708579,7008.076078708579,30.0,25.436600524936694
S2,continuous,A,9,432,32,landing,10170.060160066181,10360.060160066181,190.0,3129.6872064025874
S2,continuous,A,3,433,4,takeoff,8081.741058264251,8111.741058264251,30.0,1119.8709129525832
S2,continuous,A,2,433,4,landing,8221.070580301057,8411.070580301057,190.0,94.30886455404561
S2,continuous,A,10,434,18,takeoff,7008.076078708579,7038.076078708579,30.0,8.015918642396173
S2,continuous,A,5,434,18,landing,7582.500086662439,7772.500086662439,190.0,517.4882697840749
S2,continuous,A,9,435,41,takeoff,10360.060160066181,10390.060160066181,30.0,3323.6063565708237
S2,continuous,A,7,435,41,landing,10437.48084194872,10627.48084194872,190.0,0.0
S2,continuous,A,7,436,38,takeoff,9362.639478183642,9392.639478183642,30.0,2292.8428305314856
S2,continuous,A,0,436,38,landing,9499.881065406515,9689.881065406515,190.0,92.53139851876585
S2,continuous,A,1,437,73,takeoff,8907.264406330443,8937.264406330443,30.0,1825.5233480661927
S2,continuous,A,9,437,73,landing,10390.060160066181,10580.060160066181,190.0,1378.3710493066537
S2,continuous,A,3,438,53,takeoff,8111.741058264251,8141.741058264251,30.0,1002.0875839292012
S2,continuous,A,11,438,53,landing,8381.929615651668,8571.929615651668,190.0,220.67816791609948
S2,continuous,A,11,439,46,takeoff,7976.4538034953575,8006.4538034953575,30.0,838.3777247867783
S2,continuous,A,3,439,46,landing,8141.741058264251,8331.741058264251,190.0000000000009,115.77686529757466
S2,continuous,A,0,440,74,takeoff,8569.796647652158,8599.796647652158,30.0,1417.9265023404905
S2,continuous,A,6,440,74,landing,8637.999172423506,8827.999172423506,190.0,0.0
S2,continuous,A,11,441,66,takeoff,8006.4538034953575,8036.4538034953575,30.0,816.3936434291745
S2,continuous,A,5,441,66,landing,8510.75568061163,8700.75568061163,190.0,443.0575413213228
S2,continuous,A,7,442,13,takeoff,9392.639478183642,9422.639478183642,30.0,2196.1649149315845
S2,continuous,A,6,442,13,landing,9438.90656974774,9628.90656974774,190.0,0.0
S2,continuous,A,5,443,79,takeoff,7772.500086662439,7802.500086662439,30.0,569.8606084787962
S2,continuous,A,7,443,79,landing,9422.639478183642,9612.639478183642,190.0,1580.2787830424077
S2,continuous,A,4,444,22,takeoff,7289.653474335049,7319.653474335049,30.0,77.15338767261073
S2,continuous,A,0,444,22,landing,8599.796647652158,8789.796647652158,190.0,1201.9733114689116
S2,continuous,A,1,445,14,takeoff,8937.264406330443,8967.264406330443,30.0,1710.8106028350858
S2,continuous,A,5,445,14,landing,9036.525342419112,9226.525342419112,190.0,0.0
S2,continuous,A,5,446,28,takeoff,7802.500086662439,7832.500086662439,30.0,542.7034390102817
S2,continuous,A,8,446,28,landing,9371.870145311666,9561.870145311666,190.0,1481.4051190540695
S2,continuous,A,8,447,62,takeoff,9561.870145311666,9591.870145311666,30.0,2290.129087047416
S2,continuous,A,9,447,62,landing,10580.060160066181,10770.060160066181,190.0,940.0222246864469
S2,continuous,A,7,448,21,takeoff,9612.639478183642,9642.639478183642,30.0,2232.5793181174595
S2,continuous,A,5,448,21,landing,9682.500086662438,9872.500086662438,190.0,0.0
S2,continuous,A,11,449,17,takeoff,8036.4538034953575,8066.4538034953575,30.0,649.9792402432995
S2,continuous,A,1,449,17,landing,8967.264406330443,9157.264406330443,190.0,859.5359117240305
S2,continuous,A,11,450,0,takeoff,8066.4538034953575,8096.4538034953575,30.0,663.9537168329189
S2,continuous,A,3,450,0,landing,8754.840059589169,8944.840059589169,190.0,638.875866622493
S2,continuous,A,4,451,3,takeoff,7416.4538034953575,7446.4538034953575,30.0,0.0
S2,continuous,A,11,451,3,landing,8571.929615651668,8761.929615651668,190.0,1089.2903193882075
S2,continuous,A,11,452,1,takeoff,8096.4538034953575,8126.4538034953575,30.0,678.3777247867783
S2,continuous,A,1,452,1,landing,9157.264406330443,9347.264406330443,190.0,989.5359117240305
S2,continuous,A,8,453,7,takeoff,9591.870145311666,9621.870145311666,30.0,2169.6558804139922
S2,continuous,A,1,453,7,landing,9688.187355368536,9878.187355368536,190.0,0.0
S2,continuous,A,6,454,72,takeoff,7422.6394781836425,7452.6394781836425,30.0,0.0
S2,continuous,A,4,454,72,landing,8125.750466013476,8315.750466013476,190.0,593.2372842923978
S2,continuous,A,10,455,30,takeoff,8137.123384266226,8167.123384266226,30.0,687.326736614069
S2,continuous,A,0,455,30,landing,8789.796647652158,8979.796647652158,190.0,609.5704707478662
S2,continuous,A,5,456,94,takeoff,7832.500086662439,7862.500086662439,30.0,370.62994135077133
S2,continuous,A,2,456,94,landing,8411.070580301057,8601.070580301057,190.0,514.340035609308
S2,continuous,A,7,457,19,takeoff,9642.639478183642,9672.639478183642,30.0,2172.859707386029
S2,continuous,A,9,457,19,landing,10770.060160066181,10960.060160066181,190.0,1050.0
S2,continuous,A,5,458,63,takeoff,7862.500086662439,7892.500086662439,30.0,386.74962064896226
S2,continuous,A,4,458,63,landing,8315.750466013476,8505.750466013476,190.0,345.39238240917257
S2,continuous,A,3,459,11,takeoff,8522.258216730505,8552.258216730505,30.0,1000.5171584662539
S2,continuous,A,10,459,11,landing,8551.66382719804,8741.66382719804,190.0,0.0
S2,continuous,A,1,460,60,takeoff,9347.264406330443,9377.264406330443,30.0,1777.2042462642603
S2,continuous,A,4,460,60,landing,9464.93879363534,9654.93879363534,190.0,0.0
S2,continuous,A,10,461,70,takeoff,8167.123384266226,8197.123384266226,30.0,590.6488210141679
S2,continuous,A,2,461,70,landing,8601.070580301057,8791.070580301057,190.0,400.3159288490024
S2,continuous,A,2,462,18,takeoff,7602.214264897674,7632.214264897674,30.0,9.714178235235522
S2,continuous,A,5,462,18,landing,8700.75568061163,8890.75568061163,190.0,1034.3109576846455
S2,continuous,A,2,463,68,takeoff,8791.070580301057,8821.070580301057,30.0,1184.6167768056994
S2,continuous,A,7,463,68,landing,9672.639478183642,9862.639478183642,190.0,833.137795765173
S2,continuous,A,10,464,24,takeoff,8197.123384266226,8227.123384266226,30.0,554.4839060825834
S2,continuous,A,2,464,24,landing,8821.070580301057,9011.070580301057,190.0,590.3159288490024
S2,continuous,A,10,465,84,takeoff,8227.123384266226,8257.123384266226,30.0,575.2532389545586
S2,continuous,A,9,465,84,landing,10960.060160066181,11150.060160066181,190.0,2670.6399008449407
S2,continuous,A,6,466,96,takeoff,7839.779770797613,7869.779770797613,30.0,180.0
S2,continuous,A,10,466,96,landing,8257.123384266226,8447.123384266226,190.0,369.75356459911836
S2,continuous,A,8,467,83,takeoff,9621.870145311666,9651.870145311666,30.0,1960.7995650106095
S2,continuous,A,3,467,83,landing,9694.953717124805,9884.953717124805,190.0,10.0
S2,continuous,A,6,468,98,takeoff,7869.779770797613,7899.779770797613,30.0,199.98312314545637
S2,continuous,A,8,468,98,landing,9651.870145311666,9841.870145311666,190.0,1689.805274682486
S2,continuous,A,4,469,95,takeoff,7711.741058264251,7741.741058264251,30.0,0.0
S2,continuous,A,1,469,95,landing,9878.187355368536,10068.187355368536,190.0,2048.7719097993886
S2,continuous,A,5,470,27,takeoff,7892.500086662439,7922.500086662439,30.0,175.23568033199626
S2,continuous,A,6,470,27,landing,8114.155245143234,8304.155245143234,190.0,127.62881830264723
S2,continuous,A,5,471,59,takeoff,8890.75568061163,8920.75568061163,30.0,1135.0052145981535
S2,continuous,A,6,471,59,landing,8984.782020789778,9174.782020789778,190.0,0.0
S2,continuous,A,1,472,69,takeoff,9568.187355368536,9598.187355368536,30.0,1808.1271953023534
S2,continuous,A,10,472,69,landing,9620.095391965378,9810.095391965378,190.0,0.0
S2,continuous,A,2,473,55,takeoff,9011.070580301057,9041.070580301057,30.0,1244.5960170489989
S2,continuous,A,7,473,55,landing,9862.639478183642,10052.639478183642,190.0,803.137795765173
S2,continuous,A,0,474,40,takeoff,8979.796647652158,9009.796647652158,30.0,1183.3428441568003
S2,continuous,A,10,474,40,landing,9327.123384266226,9517.123384266226,190.0,303.5751229618345
S2,continuous,A,11,475,5,takeoff,8126.4538034953575,8156.4538034953575,30.0,275.3832231943006
S2,continuous,A,3,475,5,landing,8944.840059589169,9134.840059589169,190.0,768.875866622493
S2,continuous,A,4,476,99,takeoff,8505.750466013476,8535.750466013476,30.0,643.1109878298339
S2,continuous,A,1,476,99,landing,10068.187355368536,10258.187355368536,190.0,1444.7625020501637
S2,continuous,A,1,477,26,takeoff,9598.187355368536,9628.187355368536,30.0,1696.4462971042858
S2,continuous,A,0,477,26,landing,9689.881065406515,9879.881065406515,190.0,14.225951359692772
S2,continuous,A,8,478,67,takeoff,9841.870145311666,9871.870145311666,30.0,1939.999999999999
S2,continuous,A,4,478,67,landing,9952.584344186705,10142.584344186705,190.0,0.0
S2,continuous,A,9,479,35,takeoff,11150.060160066181,11180.060160066181,30.0,3242.795753735739
S2,continuous,A,0,479,35,landing,11246.135827735336,11436.135827735336,190.0,0.0
S2,continuous,A,8,480,71,takeoff,9871.870145311666,9901.870145311666,30.0,1952.0734976595095
S2,continuous,A,2,480,71,landing,9922.214264897673,10112.214264897673,190.0,0.0
S2,continuous,A,8,481,65,takeoff,9901.870145311666,9931.870145311666,30.0,1967.714900168432
S2,continuous,A,5,481,65,landing,9989.835084906825,10179.835084906825,190.0,0.0
S2,continuous,A,7,482,20,takeoff,10052.639478183642,10082.639478183642,30.0,2106.889012170166
S2,continuous,A,1,482,20,landing,10258.187355368536,10448.187355368536,190.0,146.7390915749893
S2,continuous,A,7,483,23,takeoff,10082.639478183642,10112.639478183642,30.0,2132.5793181174595
S2,continuous,A,6,483,23,landing,10430.48979056351,10620.48979056351,190.0,301.5832208157699
S2,continuous,A,6,484,43,takeoff,8304.155245143234,8334.155245143234,30.0,353.3995645316045
S2,continuous,A,1,484,43,landing,10448.187355368536,10638.187355368536,190.0,2062.328418136267
S2,continuous,A,3,485,81,takeoff,9134.840059589169,9164.840059589169,30.0,1178.365496337111
S2,continuous,A,1,485,81,landing,10638.187355368536,10828.187355368536,190.0,1435.7716425206418
S2,continuous,A,0,486,8,takeoff,9009.796647652158,9039.796647652158,30.0,968.7260673511009
S2,continuous,A,3,486,8,landing,10150.94052677908,10340.94052677908,190.0,1083.666400907785
S2,continuous,A,6,487,77,takeoff,8334.155245143234,8364.155245143234,30.0,251.51576695959193
S2,continuous,A,4,487,77,landing,9030.205380364358,9220.205380364358,190.0,586.176431683687
S2,continuous,A,0,488,36,takeoff,9039.796647652158,9069.796647652158,30.0,947.9265023404905
S2,continuous,A,3,488,36,landing,10340.94052677908,10530.94052677908,190.0,1243.666400907785
S2,continuous,A,1,489,97,takeoff,9628.187355368536,9658.187355368536,30.0,1530.922949038094
S2,continuous,A,10,489,97,landing,9810.095391965378,10000.095391965378,190.0,130.0
S2,continuous,A,6,490,27,takeoff,8364.155245143234,8394.155245143234,30.0,240.0
S2,continuous,A,9,490,27,landing,11180.060160066181,11370.060160066181,190.0,2715.475284425618
S2,continuous,A,1,491,72,takeoff,9658.187355368536,9688.187355368536,30.0,1522.43688935506
S2,continuous,A,8,491,72,landing,9931.870145311666,10121.870145311666,190.0,177.3655798862601
S2,continuous,A,2,492,29,takeoff,9041.070580301057,9071.070580301057,30.0,901.0104202348739
S2,continuous,A,1,492,29,landing,10828.187355368536,11018.187355368536,190.0,1710.9812439452799
S2,continuous,A,8,493,87,takeoff,10121.870145311666,10151.870145311666,30.0,1981.1144647000365
S2,continuous,A,1,493,87,landing,11018.187355368536,11208.187355368536,190.0,800.0
S2,continuous,A,1,494,46,takeoff,11208.187355368536,11238.187355368536,30.0,3056.446297104286
S2,continuous,A,2,494,46,landing,11284.322886490736,11474.322886490736,190.0,0.0
S2,continuous,A,2,495,47,takeoff,9071.070580301057,9101.070580301057,30.0,871.2739326488991
S2,continuous,A,10,495,47,landing,10000.095391965378,10190.095391965378,190.0,894.7447234643241
S2,continuous,A,5,496,9,takeoff,8920.75568061163,8950.75568061163,30.0,718.8260649599633
S2,continuous,A,4,496,9,landing,9220.205380364358,9410.205380364358,190.0,191.59170281086153
S2,continuous,A,7,497,4,takeoff,10112.639478183642,10142.639478183642,30.0,1881.5688978825856
S2,continuous,A,8,497,4,landing,10181.870145311666,10371.870145311666,190.0,0.0
S2,continuous,A,11,498,96,takeoff,8761.929615651668,8791.929615651668,30.0,495.4550523996113
S2,continuous,A,0,498,96,landing,9069.796647652158,9259.796647652158,190.0,245.73406400097883
S2,continuous,A,3,499,48,takeoff,9164.840059589169,9194.840059589169,30.0,882.9699142775025
S2,continuous,A,4,499,48,landing,9654.93879363534,9844.93879363534,190.0,393.6526491458226
S2,continuous,A,0,500,64,takeoff,9259.796647652158,9289.796647652158,30.0,972.5322413217145
S2,continuous,A,8,500,64,landing,10371.870145311666,10561.870145311666,190.0,1024.0625775646604
S2,continuous,A,9,501,63,takeoff,11370.060160066181,11400.060160066181,30.0,3044.309694052705
S2,continuous,A,2,501,63,landing,11474.322886490736,11664.322886490736,190.0,43.63065182704668
S2,continuous,A,7,502,91,takeoff,10142.639478183642,10172.639478183642,30.0,1811.8837975720126
S2,continuous,A,8,502,91,landing,10561.870145311666,10751.870145311666,190.0,350.0
S2,continuous,A,6,503,10,takeoff,8394.155245143234,8424.155245143234,30.0,61.51576695959375
S2,continuous,A,11,503,10,landing,8791.929615651668,8981.929615651668,190.0,333.62751257324635
S2,continuous,A,5,504,54,takeoff,8950.75568061163,8980.75568061163,30.0,608.4974638811254
S2,continuous,A,4,504,54,landing,10420.205380364358,10610.205380364358,190.0,1361.5917028108615
S2,continuous,A,5,505,75,takeoff,8980.75568061163,9010.75568061163,30.0,630.6955205454487
S2,continuous,A,8,505,75,landing,10751.870145311666,10941.870145311666,190.0,1683.1495251048782
S2,continuous,A,3,506,80,takeoff,9194.840059589169,9224.840059589169,30.0,805.0434119370111
S2,continuous,A,4,506,80,landing,10610.205380364358,10800.205380364358,190.0,1318.9192358748405
S2,continuous,A,9,507,53,takeoff,11400.060160066181,11430.060160066181,30.0,3008.1305444145128
S2,continuous,A,11,507,53,landing,11474.013180423875,11664.013180423875,190.0,0.0
S2,continuous,A,8,508,94,takeoff,10151.870145311666,10181.870145311666,30.0,1730.7995650106095
S2,continuous,A,2,508,94,landing,10202.214264897673,10392.214264897673,190.0,0.0
S2,continuous,A,5,509,50,takeoff,9226.525342419112,9256.525342419112,30.0,754.6551971074459
S2,continuous,A,3,509,50,landing,10530.94052677908,10720.94052677908,190.0,1230.455286155171
S2,continuous,A,11,510,66,takeoff,8981.929615651668,9011.929615651668,30.0,461.1739350400385
S2,continuous,A,1,510,66,landing,11238.187355368536,11428.187355368536,190.0,2184.9830486058127
S2,continuous,A,0,511,6,takeoff,9879.881065406515,9909.881065406515,30.0,1357.241587222874
S2,continuous,A,7,511,6,landing,10172.639478183642,10362.639478183642,190.0,248.04822407302163
S2,continuous,A,6,512,39,takeoff,8537.264406330443,8567.264406330443,30.0,0.0
S2,continuous,A,9,512,39,landing,11430.060160066181,11620.060160066181,190.0,2792.3661232384093
S2,continuous,A,3,513,11,takeoff,9224.840059589169,9254.840059589169,30.0,663.8250534052986
S2,continuous,A,1,513,11,landing,11428.187355368536,11618.187355368536,190.0,2135.7716425206418
S2,continuous,A,7,514,37,takeoff,10362.639478183642,10392.639478183642,30.0,1792.5793181174613
S2,continuous,A,3,514,37,landing,10720.94052677908,10910.94052677908,190.0,318.68231004857626
S2,continuous,A,4,515,25,takeoff,8574.840059589169,8604.840059589169,30.0,0.0
S2,continuous,A,6,515,25,landing,9628.90656974774,9818.90656974774,190.0,944.1928066211349
S2,continuous,A,10,516,3,takeoff,8741.66382719804,8771.66382719804,30.0,159.73421154637072
S2,continuous,A,8,516,3,landing,10941.870145311666,11131.870145311666,190.0,2146.10785373386
S2,continuous,A,9,517,22,takeoff,11620.060160066181,11650.060160066181,30.0,3010.2635124140234
S2,continuous,A,2,517,22,landing,11680.69223466369,11870.69223466369,190.0,0.0
S2,continuous,A,3,518,70,takeoff,9254.840059589169,9284.840059589169,30.0,643.769479288112
S2,continuous,A,9,518,70,landing,11650.060160066181,11840.060160066181,190.0,2324.3397337641127
S2,continuous,A,10,519,74,takeoff,8771.66382719804,8801.66382719804,30.0,123.66465477453312
S2,continuous,A,0,519,74,landing,9909.881065406515,10099.881065406515,190.0,1095.1144455704107
S2,continuous,A,4,520,86,takeoff,9410.205380364358,9440.205380364358,30.0,750.0
S2,continuous,A,7,520,86,landing,10627.48084194872,10817.48084194872,190.0,1134.9366238140155
S2,continuous,A,3,521,51,takeoff,9284.840059589169,9314.840059589169,30.0,622.9699142775025
S2,continuous,A,4,521,51,landing,10800.205380364358,10990.205380364358,190.0,1418.9192358748405
S2,continuous,A,0,522,18,takeoff,10099.881065406515,10129.881065406515,30.0,1389.1253847948847
S2,continuous,A,1,522,18,landing,11618.187355368536,11808.187355368536,190.0,1440.8385312837363
S2,continuous,A,0,523,76,takeoff,10129.881065406515,10159.881065406515,30.0,1417.241587222874
S2,continuous,A,10,523,76,landing,10190.095391965378,10380.095391965378,190.0,16.46271290663026
S2,continuous,A,6,524,88,takeoff,8827.999172423506,8857.999172423506,30.0,100.73476609306272
S2,continuous,A,1,524,88,landing,11808.187355368536,11998.187355368536,190.0,2898.4844908559953
S2,continuous,A,5,525,52,takeoff,9256.525342419112,9286.525342419112,30.0,496.46518235293115
S2,continuous,A,3,525,52,landing,10910.94052677908,11100.94052677908,190.0,1580.455286155171
S2,continuous,A,2,526,0,takeoff,9321.070580301055,9351.070580301055,30.0,556.2305207118843
S2,continuous,A,1,526,0,landing,11998.187355368536,12188.187355368536,190.0,2600.9812439452817
S2,continuous,A,8,527,30,takeoff,11131.870145311666,11161.870145311666,30.0,2332.0734976595086
S2,continuous,A,4,527,30,landing,11242.584344186705,11432.584344186705,190.0,0.0
S2,continuous,A,10,528,10,takeoff,8801.929615651668,8831.929615651668,30.0,0.0
S2,continuous,A,3,528,10,landing,11100.94052677908,11290.94052677908,190.0,2270.2541216740465
S2,continuous,A,0,529,24,takeoff,10159.881065406515,10189.881065406515,30.0,1328.8104851054577
S2,continuous,A,11,529,24,landing,10222.014033406025,10412.014033406025,190.0,0.0
S2,continuous,A,9,530,42,takeoff,11840.060160066181,11870.060160066181,30.0,2989.8547797018236
S2,continuous,A,3,530,42,landing,11910.94052677908,12100.94052677908,190.0,0.0
S2,continuous,A,5,531,58,takeoff,9286.525342419112,9316.525342419112,30.0,434.65519710744593
S2,continuous,A,0,531,58,landing,10189.881065406515,10379.881065406515,190.0,812.3966900279283
S2,continuous,A,11,532,92,takeoff,9011.929615651668,9041.929615651668,30.0,109.29013746802775
S2,continuous,A,8,532,92,landing,11161.870145311666,11351.870145311666,190.0,2085.229240016006
S2,continuous,A,4,533,93,takeoff,9844.93879363534,9874.93879363534,30.0,894.8786335691584
S2,continuous,A,1,533,93,landing,12188.187355368536,12378.187355368536,190.0,2225.5741744283005
S2,continuous,A,10,534,5,takeoff,8954.84005958917,8984.84005958917,30.0,0.0
S2,continuous,A,4,534,5,landing,10990.205380364358,11180.205380364358,190.0,1958.36347313053
S2,continuous,A,3,535,17,takeoff,9884.953717124805,9914.953717124805,30.0,907.6893107943615
S2,continuous,A,5,535,17,landing,10179.835084906825,10369.835084906825,190.0,220.92146957722252
S2,continuous,A,8,536,59,takeoff,11351.870145311666,11381.870145311666,30.0,2357.088124521888
S2,continuous,A,1,536,59,landing,12378.187355368536,12568.187355368536,190.0,930.0
S2,continuous,A,9,537,77,takeoff,11870.060160066181,11900.060160066181,30.0,2829.8547797018236
S2,continuous,A,11,537,77,landing,11944.013180423875,12134.013180423875,190.0,0.0
S2,continuous,A,11,538,82,takeoff,9041.929615651668,9071.929615651668,30.0,0.059470340002008015
S2,continuous,A,9,538,82,landing,11900.060160066181,12090.060160066181,190.0,2784.1775240568186
S2,continuous,A,10,539,14,takeoff,9046.525342419112,9076.525342419112,30.0,0.0
S2,continuous,A,3,539,14,landing,11290.94052677908,11480.94052677908,190.0,2215.6583949066026
S2,continuous,A,4,540,96,takeoff,9874.93879363534,9904.93879363534,30.0,795.1421459831818
S2,continuous,A,1,540,96,landing,12568.187355368536,12758.187355368536,190.0,2575.5741744283005
S2,continuous,A,1,541,12,takeoff,12758.187355368536,12788.187355368536,30.0,3618.127195302355
S2,continuous,A,11,541,12,landing,12829.462046479592,13019.462046479592,190.0,0.0
S2,continuous,A,7,542,15,takeoff,10392.639478183642,10422.639478183642,30.0,1251.5688978825874
S2,continuous,A,2,542,15,landing,10441.070580301055,10631.070580301055,190.0,0.0
S2,continuous,A,1,543,33,takeoff,12788.187355368536,12818.187355368536,30.0,3641.7127921164792
S2,continuous,A,0,543,33,landing,12865.655114046822,13055.655114046822,190.0,0.0
S2,continuous,A,7,544,1,takeoff,10817.48084194872,10847.48084194872,30.0,1650.2164356182766
S2,continuous,A,6,544,1,landing,10863.747933512817,11053.747933512817,190.0,0.0
S2,continuous,A,7,545,49,takeoff,10847.48084194872,10877.48084194872,30.0,1664.8413637650792
S2,continuous,A,9,545,49,landing,12090.060160066181,12280.060160066181,190.0,1165.1586362349226
S2,continuous,A,10,546,2,takeoff,9517.123384266226,9547.123384266226,30.0,318.216814518486
S2,continuous,A,2,546,2,landing,9550.754651452055,9740.754651452055,190.0,0.0
S2,continuous,A,9,547,9,takeoff,12280.060160066181,12310.060160066181,30.0,3049.8547797018236
S2,continuous,A,1,547,9,landing,12818.187355368536,13008.187355368536,190.0,433.702490873271
S2,continuous,A,5,548,78,takeoff,9319.881065406515,9349.881065406515,30.0,0.0
S2,continuous,A,8,548,78,landing,11381.870145311666,11571.870145311666,190.0,1974.0241403099935
S2,continuous,A,3,549,34,takeoff,9914.953717124805,9944.953717124805,30.0,590.0
S2,continuous,A,10,549,34,landing,10380.095391965378,10570.095391965378,190.0,435.73606437303897
S2,continuous,A,6,550,31,takeoff,9378.90656974774,9408.90656974774,30.0,48.846409681558725
S2,continuous,A,2,550,31,landing,10631.070580301055,10821.070580301055,190.0,1180.3480637818702
S2,continuous,A,4,551,40,takeoff,9904.93879363534,9934.93879363534,30.0,568.4642303832825
S2,continuous,A,7,551,40,landing,10877.48084194872,11067.48084194872,190.0,890.2032105430335
S2,continuous,A,7,552,28,takeoff,11067.48084194872,11097.48084194872,30.0,1685.6106966370535
S2,continuous,A,2,552,28,landing,11870.69223466369,12060.69223466369,190.0,754.7802905975568
S2,continuous,A,0,553,44,takeoff,10379.881065406515,10409.881065406515,30.0,993.2996304508561
S2,continuous,A,7,553,44,landing,11097.48084194872,11287.48084194872,190.0,672.889587838099
S2,continuous,A,8,554,89,takeoff,11571.870145311666,11601.870145311666,30.0,2183.68278994313
S2,continuous,A,4,554,89,landing,11682.584344186705,11872.584344186705,190.0,0.0
S2,continuous,A,6,555,79,takeoff,9818.90656974774,9848.90656974774,30.0,386.26709156409925
S2,continuous,A,0,555,79,landing,10409.881065406515,10599.881065406515,190.0,522.7719708874265
S2,continuous,A,1,556,13,takeoff,13008.187355368536,13038.187355368536,30.0,3559.2807856207965
S2,continuous,A,2,556,13,landing,13084.322886490736,13274.322886490736,190.0,0.0
S2,continuous,A,10,557,60,takeoff,9547.123384266226,9577.123384266226,30.0,72.1845906308863
S2,continuous,A,6,557,60,landing,9848.90656974774,10038.90656974774,190.0,254.84195762618765
S2,continuous,A,4,558,38,takeoff,10142.584344186705,10172.584344186705,30.0,632.7032787801909
S2,continuous,A,6,558,38,landing,10620.48979056351,10810.48979056351,190.0,368.03174283936823
S2,continuous,A,11,559,16,takeoff,9566.581434955659,9596.581434955659,30.0,51.627717830853726
S2,continuous,A,4,559,16,landing,11432.584344186705,11622.584344186705,190.0,1799.8174164629436
S2,continuous,A,8,560,56,takeoff,11601.870145311666,11631.870145311666,30.0,2081.809985245485
S2,continuous,A,5,560,56,landing,11689.835084906825,11879.835084906825,190.0,0.0
S2,continuous,A,0,561,2,takeoff,10599.881065406515,10629.881065406515,30.0,1039.12641395446
S2,continuous,A,10,561,2,landing,10643.632679058748,10833.632679058748,190.0,0.0
S2,continuous,A,6,562,69,takeoff,10038.90656974774,10068.90656974774,30.0,409.4599987965303
S2,continuous,A,7,562,69,landing,11287.48084194872,11477.48084194872,190.0,1202.3071806368825
S2,continuous,A,0,563,25,takeoff,10629.881065406515,10659.881065406515,30.0,990.9744956587747
S2,continuous,A,10,563,25,landing,10833.632679058748,11023.632679058748,190.0,160.0
S2,continuous,A,1,564,98,takeoff,13038.187355368536,13068.187355368536,30.0,3376.31721005687
S2,continuous,A,5,564,98,landing,13137.448291457205,13327.448291457205,190.0,0.0
S2,continuous,A,6,565,48,takeoff,10068.90656974774,10098.90656974774,30.0,403.9677761124003
S2,continuous,A,9,565,48,landing,12310.060160066181,12500.060160066181,190.0,2140.7239598211127
S2,continuous,A,6,566,68,takeoff,10098.90656974774,10128.90656974774,30.0,416.2670915640974
S2,continuous,A,2,566,68,landing,10821.070580301055,11011.070580301055,190.0,650.3480637818702
S2,continuous,A,4,567,21,takeoff,10172.584344186705,10202.584344186705,30.0,480.08425752426774
S2,continuous,A,7,567,21,landing,11477.48084194872,11667.48084194872,190.0,1222.5576599916676
S2,continuous,A,5,568,7,takeoff,9872.500086662438,9902.500086662438,30.0,174.31273129390138
S2,continuous,A,9,568,7,landing,12500.060160066181,12690.060160066181,190.0,2530.5100468527035
S2,continuous,A,7,569,26,takeoff,11667.48084194872,11697.48084194872,30.0,1967.5997765422053
S2,continuous,A,8,569,26,landing,11736.711509076744,11926.711509076744,190.0,0.0
S2,continuous,A,3,570,83,takeoff,11480.94052677908,11510.94052677908,30.0,1775.986809654276
S2,continuous,A,2,570,83,landing,12060.69223466369,12250.69223466369,190.0,534.731050401846
S2,continuous,A,3,571,57,takeoff,11510.94052677908,11540.94052677908,30.0,1800.8803667128996
S2,continuous,A,11,571,57,landing,11664.013180423875,11854.013180423875,190.0,103.56226417347534
S2,continuous,A,6,572,97,takeoff,10128.90656974774,10158.90656974774,30.0,309.4599987965303
S2,continuous,A,7,572,97,landing,11697.48084194872,11887.48084194872,190.0,1522.3071806368825
S2,continuous,A,8,573,60,takeoff,11631.870145311666,11661.870145311666,30.0,1772.9635755639265
S2,continuous,A,11,573,60,landing,12134.013180423875,12324.013180423875,190.0,437.43174546821683
S2,continuous,A,1,574,55,takeoff,13068.187355368536,13098.187355368536,30.0,3195.547877184894
S2,continuous,A,9,574,55,landing,13172.61205979762,13362.61205979762,190.0,0.0
S2,continuous,A,4,575,95,takeoff,11180.205380364358,11210.205380364358,30.0,1292.0180249958212
S2,continuous,A,2,575,95,landing,12250.69223466369,12440.69223466369,190.0,985.5265574400346
S2,continuous,A,10,576,74,takeoff,10570.095391965378,10600.095391965378,30.0,650.2143265588638
S2,continuous,A,5,576,74,landing,10627.031130135163,10817.031130135163,190.0,0.0
S2,continuous,A,3,577,90,takeoff,11540.94052677908,11570.94052677908,30.0,1610.8803667128996
S2,continuous,A,4,577,90,landing,11872.584344186705,12062.584344186705,190.0,235.19773250727667
S2,continuous,A,4,578,71,takeoff,11210.205380364358,11240.205380364358,30.0,1277.9911154666843
S2,continuous,A,1,578,71,landing,13098.187355368536,13288.187355368536,190.0,1770.3075876992825
S2,continuous,A,3,579,72,takeoff,11570.94052677908,11600.94052677908,30.0,1629.0703814674143
S2,continuous,A,10,579,72,landing,11600.346137246615,11790.346137246615,190.0,0.0
S2,continuous,A,6,580,67,takeoff,10158.90656974774,10188.90656974774,30.0,196.32222556103443
S2,continuous,A,8,580,67,landing,11926.711509076744,12116.711509076744,190.0,1675.519839497436
S2,continuous,A,1,581,85,takeoff,13288.187355368536,13318.187355368536,30.0,3317.2468285894556
S2,continuous,A,7,581,85,landing,13346.996140978441,13536.996140978441,190.0,0.0
S2,continuous,A,5,582,65,takeoff,10369.835084906825,10399.835084906825,30.0,370.0
S2,continuous,A,8,582,65,landing,12116.711509076744,12306.711509076744,190.0,1658.9114845747608
S2,continuous,A,3,583,47,takeoff,11600.94052677908,11630.94052677908,30.0,1591.493955827871
S2,continuous,A,7,583,47,landing,11887.48084194872,12077.48084194872,190.0,246.92157662277714
S2,continuous,A,10,584,99,takeoff,10600.095391965378,10630.095391965378,30.0,521.9080365968421
S2,continuous,A,6,584,99,landing,11053.747933512817,11243.747933512817,190.0,406.7113136921125
S2,continuous,A,3,585,8,takeoff,11630.94052677908,11660.94052677908,30.0,1470.0
S2,continuous,A,9,585,8,landing,12690.060160066181,12880.060160066181,190.0,988.2392665742009
S2,continuous,A,9,586,32,takeoff,12880.060160066181,12910.060160066181,30.0,2700.0
S2,continuous,A,8,586,32,landing,12958.22795013425,13148.22795013425,190.0,0.0
S2,continuous,A,5,587,6,takeoff,10399.835084906825,10429.835084906825,30.0,217.1956067231822
S2,continuous,A,3,587,6,landing,11660.94052677908,11850.94052677908,190.0,1187.1455436674587
S2,continuous,A,2,588,17,takeoff,10392.214264897673,10422.214264897673,30.0,202.37917999084857
S2,continuous,A,10,588,17,landing,11023.632679058748,11213.632679058748,190.0,597.1383259610775
S2,continuous,A,2,589,4,takeoff,11011.070580301055,11041.070580301055,30.0,819.2004349893887
S2,continuous,A,1,589,4,landing,13318.187355368536,13508.187355368536,190.0,2230.9812439452817
S2,continuous,A,2,590,76,takeoff,11041.070580301055,11071.070580301055,30.0,841.6240093498454
S2,continuous,A,3,590,76,landing,12100.94052677908,12290.94052677908,190.0,1014.8492889952631
S2,continuous,A,10,591,58,takeoff,11213.632679058748,11243.632679058748,30.0,1013.7516136522336
S2,continuous,A,9,591,58,landing,12910.060160066181,13100.060160066181,190.0,1634.1306060524184
S2,continuous,A,1,592,94,takeoff,13508.187355368536,13538.187355368536,30.0,3295.973090470863
S2,continuous,A,8,592,94,landing,13604.504565425406,13794.504565425406,190.0,0.0
S2,continuous,A,1,593,24,takeoff,13538.187355368536,13568.187355368536,30.0,3306.173321962511
S2,continuous,A,9,593,24,landing,13642.61205979762,13832.61205979762,190.0,0.0
S2,continuous,A,7,594,45,takeoff,12077.48084194872,12107.48084194872,30.0,1837.2754615843623
S2,continuous,A,9,594,45,landing,13362.61205979762,13552.61205979762,190.0,1207.710535966362
S2,continuous,A,2,595,61,takeoff,11071.070580301055,11101.070580301055,30.0,820.5807897375453
S2,continuous,A,4,595,61,landing,12062.584344186705,12252.584344186705,190.0,906.5534670263532
S2,continuous,A,2,596,20,takeoff,11101.070580301055,11131.070580301055,30.0,832.8832249325187
S2,continuous,A,3,596,20,landing,12290.94052677908,12480.94052677908,190.0,1144.8492889952631
S2,continuous,A,0,597,36,takeoff,10659.881065406515,10689.881065406515,30.0,308.94053862743385
S2,continuous,A,11,597,36,landing,10722.014033406025,10912.014033406025,190.0,0.0
S2,continuous,A,6,598,64,takeoff,10810.48979056351,10840.48979056351,30.0,428.6196452518434
S2,continuous,A,11,598,64,landing,10912.014033406025,11102.014033406025,190.0,37.37738490732772
S2,continuous,A,2,599,34,takeoff,11131.070580301055,11161.070580301055,30.0,741.6240093498454
S2,continuous,A,11,599,34,landing,11170.85284254527,11360.85284254527,190.0,0.0
S2,continuous,A,6,600,73,takeoff,11243.747933512817,11273.747933512817,30.0,843.6877734466361
S2,continuous,A,1,600,73,landing,13568.187355368536,13758.187355368536,190.0,2242.735729766684
S2,continuous,A,6,601,79,takeoff,11273.747933512817,11303.747933512817,30.0,853.8668681063027
S2,continuous,A,4,601,79,landing,12252.584344186705,12442.584344186705,190.0,868.9627071364521
S2,continuous,A,2,602,54,takeoff,11161.070580301055,11191.070580301055,30.0,730.8651999366975
S2,continuous,A,3,602,54,landing,12480.94052677908,12670.94052677908,190.0,1274.8492889952631
S2,continuous,A,1,603,23,takeoff,13758.187355368536,13788.187355368536,30.0,3317.6975648050266
S2,continuous,A,7,603,23,landing,13816.996140978441,14006.996140978441,190.0,0.0
S2,continuous,A,8,604,41,takeoff,11661.870145311666,11691.870145311666,30.0,1214.3893033629465
S2,continuous,A,11,604,41,landing,12324.013180423875,12514.013180423875,190.0,597.4317454682168
S2,continuous,A,1,605,15,takeoff,13788.187355368536,13818.187355368536,30.0,3337.1167750674813
S2,continuous,A,3,605,15,landing,13855.763008627262,14045.763008627262,190.0,0.0
S2,continuous,A,0,606,43,takeoff,10689.881065406515,10719.881065406515,30.0,231.69371003797824
S2,continuous,A,10,606,43,landing,11243.632679058748,11433.632679058748,190.0,510.0
S2,continuous,A,4,607,50,takeoff,11622.584344186705,11652.584344186705,30.0,1081.6438174076247
S2,continuous,A,1,607,50,landing,13818.187355368536,14008.187355368536,190.0,2077.9286238769346
S2,continuous,A,4,608,91,takeoff,11652.584344186705,11682.584344186705,30.0,1080.714198875039
S2,continuous,A,0,608,91,landing,11760.754206034902,11950.754206034902,190.0,0.0
S2,continuous,A,3,609,62,takeoff,11850.94052677908,11880.94052677908,30.0,1260.8803667128996
S2,continuous,A,1,609,62,landing,14008.187355368536,14198.187355368536,190.0,2089.67117533073
S2,continuous,A,1,610,80,takeoff,14198.187355368536,14228.187355368536,30.0,3577.981975004179
S2,continuous,A,8,610,80,landing,14294.504565425406,14484.504565425406,190.0,0.0
S2,continuous,A,4,611,38,takeoff,12442.584344186705,12472.584344186705,30.0,1812.0945536231957
S2,continuous,A,11,611,38,landing,12514.013180423875,12704.013180423875,190.0,5.243343469066531
S2,continuous,A,2,612,74,takeoff,11191.070580301055,11221.070580301055,30.0,554.039450165892
S2,continuous,A,4,612,74,landing,12472.584344186705,12662.584344186705,190.0,1196.5534670263532
S2,continuous,A,8,613,86,takeoff,11691.870145311666,11721.870145311666,30.0,1054.3893033629465
S2,continuous,A,6,613,86,landing,11784.155245143234,11974.155245143234,190.0,0.0
S2,continuous,A,6,614,31,takeoff,11303.747933512817,11333.747933512817,30.0,662.6773532117622
S2,continuous,A,10,614,31,landing,11790.346137246615,11980.346137246615,190.0,439.0081548643029
S2,continuous,A,1,615,81,takeoff,14228.187355368536,14258.187355368536,30.0,3580.0
S2,continuous,A,0,615,81,landing,14305.655114046822,14495.655114046822,190.0,0.0
S2,continuous,A,7,616,2,takeoff,12107.48084194872,12137.48084194872,30.0,1454.4969839041405
S2,continuous,A,1,616,2,landing,14258.187355368536,14448.187355368536,190.0,2091.897727809912
S2,continuous,A,2,617,37,takeoff,11221.070580301055,11251.070580301055,30.0,490.13005352197433
S2,continuous,A,6,617,37,landing,11333.747933512817,11523.747933512817,190.0,40.861406440317296
S2,continuous,A,4,618,36,takeoff,12662.584344186705,12692.584344186705,30.0,1930.5703107806803
S2,continuous,A,7,618,36,landing,12744.923181957052,12934.923181957052,190.0,0.0
S2,continuous,A,7,619,75,takeoff,12137.48084194872,12167.48084194872,30.0,1375.6106966370535
S2,continuous,A,6,619,75,landing,12183.747933512817,12373.747933512817,190.0,0.0
S2,continuous,A,9,620,19,takeoff,13100.060160066181,13130.060160066181,30.0,2320.0
S2,continuous,A,10,620,19,landing,13163.005856035365,13353.005856035365,190.0,0.0
S2,continuous,A,4,621,51,takeoff,12692.584344186705,12722.584344186705,30.0,1882.378963822348
S2,continuous,A,11,621,51,landing,13019.462046479592,13209.462046479592,190.0,260.6922095247828
S2,continuous,A,7,622,68,takeoff,12167.48084194872,12197.48084194872,30.0,1336.4102616476648
S2,continuous,A,8,622,68,landing,12306.711509076744,12496.711509076744,190.0,70.0
S2,continuous,A,10,623,29,takeoff,11433.632679058748,11463.632679058748,30.0,595.4453236902118
S2,continuous,A,11,623,29,landing,13209.462046479592,13399.462046479592,190.0,1745.593171160508
S2,continuous,A,6,624,25,takeoff,11523.747933512817,11553.747933512817,30.0,680.7640754682379
S2,continuous,A,7,624,25,landing,12197.48084194872,12387.48084194872,190.0,627.4658168718051
S2,continuous,A,0,625,1,takeoff,10873.747933512817,10903.747933512817,30.0,0.0
S2,continuous,A,2,625,1,landing,12440.69223466369,12630.69223466369,190.0,1498.979404677677
S2,continuous,A,8,626,40,takeoff,12496.711509076744,12526.711509076744,30.0,1609.230667128024
S2,continuous,A,9,626,40,landing,13832.61205979762,14022.61205979762,190.0,1257.7327606528088
S2,continuous,A,8,627,52,takeoff,12526.711509076744,12556.711509076744,30.0,1605.770982297663
S2,continuous,A,4,627,52,landing,12722.584344186705,12912.584344186705,190.0,85.1586362349226
S2,continuous,A,3,628,64,takeoff,11880.94052677908,11910.94052677908,30.0,958.9264933730556
S2,continuous,A,5,628,64,landing,11954.900424983878,12144.900424983878,190.0,0.0
S2,continuous,A,0,629,3,takeoff,10951.870145311666,10981.870145311666,30.0,0.0
S2,continuous,A,6,629,3,landing,11553.747933512817,11743.747933512817,190.0,533.6752634298027
S2,continuous,A,1,630,84,takeoff,14448.187355368536,14478.187355368536,30.0,3478.127195302355
S2,continuous,A,9,630,84,landing,14552.61205979762,14742.61205979762,190.0,0.0
S2,continuous,A,6,631,5,takeoff,11743.747933512817,11773.747933512817,30.0,743.5425531484598
S2,continuous,A,0,631,5,landing,11950.754206034902,12140.754206034902,190.0,138.80374775073687
S2,continuous,A,3,632,87,takeoff,12670.94052677908,12700.94052677908,30.0,1642.7531714105444
S2,continuous,A,9,632,87,landing,14022.61205979762,14212.61205979762,190.0,1280.7911663056402
S2,continuous,A,0,633,17,takeoff,11032.98385804458,11062.98385804458,30.0,0.0
S2,continuous,A,3,633,17,landing,12700.94052677908,12890.94052677908,190.0,1610.4791905153634
S2,continuous,A,10,634,99,takeoff,11463.632679058748,11493.632679058748,30.0,399.88474554593085
S2,continuous,A,7,634,99,landing,12387.48084194872,12577.48084194872,190.0,900.0130778215571
S2,continuous,A,9,635,44,takeoff,13130.060160066181,13160.060160066181,30.0,2022.5793181174613
S2,continuous,A,2,635,44,landing,13274.322886490736,13464.322886490736,190.0,83.63065182704668
S2,continuous,A,10,636,10,takeoff,11493.632679058748,11523.632679058748,30.0,382.6921522796674
S2,continuous,A,1,636,10,landing,14478.187355368536,14668.187355368536,190.0,2933.295460727115
S2,continuous,A,10,637,92,takeoff,11523.632679058748,11553.632679058748,30.0,351.76253374708176
S2,continuous,A,1,637,92,landing,14668.187355368536,14858.187355368536,190.0,3093.295460727115
S2,continuous,A,0,638,34,takeoff,11180.85284254527,11210.85284254527,30.0,0.0
S2,continuous,A,3,638,34,landing,12890.94052677908,13080.94052677908,190.0,1652.6102060146732
S2,continuous,A,4,639,27,takeoff,12912.584344186705,12942.584344186705,30.0,1722.5241841205243
S2,continuous,A,2,639,27,landing,13464.322886490736,13654.322886490736,190.0,466.77824544473333
S2,continuous,A,5,640,66,takeoff,11248.187355368536,11278.187355368536,30.0,0.0
S2,continuous,A,1,640,66,landing,14858.187355368536,15048.187355368536,190.0,3510.739063911331
S2,continuous,A,6,641,30,takeoff,11974.155245143234,12004.155245143234,30.0,721.5709009565289
S2,continuous,A,10,641,30,landing,12021.74529401273,12211.74529401273,190.0,0.0
S2,continuous,A,9,642,43,takeoff,13552.61205979762,13582.61205979762,30.0,2299.628201753041
S2,continuous,A,8,642,43,landing,13794.504565425406,13984.504565425406,190.0,163.72471555971788
S2,continuous,A,7,643,35,takeoff,12577.48084194872,12607.48084194872,30.0,1321.3450142133843
S2,continuous,A,2,643,35,landing,12630.69223466369,12820.69223466369,190.0,4.780290597556814
S2,continuous,A,3,644,46,takeoff,13080.94052677908,13110.94052677908,30.0,1786.6176402883448
S2,continuous,A,1,644,46,landing,15048.187355368536,15238.187355368536,190.0,1899.67117533073
S2,continuous,A,4,645,69,takeoff,12942.584344186705,12972.584344186705,30.0,1645.1035022379856
S2,continuous,A,10,645,69,landing,13353.005856035365,13543.005856035365,190.0,332.7708431898336
S2,continuous,A,5,646,14,takeoff,11300.94052677908,11330.94052677908,30.0,0.0
S2,continuous,A,1,646,14,landing,15238.187355368536,15428.187355368536,190.0,3837.9858925007866
S2,continuous,A,11,647,37,takeoff,11360.85284254527,11390.85284254527,30.0,17.10490903245227
S2,continuous,A,4,647,37,landing,12972.584344186705,13162.584344186705,190.0,1545.5460088733325
S2,continuous,A,3,648,78,takeoff,13110.94052677908,13140.94052677908,30.0,1719.0703814674143
S2,continuous,A,8,648,78,landing,13174.02409859222,13364.02409859222,190.0,0.0
S2,continuous,A,4,649,11,takeoff,13162.584344186705,13192.584344186705,30.0,1724.3969888181691
S2,continuous,A,10,649,11,landing,13543.005856035365,13733.005856035365,190.0,302.7708431898336
S2,continuous,A,9,650,39,takeoff,13582.61205979762,13612.61205979762,30.0,2142.5518997314393
S2,continuous,A,2,650,39,landing,13654.322886490736,13844.322886490736,190.0,11.078752095607342
S2,continuous,A,5,651,16,takeoff,11442.584344186705,11472.584344186705,30.0,0.0
S2,continuous,A,8,651,16,landing,12556.711509076744,12746.711509076744,190.0,1026.16222529488
S2,continuous,A,1,652,53,takeoff,15428.187355368536,15458.187355368536,30.0,3944.174174944661
S2,continuous,A,7,652,53,landing,15486.996140978441,15676.996140978441,190.0,0.0
S2,continuous,A,2,653,63,takeoff,12820.69223466369,12850.69223466369,30.0,1336.3693481729533
S2,continuous,A,3,653,63,landing,13140.94052677908,13330.94052677908,190.0,275.2276346326289
S2,continuous,A,5,654,21,takeoff,11487.48084194872,11517.48084194872,30.0,0.0
S2,continuous,A,8,654,21,landing,12746.711509076744,12936.711509076744,190.0,1171.2657275328656
S2,continuous,A,1,655,3,takeoff,15458.187355368536,15488.187355368536,30.0,3894.439421855719
S2,continuous,A,9,655,3,landing,15562.61205979762,15752.61205979762,190.0,0.0
S2,continuous,A,5,656,72,takeoff,11609.697316232447,11639.697316232447,30.0,0.0
S2,continuous,A,2,656,72,landing,12850.69223466369,13040.69223466369,190.0,1176.7644604019333
S2,continuous,A,2,657,18,takeoff,13040.69223466369,13070.69223466369,30.0,1412.504879295153
S2,continuous,A,10,657,18,landing,13733.005856035365,13923.005856035365,190.0,658.0335331716778
S2,continuous,A,8,658,70,takeoff,13364.02409859222,13394.02409859222,30.0,1703.963938526038
S2,continuous,A,9,658,70,landing,14212.61205979762,14402.61205979762,190.0,770.4201711373335
S2,continuous,A,3,659,6,takeoff,13330.94052677908,13360.94052677908,30.0,1660.0
S2,continuous,A,6,659,6,landing,13393.881221475496,13583.881221475496,190.0,0.0
S2,continuous,A,3,660,57,takeoff,13360.94052677908,13390.94052677908,30.0,1686.9273463552054
S2,continuous,A,9,660,57,landing,14742.61205979762,14932.61205979762,190.0,1310.7911663056402
S2,continuous,A,10,661,22,takeoff,11980.346137246615,12010.346137246615,30.0,289.6539025829261
S2,continuous,A,8,661,22,landing,13394.02409859222,13584.02409859222,190.0,1359.5794969658364
S2,continuous,A,4,662,89,takeoff,13192.584344186705,13222.584344186705,30.0,1500.0
S2,continuous,A,11,662,89,landing,13399.462046479592,13589.462046479592,190.0,140.6922095247828
S2,continuous,A,8,663,56,takeoff,13984.504565425406,14014.504565425406,30.0,2284.6694805185816
S2,continuous,A,2,663,56,landing,14034.848685011413,14224.848685011413,190.0,0.0
S2,continuous,A,11,664,97,takeoff,11854.013180423875,11884.013180423875,30.0,146.53233847515548
S2,continuous,A,7,664,97,landing,12934.923181957052,13124.923181957052,190.0,1043.1069303593267
S2,continuous,A,7,665,26,takeoff,12607.48084194872,12637.48084194872,30.0,860.7693328719761
S2,continuous,A,8,665,26,landing,14014.504565425406,14204.504565425406,190.0,1337.7930563486625
S2,continuous,A,6,666,91,takeoff,12004.155245143234,12034.155245143234,30.0,233.40103910833204
S2,continuous,A,9,666,91,landing,14932.61205979762,15122.61205979762,190.0,2828.0271841570575
S2,continuous,A,0,667,86,takeoff,12140.754206034902,12170.754206034902,30.0,346.59896089166796
S2,continuous,A,2,667,86,landing,13844.322886490736,14034.322886490736,190.0,1635.6037839826386
S2,continuous,A,9,668,31,takeoff,13612.61205979762,13642.61205979762,30.0,1812.914743565174
S2,continuous,A,0,668,31,landing,13708.687727466775,13898.687727466775,190.0,0.0
S2,continuous,A,11,669,88,takeoff,11884.013180423875,11914.013180423875,30.0,65.82582505533901
S2,continuous,A,8,669,88,landing,14484.504565425406,14674.504565425406,190.0,2535.780095357539
S2,continuous,A,6,670,28,takeoff,12034.155245143234,12064.155245143234,30.0,153.46301047954512
S2,continuous,A,7,670,28,landing,13124.923181957052,13314.923181957052,190.0,1044.5008452497204
S2,continuous,A,7,671,90,takeoff,12637.48084194872,12667.48084194872,30.0,754.8964977620144
S2,continuous,A,8,671,90,landing,14674.504565425406,14864.504565425406,190.0,1967.7930563486625
S2,continuous,A,4,672,47,takeoff,13222.584344186705,13252.584344186705,30.0,1325.1035022379856
S2,continuous,A,7,672,47,landing,13536.996140978441,13726.996140978441,190.0,232.07295902138867
S2,continuous,A,5,673,82,takeoff,11910.060160066181,11940.060160066181,30.0,0.0
S2,continuous,A,2,673,82,landing,14224.848685011413,14414.848685011413,190.0,2250.5580669159226
S2,continuous,A,8,674,42,takeoff,14204.504565425406,14234.504565425406,30.0,2283.5640386463256
S2,continuous,A,4,674,42,landing,14315.218764300445,14505.218764300445,190.0,0.0
S2,continuous,A,6,675,67,takeoff,12064.155245143234,12094.155245143234,30.0,127.4437360664906
S2,continuous,A,11,675,67,landing,13589.462046479592,13779.462046479592,190.0,1461.1599434011696
S2,continuous,A,9,676,77,takeoff,14402.61205979762,14432.61205979762,30.0,2448.598879373745
S2,continuous,A,10,676,77,landing,14465.557755766804,14655.557755766804,190.0,0.0
S2,continuous,A,10,677,5,takeoff,12211.74529401273,12241.74529401273,30.0,250.9910879778272
S2,continuous,A,7,677,5,landing,14006.996140978441,14196.996140978441,190.0,1771.4157618972968
S2,continuous,A,2,678,64,takeoff,14414.848685011413,14444.848685011413,30.0,2449.948260027535
S2,continuous,A,10,678,64,landing,14655.557755766804,14845.557755766804,190.0,206.4289825553933
S2,continuous,A,5,679,0,takeoff,12144.900424983878,12174.900424983878,30.0,136.71306961534174
S2,continuous,A,8,679,0,landing,14864.504565425406,15054.504565425406,190.0,2631.63920084637
S2,continuous,A,3,680,30,takeoff,13390.94052677908,13420.94052677908,30.0,1359.84405378052
S2,continuous,A,5,680,30,landing,13464.900424983878,13654.900424983878,190.0,0.0
S2,continuous,A,2,681,83,takeoff,14444.848685011413,14474.848685011413,30.0,2374.156450347724
S2,continuous,A,0,681,83,landing,14512.813581484608,14702.813581484608,190.0,0.0
S2,continuous,A,5,682,61,takeoff,12174.900424983878,12204.900424983878,30.0,102.31608079717262
S2,continuous,A,1,682,61,landing,15488.187355368536,15678.187355368536,190.0,3214.025994295989
S2,continuous,A,3,683,49,takeoff,13420.94052677908,13450.94052677908,30.0,1320.8803667128996
S2,continuous,A,2,683,49,landing,14474.848685011413,14664.848685011413,190.0,1008.8875007495699
S2,continuous,A,6,684,76,takeoff,12110.94052677908,12140.94052677908,30.0,0.0
S2,continuous,A,2,684,76,landing,14664.848685011413,14854.848685011413,190.0,2482.0922114608875
S2,continuous,A,3,685,65,takeoff,13450.94052677908,13480.94052677908,30.0,1324.229017702337
S2,continuous,A,7,685,65,landing,14196.996140978441,14386.996140978441,190.0,706.4368756524982
S2,continuous,A,4,686,60,takeoff,13252.584344186705,13282.584344186705,30.0,1108.57116376283
S2,continuous,A,6,686,60,landing,13583.881221475496,13773.881221475496,190.0,221.42317375135462
S2,continuous,A,0,687,75,takeoff,12193.747933512817,12223.747933512817,30.0,0.0
S2,continuous,A,5,687,75,landing,12284.706966472291,12474.706966472291,190.0,0.0
S2,continuous,A,10,688,93,takeoff,12241.74529401273,12271.74529401273,30.0,43.5579386441932
S2,continuous,A,7,688,93,landing,14386.996140978441,14576.996140978441,190.0,2121.4157618972968
S2,continuous,A,1,689,25,takeoff,15678.187355368536,15708.187355368536,30.0,3470.7065134198165
S2,continuous,A,4,689,25,landing,15795.861742673433,15985.861742673433,190.0,0.0
S2,continuous,A,1,690,95,takeoff,15708.187355368536,15738.187355368536,30.0,3447.495120704847
S2,continuous,A,6,690,95,landing,15789.891047457571,15979.891047457571,190.0,0.0
S2,continuous,A,7,691,79,takeoff,12667.48084194872,12697.48084194872,30.0,404.8964977620144
S2,continuous,A,1,691,79,landing,15738.187355368536,15928.187355368536,190.0,3011.897727809912
S2,continuous,A,9,692,75,takeoff,14432.61205979762,14462.61205979762,30.0,2137.9050933253293
S2,continuous,A,10,692,75,landing,14845.557755766804,15035.557755766804,190.0,350.0
S2,continuous,A,9,693,20,takeoff,14462.61205979762,14492.61205979762,30.0,2161.67153301854
S2,continuous,A,2,693,20,landing,14854.848685011413,15044.848685011413,190.0,331.60455061628454
S2,continuous,A,5,694,68,takeoff,12474.706966472291,12504.706966472291,30.0,157.99545739554742
S2,continuous,A,4,694,68,landing,13282.584344186705,13472.584344186705,190.0,700.0193807725482
S2,continuous,A,9,695,48,takeoff,14492.61205979762,14522.61205979762,30.0,2172.5518997314393
S2,continuous,A,10,695,48,landing,15035.557755766804,15225.557755766804,190.0,480.0
S2,continuous,A,7,696,41,takeoff,12697.48084194872,12727.48084194872,30.0,363.4676615248445
S2,continuous,A,3,696,41,landing,13480.94052677908,13670.94052677908,190.0,743.8409462834989
S2,continuous,A,8,697,59,takeoff,14234.504565425406,14264.504565425406,30.0,1846.31721005687
S2,continuous,A,1,697,59,landing,15928.187355368536,16118.187355368536,190.0,1597.36557988626
S2,continuous,A,7,698,99,takeoff,13314.923181957052,13344.923181957052,30.0,917.4423400083324
S2,continuous,A,10,698,99,landing,13923.005856035365,14113.005856035365,190.0,583.5987679957288
S2,continuous,A,3,699,1,takeoff,13670.94052677908,13700.94052677908,30.0,1220.2482921153915
S2,continuous,A,11,699,1,landing,13779.462046479592,13969.462046479592,190.0,59.01113022919162
S2,continuous,A,2,700,74,takeoff,15044.848685011413,15074.848685011413,30.0,2562.2643408247077
S2,continuous,A,11,700,74,landing,15084.630947255628,15274.630947255628,190.0,0.0
S2,continuous,A,5,701,54,takeoff,12504.706966472291,12534.706966472291,30.0,13.766439693210486
S2,continuous,A,0,701,54,landing,12595.665999431765,12785.665999431765,190.0,0.0
S2,continuous,A,10,702,7,takeoff,12510.060160066181,12540.060160066181,30.0,0.0
S2,continuous,A,9,702,7,landing,15122.61205979762,15312.61205979762,190.0,2550.2550247764248
S2,continuous,A,11,703,38,takeoff,12704.013180423875,12734.013180423875,30.0,180.0
S2,continuous,A,10,703,38,landing,12734.89819769838,12924.89819769838,190.0,0.0
S2,continuous,A,5,704,16,takeoff,12566.711509076744,12596.711509076744,30.0,0.0
S2,continuous,A,2,704,16,landing,15074.848685011413,15264.848685011413,190.0,2443.90671790536
S2,continuous,A,4,705,96,takeoff,13472.584344186705,13502.584344186705,30.0,894.3969888181691
S2,continuous,A,5,705,96,landing,13654.900424983878,13844.900424983878,190.0,74.45808385530654
S2,continuous,A,6,706,54,takeoff,12605.665999431765,12635.665999431765,30.0,0.0
S2,continuous,A,11,706,54,landing,13969.462046479592,14159.462046479592,190.0,1299.6491891126389
S2,continuous,A,6,707,35,takeoff,12640.69223466369,12670.69223466369,30.0,0.0
S2,continuous,A,7,707,35,landing,14576.996140978441,14766.996140978441,190.0,1890.0368147506542
S2,continuous,A,6,708,8,takeoff,12700.060160066181,12730.060160066181,30.0,0.0
S2,continuous,A,7,708,8,landing,14766.996140978441,14956.996140978441,190.0,2020.6688893481623
S2,continuous,A,9,709,17,takeoff,14522.61205979762,14552.61205979762,30.0,1811.6715330185398
S2,continuous,A,8,709,17,landing,15054.504565425406,15244.504565425406,190.0,453.7247155597179
S2,continuous,A,5,710,52,takeoff,12732.584344186705,12762.584344186705,30.0,0.0
S2,continuous,A,10,710,52,landing,12924.89819769838,13114.89819769838,190.0,134.7292943277207
S2,continuous,A,7,711,38,takeoff,13726.996140978441,13756.996140978441,30.0,982.7467642942302
S2,continuous,A,1,711,38,landing,16118.187355368536,16308.187355368536,190.0,2332.382428780191
S2,continuous,A,7,712,36,takeoff,13756.996140978441,13786.996140978441,30.0,1002.0729590213887
S2,continuous,A,9,712,36,landing,15312.61205979762,15502.61205979762,190.0,1478.1952369366409
S2,continuous,A,1,713,21,takeoff,16308.187355368536,16338.187355368536,30.0,3551.4758462917925
S2,continuous,A,6,713,21,landing,16389.89104745757,16579.89104745757,190.0,0.0
S2,continuous,A,2,714,9,takeoff,15264.848685011413,15294.848685011413,30.0,2436.661329642877
S2,continuous,A,7,714,9,landing,15676.996140978441,15866.996140978441,190.0,363.7163538496152
S2,continuous,A,9,715,12,takeoff,15502.61205979762,15532.61205979762,30.0,2663.150013318029
S2,continuous,A,1,715,12,landing,16338.187355368536,16528.187355368536,190.0,731.1505911418317
S2,continuous,A,11,716,72,takeoff,14159.462046479592,14189.462046479592,30.0,1298.7698118159024
S2,continuous,A,7,716,72,landing,14956.996140978441,15146.996140978441,190.0,759.7310233249991
S2,continuous,A,2,717,33,takeoff,15294.848685011413,15324.848685011413,30.0,2419.1935709645913
S2,continuous,A,7,717,33,landing,15866.996140978441,16056.996140978441,190.0,523.7163538496152
S2,continuous,A,9,718,34,takeoff,15532.61205979762,15562.61205979762,30.0,2631.67153301854
S2,continuous,A,3,718,34,landing,15603.49242651052,15793.49242651052,190.0,0.0
S2,continuous,A,1,719,58,takeoff,16528.187355368536,16558.187355368536,30.0,3608.127195302355
S2,continuous,A,5,719,58,landing,16627.448291457207,16817.448291457207,190.0,0.0
S2,continuous,A,3,720,52,takeoff,13700.94052677908,13730.94052677908,30.0,766.69115009487
S2,continuous,A,6,720,52,landing,13773.881221475496,13963.881221475496,190.0,10.0
S2,continuous,A,7,721,97,takeoff,13786.996140978441,13816.996140978441,30.0,842.0729590213887
S2,continuous,A,9,721,97,landing,15752.61205979762,15942.61205979762,190.0,1888.1952369366409
S2,continuous,A,0,722,32,takeoff,13055.655114046822,13085.655114046822,30.0,87.42716391257272
S2,continuous,A,6,722,32,landing,13123.85763881817,13313.85763881817,190.0,0.0
S2,continuous,A,0,723,37,takeoff,13085.655114046822,13115.655114046822,30.0,103.07076986011634
S2,continuous,A,9,723,37,landing,15942.61205979762,16132.61205979762,190.0,2760.8812780816443
S2,continuous,A,3,724,51,takeoff,13730.94052677908,13760.94052677908,30.0,701.4784802994891
S2,continuous,A,5,724,51,landing,13844.900424983878,14034.900424983878,190.0,40.0
S2,continuous,A,0,725,13,takeoff,13115.655114046822,13145.655114046822,30.0,21.332227556085854
S2,continuous,A,5,725,13,landing,14034.900424983878,14224.900424983878,190.0,828.2862779775824
S2,continuous,A,11,726,71,takeoff,14189.462046479592,14219.462046479592,30.0,1081.2746911110553
S2,continuous,A,8,726,71,landing,15244.504565425406,15434.504565425406,190.0,990.3312293018225
S2,continuous,A,2,727,32,takeoff,15324.848685011413,15354.848685011413,30.0,2190.991046193243
S2,continuous,A,10,727,32,landing,15359.12877321141,15549.12877321141,190.0,0.0
S2,continuous,A,1,728,28,takeoff,16558.187355368536,16588.187355368536,30.0,3423.264173411484
S2,continuous,A,4,728,28,landing,16675.861742673434,16865.861742673434,190.0,0.0
S2,continuous,A,6,729,98,takeoff,13313.85763881817,13343.85763881817,30.0,166.4093473609646
S2,continuous,A,2,729,98,landing,15354.848685011413,15544.848685011413,190.0,1969.1750994217982
S2,continuous,A,9,730,63,takeoff,16132.61205979762,16162.61205979762,30.0,2981.67153301854
S2,continuous,A,3,730,63,landing,16203.49242651052,16393.492426510522,190.00000000000182,0.0
S2,continuous,A,0,731,19,takeoff,13172.357035021196,13202.357035021196,30.0,0.0
S2,continuous,A,8,731,19,landing,15434.504565425406,15624.504565425406,190.0,2174.1366103093624
S2,continuous,A,5,732,55,takeoff,13327.448291457205,13357.448291457205,30.0,144.83623165958488
S2,continuous,A,0,732,55,landing,13418.40732441668,13608.40732441668,190.0,0.0
S2,continuous,A,0,733,78,takeoff,13202.357035021196,13232.357035021196,30.0,18.33293642897661
S2,continuous,A,2,733,78,landing,15544.848685011413,15734.848685011413,190.0,2274.5267535170224
S2,continuous,A,11,734,29,takeoff,14219.462046479592,14249.462046479592,30.0,1000.0
S2,continuous,A,10,734,29,landing,14250.347063754096,14440.347063754096,190.0,0.0
S2,continuous,A,11,735,44,takeoff,14249.462046479592,14279.462046479592,30.0,965.1391599888557
S2,continuous,A,4,735,44,landing,14505.218764300445,14695.218764300445,190.0,189.57122505275038
S2,continuous,A,0,736,68,takeoff,13292.584344186705,13322.584344186705,30.0,0.0
S2,continuous,A,11,736,68,landing,14279.462046479592,14469.462046479592,190.0,924.7447342933756
S2,continuous,A,0,737,4,takeoff,13328.187355368536,13358.187355368536,30.0,0.0
S2,continuous,A,4,737,4,landing,13502.584344186705,13692.584344186705,190.0,66.22712696997223
S2,continuous,A,3,738,85,takeoff,13760.94052677908,13790.94052677908,30.0,403.9443858006398
S2,continuous,A,0,738,85,landing,13898.687727466775,14088.687727466775,190.0,80.26972246855621
S2,continuous,A,9,739,69,takeoff,16162.61205979762,16192.61205979762,30.0,2800.2550247764248
S2,continuous,A,0,739,69,landing,16258.687727466775,16448.687727466775,190.0,0.0
S2,continuous,A,3,740,45,takeoff,13790.94052677908,13820.94052677908,30.0,418.3284669814602
S2,continuous,A,11,740,45,landing,14469.462046479592,14659.462046479592,190.0,629.0111302291916
S2,continuous,A,11,741,6,takeoff,14659.462046479592,14689.462046479592,30.0,1255.5808250040955
S2,continuous,A,6,741,6,landing,14723.60890441478,14913.60890441478,190.0,0.0
S2,continuous,A,2,742,22,takeoff,15734.848685011413,15764.848685011413,30.0,2330.824586419194
S2,continuous,A,0,742,22,landing,15802.813581484608,15992.813581484608,190.0,0.0
S2,continuous,A,0,743,89,takeoff,13608.40732441668,13638.40732441668,30.0,198.94527793708767
S2,continuous,A,10,743,89,landing,15549.12877321141,15739.12877321141,190.0,1896.9698351424977
S2,continuous,A,8,744,55,takeoff,14264.504565425406,14294.504565425406,30.0,836.097241008727
S2,continuous,A,1,744,55,landing,16588.187355368536,16778.187355368536,190.0,2227.36557988626
S2,continuous,A,5,745,27,takeoff,14224.900424983878,14254.900424983878,30.0,750.5775384931421
S2,continuous,A,7,745,27,landing,15146.996140978441,15336.996140978441,190.0,852.2351075157676
S2,continuous,A,7,746,30,takeoff,15336.996140978441,15366.996140978441,30.0,1862.0957159945629
S2,continuous,A,11,746,30,landing,15374.799212152291,15564.799212152291,190.0,0.0
S2,continuous,A,3,747,41,takeoff,13820.94052677908,13850.94052677908,30.0,330.0
S2,continuous,A,10,747,41,landing,15739.12877321141,15929.12877321141,190.0,1888.7826359647952
S2,continuous,A,0,748,4,takeoff,13638.40732441668,13668.40732441668,30.0,125.82298022997384
S2,continuous,A,5,748,4,landing,14254.900424983878,14444.900424983878,190.0,525.5340676077249
S2,continuous,A,1,749,47,takeoff,16778.187355368536,16808.187355368536,30.0,3231.1912143900954
S2,continuous,A,9,749,47,landing,16882.61205979762,17072.61205979762,190.0,0.0
S2,continuous,A,7,750,11,takeoff,15366.996140978441,15396.996140978441,30.0,1814.6391059572452
S2,continuous,A,6,750,11,landing,15413.263232542538,15603.263232542538,190.0,0.0
S2,continuous,A,1,751,73,takeoff,16808.187355368536,16838.187355368536,30.0,3230.0
S2,continuous,A,3,751,73,landing,16875.76300862726,17065.76300862726,190.0,0.0
S2,continuous,A,2,752,60,takeoff,15764.848685011413,15794.848685011413,30.0,2170.967463535917
S2,continuous,A,1,752,60,landing,16838.187355368536,17028.187355368536,190.0,997.2031392349236
S2,continuous,A,3,753,67,takeoff,14045.763008627262,14075.763008627262,30.0,446.30096214767036
S2,continuous,A,7,753,67,landing,16056.996140978441,16246.996140978441,190.0,1971.614393804317
S2,continuous,A,5,754,94,takeoff,14444.900424983878,14474.900424983878,30.0,830.3958595584718
S2,continuous,A,1,754,94,landing,17028.187355368536,17218.187355368536,190.0,2484.025994295989
S2,continuous,A,7,755,24,takeoff,15396.996140978441,15426.996140978441,30.0,1744.3840811808204
S2,continuous,A,3,755,24,landing,15793.49242651052,15983.49242651052,190.0,356.8775469852171
S2,continuous,A,1,756,39,takeoff,17218.187355368536,17248.187355368536,30.0,3553.8644688778004
S2,continuous,A,10,756,39,landing,17270.095391965377,17460.095391965377,190.0,0.0
S2,continuous,A,10,757,96,takeoff,14113.005856035365,14143.005856035365,30.0,448.10543105148645
S2,continuous,A,4,757,96,landing,14695.218764300445,14885.218764300445,190.0,505.2110606204242
S2,continuous,A,9,758,31,takeoff,16192.61205979762,16222.61205979762,30.0,2473.9243323308456
S2,continuous,A,2,758,31,landing,16253.244134395129,16443.24413439513,190.0,0.0
S2,continuous,A,8,759,18,takeoff,15624.504565425406,15654.504565425406,30.0,1882.1475304042106
S2,continuous,A,5,759,18,landing,15712.469505020565,15902.469505020565,190.0,0.0
S2,continuous,A,9,760,52,takeoff,16222.61205979762,16252.61205979762,30.0,2438.7308383221243
S2,continuous,A,1,760,52,landing,17248.187355368536,17438.187355368536,190.0,921.1505911418317
S2,continuous,A,8,761,1,takeoff,15654.504565425406,15684.504565425406,30.0,1865.0425189458147
S2,continuous,A,2,761,1,landing,15794.848685011413,15984.848685011413,190.0,90.0
S2,continuous,A,0,762,43,takeoff,14088.687727466775,14118.687727466775,30.0,284.18316204136863
S2,continuous,A,3,762,43,landing,14146.165205685913,14336.165205685913,190.0,0.0
S2,continuous,A,4,763,23,takeoff,13826.996140978441,13856.996140978441,30.0,0.0
S2,continuous,A,1,763,23,landing,17438.187355368536,17628.187355368536,190.0,3493.516827085199
S2,continuous,A,6,764,50,takeoff,13963.881221475496,13993.881221475496,30.0,135.69386610695983
S2,continuous,A,10,764,50,landing,15929.12877321141,16119.12877321141,190.0,1917.6575028664192
S2,continuous,A,8,765,40,takeoff,15684.504565425406,15714.504565425406,30.0,1841.8925056277858
S2,continuous,A,7,765,40,landing,16246.996140978441,16436.99614097844,190.0,493.2609084250107
S2,continuous,A,1,766,86,takeoff,17628.187355368536,17658.187355368536,30.0,3773.8644688778004
S2,continuous,A,0,766,86,landing,17705.655114046822,17895.655114046822,190.0,0.0
S2,continuous,A,7,767,51,takeoff,15426.996140978441,15456.996140978441,30.0,1572.0957159945629
S2,continuous,A,11,767,51,landing,15564.799212152291,15754.799212152291,190.0,100.0
S2,continuous,A,2,768,15,takeoff,15984.848685011413,16014.848685011413,30.0,2119.085676384151
S2,continuous,A,4,768,15,landing,16069.80898187071,16259.80898187071,190.0,0.0
S2,continuous,A,5,769,85,takeoff,14474.900424983878,14504.900424983878,30.0,566.2126975171032
S2,continuous,A,9,769,85,landing,16252.61205979762,16442.61205979762,189.99999999999818,1680.6616082627024
S2,continuous,A,8,770,99,takeoff,15714.504565425406,15744.504565425406,30.0,1782.1475304042106
S2,continuous,A,0,770,99,landing,15992.813581484608,16182.813581484608,190.0,190.2980959643537
S2,continuous,A,6,771,54,takeoff,13993.881221475496,14023.881221475496,30.0,14.419174995904541
S2,continuous,A,3,771,54,landing,14336.165205685913,14526.165205685913,190.0,279.3432895140013
S2,continuous,A,10,772,5,takeoff,14143.005856035365,14173.005856035365,30.0,126.0097150569236
S2,continuous,A,1,772,5,landing,17658.187355368536,17848.187355368536,190.0,3463.9222837504985
S2,continuous,A,11,773,62,takeoff,14689.462046479592,14719.462046479592,30.0,671.2746911110553
S2,continuous,A,3,773,62,landing,14738.972435950911,14928.972435950911,190.0,0.0
S2,continuous,A,3,774,26,takeoff,14075.763008627262,14105.763008627262,30.0,51.2584432018557
S2,continuous,A,5,774,26,landing,14504.900424983878,14694.900424983878,190.0,355.17751815181873
S2,continuous,A,11,775,87,takeoff,14719.462046479592,14749.462046479592,30.0,686.8499866819711
S2,continuous,A,2,775,87,landing,16014.848685011413,16204.848685011413,190.0,1255.604376287607
S2,continuous,A,10,776,56,takeoff,14173.005856035365,14203.005856035365,30.0,128.15717102395138
S2,continuous,A,9,776,56,landing,16442.61205979762,16632.61205979762,190.0,2207.3093288072396
S2,continuous,A,5,777,13,takeoff,14694.900424983878,14724.900424983878,30.0,650.0
S2,continuous,A,6,777,13,landing,14913.60890441478,15103.60890441478,190.0,124.68213925275268
S2,continuous,A,1,778,43,takeoff,17848.187355368536,17878.187355368536,30.0,3692.0221496826234
S2,continuous,A,5,778,43,landing,17947.448291457207,18137.448291457207,190.0,0.0
S2,continuous,A,0,779,65,takeoff,14206.996140978441,14236.996140978441,30.0,0.0
S2,continuous,A,1,779,65,landing,17878.187355368536,18068.187355368536,190.0,3593.72345571181
S2,continuous,A,8,780,70,takeoff,15744.504565425406,15774.504565425406,30.0,1521.8925056277858
S2,continuous,A,11,780,70,landing,15809.215855069398,15999.215855069398,190.0,0.0
S2,continuous,A,5,781,82,takeoff,14724.900424983878,14754.900424983878,30.0,490.05173997246493
S2,continuous,A,11,781,82,landing,14786.144760778829,14976.144760778829,190.0,0.0
S2,continuous,A,7,782,29,takeoff,15456.996140978441,15486.996140978441,30.0,1197.2978982385139
S2,continuous,A,8,782,29,landing,15774.504565425406,15964.504565425406,190.0,248.27775731894144
S2,continuous,A,8,783,4,takeoff,15964.504565425406,15994.504565425406,30.0,1699.6041404415282
S2,continuous,A,6,783,4,landing,16056.789665256974,16246.789665256974,190.0,0.0
S2,continuous,A,4,784,2,takeoff,14268.187355368536,14298.187355368536,30.0,0.0
S2,continuous,A,5,784,2,landing,14754.900424983878,14944.900424983878,190.0,378.85507267347566
S2,continuous,A,1,785,68,takeoff,18068.187355368536,18098.187355368536,30.0,3778.7253088889447
S2,continuous,A,7,785,68,landing,18126.996140978445,18316.996140978445,190.0,0.0
S2,continuous,A,10,786,80,takeoff,15225.557755766804,15255.557755766804,30.0,921.0531903413976
S2,continuous,A,1,786,80,landing,18098.187355368536,18288.187355368536,190.0,2821.370384019059
S2,continuous,A,9,787,81,takeoff,16632.61205979762,16662.61205979762,30.0,2316.956945750797
S2,continuous,A,6,787,81,landing,16733.041690294947,16923.041690294947,190.0,0.0
S2,continuous,A,7,788,42,takeoff,16436.99614097844,16466.99614097844,30.0,2111.7773766779956
S2,continuous,A,10,788,42,landing,16461.480047061024,16651.480047061024,190.0,0.0
S2,continuous,A,3,789,54,takeoff,14526.165205685913,14556.165205685913,30.0,180.0
S2,continuous,A,5,789,54,landing,14944.900424983878,15134.900424983878,190.0,344.7753210931678
S2,continuous,A,4,790,93,takeoff,14885.218764300445,14915.218764300445,30.0,488.22262332200444
S2,continuous,A,0,790,93,landing,14993.388626148642,15183.388626148642,190.0,0.0
S2,continuous,A,4,791,77,takeoff,14915.218764300445,14945.218764300445,30.0,440.3098295478103
S2,continuous,A,1,791,77,landing,18288.187355368536,18478.187355368536,190.0,3255.2942037631947
S2,continuous,A,1,792,45,takeoff,18478.187355368536,18508.187355368536,30.0,3998.7253088889447
S2,continuous,A,5,792,45,landing,18577.448291457207,18767.448291457207,190.0,0.0
S2,continuous,A,9,793,49,takeoff,16662.61205979762,16692.61205979762,30.0,2177.7633747862055
S2,continuous,A,0,793,49,landing,16758.687727466775,16948.687727466775,190.0,0.0
S2,continuous,A,10,794,10,takeoff,15255.557755766804,15285.557755766804,30.0,767.3704003982675
S2,continuous,A,2,794,10,landing,16443.24413439513,16633.24413439513,190.0,1154.0551114424961
S2,continuous,A,9,795,88,takeoff,16692.61205979762,16722.61205979762,30.0,2198.1074943722124
S2,continuous,A,7,795,88,landing,16770.03274168016,16960.03274168016,190.0,0.0
S2,continuous,A,9,796,26,takeoff,16722.61205979762,16752.61205979762,30.0,2207.7116348137406
S2,continuous,A,2,796,26,landing,16783.24413439513,16973.24413439513,190.0,0.0
S2,continuous,A,10,797,44,takeoff,15285.557755766804,15315.557755766804,30.0,770.3389914663585
S2,continuous,A,7,797,44,landing,16466.99614097844,16656.99614097844,190.0,1157.6033001432224
S2,continuous,A,3,798,83,takeoff,14556.165205685913,14586.165205685913,30.0,33.35162420130473
S2,continuous,A,2,798,83,landing,16973.24413439513,17163.24413439513,190.0,2372.058271226453
S2,continuous,A,1,799,84,takeoff,18508.187355368536,18538.187355368536,30.0,3945.575295570916
S2,continuous,A,11,799,84,landing,18579.46204647959,18769.46204647959,190.0,0.0
S2,continuous,A,8,800,35,takeoff,15994.504565425406,16024.504565425406,30.0,1407.5084244469654
S2,continuous,A,2,800,35,landing,17163.24413439513,17353.24413439513,190.0,1118.3954493837155
S2,continuous,A,1,801,64,takeoff,18538.187355368536,18568.187355368536,30.0,3873.2784206159013
S2,continuous,A,8,801,64,landing,18634.504565425406,18824.504565425406,190.0,0.0
S2,continuous,A,5,802,76,takeoff,15134.900424983878,15164.900424983878,30.0,460.05173997246493
S2,continuous,A,4,802,76,landing,15242.758421925744,15432.758421925744,190.0,0.0
S2,continuous,A,4,803,92,takeoff,14945.218764300445,14975.218764300445,30.0,267.031408931909
S2,continuous,A,10,803,92,landing,16119.12877321141,16309.12877321141,190.0,1096.2593402521397
S2,continuous,A,6,804,90,takeoff,14684.504565425406,14714.504565425406,30.0,0.0
S2,continuous,A,10,804,90,landing,16651.480047061024,16841.480047061024,190.0,1919.385432766123
S2,continuous,A,10,805,96,takeoff,15315.557755766804,15345.557755766804,30.0,610.3389914663585
S2,continuous,A,0,805,96,landing,15358.660548404869,15548.660548404869,190.0,0.0
S2,continuous,A,5,806,6,takeoff,15164.900424983878,15194.900424983878,30.0,431.2915205690988
S2,continuous,A,6,806,6,landing,16923.041690294947,17113.041690294947,190.0,1664.1149251329207
S2,continuous,A,10,807,62,takeoff,16309.12877321141,16339.12877321141,30.0,1560.1563372604996
S2,continuous,A,4,807,62,landing,16386.130620856067,16576.130620856067,190.0,0.0
S2,continuous,A,9,808,57,takeoff,16752.61205979762,16782.61205979762,30.0,1999.9999999999982
S2,continuous,A,10,808,57,landing,16841.480047061024,17031.480047061024,190.0,25.922291294224124
S2,continuous,A,10,809,2,takeoff,16339.12877321141,16369.12877321141,30.0,1574.2283482275325
S2,continuous,A,5,809,2,landing,16396.064511381195,16586.064511381195,190.0,0.0
S2,continuous,A,8,810,8,takeoff,16024.504565425406,16054.504565425406,30.0,1247.5084244469654
S2,continuous,A,0,810,8,landing,16448.687727466775,16638.687727466775,190.0,336.17224194652044
S2,continuous,A,11,811,82,takeoff,14976.144760778829,15006.144760778829,30.0,180.0
S2,continuous,A,1,811,82,landing,18568.187355368536,18758.187355368536,190.0,3520.7679034786524
S2,continuous,A,8,812,75,takeoff,16054.504565425406,16084.504565425406,30.0,1199.5956306727712
S2,continuous,A,3,812,75,landing,16393.492426510522,16583.492426510522,190.0,275.9042892719772
S2,continuous,A,5,813,20,takeoff,15194.900424983878,15224.900424983878,30.0,330.05173997246493
S2,continuous,A,6,813,20,landing,17113.041690294947,17303.041690294947,190.0,1824.1149251329207
S2,continuous,A,6,814,66,takeoff,15103.60890441478,15133.60890441478,30.0,235.42154904624294
S2,continuous,A,1,814,66,landing,18758.187355368536,18948.187355368536,190.0,3572.874758864722
S2,continuous,A,8,815,0,takeoff,16084.504565425406,16114.504565425406,30.0,1210.0
S2,continuous,A,4,815,0,landing,16865.861742673434,17055.861742673434,190.0,670.6429783729891
S2,continuous,A,5,816,13,takeoff,15224.900424983878,15254.900424983878,30.0,301.2915205690988
S2,continuous,A,2,816,13,landing,17353.24413439513,17543.24413439513,190.0,2064.113251381941
S2,continuous,A,1,817,91,takeoff,18948.187355368536,18978.187355368536,30.0,4005.575295570916
S2,continuous,A,3,817,91,landing,19015.76300862726,19205.76300862726,190.0,0.0
S2,continuous,A,5,818,54,takeoff,15254.900424983878,15284.900424983878,30.0,300.0
S2,continuous,A,9,818,54,landing,17072.61205979762,17262.61205979762,190.0,1720.6616082627006
S2,continuous,A,11,819,72,takeoff,15006.144760778829,15036.144760778829,30.0,39.14861980038768
S2,continuous,A,6,819,72,landing,15133.60890441478,15323.60890441478,190.0,63.31728570076302
S2,continuous,A,7,820,93,takeoff,16656.99614097844,16686.99614097844,30.0,1653.6075148297987
S2,continuous,A,11,820,93,landing,16694.79921215229,16884.79921215229,190.0,0.0
S2,continuous,A,3,821,48,takeoff,15044.908934752635,15074.908934752635,30.0,0.0
S2,continuous,A,11,821,48,landing,15999.215855069398,16189.215855069398,190.0,904.7965308454441
S2,continuous,A,7,822,46,takeoff,16686.99614097844,16716.99614097844,30.0,1628.8087856099046
S2,continuous,A,11,822,46,landing,16884.79921215229,17074.79921215229,190.0,160.0
S2,continuous,A,10,823,17,takeoff,16369.12877321141,16399.12877321141,30.0,1304.6242077860043
S2,continuous,A,5,823,17,landing,16817.448291457207,17007.448291457207,190.0,391.38378007601204
S2,continuous,A,4,824,16,takeoff,15084.848685011413,15114.848685011413,30.0,0.0
S2,continuous,A,3,824,16,landing,15181.294769911761,15371.294769911761,190.0,0.0
S2,continuous,A,7,825,74,takeoff,16716.99614097844,16746.99614097844,30.0,1622.3651937228133
S2,continuous,A,0,825,74,landing,16948.687727466775,17138.687727466775,190.0,186.9813977842241
S2,continuous,A,11,826,7,takeoff,15274.630947255628,15304.630947255628,30.0,142.01888745800716
S2,continuous,A,7,826,7,landing,16960.03274168016,17150.03274168016,190.0,1647.5987232506814
S2,continuous,A,2,827,72,takeoff,16204.848685011413,16234.848685011413,30.0,1061.2397805966339
S2,continuous,A,4,827,72,landing,17055.861742673434,17245.861742673434,190.0,766.0527608027242
S2,continuous,A,2,828,27,takeoff,16633.24413439513,16663.24413439513,30.0,1476.2479934166877
S2,continuous,A,0,828,27,landing,17138.687727466775,17328.687727466775,190.0,437.47869659844946
S2,continuous,A,7,829,16,takeoff,17150.03274168016,17180.03274168016,30.0,1958.737971768398
S2,continuous,A,6,829,16,landing,17303.041690294947,17493.041690294947,190.0,106.74185705068885
S2,continuous,A,1,830,14,takeoff,18978.187355368536,19008.187355368536,30.0,3730.0
S2,continuous,A,2,830,14,landing,19054.32288649074,19244.32288649074,190.0,0.0
S2,continuous,A,3,831,76,takeoff,15371.294769911761,15401.294769911761,30.0,118.53634798601706
S2,continuous,A,9,831,76,landing,17262.61205979762,17452.61205979762,190.0,1820.436923172958
S2,continuous,A,8,832,71,takeoff,16114.504565425406,16144.504565425406,30.0,860.0
S2,continuous,A,9,832,71,landing,17452.61205979762,17642.61205979762,190.0,1259.9397043041445
S2,continuous,A,8,833,36,takeoff,16144.504565425406,16174.504565425406,30.0,821.8925056277858
S2,continuous,A,7,833,36,landing,17180.03274168016,17370.03274168016,190.0,966.297509126729
S2,continuous,A,11,834,98,takeoff,15754.799212152291,15784.799212152291,30.0,389.95052714087797
S2,continuous,A,4,834,98,landing,17245.861742673434,17435.861742673434,190.0,1424.87703775304
S2,continuous,A,0,835,32,takeoff,15548.660548404869,15578.660548404869,30.0,180.18059620762688
S2,continuous,A,2,835,32,landing,17543.24413439513,17733.24413439513,190.0,1926.618689517065
S2,continuous,A,1,836,96,takeoff,19008.187355368536,19038.187355368536,30.0,3639.5268069636677
S2,continuous,A,6,836,96,landing,19089.891047457568,19279.891047457568,190.0,0.0
S2,continuous,A,5,837,30,takeoff,15384.799212152291,15414.799212152291,30.0,0.0
S2,continuous,A,3,837,30,landing,15983.49242651052,16173.49242651052,190.0,524.7333161534316
S2,continuous,A,8,838,11,takeoff,16174.504565425406,16204.504565425406,30.0,751.2413328828679
S2,continuous,A,1,838,11,landing,19038.187355368536,19228.187355368536,190.0,2767.36557988626
S2,continuous,A,10,839,19,takeoff,16399.12877321141,16429.12877321141,30.0,954.6242077860043
S2,continuous,A,7,839,19,landing,17370.03274168016,17560.03274168016,190.0,947.068883400334
S2,continuous,A,6,840,53,takeoff,15603.263232542538,15633.263232542538,30.0,106.26709156409743
S2,continuous,A,4,840,53,landing,17435.861742673434,17625.861742673434,190.0,1722.72480659346
S2,continuous,A,7,841,61,takeoff,17560.03274168016,17590.03274168016,30.0,2061.845386311623
S2,continuous,A,6,841,61,landing,17606.29983324426,17796.29983324426,190.0,0.0
S2,continuous,A,8,842,78,takeoff,16204.504565425406,16234.504565425406,30.0,649.6558804139931
S2,continuous,A,0,842,78,landing,17328.687727466775,17518.687727466775,190.0,1036.1722419465204
S2,continuous,A,7,843,89,takeoff,17590.03274168016,17620.03274168016,30.0,2031.5527894829174
S2,continuous,A,8,843,89,landing,17659.263408808183,17849.263408808183,190.0,0.0
S2,continuous,A,0,844,3,takeoff,15578.660548404869,15608.660548404869,30.0,6.048488607248146
S2,continuous,A,1,844,3,landing,19228.187355368536,19418.187355368536,190.0,3572.0590482853822
S2,continuous,A,5,845,51,takeoff,15574.799212152291,15604.799212152291,30.0,0.0
S2,continuous,A,11,845,51,landing,16189.215855069398,16379.215855069398,190.0,553.1723071221568
S2,continuous,A,2,846,34,takeoff,16663.24413439513,16693.24413439513,30.0,1049.7517078846085
S2,continuous,A,1,846,34,landing,19418.187355368536,19608.187355368536,190.0,2678.8076898512045
S2,continuous,A,0,847,9,takeoff,15686.996140978441,15716.996140978441,30.0,0.0
S2,continuous,A,3,847,9,landing,16583.492426510522,16773.492426510522,190.0,839.018807312943
S2,continuous,A,6,848,18,takeoff,15722.469505020565,15752.469505020565,30.0,0.0
S2,continuous,A,11,848,18,landing,16379.215855069398,16569.2158550694,190.00000000000182,592.5994921136462
S2,continuous,A,2,849,79,takeoff,16693.24413439513,16723.24413439513,30.0,945.0567790265923
S2,continuous,A,5,849,79,landing,17007.448291457207,17197.448291457207,190.0,249.97369903276558
S2,continuous,A,6,850,41,takeoff,15752.469505020565,15782.469505020565,30.0,3.9895528233228106
S2,continuous,A,9,850,41,landing,17642.61205979762,17832.61205979762,190.0,1789.7129242797255
S2,continuous,A,8,851,97,takeoff,16234.504565425406,16264.504565425406,30.0,471.8925056277858
S2,continuous,A,0,851,97,landing,17895.655114046822,18085.655114046822,190.0,1573.1396285265673
S2,continuous,A,6,852,29,takeoff,15979.891047457571,16009.891047457571,30.0,195.38648203216508
S2,continuous,A,10,852,29,landing,17031.480047061024,17221.480047061024,190.0,1003.9989507339578
S2,continuous,A,5,853,95,takeoff,15902.469505020565,15932.469505020565,30.0,102.57845756299321
S2,continuous,A,0,853,95,landing,18085.655114046822,18275.655114046822,190.0,2092.2265760667833
S2,continuous,A,4,854,24,takeoff,15985.861742673433,16015.861742673433,30.0,182.36931616291258
S2,continuous,A,10,854,24,landing,17460.095391965377,17650.095391965377,190.0,1396.5829806331185
S2,continuous,A,7,855,1,takeoff,17620.03274168016,17650.03274168016,30.0,1815.184056668746
S2,continuous,A,4,855,1,landing,17702.371579450508,17892.371579450508,190.0,0.0
S2,continuous,A,10,856,25,takeoff,16429.12877321141,16459.12877321141,30.0,623.2670305379779
S2,continuous,A,0,856,25,landing,18275.655114046822,18465.655114046822,190.0,1803.4235481973483
S2,continuous,A,4,857,22,takeoff,16015.861742673433,16045.861742673433,30.0,203.04816118882445
S2,continuous,A,2,857,22,landing,17733.24413439513,17923.24413439513,190.0,1632.4220948623988
S2,continuous,A,5,858,70,takeoff,15932.469505020565,15962.469505020565,30.0,113.25364995116615
S2,continuous,A,1,858,70,landing,19608.187355368536,19798.187355368536,190.0,3576.4569142593027
S2,continuous,A,7,859,33,takeoff,17650.03274168016,17680.03274168016,30.0,1773.0366007017183
S2,continuous,A,5,859,33,landing,17719.89335015896,17909.89335015896,190.0,0.0
S2,continuous,A,6,860,59,takeoff,16009.891047457571,16039.891047457571,30.0,71.70369208903503
S2,continuous,A,5,860,59,landing,16103.91738763572,16293.91738763572,190.0,0.0
S2,continuous,A,5,861,50,takeoff,15962.469505020565,15992.469505020565,30.0,23.98955282332281
S2,continuous,A,7,861,50,landing,17680.03274168016,17870.03274168016,190.0,1647.7026281807994
S2,continuous,A,5,862,37,takeoff,15992.469505020565,16022.469505020565,30.0,39.85744522294408
S2,continuous,A,2,862,37,landing,17923.24413439513,18113.24413439513,190.0,1866.5441713452547
S2,continuous,A,0,863,30,takeoff,16182.813581484608,16212.813581484608,30.0,189.32115497408813
S2,continuous,A,5,863,30,landing,17197.448291457207,17387.448291457207,190.0,923.6756770131251
S2,continuous,A,1,864,99,takeoff,19798.187355368536,19828.187355368536,30.0,3795.373773883928
S2,continuous,A,11,864,99,landing,19869.46204647959,20059.46204647959,190.0,0.0
S2,continuous,A,7,865,48,takeoff,17870.03274168016,17900.03274168016,30.0,1860.8168866107608
S2,continuous,A,6,865,48,landing,17916.29983324426,18106.29983324426,190.0,0.0
S2,continuous,A,3,866,87,takeoff,16173.49242651052,16203.49242651052,30.0,148.6437414991069
S2,continuous,A,6,866,87,landing,18106.29983324426,18296.29983324426,190.0,1869.866712037323
S2,continuous,A,10,867,4,takeoff,17221.480047061024,17251.480047061024,30.0,1154.69038180405
S2,continuous,A,1,867,4,landing,19828.187355368536,20018.187355368536,190.0,2555.4480927248405
S2,continuous,A,5,868,67,takeoff,16066.996140978441,16096.996140978441,30.0,0.0
S2,continuous,A,9,868,67,landing,17832.61205979762,18022.61205979762,190.0,1668.5658922681378
S2,continuous,A,2,869,15,takeoff,16723.24413439513,16753.24413439513,30.0,643.4351525244183
S2,continuous,A,1,869,15,landing,20018.187355368536,20208.187355368536,190.0,3218.8076898512045
S2,continuous,A,9,870,59,takeoff,16782.61205979762,16812.61205979762,30.0,668.6946721618988
S2,continuous,A,0,870,59,landing,18465.655114046822,18655.655114046822,190.0,1586.9673865800469
S2,continuous,A,8,871,38,takeoff,16264.504565425406,16294.504565425406,30.0,136.31721005686995
S2,continuous,A,10,871,38,landing,17650.095391965377,17840.095391965377,190.0,1330.843541146034
S2,continuous,A,9,872,92,takeoff,16812.61205979762,16842.61205979762,30.0,684.1321076003769
S2,continuous,A,4,872,92,landing,17892.371579450508,18082.371579450508,190.0,959.614299354711
S2,continuous,A,0,873,51,takeoff,16212.813581484608,16242.813581484608,30.0,13.597726415209763
S2,continuous,A,3,873,51,landing,17065.76300862726,17255.76300862726,190.0,795.4719489235122
S2,continuous,A,9,874,63,takeoff,16842.61205979762,16872.61205979762,30.0,629.1196332870986
S2,continuous,A,4,874,63,landing,18082.371579450508,18272.371579450508,190.0,1119.614299354711
S2,continuous,A,2,875,40,takeoff,16753.24413439513,16783.24413439513,30.0,496.2479934166877
S2,continuous,A,5,875,40,landing,17387.448291457207,17577.448291457207,190.0,569.9736990327656
S2,continuous,A,2,876,85,takeoff,18113.24413439513,18143.24413439513,30.0,1850.632074597508
S2,continuous,A,8,876,85,landing,18163.588253981135,18353.588253981135,190.0,0.0
S2,continuous,A,3,877,31,takeoff,16773.492426510522,16803.492426510522,30.0,510.24829211539327
S2,continuous,A,5,877,31,landing,18137.448291457207,18327.448291457207,190.0,1289.995966741888
S2,continuous,A,9,878,69,takeoff,18022.61205979762,18052.61205979762,30.0,1753.9243323308438
S2,continuous,A,1,878,69,landing,20208.187355368536,20398.187355368536,190.0,2081.1505911418353
S2,continuous,A,11,879,12,takeoff,16569.2158550694,16599.2158550694,30.0,221.0284997008639
S2,continuous,A,1,879,12,landing,20398.187355368536,20588.187355368536,190.0,3757.696809188081
S2,continuous,A,1,880,18,takeoff,20588.187355368536,20618.187355368536,30.0,4198.97150029914
S2,continuous,A,5,880,18,landing,20687.448291457207,20877.448291457207,190.0,0.0
S2,continuous,A,4,881,62,takeoff,16576.130620856067,16606.130620856067,30.0,180.0
S2,continuous,A,2,881,62,landing,18143.24413439513,18333.24413439513,190.0,1482.1532166797624
S2,continuous,A,8,882,21,takeoff,16399.89104745757,16429.89104745757,30.0,0.0
S2,continuous,A,5,882,21,landing,18327.448291457207,18517.448291457207,190.0,1839.5923044044757
S2,continuous,A,2,883,75,takeoff,18333.24413439513,18363.24413439513,30.0,1929.7517078846067
S2,continuous,A,0,883,75,landing,18655.655114046822,18845.655114046822,190.0,254.44608317849634
S2,continuous,A,6,884,2,takeoff,16579.89104745757,16609.89104745757,30.0,173.82653607637621
S2,continuous,A,3,884,2,landing,17255.76300862726,17445.76300862726,190.0,612.9312664732752
S2,continuous,A,2,885,56,takeoff,18363.24413439513,18393.24413439513,30.0,1910.63207459751
S2,continuous,A,0,885,56,landing,18845.655114046822,19035.655114046822,190.0,414.44608317849634
S2,continuous,A,7,886,10,takeoff,17900.03274168016,17930.03274168016,30.0,1446.788607285027
S2,continuous,A,10,886,10,landing,17924.516647762743,18114.516647762743,190.0,0.0
S2,continuous,A,3,887,8,takeoff,16803.492426510522,16833.492426510522,30.0,344.80469904374695
S2,continuous,A,7,887,8,landing,17930.03274168016,18120.03274168016,190.0,1086.9215766227753
S2,continuous,A,7,888,42,takeoff,18316.996140978445,18346.996140978445,30.0,1846.164914931589
S2,continuous,A,0,888,42,landing,19035.655114046822,19225.655114046822,190.0,673.9487843642673
S2,continuous,A,11,889,44,takeoff,16599.2158550694,16629.2158550694,30.0,122.21971409095568
S2,continuous,A,4,889,44,landing,18272.371579450508,18462.371579450508,190.0,1606.970231613006
S2,continuous,A,5,890,9,takeoff,16593.492426510522,16623.492426510522,30.0,0.0
S2,continuous,A,4,890,9,landing,18462.371579450508,18652.371579450508,190.0,1761.021155998118
S2,continuous,A,1,891,55,takeoff,20618.187355368536,20648.187355368536,30.0,4020.0
S2,continuous,A,8,891,55,landing,20714.504565425406,20904.504565425406,190.0,0.0
S2,continuous,A,5,892,58,takeoff,17577.448291457207,17607.448291457207,30.0,940.0
S2,continuous,A,4,892,58,landing,18652.371579450508,18842.371579450508,190.0,967.0652910514327
S2,continuous,A,3,893,90,takeoff,16833.492426510522,16863.492426510522,30.0,172.66120046366632
S2,continuous,A,0,893,90,landing,19225.655114046822,19415.655114046822,190.0,2334.685209317162
S2,continuous,A,6,894,28,takeoff,16685.861742673434,16715.861742673434,30.0,0.0
S2,continuous,A,0,894,28,landing,19415.655114046822,19605.655114046822,190.0,2661.590846602041
S2,continuous,A,8,895,93,takeoff,16704.79921215229,16734.79921215229,30.0,0.0
S2,continuous,A,6,895,93,landing,18296.29983324426,18486.29983324426,190.0,1499.2155212604011
S2,continuous,A,1,896,81,takeoff,20648.187355368536,20678.187355368536,30.0,3905.145665073589
S2,continuous,A,5,896,81,landing,20877.448291457207,21067.448291457207,190.0,130.0
S2,continuous,A,0,897,49,takeoff,17518.687727466775,17548.687727466775,30.0,750.0
S2,continuous,A,7,897,49,landing,18346.996140978445,18536.996140978445,190.0,783.5982248075597
S2,continuous,A,7,898,88,takeoff,18536.996140978445,18566.996140978445,30.0,1756.9633992982854
S2,continuous,A,6,898,88,landing,18583.263232542544,18773.263232542544,190.0,0.0
S2,continuous,A,2,899,26,takeoff,18393.24413439513,18423.24413439513,30.0,1600.0
S2,continuous,A,3,899,26,landing,18438.26479187789,18628.26479187789,190.0,0.0
S2,continuous,A,3,900,17,takeoff,17445.76300862726,17475.76300862726,30.0,618.3147171700512
S2,continuous,A,11,900,17,landing,17495.273398098576,17685.273398098576,190.0,0.0
S2,continuous,A,7,901,60,takeoff,18566.996140978445,18596.996140978445,30.0,1718.8087856099082
S2,continuous,A,0,901,60,landing,19605.655114046822,19795.655114046822,190.0,993.9487843642673
S2,continuous,A,1,902,57,takeoff,20678.187355368536,20708.187355368536,30.0,3827.356129321681
S2,continuous,A,2,902,57,landing,20754.32288649074,20944.32288649074,190.0,0.0
S2,continuous,A,6,903,0,takeoff,17493.041690294947,17523.041690294947,30.0,617.1799476215128
S2,continuous,A,4,903,0,landing,18842.371579450508,19032.371579450508,190.0,1239.4561856181244
S2,continuous,A,0,904,73,takeoff,17548.687727466775,17578.687727466775,30.0,662.9247188395166
S2,continuous,A,3,904,73,landing,17606.165205685913,17796.165205685913,190.0,0.0
S2,continuous,A,4,905,47,takeoff,17625.861742673434,17655.861742673434,30.0,733.2496828758158
S2,continuous,A,8,905,47,landing,17849.263408808183,18039.263408808183,190.0,112.68746725971141
S2,continuous,A,9,906,46,takeoff,18052.61205979762,18082.61205979762,30.0,1157.8128476453276
S2,continuous,A,10,906,46,landing,18115.5577557668,18305.5577557668,190.0,0.0
S2,continuous,A,3,907,6,takeoff,17475.76300862726,17505.76300862726,30.0,542.7213183323111
S2,continuous,A,0,907,6,landing,19795.655114046822,19985.655114046822,190.0,2262.4146272004255
S2,continuous,A,8,908,74,takeoff,16958.687727466775,16988.687727466775,30.0,0.0
S2,continuous,A,4,908,74,landing,19032.371579450508,19222.371579450508,190.0,1962.9696531086956
S2,continuous,A,5,909,7,takeoff,17607.448291457207,17637.448291457207,30.0,637.415549777048
S2,continuous,A,2,909,7,landing,18423.24413439513,18613.24413439513,190.0,751.5653849086084
S2,continuous,A,2,910,83,takeoff,18613.24413439513,18643.24413439513,30.0,1629.9999999999964
S2,continuous,A,6,910,83,landing,18773.263232542544,18963.263232542544,190.0,88.20315137597208
S2,continuous,A,9,911,79,takeoff,18082.61205979762,18112.61205979762,30.0,1065.1637683404115
S2,continuous,A,11,911,79,landing,18156.565080155313,18346.565080155313,190.0,0.0
S2,continuous,A,4,912,94,takeoff,17655.861742673434,17685.861742673434,30.0,617.6743873048981
S2,continuous,A,5,912,94,landing,18767.448291457207,18957.448291457207,190.0,1003.7285518419048
S2,continuous,A,2,913,29,takeoff,18643.24413439513,18673.24413439513,30.0,1602.412908348273
S2,continuous,A,1,913,29,landing,20708.187355368536,20898.187355368536,190.0,1988.8076898512045
S2,continuous,A,8,914,72,takeoff,17065.861742673434,17095.861742673434,30.0,0.0
S2,continuous,A,10,914,72,landing,18305.5577557668,18495.5577557668,190.0,1184.9487276994296
S2,continuous,A,5,915,51,takeoff,17637.448291457207,17667.448291457207,30.0,561.6852828299525
S2,continuous,A,8,915,51,landing,18353.588253981135,18543.588253981135,190.0,628.1750229287682
S2,continuous,A,3,916,54,takeoff,17505.76300862726,17535.76300862726,30.0,423.1509488296397
S2,continuous,A,7,916,54,landing,18596.996140978445,18786.996140978445,190.0,1051.6143938043242
S2,continuous,A,2,917,20,takeoff,18673.24413439513,18703.24413439513,30.0,1550.2024441001813
S2,continuous,A,4,917,20,landing,19222.371579450508,19412.371579450508,190.0,464.16714819608023
S2,continuous,A,0,918,27,takeoff,17578.687727466775,17608.687727466775,30.0,430.0
S2,continuous,A,4,918,27,landing,19412.371579450508,19602.371579450508,190.0,1725.513990135536
S2,continuous,A,7,919,35,takeoff,18786.996140978445,18816.996140978445,30.0,1613.7520065833123
S2,continuous,A,9,919,35,landing,18864.416822860985,19054.416822860985,190.0,0.0
S2,continuous,A,9,920,36,takeoff,18112.61205979762,18142.61205979762,30.0,922.5793181174595
S2,continuous,A,0,920,36,landing,19985.655114046822,20175.655114046822,190.0,1776.9673865800469
S2,continuous,A,4,921,30,takeoff,19602.371579450508,19632.371579450508,30.0,2394.9232879933006
S2,continuous,A,7,921,30,landing,19684.710417220856,19874.710417220856,190.0,0.0
S2,continuous,A,11,922,98,takeoff,17255.861742673434,17285.861742673434,30.0,0.0
S2,continuous,A,4,922,98,landing,19632.371579450508,19822.371579450508,190.0,2310.324344008972
S2,continuous,A,9,923,52,takeoff,18142.61205979762,18172.61205979762,30.0,884.4247044290823
S2,continuous,A,6,923,52,landing,19279.891047457568,19469.891047457568,190.0,1036.8493571626204
S2,continuous,A,10,924,2,takeoff,17840.095391965377,17870.095391965377,30.0,574.3323833381182
S2,continuous,A,0,924,2,landing,20175.655114046822,20365.655114046822,190.0,2292.4569294433823
S2,continuous,A,7,925,76,takeoff,18816.996140978445,18846.996140978445,30.0,1544.384081180826
S2,continuous,A,9,925,76,landing,19054.416822860985,19244.416822860985,190.0,160.0
S2,continuous,A,5,926,39,takeoff,17667.448291457207,17697.448291457207,30.0,388.0017205059994
S2,continuous,A,7,926,39,landing,18846.996140978445,19036.996140978445,190.0,1109.6872410424367
S2,continuous,A,6,927,16,takeoff,17523.041690294947,17553.041690294947,30.0,210.0
S2,continuous,A,11,927,16,landing,17685.273398098576,17875.273398098576,190.0,98.08484986844269
S2,continuous,A,1,928,78,takeoff,20898.187355368536,20928.187355368536,30.0,3559.4996279017614
S2,continuous,A,11,928,78,landing,20969.46204647959,21159.46204647959,190.0,0.0
S2,continuous,A,11,929,13,takeoff,17363.244134395132,17393.244134395132,30.0,0.0
S2,continuous,A,2,929,13,landing,18703.24413439513,18893.24413439513,190.0,1300.2177377557782
S2,continuous,A,0,930,19,takeoff,17608.687727466775,17638.687727466775,30.0,228.65498578661573
S2,continuous,A,3,930,19,landing,17796.165205685913,17986.165205685913,190.0,130.0
S2,continuous,A,2,931,40,takeoff,18893.24413439513,18923.24413439513,30.0,1495.7958429379214
S2,continuous,A,7,931,40,landing,19036.996140978445,19226.996140978445,190.0,95.32090446589791
S2,continuous,A,9,932,53,takeoff,18172.61205979762,18202.61205979762,30.0,726.7503171241842
S2,continuous,A,2,932,53,landing,19244.32288649074,19434.32288649074,190.0,1011.078752095611
S2,continuous,A,3,933,23,takeoff,17535.76300862726,17565.76300862726,30.0,87.57565325872201
S2,continuous,A,7,933,23,landing,19226.996140978445,19416.996140978445,190.0,1651.6143938043242
S2,continuous,A,4,934,71,takeoff,19822.371579450508,19852.371579450508,30.0,2359.759519652889
S2,continuous,A,9,934,71,landing,19942.516799748686,20132.516799748686,190.0,0.0
S2,continuous,A,8,935,24,takeoff,17469.446570951208,17499.446570951208,30.0,0.0
S2,continuous,A,9,935,24,landing,18202.61205979762,18392.61205979762,190.0,654.9976987783448
S2,continuous,A,10,936,17,takeoff,17870.095391965377,17900.095391965377,30.0,364.82199386680077
S2,continuous,A,5,936,17,landing,18957.448291457207,19147.448291457207,190.0,1030.417161322046
S2,continuous,A,4,937,32,takeoff,19852.371579450508,19882.371579450508,30.0,2299.1274450553756
S2,continuous,A,0,937,32,landing,20365.655114046822,20555.655114046822,190.0,405.1136727481171
S2,continuous,A,2,938,73,takeoff,18923.24413439513,18953.24413439513,30.0,1307.0789287092157
S2,continuous,A,7,938,73,landing,19416.996140978445,19606.996140978445,190.0,445.3209044658979
S2,continuous,A,3,939,61,takeoff,17986.165205685913,18016.165205685913,30.0,369.8653724416545
S2,continuous,A,0,939,61,landing,20555.655114046822,20745.655114046822,190.0,2512.012430141771
S2,continuous,A,2,940,41,takeoff,18953.24413439513,18983.24413439513,30.0,1300.63207459751
S2,continuous,A,0,940,41,landing,20745.655114046822,20935.655114046822,190.0,1724.4460831784963
S2,continuous,A,2,941,38,takeoff,18983.24413439513,19013.24413439513,30.0,1323.7975634439208
S2,continuous,A,11,941,38,landing,19023.026396639347,19213.026396639347,190.0,0.0
S2,continuous,A,11,942,5,takeoff,17875.273398098576,17905.273398098576,30.0,207.08604273003948
S2,continuous,A,9,942,5,landing,18392.61205979762,18582.61205979762,190.0,443.3856413413487
S2,continuous,A,0,943,89,takeoff,17669.263408808183,17699.263408808183,30.0,0.0
S2,continuous,A,5,943,89,landing,19147.448291457207,19337.448291457207,190.0,1387.2258496895483
S2,continuous,A,1,944,50,takeoff,20928.187355368536,20958.187355368536,30.0,3238.154613688377
S2,continuous,A,8,944,50,landing,21024.504565425406,21214.504565425406,190.0,0.0
S2,continuous,A,0,945,16,takeoff,20935.655114046822,20965.655114046822,30.0,3240.381715948246
S2,continuous,A,3,945,16,landing,20993.13259226596,21183.13259226596,190.0,0.0
S2,continuous,A,6,946,1,takeoff,17796.29983324426,17826.29983324426,30.0,83.92825379375063
S2,continuous,A,11,946,1,landing,17905.273398098576,18095.273398098576,190.0,44.82670691913154
S2,continuous,A,6,947,86,takeoff,17826.29983324426,17856.29983324426,30.0,110.64471919743664
S2,continuous,A,2,947,86,landing,19434.32288649074,19624.32288649074,190.0,1536.207106475038
S2,continuous,A,11,948,33,takeoff,18095.273398098576,18125.273398098576,30.0,365.3800479396159
S2,continuous,A,0,948,33,landing,20965.655114046822,21155.655114046822,190.0,2808.2487479487354
S2,continuous,A,4,949,22,takeoff,19882.371579450508,19912.371579450508,30.0,2139.1274450553756
S2,continuous,A,9,949,22,landing,20132.516799748686,20322.516799748686,190.0,130.0
S2,continuous,A,6,950,19,takeoff,17856.29983324426,17886.29983324426,30.0,50.13462755834553
S2,continuous,A,0,950,19,landing,21155.655114046822,21345.655114046822,190.0,3231.152756031217
S2,continuous,A,11,951,67,takeoff,18125.273398098576,18155.273398098576,30.0,282.66133830095714
S2,continuous,A,8,951,67,landing,18824.504565425406,19014.504565425406,190.0,634.5198776828402
S2,continuous,A,2,952,47,takeoff,19013.24413439513,19043.24413439513,30.0,1153.9807255869455
S2,continuous,A,7,952,47,landing,19874.710417220856,20064.710417220856,190.0,813.0351807083098
S2,continuous,A,10,953,65,takeoff,18495.5577557668,18525.5577557668,30.0,607.3704003982639
S2,continuous,A,2,953,65,landing,19624.32288649074,19814.32288649074,190.0,1095.1338635381107
S2,continuous,A,9,954,92,takeoff,18582.61205979762,18612.61205979762,30.0,680.2404803471109
S2,continuous,A,5,954,92,landing,19337.448291457207,19527.448291457207,190.0,657.7862051085467
S2,continuous,A,8,955,97,takeoff,18039.263408808183,18069.263408808183,30.0,133.60829476136132
S2,continuous,A,2,955,97,landing,19814.32288649074,20004.32288649074,190.0,1724.7153580965496
S2,continuous,A,4,956,1,takeoff,19912.371579450508,19942.371579450508,30.0,1997.098181351932
S2,continuous,A,9,956,1,landing,20322.516799748686,20512.516799748686,190.0,290.0
S2,continuous,A,7,957,48,takeoff,19606.996140978445,19636.996140978445,30.0,1680.6963077341861
S2,continuous,A,3,957,48,landing,19646.614879525307,19836.614879525307,190.0,0.0
S2,continuous,A,3,958,37,takeoff,18016.165205685913,18046.165205685913,30.0,82.92107129078067
S2,continuous,A,8,958,37,landing,19014.504565425406,19204.504565425406,190.0,935.2557879263586
S2,continuous,A,3,959,10,takeoff,18046.165205685913,18076.165205685913,30.0,112.29737893733909
S2,continuous,A,11,959,10,landing,18346.565080155313,18536.565080155313,190.0,250.88948499808248
S2,continuous,A,5,960,8,takeoff,18517.448291457207,18547.448291457207,30.0,577.415549777048
S2,continuous,A,4,960,8,landing,19942.371579450508,20132.371579450508,190.0,1317.0652910514327
S2,continuous,A,9,961,43,takeoff,18612.61205979762,18642.61205979762,30.0,655.1637683404115
S2,continuous,A,6,961,43,landing,19469.891047457568,19659.891047457568,190.0,756.8493571626204
S2,continuous,A,6,962,63,takeoff,18486.29983324426,18516.29983324426,30.0,393.9282537937506
S2,continuous,A,3,962,63,landing,18628.26479187789,18818.26479187789,190.0,79.02426393721908
S2,continuous,A,6,963,95,takeoff,18516.29983324426,18546.29983324426,30.0,420.64471919743664
S2,continuous,A,8,963,95,landing,19204.504565425406,19394.504565425406,190.0,595.9196323495817
S2,continuous,A,9,964,80,takeoff,18642.61205979762,18672.61205979762,30.0,534.4247044290823
S2,continuous,A,10,964,80,landing,18705.5577557668,18895.5577557668,190.0,0.0
S2,continuous,A,9,965,87,takeoff,18672.61205979762,18702.61205979762,30.0,556.3122265533639
S2,continuous,A,6,965,87,landing,19659.891047457568,19849.891047457568,190.0,886.8493571626204
S2,continuous,A,10,966,46,takeoff,18525.5577557668,18555.5577557668,30.0,400.6488210141688
S2,continuous,A,7,966,46,landing,20064.710417220856,20254.710417220856,190.0,1515.3175763856416
S2,continuous,A,1,967,68,takeoff,20958.187355368536,20988.187355368536,30.0,2821.191214390092
S2,continuous,A,4,967,68,landing,21075.861742673434,21265.861742673434,190.0,0.0
S2,continuous,A,5,968,31,takeoff,18547.448291457207,18577.448291457207,30.0,400.0
S2,continuous,A,10,968,31,landing,18895.5577557668,19085.5577557668,190.0,290.52490512563963
S2,continuous,A,5,969,62,takeoff,19527.448291457207,19557.448291457207,30.0,1374.2041570620786
S2,continuous,A,11,969,62,landing,19588.69262725216,19778.69262725216,190.0,0.0
S2,continuous,A,4,970,79,takeoff,20132.371579450508,20162.371579450508,30.0,1965.806499295195
S2,continuous,A,3,970,79,landing,20228.817664350856,20418.817664350856,190.0,0.0
S2,continuous,A,5,971,85,takeoff,19557.448291457207,19587.448291457207,30.0,1383.8600374760717
S2,continuous,A,0,971,85,landing,21345.655114046822,21535.655114046822,190.0,1697.2477896301389
S2,continuous,A,8,972,24,takeoff,18543.588253981135,18573.588253981135,30.0,330.9761941835168
S2,continuous,A,7,972,24,landing,20254.710417220856,20444.710417220856,190.0,1641.891496111697
S2,continuous,A,0,973,44,takeoff,21535.655114046822,21565.655114046822,30.0,3253.283534596314
S2,continuous,A,3,973,44,landing,21593.13259226596,21783.13259226596,190.0,0.0
S2,continuous,A,10,974,25,takeoff,18555.5577557668,18585.5577557668,30.0,269.9026417199784
S2,continuous,A,0,974,25,landing,21565.655114046822,21755.655114046822,190.0,2966.9945656419586
S2,continuous,A,9,975,77,takeoff,18702.61205979762,18732.61205979762,30.0,404.42470442908234
S2,continuous,A,0,975,77,landing,21755.655114046822,21945.655114046822,190.0,2956.967386580047
S2,continuous,A,9,976,93,takeoff,18732.61205979762,18762.61205979762,30.0,426.31222655336023
S2,continuous,A,8,976,93,landing,19394.504565425406,19584.504565425406,190.0,583.7247155597215
S2,continuous,A,2,977,72,takeoff,20004.32288649074,20034.32288649074,30.0,1689.4139517381082
S2,continuous,A,11,977,72,landing,20059.46204647959,20249.46204647959,190.0,15.356897744633898
S2,continuous,A,9,978,21,takeoff,18762.61205979762,18792.61205979762,30.0,425.1637683404115
S2,continuous,A,2,978,21,landing,20034.32288649074,20224.32288649074,190.0,1211.078752095611
S2,continuous,A,5,979,10,takeoff,19587.448291457207,19617.448291457207,30.0,1230.8832113018943
S2,continuous,A,9,979,10,landing,19684.49831800825,19874.49831800825,190.0,0.0
S2,continuous,A,8,980,49,takeoff,18573.588253981135,18603.588253981135,30.0,216.5921130026909
S2,continuous,A,1,980,49,landing,20988.187355368536,21178.187355368536,190.0,2318.281891330531
S2,continuous,A,5,981,51,takeoff,19617.448291457207,19647.448291457207,30.0,1253.8600374760717
S2,continuous,A,3,981,51,landing,19836.614879525307,20026.614879525307,190.0,145.20668986330202
S2,continuous,A,4,982,5,takeoff,20162.371579450508,20192.371579450508,30.0,1759.7595196528891
S2,continuous,A,8,982,5,landing,20273.085778325545,20463.085778325545,190.0,0.0
S2,continuous,A,6,983,7,takeoff,18546.29983324426,18576.29983324426,30.0,113.05569884912984
S2,continuous,A,7,983,7,landing,20444.710417220856,20634.710417220856,190.0,1852.1434924124987
S2,continuous,A,9,984,26,takeoff,18792.61205979762,18822.61205979762,30.0,344.34726791972935
S2,continuous,A,11,984,26,landing,19213.026396639347,19403.026396639347,190.0,346.4613164840339
S2,continuous,A,6,985,9,takeoff,18963.263232542544,18993.263232542544,30.0,490.891653092036
S2,continuous,A,7,985,9,landing,20634.710417220856,20824.710417220856,190.0,1625.1800931142134
S2,continuous,A,10,986,59,takeoff,18585.5577557668,18615.5577557668,30.0,109.90264171997842
S2,continuous,A,11,986,59,landing,18769.46204647959,18959.46204647959,190.0,153.668094452456
S2,continuous,A,6,987,82,takeoff,18993.263232542544,19023.263232542544,30.0,415.0758771740075
S2,continuous,A,8,987,82,landing,19584.504565425406,19774.504565425406,190.0,498.9562330512963
S2,continuous,A,1,988,45,takeoff,21178.187355368536,21208.187355368536,30.0,2590.739063911329
S2,continuous,A,11,988,45,landing,21249.46204647959,21439.46204647959,190.0,0.0
S2,continuous,A,1,989,84,takeoff,21208.187355368536,21238.187355368536,30.0,2618.7253088889447
S2,continuous,A,2,989,84,landing,21284.32288649074,21474.32288649074,190.0,0.0
S2,continuous,A,1,990,88,takeoff,21238.187355368536,21268.187355368536,30.0,2644.9241228259925
S2,continuous,A,3,990,88,landing,21305.76300862726,21495.76300862726,190.0,0.0
S2,continuous,A,0,991,54,takeoff,21945.655114046822,21975.655114046822,30.0,3338.6589730683772
S2,continuous,A,1,991,54,landing,22023.122872725107,22213.122872725107,190.0,0.0
S2,continuous,A,2,992,63,takeoff,20224.32288649074,20254.32288649074,30.0,1586.0580946128503
S2,continuous,A,10,992,63,landing,20258.602974690737,20448.602974690737,190.0,0.0
S2,continuous,A,7,993,64,takeoff,19636.996140978445,19666.996140978445,30.0,992.4915755530383
S2,continuous,A,3,993,64,landing,20026.614879525307,20216.614879525307,190.0,350.0
S2,continuous,A,6,994,58,takeoff,19023.263232542544,19053.263232542544,30.0,360.891653092036
S2,continuous,A,0,994,58,landing,21975.655114046822,22165.655114046822,190.0,2884.1893567329316
S2,continuous,A,8,995,75,takeoff,19774.504565425406,19804.504565425406,30.0,1108.8494513785845
S2,continuous,A,4,995,75,landing,20192.371579450508,20382.371579450508,190.0,307.15281515006427
S2,continuous,A,10,996,13,takeoff,19085.5577557668,19115.5577557668,30.0,372.3136213716716
S2,continuous,A,2,996,13,landing,20254.32288649074,20444.32288649074,190.0,1135.1338635381107
S2,continuous,A,5,997,80,takeoff,19647.448291457207,19677.448291457207,30.0,932.5393567045758
S2,continuous,A,9,997,80,landing,20512.516799748686,20702.516799748686,190.0,768.018481740437
S2,continuous,A,2,998,66,takeoff,20444.32288649074,20474.32288649074,30.0,1676.1355311222032
S2,continuous,A,5,998,66,landing,21067.448291457207,21257.448291457207,190.0,558.8949469371546
S2,continuous,A,10,999,94,takeoff,19115.5577557668,19145.5577557668,30.0,338.109464309593
S2,continuous,A,4,999,94,landing,20382.371579450508,20572.371579450508,190.0,1189.811976039051
S2,continuous,A,9,1000,59,takeoff,18822.61205979762,18852.61205979762,30.0,43.15001331802705
S2,continuous,A,8,1000,59,landing,19804.504565425406,19994.504565425406,190.0,903.7247155597215
S2,continuous,A,1,1001,83,takeoff,21268.187355368536,21298.187355368536,30.0,2484.9241228259925
S2,continuous,A,4,1001,83,landing,21385.861742673434,21575.861742673434,190.0,0.0
S2,continuous,A,1,1002,67,takeoff,21298.187355368536,21328.187355368536,30.0,2463.68278994313
S2,continuous,A,5,1002,67,landing,21397.448291457207,21587.448291457207,190.0,0.0
S2,continuous,A,1,1003,0,takeoff,21328.187355368536,21358.187355368536,30.0,2475.8157759180285
S2,continuous,A,4,1003,0,landing,21575.861742673434,21765.861742673434,190.0,130.0
S2,continuous,A,8,1004,56,takeoff,19994.504565425406,20024.504565425406,30.0,1138.8494513785845
S2,continuous,A,2,1004,56,landing,20474.32288649074,20664.32288649074,190.0,429.47420147932644
S2,continuous,A,3,1005,39,takeoff,18856.996140978445,18886.996140978445,30.0,0.0
S2,continuous,A,0,1005,39,landing,22165.655114046822,22355.655114046822,190.0,3251.1814948492392
S2,continuous,A,5,1006,35,takeoff,19677.448291457207,19707.448291457207,30.0,803.0314685962221
S2,continuous,A,9,1006,35,landing,20702.516799748686,20892.516799748686,190.0,928.018481740437
S2,continuous,A,8,1007,31,takeoff,20024.504565425406,20054.504565425406,30.0,1119.5956306727749
S2,continuous,A,1,1007,31,landing,21358.187355368536,21548.187355368536,190.0,1237.36557988626
S2,continuous,A,7,1008,17,takeoff,20824.710417220856,20854.710417220856,30.0,1857.2621257636492
S2,continuous,A,10,1008,17,landing,20849.19432330344,21039.19432330344,190.0,0.0
S2,continuous,A,10,1009,37,takeoff,19145.5577557668,19175.5577557668,30.0,121.05319034139393
S2,continuous,A,5,1009,37,landing,19707.448291457207,19897.448291457207,190.0,504.9547975206224
S2,continuous,A,4,1010,91,takeoff,20572.371579450508,20602.371579450508,30.0,1546.6085708232495
S2,continuous,A,3,1010,91,landing,20668.817664350856,20858.817664350856,190.0,0.0
S2,continuous,A,5,1011,38,takeoff,19897.448291457207,19927.448291457207,30.0,864.4218948178604
S2,continuous,A,2,1011,38,landing,20944.32288649074,21134.32288649074,190.0,982.6441370042194
S2,continuous,A,4,1012,74,takeoff,20602.371579450508,20632.371579450508,30.0,1560.0
S2,continuous,A,11,1012,74,landing,20668.55707221861,20858.55707221861,190.0,0.0
S2,continuous,A,9,1013,42,takeoff,19244.416822860985,19274.416822860985,30.0,198.76170881416328
S2,continuous,A,7,1013,42,landing,20854.710417220856,21044.710417220856,190.0,1532.8729124773308
S2,continuous,A,1,1014,40,takeoff,21548.187355368536,21578.187355368536,30.0,2501.191214390092
S2,continuous,A,3,1014,40,landing,21783.13259226596,21973.13259226596,190.0,167.36958363870144
S2,continuous,A,8,1015,11,takeoff,20054.504565425406,20084.504565425406,30.0,1006.31721005687
S2,continuous,A,2,1015,11,landing,21474.32288649074,21664.32288649074,190.0,1369.4742014793264
S2,continuous,A,6,1016,14,takeoff,19849.891047457568,19879.891047457568,30.0,785.5681609668281
S2,continuous,A,10,1016,14,landing,19897.48109632706,20087.48109632706,190.0,0.0
S2,continuous,A,0,1017,76,takeoff,22355.655114046822,22385.655114046822,30.0,3291.2382911858367
S2,continuous,A,10,1017,76,landing,22399.406727699054,22589.406727699054,190.0,0.0
S2,continuous,A,7,1018,96,takeoff,21044.710417220856,21074.710417220856,30.0,1944.8193697632887
S2,continuous,A,6,1018,96,landing,21090.977508784956,21280.977508784956,190.0,0.0
S2,continuous,A,11,1019,89,takeoff,19403.026396639347,19433.026396639347,30.0,245.57810518213955
S2,continuous,A,0,1019,89,landing,22385.655114046822,22575.655114046822,190.0,2920.4957494079645
S2,continuous,A,8,1020,95,takeoff,20084.504565425406,20114.504565425406,30.0,870.0
S2,continuous,A,3,1020,95,landing,20418.817664350856,20608.817664350856,190.0,271.2295271123148
S2,continuous,A,0,1021,26,takeoff,22575.655114046822,22605.655114046822,30.0,3352.628717407475
S2,continuous,A,10,1021,26,landing,22619.406727699054,22809.406727699054,190.0,0.0
S2,continuous,A,0,1022,20,takeoff,22605.655114046822,22635.655114046822,30.0,3373.283534596314
S2,continuous,A,11,1022,20,landing,22667.788082046332,22857.788082046332,190.0,0.0
S2,continuous,A,2,1023,90,takeoff,20664.32288649074,20694.32288649074,30.0,1428.6677724439178
S2,continuous,A,3,1023,90,landing,21973.13259226596,22163.13259226596,190.0,1263.7890482924595
S2,continuous,A,11,1024,23,takeoff,19433.026396639347,19463.026396639347,30.0,196.03025566090218
S2,continuous,A,1,1024,23,landing,21578.187355368536,21768.187355368536,190.0,2073.8862676181343
S2,continuous,A,0,1025,3,takeoff,22635.655114046822,22665.655114046822,30.0,3397.4677586782855
S2,continuous,A,11,1025,3,landing,22857.788082046332,23047.788082046332,190.0,160.0
S2,continuous,A,6,1026,53,takeoff,19879.891047457568,19909.891047457568,30.0,625.5681609668281
S2,continuous,A,5,1026,53,landing,19973.917387635716,20163.917387635716,190.0,0.0
S2,continuous,A,9,1027,52,takeoff,19289.891047457568,19319.891047457568,30.0,0.0
S2,continuous,A,11,1027,52,landing,20249.46204647959,20439.46204647959,190.0,885.6179786643297
S2,continuous,A,9,1028,92,takeoff,19347.448291457207,19377.448291457207,30.0,0.0
S2,continuous,A,8,1028,92,landing,20463.085778325545,20653.085778325545,190.0,1037.4696968002718
S2,continuous,A,1,1029,93,takeoff,21768.187355368536,21798.187355368536,30.0,2363.68278994313
S2,continuous,A,10,1029,93,landing,21820.095391965377,22010.095391965377,190.0,0.0
S2,continuous,A,10,1030,27,takeoff,19422.371579450508,19452.371579450508,30.0,0.0
S2,continuous,A,6,1030,27,landing,19909.891047457568,20099.891047457568,190.0,440.5782401517354
S2,continuous,A,5,1031,28,takeoff,19927.448291457207,19957.448291457207,30.0,501.7931774103854
S2,continuous,A,11,1031,28,landing,20439.46204647959,20629.46204647959,190.0,450.7694192274321
S2,continuous,A,9,1032,73,takeoff,19426.996140978445,19456.996140978445,30.0,0.0
S2,continuous,A,5,1032,73,landing,20163.917387635716,20353.917387635716,190.0,639.8712201062299
S2,continuous,A,11,1033,34,takeoff,19463.026396639347,19493.026396639347,30.0,34.83904127081041
S2,continuous,A,7,1033,34,landing,21074.710417220856,21264.710417220856,190.0,1573.8809494076595
S2,continuous,A,4,1034,86,takeoff,20632.371579450508,20662.371579450508,30.0,1188.0486929597682
S2,continuous,A,3,1034,86,landing,22163.13259226596,22353.13259226596,190.0,1434.314927915104
S2,continuous,A,8,1035,43,takeoff,20114.504565425406,20144.504565425406,30.0,634.6135179678386
S2,continuous,A,7,1035,43,landing,21264.710417220856,21454.710417220856,190.0,1080.9751846674262
S2,continuous,A,10,1036,82,takeoff,19594.504565425406,19624.504565425406,30.0,0.0
S2,continuous,A,0,1036,82,landing,22665.655114046822,22855.655114046822,190.0,3028.0477559833525
S2,continuous,A,4,1037,62,takeoff,20662.371579450508,20692.371579450508,30.0,1063.6789521983483
S2,continuous,A,8,1037,62,landing,21214.504565425406,21404.504565425406,190.0,441.4187870998612
S2,continuous,A,3,1038,60,takeoff,19615.655114046822,19645.655114046822,30.0,0.0
S2,continuous,A,9,1038,60,landing,20892.516799748686,21082.516799748686,190.0,1205.9813189889646
S2,continuous,A,0,1039,70,takeoff,22855.655114046822,22885.655114046822,30.0,3237.4677586782855
S2,continuous,A,7,1039,70,landing,22900.36530275093,23090.36530275093,190.0,0.0
S2,continuous,A,6,1040,65,takeoff,20099.891047457568,20129.891047457568,30.0,465.56816096682815
S2,continuous,A,10,1040,65,landing,20448.602974690737,20638.602974690737,190.0,301.12187836367593
S2,continuous,A,10,1041,98,takeoff,19642.371579450508,19672.371579450508,30.0,0.0
S2,continuous,A,3,1041,98,landing,22353.13259226596,22543.13259226596,190.0,2682.004223362088
S2,continuous,A,10,1042,48,takeoff,19672.371579450508,19702.371579450508,30.0,15.756699925201247
S2,continuous,A,0,1042,48,landing,22885.655114046822,23075.655114046822,190.0,3170.180741958251
S2,continuous,A,3,1043,87,takeoff,20608.817664350856,20638.817664350856,30.0,938.9266168932882
S2,continuous,A,0,1043,87,landing,23075.655114046822,23265.655114046822,190.0,2409.359971476828
S2,continuous,A,6,1044,10,takeoff,20129.891047457568,20159.891047457568,30.0,435.3927294493187
S2,continuous,A,7,1044,10,landing,21454.710417220856,21644.710417220856,190.0,1278.5522781991895
S2,continuous,A,10,1045,30,takeoff,19702.371579450508,19732.371579450508,30.0,7.6611622296513815
S2,continuous,A,0,1045,30,landing,23265.655114046822,23455.655114046822,190.0,3520.180741958251
S2,continuous,A,5,1046,37,takeoff,20353.917387635716,20383.917387635716,30.0,636.4690961785091
S2,continuous,A,1,1046,37,landing,21798.187355368536,21988.187355368536,190.0,1345.0090316441492
S2,continuous,A,0,1047,6,takeoff,23455.655114046822,23485.655114046822,30.0,3650.0
S2,continuous,A,7,1047,6,landing,23500.36530275093,23690.36530275093,190.0,0.0
S2,continuous,A,7,1048,59,takeoff,21644.710417220856,21674.710417220856,30.0,1830.2058517954501
S2,continuous,A,4,1048,59,landing,21765.861742673434,21955.861742673434,190.0,38.8124876822294
S2,continuous,A,4,1049,97,takeoff,20692.371579450508,20722.371579450508,30.0,868.0486929597682
S2,continuous,A,1,1049,97,landing,22213.122872725107,22403.122872725107,190.0,1403.0769059697013
S2,continuous,A,6,1050,4,takeoff,20159.891047457568,20189.891047457568,30.0,321.7036920890314
S2,continuous,A,9,1050,4,landing,21082.516799748686,21272.516799748686,190.0,822.1961217937896
S2,continuous,A,6,1051,51,takeoff,20189.891047457568,20219.891047457568,30.0,343.27616793226116
S2,continuous,A,9,1051,51,landing,21272.516799748686,21462.516799748686,190.0,982.1961217937896
S2,continuous,A,1,1052,99,takeoff,21988.187355368536,22018.187355368536,30.0,2108.7253088889447
S2,continuous,A,4,1052,99,landing,22105.861742673434,22295.861742673434,190.0,0.0
S2,continuous,A,10,1053,47,takeoff,20087.48109632706,20117.48109632706,30.0,202.77067910620462
S2,continuous,A,4,1053,47,landing,20722.371579450508,20912.371579450508,190.0,557.8886354787901
S2,continuous,A,7,1054,14,takeoff,21674.710417220856,21704.710417220856,30.0,1767.8781419079642
S2,continuous,A,8,1054,14,landing,21743.94108434888,21933.94108434888,190.0,0.0
S2,continuous,A,0,1055,27,takeoff,23485.655114046822,23515.655114046822,30.0,3565.764066589254
S2,continuous,A,2,1055,27,landing,23553.62001052002,23743.62001052002,190.0,0.0
S2,continuous,A,3,1056,8,takeoff,20638.817664350856,20668.817664350856,30.0,686.4460849003481
S2,continuous,A,4,1056,8,landing,22295.861742673434,22485.861742673434,190.0,1560.5979934222305
S2,continuous,A,9,1057,71,takeoff,21462.516799748686,21492.516799748686,30.0,1510.0
S2,continuous,A,10,1057,71,landing,21525.462495717868,21715.462495717868,190.0,0.0
S2,continuous,A,1,1058,53,takeoff,22403.122872725107,22433.122872725107,30.0,2419.205485089391
S2,continuous,A,9,1058,53,landing,22507.54757715419,22697.54757715419,190.0,0.0
S2,continuous,A,9,1059,36,takeoff,21492.516799748686,21522.516799748686,30.0,1496.8616857018642
S2,continuous,A,10,1059,36,landing,22010.095391965377,22200.095391965377,190.0,454.63289624750905
S2,continuous,A,3,1060,15,takeoff,20858.817664350856,20888.817664350856,30.0,830.6303089823195
S2,continuous,A,2,1060,15,landing,21664.32288649074,21854.32288649074,190.0,760.484564657123
S2,continuous,A,9,1061,64,takeoff,21522.516799748686,21552.516799748686,30.0,1485.9019202233794
S2,continuous,A,8,1061,64,landing,21933.94108434888,22123.94108434888,190.0,333.2564945321283
S2,continuous,A,5,1062,21,takeoff,20383.917387635716,20413.917387635716,30.0,339.5945011449767
S2,continuous,A,3,1062,21,landing,22543.13259226596,22733.13259226596,190.0,2085.255306425446
S2,continuous,A,2,1063,72,takeoff,20694.32288649074,20724.32288649074,30.0,624.860840011148
S2,continuous,A,7,1063,72,landing,21704.710417220856,21894.710417220856,190.0,961.9564286126988
S2,continuous,A,4,1064,46,takeoff,20912.371579450508,20942.371579450508,30.0,837.6611622296514
S2,continuous,A,6,1064,46,landing,21280.977508784956,21470.977508784956,190.0,258.7322257970118
S2,continuous,A,7,1065,22,takeoff,21894.710417220856,21924.710417220856,30.0,1752.1936174721704
S2,continuous,A,8,1065,22,landing,22123.94108434888,22313.94108434888,190.0,160.0
S2,continuous,A,0,1066,73,takeoff,23515.655114046822,23545.655114046822,30.0,3341.7377264111055
S2,continuous,A,8,1066,73,landing,23603.66603414167,23793.66603414167,190.0,0.0
S2,continuous,A,8,1067,2,takeoff,20185.655114046822,20215.655114046822,30.0,0.0
S2,continuous,A,1,1067,2,landing,22433.122872725107,22623.122872725107,190.0,2151.1505486214155
S2,continuous,A,7,1068,75,takeoff,21924.710417220856,21954.710417220856,30.0,1722.3388377703486
S2,continuous,A,5,1068,75,landing,21994.571025699657,22184.571025699657,190.0,0.0
S2,continuous,A,9,1069,69,takeoff,21552.516799748686,21582.516799748686,30.0,1334.3294443801497
S2,continuous,A,10,1069,69,landing,22200.095391965377,22390.095391965377,190.0,584.632896247509
S2,continuous,A,11,1070,79,takeoff,20629.46204647959,20659.46204647959,30.0,390.64438212873574
S2,continuous,A,2,1070,79,landing,21854.32288649074,22044.32288649074,190.0,1185.0785777669298
S2,continuous,A,9,1071,52,takeoff,21582.516799748686,21612.516799748686,30.0,1323.0547532690944
S2,continuous,A,1,1071,52,landing,22623.122872725107,22813.122872725107,190.0,936.1813685473389
S2,continuous,A,5,1072,13,takeoff,20413.917387635716,20443.917387635716,30.0,149.59450114497668
S2,continuous,A,9,1072,13,landing,21612.516799748686,21802.516799748686,190.0,1101.549385561928
S2,continuous,A,5,1073,24,takeoff,20443.917387635716,20473.917387635716,30.0,179.20697041485982
S2,continuous,A,7,1073,24,landing,21954.710417220856,22144.710417220856,190.0,1440.9324211063395
S2,continuous,A,10,1074,63,takeoff,20638.602974690737,20668.602974690737,30.0,370.6488210141688
S2,continuous,A,3,1074,63,landing,22733.13259226596,22923.13259226596,190.0,2065.7728281218588
S2,continuous,A,2,1075,5,takeoff,20724.32288649074,20754.32288649074,30.0,441.2371081651945
S2,continuous,A,4,1075,5,landing,22485.861742673434,22675.861742673434,190.0,1676.578559323396
S2,continuous,A,11,1076,1,takeoff,20858.55707221861,20888.55707221861,30.0,526.0402724699234
S2,continuous,A,6,1076,1,landing,21470.977508784956,21660.977508784956,190.0,548.2735786311605
S2,continuous,A,6,1077,32,takeoff,20375.655114046822,20405.655114046822,30.0,0.0
S2,continuous,A,11,1077,32,landing,21439.46204647959,21629.46204647959,190.0,999.660074497584
S2,continuous,A,6,1078,94,takeoff,20405.655114046822,20435.655114046822,30.0,13.283534596313984
S2,continuous,A,9,1078,94,landing,21802.516799748686,21992.516799748686,190.0,1296.4320552045356
S2,continuous,A,10,1079,12,takeoff,20668.602974690737,20698.602974690737,30.0,260.41561932220066
S2,continuous,A,3,1079,12,landing,22923.13259226596,23113.13259226596,190.0,2225.7728281218588
