scenario_id,sweep,model,flight_id,aircraft_id,planned_start_time,start_time,cruise_arrival_time,descent_start_time,end_time,delay_s,takeoff_pad_delay_s,landing_pad_delay_s,pad_delay_s,takeoff_pad_start_s,takeoff_pad_end_s,landing_pad_start_s,landing_pad_end_s,cruise_altitude,distance_m,detour_distance_m,building_risks,building_collisions,path_changes,altitude_changes
S3,continuous,A,0,70,0.0,0.0,38.718084957387106,38.718084957387106,64.14163558491163,0.0,0.0,0.0,0.0,0.0,30.0,54.14163558491162,244.14163558491163,300.0,1449.3051872782025,0.0,0,0,0,0
S3,continuous,A,1,92,10.0,10.0,72.71749879627482,72.71749879627482,96.95617097845746,0.0,0.0,0.0,0.0,10.0,40.0,86.95617097845745,276.95617097845746,300.0,1134.0753428611292,0.0,0,0,0,0
S3,continuous,A,2,93,20.0,20.0,74.78394015119697,74.78394015119697,110.28701564480471,0.0,0.0,0.0,0.0,20.0,50.0,100.28701564480471,290.2870156448047,300.0,1424.0634646785325,0.0,0,0,0,0
S3,continuous,A,3,73,30.0,30.0,68.7180849573871,228.7180849573871,254.14163558491163,0.0,0.0,160.0,160.0,30.0,60.0,244.14163558491163,434.1416355849116,300.0,1449.3051872782025,0.0,0,0,0,0
S3,continuous,A,4,69,40.0,40.0,78.83489184873736,264.78394015119693,300.2870156448047,0.0,0.0,185.9490483024596,185.9490483024596,40.0,70.0,290.2870156448047,480.2870156448047,300.0,2703.4590094254872,0.0,2,2,0,0
S3,continuous,A,5,140,50.0,70.0,97.30656526891359,97.30656526891359,125.90495553670291,20.0,20.0,0.0,20.0,70.0,100.0,115.90495553670291,305.9049555367029,300.0,1900.380477974811,0.0,3,3,0,0
S3,continuous,A,6,122,60.0,60.0,97.03304988519433,97.03304988519433,133.03978801146414,0.0,0.0,0.0,0.0,60.0,90.0,123.03978801146414,313.0397880114641,300.0,1373.6345512227545,0.0,0,0,0,0
S3,continuous,A,7,24,70.0,70.0,133.17484115312664,133.17484115312664,171.22751164266182,0.0,0.0,0.0,0.0,70.0,100.0,161.22751164266182,351.22751164266185,300.0,1826.7912433832378,0.0,1,1,0,0
S3,continuous,A,8,44,80.0,80.0,143.16459237567753,143.16459237567753,144.1870111533809,0.0,0.0,0.0,0.0,80.0,110.0,143.16459237567753,333.16459237567756,300.0,1810.3703293977135,0.0,2,2,0,0
S3,continuous,A,9,138,90.0,100.0,169.72180852737011,287.03304988519426,323.03978801146405,10.0,10.0,117.31124135782417,127.31124135782417,100.0,130.0,313.0397880114641,503.0397880114641,300.0,2253.0260731831427,0.0,2,2,0,0
S3,continuous,A,10,17,100.0,100.0,111.409414080246,418.71808495738713,444.1416355849116,0.0,0.0,307.30867087714114,307.30867087714114,100.0,130.0,434.1416355849116,624.1416355849117,300.0,684.0614883906856,0.0,1,1,0,0
S3,continuous,A,11,78,110.0,110.0,142.3823505284753,142.3823505284753,193.7599387090392,0.0,0.0,0.0,0.0,110.0,140.0,183.7599387090392,373.7599387090392,300.0,1140.4421777129571,0.0,1,1,0,0
S3,continuous,A,12,57,120.0,140.0,177.51430768307273,323.17484115312664,361.22751164266185,20.0,20.0,145.66053347005393,165.66053347005393,140.0,170.0,351.22751164266185,541.2275116426619,300.0,1415.9480662309743,0.0,0,0,0,0
S3,continuous,A,13,43,130.0,130.0,163.99515478130874,608.7180849573872,634.1416355849117,0.0,0.0,444.7229301760784,444.7229301760784,130.0,160.0,624.1416355849117,814.1416355849117,300.0,2315.2919432586614,0.0,2,2,0,0
S3,continuous,A,14,142,140.0,140.0,189.94449277982469,333.16459237567756,334.1870111533809,0.0,0.0,143.22009959585287,143.22009959585287,140.0,170.0,333.16459237567756,523.1645923756776,300.0,823.2845410548605,0.0,2,2,0,0
S3,continuous,A,15,103,150.0,276.95617097845746,313.35072669952785,513.1748411531266,551.2275116426619,126.95617097845746,126.95617097845746,199.82411445359878,326.78028543205625,276.95617097845746,306.95617097845746,541.2275116426619,731.2275116426619,300.0,1121.8489492844367,0.0,0,0,0,0
S3,continuous,A,16,62,160.0,160.0,204.07186449612723,287.3065652689136,315.9049555367029,0.0,0.0,83.23470077278637,83.23470077278637,160.0,190.0,305.9049555367029,495.9049555367029,300.0,3002.946789114551,0.0,7,7,0,0
S3,continuous,A,17,71,170.0,170.0,232.322462826467,232.322462826467,252.82412341345022,0.0,0.0,0.0,0.0,170.0,200.0,242.82412341345022,432.82412341345025,300.0,1696.2249142298542,0.0,2,2,0,0
S3,continuous,A,18,127,180.0,180.0,224.32028424585707,523.1645923756776,524.1870111533809,0.0,0.0,298.8443081298205,298.8443081298205,180.0,210.0,523.1645923756776,713.1645923756776,300.0,1944.6211367194842,0.0,1,1,0,0
S3,continuous,A,19,105,190.0,210.0,256.41529138118,256.41529138118,298.17412682884833,20.0,20.0,0.0,20.0,210.0,240.0,288.17412682884833,478.17412682884833,300.0,2287.97036242417,0.0,2,2,0,0
S3,continuous,A,20,91,200.0,480.2870156448047,547.58099238582,547.58099238582,598.8589686427174,280.2870156448047,280.2870156448047,0.0,280.2870156448047,480.2870156448047,510.2870156448047,588.8589686427174,778.8589686427174,300.0,2553.2986752463635,0.0,3,3,0,0
S3,continuous,A,21,110,210.0,713.1645923756776,729.4295606771252,729.4295606771252,770.9611430090636,503.16459237567756,503.16459237567756,0.0,503.16459237567756,713.1645923756776,743.1645923756776,760.9611430090636,950.9611430090636,300.0,1228.9399737978292,0.0,2,2,0,0
S3,continuous,A,22,55,220.0,220.0,267.76861523882144,267.76861523882144,319.0465914957188,0.0,0.0,0.0,0.0,220.0,250.0,309.0465914957188,499.0465914957188,300.0,2165.695098784365,0.0,0,0,0,0
S3,continuous,A,23,118,230.0,495.9049555367029,556.6572103361391,556.6572103361391,559.9601920133824,265.9049555367029,265.9049555367029,0.0,265.9049555367029,495.9049555367029,525.9049555367029,556.6572103361391,746.6572103361391,300.0,2303.0978285016213,0.0,7,7,0,0
S3,continuous,A,24,68,240.0,240.0,284.3168864494412,484.78394015119693,520.2870156448047,0.0,0.0,200.46705370175573,200.46705370175573,240.0,270.0,510.2870156448047,700.2870156448047,300.0,2928.290604000784,0.0,2,2,0,0
S3,continuous,A,25,66,250.0,250.0,291.8109057951198,477.0330498851943,513.0397880114641,0.0,0.0,185.2221440900745,185.2221440900745,250.0,280.0,503.0397880114641,693.0397880114641,300.0,1952.2508367464982,0.0,0,0,0,0
S3,continuous,A,26,73,260.0,260.0,294.8462173042596,294.8462173042596,335.57260224731857,0.0,0.0,0.0,0.0,260.0,290.0,325.57260224731857,515.5726022473186,300.0,2448.5436163663903,0.0,3,3,0,0
S3,continuous,A,27,132,270.0,270.0,300.80849888747343,300.80849888747343,354.5682796241523,0.0,0.0,0.0,0.0,270.0,300.0,344.5682796241523,534.5682796241523,300.0,1047.429697760073,0.0,0,0,0,0
S3,continuous,A,28,100,280.0,280.0,336.6089852343358,336.6089852343358,357.02549706706924,0.0,0.0,0.0,0.0,280.0,310.0,347.02549706706924,537.0254970670692,300.0,1314.9006643165274,0.0,0,0,0,0
S3,continuous,A,29,63,290.0,693.0397880114641,759.7234140459652,759.7234140459652,788.3218043137546,403.0397880114641,403.0397880114641,0.0,403.0397880114641,693.0397880114641,723.0397880114641,778.3218043137546,968.3218043137546,300.0,2368.1515025190465,0.0,1,1,0,0
S3,continuous,A,30,84,300.0,310.0,368.87962348968597,746.6572103361391,749.9601920133824,10.0,10.0,377.7775868464531,387.7775868464531,310.0,340.0,746.6572103361391,936.6572103361391,300.0,1380.7088972290849,0.0,1,1,0,0
S3,continuous,A,31,47,310.0,499.0465914957188,573.4359184245313,573.4359184245313,612.4475063629525,189.04659149571881,189.04659149571881,0.0,189.04659149571881,499.0465914957188,529.0465914957188,602.4475063629525,792.4475063629525,300.0,1992.2045324376033,0.0,0,0,0,0
S3,continuous,A,32,41,320.0,320.0,385.00146433385817,936.6572103361391,939.9601920133824,0.0,0.0,551.6557460022809,551.6557460022809,320.0,350.0,936.6572103361391,1126.657210336139,300.0,1944.23127444079,0.0,0,0,0,0
S3,continuous,A,33,70,330.0,330.0,358.73702645054914,358.73702645054914,360.0046393472985,0.0,0.0,0.0,0.0,330.0,360.0,358.73702645054914,548.7370264505491,300.0,1718.4559577570205,0.0,0,0,0,0
S3,continuous,A,34,93,340.0,525.9049555367029,571.6226441905533,571.6226441905533,612.3490291336122,185.90495553670291,185.90495553670291,0.0,185.90495553670291,525.9049555367029,555.9049555367029,602.3490291336122,792.3490291336122,300.0,1487.9104351249784,0.0,3,3,0,0
S3,continuous,A,35,36,350.0,537.0254970670692,562.4313273631467,737.5809923858201,788.8589686427174,187.02549706706918,187.02549706706918,175.1496650226734,362.17516208974257,537.0254970670692,567.0254970670692,778.8589686427174,968.8589686427174,300.0,691.0936713377657,0.0,0,0,0,0
S3,continuous,A,36,71,360.0,723.0397880114641,765.5938493084781,765.5938493084781,803.6465197980133,363.0397880114641,363.0397880114641,0.0,363.0397880114641,723.0397880114641,753.0397880114641,793.6465197980133,983.6465197980133,300.0,806.7852544619639,0.0,1,1,0,0
S3,continuous,A,37,44,370.0,529.0465914957188,597.2132834952017,919.4295606771252,960.9611430090636,159.04659149571876,159.04659149571876,322.2162771819235,481.26286867764225,529.0465914957188,559.0465914957188,950.9611430090636,1140.9611430090636,300.0,1589.9621757832235,0.0,2,2,0,0
S3,continuous,A,38,87,380.0,515.5726022473186,582.502244648199,582.502244648199,606.7409168303817,135.57260224731863,135.57260224731863,0.0,135.57260224731863,515.5726022473186,545.5726022473186,596.7409168303817,786.7409168303817,300.0,2071.709116147636,0.0,2,2,0,0
S3,continuous,A,39,8,390.0,390.0,444.37826991970474,446.41529138118,488.17412682884833,0.0,0.0,2.0370214614752626,2.0370214614752626,390.0,420.0,478.17412682884833,668.1741268288483,300.0,1272.8979280824635,0.0,1,1,0,0
S3,continuous,A,40,76,400.0,567.0254970670692,605.7435820244563,798.7180849573872,824.1416355849117,167.02549706706918,167.02549706706918,192.97450293293093,360.0000000000001,567.0254970670692,597.0254970670692,814.1416355849117,1004.1416355849117,300.0,1449.3051872782025,0.0,0,0,0,0
S3,continuous,A,41,88,410.0,968.8589686427174,1042.1630870395575,1042.1630870395575,1095.9228677762364,558.8589686427174,558.8589686427174,0.0,558.8589686427174,968.8589686427174,998.8589686427174,1085.9228677762364,1275.9228677762364,300.0,1993.5982609640687,0.0,2,2,0,0
S3,continuous,A,42,45,420.0,1004.1416355849117,1037.6716186154388,1126.657210336139,1129.9601920133823,584.1416355849117,584.1416355849117,88.98559172070031,673.127227305612,1004.1416355849117,1034.1416355849117,1126.657210336139,1316.657210336139,300.0,684.0614883906856,0.0,1,1,0,0
S3,continuous,A,43,74,430.0,998.8589686427174,1079.0211871298598,1079.0211871298598,1103.2598593120424,568.8589686427174,568.8589686427174,0.0,568.8589686427174,998.8589686427174,1028.8589686427174,1093.2598593120424,1283.2598593120424,300.0,2303.1993908783975,0.0,1,1,0,0
S3,continuous,A,44,38,440.0,440.0,475.3746856902945,475.3746856902945,495.8763462772777,0.0,0.0,0.0,0.0,440.0,470.0,485.8763462772777,675.8763462772777,300.0,1185.5515505329952,0.0,1,1,0,0
S3,continuous,A,45,92,450.0,450.0,479.2928580726803,763.4359184245313,802.4475063629525,0.0,0.0,284.14306035185103,284.14306035185103,450.0,480.0,792.4475063629525,982.4475063629525,300.0,1944.23127444079,0.0,0,0,0,0
S3,continuous,A,46,147,460.0,753.0397880114641,817.0094992174357,817.0094992174357,858.768334665104,293.0397880114641,293.0397880114641,0.0,293.0397880114641,753.0397880114641,783.0397880114641,848.768334665104,1038.768334665104,300.0,2253.0260731831427,0.0,2,2,0,0
S3,continuous,A,47,134,470.0,534.5682796241523,600.3178841446091,674.7839401511969,710.2870156448047,64.5682796241523,64.5682796241523,74.46605600658779,139.0343356307401,534.5682796241523,564.5682796241523,700.2870156448047,890.2870156448047,300.0,1245.6358667366299,0.0,0,0,0,0
S3,continuous,A,48,19,480.0,1034.1416355849117,1070.7999084675405,1070.7999084675405,1111.5262934105995,554.1416355849117,554.1416355849117,0.0,554.1416355849117,1034.1416355849117,1064.1416355849117,1101.5262934105995,1291.5262934105995,300.0,1079.731161526543,0.0,1,1,0,0
S3,continuous,A,49,58,490.0,668.1741268288483,722.7796498642832,1109.4295606771252,1150.9611430090636,178.17412682884833,178.17412682884833,386.649910812842,564.8240376416903,668.1741268288483,698.1741268288483,1140.9611430090636,1330.9611430090636,300.0,1272.8979280824635,0.0,1,1,0,0
S3,continuous,A,50,122,500.0,500.0,558.6912994223121,586.6089852343358,607.0254970670692,0.0,0.0,27.917685812023706,27.917685812023706,500.0,530.0,597.0254970670692,787.0254970670692,300.0,1609.1212644485067,0.0,1,1,0,0
S3,continuous,A,51,60,510.0,1064.1416355849117,1127.8328219724426,1127.8328219724426,1163.8395600987124,554.1416355849117,554.1416355849117,0.0,554.1416355849117,1064.1416355849117,1094.1416355849117,1153.8395600987124,1343.8395600987124,300.0,2858.327161102739,0.0,5,5,0,0
S3,continuous,A,52,113,520.0,1094.1416355849117,1157.8328219724426,1317.8328219724426,1353.8395600987124,574.1416355849117,574.1416355849117,160.0,734.1416355849117,1094.1416355849117,1124.1416355849117,1343.8395600987124,1533.8395600987124,300.0,2858.327161102739,0.0,5,5,0,0
S3,continuous,A,53,98,530.0,1316.657210336139,1354.1076169230382,1354.1076169230382,1378.3462891052209,786.6572103361391,786.6572103361391,0.0,786.6572103361391,1316.657210336139,1346.657210336139,1368.3462891052209,1558.3462891052209,300.0,2414.2032632741934,0.0,0,0,0,0
S3,continuous,A,54,55,540.0,731.2275116426619,801.2796007196525,1108.7180849573872,1134.1416355849117,191.22751164266185,191.22751164266185,307.43848423773466,498.6659958803965,731.2275116426619,761.2275116426619,1124.1416355849117,1314.1416355849117,300.0,2450.6756780823325,0.0,5,5,0,0
S3,continuous,A,55,49,550.0,787.0254970670692,824.4806432186857,824.4806432186857,878.2404239553646,237.02549706706918,237.02549706706918,0.0,237.02549706706918,787.0254970670692,817.0254970670692,868.2404239553646,1058.2404239553646,300.0,1506.790417439271,0.0,2,2,0,0
S3,continuous,A,56,83,560.0,698.1741268288483,751.1696592201089,751.1696592201089,752.1920779978122,138.17412682884833,138.17412682884833,0.0,138.17412682884833,698.1741268288483,728.1741268288483,751.1696592201089,941.1696592201089,300.0,963.0194006996728,0.0,0,0,0,0
S3,continuous,A,57,16,570.0,1346.657210336139,1370.636368304184,1370.636368304184,1421.9143445610814,776.6572103361391,776.6572103361391,0.0,776.6572103361391,1346.657210336139,1376.657210336139,1411.9143445610814,1601.9143445610814,300.0,1651.3165423908276,0.0,3,3,0,0
S3,continuous,A,58,5,580.0,792.3490291336122,848.0427538143665,848.0427538143665,899.4203419949304,212.34902913361225,212.34902913361225,0.0,212.34902913361225,792.3490291336122,822.3490291336122,889.4203419949304,1079.4203419949304,300.0,1458.3425147977969,0.0,2,2,0,0
S3,continuous,A,59,144,590.0,590.0,624.8462173042597,791.6226441905533,832.3490291336122,0.0,0.0,166.77642688629362,166.77642688629362,590.0,620.0,822.3490291336122,1012.3490291336122,300.0,2448.5436163663903,0.0,3,3,0,0
S3,continuous,A,60,73,600.0,600.0,653.3948332580271,1260.7999084675405,1301.5262934105995,0.0,0.0,607.4050752095134,607.4050752095134,600.0,630.0,1291.5262934105995,1481.5262934105995,300.0,1202.1732314475685,0.0,0,0,0,0
S3,continuous,A,61,111,610.0,728.1741268288483,783.6217812772824,1298.7180849573872,1324.1416355849117,118.17412682884833,118.17412682884833,515.0963036801048,633.2704305089532,728.1741268288483,758.1741268288483,1314.1416355849117,1504.1416355849117,300.0,1248.499863760344,0.0,2,2,0,0
S3,continuous,A,62,130,620.0,890.2870156448047,952.7607513436818,952.7607513436818,973.1772631764152,270.2870156448047,270.2870156448047,0.0,270.2870156448047,890.2870156448047,920.2870156448047,963.1772631764152,1153.1772631764152,300.0,2077.6419503163324,0.0,4,4,0,0
S3,continuous,A,63,47,630.0,630.0,688.9614628742337,688.9614628742337,705.4237856887121,0.0,0.0,0.0,0.0,630.0,660.0,695.4237856887121,885.4237856887121,300.0,1451.9615618851035,0.0,1,1,0,0
S3,continuous,A,64,139,640.0,640.0,687.7720143746916,1299.4295606771252,1340.9611430090636,0.0,0.0,611.6575463024336,611.6575463024336,640.0,670.0,1330.9611430090636,1520.9611430090636,300.0,1628.8914701254569,0.0,1,1,0,0
S3,continuous,A,65,2,650.0,1376.657210336139,1414.1076169230382,1544.1076169230382,1568.3462891052209,726.6572103361391,726.6572103361391,130.0,856.6572103361391,1376.657210336139,1406.657210336139,1558.3462891052209,1748.3462891052209,300.0,2414.2032632741934,0.0,0,0,0,0
S3,continuous,A,66,35,660.0,758.1741268288483,830.6373921041188,830.6373921041188,851.3174320785223,98.17412682884833,98.17412682884833,0.0,98.17412682884833,758.1741268288483,788.1741268288483,841.3174320785223,1031.3174320785224,300.0,2359.1563656171625,0.0,1,1,0,0
S3,continuous,A,67,87,670.0,1406.657210336139,1446.142014327064,1446.142014327064,1499.901795063743,736.6572103361391,736.6572103361391,0.0,736.6572103361391,1406.657210336139,1436.657210336139,1489.901795063743,1679.901795063743,300.0,2697.435299648399,0.0,1,1,0,0
S3,continuous,A,68,9,680.0,680.0,728.7046527321933,955.5938493084781,993.6465197980133,0.0,0.0,226.8891965762848,226.8891965762848,680.0,710.0,983.6465197980133,1173.6465197980133,300.0,2172.9711317299298,0.0,1,1,0,0
S3,continuous,A,69,18,690.0,1012.3490291336122,1064.93866500276,1489.4295606771252,1530.9611430090636,322.34902913361225,322.34902913361225,424.4908956743652,746.8399248079775,1012.3490291336122,1042.3490291336122,1520.9611430090636,1710.9611430090636,300.0,1202.1732314475685,0.0,0,0,0,0
S3,continuous,A,70,131,700.0,1042.3490291336122,1098.0427538143665,1098.0427538143665,1149.4203419949304,342.34902913361225,342.34902913361225,0.0,342.34902913361225,1042.3490291336122,1072.3490291336122,1139.4203419949304,1329.4203419949304,300.0,1458.3425147977969,0.0,2,2,0,0
S3,continuous,A,71,52,710.0,710.0,805.7657650230142,805.7657650230142,807.0333779197636,0.0,0.0,0.0,0.0,710.0,740.0,805.7657650230142,995.7657650230142,300.0,3075.5359205894943,0.0,1,1,0,0
S3,continuous,A,72,81,720.0,1436.657210336139,1447.18724477965,1447.18724477965,1488.9460802273184,716.6572103361391,716.6572103361391,0.0,716.6572103361391,1436.657210336139,1466.657210336139,1478.9460802273184,1668.9460802273184,300.0,707.1126033757289,0.0,1,1,0,0
S3,continuous,A,73,40,730.0,761.2275116426619,827.5906864929303,1142.760751343682,1163.1772631764154,31.227511642661852,31.227511642661852,315.1700648507515,346.39757649341334,761.2275116426619,791.2275116426619,1153.1772631764152,1343.1772631764152,300.0,2179.712868993557,0.0,1,1,0,0
S3,continuous,A,74,72,740.0,786.7409168303817,835.6212683208151,1332.760751343682,1353.1772631764154,46.74091683038171,46.74091683038171,497.13948302286667,543.8803998532484,786.7409168303817,816.7409168303817,1343.1772631764152,1533.1772631764152,300.0,1866.0545406246356,0.0,1,1,0,0
S3,continuous,A,75,57,750.0,982.4475063629525,1032.0155759016716,1032.0155759016716,1052.6956158760752,232.44750636295248,232.44750636295248,0.0,232.44750636295248,982.4475063629525,1012.4475063629525,1042.6956158760752,1232.6956158760752,300.0,1002.2235795839861,0.0,1,1,0,0
S3,continuous,A,76,27,760.0,1173.6465197980133,1239.9680905799162,1466.657210336139,1469.9601920133823,413.6465197980133,413.6465197980133,226.6891197562229,640.3356395542362,1173.6465197980133,1203.6465197980133,1466.657210336139,1656.657210336139,300.0,2091.371613658411,0.0,4,4,0,0
S3,continuous,A,77,93,770.0,968.3218043137546,1017.2356772083821,1734.1076169230382,1758.3462891052209,198.32180431375457,198.32180431375457,716.8719397146563,915.1937440284108,968.3218043137546,998.3218043137546,1748.3462891052209,1938.3462891052209,300.0,1618.5508207057387,0.0,0,0,0,0
S3,continuous,A,78,109,780.0,1481.5262934105995,1537.2200180913537,1537.2200180913537,1588.5976062719176,701.5262934105995,701.5262934105995,0.0,701.5262934105995,1481.5262934105995,1511.5262934105995,1578.5976062719176,1768.5976062719176,300.0,1458.3425147977969,0.0,2,2,0,0
S3,continuous,A,79,105,790.0,1012.4475063629525,1070.4012798630029,1070.4012798630029,1098.999670130792,222.44750636295248,222.44750636295248,0.0,222.44750636295248,1012.4475063629525,1042.4475063629525,1088.999670130792,1278.999670130792,300.0,1600.8622618063268,0.0,0,0,0,0
S3,continuous,A,80,23,800.0,800.0,872.034794102773,987.5809923858201,1038.8589686427174,0.0,0.0,115.54619828304703,115.54619828304703,800.0,830.0,1028.8589686427174,1218.8589686427174,300.0,2838.293970349379,0.0,0,0,0,0
S3,continuous,A,81,137,810.0,810.0,880.354225473191,880.354225473191,904.5928976553737,0.0,0.0,0.0,0.0,810.0,840.0,894.5928976553737,1084.5928976553737,300.0,2236.346873184095,0.0,3,3,0,0
S3,continuous,A,82,79,820.0,820.0,892.2289472093838,941.1696592201089,942.1920779978122,0.0,0.0,48.940712010725065,48.940712010725065,820.0,850.0,941.1696592201089,1131.1696592201088,300.0,1652.0906367126645,0.0,0,0,0,0
S3,continuous,A,83,67,830.0,830.0,865.1963063028742,1222.0155759016716,1242.6956158760752,0.0,0.0,356.8192695987975,356.8192695987975,830.0,860.0,1232.6956158760752,1422.6956158760752,300.0,1185.5515505329952,0.0,1,1,0,0
S3,continuous,A,84,95,840.0,1511.5262934105995,1569.3719767397195,1569.3719767397195,1597.9703670075087,671.5262934105995,671.5262934105995,0.0,671.5262934105995,1511.5262934105995,1541.5262934105995,1587.9703670075087,1777.9703670075087,300.0,1487.9104351249782,0.0,3,3,0,0
S3,continuous,A,85,4,850.0,1203.6465197980133,1269.9680905799162,1656.657210336139,1659.9601920133823,353.6465197980133,353.6465197980133,386.6891197562229,740.3356395542362,1203.6465197980133,1233.6465197980133,1656.657210336139,1846.657210336139,300.0,2091.371613658411,0.0,4,4,0,0
S3,continuous,A,86,15,860.0,885.4237856887121,921.1279234575699,1510.7999084675405,1551.5262934105995,25.423785688712087,25.423785688712087,589.6719850099706,615.0957706986827,885.4237856887121,915.4237856887121,1541.5262934105995,1731.5262934105995,300.0,1568.7312024129683,0.0,2,2,0,0
S3,continuous,A,87,100,870.0,1079.4203419949304,1154.6311972674548,1846.657210336139,1849.9601920133823,209.42034199493037,209.42034199493037,692.0260130686843,901.4463550636146,1079.4203419949304,1109.4203419949304,1846.657210336139,2036.657210336139,300.0,1862.2873220864021,0.0,1,1,0,0
S3,continuous,A,88,75,880.0,1275.9228677762364,1351.7087906528582,1560.636368304184,1611.9143445610814,395.92286777623644,395.92286777623644,208.92757765132592,604.8504454275624,1275.9228677762364,1305.9228677762364,1601.9143445610814,1791.9143445610814,300.0,1993.5982609640687,0.0,2,2,0,0
S3,continuous,A,89,7,890.0,890.0,928.7180849573871,1488.7180849573872,1514.1416355849117,0.0,0.0,560.0000000000001,560.0000000000001,890.0,920.0,1504.1416355849117,1694.1416355849117,300.0,1449.3051872782025,0.0,0,0,0,0
S3,continuous,A,90,80,900.0,915.4237856887121,946.5296461672558,1013.4359184245313,1052.4475063629525,15.423785688712087,15.423785688712087,66.90627225727553,82.33005794598762,915.4237856887121,945.4237856887121,1042.4475063629525,1232.4475063629525,300.0,1253.6053980355132,0.0,1,1,0,0
S3,continuous,A,91,42,910.0,2036.657210336139,2075.4727532786887,2075.4727532786887,2096.152793253092,1126.657210336139,1126.657210336139,0.0,1126.657210336139,2036.657210336139,2066.657210336139,2086.152793253092,2276.152793253092,300.0,2487.4191926120016,0.0,2,2,0,0
S3,continuous,A,92,6,920.0,1305.9228677762364,1363.0984188677378,1363.0984188677378,1379.5607416822163,385.92286777623644,385.92286777623644,0.0,385.92286777623644,1305.9228677762364,1335.9228677762364,1369.5607416822163,1559.5607416822163,300.0,578.8285414106124,0.0,0,0,0,0
S3,continuous,A,93,59,930.0,995.7657650230142,1022.4674226930694,2066.657210336139,2069.9601920133823,65.76576502301418,65.76576502301418,1044.1897876430698,1109.955552666084,995.7657650230142,1025.7657650230142,2066.657210336139,2256.657210336139,300.0,1718.4559577570203,0.0,0,0,0,0
S3,continuous,A,94,124,940.0,1131.1696592201088,1135.473004708566,1678.7180849573872,1704.1416355849117,191.16965922010877,191.16965922010877,543.2450802488213,734.4147394689301,1131.1696592201088,1161.1696592201088,1694.1416355849117,1884.1416355849117,300.0,350.95829440970874,0.0,1,1,0,0
S3,continuous,A,95,119,950.0,1218.8589686427174,1297.2255201640326,1412.0155759016716,1432.6956158760752,268.8589686427174,268.8589686427174,114.79005573763902,383.6490243803564,1218.8589686427174,1248.8589686427174,1422.6956158760752,1612.6956158760752,300.0,2165.695098784365,0.0,0,0,0,0
S3,continuous,A,96,65,960.0,1109.4203419949304,1184.6311972674548,2256.657210336139,2259.9601920133823,149.42034199493037,149.42034199493037,1072.0260130686843,1221.4463550636146,1109.4203419949304,1139.4203419949304,2256.657210336139,2446.657210336139,300.0,1862.2873220864021,0.0,1,1,0,0
S3,continuous,A,97,102,970.0,970.0,1016.41529138118,1016.41529138118,1058.1741268288483,0.0,0.0,0.0,0.0,970.0,1000.0,1048.1741268288483,1238.1741268288483,300.0,2287.97036242417,0.0,2,2,0,0
S3,continuous,A,98,63,980.0,1731.5262934105995,1802.8423292467783,1802.8423292467783,1838.345404740386,751.5262934105995,751.5262934105995,0.0,751.5262934105995,1731.5262934105995,1761.5262934105995,1828.345404740386,2018.345404740386,300.0,2420.4573617246606,0.0,2,2,0,0
S3,continuous,A,99,33,990.0,1335.9228677762364,1406.7212828317986,1522.7607513436817,1543.1772631764152,345.92286777623644,345.92286777623644,116.03946851188311,461.96233628811956,1335.9228677762364,1365.9228677762364,1533.1772631764152,1723.1772631764152,300.0,1506.790417439271,0.0,2,2,0,0
S3,continuous,A,100,30,1000.0,1233.6465197980133,1292.3381330800423,1292.3381330800423,1327.84120857365,233.6465197980133,233.6465197980133,0.0,233.6465197980133,1233.6465197980133,1263.6465197980133,1317.84120857365,1507.84120857365,300.0,1743.7082494153096,0.0,0,0,0,0
S3,continuous,A,101,125,1010.0,1010.0,1064.026261541345,1507.8328219724426,1543.8395600987124,0.0,0.0,443.8065604310975,443.8065604310975,1010.0,1040.0,1533.8395600987124,1723.8395600987124,300.0,1592.4281379485524,0.0,0,0,0,0
S3,continuous,A,102,14,1020.0,1248.8589686427174,1315.2403812925934,1315.2403812925934,1343.8387715603826,228.8589686427174,228.8589686427174,0.0,228.8589686427174,1248.8589686427174,1278.8589686427174,1333.8387715603826,1523.8387715603826,300.0,1406.2775921553462,0.0,2,2,0,0
S3,continuous,A,103,108,1030.0,2446.657210336139,2475.9500684088193,2475.9500684088193,2514.9616563472405,1416.657210336139,1416.657210336139,0.0,1416.657210336139,2446.657210336139,2476.657210336139,2504.9616563472405,2694.9616563472405,300.0,1944.23127444079,0.0,0,0,0,0
S3,continuous,A,104,101,1040.0,1040.0,1114.6913467437173,1114.6913467437173,1115.9589596404667,0.0,0.0,0.0,0.0,1040.0,1070.0,1114.6913467437173,1304.6913467437173,300.0,2796.40485862576,0.0,2,2,0,0
S3,continuous,A,105,52,1050.0,1283.2598593120424,1336.38277372447,1750.636368304184,1801.9143445610814,233.2598593120424,233.2598593120424,414.253594579714,647.5134538917564,1283.2598593120424,1313.2598593120424,1791.9143445610814,1981.9143445610814,300.0,2303.1993908783975,0.0,1,1,0,0
S3,continuous,A,106,142,1060.0,1060.0,1085.12001592646,1085.12001592646,1101.5823387409384,0.0,0.0,0.0,0.0,1060.0,1090.0,1091.5823387409384,1281.5823387409384,300.0,492.71027297242307,0.0,0,0,0,0
S3,continuous,A,107,37,1070.0,1278.999670130792,1326.5402459602105,1326.5402459602105,1365.5518338986317,208.99967013079208,208.99967013079208,0.0,208.99967013079208,1278.999670130792,1308.999670130792,1355.5518338986317,1545.5518338986317,300.0,1600.8622618063268,0.0,0,0,0,0
S3,continuous,A,108,115,1080.0,1080.0,1152.0347941027728,1940.636368304184,1991.9143445610814,0.0,0.0,788.6015742014113,788.6015742014113,1080.0,1110.0,1981.9143445610814,2171.9143445610816,300.0,2838.293970349379,0.0,0,0,0,0
S3,continuous,A,109,112,1090.0,1238.1741268288483,1300.4428160571426,1516.5402459602105,1555.5518338986317,148.17412682884833,148.17412682884833,216.0974299030679,364.27155673191623,1238.1741268288483,1268.1741268288483,1545.5518338986317,1735.5518338986317,300.0,1771.1757023055045,0.0,3,3,0,0
S3,continuous,A,110,22,1100.0,1523.8387715603826,1580.6617229793917,1580.6617229793917,1618.7143934689268,423.8387715603826,423.8387715603826,0.0,423.8387715603826,1523.8387715603826,1553.8387715603826,1608.7143934689268,1798.7143934689268,300.0,2214.8927138679405,0.0,0,0,0,0
S3,continuous,A,111,41,1110.0,1110.0,1135.567849885251,1636.142014327064,1689.901795063743,0.0,0.0,500.5741644418131,500.5741644418131,1110.0,1140.0,1679.901795063743,1869.901795063743,300.0,709.053159836159,0.0,0,0,0,0
S3,continuous,A,112,47,1120.0,1120.0,1172.7062474734664,1288.0427538143665,1339.4203419949304,0.0,0.0,115.33650634090009,115.33650634090009,1120.0,1150.0,1329.4203419949304,1519.4203419949304,300.0,1581.2814503614447,0.0,1,1,0,0
S3,continuous,A,113,13,1130.0,2476.657210336139,2487.137490408315,2487.137490408315,2488.1599091860185,1346.657210336139,1346.657210336139,0.0,1346.657210336139,2476.657210336139,2506.657210336139,2487.137490408315,2677.137490408315,300.0,500.11356193691444,0.0,1,1,0,0
S3,continuous,A,114,12,1140.0,1304.6913467437173,1347.9649439268019,1826.142014327064,1879.901795063743,164.6913467437173,164.6913467437173,478.1770704002622,642.8684171439795,1304.6913467437173,1334.6913467437173,1869.901795063743,2059.901795063743,300.0,3075.5359205894943,0.0,1,1,0,0
S3,continuous,A,115,84,1150.0,1519.4203419949304,1598.8277228868633,1598.8277228868633,1600.0953357836127,369.42034199493037,369.42034199493037,0.0,369.42034199493037,1519.4203419949304,1549.4203419949304,1598.8277228868633,1788.8277228868633,300.0,2131.878852811167,0.0,3,3,0,0
S3,continuous,A,116,136,1160.0,1365.9228677762364,1441.7087906528582,2130.6363683041845,2181.914344561082,205.92286777623644,205.92286777623644,688.9275776513261,894.8504454275626,1365.9228677762364,1395.9228677762364,2171.9143445610816,2361.9143445610816,300.0,1993.5982609640687,0.0,2,2,0,0
S3,continuous,A,117,43,1170.0,1395.9228677762364,1453.0984188677378,1553.0984188677378,1569.5607416822163,225.92286777623644,225.92286777623644,100.0,325.92286777623644,1395.9228677762364,1425.9228677762364,1559.5607416822163,1749.5607416822163,300.0,578.8285414106124,0.0,0,0,0,0
S3,continuous,A,118,92,1180.0,1710.9611430090636,1759.1197990301898,1759.1197990301898,1810.4973872107537,530.9611430090636,530.9611430090636,0.0,530.9611430090636,1710.9611430090636,1740.9611430090636,1800.4973872107537,1990.4973872107537,300.0,906.3507651750326,0.0,0,0,0,0
S3,continuous,A,119,127,1190.0,1884.1416355849117,1920.7999084675405,1920.7999084675405,1961.5262934105995,694.1416355849117,694.1416355849117,0.0,694.1416355849117,1884.1416355849117,1914.1416355849117,1951.5262934105995,2141.5262934105995,300.0,1079.731161526543,0.0,1,1,0,0
S3,continuous,A,120,97,1200.0,2506.657210336139,2530.636368304184,2530.636368304184,2581.9143445610816,1306.657210336139,1306.657210336139,0.0,1306.657210336139,2506.657210336139,2536.657210336139,2571.9143445610816,2761.9143445610816,300.0,1651.3165423908276,0.0,3,3,0,0
S3,continuous,A,121,35,1210.0,1740.9611430090636,1799.8407664987496,2536.657210336139,2539.9601920133823,530.9611430090636,530.9611430090636,736.8164438373894,1267.777586846453,1740.9611430090636,1770.9611430090636,2536.657210336139,2726.657210336139,300.0,1380.7088972290849,0.0,1,1,0,0
S3,continuous,A,122,118,1220.0,1220.0,1245.567849885251,2016.142014327064,2069.901795063743,0.0,0.0,770.5741644418131,770.5741644418131,1220.0,1250.0,2059.901795063743,2249.901795063743,300.0,709.053159836159,0.0,0,0,0,0
S3,continuous,A,123,74,1230.0,2726.657210336139,2766.1420143270643,2766.1420143270643,2819.901795063743,1496.657210336139,1496.657210336139,0.0,1496.657210336139,2726.657210336139,2756.657210336139,2809.901795063743,2999.901795063743,300.0,2697.435299648399,0.0,1,1,0,0
S3,continuous,A,124,77,1240.0,1612.6956158760752,1649.782828454568,1759.3719767397195,1787.9703670075087,372.6956158760752,372.6956158760752,109.5891482851514,482.2847641612266,1612.6956158760752,1642.6956158760752,1777.9703670075087,1967.9703670075087,300.0,1340.2036581502443,0.0,0,0,0,0
S3,continuous,A,125,53,1250.0,1723.1772631764152,1771.9042793698818,1771.9042793698818,1809.956949859417,473.1772631764152,473.1772631764152,0.0,473.1772631764152,1723.1772631764152,1753.1772631764152,1799.956949859417,1989.956949859417,300.0,2179.712868993557,0.0,1,1,0,0
S3,continuous,A,126,44,1260.0,1768.5976062719176,1837.1783664323402,1992.8423292467783,2028.345404740386,508.5976062719176,508.5976062719176,155.66396281443804,664.2615690863556,1768.5976062719176,1798.5976062719176,2018.345404740386,2208.3454047403857,300.0,1581.2814503614447,0.0,1,1,0,0
S3,continuous,A,127,80,1270.0,1553.8387715603826,1608.721308319382,1608.721308319382,1609.7437270970854,283.8387715603826,283.8387715603826,0.0,283.8387715603826,1553.8387715603826,1583.8387715603826,1608.721308319382,1798.721308319382,300.0,1900.380477974811,0.0,3,3,0,0
S3,continuous,A,128,9,1280.0,1967.9703670075087,2024.8726161702245,2024.8726161702245,2050.2961667977493,687.9703670075087,687.9703670075087,0.0,687.9703670075087,1967.9703670075087,1997.9703670075087,2040.296166797749,2230.296166797749,300.0,2157.0336308050128,0.0,2,2,0,0
S3,continuous,A,129,25,1290.0,1914.1416355849117,1974.7436117340533,1974.7436117340533,1998.982283916236,624.1416355849117,624.1416355849117,0.0,624.1416355849117,1914.1416355849117,1944.1416355849117,1988.982283916236,2178.982283916236,300.0,2593.5394821563386,0.0,1,1,0,0
S3,continuous,A,130,116,1300.0,1642.6956158760752,1668.4404905218523,2164.7436117340535,2188.982283916236,342.6956158760752,342.6956158760752,496.3031212122012,838.9987370882764,1642.6956158760752,1672.6956158760752,2178.982283916236,2368.982283916236,300.0,562.2492055411672,0.0,0,0,0,0
S3,continuous,A,131,134,1310.0,1753.1772631764152,1796.8947089778726,1796.8947089778726,1838.653544425541,443.1772631764152,443.1772631764152,0.0,443.1772631764152,1753.1772631764152,1783.1772631764152,1828.653544425541,2018.653544425541,300.0,1864.2723343169419,0.0,4,4,0,0
S3,continuous,A,132,54,1320.0,1783.1772631764152,1811.1220854849616,2110.7999084675403,2151.526293410599,463.1772631764152,463.1772631764152,299.67782298257885,762.855086158994,1783.1772631764152,1813.1772631764152,2141.5262934105995,2331.5262934105995,300.0,807.6018489331556,0.0,1,1,0,0
S3,continuous,A,133,144,1330.0,1330.0,1366.27458605952,1949.1197990301898,2000.4973872107537,0.0,0.0,582.8452129706698,582.8452129706698,1330.0,1360.0,1990.4973872107537,2180.497387210754,300.0,1410.9246086735204,0.0,1,1,0,0
S3,continuous,A,134,149,1340.0,1997.9703670075087,2045.7423813822002,2045.7423813822002,2087.2739637141385,657.9703670075087,657.9703670075087,0.0,657.9703670075087,1997.9703670075087,2027.9703670075087,2077.2739637141385,2267.2739637141385,300.0,1628.8914701254569,0.0,1,1,0,0
S3,continuous,A,135,138,1350.0,1749.5607416822163,1805.692574627037,1805.692574627037,1806.9601875237863,399.5607416822163,399.5607416822163,0.0,399.5607416822163,1749.5607416822163,1779.5607416822163,1805.692574627037,1995.692574627037,300.0,2733.283687245622,0.0,5,5,0,0
S3,continuous,A,136,72,1360.0,1813.1772631764152,1847.537364511383,1847.537364511383,1863.9996873258615,453.1772631764152,453.1772631764152,0.0,453.1772631764152,1813.1772631764152,1843.1772631764152,1853.9996873258615,2043.9996873258615,300.0,1113.9668067183422,0.0,2,2,0,0
S3,continuous,A,137,29,1370.0,1370.0,1382.2591157212958,1986.8947089778726,2028.653544425541,0.0,0.0,604.6355932565768,604.6355932565768,1370.0,1400.0,2018.653544425541,2208.653544425541,300.0,963.0194006996728,0.0,0,0,0,0
S3,continuous,A,138,101,1380.0,1380.0,1403.8291214958704,2009.3719767397195,2037.9703670075087,0.0,0.0,605.5428552438491,605.5428552438491,1380.0,1410.0,2027.9703670075087,2217.9703670075087,300.0,467.33098153299966,0.0,0,0,0,0
S3,continuous,A,139,122,1390.0,1390.0,1454.0417735102442,2320.6363683041845,2371.914344561082,0.0,0.0,866.5945947939401,866.5945947939401,1390.0,1420.0,2361.9143445610816,2551.9143445610816,300.0,1950.713262694554,0.0,1,1,0,0
S3,continuous,A,140,76,1400.0,2756.657210336139,2767.137490408315,2767.137490408315,2768.1599091860185,1356.657210336139,1356.657210336139,0.0,1356.657210336139,2756.657210336139,2786.657210336139,2767.137490408315,2957.137490408315,300.0,500.11356193691444,0.0,1,1,0,0
S3,continuous,A,141,88,1410.0,2180.497387210754,2245.689825995977,2245.689825995977,2283.742496485512,770.4973872107539,770.4973872107539,0.0,770.4973872107539,2180.497387210754,2210.497387210754,2273.742496485512,2463.742496485512,300.0,1368.1413336610954,0.0,0,0,0,0
S3,continuous,A,142,123,1420.0,1672.6956158760752,1703.5041147635486,2206.1420143270643,2259.901795063743,252.69561587607518,252.69561587607518,502.6378995635155,755.3335154395907,1672.6956158760752,1702.6956158760752,2249.901795063743,2439.901795063743,300.0,1047.429697760073,0.0,0,0,0,0
S3,continuous,A,143,91,1430.0,2761.9143445610816,2844.9832220653866,2844.9832220653866,2880.4862975589945,1331.9143445610816,1331.9143445610816,0.0,1331.9143445610816,2761.9143445610816,2791.9143445610816,2870.4862975589945,3060.4862975589945,300.0,2553.298675246364,0.0,3,3,0,0
S3,continuous,A,144,137,1440.0,1440.0,1510.0520890769906,2214.8726161702243,2240.296166797749,0.0,0.0,704.8205270932337,704.8205270932337,1440.0,1470.0,2230.296166797749,2420.296166797749,300.0,2450.6756780823325,0.0,5,5,0,0
S3,continuous,A,145,71,1450.0,2786.657210336139,2797.137490408315,2957.137490408315,2958.1599091860185,1336.657210336139,1336.657210336139,160.0,1496.657210336139,2786.657210336139,2816.657210336139,2957.137490408315,3147.137490408315,300.0,500.11356193691444,0.0,1,1,0,0
S3,continuous,A,146,140,1460.0,1668.9460802273184,1743.4969561107487,1743.4969561107487,1763.998616697732,208.94608022731836,208.94608022731836,0.0,208.94608022731836,1668.9460802273184,1698.9460802273184,1753.998616697732,1943.998616697732,300.0,2497.4385092240464,0.0,3,3,0,0
S3,continuous,A,147,117,1470.0,1779.5607416822163,1825.9760330633965,2176.8947089778726,2218.653544425541,309.5607416822163,309.5607416822163,350.9186759144761,660.4794175966924,1779.5607416822163,1809.5607416822163,2208.653544425541,2398.653544425541,300.0,2287.97036242417,0.0,2,2,0,0
S3,continuous,A,148,98,1480.0,2816.657210336139,2845.394236786688,2845.394236786688,2846.661849683437,1336.657210336139,1336.657210336139,0.0,1336.657210336139,2816.657210336139,2846.657210336139,2845.394236786688,3035.394236786688,300.0,1718.4559577570205,0.0,0,0,0,0
S3,continuous,A,149,39,1490.0,1702.6956158760752,1758.764202380314,2404.8726161702243,2430.296166797749,212.69561587607518,212.69561587607518,646.1084137899104,858.8040296659856,1702.6956158760752,1732.6956158760752,2420.296166797749,2610.296166797749,300.0,2589.7543883319877,0.0,4,4,0,0
S3,continuous,A,150,73,1500.0,2439.901795063743,2526.8242810760858,2526.8242810760858,2568.583116523754,939.9017950637431,939.9017950637431,0.0,939.9017950637431,2439.901795063743,2469.901795063743,2558.583116523754,2748.583116523754,300.0,2688.440099299322,0.0,2,2,0,0
S3,continuous,A,151,1,1510.0,1732.6956158760752,1784.0800856780809,2716.8242810760858,2758.583116523754,222.69561587607518,222.69561587607518,932.7441953980049,1155.43981127408,1732.6956158760752,1762.6956158760752,2748.583116523754,2938.583116523754,300.0,2359.156365617162,0.0,1,1,0,0
S3,continuous,A,152,87,1520.0,1520.0,1561.0055619759103,1752.0155759016716,1772.6956158760752,0.0,0.0,191.0100139257613,191.0100139257613,1520.0,1550.0,1762.6956158760752,1952.6956158760752,300.0,647.7480094935643,0.0,0,0,0,0
S3,continuous,A,153,49,1530.0,2210.497387210754,2282.726334420138,2282.726334420138,2283.7487531978413,680.4973872107539,680.4973872107539,0.0,680.4973872107539,2210.497387210754,2240.497387210754,2282.726334420138,2472.726334420138,300.0,1652.0906367126645,0.0,0,0,0,0
S3,continuous,A,154,37,1540.0,2846.657210336139,2890.97409678558,3034.9832220653866,3070.4862975589945,1306.657210336139,1306.657210336139,144.00912527980654,1450.6663356159456,2846.657210336139,2876.657210336139,3060.4862975589945,3250.4862975589945,300.0,2928.290604000784,0.0,2,2,0,0
S3,continuous,A,155,48,1550.0,1809.5607416822163,1855.9760330633965,2906.8242810760858,2948.583116523754,259.5607416822163,259.5607416822163,1050.8482480126893,1310.4089896949056,1809.5607416822163,1839.5607416822163,2938.583116523754,3128.583116523754,300.0,2287.97036242417,0.0,2,2,0,0
S3,continuous,A,156,135,1560.0,1560.0,1600.6298553084173,1730.7999084675405,1771.5262934105995,0.0,0.0,130.1700531591232,130.1700531591232,1560.0,1590.0,1761.5262934105995,1951.5262934105995,300.0,1648.0198757458152,0.0,1,1,0,0
S3,continuous,A,157,129,1570.0,2043.9996873258615,2077.891890682635,2235.7423813822,2277.2739637141385,473.9996873258615,473.9996873258615,157.85049069956494,631.8501780254264,2043.9996873258615,2073.9996873258615,2267.2739637141385,2457.2739637141385,300.0,1451.9615618851035,0.0,1,1,0,0
S3,continuous,A,158,67,1580.0,2791.9143445610816,2861.599242412797,2861.599242412797,2882.1009029997804,1211.9143445610816,1211.9143445610816,0.0,1211.9143445610816,2791.9143445610816,2821.9143445610816,2872.1009029997804,3062.1009029997804,300.0,1586.0262905406005,0.0,1,1,0,0
S3,continuous,A,159,43,1590.0,2073.9996873258615,2105.105547804405,2105.105547804405,2144.117135742826,483.9996873258615,483.9996873258615,0.0,483.9996873258615,2073.9996873258615,2103.9996873258615,2134.117135742826,2324.117135742826,300.0,1253.6053980355132,0.0,1,1,0,0
S3,continuous,A,160,90,1600.0,2469.901795063743,2540.318059446666,2665.9500684088193,2704.9616563472405,869.9017950637431,869.9017950637431,125.63200896215312,995.5338040258962,2469.901795063743,2499.901795063743,2694.9616563472405,2884.9616563472405,300.0,1574.2890864584458,0.0,0,0,0,0
S3,continuous,A,161,143,1610.0,1798.721308319382,1803.024653807839,2594.8726161702243,2620.296166797749,188.72130831938193,188.72130831938193,791.8479623623853,980.5692706817672,1798.721308319382,1828.721308319382,2610.296166797749,2800.296166797749,300.0,350.95829440970874,0.0,1,1,0,0
S3,continuous,A,162,95,1620.0,1770.9611430090636,1827.1118158049358,1961.9042793698818,1999.956949859417,150.96114300906356,150.96114300906356,134.79246356494605,285.7536065740096,1770.9611430090636,1800.9611430090636,1989.956949859417,2179.956949859417,300.0,1372.5272950362955,0.0,1,1,0,0
S3,continuous,A,163,102,1630.0,1800.9611430090636,1866.181355546031,2182.842329246778,2218.3454047403857,170.96114300906356,170.96114300906356,316.66097370074704,487.6221167098106,1800.9611430090636,1830.9611430090636,2208.3454047403857,2398.3454047403857,300.0,1964.415302796338,0.0,1,1,0,0
S3,continuous,A,164,14,1640.0,1735.5518338986317,1791.219905483297,2456.1420143270643,2509.901795063743,95.55183389863168,95.55183389863168,664.9221088437671,760.4739427423988,1735.5518338986317,1765.5518338986317,2499.901795063743,2689.901795063743,300.0,1574.2890864584458,0.0,0,0,0,0
S3,continuous,A,165,146,1650.0,2240.497387210754,2305.689825995977,2435.689825995977,2473.742496485512,590.4973872107539,590.4973872107539,130.0,720.4973872107539,2240.497387210754,2270.497387210754,2463.742496485512,2653.742496485512,300.0,1368.1413336610954,0.0,0,0,0,0
S3,continuous,A,166,30,1660.0,2876.657210336139,2887.137490408315,3147.137490408315,3148.1599091860185,1216.657210336139,1216.657210336139,260.0,1476.657210336139,2876.657210336139,2906.657210336139,3147.137490408315,3337.137490408315,300.0,500.11356193691444,0.0,1,1,0,0
S3,continuous,A,167,21,1670.0,1952.6956158760752,1991.5698722624686,2425.7423813822,2467.2739637141385,282.6956158760752,282.6956158760752,434.17250911973156,716.8681249958067,1952.6956158760752,1982.6956158760752,2457.2739637141385,2647.2739637141385,300.0,1524.005872331035,0.0,1,1,0,0
S3,continuous,A,168,120,1680.0,2331.5262934105995,2381.470786190424,3337.137490408315,3338.1599091860185,651.5262934105995,651.5262934105995,955.666704217891,1607.1929976284905,2331.5262934105995,2361.5262934105995,3337.137490408315,3527.137490408315,300.0,823.2845410548605,0.0,2,2,0,0
S3,continuous,A,169,10,1690.0,1995.692574627037,2029.6877294083456,2784.8726161702243,2810.296166797749,305.69257462703695,305.69257462703695,755.1848867618787,1060.8774613889157,1995.692574627037,2025.692574627037,2800.296166797749,2990.296166797749,300.0,2315.2919432586614,0.0,2,2,0,0
S3,continuous,A,170,130,1700.0,2179.956949859417,2238.6485631414457,2372.842329246778,2408.3454047403857,479.9569498594169,479.9569498594169,134.1937661053321,614.150715964749,2179.956949859417,2209.956949859417,2398.3454047403857,2588.3454047403857,300.0,1743.7082494153096,0.0,0,0,0,0
S3,continuous,A,171,70,1710.0,2361.5262934105995,2411.470786190424,3527.137490408315,3528.1599091860185,651.5262934105995,651.5262934105995,1115.666704217891,1767.1929976284905,2361.5262934105995,2391.5262934105995,3527.137490408315,3717.137490408315,300.0,823.2845410548605,0.0,2,2,0,0
S3,continuous,A,172,8,1720.0,1720.0,1787.2939767410153,2780.6363683041845,2831.914344561082,0.0,0.0,993.342391563169,993.342391563169,1720.0,1750.0,2821.9143445610816,3011.9143445610816,300.0,2553.2986752463635,0.0,3,3,0,0
S3,continuous,A,173,84,1730.0,1843.1772631764152,1896.2611816398387,1896.2611816398387,1932.2679197661084,113.17726317641518,113.17726317641518,0.0,113.17726317641518,1843.1772631764152,1873.1772631764152,1922.2679197661084,2112.267919766108,300.0,2459.9433585076813,0.0,1,1,0,0
S3,continuous,A,174,114,1740.0,2689.901795063743,2776.8242810760858,3096.8242810760858,3138.583116523754,949.9017950637431,949.9017950637431,320.0,1269.901795063743,2689.901795063743,2719.901795063743,3128.583116523754,3318.583116523754,300.0,2688.440099299322,0.0,2,2,0,0
S3,continuous,A,175,2,1750.0,1938.3462891052209,1996.7323861970594,2906.657210336139,2909.9601920133823,188.34628910522088,188.34628910522088,909.9248241390796,1098.2711132443005,1938.3462891052209,1968.3462891052209,2906.657210336139,3096.657210336139,300.0,2414.2032632741934,0.0,0,0,0,0
S3,continuous,A,176,104,1760.0,3096.657210336139,3134.107616923038,3134.107616923038,3158.346289105221,1336.657210336139,1336.657210336139,0.0,1336.657210336139,3096.657210336139,3126.657210336139,3148.346289105221,3338.346289105221,300.0,2414.2032632741934,0.0,0,0,0,0
S3,continuous,A,177,75,1770.0,2270.497387210754,2345.7082424832784,3126.657210336139,3129.9601920133823,500.4973872107539,500.4973872107539,780.9489678528607,1281.4463550636146,2270.497387210754,2300.497387210754,3126.657210336139,3316.657210336139,300.0,1862.2873220864021,0.0,1,1,0,0
S3,continuous,A,178,31,1780.0,1830.9611430090636,1887.7352748647463,1887.7352748647463,1888.7576936424498,50.96114300906356,50.96114300906356,0.0,50.96114300906356,1830.9611430090636,1860.9611430090636,1887.7352748647463,2077.7352748647463,300.0,1228.9399737978292,0.0,2,2,0,0
S3,continuous,A,179,147,1790.0,2719.901795063743,2794.1634893790197,2794.1634893790197,2835.695071710958,929.9017950637431,929.9017950637431,0.0,929.9017950637431,2719.901795063743,2749.901795063743,2825.695071710958,3015.695071710958,300.0,1843.2510539162895,0.0,2,2,0,0
S3,continuous,A,180,62,1800.0,1828.721308319382,1833.024653807839,2974.8726161702243,3000.296166797749,28.721308319381933,28.721308319381933,1141.8479623623853,1170.5692706817672,1828.721308319382,1858.721308319382,2990.296166797749,3180.296166797749,300.0,350.95829440970874,0.0,1,1,0,0
S3,continuous,A,181,17,1810.0,1944.1416355849117,1977.6716186154388,3316.657210336139,3319.9601920133823,134.14163558491168,134.14163558491168,1338.9855917207003,1473.127227305612,1944.1416355849117,1974.1416355849117,3316.657210336139,3506.657210336139,300.0,684.0614883906856,0.0,1,1,0,0
S3,continuous,A,182,105,1820.0,2217.9703670075087,2252.517158230448,2252.517158230448,2268.979481044926,397.9703670075087,397.9703670075087,0.0,397.9703670075087,2217.9703670075087,2247.9703670075087,2258.979481044926,2448.979481044926,300.0,621.8636290880004,0.0,0,0,0,0
S3,continuous,A,183,5,1830.0,3506.657210336139,3545.4727532786887,3545.4727532786887,3566.152793253092,1676.657210336139,1676.657210336139,0.0,1676.657210336139,3506.657210336139,3536.657210336139,3556.152793253092,3746.152793253092,300.0,2487.4191926120016,0.0,2,2,0,0
S3,continuous,A,184,11,1840.0,1974.1416355849117,2018.0578007655433,2984.1634893790197,3025.695071710958,134.14163558491168,134.14163558491168,966.1056886134766,1100.2473241983882,1974.1416355849117,2004.1416355849117,3015.695071710958,3205.695071710958,300.0,1567.6166350044552,0.0,3,3,0,0
S3,continuous,A,185,132,1850.0,1850.0,1913.1645923756776,2077.7352748647463,2078.75769364245,0.0,0.0,164.57068248906876,164.57068248906876,1850.0,1880.0,2077.7352748647463,2267.7352748647463,300.0,1810.3703293977135,0.0,2,2,0,0
S3,continuous,A,186,135,1860.0,1873.1772631764152,1910.258562336536,3717.137490408315,3718.1599091860185,13.177263176415181,13.177263176415181,1806.878928071779,1820.0561912481942,1873.1772631764152,1903.1772631764152,3717.137490408315,3907.137490408315,300.0,1218.1804748780125,0.0,3,3,0,0
S3,continuous,A,187,18,1870.0,2004.1416355849117,2056.946881684076,2855.9500684088193,2894.9616563472405,134.14163558491168,134.14163558491168,799.0031867247435,933.1448223096552,2004.1416355849117,2034.1416355849117,2884.9616563472405,3074.9616563472405,300.0,2147.6220576057044,0.0,3,3,0,0
S3,continuous,A,188,34,1880.0,1880.0,1947.8877163630514,2360.7999084675403,2401.526293410599,0.0,0.0,412.9121921044891,412.9121921044891,1880.0,1910.0,2391.5262934105995,2581.5262934105995,300.0,2509.0641644654156,0.0,2,2,0,0
S3,continuous,A,189,78,1890.0,2368.982283916236,2401.793276088095,2562.842329246778,2598.3454047403857,478.98228391623616,478.98228391623616,161.0490531586829,640.0313370749191,2368.982283916236,2398.982283916236,2588.3454047403857,2778.3454047403857,300.0,870.1967376906861,0.0,0,0,0,0
S3,continuous,A,190,55,1900.0,2749.901795063743,2811.485472856866,2811.485472856866,2840.0838631246556,849.9017950637431,849.9017950637431,0.0,849.9017950637431,2749.901795063743,2779.901795063743,2830.0838631246556,3020.0838631246556,300.0,933.3839921186195,0.0,1,1,0,0
S3,continuous,A,191,126,1910.0,2581.5262934105995,2648.45593581148,2648.45593581148,2672.6946079936624,671.5262934105995,671.5262934105995,0.0,671.5262934105995,2581.5262934105995,2611.5262934105995,2662.6946079936624,2852.6946079936624,300.0,2071.709116147636,0.0,2,2,0,0
S3,continuous,A,192,53,1920.0,2247.9703670075087,2292.9759298793874,2292.9759298793874,2313.655969853791,327.9703670075087,327.9703670075087,0.0,327.9703670075087,2247.9703670075087,2277.9703670075087,2303.655969853791,2493.655969853791,300.0,1340.2036581502443,0.0,0,0,0,0
S3,continuous,A,193,113,1930.0,3536.657210336139,3560.636368304184,3560.636368304184,3611.9143445610816,1606.657210336139,1606.657210336139,0.0,1606.657210336139,3536.657210336139,3566.657210336139,3601.9143445610816,3791.9143445610816,300.0,1651.3165423908276,0.0,3,3,0,0
S3,continuous,A,194,80,1940.0,1940.0,1983.8739534237322,2259.11979903019,2310.497387210754,0.0,0.0,275.2458456064578,275.2458456064578,1940.0,1970.0,2300.497387210754,2490.497387210754,300.0,776.1035796156632,0.0,0,0,0,0
S3,continuous,A,195,94,1950.0,2778.3454047403857,2849.975267417675,3286.8242810760858,3328.583116523754,828.3454047403857,828.3454047403857,436.84901365841097,1265.1944183987966,2778.3454047403857,2808.3454047403857,3318.583116523754,3508.583116523754,300.0,2794.7620336184486,0.0,0,0,0,0
S3,continuous,A,196,20,1960.0,2398.982283916236,2437.815954271087,2442.517158230448,2458.979481044926,438.98228391623616,438.98228391623616,4.70120395936101,443.68348787559717,2398.982283916236,2428.982283916236,2448.979481044926,2638.979481044926,300.0,1176.5048531611737,0.0,0,0,0,0
S3,continuous,A,197,33,1970.0,1970.0,2018.3122207287497,2625.689825995977,2663.742496485512,0.0,0.0,607.3776052672274,607.3776052672274,1970.0,2000.0,2653.742496485512,2843.742496485512,300.0,1005.3634781616877,0.0,0,0,0,0
S3,continuous,A,198,133,1980.0,2398.653544425541,2473.2044203089713,2473.2044203089713,2493.7060808959545,418.653544425541,418.653544425541,0.0,418.653544425541,2398.653544425541,2428.653544425541,2483.7060808959545,2673.7060808959545,300.0,2497.4385092240464,0.0,3,3,0,0
S3,continuous,A,199,4,1990.0,2277.9703670075087,2321.672193668277,2970.636368304184,3021.9143445610816,287.9703670075087,287.9703670075087,648.964174635907,936.9345416434157,2277.9703670075087,2307.9703670075087,3011.9143445610816,3201.9143445610816,300.0,1406.2775921553462,0.0,2,2,0,0
S3,continuous,A,200,86,2000.0,2103.9996873258615,2139.703825094719,2580.7999084675407,2621.5262934105995,103.99968732586149,103.99968732586149,441.0960833728218,545.0957706986833,2103.9996873258615,2133.9996873258615,2611.5262934105995,2801.5262934105995,300.0,1568.7312024129683,0.0,2,2,0,0
S3,continuous,A,201,131,2010.0,2307.9703670075087,2367.1773110024114,3476.8242810760858,3518.583116523754,297.9703670075087,297.9703670075087,1109.6469700736743,1407.617337081183,2307.9703670075087,2337.9703670075087,3508.583116523754,3698.583116523754,300.0,2392.356377051506,0.0,3,3,0,0
S3,continuous,A,202,22,2020.0,2020.0,2075.3253564062984,3566.657210336139,3569.9601920133823,0.0,0.0,1491.3318539298407,1491.3318539298407,2020.0,2050.0,3566.657210336139,3756.657210336139,300.0,2440.602932608804,0.0,6,6,0,0
S3,continuous,A,203,66,2030.0,2030.0,2064.8462173042594,2770.7999084675407,2811.5262934105995,0.0,0.0,705.9536911632813,705.9536911632813,2030.0,2060.0,2801.5262934105995,2991.5262934105995,300.0,2448.5436163663903,0.0,3,3,0,0
S3,continuous,A,204,81,2040.0,3201.9143445610816,3266.8354141082286,3907.137490408315,3908.1599091860185,1161.9143445610816,1161.9143445610816,640.3020763000864,1802.216420861168,3201.9143445610816,3231.9143445610816,3907.137490408315,4097.137490408315,300.0,1171.0415278562857,0.0,2,2,0,0
S3,continuous,A,205,77,2050.0,2050.0,2093.7174458014574,3666.8242810760858,3708.583116523754,0.0,0.0,1573.1068352746283,1573.1068352746283,2050.0,2080.0,3698.583116523754,3888.583116523754,300.0,1864.2723343169419,0.0,4,4,0,0
S3,continuous,A,206,40,2060.0,2428.653544425541,2489.8447958524675,2489.8447958524675,2541.2223840330316,368.653544425541,368.653544425541,0.0,368.653544425541,2428.653544425541,2458.653544425541,2531.2223840330316,2721.2223840330316,300.0,1761.1765167583817,0.0,0,0,0,0
S3,continuous,A,207,56,2070.0,2991.5262934105995,3041.470786190424,4097.137490408315,4098.159909186018,921.5262934105995,921.5262934105995,1055.666704217891,1977.1929976284905,2991.5262934105995,3021.5262934105995,4097.137490408315,4287.137490408315,300.0,823.2845410548605,0.0,2,2,0,0
S3,continuous,A,208,26,2080.0,3021.5262934105995,3069.780988829471,3069.780988829471,3090.197500662204,941.5262934105995,941.5262934105995,0.0,941.5262934105995,3021.5262934105995,3051.5262934105995,3080.197500662204,3270.197500662204,300.0,807.6018489331556,0.0,1,1,0,0
S3,continuous,A,209,110,2090.0,2337.9703670075087,2376.8671686623356,2376.8671686623356,2397.283680495069,247.97036700750868,247.97036700750868,0.0,247.97036700750868,2337.9703670075087,2367.9703670075087,2387.283680495069,2577.283680495069,300.0,931.63526963844,0.0,1,1,0,0
S3,continuous,A,210,15,2100.0,2458.653544425541,2507.639432639477,3756.657210336139,3759.9601920133823,358.653544425541,358.653544425541,1249.017777696662,1607.671322122203,2458.653544425541,2488.653544425541,3756.657210336139,3946.657210336139,300.0,707.112603375729,0.0,1,1,0,0
S3,continuous,A,211,145,2110.0,2110.0,2147.0812991601206,4287.137490408315,4288.159909186018,0.0,0.0,2140.0561912481944,2140.0561912481944,2110.0,2140.0,4287.137490408315,4477.137490408315,300.0,1218.1804748780125,0.0,3,3,0,0
S3,continuous,A,212,3,2120.0,2367.9703670075087,2439.373008874676,2439.373008874676,2440.6406217714252,247.97036700750868,247.97036700750868,0.0,247.97036700750868,2367.9703670075087,2397.9703670075087,2439.373008874676,2629.373008874676,300.0,3002.946789114551,0.0,7,7,0,0
S3,continuous,A,213,111,2130.0,2490.497387210754,2555.689825995977,2815.689825995977,2853.742496485512,360.4973872107539,360.4973872107539,260.0,620.4973872107539,2490.497387210754,2520.497387210754,2843.742496485512,3033.742496485512,300.0,1368.1413336610954,0.0,0,0,0,0
S3,continuous,A,214,16,2140.0,2209.956949859417,2280.0090389364077,3164.8726161702243,3190.296166797749,69.95694985941691,69.95694985941691,884.8635772338166,954.8205270932335,2209.956949859417,2239.956949859417,3180.296166797749,3370.296166797749,300.0,2450.6756780823325,0.0,5,5,0,0
S3,continuous,A,215,25,2150.0,2808.3454047403857,2862.371666281731,2862.371666281731,2898.3784044080007,658.3454047403857,658.3454047403857,0.0,658.3454047403857,2808.3454047403857,2838.3454047403857,2888.3784044080007,3078.3784044080007,300.0,1592.4281379485524,0.0,0,0,0,0
S3,continuous,A,216,58,2160.0,2160.0,2213.293701022745,3856.8242810760858,3898.583116523754,0.0,0.0,1643.5305800533406,1643.5305800533406,2160.0,2190.0,3888.583116523754,4078.583116523754,300.0,2497.4385092240464,0.0,3,3,0,0
S3,continuous,A,217,59,2170.0,2721.2223840330316,2792.032388192854,4046.8242810760858,4088.583116523754,551.2223840330316,551.2223840330316,1254.7918928832319,1806.0142769162635,2721.2223840330316,2751.2223840330316,4078.583116523754,4268.583116523754,300.0,1761.1765167583817,0.0,0,0,0,0
S3,continuous,A,218,127,2180.0,3370.296166797749,3409.408536426039,4236.824281076086,4278.583116523754,1190.2961667977488,1190.2961667977488,827.4157446500467,2017.7119114477955,3370.296166797749,3400.296166797749,4268.583116523754,4458.583116523754,300.0,1248.4998637603442,0.0,2,2,0,0
S3,continuous,A,219,31,2190.0,3231.9143445610816,3301.5233969827386,3301.5233969827386,3352.9009851633027,1041.9143445610816,1041.9143445610816,0.0,1041.9143445610816,3231.9143445610816,3261.9143445610816,3342.9009851633027,3532.9009851633027,300.0,1735.349566504618,0.0,0,0,0,0
S3,continuous,A,220,115,2200.0,2397.9703670075087,2452.8529037665085,4477.137490408315,4478.159909186018,197.97036700750868,197.97036700750868,2024.2845866418065,2222.254953649315,2397.9703670075087,2427.9703670075087,4477.137490408315,4667.137490408315,300.0,1900.380477974811,0.0,3,3,0,0
S3,continuous,A,221,128,2210.0,3051.5262934105995,3101.470786190424,4667.137490408315,4668.159909186018,841.5262934105995,841.5262934105995,1565.666704217891,2407.1929976284905,3051.5262934105995,3081.5262934105995,4667.137490408315,4857.137490408315,300.0,823.2845410548605,0.0,2,2,0,0
S3,continuous,A,222,99,2220.0,2220.0,2263.606570804681,3946.657210336139,3949.9601920133823,0.0,0.0,1683.0506395314583,1683.0506395314583,2220.0,2250.0,3946.657210336139,4136.6572103361395,300.0,1664.6013990130564,0.0,3,3,0,0
S3,continuous,A,223,136,2230.0,3400.296166797749,3444.2123319783805,3444.2123319783805,3485.743914310319,1170.2961667977488,1170.2961667977488,0.0,1170.2961667977488,3400.296166797749,3430.296166797749,3475.743914310319,3665.743914310319,300.0,1567.6166350044552,0.0,3,3,0,0
S3,continuous,A,224,132,2240.0,2751.2223840330316,2823.4513312424156,4857.137490408315,4858.159909186018,511.22238403303163,511.22238403303163,2033.6861591658994,2544.908543198931,2751.2223840330316,2781.2223840330316,4857.137490408315,5047.137490408315,300.0,1652.0906367126645,0.0,0,0,0,0
S3,continuous,A,225,85,2250.0,2838.3454047403857,2914.637491800235,3414.8726161702243,3440.296166797749,588.3454047403857,588.3454047403857,500.23512436998953,1088.5805291103752,2838.3454047403857,2868.3454047403857,3430.296166797749,3620.296166797749,300.0,3023.900568355086,0.0,3,3,0,0
S3,continuous,A,226,7,2260.0,3081.5262934105995,3144.874069914843,3144.874069914843,3198.6338506515217,821.5262934105995,821.5262934105995,0.0,821.5262934105995,3081.5262934105995,3111.5262934105995,3188.6338506515217,3378.6338506515217,300.0,1980.5235991443462,0.0,2,2,0,0
S3,continuous,A,227,38,2270.0,3261.9143445610816,3336.3036714898944,3336.3036714898944,3375.3152594283156,991.9143445610816,991.9143445610816,0.0,991.9143445610816,3261.9143445610816,3291.9143445610816,3365.3152594283156,3555.3152594283156,300.0,1992.2045324376033,0.0,0,0,0,0
S3,continuous,A,228,121,2280.0,2280.0,2328.999226733087,3045.9500684088193,3084.9616563472405,0.0,0.0,716.9508416757321,716.9508416757321,2280.0,2310.0,3074.9616563472405,3264.9616563472405,300.0,1241.2575374446203,0.0,0,0,0,0
S3,continuous,A,229,64,2290.0,2428.982283916236,2467.815954271087,2632.517158230448,2648.979481044926,138.98228391623616,138.98228391623616,164.701203959361,303.68348787559717,2428.982283916236,2458.982283916236,2638.979481044926,2828.979481044926,300.0,1176.5048531611737,0.0,0,0,0,0
S3,continuous,A,230,24,2300.0,2300.0,2340.9371230270913,2822.517158230448,2838.979481044926,0.0,0.0,481.5800352033566,481.5800352033566,2300.0,2330.0,2828.979481044926,3018.979481044926,300.0,2733.283687245622,0.0,5,5,0,0
S3,continuous,A,231,45,2310.0,3291.9143445610816,3348.1816392813234,3348.1816392813234,3368.5981511140567,981.9143445610816,981.9143445610816,0.0,981.9143445610816,3291.9143445610816,3321.9143445610816,3358.5981511140567,3548.5981511140567,300.0,691.0936713377656,0.0,0,0,0,0
S3,continuous,A,232,118,2320.0,2779.901795063743,2848.1330107350436,2848.1330107350436,2899.5105989156077,459.90179506374307,459.90179506374307,0.0,459.90179506374307,2779.901795063743,2809.901795063743,2889.5105989156077,3079.5105989156077,300.0,1490.4491735610159,0.0,1,1,0,0
S3,continuous,A,233,60,2330.0,2493.655969853791,2531.1702775368635,3005.689825995977,3043.742496485512,163.6559698537908,163.6559698537908,474.5195484591136,638.1755183129044,2493.655969853791,2523.655969853791,3033.742496485512,3223.742496485512,300.0,1415.9480662309743,0.0,0,0,0,0
S3,continuous,A,234,138,2340.0,2340.0,2383.606570804681,4136.6572103361395,4139.960192013383,0.0,0.0,1753.0506395314587,1753.0506395314587,2340.0,2370.0,4136.6572103361395,4326.6572103361395,300.0,1664.6013990130564,0.0,3,3,0,0
S3,continuous,A,235,140,2350.0,3018.979481044926,3052.8716844017,3174.1634893790197,3215.695071710958,668.9794810449262,668.9794810449262,121.29180497731977,790.2712860222459,3018.979481044926,3048.979481044926,3205.695071710958,3395.695071710958,300.0,1451.9615618851035,0.0,1,1,0,0
S3,continuous,A,236,52,2360.0,3223.742496485512,3290.1056713357807,3538.1816392813234,3558.5981511140567,863.7424964855122,863.7424964855122,248.07596794554274,1111.818464431055,3223.742496485512,3253.742496485512,3548.5981511140567,3738.5981511140567,300.0,2179.712868993557,0.0,1,1,0,0
S3,continuous,A,237,82,2370.0,2370.0,2435.9611478191705,2663.2044203089713,2683.7060808959545,0.0,0.0,227.2432724898008,227.2432724898008,2370.0,2400.0,2673.7060808959545,2863.7060808959545,300.0,2279.5026397596585,0.0,1,1,0,0
S3,continuous,A,238,32,2380.0,2380.0,2429.708837543984,5047.137490408315,5048.159909186018,0.0,0.0,2617.428652864331,2617.428652864331,2380.0,2410.0,5047.137490408315,5237.137490408315,300.0,2054.7655272901334,0.0,3,3,0,0
S3,continuous,A,239,96,2390.0,3111.5262934105995,3182.8423292467783,3224.9832220653866,3260.4862975589945,721.5262934105995,721.5262934105995,42.140892818608336,763.6671862292078,3111.5262934105995,3141.5262934105995,3250.4862975589945,3440.4862975589945,300.0,2420.4573617246606,0.0,2,2,0,0
S3,continuous,A,240,0,2400.0,3048.979481044926,3095.394772426106,4426.824281076086,4468.583116523754,648.9794810449262,648.9794810449262,1331.4295086499797,1980.4089896949058,3048.979481044926,3078.979481044926,4458.583116523754,4648.583116523754,300.0,2287.97036242417,0.0,2,2,0,0
S3,continuous,A,241,72,2410.0,2410.0,2464.529924174007,3414.9832220653866,3450.4862975589945,0.0,0.0,950.4532978913794,950.4532978913794,2410.0,2440.0,3440.4862975589945,3630.4862975589945,300.0,1592.4281379485524,0.0,0,0,0,0
S3,continuous,A,242,117,2420.0,4326.6572103361395,4355.95006840882,4355.95006840882,4394.961656347241,1906.6572103361395,1906.6572103361395,0.0,1906.6572103361395,4326.6572103361395,4356.6572103361395,4384.961656347241,4574.961656347241,300.0,1944.23127444079,0.0,0,0,0,0
S3,continuous,A,243,100,2430.0,2647.2739637141385,2712.904944103505,3035.394236786688,3036.661849683437,217.27396371413852,217.27396371413852,322.48929268318307,539.7632563973216,2647.2739637141385,2677.2739637141385,3035.394236786688,3225.394236786688,300.0,1820.622513305298,0.0,2,2,0,0
S3,continuous,A,244,149,2440.0,3321.9143445610816,3395.475258880555,4616.824281076086,4658.583116523754,881.9143445610816,881.9143445610816,1221.3490221955308,2103.2633667566124,3321.9143445610816,3351.9143445610816,4648.583116523754,4838.583116523754,300.0,1950.713262694554,0.0,1,1,0,0
S3,continuous,A,245,29,2450.0,2488.653544425541,2549.8447958524675,3038.1330107350436,3089.5105989156077,38.653544425540986,38.653544425540986,488.2882148825761,526.9417593081171,2488.653544425541,2518.653544425541,3079.5105989156077,3269.5105989156077,300.0,1761.1765167583817,0.0,0,0,0,0
S3,continuous,A,246,130,2460.0,2577.283680495069,2630.367598958492,2630.367598958492,2666.374337084762,117.2836804950689,117.2836804950689,0.0,117.2836804950689,2577.283680495069,2607.283680495069,2656.374337084762,2846.374337084762,300.0,2459.9433585076813,0.0,1,1,0,0
S3,continuous,A,247,23,2470.0,3078.979481044926,3098.857574214227,3334.874069914843,3388.6338506515217,608.9794810449262,608.9794810449262,236.0164957006159,844.9959767455421,3078.979481044926,3108.979481044926,3378.6338506515217,3568.6338506515217,300.0,578.8285414106124,0.0,0,0,0,0
S3,continuous,A,248,122,2480.0,3141.5262934105995,3208.45593581148,3324.107616923038,3348.346289105221,661.5262934105995,661.5262934105995,115.65168111155845,777.1779745221579,3141.5262934105995,3171.5262934105995,3338.346289105221,3528.346289105221,300.0,2071.709116147636,0.0,2,2,0,0
S3,continuous,A,249,125,2490.0,2607.283680495069,2637.9986037148396,3001.485472856866,3030.0838631246556,117.2836804950689,117.2836804950689,363.48686914202653,480.7705496370954,2607.283680495069,2637.283680495069,3020.0838631246556,3210.0838631246556,300.0,931.63526963844,0.0,1,1,0,0
S3,continuous,A,250,39,2500.0,2500.0,2566.683626034501,2566.683626034501,2595.2820163022902,0.0,0.0,0.0,0.0,2500.0,2530.0,2585.2820163022902,2775.2820163022902,300.0,2368.1515025190465,0.0,1,1,0,0
S3,continuous,A,251,47,2510.0,2629.373008874676,2649.230417707022,3225.689825995977,3263.742496485512,119.37300887467609,119.37300887467609,576.4594082889553,695.8324171636314,2629.373008874676,2659.373008874676,3253.742496485512,3443.742496485512,300.0,1435.9211459711858,0.0,2,2,0,0
S3,continuous,A,252,14,2520.0,3351.9143445610816,3434.2969187594267,3434.2969187594267,3472.349589248962,831.9143445610816,831.9143445610816,0.0,831.9143445610816,3351.9143445610816,3381.9143445610816,3462.349589248962,3652.349589248962,300.0,2520.2930964953343,0.0,2,2,0,0
S3,continuous,A,253,13,2530.0,3620.296166797749,3683.98735318528,3683.98735318528,3719.9940913115497,1090.2961667977488,1090.2961667977488,0.0,1090.2961667977488,3620.296166797749,3650.296166797749,3709.9940913115497,3899.9940913115497,300.0,2858.327161102739,0.0,5,5,0,0
S3,continuous,A,254,124,2540.0,3652.349589248962,3721.5068576799445,3750.636368304184,3801.9143445610816,1112.3495892489618,1112.3495892489618,29.12951062423963,1141.4790998732014,3652.349589248962,3682.349589248962,3791.9143445610816,3981.9143445610816,300.0,2520.2930964953343,0.0,2,2,0,0
S3,continuous,A,255,134,2550.0,3381.9143445610816,3453.868497108781,4356.6572103361395,4359.960192013383,831.9143445610816,831.9143445610816,902.7887132273586,1734.7030577884402,3381.9143445610816,3411.9143445610816,4356.6572103361395,4546.6572103361395,300.0,1651.3165423908276,0.0,3,3,0,0
S3,continuous,A,256,83,2560.0,3682.349589248962,3748.605251883707,3748.605251883707,3769.10691247069,1122.3495892489618,1122.3495892489618,0.0,1122.3495892489618,3682.349589248962,3712.349589248962,3759.10691247069,3949.10691247069,300.0,2172.9711317299298,0.0,1,1,0,0
S3,continuous,A,257,51,2570.0,2637.283680495069,2667.9986037148396,3191.485472856866,3220.0838631246556,67.2836804950689,67.2836804950689,523.4868691420265,590.7705496370954,2637.283680495069,2667.283680495069,3210.0838631246556,3400.0838631246556,300.0,931.63526963844,0.0,1,1,0,0
S3,continuous,A,258,21,2580.0,4838.583116523754,4893.188639559189,4893.188639559189,4934.720221891127,2258.583116523754,2258.583116523754,0.0,2258.583116523754,4838.583116523754,4868.583116523754,4924.720221891127,5114.720221891127,300.0,1272.8979280824635,0.0,1,1,0,0
S3,continuous,A,259,69,2590.0,2999.901795063743,3095.667560086757,3225.394236786688,3226.661849683437,409.90179506374307,409.90179506374307,129.72667669993098,539.628471763674,2999.901795063743,3029.901795063743,3225.394236786688,3415.394236786688,300.0,3075.5359205894943,0.0,1,1,0,0
S3,continuous,A,260,137,2600.0,2600.0,2642.554061297014,3684.2969187594267,3722.349589248962,0.0,0.0,1041.7428574624128,1041.7428574624128,2600.0,2630.0,3712.349589248962,3902.349589248962,300.0,806.7852544619639,0.0,1,1,0,0
S3,continuous,A,261,84,2610.0,3171.5262934105995,3238.7030378748386,3874.2969187594267,3912.349589248962,561.5262934105995,561.5262934105995,635.5938808845881,1197.1201742951876,3171.5262934105995,3201.5262934105995,3902.349589248962,4092.349589248962,300.0,2157.2525785749926,0.0,1,1,0,0
S3,continuous,A,262,89,2620.0,4546.6572103361395,4584.758806724044,4584.758806724044,4620.765544850314,1926.6572103361395,1926.6572103361395,0.0,1926.6572103361395,4546.6572103361395,4576.6572103361395,4610.765544850314,4800.765544850314,300.0,2516.4562463949933,0.0,5,5,0,0
S3,continuous,A,263,110,2630.0,4092.349589248962,4161.506857679945,4161.506857679945,4212.784833936842,1462.3495892489618,1462.3495892489618,0.0,1462.3495892489618,4092.349589248962,4122.349589248962,4202.784833936842,4392.784833936842,300.0,2520.2930964953343,0.0,2,2,0,0
S3,continuous,A,264,68,2640.0,2677.2739637141385,2739.3074596246747,3524.874069914843,3578.6338506515217,37.27396371413852,37.27396371413852,785.5666102901682,822.8405740043067,2677.2739637141385,2707.2739637141385,3568.6338506515217,3758.6338506515217,300.0,1843.2510539162895,0.0,2,2,0,0
S3,continuous,A,265,42,2650.0,2650.0,2688.8742563863934,3634.2123319783805,3675.743914310319,0.0,0.0,945.338075591987,945.338075591987,2650.0,2680.0,3665.743914310319,3855.743914310319,300.0,1524.005872331035,0.0,1,1,0,0
S3,continuous,A,266,101,2660.0,3411.9143445610816,3502.6404932788123,3502.6404932788123,3503.9081061755614,751.9143445610816,751.9143445610816,0.0,751.9143445610816,3411.9143445610816,3441.9143445610816,3502.6404932788123,3692.6404932788123,300.0,2892.6061098237788,0.0,3,3,0,0
S3,continuous,A,267,105,2670.0,2670.0,2701.5325639307434,5237.137490408315,5238.159909186018,0.0,0.0,2535.6049264775716,2535.6049264775716,2670.0,2700.0,5237.137490408315,5427.137490408315,300.0,2029.11356063856,0.0,0,0,0,0
S3,continuous,A,268,41,2680.0,3062.1009029997804,3117.4262594060788,4576.6572103361395,4579.960192013383,382.1009029997804,382.1009029997804,1459.2309509300608,1841.3318539298411,3062.1009029997804,3092.1009029997804,4576.6572103361395,4766.6572103361395,300.0,2440.602932608804,0.0,6,6,0,0
S3,continuous,A,269,102,2690.0,2707.2739637141385,2765.6942617886625,3940.636368304184,3991.9143445610816,17.273963714138517,17.273963714138517,1174.9421065155216,1192.21607022966,2707.2739637141385,2737.2739637141385,3981.9143445610816,4171.914344561082,300.0,1589.9621757832235,0.0,2,2,0,0
S3,continuous,A,270,141,2700.0,3264.9616563472405,3331.354939757301,3634.8726161702243,3660.296166797749,564.9616563472405,564.9616563472405,303.51767641292327,868.4793327601637,3264.9616563472405,3294.9616563472405,3650.296166797749,3840.296166797749,300.0,2147.6220576057044,0.0,3,3,0,0
S3,continuous,A,271,106,2710.0,2710.0,2745.4939147351306,3824.2123319783805,3865.743914310319,0.0,0.0,1078.7184172432499,1078.7184172432499,2710.0,2740.0,3855.743914310319,4045.743914310319,300.0,1314.9006643165274,0.0,0,0,0,0
S3,continuous,A,272,6,2720.0,2737.2739637141385,2785.432619735265,3491.5233969827386,3542.9009851633027,17.273963714138517,17.273963714138517,706.0907772474739,723.3647409616124,2737.2739637141385,2767.2739637141385,3532.9009851633027,3722.9009851633027,300.0,906.3507651750326,0.0,0,0,0,0
S3,continuous,A,273,107,2730.0,3630.4862975589945,3683.03612366394,3938.605251883707,3959.10691247069,900.4862975589945,900.4862975589945,255.56912821976675,1156.0554257787612,3630.4862975589945,3660.4862975589945,3949.10691247069,4139.10691247069,300.0,1416.473721158818,0.0,1,1,0,0
S3,continuous,A,274,139,2740.0,2846.374337084762,2907.729658191673,3102.517158230448,3118.979481044926,106.37433708476192,106.37433708476192,194.78750003877485,301.16183712353677,2846.374337084762,2876.374337084762,3108.979481044926,3298.979481044926,300.0,1952.2508367464982,0.0,0,0,0,0
S3,continuous,A,275,129,2750.0,2750.0,2790.9371230270913,3292.517158230448,3308.979481044926,0.0,0.0,501.5800352033566,501.5800352033566,2750.0,2780.0,3298.979481044926,3488.979481044926,300.0,2733.283687245622,0.0,5,5,0,0
S3,continuous,A,276,40,2760.0,4122.349589248962,4178.9920556740935,4178.9920556740935,4180.259668570843,1362.3495892489618,1362.3495892489618,0.0,1362.3495892489618,4122.349589248962,4152.349589248962,4178.9920556740935,4368.9920556740935,300.0,1435.9211459711858,0.0,2,2,0,0
S3,continuous,A,277,9,2770.0,2852.6946079936624,2896.027019700249,3081.599242412797,3102.1009029997804,82.69460799366243,82.69460799366243,185.57222271254795,268.2668307062104,2852.6946079936624,2882.6946079936624,3092.1009029997804,3282.1009029997804,300.0,1496.6176321394278,0.0,1,1,0,0
S3,continuous,A,278,76,2780.0,5427.137490408315,5465.972382257052,5465.972382257052,5501.47545775066,2647.137490408315,2647.137490408315,0.0,2647.137490408315,5427.137490408315,5457.137490408315,5491.47545775066,5681.47545775066,300.0,2703.4590094254872,0.0,2,2,0,0
S3,continuous,A,279,73,2790.0,3294.9616563472405,3358.126248722918,5457.137490408315,5458.159909186018,504.9616563472405,504.9616563472405,2099.011241685397,2603.9728980326377,3294.9616563472405,3324.9616563472405,5457.137490408315,5647.137490408315,300.0,1810.3703293977135,0.0,2,2,0,0
S3,continuous,A,280,34,2800.0,3660.4862975589945,3736.7783846188436,3824.8726161702243,3850.296166797749,860.4862975589945,860.4862975589945,88.09423155138074,948.5805291103752,3660.4862975589945,3690.4862975589945,3840.296166797749,4030.296166797749,300.0,3023.900568355086,0.0,3,3,0,0
S3,continuous,A,281,142,2810.0,3029.901795063743,3104.1634893790197,4014.2123319783805,4055.743914310319,219.90179506374307,219.90179506374307,910.0488425993608,1129.9506376631039,3029.901795063743,3059.901795063743,4045.743914310319,4235.743914310318,300.0,1843.2510539162895,0.0,2,2,0,0
S3,continuous,A,282,33,2820.0,3690.4862975589945,3737.97919683638,3737.97919683638,3791.738977573059,870.4862975589945,870.4862975589945,0.0,870.4862975589945,3690.4862975589945,3720.4862975589945,3781.738977573059,3971.738977573059,300.0,1245.6358667366299,0.0,0,0,0,0
S3,continuous,A,283,65,2830.0,3720.4862975589945,3761.491859534905,3761.491859534905,3782.1718995093083,890.4862975589945,890.4862975589945,0.0,890.4862975589945,3720.4862975589945,3750.4862975589945,3772.1718995093083,3962.1718995093083,300.0,647.7480094935643,0.0,0,0,0,0
S3,continuous,A,284,28,2840.0,4152.349589248962,4205.021350202432,4205.021350202432,4246.55293253437,1312.3495892489618,1312.3495892489618,0.0,1312.3495892489618,4152.349589248962,4182.349589248962,4236.55293253437,4426.55293253437,300.0,1372.5272950362955,0.0,1,1,0,0
S3,continuous,A,285,53,2850.0,3488.979481044926,3524.367385267156,4351.506857679944,4402.784833936841,638.9794810449262,638.9794810449262,827.1394724127886,1466.1189534577147,3488.979481044926,3518.979481044926,4392.784833936842,4582.784833936842,300.0,1600.4069225403107,0.0,2,2,0,0
S3,continuous,A,286,74,2860.0,4182.349589248962,4249.141222490075,5647.137490408315,5648.159909186018,1322.3495892489618,1322.3495892489618,1397.99626791824,2720.3458571672018,4182.349589248962,4212.349589248962,5647.137490408315,5837.137490408315,300.0,2111.306296441388,0.0,3,3,0,0
S3,continuous,A,287,44,2870.0,3078.3784044080007,3132.2385472272827,3681.5233969827386,3732.9009851633027,208.37840440800073,208.37840440800073,549.284849755456,757.6632541634567,3078.3784044080007,3108.3784044080007,3722.9009851633027,3912.9009851633027,300.0,1627.1486110683186,0.0,0,0,0,0
S3,continuous,A,288,92,2880.0,4030.296166797749,4093.98735318528,4093.98735318528,4129.99409131155,1150.2961667977488,1150.2961667977488,0.0,1150.2961667977488,4030.296166797749,4060.296166797749,4119.99409131155,4309.99409131155,300.0,2858.327161102739,0.0,5,5,0,0
S3,continuous,A,289,43,2890.0,3750.4862975589945,3809.6780032576316,4395.021350202431,4436.552932534369,860.4862975589945,860.4862975589945,585.3433469447996,1445.829644503794,3750.4862975589945,3780.4862975589945,4426.55293253437,4616.55293253437,300.0,1964.415302796338,0.0,1,1,0,0
S3,continuous,A,290,12,2900.0,3201.5262934105995,3267.6636128676832,3267.6636128676832,3288.3436528420866,301.52629341059946,301.52629341059946,0.0,301.52629341059946,3201.5262934105995,3231.5262934105995,3278.3436528420866,3468.3436528420866,300.0,2001.0944255223096,0.0,1,1,0,0
S3,continuous,A,291,103,2910.0,4212.349589248962,4256.949582909241,4283.98735318528,4319.99409131155,1302.3495892489618,1302.3495892489618,27.037770276038827,1329.3873595250006,4212.349589248962,4242.349589248962,4309.99409131155,4499.99409131155,300.0,806.7852544619639,0.0,1,1,0,0
S3,continuous,A,292,118,2920.0,4766.6572103361395,4798.229092305751,4798.229092305751,4836.281762795286,1846.6572103361395,1846.6572103361395,0.0,1846.6572103361395,4766.6572103361395,4796.6572103361395,4826.281762795286,5016.281762795286,300.0,2091.371613658411,0.0,4,4,0,0
S3,continuous,A,293,111,2930.0,3780.4862975589945,3857.0032778248,4796.6572103361395,4799.960192013383,850.4862975589945,850.4862975589945,939.6539325113395,1790.140230070334,3780.4862975589945,3810.4862975589945,4796.6572103361395,4986.6572103361395,300.0,2928.2906040007842,0.0,2,2,0,0
S3,continuous,A,294,90,2940.0,2940.0,2982.8579405764203,2982.8579405764203,3003.5379805508237,0.0,0.0,0.0,0.0,2940.0,2970.0,2993.5379805508237,3183.5379805508237,300.0,1701.5780086148188,0.0,1,1,0,0
S3,continuous,A,295,35,2950.0,3231.5262934105995,3287.9246596701796,4986.6572103361395,4989.960192013383,281.52629341059946,281.52629341059946,1698.73255066596,1980.2588440765594,3231.5262934105995,3261.5262934105995,4986.6572103361395,5176.6572103361395,300.0,1264.9455875362642,0.0,3,3,0,0
S3,continuous,A,296,36,2960.0,4060.296166797749,4123.98735318528,4774.758806724044,4810.765544850314,1100.2961667977488,1100.2961667977488,650.771453538764,1751.0676203365128,4060.296166797749,4090.296166797749,4800.765544850314,4990.765544850314,300.0,2858.327161102739,0.0,5,5,0,0
S3,continuous,A,297,39,2970.0,3810.4862975589945,3863.03612366394,4128.605251883707,4149.10691247069,840.4862975589945,840.4862975589945,265.56912821976675,1106.0554257787612,3810.4862975589945,3840.4862975589945,4139.10691247069,4329.10691247069,300.0,1416.473721158818,0.0,1,1,0,0
S3,continuous,A,298,123,2980.0,5176.6572103361395,5214.7838878326975,5214.7838878326975,5235.285548419681,2196.6572103361395,2196.6572103361395,0.0,2196.6572103361395,5176.6572103361395,5206.6572103361395,5225.285548419681,5415.285548419681,300.0,2440.602932608804,0.0,6,6,0,0
S3,continuous,A,299,93,2990.0,3518.979481044926,3550.0853415234697,3550.0853415234697,3589.096929461891,528.9794810449262,528.9794810449262,0.0,528.9794810449262,3518.979481044926,3548.979481044926,3579.096929461891,3769.096929461891,300.0,1253.6053980355132,0.0,1,1,0,0
S3,continuous,A,300,112,3000.0,3282.1009029997804,3307.2209189262403,3542.517158230448,3558.979481044926,282.1009029997804,282.1009029997804,235.29623930420757,517.397142303988,3282.1009029997804,3312.1009029997804,3548.979481044926,3738.979481044926,300.0,492.71027297242307,0.0,0,0,0,0
S3,continuous,A,301,8,3010.0,4242.349589248962,4308.671160030865,5206.6572103361395,5209.960192013383,1232.3495892489618,1232.3495892489618,897.9860503052741,2130.335639554236,4242.349589248962,4272.349589248962,5206.6572103361395,5396.6572103361395,300.0,2091.371613658411,0.0,4,4,0,0
S3,continuous,A,302,66,3020.0,4090.296166797749,4139.67990549384,4139.67990549384,4191.057493674404,1070.2961667977488,1070.2961667977488,0.0,1070.2961667977488,4090.296166797749,4120.296166797749,4181.057493674404,4371.057493674404,300.0,1981.3515652782528,0.0,1,1,0,0
S3,continuous,A,303,133,3030.0,3840.4862975589945,3896.628315845096,4244.296918759426,4282.349589248962,810.4862975589945,810.4862975589945,347.6686029143307,1158.1549004733251,3840.4862975589945,3870.4862975589945,4272.349589248962,4462.349589248962,300.0,1743.7082494153096,0.0,0,0,0,0
S3,continuous,A,304,71,3040.0,3261.5262934105995,3327.6636128676832,3951.491859534905,3972.1718995093083,221.52629341059946,221.52629341059946,623.8282466672217,845.3545400778212,3261.5262934105995,3291.5262934105995,3962.1718995093083,4152.171899509309,300.0,2001.0944255223096,0.0,1,1,0,0
S3,continuous,A,305,144,3050.0,3050.0,3094.554154809021,3381.485472856866,3410.0838631246556,0.0,0.0,286.93131804784525,286.93131804784525,3050.0,3080.0,3400.0838631246556,3590.0838631246556,300.0,1618.550820705739,0.0,0,0,0,0
S3,continuous,A,306,18,3060.0,3395.695071710958,3455.4208704548864,4141.491859534905,4162.171899509309,335.695071710958,335.695071710958,686.070989080019,1021.766060790977,3395.695071710958,3425.695071710958,4152.171899509309,4342.171899509309,300.0,1524.005872331035,0.0,1,1,0,0
S3,continuous,A,307,1,3070.0,4120.296166797749,4156.954439680378,4156.954439680378,4197.680824623437,1050.2961667977488,1050.2961667977488,0.0,1050.2961667977488,4120.296166797749,4150.296166797749,4187.680824623437,4377.680824623437,300.0,1079.731161526543,0.0,1,1,0,0
S3,continuous,A,308,109,3080.0,3269.5105989156077,3341.7395461249916,5837.137490408315,5838.159909186018,189.51059891560772,189.51059891560772,2495.3979442833233,2684.908543198931,3269.5105989156077,3299.5105989156077,5837.137490408315,6027.137490408315,300.0,1652.0906367126645,0.0,0,0,0,0
S3,continuous,A,309,27,3090.0,3590.0838631246556,3646.9861122873717,4134.872616170224,4160.296166797749,500.08386312465564,500.08386312465564,487.8865038828526,987.9703670075082,3590.0838631246556,3620.0838631246556,4150.296166797749,4340.296166797749,300.0,2157.0336308050128,0.0,2,2,0,0
S3,continuous,A,310,78,3100.0,3108.3784044080007,3167.2061567042374,3692.6404932788123,3693.9081061755614,8.378404408000733,8.378404408000733,525.4343365745749,533.8127409825756,3108.3784044080007,3138.3784044080007,3692.6404932788123,3882.6404932788123,300.0,1707.7726997795562,0.0,3,3,0,0
S3,continuous,A,311,100,3110.0,3738.979481044926,3788.245366527449,5396.6572103361395,5399.960192013383,628.9794810449262,628.9794810449262,1608.4118438086907,2237.391324853617,3738.979481044926,3768.979481044926,5396.6572103361395,5586.6572103361395,300.0,2285.7307003282313,0.0,1,1,0,0
S3,continuous,A,312,49,3120.0,3324.9616563472405,3376.965732892479,3376.965732892479,3412.972471018749,204.96165634724048,204.96165634724048,0.0,204.96165634724048,3324.9616563472405,3354.9616563472405,3402.972471018749,3592.972471018749,300.0,1241.2575374446205,0.0,0,0,0,0
S3,continuous,A,313,95,3130.0,3291.5262934105995,3364.13365659044,3873.98735318528,3909.9940913115497,161.52629341059946,161.52629341059946,509.85369659484013,671.3799900054396,3291.5262934105995,3321.5262934105995,3899.9940913115497,4089.9940913115497,300.0,2509.0641644654156,0.0,2,2,0,0
S3,continuous,A,314,48,3140.0,3769.096929461891,3822.752055064377,3822.752055064377,3839.2143778788554,629.0969294618908,629.0969294618908,0.0,629.0969294618908,3769.096929461891,3799.096929461891,3829.2143778788554,4019.2143778788554,300.0,1253.6053980355134,0.0,1,1,0,0
S3,continuous,A,315,98,3150.0,3321.5262934105995,3369.780988829471,3728.1816392813234,3748.5981511140567,171.52629341059946,171.52629341059946,358.40065045185247,529.9269438624519,3321.5262934105995,3351.5262934105995,3738.5981511140567,3928.5981511140567,300.0,807.6018489331556,0.0,1,1,0,0
S3,continuous,A,316,37,3160.0,3971.738977573059,4037.4885820935156,4037.4885820935156,4072.9916575871234,811.738977573059,811.738977573059,0.0,811.738977573059,3971.738977573059,4001.738977573059,4062.9916575871234,4252.991657587123,300.0,1245.6358667366299,0.0,0,0,0,0
S3,continuous,A,317,10,3170.0,3620.0838631246556,3656.5061504488895,3957.97919683638,4011.738977573059,450.08386312465564,450.08386312465564,301.47304638749074,751.5569095121464,3620.0838631246556,3650.0838631246556,4001.738977573059,4191.738977573059,300.0,933.3839921186195,0.0,1,1,0,0
S3,continuous,A,318,61,3180.0,3299.5105989156077,3365.855526833867,3365.855526833867,3406.5819117769256,119.51059891560772,119.51059891560772,0.0,119.51059891560772,3299.5105989156077,3329.5105989156077,3396.5819117769256,3586.5819117769256,300.0,1458.3425147977969,0.0,2,2,0,0
S3,continuous,A,319,126,3190.0,3441.9143445610816,3520.2808960823972,4331.491859534905,4352.171899509309,251.91434456108163,251.91434456108163,811.2109634525082,1063.1253080135898,3441.9143445610816,3471.9143445610816,4342.171899509309,4532.171899509309,300.0,2165.695098784365,0.0,0,0,0,0
S3,continuous,A,320,24,3200.0,3870.4862975589945,3932.9600332578716,3932.9600332578716,3953.376545090605,670.4862975589945,670.4862975589945,0.0,670.4862975589945,3870.4862975589945,3900.4862975589945,3943.376545090605,4133.376545090605,300.0,2077.6419503163324,0.0,4,4,0,0
S3,continuous,A,321,130,3210.0,4868.583116523754,4931.757957676881,4988.229092305751,5026.281762795286,1658.5831165237541,1658.5831165237541,56.47113462886955,1715.0542511526237,4868.583116523754,4898.583116523754,5016.281762795286,5206.281762795286,300.0,1826.7912433832378,0.0,1,1,0,0
S3,continuous,A,322,55,3220.0,5586.6572103361395,5605.632173329904,5605.632173329904,5646.358558272963,2366.6572103361395,2366.6572103361395,0.0,2366.6572103361395,5586.6572103361395,5616.6572103361395,5636.358558272963,5826.358558272963,300.0,1264.9455875362642,0.0,3,3,0,0
S3,continuous,A,323,19,3230.0,3471.9143445610816,3545.218462957922,4147.979196836381,4201.73897757306,241.91434456108163,241.91434456108163,602.7607338784583,844.6750784395399,3471.9143445610816,3501.9143445610816,4191.738977573059,4381.738977573059,300.0,1993.5982609640687,0.0,2,2,0,0
S3,continuous,A,324,51,3240.0,3650.0838631246556,3686.5061504488895,4337.979196836381,4391.73897757306,410.08386312465564,410.08386312465564,651.4730463874907,1061.5569095121464,3650.0838631246556,3680.0838631246556,4381.738977573059,4571.738977573059,300.0,933.3839921186195,0.0,1,1,0,0
S3,continuous,A,325,88,3250.0,3425.695071710958,3484.574695200644,5616.6572103361395,5619.960192013383,175.69507171095802,175.69507171095802,2132.0825151354957,2307.7775868464537,3425.695071710958,3455.695071710958,5616.6572103361395,5806.6572103361395,300.0,1380.7088972290849,0.0,1,1,0,0
S3,continuous,A,326,80,3260.0,4462.349589248962,4531.506857679945,4541.506857679945,4592.784833936842,1202.3495892489618,1202.3495892489618,10.0,1212.3495892489618,4462.349589248962,4492.349589248962,4582.784833936842,4772.784833936842,300.0,2520.2930964953343,0.0,2,2,0,0
S3,continuous,A,327,4,3270.0,3415.394236786688,3460.4645254060856,3460.4645254060856,3480.966185993069,145.394236786688,145.394236786688,0.0,145.394236786688,3415.394236786688,3445.394236786688,3470.966185993069,3660.966185993069,300.0,3029.0247489285657,0.0,4,4,0,0
S3,continuous,A,328,140,3280.0,4898.583116523754,4947.56900473769,5806.6572103361395,5809.960192013383,1618.5831165237541,1618.5831165237541,859.0882055984493,2477.6713221222035,4898.583116523754,4928.583116523754,5806.6572103361395,5996.6572103361395,300.0,707.112603375729,0.0,1,1,0,0
S3,continuous,A,329,69,3290.0,3768.979481044926,3797.1928293131723,3871.5233969827386,3922.9009851633027,478.97948104492616,478.97948104492616,74.33056766956634,553.3100487144925,3768.979481044926,3798.979481044926,3912.9009851633027,4102.900985163303,300.0,1122.6012518930768,0.0,1,1,0,0
S3,continuous,A,330,147,3300.0,3528.346289105221,3581.4692035176486,4731.506857679944,4782.784833936841,228.34628910522088,228.34628910522088,1150.037654162296,1378.3839432675168,3528.346289105221,3558.346289105221,4772.784833936842,4962.784833936842,300.0,2303.1993908783975,0.0,1,1,0,0
S3,continuous,A,331,63,3310.0,3445.394236786688,3488.6678339697723,4527.979196836381,4581.73897757306,135.394236786688,135.394236786688,1039.3113628666079,1174.7055996532958,3445.394236786688,3475.394236786688,4571.738977573059,4761.738977573059,300.0,3075.5359205894943,0.0,1,1,0,0
S3,continuous,A,332,47,3320.0,3882.6404932788123,3906.7291203455284,4964.758806724044,5000.765544850314,562.6404932788123,562.6404932788123,1058.0296863785156,1620.670179657328,3882.6404932788123,3912.6404932788123,4990.765544850314,5180.765544850314,300.0,1707.7726997795562,0.0,3,3,0,0
S3,continuous,A,333,86,3330.0,3680.0838631246556,3736.9861122873717,4324.872616170224,4350.296166797749,350.08386312465564,350.08386312465564,587.8865038828526,937.9703670075082,3680.0838631246556,3710.0838631246556,4340.296166797749,4530.296166797749,300.0,2157.0336308050128,0.0,2,2,0,0
S3,continuous,A,334,121,3340.0,4616.55293253437,4669.947765792396,4669.947765792396,4710.674150735455,1276.5529325343696,1276.5529325343696,0.0,1276.5529325343696,4616.55293253437,4646.55293253437,4700.674150735455,4890.674150735455,300.0,1202.1732314475685,0.0,0,0,0,0
S3,continuous,A,335,120,3350.0,4761.738977573059,4846.772079270788,6027.137490408315,6028.159909186018,1411.738977573059,1411.738977573059,1180.3654111375272,2592.104388710586,4761.738977573059,4791.738977573059,6027.137490408315,6217.137490408315,300.0,2358.7990616418833,0.0,1,1,0,0
S3,continuous,A,336,9,3360.0,3900.4862975589945,3949.69951682643,4012.752055064377,4029.2143778788554,540.4862975589945,540.4862975589945,63.05253823794692,603.5388357969414,3900.4862975589945,3930.4862975589945,4019.2143778788554,4209.214377878856,300.0,1173.8365764622895,0.0,0,0,0,0
S3,continuous,A,337,119,3370.0,4791.738977573059,4876.772079270788,6217.137490408315,6218.159909186018,1421.738977573059,1421.738977573059,1340.3654111375272,2762.104388710586,4791.738977573059,4821.738977573059,6217.137490408315,6407.137490408315,300.0,2358.7990616418833,0.0,1,1,0,0
S3,continuous,A,338,94,3380.0,3798.979481044926,3845.394772426106,4896.824281076086,4938.583116523754,418.97948104492616,418.97948104492616,1051.4295086499797,1470.4089896949058,3798.979481044926,3828.979481044926,4928.583116523754,5118.583116523754,300.0,2287.97036242417,0.0,2,2,0,0
S3,continuous,A,339,3,3390.0,5118.583116523754,5193.133992407184,5404.7838878326975,5425.285548419681,1728.5831165237541,1728.5831165237541,211.64989542551302,1940.2330119492672,5118.583116523754,5148.583116523754,5415.285548419681,5605.285548419681,300.0,2497.4385092240464,0.0,3,3,0,0
S3,continuous,A,340,97,3400.0,4209.214377878856,4240.271698866002,4240.271698866002,4264.510371048184,809.2143778788559,809.2143778788559,0.0,809.2143778788559,4209.214377878856,4239.214377878856,4254.510371048184,4444.510371048184,300.0,1176.5048531611737,0.0,0,0,0,0
S3,continuous,A,341,116,3410.0,4102.900985163303,4169.275797652586,4169.275797652586,4197.874187920375,692.9009851633027,692.9009851633027,0.0,692.9009851633027,4102.900985163303,4132.900985163303,4187.874187920375,4377.874187920375,300.0,1399.694846156411,0.0,1,1,0,0
S3,continuous,A,342,104,3420.0,4492.349589248962,4561.506857679945,4921.506857679945,4972.784833936842,1072.3495892489618,1072.3495892489618,360.0,1432.3495892489618,4492.349589248962,4522.349589248962,4962.784833936842,5152.784833936842,300.0,2520.2930964953343,0.0,2,2,0,0
S3,continuous,A,343,125,3430.0,3430.0,3455.12001592646,4232.752055064378,4249.214377878856,0.0,0.0,777.6320391379177,777.6320391379177,3430.0,3460.0,4239.214377878856,4429.214377878856,300.0,492.71027297242307,0.0,0,0,0,0
S3,continuous,A,344,49,3440.0,3930.4862975589945,3979.69951682643,4422.752055064378,4439.214377878856,490.48629755899447,490.48629755899447,443.0525382379474,933.5388357969418,3930.4862975589945,3960.4862975589945,4429.214377878856,4619.214377878856,300.0,1173.8365764622895,0.0,0,0,0,0
S3,continuous,A,345,146,3450.0,4522.349589248962,4581.818265443956,5116.824281076086,5158.583116523754,1072.3495892489618,1072.3495892489618,535.0060156321297,1607.3556048810915,4522.349589248962,4552.349589248962,5148.583116523754,5338.583116523754,300.0,1826.7912433832378,0.0,1,1,0,0
S3,continuous,A,346,29,3460.0,4821.738977573059,4917.504742596074,4917.504742596074,4918.772355492823,1361.738977573059,1361.738977573059,0.0,1361.738977573059,4821.738977573059,4851.738977573059,4917.504742596074,5107.504742596074,300.0,3075.5359205894943,0.0,1,1,0,0
S3,continuous,A,347,72,3470.0,5338.583116523754,5391.578648915015,6407.137490408315,6408.159909186018,1868.5831165237541,1868.5831165237541,1015.5588414933,2884.141958017054,5338.583116523754,5368.583116523754,6407.137490408315,6597.137490408315,300.0,963.0194006996728,0.0,0,0,0,0
S3,continuous,A,348,85,3480.0,4132.900985163303,4196.029598797635,4612.752055064378,4629.214377878856,652.9009851633027,652.9009851633027,416.7224562667425,1069.6234414300452,4132.900985163303,4162.900985163303,4619.214377878856,4809.214377878856,300.0,1122.6012518930768,0.0,1,1,0,0
S3,continuous,A,349,25,3490.0,3586.5819117769256,3636.52640455675,6597.137490408315,6598.159909186018,96.58191177692561,96.58191177692561,2960.611085851565,3057.1929976284905,3586.5819117769256,3616.5819117769256,6597.137490408315,6787.137490408315,300.0,823.2845410548605,0.0,2,2,0,0
S3,continuous,A,350,26,3500.0,6787.137490408315,6820.165815180289,6820.165815180289,6844.404487362472,3287.137490408315,3287.137490408315,0.0,3287.137490408315,6787.137490408315,6817.137490408315,6834.404487362472,7024.404487362472,300.0,2260.0325210842107,0.0,2,2,0,0
S3,continuous,A,351,90,3510.0,3510.0,3583.5609143194733,5336.824281076086,5378.583116523754,0.0,0.0,1753.2633667566124,1753.2633667566124,3510.0,3540.0,5368.583116523754,5558.583116523754,300.0,1950.713262694554,0.0,1,1,0,0
S3,continuous,A,352,87,3520.0,4371.057493674404,4441.867497834227,5526.824281076086,5568.583116523754,851.0574936744042,851.0574936744042,1084.9567832418588,1936.014276916263,4371.057493674404,4401.057493674404,5558.583116523754,5748.583116523754,300.0,1761.1765167583817,0.0,0,0,0,0
S3,continuous,A,353,45,3530.0,3710.0838631246556,3746.5061504488895,4807.979196836381,4861.73897757306,180.08386312465564,180.08386312465564,1061.4730463874907,1241.5569095121464,3710.0838631246556,3740.0838631246556,4851.738977573059,5041.738977573059,300.0,933.3839921186195,0.0,1,1,0,0
S3,continuous,A,354,129,3540.0,4530.296166797749,4574.2123319783805,4615.021350202432,4656.55293253437,990.2961667977488,990.2961667977488,40.809018224051215,1031.1051850218,4530.296166797749,4560.296166797749,4646.55293253437,4836.55293253437,300.0,1567.6166350044552,0.0,3,3,0,0
S3,continuous,A,355,46,3550.0,5748.583116523754,5810.851805752049,5810.851805752049,5849.86339369047,2198.583116523754,2198.583116523754,0.0,2198.583116523754,5748.583116523754,5778.583116523754,5839.86339369047,6029.86339369047,300.0,1771.1757023055045,0.0,3,3,0,0
S3,continuous,A,356,12,3560.0,3660.966185993069,3700.561586104456,3700.561586104456,3724.800258286639,100.96618599306885,100.96618599306885,0.0,100.96618599306885,3660.966185993069,3690.966185993069,3714.800258286639,3904.800258286639,300.0,1496.6176321394278,0.0,1,1,0,0
S3,continuous,A,357,54,3570.0,3570.0,3660.7261487177307,3912.6404932788123,3913.9081061755614,0.0,0.0,251.91434456108163,251.91434456108163,3570.0,3600.0,3912.6404932788123,4102.640493278812,300.0,2892.6061098237788,0.0,3,3,0,0
S3,continuous,A,358,82,3580.0,4133.376545090605,4177.093990892063,5746.824281076086,5788.583116523754,553.3765450906048,553.3765450906048,1569.730290184023,2123.106835274628,4133.376545090605,4163.376545090605,5778.583116523754,5968.583116523754,300.0,1864.2723343169419,0.0,4,4,0,0
S3,continuous,A,359,22,3590.0,5041.738977573059,5107.488582093516,5107.488582093516,5142.991657587124,1451.738977573059,1451.738977573059,0.0,1451.738977573059,5041.738977573059,5071.738977573059,5132.991657587124,5322.991657587124,300.0,1245.6358667366299,0.0,0,0,0,0
S3,continuous,A,360,122,3600.0,3799.096929461891,3846.27143065276,3890.561586104456,3914.800258286639,199.0969294618908,199.0969294618908,44.29015545169614,243.38708491358693,3799.096929461891,3829.096929461891,3904.800258286639,4094.800258286639,300.0,860.4455174328829,0.0,0,0,0,0
S3,continuous,A,361,11,3610.0,3829.096929461891,3895.4902128719514,4544.872616170224,4570.296166797749,219.0969294618908,219.0969294618908,649.382403298273,868.4793327601637,3829.096929461891,3859.096929461891,4560.296166797749,4750.296166797749,300.0,2147.6220576057044,0.0,3,3,0,0
S3,continuous,A,362,52,3620.0,4552.349589248962,4604.2171103431565,4604.2171103431565,4655.594698523721,932.3495892489618,932.3495892489618,0.0,932.3495892489618,4552.349589248962,4582.349589248962,4645.594698523721,4835.594698523721,300.0,1368.1413336610951,0.0,0,0,0,0
S3,continuous,A,363,75,3630.0,3630.0,3700.9982681093156,6817.137490408315,6818.159909186018,0.0,0.0,3116.1392222989994,3116.1392222989994,3630.0,3660.0,6817.137490408315,7007.137490408315,300.0,2517.914450056249,0.0,3,3,0,0
S3,continuous,A,364,17,3640.0,3859.096929461891,3911.1010060071294,5154.758806724044,5190.765544850314,219.0969294618908,219.0969294618908,1243.6578007169146,1462.7547301788054,3859.096929461891,3889.096929461891,5180.765544850314,5370.765544850314,300.0,1241.2575374446205,0.0,0,0,0,0
S3,continuous,A,365,57,3650.0,3650.0,3688.8336703548507,4802.752055064378,4819.214377878856,0.0,0.0,1113.918384709527,1113.918384709527,3650.0,3680.0,4809.214377878856,4999.214377878856,300.0,1176.5048531611737,0.0,0,0,0,0
S3,continuous,A,366,67,3660.0,4582.349589248962,4648.71276409923,4648.71276409923,4669.129275931964,922.3495892489618,922.3495892489618,0.0,922.3495892489618,4582.349589248962,4612.349589248962,4659.129275931964,4849.129275931964,300.0,2179.712868993557,0.0,1,1,0,0
S3,continuous,A,367,141,3670.0,4836.55293253437,4894.973230608894,5111.506857679945,5162.784833936842,1166.5529325343696,1166.5529325343696,216.53362707105134,1383.086559605421,4836.55293253437,4866.55293253437,5152.784833936842,5342.784833936842,300.0,1589.9621757832235,0.0,2,2,0,0
S3,continuous,A,368,62,3680.0,4866.55293253437,4914.711588555495,4914.711588555495,4966.089176736059,1186.5529325343696,1186.5529325343696,0.0,1186.5529325343696,4866.55293253437,4896.55293253437,4956.089176736059,5146.089176736059,300.0,906.3507651750326,0.0,0,0,0,0
S3,continuous,A,369,144,3690.0,5071.738977573059,5128.914528664561,5128.914528664561,5145.376851479039,1381.738977573059,1381.738977573059,0.0,1381.738977573059,5071.738977573059,5101.738977573059,5135.376851479039,5325.376851479039,300.0,578.8285414106124,0.0,0,0,0,0
S3,continuous,A,370,16,3700.0,4171.914344561082,4252.076563048224,4430.271698866002,4454.510371048184,471.91434456108163,471.91434456108163,178.19513581777846,650.1094803788601,4171.914344561082,4201.914344561082,4444.510371048184,4634.510371048184,300.0,2303.1993908783975,0.0,1,1,0,0
S3,continuous,A,371,96,3710.0,4999.214377878856,5021.625101648484,5021.625101648484,5050.223491916273,1289.2143778788559,1289.2143778788559,0.0,1289.2143778788559,4999.214377878856,5029.214377878856,5040.223491916273,5230.223491916273,300.0,621.8636290880003,0.0,0,0,0,0
S3,continuous,A,372,91,3720.0,4163.376545090605,4200.457844250726,7007.137490408315,7008.159909186018,443.37654509060485,443.37654509060485,2806.6796461575886,3250.0561912481935,4163.376545090605,4193.376545090605,7007.137490408315,7197.137490408315,300.0,1218.1804748780125,0.0,3,3,0,0
S3,continuous,A,373,143,3730.0,5114.720221891127,5173.2205972465945,5173.2205972465945,5197.459269428777,1384.720221891127,1384.720221891127,0.0,1384.720221891127,5114.720221891127,5144.720221891127,5187.459269428777,5377.459269428777,300.0,1460.104140805886,0.0,0,0,0,0
S3,continuous,A,374,112,3740.0,4750.296166797749,4803.101412896913,4803.101412896913,4842.113000835334,1010.2961667977488,1010.2961667977488,0.0,1010.2961667977488,4750.296166797749,4780.296166797749,4832.113000835334,5022.113000835334,300.0,2147.6220576057044,0.0,3,3,0,0
S3,continuous,A,375,60,3750.0,5342.784833936842,5416.088952333682,5416.088952333682,5469.848733070361,1592.784833936842,1592.784833936842,0.0,1592.784833936842,5342.784833936842,5372.784833936842,5459.848733070361,5649.848733070361,300.0,1993.5982609640687,0.0,2,2,0,0
S3,continuous,A,376,114,3760.0,4329.10691247069,4368.015494652492,5331.506857679945,5382.784833936842,569.1069124706901,569.1069124706901,963.4913630274532,1532.5982754981433,4329.10691247069,4359.10691247069,5372.784833936842,5562.784833936842,300.0,1586.0262905406005,0.0,1,1,0,0
S3,continuous,A,377,148,3770.0,4612.349589248962,4676.852619259677,4859.947765792396,4900.674150735455,842.3495892489618,842.3495892489618,183.0951465327189,1025.4447357816807,4612.349589248962,4642.349589248962,4890.674150735455,5080.674150735455,300.0,2157.2525785749926,0.0,1,1,0,0
S3,continuous,A,378,13,3780.0,4359.10691247069,4399.736767779107,4399.736767779107,4440.463152722166,579.1069124706901,579.1069124706901,0.0,579.1069124706901,4359.10691247069,4389.10691247069,4430.463152722166,4620.463152722166,300.0,1648.0198757458152,0.0,1,1,0,0
S3,continuous,A,379,78,3790.0,4532.171899509309,4562.980398396782,5057.97919683638,5111.738977573059,742.1718995093088,742.1718995093088,494.9987984395975,1237.1706979489063,4532.171899509309,4562.171899509309,5101.738977573059,5291.738977573059,300.0,1047.429697760073,0.0,0,0,0,0
S3,continuous,A,380,135,3800.0,4389.10691247069,4440.964164239997,4764.872616170224,4790.296166797749,589.1069124706901,589.1069124706901,323.9084519302269,913.015364400917,4389.10691247069,4419.10691247069,4780.296166797749,4970.296166797749,300.0,2319.9988015608164,0.0,3,3,0,0
S3,continuous,A,381,61,3810.0,7197.137490408315,7233.151439169063,7233.151439169063,7269.158177295333,3387.137490408315,3387.137490408315,0.0,3387.137490408315,7197.137490408315,7227.137490408315,7259.158177295333,7449.158177295333,300.0,2517.914450056249,0.0,3,3,0,0
S3,continuous,A,382,131,3820.0,4642.349589248962,4709.141222490075,7227.137490408315,7228.159909186018,822.3495892489618,822.3495892489618,2517.99626791824,3340.3458571672018,4642.349589248962,4672.349589248962,7227.137490408315,7417.137490408315,300.0,2111.306296441388,0.0,3,3,0,0
S3,continuous,A,383,137,3830.0,4193.376545090605,4218.782375386682,5521.506857679945,5572.784833936842,363.37654509060485,363.37654509060485,1302.7244822932626,1666.1010273838674,4193.376545090605,4223.376545090605,5562.784833936842,5752.784833936842,300.0,691.0936713377657,0.0,0,0,0,0
S3,continuous,A,384,136,3840.0,7417.137490408315,7455.972382257052,7455.972382257052,7491.47545775066,3577.137490408315,3577.137490408315,0.0,3577.137490408315,7417.137490408315,7447.137490408315,7481.47545775066,7671.47545775066,300.0,2703.4590094254872,0.0,2,2,0,0
S3,continuous,A,385,65,3850.0,4970.296166797749,5009.408536426039,5936.824281076086,5978.583116523754,1120.2961667977488,1120.2961667977488,927.4157446500467,2047.7119114477955,4970.296166797749,5000.296166797749,5968.583116523754,6158.583116523754,300.0,1248.4998637603442,0.0,2,2,0,0
S3,continuous,A,386,44,3860.0,5291.738977573059,5371.591788830377,5371.591788830377,5407.598526956646,1431.738977573059,1431.738977573059,0.0,1431.738977573059,5291.738977573059,5321.738977573059,5397.598526956646,5587.598526956646,300.0,2188.3679623572943,0.0,0,0,0,0
S3,continuous,A,387,139,3870.0,4089.9940913115497,4162.028885414323,5711.506857679945,5762.784833936842,219.9940913115497,219.9940913115497,1549.4779722656222,1769.4720635771719,4089.9940913115497,4119.99409131155,5752.784833936842,5942.784833936842,300.0,2838.293970349379,0.0,0,0,0,0
S3,continuous,A,388,34,3880.0,3880.0,3940.0971053836083,3940.0971053836083,3979.1086933220295,0.0,0.0,0.0,0.0,3880.0,3910.0,3969.1086933220295,4159.1086933220295,300.0,1690.0712271107186,0.0,1,1,0,0
S3,continuous,A,389,38,3890.0,5996.6572103361395,6025.394236786688,6025.394236786688,6026.661849683438,2106.6572103361395,2106.6572103361395,0.0,2106.6572103361395,5996.6572103361395,6026.6572103361395,6025.394236786688,6215.394236786688,300.0,1718.4559577570205,0.0,0,0,0,0
S3,continuous,A,390,108,3900.0,3910.0,3984.304989350569,4368.9920556740935,4370.259668570843,10.0,10.0,384.6870663235245,394.6870663235245,3910.0,3940.0,4368.9920556740935,4558.9920556740935,300.0,2448.5436163663903,0.0,3,3,0,0
S3,continuous,A,391,23,3910.0,4499.99409131155,4548.993318044637,4548.993318044637,4588.004905983058,589.9940913115497,589.9940913115497,0.0,589.9940913115497,4499.99409131155,4529.99409131155,4578.004905983058,4768.004905983058,300.0,1241.2575374446203,0.0,0,0,0,0
S3,continuous,A,392,5,3920.0,4562.171899509309,4599.204949394503,5561.591788830377,5597.598526956646,642.1718995093088,642.1718995093088,962.3868394358733,1604.558738945182,4562.171899509309,4592.171899509309,5587.598526956646,5777.598526956646,300.0,1373.6345512227545,0.0,0,0,0,0
S3,continuous,A,393,6,3930.0,3930.0,3961.9258511766766,4408.605251883707,4429.10691247069,0.0,0.0,446.67940070703025,446.67940070703025,3930.0,3960.0,4419.10691247069,4609.10691247069,300.0,467.33098153299966,0.0,0,0,0,0
S3,continuous,A,394,30,3940.0,5000.296166797749,5061.108263955109,5061.108263955109,5081.788303929512,1060.2961667977488,1060.2961667977488,0.0,1060.2961667977488,5000.296166797749,5030.296166797749,5071.788303929512,5261.788303929512,300.0,2589.7543883319877,0.0,4,4,0,0
S3,continuous,A,395,95,3950.0,4223.376545090605,4257.736646425573,5318.914528664561,5335.376851479039,273.37654509060485,273.37654509060485,1061.1778822389879,1334.5544273295927,4223.376545090605,4253.376545090605,5325.376851479039,5515.376851479039,300.0,1113.9668067183422,0.0,2,2,0,0
S3,continuous,A,396,14,3960.0,4094.800258286639,4147.634320494344,6126.824281076086,6168.583116523754,134.80025828663884,134.80025828663884,1979.1899605817416,2113.9902188683805,4094.800258286639,4124.800258286639,6158.583116523754,6348.583116523754,300.0,2236.346873184095,0.0,3,3,0,0
S3,continuous,A,397,122,3970.0,4592.171899509309,4622.980398396782,5606.088952333682,5659.848733070361,622.1718995093088,622.1718995093088,983.1085539368996,1605.2804534462084,4592.171899509309,4622.171899509309,5649.848733070361,5839.848733070361,300.0,1047.429697760073,0.0,0,0,0,0
S3,continuous,A,398,7,3980.0,4253.376545090605,4298.434736231589,4620.271698866002,4644.510371048184,273.37654509060485,273.37654509060485,321.8369626344129,595.2135077250177,4253.376545090605,4283.376545090605,4634.510371048184,4824.510371048184,300.0,1866.0545406246356,0.0,1,1,0,0
S3,continuous,A,399,58,3990.0,5029.214377878856,5049.092471048157,5796.088952333682,5849.848733070361,1039.2143778788559,1039.2143778788559,746.9964812855251,1786.210859164381,5029.214377878856,5059.214377878856,5839.848733070361,6029.848733070361,300.0,578.8285414106124,0.0,0,0,0,0
S3,continuous,A,400,83,4000.0,4529.99409131155,4592.093859958458,5986.088952333682,6039.848733070361,529.9940913115497,529.9940913115497,1393.995092375224,1923.9891836867737,4529.99409131155,4559.99409131155,6029.848733070361,6219.848733070361,300.0,2188.3679623572943,0.0,0,0,0,0
S3,continuous,A,401,71,4010.0,5059.214377878856,5086.150921948873,5251.108263955109,5271.788303929512,1049.2143778788559,1049.2143778788559,164.9573420062361,1214.171719885092,5059.214377878856,5089.214377878856,5261.788303929512,5451.788303929512,300.0,883.9932309803323,0.0,0,0,0,0
S3,continuous,A,402,12,4020.0,4559.99409131155,4608.993318044637,4993.101412896913,5032.113000835334,539.9940913115497,539.9940913115497,384.1080948522758,924.1021861638255,4559.99409131155,4589.99409131155,5022.113000835334,5212.113000835334,300.0,1241.2575374446203,0.0,0,0,0,0
S3,continuous,A,403,98,4030.0,5144.720221891127,5204.446020635055,5441.108263955109,5461.788303929512,1114.720221891127,1114.720221891127,236.66224332005368,1351.3824652111807,5144.720221891127,5174.720221891127,5451.788303929512,5641.788303929512,300.0,1524.005872331035,0.0,1,1,0,0
S3,continuous,A,404,113,4040.0,5777.598526956646,5832.128451130654,5832.128451130654,5867.631526624262,1737.5985269566463,1737.5985269566463,0.0,1737.5985269566463,5777.598526956646,5807.598526956646,5857.631526624262,6047.631526624262,300.0,1592.4281379485524,0.0,0,0,0,0
S3,continuous,A,405,102,4050.0,4622.171899509309,4657.546585199603,4657.546585199603,4678.048245786586,572.1718995093088,572.1718995093088,0.0,572.1718995093088,4622.171899509309,4652.171899509309,4668.048245786586,4858.048245786586,300.0,1185.5515505329952,0.0,1,1,0,0
S3,continuous,A,406,77,4060.0,6348.583116523754,6410.851805752049,6410.851805752049,6449.86339369047,2288.583116523754,2288.583116523754,0.0,2288.583116523754,6348.583116523754,6378.583116523754,6439.86339369047,6629.86339369047,300.0,1771.1757023055045,0.0,3,3,0,0
S3,continuous,A,407,34,4070.0,6026.6572103361395,6064.758806724044,6064.758806724044,6100.765544850314,1956.6572103361395,1956.6572103361395,0.0,1956.6572103361395,6026.6572103361395,6056.6572103361395,6090.765544850314,6280.765544850314,300.0,2516.4562463949933,0.0,5,5,0,0
S3,continuous,A,408,101,4080.0,4102.640493278812,4134.549029425766,4810.271698866002,4834.510371048184,22.640493278811846,22.640493278811846,675.7226694402361,698.363162719048,4102.640493278812,4132.640493278812,4824.510371048184,5014.510371048184,300.0,2170.2596420749883,0.0,2,2,0,0
S3,continuous,A,409,31,4090.0,5942.784833936842,6012.988391601491,6012.988391601491,6029.450714415969,1852.784833936842,1852.784833936842,0.0,1852.784833936842,5942.784833936842,5972.784833936842,6019.450714415969,6209.450714415969,300.0,1600.4069225403107,0.0,2,2,0,0
S3,continuous,A,410,142,4100.0,5972.784833936842,6055.8537114411465,6055.8537114411465,6091.356786934754,1872.784833936842,1872.784833936842,0.0,1872.784833936842,5972.784833936842,6002.784833936842,6081.356786934754,6271.356786934754,300.0,2553.298675246364,0.0,3,3,0,0
S3,continuous,A,411,124,4110.0,4159.1086933220295,4217.799992744342,4272.960033257871,4293.376545090605,49.10869332202947,49.10869332202947,55.160040513529566,104.26873383555903,4159.1086933220295,4189.1086933220295,4283.376545090605,4473.376545090605,300.0,1609.1212644485067,0.0,1,1,0,0
S3,continuous,A,412,56,4120.0,5807.598526956646,5874.282152991147,5874.282152991147,5902.880543258936,1687.5985269566463,1687.5985269566463,0.0,1687.5985269566463,5807.598526956646,5837.598526956646,5892.880543258936,6082.880543258936,300.0,2368.1515025190465,0.0,1,1,0,0
S3,continuous,A,413,107,4130.0,6056.6572103361395,6083.150250985331,6083.150250985331,6103.5667628180645,1926.6572103361395,1926.6572103361395,0.0,1926.6572103361395,6056.6572103361395,6086.6572103361395,6093.5667628180645,6283.5667628180645,300.0,1664.6013990130564,0.0,3,3,0,0
S3,continuous,A,414,20,4140.0,4401.057493674404,4459.062155544156,5143.188639559189,5184.720221891127,261.0574936744042,261.0574936744042,684.1264840150334,945.1839776894376,4401.057493674404,4431.057493674404,5174.720221891127,5364.720221891127,300.0,906.3507651750326,0.0,0,0,0,0
S3,continuous,A,415,138,4150.0,4431.057493674404,4500.766158019728,5961.506857679945,6012.784833936842,281.0574936744042,281.0574936744042,1460.7406996602167,1741.798193334621,4431.057493674404,4461.057493674404,6002.784833936842,6192.784833936842,300.0,1735.349566504618,0.0,0,0,0,0
S3,continuous,A,416,106,4160.0,4160.0,4216.244578176454,7447.137490408315,7448.159909186018,0.0,0.0,3230.8929122318614,3230.8929122318614,4160.0,4190.0,7447.137490408315,7637.137490408315,300.0,2260.0325210842107,0.0,2,2,0,0
S3,continuous,A,417,15,4170.0,4189.1086933220295,4254.110157655888,6086.6572103361395,6089.960192013383,19.108693322029467,19.108693322029467,1832.547052680252,1851.6557460022814,4189.1086933220295,4219.1086933220295,6086.6572103361395,6276.6572103361395,300.0,1944.23127444079,0.0,0,0,0,0
S3,continuous,A,418,42,4180.0,4473.376545090605,4526.460463554028,5811.591788830377,5847.598526956646,293.37654509060485,293.37654509060485,1285.1313252763484,1578.5078703669533,4473.376545090605,4503.376545090605,5837.598526956646,6027.598526956646,300.0,2459.9433585076813,0.0,1,1,0,0
S3,continuous,A,419,81,4190.0,5089.214377878856,5120.271698866002,5363.2205972465945,5387.459269428777,899.2143778788559,899.2143778788559,242.94889838059225,1142.1632762594481,5089.214377878856,5119.214377878856,5377.459269428777,5567.459269428777,300.0,1176.5048531611737,0.0,0,0,0,0
S3,continuous,A,420,92,4200.0,4503.376545090605,4546.234485667025,4641.491859534905,4662.171899509309,303.37654509060485,303.37654509060485,95.25737386788023,398.6339189584851,4503.376545090605,4533.376545090605,4652.171899509309,4842.171899509309,300.0,1701.5780086148188,0.0,1,1,0,0
S3,continuous,A,421,37,4210.0,4558.9920556740935,4590.524619604837,7637.137490408315,7638.159909186018,348.99205567409354,348.99205567409354,3046.6128708034776,3395.604926477571,4558.9920556740935,4588.9920556740935,7637.137490408315,7827.137490408315,300.0,2029.11356063856,0.0,0,0,0,0
S3,continuous,A,422,18,4220.0,4377.874187920375,4422.879750792254,4831.491859534905,4852.171899509309,157.87418792037533,157.87418792037533,408.6121087426518,566.4862966630271,4377.874187920375,4407.874187920375,4842.171899509309,5032.171899509309,300.0,1340.2036581502443,0.0,0,0,0,0
S3,continuous,A,423,68,4230.0,4230.0,4284.783940151197,4284.783940151197,4320.287015644805,0.0,0.0,0.0,0.0,4230.0,4260.0,4310.287015644805,4500.287015644805,300.0,1424.0634646785325,0.0,0,0,0,0
S3,continuous,A,424,9,4240.0,6378.583116523754,6453.5046572470865,6453.5046572470865,6507.264437983766,2138.583116523754,2138.583116523754,0.0,2138.583116523754,6378.583116523754,6408.583116523754,6497.264437983766,6687.264437983766,300.0,2688.440099299322,0.0,2,2,0,0
S3,continuous,A,425,48,4250.0,4672.349589248962,4719.702892528826,5183.101412896913,5222.113000835334,422.3495892489618,422.3495892489618,463.3985203680868,885.7481096170486,4672.349589248962,4702.349589248962,5212.113000835334,5402.113000835334,300.0,1005.3634781616877,0.0,0,0,0,0
S3,continuous,A,426,69,4260.0,5014.510371048184,5070.754949224638,7827.137490408315,7828.159909186018,754.5103710481844,754.5103710481844,2756.382541183677,3510.8929122318614,5014.510371048184,5044.510371048184,7827.137490408315,8017.137490408315,300.0,2260.0325210842107,0.0,2,2,0,0
S3,continuous,A,427,66,4270.0,4270.0,4328.111378652917,4847.546585199603,4868.048245786586,0.0,0.0,519.4352065466865,519.4352065466865,4270.0,4300.0,4858.048245786586,5048.048245786586,300.0,1570.885623593405,0.0,1,1,0,0
S3,continuous,A,428,70,4280.0,4377.680824623437,4443.818144080521,5631.108263955109,5651.788303929512,97.68082462343682,97.68082462343682,1187.2901198745876,1284.9709444980244,4377.680824623437,4407.680824623437,5641.788303929512,5831.788303929512,300.0,2001.0944255223096,0.0,1,1,0,0
S3,continuous,A,429,97,4290.0,4461.057493674404,4527.432306163688,4527.432306163688,4556.030696431477,171.0574936744042,171.0574936744042,0.0,171.0574936744042,4461.057493674404,4491.057493674404,4546.030696431477,4736.030696431477,300.0,1399.694846156411,0.0,1,1,0,0
S3,continuous,A,430,50,4300.0,5321.738977573059,5400.711890934656,5400.711890934656,5438.764561424192,1021.738977573059,1021.738977573059,0.0,1021.738977573059,5321.738977573059,5351.738977573059,5428.764561424192,5618.764561424192,300.0,2139.937764458952,0.0,0,0,0,0
S3,continuous,A,431,124,4310.0,6408.583116523754,6469.774367950681,6469.774367950681,6521.151956131245,2098.583116523754,2098.583116523754,0.0,2098.583116523754,6408.583116523754,6438.583116523754,6511.151956131245,6701.151956131245,300.0,1761.1765167583817,0.0,0,0,0,0
S3,continuous,A,432,93,4320.0,5351.738977573059,5426.000671888336,5426.000671888336,5467.532254220274,1031.738977573059,1031.738977573059,0.0,1031.738977573059,5351.738977573059,5381.738977573059,5457.532254220274,5647.532254220274,300.0,1843.2510539162895,0.0,2,2,0,0
S3,continuous,A,433,125,4330.0,4620.463152722166,4680.431352619605,5508.914528664561,5525.376851479039,290.46315272216634,290.46315272216634,828.483176044956,1118.9463287671224,4620.463152722166,4650.463152722166,5515.376851479039,5705.376851479039,300.0,1568.7312024129683,0.0,2,2,0,0
S3,continuous,A,434,10,4340.0,8017.137490408315,8042.312913623275,8042.312913623275,8081.324501561696,3677.137490408315,3677.137490408315,0.0,3677.137490408315,8017.137490408315,8047.137490408315,8071.324501561696,8261.324501561696,300.0,1810.3703293977135,0.0,2,2,0,0
S3,continuous,A,435,33,4350.0,5705.376851479039,5747.187757274159,6254.758806724044,6290.765544850314,1355.376851479039,1355.376851479039,507.5710494498853,1862.9479009289244,5705.376851479039,5735.376851479039,6280.765544850314,6470.765544850314,300.0,1952.2508367464982,0.0,0,0,0,0
S3,continuous,A,436,86,4360.0,4588.9920556740935,4613.08068274081,6444.758806724044,6480.765544850314,228.99205567409354,228.99205567409354,1831.6781239832344,2060.670179657328,4588.9920556740935,4618.9920556740935,6470.765544850314,6660.765544850314,300.0,1707.7726997795562,0.0,3,3,0,0
S3,continuous,A,437,4,4370.0,6192.784833936842,6283.510982654572,6283.510982654572,6284.778595551322,1822.784833936842,1822.784833936842,0.0,1822.784833936842,6192.784833936842,6222.784833936842,6283.510982654572,6473.510982654572,300.0,2892.6061098237788,0.0,3,3,0,0
S3,continuous,A,438,59,4380.0,6438.583116523754,6493.188639559189,6493.188639559189,6534.720221891127,2058.583116523754,2058.583116523754,0.0,2058.583116523754,6438.583116523754,6468.583116523754,6524.720221891127,6714.720221891127,300.0,1272.8979280824635,0.0,1,1,0,0
S3,continuous,A,439,108,4390.0,5735.376851479039,5756.457529632994,5756.457529632994,5776.959190219977,1345.376851479039,1345.376851479039,0.0,1345.376851479039,5735.376851479039,5765.376851479039,5766.959190219977,5956.959190219977,300.0,492.7102729724231,0.0,0,0,0,0
S3,continuous,A,440,84,4400.0,5032.171899509309,5075.293368227399,5075.293368227399,5095.7098800601325,632.1718995093088,632.1718995093088,0.0,632.1718995093088,5032.171899509309,5062.171899509309,5085.7098800601325,5275.7098800601325,300.0,1701.5780086148188,0.0,1,1,0,0
S3,continuous,A,441,117,4410.0,8047.137490408315,8051.440835896771,8051.440835896771,8076.864386524296,3637.137490408315,3637.137490408315,0.0,3637.137490408315,8047.137490408315,8077.137490408315,8066.864386524296,8256.864386524296,300.0,350.95829440970874,0.0,1,1,0,0
S3,continuous,A,442,79,4420.0,4491.057493674404,4554.186107308737,5758.914528664561,5775.376851479039,71.05749367440421,71.05749367440421,1204.7284213558241,1275.7859150302284,4491.057493674404,4521.057493674404,5765.376851479039,5955.376851479039,300.0,1122.6012518930768,0.0,1,1,0,0
S3,continuous,A,443,39,4430.0,6222.784833936842,6288.639154614547,6288.639154614547,6314.062705242071,1792.784833936842,1792.784833936842,0.0,1792.784833936842,6222.784833936842,6252.784833936842,6304.062705242071,6494.062705242071,300.0,1355.2639291426458,0.0,2,2,0,0
S3,continuous,A,444,28,4440.0,8077.137490408315,8104.444055677228,8104.444055677228,8133.042445945017,3637.137490408315,3637.137490408315,0.0,3637.137490408315,8077.137490408315,8107.137490408315,8123.042445945017,8313.042445945017,300.0,1900.380477974811,0.0,3,3,0,0
S3,continuous,A,445,126,4450.0,4650.463152722166,4703.052788591314,5616.000671888336,5657.532254220274,200.46315272216634,200.46315272216634,912.9478832970217,1113.411036019188,4650.463152722166,4680.463152722166,5647.532254220274,5837.532254220274,300.0,1202.1732314475685,0.0,0,0,0,0
S3,continuous,A,446,40,4460.0,4702.349589248962,4754.2171103431565,5104.711588555495,5156.089176736059,242.34958924896182,242.34958924896182,350.49447821233844,592.8440674613003,4702.349589248962,4732.349589248962,5146.089176736059,5336.089176736059,300.0,1368.1413336610951,0.0,0,0,0,0
S3,continuous,A,447,6,4470.0,4618.9920556740935,4638.849464506439,5178.229092305751,5216.281762795286,148.99205567409354,148.99205567409354,539.3796277993115,688.371683473405,4618.9920556740935,4648.9920556740935,5206.281762795286,5396.281762795286,300.0,1435.9211459711858,0.0,2,2,0,0
S3,continuous,A,448,24,4480.0,5364.720221891127,5425.425428329967,5425.425428329967,5454.023818597756,884.720221891127,884.720221891127,0.0,884.720221891127,5364.720221891127,5394.720221891127,5444.023818597756,5634.023818597756,300.0,1628.8914701254569,0.0,1,1,0,0
S3,continuous,A,449,115,4490.0,5394.720221891127,5453.140519965651,6211.506857679945,6262.784833936842,904.720221891127,904.720221891127,758.3663377142939,1663.086559605421,5394.720221891127,5424.720221891127,6252.784833936842,6442.784833936842,300.0,1589.9621757832235,0.0,2,2,0,0
S3,continuous,A,450,110,4500.0,5044.510371048184,5083.648401511341,6176.088952333682,6229.848733070361,544.5103710481844,544.5103710481844,1092.4405508223408,1636.9509218705252,5044.510371048184,5074.510371048184,6219.848733070361,6409.848733070361,300.0,1383.2828166592928,0.0,1,1,0,0
S3,continuous,A,451,49,4510.0,6027.598526956646,6081.458669775929,6081.458669775929,6132.836257956493,1517.5985269566463,1517.5985269566463,0.0,1517.5985269566463,6027.598526956646,6057.598526956646,6122.836257956493,6312.836257956493,300.0,1627.1486110683186,0.0,0,0,0,0
S3,continuous,A,452,16,4520.0,4520.0,4567.492899277386,6643.5046572470865,6697.264437983766,0.0,0.0,2076.0117579697007,2076.0117579697007,4520.0,4550.0,6687.264437983766,6877.264437983766,300.0,1245.6358667366299,0.0,0,0,0,0
S3,continuous,A,453,43,4530.0,6057.598526956646,6112.128451130654,6245.8537114411465,6281.356786934754,1527.5985269566463,1527.5985269566463,133.72526031049256,1661.3237872671389,6057.598526956646,6087.598526956646,6271.356786934754,6461.356786934754,300.0,1592.4281379485524,0.0,0,0,0,0
S3,continuous,A,454,0,4540.0,6468.583116523754,6530.851805752049,6600.851805752049,6639.86339369047,1928.5831165237541,1928.5831165237541,70.0,1998.5831165237541,6468.583116523754,6498.583116523754,6629.86339369047,6819.86339369047,300.0,1771.1757023055045,0.0,3,3,0,0
S3,continuous,A,455,103,4550.0,6660.765544850314,6719.59329714655,6719.59329714655,6720.8609100433,2110.7655448503137,2110.7655448503137,0.0,2110.7655448503137,6660.765544850314,6690.765544850314,6719.59329714655,6909.59329714655,300.0,1707.7726997795562,0.0,3,3,0,0
S3,continuous,A,456,68,4560.0,4560.0,4604.0753954832835,5553.2205972465945,5577.459269428777,0.0,0.0,949.145201763311,949.145201763311,4560.0,4590.0,5567.459269428777,5757.459269428777,300.0,870.1967376906861,0.0,0,0,0,0
S3,continuous,A,457,2,4570.0,4732.349589248962,4779.702892528826,5373.101412896913,5412.113000835334,162.34958924896182,162.34958924896182,593.3985203680868,755.7481096170486,4732.349589248962,4762.349589248962,5402.113000835334,5592.113000835334,300.0,1005.3634781616877,0.0,0,0,0,0
S3,continuous,A,458,41,4580.0,4590.0,4642.706247473467,5294.711588555495,5346.089176736059,10.0,10.0,652.0053410820283,662.0053410820283,4590.0,4620.0,5336.089176736059,5526.089176736059,300.0,1581.2814503614447,0.0,1,1,0,0
S3,continuous,A,459,97,4590.0,4648.9920556740935,4675.693713344149,6276.6572103361395,6279.960192013383,58.992055674093535,58.992055674093535,1600.9634969919907,1659.9555526660843,4648.9920556740935,4678.9920556740935,6276.6572103361395,6466.6572103361395,300.0,1718.4559577570203,0.0,0,0,0,0
S3,continuous,A,460,13,4600.0,4600.0,4668.580760160423,4668.580760160423,4704.083835654031,0.0,0.0,0.0,0.0,4600.0,4630.0,4694.083835654031,4884.083835654031,300.0,1581.2814503614447,0.0,1,1,0,0
S3,continuous,A,461,80,4610.0,4835.594698523721,4898.312197319996,5743.2205972465945,5767.459269428777,225.59469852372058,225.59469852372058,844.9083999265986,1070.5030984503192,4835.594698523721,4865.594698523721,5757.459269428777,5947.459269428777,300.0,1134.0753428611292,0.0,0,0,0,0
S3,continuous,A,462,134,4620.0,6690.765544850314,6747.094955558697,6747.094955558697,6788.626537890635,2070.7655448503137,2070.7655448503137,0.0,2070.7655448503137,6690.765544850314,6720.765544850314,6778.626537890635,6968.626537890635,300.0,1742.5364410986158,0.0,1,1,0,0
S3,continuous,A,463,64,4630.0,5424.720221891127,5486.753717801663,6833.5046572470865,6887.264437983766,794.720221891127,794.720221891127,1346.7509394454237,2141.4711613365507,5424.720221891127,5454.720221891127,6877.264437983766,7067.264437983766,300.0,1843.2510539162895,0.0,2,2,0,0
S3,continuous,A,464,27,4640.0,5831.788303929512,5869.302611612585,5869.302611612585,5907.35528210212,1191.788303929512,1191.788303929512,0.0,1191.788303929512,5831.788303929512,5861.788303929512,5897.35528210212,6087.35528210212,300.0,1415.9480662309743,0.0,0,0,0,0
S3,continuous,A,465,51,4650.0,5074.510371048184,5107.321363220042,6435.8537114411465,6471.356786934754,424.5103710481844,424.5103710481844,1328.5323482211043,1753.0427192692887,5074.510371048184,5104.510371048184,6461.356786934754,6651.356786934754,300.0,870.1967376906861,0.0,0,0,0,0
S3,continuous,A,466,145,4660.0,5861.788303929512,5900.6625603159055,5900.6625603159055,5942.194142647843,1201.788303929512,1201.788303929512,0.0,1201.788303929512,5861.788303929512,5891.788303929512,5932.194142647843,6122.194142647843,300.0,1524.005872331035,0.0,1,1,0,0
S3,continuous,A,467,127,4670.0,5048.048245786586,5088.6781010950035,5088.6781010950035,5129.404486038063,378.04824578658645,378.04824578658645,0.0,378.04824578658645,5048.048245786586,5078.048245786586,5119.404486038063,5309.404486038063,300.0,1648.0198757458152,0.0,1,1,0,0
S3,continuous,A,468,63,4680.0,5381.738977573059,5452.155241955982,5563.101412896913,5602.113000835334,701.738977573059,701.738977573059,110.94617094093064,812.6851485139896,5381.738977573059,5411.738977573059,5592.113000835334,5782.113000835334,300.0,1574.2890864584458,0.0,0,0,0,0
S3,continuous,A,469,53,4690.0,4884.083835654031,4931.5767349314165,7023.5046572470865,7077.264437983766,194.08383565403074,194.08383565403074,2091.92792231567,2286.0117579697007,4884.083835654031,4914.083835654031,7067.264437983766,7257.264437983766,300.0,1245.6358667366299,0.0,0,0,0,0
S3,continuous,A,470,149,4700.0,5837.532254220274,5899.854717046741,5946.457529632994,5966.959190219977,1137.532254220274,1137.532254220274,46.602812586253094,1184.135066806527,5837.532254220274,5867.532254220274,5956.959190219977,6146.959190219977,300.0,1696.2249142298542,0.0,2,2,0,0
S3,continuous,A,471,19,4710.0,6466.6572103361395,6485.632173329904,6485.632173329904,6526.358558272963,1756.6572103361395,1756.6572103361395,0.0,1756.6572103361395,6466.6572103361395,6496.6572103361395,6516.358558272963,6706.358558272963,300.0,1264.9455875362642,0.0,3,3,0,0
S3,continuous,A,472,85,4720.0,6498.583116523754,6553.188639559189,6937.094955558697,6978.626537890635,1778.5831165237541,1778.5831165237541,383.90631599950757,2162.4894325232617,6498.583116523754,6528.583116523754,6968.626537890635,7158.626537890635,300.0,1272.8979280824635,0.0,1,1,0,0
S3,continuous,A,473,116,4730.0,4736.030696431477,4783.571272260895,6000.851805752049,6039.86339369047,6.0306964314768265,6.0306964314768265,1217.2805334911536,1223.3112299226304,4736.030696431477,4766.030696431477,6029.86339369047,6219.86339369047,300.0,1600.8622618063268,0.0,0,0,0,0
S3,continuous,A,474,129,4740.0,6442.784833936842,6516.345748256315,6516.345748256315,6558.104583703984,1702.784833936842,1702.784833936842,0.0,1702.784833936842,6442.784833936842,6472.784833936842,6548.104583703984,6738.104583703984,300.0,1950.713262694554,0.0,1,1,0,0
S3,continuous,A,475,102,4750.0,6472.784833936842,6563.510982654572,6909.59329714655,6910.8609100433,1722.784833936842,1722.784833936842,346.08231449197774,2068.8671484288197,6472.784833936842,6502.784833936842,6909.59329714655,7099.59329714655,300.0,2892.6061098237788,0.0,3,3,0,0
S3,continuous,A,476,1,4760.0,4766.030696431477,4826.782951230913,6496.6572103361395,6499.960192013383,6.0306964314768265,6.0306964314768265,1669.8742591052269,1675.9049555367037,4766.030696431477,4796.030696431477,6496.6572103361395,6686.6572103361395,300.0,2303.0978285016213,0.0,7,7,0,0
S3,continuous,A,477,92,4770.0,6686.6572103361395,6724.7838878326975,6724.7838878326975,6745.285548419681,1916.6572103361395,1916.6572103361395,0.0,1916.6572103361395,6686.6572103361395,6716.6572103361395,6735.285548419681,6925.285548419681,300.0,2440.602932608804,0.0,6,6,0,0
S3,continuous,A,478,52,4780.0,4780.0,4824.599993660279,6694.758806724044,6730.765544850314,0.0,0.0,1870.1588130637647,1870.1588130637647,4780.0,4810.0,6720.765544850314,6910.765544850314,300.0,806.7852544619639,0.0,1,1,0,0
S3,continuous,A,479,147,4790.0,5080.674150735455,5133.263786604603,6090.6625603159055,6132.194142647843,290.67415073545544,290.67415073545544,957.398773711302,1248.0729244467575,5080.674150735455,5110.674150735455,6122.194142647843,6312.194142647843,300.0,1202.1732314475685,0.0,0,0,0,0
S3,continuous,A,480,133,4800.0,5309.404486038063,5361.994121907211,6280.6625603159055,6322.194142647843,509.4044860380627,509.4044860380627,918.6684384086948,1428.0729244467575,5309.404486038063,5339.404486038063,6312.194142647843,6502.194142647843,300.0,1202.1732314475685,0.0,0,0,0,0
S3,continuous,A,481,128,4810.0,5339.404486038063,5402.752262542307,7213.5046572470865,7267.264437983766,529.4044860380627,529.4044860380627,1810.7523947047794,2340.156880742842,5339.404486038063,5369.404486038063,7257.264437983766,7447.264437983766,300.0,1980.5235991443462,0.0,2,2,0,0
S3,continuous,A,482,67,4820.0,4849.129275931964,4883.489377266932,6202.988391601491,6219.450714415969,29.129275931964003,29.129275931964003,1319.4990143345585,1348.6282902665225,4849.129275931964,4879.129275931964,6209.450714415969,6399.450714415969,300.0,1113.9668067183422,0.0,2,2,0,0
S3,continuous,A,483,13,4830.0,4830.0,4864.84621730426,5338.6781010950035,5379.404486038063,0.0,0.0,473.83188379074363,473.83188379074363,4830.0,4860.0,5369.404486038063,5559.404486038063,300.0,2448.5436163663903,0.0,3,3,0,0
S3,continuous,A,484,11,4840.0,6910.765544850314,6972.120865957225,6972.120865957225,6988.583188771703,2070.7655448503137,2070.7655448503137,0.0,2070.7655448503137,6910.765544850314,6940.765544850314,6978.583188771703,7168.583188771703,300.0,1952.2508367464982,0.0,0,0,0,0
S3,continuous,A,485,118,4850.0,4914.083835654031,4980.176562040759,5795.632173329904,5836.358558272963,64.08383565403074,64.08383565403074,815.455611289145,879.5394469431758,4914.083835654031,4944.083835654031,5826.358558272963,6016.358558272963,300.0,2420.45736172466,0.0,2,2,0,0
S3,continuous,A,486,54,4860.0,5030.296166797749,5096.5087289915145,6625.8537114411465,6661.356786934754,170.2961667977488,170.2961667977488,1529.344982449632,1699.6411492473808,5030.296166797749,5060.296166797749,6651.356786934754,6841.356786934754,300.0,3023.900568355086,0.0,3,3,0,0
S3,continuous,A,487,132,4870.0,8107.137490408315,8119.3966061296105,8119.3966061296105,8161.155441577279,3237.137490408315,3237.137490408315,0.0,3237.137490408315,8107.137490408315,8137.137490408315,8151.155441577279,8341.155441577279,300.0,963.0194006996728,0.0,0,0,0,0
S3,continuous,A,488,45,4880.0,4880.0,4920.937123027092,6392.988391601491,6409.450714415969,0.0,0.0,1472.0512685743988,1472.0512685743988,4880.0,4910.0,6399.450714415969,6589.450714415969,300.0,2733.283687245622,0.0,5,5,0,0
S3,continuous,A,489,23,4890.0,6502.784833936842,6577.174160865654,6790.851805752049,6829.86339369047,1612.784833936842,1612.784833936842,213.67764488639477,1826.4624788232368,6502.784833936842,6532.784833936842,6819.86339369047,7009.86339369047,300.0,1992.2045324376033,0.0,0,0,0,0
S3,continuous,A,490,99,4900.0,5559.404486038063,5626.3341284389435,5933.2205972465945,5957.459269428777,659.4044860380627,659.4044860380627,306.886468807651,966.2909548457137,5559.404486038063,5589.404486038063,5947.459269428777,6137.459269428777,300.0,2071.709116147636,0.0,2,2,0,0
S3,continuous,A,491,135,4910.0,5589.404486038063,5649.372685935501,6582.988391601491,6599.450714415969,679.4044860380627,679.4044860380627,933.6157056659895,1613.0201917040522,5589.404486038063,5619.404486038063,6589.450714415969,6779.450714415969,300.0,1568.7312024129683,0.0,2,2,0,0
S3,continuous,A,492,121,4920.0,5060.296166797749,5093.826149828276,6716.6572103361395,6719.960192013383,140.2961667977488,140.2961667977488,1622.8310605078632,1763.127227305612,5060.296166797749,5090.296166797749,6716.6572103361395,6906.6572103361395,300.0,684.0614883906856,0.0,1,1,0,0
S3,continuous,A,493,101,4930.0,4930.0,4973.5956145765085,5484.711588555495,5536.089176736059,0.0,0.0,511.1159739789864,511.1159739789864,4930.0,4960.0,5526.089176736059,5716.089176736059,300.0,1399.694846156411,0.0,1,1,0,0
S3,continuous,A,494,66,4940.0,5078.048245786586,5128.504316066471,6914.758806724044,6950.765544850314,138.04824578658645,138.04824578658645,1786.2544906575731,1924.3027364441596,5078.048245786586,5108.048245786586,6940.765544850314,7130.765544850314,300.0,2279.5026397596585,0.0,1,1,0,0
S3,continuous,A,495,148,4950.0,4960.0,5031.4026418671665,5107.504742596074,5108.772355492823,10.0,10.0,76.10210072890732,86.10210072890732,4960.0,4990.0,5107.504742596074,5297.504742596074,300.0,3002.946789114551,0.0,7,7,0,0
S3,continuous,A,496,18,4960.0,6906.6572103361395,6942.763754681427,7162.120865957225,7178.583188771703,1946.6572103361395,1946.6572103361395,219.35711127579816,2166.0143216119377,6906.6572103361395,6936.6572103361395,7168.583188771703,7358.583188771703,300.0,2285.7307003282313,0.0,1,1,0,0
S3,continuous,A,497,21,4970.0,6532.784833936842,6623.510982654572,7099.59329714655,7100.8609100433,1562.784833936842,1562.784833936842,476.08231449197774,2038.8671484288197,6532.784833936842,6562.784833936842,7099.59329714655,7289.59329714655,300.0,2892.6061098237788,0.0,3,3,0,0
S3,continuous,A,498,112,4980.0,5108.048245786586,5146.956827968388,6521.506857679945,6572.784833936842,128.04824578658645,128.04824578658645,1374.5500297115568,1502.5982754981433,5108.048245786586,5138.048245786586,6562.784833936842,6752.784833936842,300.0,1586.0262905406005,0.0,1,1,0,0
S3,continuous,A,499,7,4990.0,5297.504742596074,5341.576607092201,5615.425428329967,5644.023818597756,307.5047425960738,307.5047425960738,273.84882123776606,581.3535638338399,5297.504742596074,5327.504742596074,5634.023818597756,5824.023818597756,300.0,3002.946789114551,0.0,7,7,0,0
S3,continuous,A,500,94,5000.0,5327.504742596074,5347.834947777596,6706.345748256315,6748.104583703984,327.5047425960738,327.5047425960738,1358.510800478719,1686.0155430747927,5327.504742596074,5357.504742596074,6738.104583703984,6928.104583703984,300.0,1485.9717273736342,0.0,0,0,0,0
S3,continuous,A,501,89,5010.0,6752.784833936842,6819.1662465867175,6819.1662465867175,6847.7646368545065,1742.784833936842,1742.784833936842,0.0,1742.784833936842,6752.784833936842,6782.784833936842,6837.7646368545065,7027.7646368545065,300.0,1406.2775921553462,0.0,2,2,0,0
S3,continuous,A,502,104,5020.0,5867.532254220274,5928.237460659114,6064.282152991147,6092.880543258936,847.5322542202739,847.5322542202739,136.04469233203326,983.5769465523072,5867.532254220274,5897.532254220274,6082.880543258936,6272.880543258936,300.0,1628.8914701254569,0.0,1,1,0,0
S3,continuous,A,503,29,5030.0,5897.532254220274,5957.258052964202,5957.258052964202,5977.938092938605,867.5322542202739,867.5322542202739,0.0,867.5322542202739,5897.532254220274,5927.532254220274,5967.938092938605,6157.938092938605,300.0,1524.005872331035,0.0,1,1,0,0
S3,continuous,A,504,57,5040.0,5396.281762795286,5455.750438990281,6896.345748256315,6938.104583703984,356.28176279528634,356.28176279528634,1440.5953092660347,1796.877072061321,5396.281762795286,5426.281762795286,6928.104583703984,7118.104583703984,300.0,1826.7912433832378,0.0,1,1,0,0
S3,continuous,A,505,111,5050.0,5357.504742596074,5381.59336966279,7423.151439169063,7459.158177295333,307.5047425960738,307.5047425960738,2041.5580695062736,2349.0628121023474,5357.504742596074,5387.504742596074,7449.158177295333,7639.158177295333,300.0,1707.7726997795562,0.0,3,3,0,0
S3,continuous,A,506,35,5060.0,5955.376851479039,5975.25494464834,7403.5046572470865,7457.264437983766,895.376851479039,895.376851479039,1428.2497125987466,2323.6265640777856,5955.376851479039,5985.376851479039,7447.264437983766,7637.264437983766,300.0,578.8285414106124,0.0,0,0,0,0
S3,continuous,A,507,62,5070.0,6782.784833936842,6857.174160865654,6980.851805752049,7019.86339369047,1712.784833936842,1712.784833936842,123.67764488639477,1836.4624788232368,6782.784833936842,6812.784833936842,7009.86339369047,7199.86339369047,300.0,1992.2045324376033,0.0,0,0,0,0
S3,continuous,A,508,96,5080.0,5275.7098800601325,5324.436896253599,5590.711890934656,5628.764561424192,195.7098800601325,195.7098800601325,266.27499468105725,461.98487474118974,5275.7098800601325,5305.7098800601325,5618.764561424192,5808.764561424192,300.0,2179.712868993557,0.0,1,1,0,0
S3,continuous,A,509,130,5090.0,5985.376851479039,6019.269054835812,7127.094955558697,7168.626537890635,895.376851479039,895.376851479039,1107.8259007228844,2003.2027522019234,5985.376851479039,6015.376851479039,7158.626537890635,7348.626537890635,300.0,1451.9615618851035,0.0,1,1,0,0
S3,continuous,A,510,12,5100.0,5411.738977573059,5507.504742596074,5507.504742596074,5508.772355492823,311.73897757305895,311.73897757305895,0.0,311.73897757305895,5411.738977573059,5441.738977573059,5507.504742596074,5697.504742596074,300.0,3075.5359205894943,0.0,1,1,0,0
S3,continuous,A,511,47,5110.0,8137.137490408315,8164.444055677228,8294.444055677228,8323.042445945017,3027.137490408315,3027.137490408315,130.0,3157.137490408315,8137.137490408315,8167.137490408315,8313.042445945017,8503.042445945017,300.0,1900.380477974811,0.0,3,3,0,0
S3,continuous,A,512,32,5120.0,7130.765544850314,7173.319606147327,7173.319606147327,7211.372276636863,2010.7655448503137,2010.7655448503137,0.0,2010.7655448503137,7130.765544850314,7160.765544850314,7201.372276636863,7391.372276636863,300.0,806.7852544619639,0.0,1,1,0,0
S3,continuous,A,513,148,5130.0,6779.450714415969,6800.531392569924,6914.7838878326975,6935.285548419681,1649.4507144159688,1649.4507144159688,114.25249526277366,1763.7032096787425,6779.450714415969,6809.450714415969,6925.285548419681,7115.285548419681,300.0,492.7102729724231,0.0,0,0,0,0
S3,continuous,A,514,36,5140.0,5322.991657587124,5372.204876854559,7352.120865957225,7368.583188771703,182.99165758712388,182.99165758712388,1979.9159891026657,2162.9076466897895,5322.991657587124,5352.991657587124,7358.583188771703,7548.583188771703,300.0,1173.8365764622895,0.0,0,0,0,0
S3,continuous,A,515,22,5150.0,5387.504742596074,5421.499897377383,5421.499897377383,5446.923448004907,237.5047425960738,237.5047425960738,0.0,237.5047425960738,5387.504742596074,5417.504742596074,5436.923448004907,5626.923448004907,300.0,2315.2919432586614,0.0,2,2,0,0
S3,continuous,A,516,144,5160.0,5160.0,5199.999895048332,6771.506857679945,6822.784833936842,0.0,0.0,1571.5069626316126,1571.5069626316126,5160.0,5190.0,6812.784833936842,7002.784833936842,300.0,1355.2639291426456,0.0,2,2,0,0
S3,continuous,A,517,127,5170.0,5352.991657587124,5400.48455686451,7593.5046572470865,7647.264437983766,182.99165758712388,182.99165758712388,2193.020100382577,2376.0117579697007,5352.991657587124,5382.991657587124,7637.264437983766,7827.264437983766,300.0,1245.6358667366299,0.0,0,0,0,0
S3,continuous,A,518,84,5180.0,6714.720221891127,6776.753717801663,7783.5046572470865,7837.264437983766,1534.720221891127,1534.720221891127,1006.7509394454237,2541.4711613365507,6714.720221891127,6744.720221891127,7827.264437983766,8017.264437983766,300.0,1843.2510539162895,0.0,2,2,0,0
S3,continuous,A,519,78,5190.0,5382.991657587124,5449.084383973852,5985.632173329904,6026.358558272963,192.99165758712388,192.99165758712388,536.5477893560519,729.5394469431758,5382.991657587124,5412.991657587124,6016.358558272963,6206.358558272963,300.0,2420.45736172466,0.0,2,2,0,0
S3,continuous,A,520,143,5200.0,5200.0,5260.601976149142,6123.2205972465945,6147.459269428777,0.0,0.0,862.6186210974529,862.6186210974529,5200.0,5230.0,6137.459269428777,6327.459269428777,300.0,2593.5394821563386,0.0,1,1,0,0
S3,continuous,A,521,17,5210.0,5716.089176736059,5791.42695298519,5791.42695298519,5816.850503612714,506.089176736059,506.089176736059,0.0,506.089176736059,5716.089176736059,5746.089176736059,5806.850503612714,5996.850503612714,300.0,1981.3515652782526,0.0,1,1,0,0
S3,continuous,A,522,30,5220.0,5417.504742596074,5462.575031215472,6136.457529632994,6156.959190219977,197.5047425960738,197.5047425960738,673.8824984175217,871.3872410135955,5417.504742596074,5447.504742596074,6146.959190219977,6336.959190219977,300.0,3029.0247489285657,0.0,4,4,0,0
S3,continuous,A,523,8,5230.0,5891.788303929512,5922.5968028169855,7973.5046572470865,8027.264437983766,661.788303929512,661.788303929512,2050.907854430101,2712.696158359613,5891.788303929512,5921.788303929512,8017.264437983766,8207.264437983766,300.0,1047.429697760073,0.0,0,0,0,0
S3,continuous,A,524,6,5240.0,5808.764561424192,5865.407027849324,6473.510982654572,6474.778595551322,568.7645614241919,568.7645614241919,608.1039548052486,1176.8685162294405,5808.764561424192,5838.764561424192,6473.510982654572,6663.510982654572,300.0,1435.9211459711858,0.0,2,2,0,0
S3,continuous,A,525,141,5250.0,6744.720221891127,6805.425428329967,7009.1662465867175,7037.7646368545065,1494.720221891127,1494.720221891127,203.74081825675057,1698.4610401478776,6744.720221891127,6774.720221891127,7027.7646368545065,7217.7646368545065,300.0,1628.8914701254569,0.0,1,1,0,0
S3,continuous,A,526,20,5260.0,5260.0,5308.913872894627,6313.2205972465945,6337.459269428777,0.0,0.0,1004.3067243519672,1004.3067243519672,5260.0,5290.0,6327.459269428777,6517.459269428777,300.0,1618.5508207057387,0.0,0,0,0,0
S3,continuous,A,527,48,5270.0,5447.504742596074,5491.576607092201,6254.282152991147,6282.880543258936,177.5047425960738,177.5047425960738,762.7055458989462,940.21028849502,5447.504742596074,5477.504742596074,6272.880543258936,6462.880543258936,300.0,3002.946789114551,0.0,7,7,0,0
S3,continuous,A,528,105,5280.0,5305.7098800601325,5348.567820636553,6147.258052964202,6167.938092938605,25.70988006013249,25.70988006013249,798.690232327649,824.4001123877815,5305.7098800601325,5335.7098800601325,6157.938092938605,6347.938092938605,300.0,1701.5780086148188,0.0,1,1,0,0
S3,continuous,A,529,40,5290.0,7002.784833936842,7072.393886358499,7072.393886358499,7123.771474539063,1712.784833936842,1712.784833936842,0.0,1712.784833936842,7002.784833936842,7032.784833936842,7113.771474539063,7303.771474539063,300.0,1735.349566504618,0.0,0,0,0,0
S3,continuous,A,530,146,5300.0,7118.104583703984,7181.279424857111,7363.319606147327,7401.372276636863,1818.1045837039837,1818.1045837039837,182.04018129021642,2000.1447649942002,7118.104583703984,7148.104583703984,7391.372276636863,7581.372276636863,300.0,1826.7912433832378,0.0,1,1,0,0
S3,continuous,A,531,71,5310.0,7160.765544850314,7226.726692669485,7226.726692669485,7247.228353256468,1850.7655448503137,1850.7655448503137,0.0,1850.7655448503137,7160.765544850314,7190.765544850314,7237.228353256468,7427.228353256468,300.0,2279.5026397596585,0.0,1,1,0,0
S3,continuous,A,532,123,5320.0,6809.450714415969,6837.664062684215,6837.664062684215,6889.0416508647795,1489.4507144159688,1489.4507144159688,0.0,1489.4507144159688,6809.450714415969,6839.450714415969,6879.0416508647795,7069.0416508647795,300.0,1122.6012518930768,0.0,1,1,0,0
S3,continuous,A,533,95,5335.376851479039,6936.6572103361395,6960.6363683041845,6991.506857679945,7042.784833936842,1601.2803588571005,1601.2803588571005,30.87048937576037,1632.1508482328609,6936.6572103361395,6966.6572103361395,7032.784833936842,7222.784833936842,300.0,1651.3165423908276,0.0,3,3,0,0
S3,continuous,A,534,41,5346.089176736059,6839.450714415969,6883.770998661826,8167.137490408315,8168.159909186018,1493.3615376799098,1493.3615376799098,1283.3664917464894,2776.728029426399,6839.450714415969,6869.450714415969,8167.137490408315,8357.137490408315,300.0,1944.6211367194842,0.0,1,1,0,0
S3,continuous,A,535,90,5378.583116523754,6517.459269428777,6558.666734634488,7317.094955558697,7358.626537890635,1138.8761529050225,1138.8761529050225,758.4282209242083,1897.3043738292308,6517.459269428777,6547.459269428777,7348.626537890635,7538.626537890635,300.0,1460.1041408058857,0.0,0,0,0,0
S3,continuous,A,536,13,5379.404486038063,7538.626537890635,7599.3317443294745,7599.3317443294745,7627.9301345972635,2159.222051852572,2159.222051852572,0.0,2159.222051852572,7538.626537890635,7568.626537890635,7617.9301345972635,7807.9301345972635,300.0,1628.8914701254569,0.0,1,1,0,0
S3,continuous,A,537,114,5382.784833936842,6409.848733070361,6480.264997453284,7170.851805752049,7209.86339369047,1027.063899133519,1027.063899133519,690.5868082987645,1717.6507074322835,6409.848733070361,6439.848733070361,7199.86339369047,7389.86339369047,300.0,1574.2890864584458,0.0,0,0,0,0
S3,continuous,A,538,81,5387.459269428777,8357.137490408315,8374.824696513406,8374.824696513406,8395.241208346139,2969.6782209795383,2969.6782209795383,0.0,2969.6782209795383,8357.137490408315,8387.137490408315,8385.241208346139,8575.241208346139,300.0,1218.1804748780125,0.0,3,3,0,0
S3,continuous,A,539,100,5399.960192013383,5782.113000835334,5841.634442554381,7116.345748256315,7158.104583703984,382.1528088219511,382.1528088219511,1274.7113057019342,1656.8641145238853,5782.113000835334,5812.113000835334,7148.104583703984,7338.104583703984,300.0,1771.1757023055045,0.0,3,3,0,0
S3,continuous,A,540,44,5407.598526956646,6966.6572103361395,7006.142014327064,8163.5046572470865,8217.264437983766,1559.0586833794932,1559.0586833794932,1157.3626429200222,2716.4213262995154,6966.6572103361395,6996.6572103361395,8207.264437983766,8397.264437983766,300.0,2697.435299648399,0.0,1,1,0,0
S3,continuous,A,541,2,5412.113000835334,6996.6572103361395,7008.066624416386,7008.066624416386,7033.49017504391,1584.5442095008057,1584.5442095008057,0.0,1584.5442095008057,6996.6572103361395,7026.6572103361395,7023.49017504391,7213.49017504391,300.0,684.0614883906856,0.0,1,1,0,0
S3,continuous,A,542,3,5425.285548419681,5477.504742596074,5504.184697619251,6190.851805752049,6229.86339369047,52.2191941763931,52.2191941763931,686.6671081327977,738.8863023091908,5477.504742596074,5507.504742596074,6219.86339369047,6409.86339369047,300.0,1895.5521459377146,0.0,1,1,0,0
S3,continuous,A,543,50,5438.764561424192,5697.504742596074,5717.36215142842,6059.302611612585,6097.35528210212,258.7401811718819,258.7401811718819,341.9404601841652,600.6806413560471,5697.504742596074,5727.504742596074,6087.35528210212,6277.35528210212,300.0,1435.9211459711858,0.0,2,2,0,0
S3,continuous,A,544,22,5446.923448004907,6439.848733070361,6529.790336120722,7026.6572103361395,7029.960192013383,992.9252850654539,992.9252850654539,496.86687421541774,1489.7921592808716,6439.848733070361,6469.848733070361,7026.6572103361395,7216.6572103361395,300.0,2697.435299648399,0.0,1,1,0,0
S3,continuous,A,545,24,5454.023818597756,6206.358558272963,6253.0108460206,7181.506857679945,7232.784833936842,752.334739675207,752.334739675207,928.4960116593447,1680.8307513345517,6206.358558272963,6236.358558272963,7222.784833936842,7412.784833936842,300.0,855.0819929716572,0.0,0,0,0,0
S3,continuous,A,546,73,5460.0,5605.285548419681,5630.405564346141,7542.120865957225,7558.583188771703,145.2855484196807,145.2855484196807,1911.7153016110842,2057.000850030765,5605.285548419681,5635.285548419681,7548.583188771703,7738.583188771703,300.0,492.71027297242307,0.0,0,0,0,0
S3,continuous,A,547,60,5470.0,6869.450714415969,6905.154852184826,6905.154852184826,6945.8812371278855,1399.4507144159688,1399.4507144159688,0.0,1399.4507144159688,6869.450714415969,6899.450714415969,6935.8812371278855,7125.8812371278855,300.0,1568.7312024129683,0.0,2,2,0,0
S3,continuous,A,548,98,5480.0,5480.0,5528.727016193467,6249.302611612585,6287.35528210212,0.0,0.0,720.5755954191181,720.5755954191181,5480.0,5510.0,6277.35528210212,6467.35528210212,300.0,2179.712868993557,0.0,1,1,0,0
S3,continuous,A,549,93,5490.0,8397.264437983766,8468.062853039328,8564.824696513406,8585.241208346139,2907.2644379837657,2907.2644379837657,96.76184347407798,3004.0262814578437,8397.264437983766,8427.264437983766,8575.241208346139,8765.241208346139,300.0,1506.790417439271,0.0,2,2,0,0
S3,continuous,A,550,76,5501.47545775066,5824.023818597756,5855.949669774432,6326.457529632994,6346.959190219977,322.54836084709586,322.54836084709586,470.50785985856237,793.0562207056582,5824.023818597756,5854.023818597756,6336.959190219977,6526.959190219977,300.0,467.33098153299966,0.0,0,0,0,0
S3,continuous,A,551,12,5510.0,5921.788303929512,5958.8213538147065,7613.151439169063,7649.158177295333,411.78830392951204,411.78830392951204,1654.330085354357,2066.118389283869,5921.788303929512,5951.788303929512,7639.158177295333,7829.158177295333,300.0,1373.6345512227545,0.0,0,0,0,0
S3,continuous,A,552,125,5525.376851479039,5525.376851479039,5568.234792055459,6337.258052964202,6357.938092938605,0.0,0.0,769.0232609087425,769.0232609087425,5525.376851479039,5555.376851479039,6347.938092938605,6537.938092938605,300.0,1701.5780086148188,0.0,1,1,0,0
S3,continuous,A,553,101,5536.089176736059,6547.459269428777,6596.33962091921,6596.33962091921,6616.756132751943,1011.3700926927177,1011.3700926927177,0.0,1011.3700926927177,6547.459269428777,6577.459269428777,6606.756132751943,6796.756132751943,300.0,1866.0545406246356,0.0,1,1,0,0
S3,continuous,A,554,87,5568.583116523754,5727.504742596074,5763.7872725315965,6527.258052964202,6547.938092938605,158.92162607231967,158.92162607231967,763.4707804326054,922.392406504925,5727.504742596074,5757.504742596074,6537.938092938605,6727.938092938605,300.0,2444.0660669406293,0.0,3,3,0,0
S3,continuous,A,555,137,5572.784833936842,5626.923448004907,5693.136010198673,6815.8537114411465,6851.356786934754,54.13861406806518,54.13861406806518,1122.7177012424736,1176.8563153105388,5626.923448004907,5656.923448004907,6841.356786934754,7031.356786934754,300.0,3023.900568355086,0.0,3,3,0,0
S3,continuous,A,556,68,5577.459269428777,7338.104583703984,7393.552238152418,7393.552238152418,7418.975788779942,1760.645314275207,1760.645314275207,0.0,1760.645314275207,7338.104583703984,7368.104583703984,7408.975788779942,7598.975788779942,300.0,1248.499863760344,0.0,2,2,0,0
S3,continuous,A,557,5,5597.598526956646,7216.6572103361395,7254.7838878326975,7416.726692669485,7437.228353256468,1619.0586833794932,1619.0586833794932,161.94280483678722,1781.0014882162804,7216.6572103361395,7246.6572103361395,7427.228353256468,7617.228353256468,300.0,2440.602932608804,0.0,6,6,0,0
S3,continuous,A,558,63,5602.113000835334,7190.765544850314,7239.764771583401,7360.851805752049,7399.86339369047,1588.6525440149799,1588.6525440149799,121.08703416864773,1709.7395781836276,7190.765544850314,7220.765544850314,7389.86339369047,7579.86339369047,300.0,1241.2575374446203,0.0,0,0,0,0
S3,continuous,A,559,88,5619.960192013383,7412.784833936842,7482.393886358499,7482.393886358499,7533.771474539063,1792.8246419234592,1792.8246419234592,0.0,1792.8246419234592,7412.784833936842,7442.784833936842,7523.771474539063,7713.771474539063,300.0,1735.349566504618,0.0,0,0,0,0
S3,continuous,A,560,96,5628.764561424192,5656.923448004907,5700.648571757085,5700.648571757085,5721.065083589819,28.15888658071526,28.15888658071526,0.0,28.15888658071526,5656.923448004907,5686.923448004907,5711.065083589819,5901.065083589819,300.0,1449.3051872782025,0.0,0,0,0,0
S3,continuous,A,561,7,5644.023818597756,5838.764561424192,5895.407027849324,7289.59329714655,7290.8609100433,194.74074282643596,194.74074282643596,1394.1862692972263,1588.9270121236623,5838.764561424192,5868.764561424192,7289.59329714655,7479.59329714655,300.0,1435.9211459711858,0.0,2,2,0,0
S3,continuous,A,562,55,5646.358558272963,7442.784833936842,7533.510982654572,7533.510982654572,7534.778595551322,1796.426275663879,1796.426275663879,0.0,1796.426275663879,7442.784833936842,7472.784833936842,7533.510982654572,7723.510982654572,300.0,2892.6061098237788,0.0,3,3,0,0
S3,continuous,A,563,74,5648.159909186018,5681.47545775066,5728.968357028046,8383.504657247086,8437.264437983764,33.315548564642086,33.315548564642086,2654.5363002190406,2687.8518487836827,5681.47545775066,5711.47545775066,8427.264437983766,8617.264437983766,300.0,1245.6358667366299,0.0,0,0,0,0
S3,continuous,A,564,70,5651.788303929512,6409.86339369047,6465.531465275135,8573.504657247086,8627.264437983764,758.0750897609578,758.0750897609578,2107.9731919719516,2866.0482817329093,6409.86339369047,6439.86339369047,8617.264437983766,8807.264437983766,300.0,1574.2890864584458,0.0,0,0,0,0
S3,continuous,A,565,126,5657.532254220274,7368.104583703984,7417.09047191792,7417.09047191792,7420.393453595163,1710.5723294837098,1710.5723294837098,0.0,1710.5723294837098,7368.104583703984,7398.104583703984,7417.09047191792,7607.09047191792,300.0,707.112603375729,0.0,1,1,0,0
S3,continuous,A,566,122,5660.0,5746.089176736059,5825.496557627992,5825.496557627992,5826.7641705247415,86.08917673605902,86.08917673605902,0.0,86.08917673605902,5746.089176736059,5776.089176736059,5825.496557627992,6015.496557627992,300.0,2131.878852811167,0.0,3,3,0,0
S3,continuous,A,567,96,5721.065083589819,7246.6572103361395,7284.758806724044,7803.151439169063,7839.158177295333,1525.592126746321,1525.592126746321,518.3926324450194,2043.9847591913403,7246.6572103361395,7276.6572103361395,7829.158177295333,8019.158177295333,300.0,2516.4562463949933,0.0,5,5,0,0
S3,continuous,A,568,139,5762.784833936842,6526.959190219977,6564.507601418299,7005.8537114411465,7041.356786934754,764.1743562831352,764.1743562831352,441.3461100228478,1205.520466305983,6526.959190219977,6556.959190219977,7031.356786934754,7221.356786934754,300.0,1416.473721158818,0.0,1,1,0,0
S3,continuous,A,569,80,5767.459269428777,6236.358558272963,6283.0108460206,7431.506857679945,7482.784833936842,468.89928884418623,468.89928884418623,1148.4960116593447,1617.395300503531,6236.358558272963,6266.358558272963,7472.784833936842,7662.784833936842,300.0,855.0819929716572,0.0,0,0,0,0
S3,continuous,A,570,79,5775.376851479039,8387.137490408315,8404.824696513406,8754.824696513406,8775.241208346139,2611.760638929276,2611.760638929276,350.0,2961.760638929276,8387.137490408315,8417.137490408315,8765.241208346139,8955.241208346139,300.0,1218.1804748780125,0.0,3,3,0,0
S3,continuous,A,571,108,5776.959190219977,7579.86339369047,7627.816944275284,7627.816944275284,7669.348526607222,1802.9042034704926,1802.9042034704926,0.0,1802.9042034704926,7579.86339369047,7609.86339369047,7659.348526607222,7849.348526607222,300.0,998.8466944447091,0.0,0,0,0,0
S3,continuous,A,572,82,5788.583116523754,5788.583116523754,5832.654981019881,6444.282152991147,6472.880543258936,0.0,0.0,611.6271719712659,611.6271719712659,5788.583116523754,5818.583116523754,6462.880543258936,6652.880543258936,300.0,3002.946789114551,0.0,7,7,0,0
S3,continuous,A,573,140,5809.960192013383,6727.938092938605,6780.995009717387,8417.137490408315,8418.159909186019,917.9779009252225,917.9779009252225,1636.142480690928,2554.1203816161506,6727.938092938605,6757.938092938605,8417.137490408315,8607.137490408315,300.0,2266.9707473857625,0.0,3,3,0,0
S3,continuous,A,574,17,5816.850503612714,5901.065083589819,5946.123274730803,6563.2205972465945,6587.459269428777,84.21457997710422,84.21457997710422,617.0973225157913,701.3119024928956,5901.065083589819,5931.065083589819,6577.459269428777,6767.459269428777,300.0,1866.0545406246356,0.0,1,1,0,0
S3,continuous,A,575,122,5826.7641705247415,7398.104583703984,7460.373272932278,7580.851805752049,7619.86339369047,1571.3404131792422,1571.3404131792422,120.47853281977041,1691.8189459990126,7398.104583703984,7428.104583703984,7609.86339369047,7799.86339369047,300.0,1771.1757023055045,0.0,3,3,0,0
S3,continuous,A,576,118,5836.358558272963,6467.35528210212,6534.146915343234,8607.137490408315,8608.159909186019,630.9967238291574,630.9967238291574,2072.9905750650814,2703.987298894239,6467.35528210212,6497.35528210212,8607.137490408315,8797.137490408315,300.0,2111.306296441388,0.0,3,3,0,0
S3,continuous,A,577,109,5838.159909186018,7799.86339369047,7843.737347114202,7843.737347114202,7895.114935294766,1961.7034845044518,1961.7034845044518,0.0,1961.7034845044518,7799.86339369047,7829.86339369047,7885.114935294766,8075.114935294766,300.0,776.1035796156632,0.0,0,0,0,0
S3,continuous,A,578,42,5847.598526956646,7829.86339369047,7881.867470235708,7993.151439169063,8029.158177295333,1982.2648667338235,1982.2648667338235,111.28396893335503,2093.5488356671785,7829.86339369047,7859.86339369047,8019.158177295333,8209.158177295332,300.0,1241.2575374446205,0.0,0,0,0,0
S3,continuous,A,579,58,5849.848733070361,7568.626537890635,7634.25751828,7723.510982654572,7724.778595551322,1718.7778048202736,1718.7778048202736,89.2534643745721,1808.0312691948457,7568.626537890635,7598.626537890635,7723.510982654572,7913.510982654572,300.0,1820.622513305298,0.0,2,2,0,0
S3,continuous,A,580,46,5849.86339369047,6266.358558272963,6314.613253691835,6314.613253691835,6335.029765524569,416.4951645824931,416.4951645824931,0.0,416.4951645824931,6266.358558272963,6296.358558272963,6325.029765524569,6515.029765524569,300.0,807.6018489331556,0.0,1,1,0,0
S3,continuous,A,581,113,5867.631526624262,6767.459269428777,6820.2933316364815,7396.345748256315,7438.104583703984,899.8277428045149,899.8277428045149,576.0524166198338,1475.8801594243487,6767.459269428777,6797.459269428777,7428.104583703984,7618.104583703984,300.0,2236.346873184095,0.0,3,3,0,0
S3,continuous,A,582,56,5902.880543258936,8807.264437983766,8894.78193780354,8894.78193780354,8920.205488431066,2904.3838947248296,2904.3838947248296,0.0,2904.3838947248296,8807.264437983766,8837.264437983766,8910.205488431066,9100.205488431066,300.0,2646.4312623607034,0.0,3,3,0,0
S3,continuous,A,583,27,5907.35528210212,6652.880543258936,6700.421119088354,7830.851805752049,7869.86339369047,745.5252611568158,745.5252611568158,1130.4306866636944,1875.9559478205101,6652.880543258936,6682.880543258936,7859.86339369047,8049.86339369047,300.0,1600.8622618063268,0.0,0,0,0,0
S3,continuous,A,584,145,5942.194142647843,6899.450714415969,6926.3872584859855,6926.3872584859855,6947.067298460389,957.2565717681255,957.2565717681255,0.0,957.2565717681255,6899.450714415969,6929.450714415969,6937.067298460389,7127.067298460389,300.0,883.9932309803323,0.0,0,0,0,0
S3,continuous,A,585,99,5957.459269428777,6757.938092938605,6814.130694178315,7607.09047191792,7610.393453595163,800.4788235098285,800.4788235098285,792.9597777396048,1593.4386012494333,6757.938092938605,6787.938092938605,7607.09047191792,7797.09047191792,300.0,2487.4191926120016,0.0,2,2,0,0
S3,continuous,A,586,149,5966.959190219977,6797.459269428777,6853.70384760523,8797.137490408315,8798.159909186019,830.5000792087994,830.5000792087994,1943.4336428030847,2773.933722011884,6797.459269428777,6827.459269428777,8797.137490408315,8987.137490408315,300.0,2260.0325210842107,0.0,2,2,0,0
S3,continuous,A,587,29,5977.938092938605,6215.394236786688,6235.251645619034,6469.302611612585,6507.35528210212,237.45614384808323,237.45614384808323,234.05096599355056,471.5071098416338,6215.394236786688,6245.394236786688,6497.35528210212,6687.35528210212,300.0,1435.9211459711858,0.0,2,2,0,0
S3,continuous,A,588,65,5978.583116523754,7618.104583703984,7689.816387718353,7732.120865957225,7748.583188771703,1639.5214671802296,1639.5214671802296,42.304478238871525,1681.8259454191011,7618.104583703984,7648.104583703984,7738.583188771703,7928.583188771703,300.0,2287.9703624241706,0.0,2,2,0,0
S3,continuous,A,589,138,6012.784833936842,6296.358558272963,6352.756924532543,7797.09047191792,7800.393453595163,283.5737243361209,283.5737243361209,1444.3335473853767,1727.9072717214976,6296.358558272963,6326.358558272963,7797.09047191792,7987.09047191792,300.0,1264.9455875362642,0.0,3,3,0,0
S3,continuous,A,590,78,6026.358558272963,6687.35528210212,6753.718456952389,6786.33962091921,6806.756132751943,660.9967238291574,660.9967238291574,32.62116396682086,693.6178877959783,6687.35528210212,6717.35528210212,6796.756132751943,6986.756132751943,300.0,2179.712868993557,0.0,1,1,0,0
S3,continuous,A,591,38,6026.661849683438,6047.631526624262,6124.148506890067,7987.09047191792,7990.393453595163,20.969676940823774,20.969676940823774,1862.9419650278523,1883.9116419686761,6047.631526624262,6077.631526624262,7987.09047191792,8177.09047191792,300.0,2928.2906040007842,0.0,2,2,0,0
S3,continuous,A,592,120,6028.159909186018,6556.959190219977,6610.252891242722,7616.345748256315,7658.104583703984,528.7992810339592,528.7992810339592,1006.092857013593,1534.8921380475522,6556.959190219977,6586.959190219977,7648.104583703984,7838.104583703984,300.0,2497.4385092240464,0.0,3,3,0,0
S3,continuous,A,593,31,6029.450714415969,8987.137490408315,9023.151439169065,9023.151439169065,9059.158177295336,2957.686775992346,2957.686775992346,0.0,2957.686775992346,8987.137490408315,9017.137490408315,9049.158177295336,9239.158177295336,300.0,2517.914450056249,0.0,3,3,0,0
S3,continuous,A,594,83,6039.848733070361,7838.104583703984,7910.567848979254,7910.567848979254,7931.247888953658,1798.2558506336227,1798.2558506336227,0.0,1798.2558506336227,7838.104583703984,7868.104583703984,7921.247888953658,8111.247888953658,300.0,2359.1563656171625,0.0,1,1,0,0
S3,continuous,A,595,116,6039.86339369047,6245.394236786688,6276.926800717432,9017.137490408315,9018.159909186019,205.53084309621863,205.53084309621863,2740.2106896908826,2945.7415327871013,6245.394236786688,6275.394236786688,9017.137490408315,9207.137490408315,300.0,2029.11356063856,0.0,0,0,0,0
S3,continuous,A,596,15,6089.960192013383,6089.960192013383,6148.1112845254665,7913.510982654572,7914.778595551322,0.0,0.0,1765.3996981291057,1765.3996981291057,6089.960192013383,6119.960192013383,7913.510982654572,8103.510982654572,300.0,2315.2919432586614,0.0,2,2,0,0
S3,continuous,A,597,142,6091.356786934754,6787.938092938605,6826.812349324999,7817.816944275284,7859.348526607222,696.5813060038508,696.5813060038508,991.0045949502855,1687.5859009541364,6787.938092938605,6817.938092938605,7849.348526607222,8039.348526607222,300.0,1524.005872331035,0.0,1,1,0,0
S3,continuous,A,598,104,6092.880543258936,7221.356786934754,7268.84968621214,8793.504657247086,8847.264437983764,1128.4762436758183,1128.4762436758183,1524.6549710349464,2653.1312147107647,7221.356786934754,7251.356786934754,8837.264437983766,9027.264437983766,300.0,1245.6358667366299,0.0,0,0,0,0
S3,continuous,A,599,50,6097.35528210212,6817.938092938605,6849.092354168547,7922.120865957225,7938.583188771703,720.5828108364849,720.5828108364849,1073.0285117886779,1793.6113226251628,6817.938092938605,6847.938092938605,7928.583188771703,8118.583188771703,300.0,883.9932309803326,0.0,0,0,0,0
S3,continuous,A,600,34,6100.765544850314,7024.404487362472,7057.2154795343295,7225.8537114411465,7261.356786934754,923.6389425121579,923.6389425121579,168.63823190681705,1092.277174418975,7024.404487362472,7054.404487362472,7251.356786934754,7441.356786934754,300.0,870.1967376906861,0.0,0,0,0,0
S3,continuous,A,601,107,6103.5667628180645,7441.356786934754,7493.9066130397005,7606.726692669485,7627.228353256468,1337.79002411669,1337.79002411669,112.82007962978423,1450.6101037464741,7441.356786934754,7471.356786934754,7617.228353256468,7807.228353256468,300.0,1416.473721158818,0.0,1,1,0,0
S3,continuous,A,602,147,6132.194142647843,7220.765544850314,7284.735256056285,7836.345748256315,7878.104583703984,1088.5714022024704,1088.5714022024704,551.6104922000304,1640.1818944025008,7220.765544850314,7250.765544850314,7868.104583703984,8058.104583703984,300.0,2253.0260731831427,0.0,2,2,0,0
S3,continuous,A,603,49,6132.836257956493,6717.35528210212,6783.718456952389,6976.33962091921,6996.756132751943,584.5190241456276,584.5190241456276,192.62116396682086,777.1401881124484,6717.35528210212,6747.35528210212,6986.756132751943,7176.756132751943,300.0,2179.712868993557,0.0,1,1,0,0
S3,continuous,A,604,143,6147.459269428777,9027.264437983766,9091.152677633514,9091.152677633514,9111.832717607918,2879.805168554989,2879.805168554989,0.0,2879.805168554989,9027.264437983766,9057.264437983766,9101.832717607918,9291.832717607918,300.0,1047.429697760073,0.0,0,0,0,0
S3,continuous,A,605,30,6156.959190219977,8058.104583703984,8120.373272932278,8232.312913623275,8271.324501561696,1901.1453934840065,1901.1453934840065,111.93964069099638,2013.0850341750029,8058.104583703984,8088.104583703984,8261.324501561696,8451.324501561696,300.0,1771.1757023055045,0.0,3,3,0,0
S3,continuous,A,606,105,6167.938092938605,7598.626537890635,7658.352336634563,7658.352336634563,7679.032376608966,1430.6884449520294,1430.6884449520294,0.0,1430.6884449520294,7598.626537890635,7628.626537890635,7669.032376608966,7859.032376608966,300.0,1524.005872331035,0.0,1,1,0,0
S3,continuous,A,607,14,6168.583116523754,6663.510982654572,6683.841187836095,8309.39660612961,8351.155441577279,494.9278661308181,494.9278661308181,1625.5554182935157,2120.4832844243338,6663.510982654572,6693.510982654572,8341.155441577279,8531.155441577279,300.0,1485.9717273736342,0.0,0,0,0,0
S3,continuous,A,608,119,6218.159909186018,6586.959190219977,6628.25173130149,8007.816944275284,8049.348526607222,368.79928103395923,368.79928103395923,1379.5652129737946,1748.3644940077538,6586.959190219977,6616.959190219977,8039.348526607222,8229.348526607222,300.0,1696.2249142298542,0.0,2,2,0,0
S3,continuous,A,609,67,6219.450714415969,6219.450714415969,6278.631984126589,9013.504657247086,9067.264437983764,0.0,0.0,2734.872673120498,2734.872673120498,6219.450714415969,6249.450714415969,9057.264437983766,9247.264437983766,300.0,2646.4312623607034,0.0,3,3,0,0
S3,continuous,A,610,110,6229.848733070361,6616.959190219977,6654.507601418299,7645.972382257052,7681.47545775066,387.1104571496162,387.1104571496162,991.4647808387535,1378.5752379883697,6616.959190219977,6646.959190219977,7671.47545775066,7861.47545775066,300.0,1416.473721158818,0.0,1,1,0,0
S3,continuous,A,611,3,6229.86339369047,6646.959190219977,6698.816441989285,6698.816441989285,6724.239992616809,417.0957965295074,417.0957965295074,0.0,417.0957965295074,6646.959190219977,6676.959190219977,6714.239992616809,6904.239992616809,300.0,2319.9988015608164,0.0,3,3,0,0
S3,continuous,A,612,115,6262.784833936842,7628.626537890635,7689.3317443294745,7789.3317443294745,7817.9301345972635,1365.8417039537926,1365.8417039537926,100.0,1465.8417039537926,7628.626537890635,7658.626537890635,7807.9301345972635,7997.9301345972635,300.0,1628.8914701254569,0.0,1,1,0,0
S3,continuous,A,613,97,6279.960192013383,6676.959190219977,6732.284546626275,8177.09047191792,8180.393453595163,396.9989982065945,396.9989982065945,1444.8059252916446,1841.804923498239,6676.959190219977,6706.959190219977,8177.09047191792,8367.09047191792,300.0,2440.602932608804,0.0,6,6,0,0
S3,continuous,A,614,43,6281.356786934754,6312.836257956493,6370.840919826244,8197.816944275284,8239.348526607222,31.47947102173839,31.47947102173839,1826.9760244490399,1858.4554954707783,6312.836257956493,6342.836257956493,8229.348526607222,8419.348526607222,300.0,906.3507651750326,0.0,0,0,0,0
S3,continuous,A,615,48,6282.880543258936,8419.348526607222,8478.228150096907,8478.228150096907,8481.53113177415,2136.467983348286,2136.467983348286,0.0,2136.467983348286,8419.348526607222,8449.348526607222,8478.228150096907,8668.228150096907,300.0,1380.7088972290849,0.0,1,1,0,0
S3,continuous,A,616,4,6284.778595551322,8449.348526607222,8506.122658462904,9207.137490408315,9208.159909186019,2164.5699310559003,2164.5699310559003,701.0148319454111,2865.5847630013113,8449.348526607222,8479.348526607222,9207.137490408315,9397.137490408315,300.0,1228.9399737978292,0.0,2,2,0,0
S3,continuous,A,617,98,6287.35528210212,6342.836257956493,6408.028696741716,6719.302611612585,6757.35528210212,55.480975854372446,55.480975854372446,311.2739148708688,366.75489072524124,6342.836257956493,6372.836257956493,6747.35528210212,6937.35528210212,300.0,1368.1413336610954,0.0,0,0,0,0
S3,continuous,A,618,33,6290.765544850314,6847.938092938605,6894.029067427034,7095.154852184826,7135.8812371278855,557.1725480882915,557.1725480882915,201.12578475779264,758.2983328460841,6847.938092938605,6877.938092938605,7125.8812371278855,7315.8812371278855,300.0,2001.0944255223094,0.0,1,1,0,0
S3,continuous,A,619,39,6314.062705242071,7115.285548419681,7152.833959618002,7835.972382257052,7871.47545775066,801.2228431776093,801.2228431776093,683.1384226390501,1484.3612658166594,7115.285548419681,7145.285548419681,7861.47545775066,8051.47545775066,300.0,1416.473721158818,0.0,1,1,0,0
S3,continuous,A,620,133,6322.194142647843,6372.836257956493,6439.211070445776,7199.1662465867175,7227.7646368545065,50.64211530864941,50.64211530864941,759.9551761409411,810.5972914495906,6372.836257956493,6402.836257956493,7217.7646368545065,7407.7646368545065,300.0,1399.694846156411,0.0,1,1,0,0
S3,continuous,A,621,46,6335.029765524569,7662.784833936842,7734.738986484541,8668.228150096907,8671.53113177415,1327.7550684122734,1327.7550684122734,933.4891636123666,2261.24423202464,7662.784833936842,7692.784833936842,8668.228150096907,8858.228150096907,300.0,1651.3165423908276,0.0,3,3,0,0
S3,continuous,A,622,20,6337.459269428777,8209.158177295332,8263.018320114616,8263.018320114616,8314.395908295179,1871.6989078665556,1871.6989078665556,0.0,1871.6989078665556,8209.158177295332,8239.158177295332,8304.395908295179,8494.395908295179,300.0,1627.1486110683186,0.0,0,0,0,0
S3,continuous,A,623,76,6346.959190219977,7479.59329714655,7513.588451927859,7583.552238152418,7608.975788779942,1132.6341069265727,1132.6341069265727,69.96378622455904,1202.5978931511318,7479.59329714655,7509.59329714655,7598.975788779942,7788.975788779942,300.0,2315.2919432586614,0.0,2,2,0,0
S3,continuous,A,624,125,6357.938092938605,8451.324501561696,8509.435880214613,8509.435880214613,8529.937540801597,2093.3864086230906,2093.3864086230906,0.0,2093.3864086230906,8451.324501561696,8481.324501561696,8519.937540801597,8709.937540801597,300.0,1570.885623593405,0.0,1,1,0,0
S3,continuous,A,625,72,6408.159909186018,6682.880543258936,6717.427334481875,8112.120865957225,8128.583188771703,274.7206340729181,274.7206340729181,1394.69353147535,1669.414165548268,6682.880543258936,6712.880543258936,8118.583188771703,8308.583188771703,300.0,621.8636290880004,0.0,0,0,0,0
S3,continuous,A,626,45,6409.450714415969,8481.324501561696,8539.435880214613,8699.435880214613,8719.937540801597,2071.873787145727,2071.873787145727,160.0,2231.873787145727,8481.324501561696,8511.324501561696,8709.937540801597,8899.937540801597,300.0,1570.885623593405,0.0,1,1,0,0
S3,continuous,A,627,77,6449.86339369047,8479.348526607222,8539.07432535115,8539.07432535115,8559.754365325554,2029.4851329167523,2029.4851329167523,0.0,2029.4851329167523,8479.348526607222,8509.348526607222,8549.754365325554,8739.754365325554,300.0,1524.005872331035,0.0,1,1,0,0
S3,continuous,A,628,51,6471.356786934754,6937.35528210212,6999.0542889075905,8302.120865957226,8318.583188771705,465.99849516736595,465.99849516736595,1303.0665770496344,1769.0650722170003,6937.35528210212,6967.35528210212,8308.583188771703,8498.583188771703,300.0,1848.9973875823862,0.0,1,1,0,0
S3,continuous,A,629,82,6472.880543258936,8051.47545775066,8104.025283855606,8104.025283855606,8124.526944442589,1578.594914491724,1578.594914491724,0.0,1578.594914491724,8051.47545775066,8081.47545775066,8114.526944442589,8304.52694444259,300.0,1416.473721158818,0.0,1,1,0,0
S3,continuous,A,630,6,6474.778595551322,6877.938092938605,6909.174614513307,8482.312913623275,8521.324501561696,403.1594973872834,403.1594973872834,1573.138299109968,1976.2977964972515,6877.938092938605,6907.938092938605,8511.324501561696,8701.324501561696,300.0,1002.2235795839861,0.0,1,1,0,0
S3,continuous,A,631,86,6480.765544850314,9247.264437983766,9315.923577001418,9315.923577001418,9340.1622491836,2766.498893133452,2766.498893133452,0.0,2766.498893133452,9247.264437983766,9277.264437983766,9330.1622491836,9520.1622491836,300.0,1383.2828166592926,0.0,1,1,0,0
S3,continuous,A,632,1,6499.960192013383,7054.404487362472,7113.821585066271,7198.066624416386,7223.49017504391,554.4442953490889,554.4442953490889,84.2450393501149,638.6893346992038,7054.404487362472,7084.404487362472,7213.49017504391,7403.49017504391,300.0,2593.5394821563386,0.0,1,1,0,0
S3,continuous,A,633,9,6507.264437983766,6929.450714415969,6960.508035403115,7070.165815180289,7094.404487362472,422.18627643220316,422.18627643220316,109.65777977717426,531.8440562093774,6929.450714415969,6959.450714415969,7084.404487362472,7274.404487362472,300.0,1176.5048531611737,0.0,0,0,0,0
S3,continuous,A,634,29,6507.35528210212,6712.880543258936,6784.283185126103,8103.510982654572,8104.778595551322,205.52526115681576,205.52526115681576,1319.2277975284696,1524.7530586852854,6712.880543258936,6742.880543258936,8103.510982654572,8293.510982654572,300.0,3002.946789114551,0.0,7,7,0,0
S3,continuous,A,635,124,6521.151956131245,6521.151956131245,6578.574925346225,6939.302611612585,6977.35528210212,0.0,0.0,360.72768626635934,360.72768626635934,6521.151956131245,6551.151956131245,6967.35528210212,7157.35528210212,300.0,2450.6756780823325,0.0,5,5,0,0
S3,continuous,A,636,19,6526.358558272963,7692.784833936842,7749.988712998317,7749.988712998317,7790.715097941376,1166.426275663879,1166.426275663879,0.0,1166.426275663879,7692.784833936842,7722.784833936842,7780.715097941376,7970.715097941376,300.0,855.0819929716573,0.0,0,0,0,0
S3,continuous,A,637,59,6534.720221891127,6706.358558272963,6762.756924532543,8858.228150096907,8861.53113177415,171.63833638183587,171.63833638183587,2095.4712255643644,2267.1095619462003,6706.358558272963,6736.358558272963,8858.228150096907,9048.228150096907,300.0,1264.9455875362642,0.0,3,3,0,0
S3,continuous,A,638,87,6547.938092938605,8293.510982654572,8338.58127127397,8889.435880214613,8909.937540801597,1745.572889715967,1745.572889715967,550.8546089406427,2296.4274986566097,8293.510982654572,8323.510982654572,8899.937540801597,9089.937540801597,300.0,3029.0247489285657,0.0,4,4,0,0
S3,continuous,A,639,129,6558.104583703984,9397.137490408315,9419.01126821484,9419.01126821484,9470.388856395402,2839.0329067043313,2839.0329067043313,0.0,2839.0329067043313,9397.137490408315,9427.137490408315,9460.388856395402,9650.388856395402,300.0,1652.0906367126645,0.0,0,0,0,0
S3,continuous,A,640,112,6572.784833936842,6701.151956131245,6763.869454927521,7260.165815180289,7284.404487362472,128.36712219440324,128.36712219440324,496.29636025276886,624.6634824471721,6701.151956131245,6731.151956131245,7274.404487362472,7464.404487362472,300.0,1134.0753428611292,0.0,0,0,0,0
S3,continuous,A,641,17,6587.459269428777,7464.404487362472,7503.542517825628,9233.504657247086,9287.264437983764,876.945217933695,876.945217933695,1729.9621394214582,2606.907357355153,7464.404487362472,7494.404487362472,9277.264437983766,9467.264437983766,300.0,1383.2828166592928,0.0,1,1,0,0
S3,continuous,A,642,25,6598.159909186018,8701.324501561696,8756.108441712893,8756.108441712893,8791.6115172065,2103.164592375678,2103.164592375678,0.0,2103.164592375678,8701.324501561696,8731.324501561696,8781.6115172065,8971.6115172065,300.0,1424.0634646785325,0.0,0,0,0,0
S3,continuous,A,643,135,6599.450714415969,8731.324501561696,8779.27805214651,8779.27805214651,8820.809634478448,2131.873787145727,2131.873787145727,0.0,2131.873787145727,8731.324501561696,8761.324501561696,8810.809634478448,9000.809634478448,300.0,998.8466944447091,0.0,0,0,0,0
S3,continuous,A,644,101,6616.756132751943,8081.47545775066,8154.791006315302,9427.137490408315,9428.159909186019,1464.7193249987167,1464.7193249987167,1272.3464840930128,2737.0658090917295,8081.47545775066,8111.47545775066,9427.137490408315,9617.137490408315,300.0,2703.4590094254872,0.0,2,2,0,0
S3,continuous,A,645,0,6639.86339369047,6731.151956131245,6797.347021635675,7166.33962091921,7186.756132751943,91.28856244077542,91.28856244077542,368.9925992835342,460.28116172430964,6731.151956131245,6761.151956131245,7176.756132751943,7366.756132751943,300.0,1346.802321657568,0.0,1,1,0,0
S3,continuous,A,646,54,6661.356786934754,8239.158177295332,8301.257945942241,9423.504657247087,9477.264437983766,1577.801390360578,1577.801390360578,1122.246711304846,2700.048101665424,8239.158177295332,8269.158177295332,9467.264437983766,9657.264437983766,300.0,2188.3679623572943,0.0,0,0,0,0
S3,continuous,A,647,16,6697.264437983766,8509.348526607222,8563.726796526926,8563.726796526926,8605.485631974594,1812.0840886234564,1812.0840886234564,0.0,1812.0840886234564,8509.348526607222,8539.348526607222,8595.485631974594,8785.485631974594,300.0,1272.8979280824635,0.0,1,1,0,0
S3,continuous,A,648,121,6719.960192013383,6736.358558272963,6792.052282953718,7262.393886358499,7313.771474539063,16.398366259580143,16.398366259580143,470.3416034047814,486.7399696643615,6736.358558272963,6766.358558272963,7303.771474539063,7493.771474539063,300.0,1458.3425147977969,0.0,2,2,0,0
S3,continuous,A,649,103,6720.8609100433,7366.756132751943,7394.70095506049,7394.70095506049,7435.427340003549,645.8952227086438,645.8952227086438,0.0,645.8952227086438,7366.756132751943,7396.756132751943,7425.427340003549,7615.427340003549,300.0,807.6018489331556,0.0,1,1,0,0
S3,continuous,A,650,3,6724.239992616809,7396.756132751943,7431.990121908543,8033.737347114202,8085.114935294766,672.5161401351343,672.5161401351343,601.7472252056587,1274.263365340793,7396.756132751943,7426.756132751943,8075.114935294766,8265.114935294765,300.0,1346.8023216575677,0.0,1,1,0,0
S3,continuous,A,651,52,6730.765544850314,6761.151956131245,6827.000979246432,9613.504657247086,9667.264437983764,30.386411280931497,30.386411280931497,2786.503678000655,2816.8900892815864,6761.151956131245,6791.151956131245,9657.264437983766,9847.264437983766,300.0,1490.449173561016,0.0,1,1,0,0
S3,continuous,A,652,92,6745.285548419681,6745.285548419681,6800.16808517868,9617.137490408315,9618.159909186019,0.0,0.0,2816.9694052296354,2816.9694052296354,6745.285548419681,6775.285548419681,9617.137490408315,9807.137490408315,300.0,1900.380477974811,0.0,3,3,0,0
S3,continuous,A,653,94,6748.104583703984,7145.285548419681,7195.741618699565,8243.151439169062,8279.158177295332,397.180964715697,397.180964715697,1047.4098204694974,1444.5907851851944,7145.285548419681,7175.285548419681,8269.158177295332,8459.158177295332,300.0,2279.5026397596585,0.0,1,1,0,0
S3,continuous,A,654,98,6757.35528210212,8539.348526607222,8604.56873914419,8946.108441712893,8981.6115172065,1781.9932445051018,1781.9932445051018,341.53970256870343,2123.532947073805,8539.348526607222,8569.348526607222,8971.6115172065,9161.6115172065,300.0,1964.415302796338,0.0,1,1,0,0
S3,continuous,A,655,134,6788.626537890635,8323.510982654572,8368.58127127397,9079.435880214613,9099.937540801597,1534.8844447639376,1534.8844447639376,710.8546089406427,2245.7390537045803,8323.510982654572,8353.510982654572,9089.937540801597,9279.937540801597,300.0,3029.0247489285657,0.0,4,4,0,0
S3,continuous,A,656,78,6806.756132751943,6806.756132751943,6882.093909001074,7773.552238152418,7798.975788779942,0.0,0.0,891.4583291513436,891.4583291513436,6806.756132751943,6836.756132751943,7788.975788779942,7978.975788779942,300.0,1981.3515652782526,0.0,1,1,0,0
S3,continuous,A,657,75,6818.159909186018,8111.47545775066,8178.769434491675,8178.769434491675,8230.047410748573,1293.315548564642,1293.315548564642,0.0,1293.315548564642,8111.47545775066,8141.47545775066,8220.047410748573,8410.047410748573,300.0,2553.2986752463635,0.0,3,3,0,0
S3,continuous,A,658,144,6822.784833936842,7494.404487362472,7550.649065538925,9807.137490408315,9808.159909186019,671.6196534256296,671.6196534256296,2256.4884248693897,2928.1080782950194,7494.404487362472,7524.404487362472,9807.137490408315,9997.137490408315,300.0,2260.0325210842107,0.0,2,2,0,0
S3,continuous,A,659,23,6829.86339369047,7722.784833936842,7797.174160865654,8732.312913623275,8771.324501561696,892.9214402463722,892.9214402463722,935.1387527576208,1828.060193003993,7722.784833936842,7752.784833936842,8761.324501561696,8951.324501561696,300.0,1992.2045324376033,0.0,0,0,0,0
S3,continuous,A,660,26,6844.404487362472,8498.583188771703,8520.993912541333,8520.993912541333,8549.592302809122,1654.1787014092315,1654.1787014092315,0.0,1654.1787014092315,8498.583188771703,8528.583188771703,8539.592302809122,8729.592302809122,300.0,621.8636290880003,0.0,0,0,0,0
S3,continuous,A,661,89,6847.7646368545065,7127.067298460389,7174.83591369921,7711.506857679945,7762.784833936842,279.30266160588235,279.30266160588235,536.6709439807346,815.9736055866169,7127.067298460389,7157.067298460389,7752.784833936842,7942.784833936842,300.0,2165.695098784365,0.0,0,0,0,0
S3,continuous,A,662,137,6851.356786934754,6851.356786934754,6925.661776285324,8353.510982654572,8354.77859555132,0.0,0.0,1427.8492063692483,1427.8492063692483,6851.356786934754,6881.356786934754,8353.510982654572,8543.510982654572,300.0,2448.5436163663903,0.0,3,3,0,0
S3,continuous,A,663,64,6887.264437983766,9847.264437983766,9937.206041034126,9937.206041034126,9940.509022711369,2960.0,2960.0,0.0,2960.0,9847.264437983766,9877.264437983766,9937.206041034126,10127.206041034126,300.0,2697.435299648399,0.0,1,1,0,0
S3,continuous,A,664,123,6889.0416508647795,7069.0416508647795,7144.252506137304,9048.228150096907,9051.53113177415,180.0,180.0,1903.975643959603,2083.975643959603,7069.0416508647795,7099.0416508647795,9048.228150096907,9238.228150096907,300.0,1862.2873220864021,0.0,1,1,0,0
S3,continuous,A,665,102,6910.8609100433,8088.104583703984,8151.279424857111,8151.279424857111,8189.332095346646,1177.2436736606842,1177.2436736606842,0.0,1177.2436736606842,8088.104583703984,8118.104583703984,8179.332095346646,8369.332095346646,300.0,1826.7912433832378,0.0,1,1,0,0
S3,continuous,A,666,148,6935.285548419681,8141.47545775066,8185.550853233944,8185.550853233944,8209.789525416127,1206.1899093309794,1206.1899093309794,0.0,1206.1899093309794,8141.47545775066,8171.47545775066,8199.789525416127,8389.789525416127,300.0,870.1967376906861,0.0,0,0,0,0
S3,continuous,A,667,57,6938.104583703984,7315.8812371278855,7383.057981592125,7553.319606147327,7591.372276636863,377.77665342390173,377.77665342390173,170.26162455520262,548.0382779791044,7315.8812371278855,7345.8812371278855,7581.372276636863,7771.372276636863,300.0,2157.2525785749926,0.0,1,1,0,0
S3,continuous,A,668,60,6945.8812371278855,7345.8812371278855,7417.197272964065,8145.972382257052,8181.47545775066,400.0,400.0,728.7751092929875,1128.7751092929875,7345.8812371278855,7375.8812371278855,8171.47545775066,8361.475457750661,300.0,2420.4573617246606,0.0,2,2,0,0
S3,continuous,A,669,145,6947.067298460389,8543.510982654572,8577.506137435881,8577.506137435881,8602.929688063407,1596.4436841941833,1596.4436841941833,0.0,1596.4436841941833,8543.510982654572,8573.510982654572,8592.929688063407,8782.929688063407,300.0,2315.2919432586614,0.0,2,2,0,0
S3,continuous,A,670,66,6950.765544850314,8528.583188771703,8568.691847902117,8568.691847902117,8606.744518391652,1577.8176439213894,1577.8176439213894,0.0,1577.8176439213894,8528.583188771703,8558.583188771703,8596.744518391652,8786.744518391652,300.0,1848.9973875823862,0.0,1,1,0,0
S3,continuous,A,671,124,6977.35528210212,8361.475457750661,8427.568184137388,8427.568184137388,8468.294569080446,1384.1201756485407,1384.1201756485407,0.0,1384.1201756485407,8361.475457750661,8391.475457750661,8458.294569080446,8648.294569080446,300.0,2420.45736172466,0.0,2,2,0,0
S3,continuous,A,672,85,6978.626537890635,7524.404487362472,7583.821585066271,8241.44083589677,8266.864386524296,545.777949471837,545.777949471837,657.6192508305003,1203.3972003023373,7524.404487362472,7554.404487362472,8256.864386524296,8446.864386524296,300.0,2593.5394821563386,0.0,1,1,0,0
S3,continuous,A,673,11,6988.583188771703,7276.6572103361395,7303.150250985331,7416.33962091921,7436.756132751943,288.0740215644364,288.0740215644364,113.18936993387888,401.2633914983153,7276.6572103361395,7306.6572103361395,7426.756132751943,7616.756132751943,300.0,1664.6013990130564,0.0,3,3,0,0
S3,continuous,A,674,49,6996.756132751943,7554.404487362472,7587.2154795343295,8365.972382257052,8401.47545775066,557.6483546105283,557.6483546105283,778.7569027227237,1336.405257333252,7554.404487362472,7584.404487362472,8391.475457750661,8581.475457750661,300.0,870.1967376906861,0.0,0,0,0,0
S3,continuous,A,675,91,7008.159909186018,7493.771474539063,7551.776136408815,8537.816944275284,8579.348526607222,485.6115653530451,485.6115653530451,986.0408078664695,1471.6523732195146,7493.771474539063,7523.771474539063,8569.348526607222,8759.348526607222,300.0,906.3507651750326,0.0,0,0,0,0
S3,continuous,A,676,62,7019.86339369047,8759.348526607222,8820.053733046063,8820.053733046063,8848.652123313852,1739.4851329167523,1739.4851329167523,0.0,1739.4851329167523,8759.348526607222,8789.348526607222,8838.652123313852,9028.652123313852,300.0,1628.8914701254569,0.0,1,1,0,0
S3,continuous,A,677,22,7029.960192013383,8951.324501561696,9000.892571100414,9281.152677633514,9301.832717607918,1921.364309548313,1921.364309548313,280.26010653310004,2201.624416081413,8951.324501561696,8981.324501561696,9291.832717607918,9481.832717607918,300.0,1002.2235795839861,0.0,1,1,0,0
S3,continuous,A,678,2,7033.49017504391,7306.6572103361395,7335.394236786688,8573.510982654572,8574.77859555132,273.16703529222923,273.16703529222923,1238.1167458678838,1511.283781160113,7306.6572103361395,7336.6572103361395,8573.510982654572,8763.510982654572,300.0,1718.4559577570205,0.0,0,0,0,0
S3,continuous,A,679,141,7037.7646368545065,7157.067298460389,7194.581606143462,7743.319606147327,7781.372276636863,119.30266160588235,119.30266160588235,548.7380000038656,668.040661609748,7157.067298460389,7187.067298460389,7771.372276636863,7961.372276636863,300.0,1415.9480662309743,0.0,0,0,0,0
S3,continuous,A,680,139,7041.356786934754,7616.756132751943,7642.161963048021,7901.506857679945,7952.784833936842,575.399345817189,575.399345817189,259.34489463192403,834.744240449113,7616.756132751943,7646.756132751943,7942.784833936842,8132.784833936842,300.0,691.0936713377657,0.0,0,0,0,0
S3,continuous,A,681,95,7042.784833936842,8118.104583703984,8183.164353120376,8183.164353120376,8203.58086495311,1075.3197497671417,1075.3197497671417,0.0,1075.3197497671417,8118.104583703984,8148.104583703984,8193.58086495311,8383.58086495311,300.0,1864.2723343169419,0.0,4,4,0,0
S3,continuous,A,682,53,7077.264437983766,8459.158177295332,8533.43255118161,9084.78193780354,9110.205488431066,1381.8937393115666,1381.8937393115666,551.3493866219305,1933.2431259334971,8459.158177295332,8489.158177295332,9100.205488431066,9290.205488431066,300.0,2858.327161102739,0.0,5,5,0,0
S3,continuous,A,683,9,7094.404487362472,7646.756132751943,7672.161963048021,8368.769434491676,8420.047410748573,552.3516453894717,552.3516453894717,696.6074714436554,1248.9591168331272,7646.756132751943,7676.756132751943,8410.047410748573,8600.047410748573,300.0,691.0936713377657,0.0,0,0,0,0
S3,continuous,A,684,21,7100.8609100433,7187.067298460389,7224.100348345583,8463.151439169062,8499.158177295332,86.20638841708933,86.20638841708933,1239.0510908234792,1325.2574792405685,7187.067298460389,7217.067298460389,8489.158177295332,8679.158177295332,300.0,1373.6345512227545,0.0,0,0,0,0
S3,continuous,A,685,40,7123.771474539063,8581.475457750661,8634.025283855606,9269.435880214613,9289.937540801597,1457.703983211598,1457.703983211598,635.4105963590064,2093.1145795706043,8581.475457750661,8611.475457750661,9279.937540801597,9469.937540801597,300.0,1416.473721158818,0.0,1,1,0,0
S3,continuous,A,686,33,7135.8812371278855,7175.285548419681,7215.915403728098,7939.988712998317,7980.715097941376,39.40431129179524,39.40431129179524,724.0733092702194,763.4776205620146,7175.285548419681,7205.285548419681,7970.715097941376,8160.715097941376,300.0,1648.0198757458152,0.0,1,1,0,0
S3,continuous,A,687,100,7158.104583703984,7217.067298460389,7254.581606143462,7933.319606147327,7971.372276636863,58.96271475640515,58.96271475640515,678.7380000038656,737.7007147602708,7217.067298460389,7247.067298460389,7961.372276636863,8151.372276636863,300.0,1415.9480662309743,0.0,0,0,0,0
S3,continuous,A,688,130,7168.626537890635,7336.6572103361395,7374.758806724044,8653.151439169062,8689.158177295332,168.03067244550493,168.03067244550493,1278.3926324450185,1446.4233048905235,7336.6572103361395,7366.6572103361395,8679.158177295332,8869.158177295332,300.0,2516.4562463949933,0.0,5,5,0,0
S3,continuous,A,689,18,7178.583188771703,8981.324501561696,9025.198454985428,9025.198454985428,9076.576043165991,1802.7413127899927,1802.7413127899927,0.0,1802.7413127899927,8981.324501561696,9011.324501561696,9066.576043165991,9256.576043165991,300.0,776.1035796156632,0.0,0,0,0,0
S3,continuous,A,690,0,7186.756132751943,9011.324501561696,9058.499002752566,9058.499002752566,9082.737674934748,1824.5683688097524,1824.5683688097524,0.0,1824.5683688097524,9011.324501561696,9041.324501561696,9072.737674934748,9262.737674934748,300.0,860.4455174328829,0.0,0,0,0,0
S3,continuous,A,691,114,7209.86339369047,8132.784833936842,8211.151385458157,8211.151385458157,8231.831425432561,922.9214402463722,922.9214402463722,0.0,922.9214402463722,8132.784833936842,8162.784833936842,8221.831425432561,8411.831425432561,300.0,2165.695098784365,0.0,0,0,0,0
S3,continuous,A,692,32,7211.372276636863,7584.404487362472,7623.542517825628,9833.504657247086,9887.264437983764,373.0322107256088,373.0322107256088,2209.9621394214582,2582.994350147067,7584.404487362472,7614.404487362472,9877.264437983766,10067.264437983766,300.0,1383.2828166592928,0.0,1,1,0,0
S3,continuous,A,693,1,7223.49017504391,7375.8812371278855,7433.059067828792,8753.726796526926,8795.485631974594,152.39106208397516,152.39106208397516,1320.667728698134,1473.058790782109,7375.8812371278855,7405.8812371278855,8785.485631974594,8975.485631974594,300.0,1509.189152476776,0.0,1,1,0,0
S3,continuous,A,694,133,7227.7646368545065,8611.475457750661,8655.550853233945,8655.550853233945,8679.789525416127,1383.7108208961545,1383.7108208961545,0.0,1383.7108208961545,8611.475457750661,8641.475457750661,8669.789525416127,8859.789525416127,300.0,870.1967376906861,0.0,0,0,0,0
S3,continuous,A,695,131,7228.159909186018,10067.264437983766,10143.645610281628,10143.645610281628,10184.371995224687,2839.1045287977477,2839.1045287977477,0.0,2839.1045287977477,10067.264437983766,10097.264437983766,10174.371995224687,10364.371995224687,300.0,1980.5235991443465,0.0,2,2,0,0
S3,continuous,A,696,24,7232.784833936842,8558.583188771703,8589.64050975885,8845.550853233945,8869.789525416127,1325.7983548348611,1325.7983548348611,255.91034347509412,1581.7086983099553,8558.583188771703,8588.583188771703,8859.789525416127,9049.789525416127,300.0,1176.5048531611737,0.0,0,0,0,0
S3,continuous,A,697,71,7247.228353256468,7676.756132751943,7714.21127890356,10053.504657247086,10107.264437983764,429.52777949547544,429.52777949547544,2339.2933783435265,2768.821157839002,7676.756132751943,7706.756132751943,10097.264437983766,10287.264437983766,300.0,1506.790417439271,0.0,2,2,0,0
S3,continuous,A,698,34,7261.356786934754,9041.324501561696,9105.748431626545,9105.748431626545,9107.016044523294,1779.9677146269414,1779.9677146269414,0.0,1779.9677146269414,9041.324501561696,9071.324501561696,9105.748431626545,9295.748431626545,300.0,1895.5521459377146,0.0,1,1,0,0
S3,continuous,A,699,128,7267.264437983766,7366.6572103361395,7377.137490408316,9997.137490408315,9998.159909186019,99.39277235237387,99.39277235237387,2619.999999999999,2719.392772352373,7366.6572103361395,7396.6572103361395,9997.137490408315,10187.137490408315,300.0,500.11356193691444,0.0,1,1,0,0
S3,continuous,A,700,61,7269.158177295333,8588.583188771703,8609.663866925659,9459.435880214613,9479.937540801597,1319.42501147637,1319.42501147637,849.7720132889535,2169.1970247653235,8588.583188771703,8618.583188771703,9469.937540801597,9659.937540801597,300.0,492.7102729724231,0.0,0,0,0,0
S3,continuous,A,701,112,7284.404487362472,8367.09047191792,8395.82749836847,8763.510982654572,8764.77859555132,1082.6859845554482,1082.6859845554482,367.6834842861026,1450.3694688415508,8367.09047191792,8397.09047191792,8763.510982654572,8953.510982654572,300.0,1718.4559577570205,0.0,0,0,0,0
S3,continuous,A,702,7,7290.8609100433,7615.427340003549,7671.825706263129,9238.228150096907,9241.53113177415,324.5664299602495,324.5664299602495,1566.4024438337783,1890.9688737940278,7615.427340003549,7645.427340003549,9238.228150096907,9428.228150096907,300.0,1264.9455875362642,0.0,3,3,0,0
S3,continuous,A,703,121,7313.771474539063,8369.332095346646,8435.6093269874,9010.053733046063,9038.652123313852,1055.5606208075833,1055.5606208075833,574.4444060586629,1630.0050268662462,8369.332095346646,8399.332095346646,9028.652123313852,9218.652123313852,300.0,2214.8927138679405,0.0,0,0,0,0
S3,continuous,A,704,90,7358.626537890635,7614.404487362472,7658.958642171492,9200.053733046063,9228.652123313852,255.77794947183702,255.77794947183702,1541.0950908745708,1796.8730403464078,7614.404487362472,7644.404487362472,9218.652123313852,9408.652123313852,300.0,1618.550820705739,0.0,0,0,0,0
S3,continuous,A,705,36,7368.583188771703,9000.809634478448,9051.28317945678,9051.28317945678,9090.2947673952,1632.226445706745,1632.226445706745,0.0,1632.226445706745,9000.809634478448,9030.809634478448,9080.2947673952,9270.2947673952,300.0,998.8466944447091,0.0,0,0,0,0
S3,continuous,A,706,63,7399.86339369047,9030.809634478448,9087.58376633413,10187.137490408315,10188.159909186019,1630.9462407879782,1630.9462407879782,1099.553724074185,2730.4999648621633,9030.809634478448,9060.809634478448,10187.137490408315,10377.137490408315,300.0,1228.9399737978292,0.0,2,2,0,0
S3,continuous,A,707,146,7401.372276636863,9060.809634478448,9117.58376633413,10377.137490408315,10378.159909186019,1659.4373578415853,1659.4373578415853,1259.553724074185,2918.9910819157703,9060.809634478448,9090.809634478448,10377.137490408315,10567.137490408315,300.0,1228.9399737978292,0.0,2,2,0,0
S3,continuous,A,708,68,7418.975788779942,8618.583188771703,8674.715021716525,9295.748431626545,9297.016044523294,1199.6073999917608,1199.6073999917608,621.03340991002,1820.6408099017808,8618.583188771703,8648.583188771703,9295.748431626545,9485.748431626545,300.0,2733.283687245622,0.0,5,5,0,0
S3,continuous,A,709,126,7420.393453595163,7645.427340003549,7718.03470318339,9213.151439169065,9249.158177295336,225.03388640838602,225.03388640838602,1495.1167359856763,1720.1506223940623,7645.427340003549,7675.427340003549,9239.158177295336,9429.158177295336,300.0,2509.0641644654156,0.0,2,2,0,0
S3,continuous,A,710,103,7435.427340003549,7807.228353256468,7857.684423536352,9403.151439169065,9439.158177295336,371.8010132529189,371.8010132529189,1545.4670156327138,1917.2680288856327,7807.228353256468,7837.228353256468,9429.158177295336,9619.158177295336,300.0,2279.5026397596585,0.0,1,1,0,0
S3,continuous,A,711,11,7436.756132751943,7436.756132751943,7492.824719256182,9274.781937803542,9300.205488431067,0.0,0.0,1781.957218547359,1781.957218547359,7436.756132751943,7466.756132751943,9290.205488431066,9480.205488431066,300.0,2589.7543883319877,0.0,4,4,0,0
S3,continuous,A,712,5,7437.228353256468,8641.475457750661,8688.968357028047,10243.504657247087,10297.264437983766,1204.247104494193,1204.247104494193,1554.5363002190406,2758.7834047132337,8641.475457750661,8671.475457750661,10287.264437983766,10477.264437983766,300.0,1245.6358667366299,0.0,0,0,0,0
S3,continuous,A,713,113,7438.104583703984,8397.09047191792,8436.575275908845,10433.504657247087,10487.264437983766,958.985888213936,958.985888213936,1996.9293813382428,2955.915269552179,8397.09047191792,8427.09047191792,10477.264437983766,10667.264437983766,300.0,2697.435299648399,0.0,1,1,0,0
S3,continuous,A,714,106,7448.159909186018,8869.158177295332,8927.98592959157,9485.748431626545,9487.016044523294,1420.9982681093143,1420.9982681093143,557.7625020349751,1978.7607701442894,8869.158177295332,8899.158177295332,9485.748431626545,9675.748431626545,300.0,1707.7726997795562,0.0,3,3,0,0
S3,continuous,A,715,35,7457.264437983766,7675.427340003549,7725.371832783374,10567.137490408315,10568.159909186019,218.16290201978336,218.16290201978336,2841.765657624941,3059.9285596447244,7675.427340003549,7705.427340003549,10567.137490408315,10757.137490408315,300.0,823.2845410548605,0.0,2,2,0,0
S3,continuous,A,716,111,7459.158177295333,9270.2947673952,9317.46926858607,9505.923577001418,9530.1622491836,1811.1365900998671,1811.1365900998671,188.45430841534835,1999.5908985152155,9270.2947673952,9300.2947673952,9520.1622491836,9710.1622491836,300.0,860.4455174328829,0.0,0,0,0,0
S3,continuous,A,717,80,7482.784833936842,7482.784833936842,7513.939095166784,8642.120865957226,8658.583188771705,0.0,0.0,1128.181770790441,1128.181770790441,7482.784833936842,7512.784833936842,8648.583188771703,8838.583188771703,300.0,883.9932309803326,0.0,0,0,0,0
S3,continuous,A,718,136,7491.47545775066,7837.228353256468,7892.553709662766,9428.228150096907,9431.53113177415,345.7528955058078,345.7528955058078,1535.6744404341416,1881.4273359399494,7837.228353256468,7867.228353256468,9428.228150096907,9618.228150096907,300.0,2440.602932608804,0.0,6,6,0,0
S3,continuous,A,719,88,7533.771474539063,8671.475457750661,8744.791006315301,10757.137490408315,10758.159909186019,1137.703983211598,1137.703983211598,2012.3464840930137,3150.0504673046116,8671.475457750661,8701.475457750661,10757.137490408315,10947.137490408315,300.0,2703.4590094254872,0.0,2,2,0,0
S3,continuous,A,720,55,7534.778595551322,7978.975788779942,8034.753624206317,8832.120865957226,8848.583188771705,444.19719322862056,444.19719322862056,797.3672417509079,1241.5644349795284,7978.975788779942,8008.975788779942,8838.583188771703,9028.583188771703,300.0,2233.048353800032,0.0,4,4,0,0
S3,continuous,A,721,73,7558.583188771703,8953.510982654572,8997.5828471507,9390.053733046063,9418.652123313852,1394.927793882869,1394.927793882869,392.4708858953636,1787.3986797782327,8953.510982654572,8983.510982654572,9408.652123313852,9598.652123313852,300.0,3002.946789114551,0.0,7,7,0,0
S3,continuous,A,722,57,7591.372276636863,10667.264437983766,10743.050360860387,10743.050360860387,10794.328337117284,3075.892161346903,3075.892161346903,0.0,3075.892161346903,10667.264437983766,10697.264437983766,10784.328337117284,10974.328337117284,300.0,1993.5982609640687,0.0,2,2,0,0
S3,continuous,A,723,76,7608.975788779942,8899.158177295332,8969.963530132265,9618.228150096907,9621.53113177415,1290.18238851539,1290.18238851539,648.2646199646424,1938.4470084800323,8899.158177295332,8929.158177295332,9618.228150096907,9808.228150096907,300.0,2516.4562463949933,0.0,5,5,0,0
S3,continuous,A,724,99,7610.393453595163,9090.809634478448,9152.6638893925,9593.151439169065,9629.158177295336,1480.416180883285,1480.416180883285,440.4875497765661,1920.9037306598511,9090.809634478448,9120.809634478448,9619.158177295336,9809.158177295336,300.0,1742.5364410986158,0.0,1,1,0,0
S3,continuous,A,725,122,7619.86339369047,8983.510982654572,9019.793512590093,9471.152677633514,9491.832717607918,1363.6475889641024,1363.6475889641024,451.35916504342094,1815.0067540075233,8983.510982654572,9013.510982654572,9481.832717607918,9671.832717607918,300.0,2444.0660669406293,0.0,3,3,0,0
S3,continuous,A,726,107,7627.228353256468,9120.809634478448,9181.514840917289,9580.053733046063,9608.652123313852,1493.5812812219801,1493.5812812219801,398.538892128774,1892.1201733507542,9120.809634478448,9150.809634478448,9598.652123313852,9788.652123313852,300.0,1628.8914701254569,0.0,1,1,0,0
S3,continuous,A,727,13,7627.9301345972635,7867.228353256468,7901.283346119333,7901.283346119333,7921.699857952067,239.2982186592044,239.2982186592044,0.0,239.2982186592044,7867.228353256468,7897.228353256468,7911.699857952067,8101.699857952067,300.0,1108.146347157367,0.0,1,1,0,0
S3,continuous,A,728,37,7638.159909186018,8399.332095346646,8469.384184423636,9464.78193780354,9490.205488431066,761.1721861606284,761.1721861606284,995.3977533799043,1756.5699395405327,8399.332095346646,8429.332095346646,9480.205488431066,9670.205488431066,300.0,2450.6756780823325,0.0,5,5,0,0
S3,continuous,A,729,127,7647.264437983766,10697.264437983766,10793.03020300678,10793.03020300678,10794.297815903528,3050.0,3050.0,0.0,3050.0,10697.264437983766,10727.264437983766,10793.03020300678,10983.03020300678,300.0,3075.5359205894943,0.0,1,1,0,0
S3,continuous,A,730,12,7649.158177295333,7897.228353256468,7922.796203141719,10683.504657247086,10737.264437983764,248.07017596113474,248.07017596113474,2760.7084541053673,3008.778630066502,7897.228353256468,7927.228353256468,10727.264437983766,10917.264437983766,300.0,709.053159836159,0.0,0,0,0,0
S3,continuous,A,731,120,7658.104583703984,7713.771474539063,7776.851373273699,8729.07432535115,8749.754365325554,55.66689083507936,55.66689083507936,952.2229520774517,1007.8898429125311,7713.771474539063,7743.771474539063,8739.754365325554,8929.754365325554,300.0,1140.4421777129571,0.0,1,1,0,0
S3,continuous,A,732,108,7669.348526607222,10947.137490408315,10972.312913623275,10972.312913623275,11011.324501561696,3277.788963801093,3277.788963801093,0.0,3277.788963801093,10947.137490408315,10977.137490408315,11001.324501561696,11191.324501561696,300.0,1810.3703293977135,0.0,2,2,0,0
S3,continuous,A,733,105,7679.032376608966,8162.784833936842,8234.738986484543,10127.206041034126,10130.509022711369,483.7524573278761,483.7524573278761,1892.4670545495828,2376.219511877459,8162.784833936842,8192.784833936843,10127.206041034126,10317.206041034126,300.0,1651.3165423908276,0.0,3,3,0,0
S3,continuous,A,734,110,7681.47545775066,9150.809634478448,9204.204467736474,9204.204467736474,9244.930852679532,1469.334176727788,1469.334176727788,0.0,1469.334176727788,9150.809634478448,9180.809634478448,9234.930852679532,9424.930852679532,300.0,1202.1732314475685,0.0,0,0,0,0
S3,continuous,A,735,58,7724.778595551322,10977.137490408315,11009.433230147068,11009.433230147068,11063.193010883746,3252.358894856993,3252.358894856993,0.0,3252.358894856993,10977.137490408315,11007.137490408315,11053.193010883746,11243.193010883746,300.0,2358.7990616418833,0.0,1,1,0,0
S3,continuous,A,736,65,7748.583188771703,7748.583188771703,7791.915600478289,8294.025283855608,8314.526944442592,0.0,0.0,502.1096833773181,502.1096833773181,7748.583188771703,7778.583188771703,8304.52694444259,8494.52694444259,300.0,1496.6176321394278,0.0,1,1,0,0
S3,continuous,A,737,89,7762.784833936842,9300.2947673952,9349.862836933919,9661.152677633514,9681.832717607918,1537.5099334583583,1537.5099334583583,311.2898406995955,1848.7997741579538,9300.2947673952,9330.2947673952,9671.832717607918,9861.832717607918,300.0,1002.2235795839861,0.0,1,1,0,0
S3,continuous,A,738,141,7781.372276636863,9330.2947673952,9378.606988123951,9378.606988123951,9416.659658613486,1548.9224907583375,1548.9224907583375,0.0,1548.9224907583375,9330.2947673952,9360.2947673952,9406.659658613486,9596.659658613486,300.0,1005.3634781616877,0.0,0,0,0,0
S3,continuous,A,739,19,7790.715097941376,8160.715097941376,8217.892928642283,8943.726796526926,8985.485631974594,370.0,370.0,725.833867884643,1095.833867884643,8160.715097941376,8190.715097941376,8975.485631974594,9165.485631974594,300.0,1509.189152476776,0.0,1,1,0,0
S3,continuous,A,740,78,7798.975788779942,9360.2947673952,9408.606988123951,9568.606988123951,9606.659658613486,1561.318978615258,1561.318978615258,160.0,1721.318978615258,9360.2947673952,9390.2947673952,9596.659658613486,9786.659658613486,300.0,1005.3634781616877,0.0,0,0,0,0
S3,continuous,A,741,138,7800.393453595163,8531.155441577279,8606.07698230061,11199.433230147068,11253.193010883746,730.7619879821159,730.7619879821159,2593.3562478464573,3324.1182358285732,8531.155441577279,8561.155441577279,11243.193010883746,11433.193010883746,300.0,2688.440099299322,0.0,2,2,0,0
S3,continuous,A,742,115,7817.9301345972635,8008.975788779942,8048.088158408233,9133.726796526926,9175.485631974594,191.04565418267885,191.04565418267885,1085.638638118693,1276.684292301372,8008.975788779942,8038.975788779942,9165.485631974594,9355.485631974594,300.0,1248.4998637603442,0.0,2,2,0,0
S3,continuous,A,743,69,7828.159909186018,7927.228353256468,7980.522054279213,9323.726796526926,9365.485631974594,99.06844407044991,99.06844407044991,1343.2047422477126,1442.2731863181625,7927.228353256468,7957.228353256468,9355.485631974594,9545.485631974594,300.0,2497.4385092240464,0.0,3,3,0,0
S3,continuous,A,744,84,7837.264437983766,8600.047410748573,8664.96848029572,11007.137490408315,11008.159909186019,762.7829727648077,762.7829727648077,2342.169010112595,3104.9519828774028,8600.047410748573,8630.047410748573,11007.137490408315,11197.137490408315,300.0,1171.0415278562857,0.0,2,2,0,0
S3,continuous,A,745,96,7839.158177295333,9013.510982654572,9040.212640324628,10317.206041034126,10320.509022711369,1174.352805359239,1174.352805359239,1276.993400709498,2451.346206068737,9013.510982654572,9043.510982654572,10317.206041034126,10507.206041034126,300.0,1718.4559577570203,0.0,0,0,0,0
S3,continuous,A,746,142,7859.348526607222,7957.228353256468,7992.424659559342,9851.152677633516,9871.83271760792,97.87982664924584,97.87982664924584,1858.7280180741727,1956.6078447234186,7957.228353256468,7987.228353256468,9861.832717607918,10051.832717607918,300.0,1185.5515505329952,0.0,1,1,0,0
S3,continuous,A,747,27,7869.86339369047,7869.86339369047,7913.4699644951515,10507.206041034126,10510.509022711369,0.0,0.0,2593.736076538974,2593.736076538974,7869.86339369047,7899.86339369047,10507.206041034126,10697.206041034126,300.0,1664.6013990130564,0.0,3,3,0,0
S3,continuous,A,748,39,7871.47545775066,8561.155441577279,8633.618706852549,10041.152677633514,10061.832717607918,689.6799838266188,689.6799838266188,1407.5339707809653,2097.213954607584,8561.155441577279,8591.155441577279,10051.832717607918,10241.832717607918,300.0,2359.1563656171625,0.0,1,1,0,0
S3,continuous,A,749,147,7878.104583703984,8630.047410748573,8696.42882339845,9770.053733046063,9798.652123313852,751.9428270445896,751.9428270445896,1073.624909647613,1825.5677366922027,8630.047410748573,8660.047410748573,9788.652123313852,9978.652123313852,300.0,1406.2775921553462,0.0,2,2,0,0
S3,continuous,A,750,109,7895.114935294766,8929.158177295332,8981.517925332393,10231.152677633514,10251.832717607918,1034.0432420005664,1034.0432420005664,1249.634752301121,2283.6779943016872,8929.158177295332,8959.158177295332,10241.832717607918,10431.832717607918,300.0,1373.6345512227545,0.0,0,0,0,0
S3,continuous,A,751,15,7914.778595551322,8429.332095346646,8496.12372858776,11197.137490408315,11198.159909186019,514.5534997953246,514.5534997953246,2701.0137618205554,3215.56726161588,8429.332095346646,8459.332095346646,11197.137490408315,11387.137490408315,300.0,2111.306296441388,0.0,3,3,0,0
S3,continuous,A,752,13,7921.699857952067,7921.699857952067,7954.101443386697,9361.28317945678,9400.2947673952,0.0,0.0,1407.1817360700825,1407.1817360700825,7921.699857952067,7951.699857952067,9390.2947673952,9580.2947673952,300.0,860.4455174328828,0.0,0,0,0,0
S3,continuous,A,753,83,7931.247888953658,8111.247888953658,8164.3048057324395,11387.137490408315,11388.159909186019,180.0,180.0,3222.8326846758755,3402.8326846758755,8111.247888953658,8141.247888953658,11387.137490408315,11577.137490408315,300.0,2266.9707473857625,0.0,3,3,0,0
S3,continuous,A,754,50,7938.583188771703,8459.332095346646,8515.974561771778,9675.748431626545,9677.016044523294,520.7489065749432,520.7489065749432,1159.7738698547673,1680.5227764297106,8459.332095346646,8489.332095346646,9675.748431626545,9865.748431626545,300.0,1435.9211459711858,0.0,2,2,0,0
S3,continuous,A,755,139,7952.784833936842,8959.158177295332,9017.98592959157,9865.748431626545,9867.016044523294,1006.3733433584903,1006.3733433584903,847.7625020349751,1854.1358453934654,8959.158177295332,8989.158177295332,9865.748431626545,10055.748431626545,300.0,1707.7726997795562,0.0,3,3,0,0
S3,continuous,A,756,100,7971.372276636863,9043.510982654572,9075.419518801526,9695.923577001418,9720.1622491836,1072.1387060177094,1072.1387060177094,620.5040581998928,1692.6427642176022,9043.510982654572,9073.510982654572,9710.1622491836,9900.1622491836,300.0,2170.2596420749883,0.0,2,2,0,0
S3,continuous,A,757,33,7980.715097941376,8141.247888953658,8178.280938838852,9783.151439169065,9819.158177295336,160.53279101228145,160.53279101228145,1604.870500330213,1765.4032913424944,8141.247888953658,8171.247888953658,9809.158177295336,9999.158177295336,300.0,1373.6345512227545,0.0,0,0,0,0
S3,continuous,A,758,38,7990.393453595163,7997.9301345972635,8069.33277646443,10055.748431626545,10057.016044523294,7.536681002100522,7.536681002100522,1986.4156551621154,1993.952336164216,7997.9301345972635,8027.9301345972635,10055.748431626545,10245.748431626545,300.0,3002.946789114551,0.0,7,7,0,0
S3,continuous,A,759,8,8027.264437983766,8701.475457750661,8757.617476036761,8758.691847902117,8796.744518391652,674.2110197668953,674.2110197668953,1.0743718653557153,675.285391632251,8701.475457750661,8731.475457750661,8786.744518391652,8976.744518391652,300.0,1743.7082494153096,0.0,0,0,0,0
S3,continuous,A,760,42,8029.158177295333,9180.809634478448,9242.6638893925,9973.151439169065,10009.158177295336,1151.6514571831149,1151.6514571831149,730.4875497765661,1882.139006959681,9180.809634478448,9210.809634478448,9999.158177295336,10189.158177295336,300.0,1742.5364410986158,0.0,1,1,0,0
S3,continuous,A,761,119,8049.348526607222,9210.809634478448,9269.310009833915,9885.923577001418,9910.1622491836,1161.461107871226,1161.461107871226,616.6135671675038,1778.0746750387298,9210.809634478448,9240.809634478448,9900.1622491836,10090.1622491836,300.0,1460.104140805886,0.0,0,0,0,0
S3,continuous,A,762,117,8076.864386524296,9073.510982654572,9102.80838826269,9215.198454985428,9266.576043165991,996.6465961302765,996.6465961302765,112.39006672273717,1109.0366628530137,9073.510982654572,9103.510982654572,9256.576043165991,9446.576043165991,300.0,2131.878852811167,0.0,3,3,0,0
S3,continuous,A,763,10,8081.324501561696,8081.324501561696,8130.238374456323,8375.550853233945,8399.789525416127,0.0,0.0,245.31247877762144,245.31247877762144,8081.324501561696,8111.324501561696,8389.789525416127,8579.789525416127,300.0,1618.5508207057387,0.0,0,0,0,0
S3,continuous,A,764,3,8085.114935294766,8171.247888953658,8196.992763599435,10075.923577001418,10100.1622491836,86.13295365889189,86.13295365889189,1878.930813401983,1965.0637670608749,8171.247888953658,8201.247888953658,10090.1622491836,10280.1622491836,300.0,562.2492055411672,0.0,0,0,0,0
S3,continuous,A,765,29,8104.778595551322,8427.09047191792,8458.66235388753,8948.691847902117,8986.744518391652,322.31187636659797,322.31187636659797,490.0294940145868,812.3413703811848,8427.09047191792,8457.09047191792,8976.744518391652,9166.744518391652,300.0,2091.371613658411,0.0,4,4,0,0
S3,continuous,A,766,82,8124.526944442589,9580.2947673952,9639.816209114248,9639.816209114248,9681.575044561916,1455.767822952611,1455.767822952611,0.0,1455.767822952611,9580.2947673952,9610.2947673952,9671.575044561916,9861.575044561916,300.0,1771.1757023055045,0.0,3,3,0,0
S3,continuous,A,767,72,8128.583188771703,9659.937540801597,9698.8461229834,9698.8461229834,9750.124099240296,1531.3543520298936,1531.3543520298936,0.0,1531.3543520298936,9659.937540801597,9689.937540801597,9740.124099240296,9930.124099240296,300.0,1586.0262905406005,0.0,1,1,0,0
S3,continuous,A,768,28,8133.042445945017,8489.332095346646,8542.003856300114,9209.27805214651,9250.809634478448,356.2896494016295,356.2896494016295,667.2741958463957,1023.5638452480252,8489.332095346646,8519.332095346646,9240.809634478448,9430.809634478448,300.0,1372.5272950362955,0.0,1,1,0,0
S3,continuous,A,769,132,8161.155441577279,9610.2947673952,9672.417706005537,9888.8461229834,9940.124099240296,1449.1393258179214,1449.1393258179214,216.42841697786207,1665.5677427957835,9610.2947673952,9640.2947673952,9930.124099240296,10120.124099240296,300.0,1992.2045324376033,0.0,0,0,0,0
S3,continuous,A,770,41,8168.159909186018,11577.137490408315,11589.39660612961,11589.39660612961,11631.155441577279,3408.977581222297,3408.977581222297,0.0,3408.977581222297,11577.137490408315,11607.137490408315,11621.155441577279,11811.155441577279,300.0,963.0194006996728,0.0,0,0,0,0
S3,continuous,A,771,97,8180.393453595163,8955.241208346139,8989.601309681106,9022.120865957224,9038.583188771703,774.8477547509756,774.8477547509756,32.51955627611824,807.3673110270938,8955.241208346139,8985.241208346139,9028.583188771703,9218.583188771703,300.0,1113.9668067183422,0.0,2,2,0,0
S3,continuous,A,772,60,8181.47545775066,8265.114935294765,8335.924939454586,9829.816209114248,9871.575044561916,83.63947754410492,83.63947754410492,1493.8912696596617,1577.5307472037666,8265.114935294765,8295.114935294765,9861.575044561916,10051.575044561916,300.0,1761.1765167583817,0.0,0,0,0,0
S3,continuous,A,773,102,8189.332095346646,8446.864386524296,8503.643528334145,9679.435880214613,9699.937540801597,257.5322911776493,257.5322911776493,1175.7923518804673,1433.3246430581166,8446.864386524296,8476.864386524296,9689.937540801597,9879.937540801597,300.0,2319.9988015608164,0.0,3,3,0,0
S3,continuous,A,774,95,8203.58086495311,9640.2947673952,9699.816209114248,10019.816209114248,10061.575044561916,1436.7139024420903,1436.7139024420903,320.0,1756.7139024420903,9640.2947673952,9670.2947673952,10051.575044561916,10241.575044561916,300.0,1771.1757023055045,0.0,3,3,0,0
S3,continuous,A,775,148,8209.789525416127,9670.2947673952,9729.816209114248,10209.816209114248,10251.575044561916,1460.5052419790736,1460.5052419790736,480.0,1940.5052419790736,9670.2947673952,9700.2947673952,10241.575044561916,10431.575044561916,300.0,1771.1757023055045,0.0,3,3,0,0
S3,continuous,A,776,44,8217.264437983766,8660.047410748573,8750.773559466305,10245.748431626545,10247.016044523294,442.7829727648077,442.7829727648077,1494.974872160241,1937.7578449250486,8660.047410748573,8690.047410748573,10245.748431626545,10435.748431626545,300.0,2892.6061098237788,0.0,3,3,0,0
S3,continuous,A,777,75,8230.047410748573,11607.137490408315,11636.898871937598,11636.898871937598,11674.951542427132,3377.0900796597416,3377.0900796597416,0.0,3377.0900796597416,11607.137490408315,11637.137490408315,11664.951542427132,11854.951542427132,300.0,2111.306296441388,0.0,3,3,0,0
S3,continuous,A,778,114,8231.831425432561,8494.395908295179,8561.546421948278,9869.435880214613,9889.937540801597,262.5644828626173,262.5644828626173,1307.8894582663343,1570.4539411289516,8494.395908295179,8524.395908295179,9879.937540801597,10069.937540801597,300.0,1410.9246086735204,0.0,1,1,0,0
S3,continuous,A,779,43,8239.348526607222,8690.047410748573,8755.901731426278,9654.78193780354,9680.205488431066,450.6988841413513,450.6988841413513,898.8802063772619,1349.5790905186132,8690.047410748573,8720.047410748573,9670.205488431066,9860.205488431066,300.0,1355.2639291426458,0.0,2,2,0,0
S3,continuous,A,780,85,8266.864386524296,10069.937540801597,10111.23008188311,10111.23008188311,10152.761664215048,1803.073154277301,1803.073154277301,0.0,1803.073154277301,10069.937540801597,10099.937540801597,10142.761664215048,10332.761664215048,300.0,1696.2249142298542,0.0,2,2,0,0
S3,continuous,A,781,30,8271.324501561696,8731.475457750661,8782.750885457044,9671.28317945678,9710.2947673952,460.1509561889652,460.1509561889652,888.532293999735,1348.6832501887002,8731.475457750661,8761.475457750661,9700.2947673952,9890.2947673952,300.0,1424.0634646785325,0.0,0,0,0,0
S3,continuous,A,782,94,8279.158177295332,9545.485631974594,9623.371254605943,9623.371254605943,9658.87433009955,1266.3274546792618,1266.3274546792618,0.0,1266.3274546792618,9545.485631974594,9575.485631974594,9648.87433009955,9838.87433009955,300.0,2794.762033618449,0.0,0,0,0,0
S3,continuous,A,783,20,8314.395908295179,8411.831425432561,8463.215895234567,10399.816209114248,10441.575044561916,97.4355171373827,97.4355171373827,1936.6003138796805,2034.0358310170632,8411.831425432561,8441.831425432561,10431.575044561916,10621.575044561916,300.0,2359.156365617162,0.0,1,1,0,0
S3,continuous,A,784,65,8314.526944442592,8314.526944442592,8385.84298027877,9136.108441712893,9171.6115172065,0.0,0.0,750.2654614341227,750.2654614341227,8314.526944442592,8344.526944442592,9161.6115172065,9351.6115172065,300.0,2420.4573617246606,0.0,2,2,0,0
S3,continuous,A,785,51,8318.583188771705,8989.158177295332,9055.119325114503,10089.435880214613,10109.937540801597,670.5749885236273,670.5749885236273,1034.3165551001093,1704.8915436237367,8989.158177295332,9019.158177295332,10099.937540801597,10289.937540801597,300.0,2279.5026397596585,0.0,1,1,0,0
S3,continuous,A,786,47,8323.042445945017,10917.264437983766,10993.645610281628,10993.645610281628,11034.371995224687,2594.221992038749,2594.221992038749,0.0,2594.221992038749,10917.264437983766,10947.264437983766,11024.371995224687,11214.371995224687,300.0,1980.5235991443465,0.0,2,2,0,0
S3,continuous,A,787,14,8351.155441577279,11637.137490408315,11666.017870617397,11666.017870617397,11682.480193431877,3285.982048831036,3285.982048831036,0.0,3285.982048831036,11637.137490408315,11667.137490408315,11672.480193431877,11862.480193431877,300.0,1944.6211367194842,0.0,1,1,0,0
S3,continuous,A,788,137,8354.77859555132,8503.042445945017,8548.760134598868,8617.568184137388,8658.294569080446,148.26385039369598,148.26385039369598,68.80804953852021,217.07189993221618,8503.042445945017,8533.042445945017,8648.294569080446,8838.294569080446,300.0,1487.9104351249784,0.0,3,3,0,0
S3,continuous,A,789,81,8395.241208346139,9575.485631974594,9633.69591318011,9633.69591318011,9674.422298123169,1180.2444236284555,1180.2444236284555,0.0,1180.2444236284555,9575.485631974594,9605.485631974594,9664.422298123169,9854.422298123169,300.0,1509.1891524767757,0.0,1,1,0,0
S3,continuous,A,790,10,8399.789525416127,8441.831425432561,8478.918638011055,9960.053733046063,9988.652123313852,42.04190001643474,42.04190001643474,1481.135095035008,1523.1769950514426,8441.831425432561,8471.831425432561,9978.652123313852,10168.652123313852,300.0,1340.2036581502443,0.0,0,0,0,0
S3,continuous,A,791,49,8401.47545775066,8471.831425432561,8503.067947007263,9861.28317945678,9900.2947673952,70.35596768190226,70.35596768190226,1358.2152324495164,1428.5712001314187,8471.831425432561,8501.831425432561,9890.2947673952,10080.2947673952,300.0,1002.2235795839861,0.0,1,1,0,0
S3,continuous,A,792,140,8418.159909186019,9605.485631974594,9670.545401390986,9670.545401390986,9690.961913223719,1187.3257227885751,1187.3257227885751,0.0,1187.3257227885751,9605.485631974594,9635.485631974594,9680.961913223719,9870.961913223719,300.0,1864.2723343169419,0.0,4,4,0,0
S3,continuous,A,793,9,8420.047410748573,9808.228150096907,9835.364398866112,9835.364398866112,9886.741987046675,1388.180739348334,1388.180739348334,0.0,1388.180739348334,9808.228150096907,9838.228150096907,9876.741987046675,10066.741987046675,300.0,1862.287322086402,0.0,1,1,0,0
S3,continuous,A,794,74,8437.264437983764,9635.485631974594,9699.527405484838,10078.8461229834,10130.124099240296,1198.2211939908302,1198.2211939908302,379.31871749856145,1577.5399114893917,9635.485631974594,9665.485631974594,10120.124099240296,10310.124099240296,300.0,1950.713262694554,0.0,1,1,0,0
S3,continuous,A,795,124,8468.294569080446,10435.748431626545,10476.204315773404,10476.204315773404,10511.707391267011,1967.4538625460991,1967.4538625460991,0.0,1967.4538625460991,10435.748431626545,10465.748431626545,10501.707391267011,10691.707391267011,300.0,2796.4048586257604,0.0,2,2,0,0
S3,continuous,A,796,48,8481.53113177415,8838.294569080446,8905.224211481325,10265.923577001418,10290.1622491836,356.7634373062956,356.7634373062956,1360.6993655200931,1717.4628028263887,8838.294569080446,8868.294569080446,10280.1622491836,10470.1622491836,300.0,2071.709116147636,0.0,2,2,0,0
S3,continuous,A,797,21,8499.158177295332,8720.047410748573,8786.42882339845,10150.053733046063,10178.652123313852,220.8892334532411,220.8892334532411,1363.624909647613,1584.5141431008542,8720.047410748573,8750.047410748573,10168.652123313852,10358.652123313852,300.0,1406.2775921553462,0.0,2,2,0,0
S3,continuous,A,798,6,8521.324501561696,8521.324501561696,8582.136598719057,10421.152677633514,10441.832717607918,0.0,0.0,1839.0160789144575,1839.0160789144575,8521.324501561696,8551.324501561696,10431.832717607918,10621.832717607918,300.0,2589.7543883319877,0.0,4,4,0,0
S3,continuous,A,799,125,8529.937540801597,8868.294569080446,8923.9882937612,9609.01126821484,9660.388856395402,338.3570282788496,338.3570282788496,685.0229744536391,1023.3800027324887,8868.294569080446,8898.294569080446,9650.388856395402,9840.388856395402,300.0,1458.3425147977969,0.0,2,2,0,0
S3,continuous,A,800,26,8549.592302809122,8750.047410748573,8814.96848029572,11667.137490408315,11668.159909186019,200.4551079394514,200.4551079394514,2852.169010112595,3052.6241180520465,8750.047410748573,8780.047410748573,11667.137490408315,11857.137490408315,300.0,1171.0415278562857,0.0,2,2,0,0
S3,continuous,A,801,77,8559.754365325554,10621.575044561916,10685.61681807216,10933.050360860387,10984.328337117284,2061.8206792363617,2061.8206792363617,247.433542788227,2309.2542220245887,10621.575044561916,10651.575044561916,10974.328337117284,11164.328337117284,300.0,1950.713262694554,0.0,1,1,0,0
S3,continuous,A,802,2,8574.77859555132,10947.264437983766,11032.297539681493,11857.137490408315,11858.159909186019,2372.4858424324448,2372.4858424324448,824.8399507268223,3197.325793159267,10947.264437983766,10977.264437983766,11857.137490408315,12047.137490408315,300.0,2358.7990616418833,0.0,1,1,0,0
S3,continuous,A,803,91,8579.348526607222,8579.348526607222,8637.353188476973,9399.27805214651,9440.809634478448,0.0,0.0,761.9248636695374,761.9248636695374,8579.348526607222,8609.348526607222,9430.809634478448,9620.809634478448,300.0,906.3507651750326,0.0,0,0,0,0
S3,continuous,A,804,93,8585.241208346139,9166.744518391652,9228.44352519712,9228.44352519712,9244.9058480116,581.503310045513,581.503310045513,0.0,581.503310045513,9166.744518391652,9196.744518391652,9234.9058480116,9424.9058480116,300.0,1848.9973875823862,0.0,1,1,0,0
S3,continuous,A,805,145,8602.929688063407,10080.2947673952,10133.949892997687,10133.949892997687,10150.412215812166,1477.3650793317938,1477.3650793317938,0.0,1477.3650793317938,10080.2947673952,10110.2947673952,10140.412215812166,10330.412215812166,300.0,1253.6053980355134,0.0,1,1,0,0
S3,continuous,A,806,16,8605.485631974594,8609.348526607222,8675.723339096505,10340.053733046063,10368.652123313852,3.862894632628013,3.862894632628013,1664.3303939495581,1668.1932885821861,8609.348526607222,8639.348526607222,10358.652123313852,10548.652123313852,300.0,1399.694846156411,0.0,1,1,0,0
S3,continuous,A,807,66,8606.744518391652,9424.9058480116,9455.311760328314,9455.311760328314,9475.728272161046,818.1613296199484,818.1613296199484,0.0,818.1613296199484,9424.9058480116,9454.9058480116,9465.728272161046,9655.728272161046,300.0,1113.9668067183422,0.0,2,2,0,0
S3,continuous,A,808,118,8608.159909186019,10651.575044561916,10704.570576953176,12047.137490408315,12048.159909186019,2043.415135375897,2043.415135375897,1342.566913455139,3385.982048831036,10651.575044561916,10681.575044561916,12047.137490408315,12237.137490408315,300.0,963.0194006996728,0.0,0,0,0,0
S3,continuous,A,809,70,8627.264437983764,9838.228150096907,9866.965176547457,10465.748431626545,10467.016044523294,1210.9637121131436,1210.9637121131436,598.7832550790881,1809.7469671922318,9838.228150096907,9868.228150096907,10465.748431626545,10655.748431626545,300.0,1718.4559577570205,0.0,0,0,0,0
S3,continuous,A,810,137,8658.294569080446,9351.6115172065,9404.161343311445,10279.435880214613,10299.937540801597,693.3169481260538,693.3169481260538,875.2745369031672,1568.591485029221,9351.6115172065,9381.6115172065,10289.937540801597,10479.937540801597,300.0,1416.473721158818,0.0,1,1,0,0
S3,continuous,A,811,80,8658.583188771705,9196.744518391652,9255.43613167368,9356.108441712893,9391.6115172065,538.1613296199466,538.1613296199466,100.6723100392137,638.8336396591603,9196.744518391652,9226.744518391652,9381.6115172065,9571.6115172065,300.0,1743.7082494153096,0.0,0,0,0,0
S3,continuous,A,812,46,8671.53113177415,9454.9058480116,9488.798051368374,9589.27805214651,9630.809634478448,783.3747162374493,783.3747162374493,100.48000077813595,883.8547170155853,9454.9058480116,9484.9058480116,9620.809634478448,9810.809634478448,300.0,1451.9615618851035,0.0,1,1,0,0
S3,continuous,A,813,133,8679.789525416127,8729.592302809122,8777.68318018241,9813.371254605943,9848.87433009955,49.80277739299527,49.80277739299527,1035.6880744235332,1085.4908518165284,8729.592302809122,8759.592302809122,9838.87433009955,10028.87433009955,300.0,1620.0064691735904,0.0,0,0,0,0
S3,continuous,A,814,130,8689.158177295332,8929.754365325554,8967.268673008628,9758.606988123951,9796.659658613486,240.59618803022204,240.59618803022204,791.338315115323,1031.934503145545,8929.754365325554,8959.754365325554,9786.659658613486,9976.659658613486,300.0,1415.9480662309743,0.0,0,0,0,0
S3,continuous,A,815,45,8719.937540801597,9810.809634478448,9869.310009833915,10455.923577001418,10480.1622491836,1090.8720936768514,1090.8720936768514,586.6135671675038,1677.4856608443552,9810.809634478448,9840.809634478448,10470.1622491836,10660.1622491836,300.0,1460.104140805886,0.0,0,0,0,0
S3,continuous,A,816,120,8749.754365325554,8985.241208346139,9023.959293303526,9844.78193780354,9870.205488431066,235.48684302058427,235.48684302058427,820.8226445000146,1056.3094875205989,8985.241208346139,9015.241208346139,9860.205488431066,10050.205488431066,300.0,1449.3051872782025,0.0,0,0,0,0
S3,continuous,A,817,112,8764.77859555132,8898.294569080446,8953.9882937612,10025.364398866112,10076.741987046675,133.5159735291254,133.5159735291254,1071.3761051049114,1204.8920786340368,8898.294569080446,8928.294569080446,10066.741987046675,10256.741987046675,300.0,1458.3425147977969,0.0,2,2,0,0
S3,continuous,A,818,23,8771.324501561696,9484.9058480116,9541.037680956422,10983.03020300678,10984.297815903528,713.5813464499042,713.5813464499042,1441.9925220503574,2155.5738685002616,9484.9058480116,9514.9058480116,10983.03020300678,11173.03020300678,300.0,2733.283687245622,0.0,5,5,0,0
S3,continuous,A,819,79,8775.241208346139,9015.241208346139,9040.647038642215,9040.647038642215,9091.925014899112,240.0,240.0,0.0,240.0,9015.241208346139,9045.241208346139,9081.925014899112,9271.925014899112,300.0,691.0936713377657,0.0,0,0,0,0
S3,continuous,A,820,25,8791.6115172065,9262.737674934748,9321.123772026585,10697.206041034126,10700.509022711369,471.12615772824756,471.12615772824756,1376.0822690075402,1847.2084267357877,9262.737674934748,9292.737674934748,10697.206041034126,10887.206041034126,300.0,2414.2032632741934,0.0,0,0,0,0
S3,continuous,A,821,1,8795.485631974594,8795.485631974594,8867.439784522294,10887.206041034126,10890.509022711369,0.0,0.0,2019.7662565118317,2019.7662565118317,8795.485631974594,8825.485631974594,10887.206041034126,11077.206041034126,300.0,1651.3165423908276,0.0,3,3,0,0
S3,continuous,A,822,8,8796.744518391652,9571.6115172065,9624.317764679967,10215.364398866112,10266.741987046675,774.8669988148486,774.8669988148486,591.0466341861447,1365.9136330009933,9571.6115172065,9601.6115172065,10256.741987046675,10446.741987046675,300.0,1581.2814503614447,0.0,1,1,0,0
S3,continuous,A,823,149,8798.159909186019,9601.6115172065,9673.241379883788,10649.816209114248,10691.575044561916,803.4516080204812,803.4516080204812,976.5748292304597,1780.026437250941,9601.6115172065,9631.6115172065,10681.575044561916,10871.575044561916,300.0,2794.7620336184486,0.0,0,0,0,0
S3,continuous,A,824,135,8820.809634478448,8820.809634478448,8893.038581687832,12237.137490408315,12238.159909186019,0.0,0.0,3344.0989087204835,3344.0989087204835,8820.809634478448,8850.809634478448,12237.137490408315,12427.137490408315,300.0,1652.0906367126645,0.0,0,0,0,0
S3,continuous,A,825,104,8847.264437983764,9292.737674934748,9333.945140140459,9809.27805214651,9850.809634478448,445.47323695098385,445.47323695098385,475.33291200605163,920.8061489570355,9292.737674934748,9322.737674934748,9840.809634478448,10030.809634478448,300.0,1460.1041408058857,0.0,0,0,0,0
S3,continuous,A,826,55,8848.583188771705,9868.228150096907,9906.354827593466,10469.435880214613,10489.937540801597,1019.6449613252025,1019.6449613252025,563.0810526211462,1582.7260139463488,9868.228150096907,9898.228150096907,10479.937540801597,10669.937540801597,300.0,2440.602932608804,0.0,6,6,0,0
S3,continuous,A,827,62,8848.652123313852,12427.137490408315,12459.433230147068,12459.433230147068,12513.193010883746,3578.485367094463,3578.485367094463,0.0,3578.485367094463,12427.137490408315,12457.137490408315,12503.193010883746,12693.193010883746,300.0,2358.7990616418833,0.0,1,1,0,0
S3,continuous,A,828,59,8861.53113177415,10030.809634478448,10089.771097352681,10323.949892997687,10340.412215812166,1169.2785027042974,1169.2785027042974,234.17879564500618,1403.4572983493035,10030.809634478448,10060.809634478448,10330.412215812166,10520.412215812166,300.0,1451.9615618851035,0.0,1,1,0,0
S3,continuous,A,829,24,8869.789525416127,9045.241208346139,9075.956131565908,10530.053733046063,10558.652123313852,175.45168293001188,175.45168293001188,1454.0976014801545,1629.5492844101664,9045.241208346139,9075.241208346139,10548.652123313852,10738.652123313852,300.0,931.63526963844,0.0,1,1,0,0
S3,continuous,A,830,87,8909.937540801597,10110.2947673952,10157.46926858607,10645.923577001418,10670.1622491836,1200.3572265936036,1200.3572265936036,488.45430841534835,1688.811535008952,10110.2947673952,10140.2947673952,10660.1622491836,10850.1622491836,300.0,860.4455174328829,0.0,0,0,0,0
S3,continuous,A,831,56,8920.205488431066,9075.241208346139,9100.647038642215,9230.647038642215,9281.925014899112,155.03571991507306,155.03571991507306,130.0,285.03571991507306,9075.241208346139,9105.241208346139,9271.925014899112,9461.925014899112,300.0,691.0936713377657,0.0,0,0,0,0
S3,continuous,A,832,98,8981.6115172065,9514.9058480116,9545.311760328314,9860.545401390986,9880.961913223719,533.2943308050999,533.2943308050999,315.2336410626722,848.5279718677721,9514.9058480116,9544.9058480116,9870.961913223719,10060.961913223719,300.0,1113.9668067183422,0.0,2,2,0,0
S3,continuous,A,833,19,8985.485631974594,10850.1622491836,10888.99591953845,10888.99591953845,10905.45824235293,1864.6766172090065,1864.6766172090065,0.0,1864.6766172090065,10850.1622491836,10880.1622491836,10895.45824235293,11085.45824235293,300.0,1176.5048531611737,0.0,0,0,0,0
S3,continuous,A,834,29,8986.744518391652,9898.228150096907,9922.207308064953,10268.8461229834,10320.124099240296,911.4836317052559,911.4836317052559,346.63881491844586,1258.1224466237018,9898.228150096907,9928.228150096907,10310.124099240296,10500.124099240296,300.0,1651.3165423908276,0.0,3,3,0,0
S3,continuous,A,835,116,9018.159909186019,9544.9058480116,9573.119196279848,10405.364398866112,10456.741987046675,526.7459388255811,526.7459388255811,832.245202586264,1358.991141411845,9544.9058480116,9574.9058480116,10446.741987046675,10636.741987046675,300.0,1122.6012518930768,0.0,1,1,0,0
S3,continuous,A,836,97,9038.583188771703,9840.388856395402,9908.969616555825,10003.371254605943,10038.87433009955,801.8056676236993,801.8056676236993,94.40163805011798,896.2073056738172,9840.388856395402,9870.388856395402,10028.87433009955,10218.87433009955,300.0,1581.2814503614447,0.0,1,1,0,0
S3,continuous,A,837,121,9038.652123313852,9038.652123313852,9064.834649770559,10193.371254605943,10228.87433009955,0.0,0.0,1128.5366048353844,1128.5366048353844,9038.652123313852,9068.652123313852,10218.87433009955,10408.87433009955,300.0,647.7480094935643,0.0,0,0,0,0
S3,continuous,A,838,123,9051.53113177415,10880.1622491836,10935.041844615987,11173.03020300678,11174.297815903528,1828.6311174094499,1828.6311174094499,237.9883583907922,2066.619475800242,10880.1622491836,10910.1622491836,11173.03020300678,11363.03020300678,300.0,2170.2596420749883,0.0,2,2,0,0
S3,continuous,A,839,31,9059.158177295336,10189.158177295336,10253.127888501309,10839.816209114248,10881.575044561916,1130.0,1130.0,586.6883206129387,1716.6883206129387,10189.158177295336,10219.158177295336,10871.575044561916,11061.575044561916,300.0,2253.0260731831427,0.0,2,2,0,0
S3,continuous,A,840,67,9067.264437983764,10050.205488431066,10108.356580943151,11363.03020300678,11364.297815903528,982.9410504473017,982.9410504473017,1254.6736220636285,2237.61467251093,10050.205488431066,10080.205488431066,11363.03020300678,11553.03020300678,300.0,2315.2919432586614,0.0,2,2,0,0
S3,continuous,A,841,18,9076.576043165991,9574.9058480116,9615.014507142014,9948.606988123951,9986.659658613486,498.32980484560903,498.32980484560903,333.5924809819371,831.9222858275461,9574.9058480116,9604.9058480116,9976.659658613486,10166.659658613486,300.0,1848.9973875823862,0.0,1,1,0,0
S3,continuous,A,842,0,9082.737674934748,9082.737674934748,9142.705874832185,9598.44352519712,9614.9058480116,0.0,0.0,455.7376503649357,455.7376503649357,9082.737674934748,9112.737674934748,9604.9058480116,9794.9058480116,300.0,1568.7312024129683,0.0,2,2,0,0
S3,continuous,A,843,36,9090.2947673952,10219.158177295336,10287.045893658387,10333.645610281628,10374.371995224687,1128.8634099001356,1128.8634099001356,46.599716623240965,1175.4631265233766,10219.158177295336,10249.158177295336,10364.371995224687,10554.371995224687,300.0,2509.0641644654156,0.0,2,2,0,0
S3,continuous,A,844,79,9091.925014899112,10249.158177295336,10323.432551181613,10323.432551181613,10348.856101809139,1157.2331623962236,1157.2331623962236,0.0,1157.2331623962236,10249.158177295336,10279.158177295336,10338.856101809139,10528.856101809139,300.0,2858.327161102739,0.0,5,5,0,0
S3,continuous,A,845,134,9099.937540801597,10140.2947673952,10204.71869746005,11553.03020300678,11554.297815903528,1040.3572265936036,1040.3572265936036,1348.3115055467297,2388.6687321403333,10140.2947673952,10170.2947673952,11553.03020300678,11743.03020300678,300.0,1895.5521459377146,0.0,1,1,0,0
S3,continuous,A,846,34,9107.016044523294,10279.158177295336,10341.257945942245,11389.433230147068,11443.193010883746,1172.1421327720418,1172.1421327720418,1048.1752842048227,2220.3174169768645,10279.158177295336,10309.158177295336,11433.193010883746,11623.193010883746,300.0,2188.3679623572943,0.0,0,0,0,0
S3,continuous,A,847,53,9110.205488431066,10669.937540801597,10705.133847104471,10705.133847104471,10725.813887078875,1559.7320523705312,1559.7320523705312,0.0,1559.7320523705312,10669.937540801597,10699.937540801597,10715.813887078875,10905.813887078875,300.0,1185.5515505329952,0.0,1,1,0,0
S3,continuous,A,848,143,9111.832717607918,10080.205488431066,10135.983323857441,10513.949892997687,10530.412215812166,968.3727708231472,968.3727708231472,377.96656914024607,1346.3393399633933,10080.205488431066,10110.205488431066,10520.412215812166,10710.412215812166,300.0,2233.048353800032,0.0,4,4,0,0
S3,continuous,A,849,65,9171.6115172065,10655.748431626545,10689.743586407854,10689.743586407854,10715.16713703538,1484.1369144200453,1484.1369144200453,0.0,1484.1369144200453,10655.748431626545,10685.748431626545,10705.16713703538,10895.16713703538,300.0,2315.2919432586614,0.0,2,2,0,0
S3,continuous,A,850,115,9175.485631974594,10110.205488431066,10165.983323857441,11078.99591953845,11095.45824235293,934.7198564564715,934.7198564564715,913.0125956810098,1847.7324521374812,10110.205488431066,10140.205488431066,11085.45824235293,11275.45824235293,300.0,2233.048353800032,0.0,4,4,0,0
S3,continuous,A,851,4,9208.159909186019,9461.925014899112,9533.879167446812,11077.206041034126,11080.509022711369,253.76510571309336,253.76510571309336,1543.3268735873135,1797.0919793004068,9461.925014899112,9491.925014899112,11077.206041034126,11267.206041034126,300.0,1651.3165423908276,0.0,3,3,0,0
S3,continuous,A,852,90,9228.652123313852,9228.652123313852,9268.748346630477,10141.28317945678,10180.2947673952,0.0,0.0,872.5348328263026,872.5348328263026,9228.652123313852,9258.652123313852,10170.2947673952,10360.2947673952,300.0,1609.1212644485067,0.0,1,1,0,0
S3,continuous,A,853,7,9241.53113177415,9491.925014899112,9574.993892403418,10666.204315773404,10701.707391267011,250.39388312496158,250.39388312496158,1091.2104233699865,1341.604306494948,9491.925014899112,9521.925014899112,10691.707391267011,10881.707391267011,300.0,2553.298675246364,0.0,3,3,0,0
S3,continuous,A,854,93,9244.9058480116,12457.137490408315,12493.151439169065,12493.151439169065,12529.158177295336,3212.231642396715,3212.231642396715,0.0,3212.231642396715,12457.137490408315,12487.137490408315,12519.158177295336,12709.158177295336,300.0,2517.914450056249,0.0,3,3,0,0
S3,continuous,A,855,110,9244.930852679532,10685.748431626545,10705.605840458891,10705.605840458891,10743.658510948426,1440.8175789470133,1440.8175789470133,0.0,1440.8175789470133,10685.748431626545,10715.748431626545,10733.658510948426,10923.658510948426,300.0,1435.9211459711858,0.0,2,2,0,0
S3,continuous,A,856,126,9249.158177295336,10060.809634478448,10123.132097304915,10689.435880214613,10709.937540801597,811.6514571831121,811.6514571831121,566.3037829096975,1377.9552400928096,10060.809634478448,10090.809634478448,10699.937540801597,10889.937540801597,300.0,1696.2249142298542,0.0,2,2,0,0
S3,continuous,A,857,28,9250.809634478448,10090.809634478448,10153.132097304915,10879.435880214613,10899.937540801597,840.0,840.0,726.3037829096975,1566.3037829096975,10090.809634478448,10120.809634478448,10889.937540801597,11079.937540801597,300.0,1696.2249142298542,0.0,2,2,0,0
S3,continuous,A,858,117,9266.576043165991,10309.158177295336,10370.513498402248,11268.99591953845,11285.45824235293,1042.582134129345,1042.582134129345,898.4824211362029,1941.0645552655478,10309.158177295336,10339.158177295336,11275.45824235293,11465.45824235293,300.0,1952.2508367464982,0.0,0,0,0,0
S3,continuous,A,859,56,9281.925014899112,10339.158177295336,10388.157404028425,10388.157404028425,10427.168991966846,1057.2331623962236,1057.2331623962236,0.0,1057.2331623962236,10339.158177295336,10369.158177295336,10417.168991966846,10607.168991966846,300.0,1241.2575374446203,0.0,0,0,0,0
S3,continuous,A,860,17,9287.264437983764,10977.264437983766,11047.680702366688,11162.312913623275,11201.324501561696,1690.0000000000018,1690.0000000000018,114.63221125658674,1804.6322112565886,10977.264437983766,11007.264437983766,11191.324501561696,11381.324501561696,300.0,1574.2890864584458,0.0,0,0,0,0
S3,continuous,A,861,40,9289.937540801597,10360.2947673952,10407.46926858607,10895.923577001418,10920.1622491836,1070.3572265936036,1070.3572265936036,488.45430841534835,1558.811535008952,10360.2947673952,10390.2947673952,10910.1622491836,11100.1622491836,300.0,860.4455174328829,0.0,0,0,0,0
S3,continuous,A,862,68,9297.016044523294,11061.575044561916,11134.038309837186,11134.038309837186,11154.71834981159,1764.559000038622,1764.559000038622,0.0,1764.559000038622,11061.575044561916,11091.575044561916,11144.71834981159,11334.71834981159,300.0,2359.1563656171625,0.0,1,1,0,0
S3,continuous,A,863,11,9300.205488431067,10621.832717607918,10669.60133284674,11123.050360860387,11174.328337117284,1321.627229176851,1321.627229176851,453.44902801364697,1775.076257190498,10621.832717607918,10651.832717607918,11164.328337117284,11354.328337117284,300.0,2165.695098784365,0.0,0,0,0,0
S3,continuous,A,864,22,9301.832717607918,11079.937540801597,11133.231241824342,11133.231241824342,11174.99007727201,1778.1048231936784,1778.1048231936784,0.0,1778.1048231936784,11079.937540801597,11109.937540801597,11164.99007727201,11354.99007727201,300.0,2497.4385092240464,0.0,3,3,0,0
S3,continuous,A,865,86,9340.1622491836,10140.205488431066,10203.896674818598,10343.151439169065,10379.158177295336,800.043239247465,800.043239247465,139.25476435046767,939.2980035979326,10140.205488431066,10170.205488431066,10369.158177295336,10559.158177295336,300.0,2858.327161102739,0.0,5,5,0,0
S3,continuous,A,866,69,9365.485631974594,9521.925014899112,9600.291566420427,10895.133847104471,10915.813887078875,156.4393829245182,156.4393829245182,1294.8422806840445,1451.2816636085627,9521.925014899112,9551.925014899112,10905.813887078875,11095.813887078875,300.0,2165.695098784365,0.0,0,0,0,0
S3,continuous,A,867,80,9391.6115172065,9794.9058480116,9841.321139392781,11323.231241824342,11364.99007727201,403.2943308050999,403.2943308050999,1481.9101024315605,1885.2044332366604,9794.9058480116,9824.9058480116,11354.99007727201,11544.99007727201,300.0,2287.97036242417,0.0,2,2,0,0
S3,continuous,A,868,13,9400.2947673952,9551.925014899112,9642.651163616843,11743.03020300678,11744.297815903528,151.63024750391196,151.63024750391196,2100.379039389936,2252.009286893848,9551.925014899112,9581.925014899112,11743.03020300678,11933.03020300678,300.0,2892.6061098237788,0.0,3,3,0,0
S3,continuous,A,869,141,9416.659658613486,11091.575044561916,11144.570576953176,12487.137490408315,12488.159909186019,1674.9153859484304,1674.9153859484304,1342.566913455139,3017.4822994035694,11091.575044561916,11121.575044561916,12487.137490408315,12677.137490408315,300.0,963.0194006996728,0.0,0,0,0,0
S3,continuous,A,870,73,9418.652123313852,11109.937540801597,11165.262897207896,11267.206041034126,11270.509022711369,1691.2854174877448,1691.2854174877448,101.94314382622906,1793.2285613139738,11109.937540801597,11139.937540801597,11267.206041034126,11457.206041034126,300.0,2440.602932608804,0.0,6,6,0,0
S3,continuous,A,871,101,9428.159909186019,11100.1622491836,11135.704732180595,11135.704732180595,11171.711470306866,1672.0023399975817,1672.0023399975817,0.0,1672.0023399975817,11100.1622491836,11130.1622491836,11161.711470306866,11351.711470306866,300.0,1054.814439196385,0.0,0,0,0,0
S3,continuous,A,872,136,9431.53113177415,9431.53113177415,9476.589322915135,11115.923577001418,11140.1622491836,0.0,0.0,1639.3342540862832,1639.3342540862832,9431.53113177415,9461.53113177415,11130.1622491836,11320.1622491836,300.0,1866.0545406246356,0.0,1,1,0,0
S3,continuous,A,873,103,9439.158177295336,9824.9058480116,9860.609985780458,9860.609985780458,9901.336370723517,385.7476707162641,385.7476707162641,0.0,385.7476707162641,9824.9058480116,9854.9058480116,9891.336370723517,10081.336370723517,300.0,1568.7312024129683,0.0,2,2,0,0
S3,continuous,A,874,91,9440.809634478448,10738.652123313852,10786.19269914327,11352.312913623275,11391.324501561696,1297.8424888354039,1297.8424888354039,566.1202144800045,1863.9627033154084,10738.652123313852,10768.652123313852,11381.324501561696,11571.324501561696,300.0,1600.8622618063268,0.0,0,0,0,0
S3,continuous,A,875,129,9470.388856395402,11320.1622491836,11355.740831981493,11355.740831981493,11407.118420162056,1849.7733927881982,1849.7733927881982,0.0,1849.7733927881982,11320.1622491836,11350.1622491836,11397.118420162056,11587.118420162056,300.0,1134.0753428611292,0.0,0,0,0,0
S3,continuous,A,876,66,9475.728272161046,10607.168991966846,10655.481212695597,10895.605840458891,10933.658510948426,1131.4407198057997,1131.4407198057997,240.12462776329448,1371.5653475690942,10607.168991966846,10637.168991966846,10923.658510948426,11113.658510948426,300.0,1005.3634781616877,0.0,0,0,0,0
S3,continuous,A,877,54,9477.264437983766,10651.832717607918,10682.986978837862,11458.99591953845,11475.45824235293,1174.5682796241526,1174.5682796241526,776.0089407005889,1950.5772203247416,10651.832717607918,10681.832717607918,11465.45824235293,11655.45824235293,300.0,883.9932309803326,0.0,0,0,0,0
S3,continuous,A,878,61,9479.937540801597,10408.87433009955,10456.367229376936,11579.433230147068,11633.193010883746,928.9367892979535,928.9367892979535,1123.0660007701317,2052.0027900680852,10408.87433009955,10438.87433009955,11623.193010883746,11813.193010883746,300.0,1245.6358667366299,0.0,0,0,0,0
S3,continuous,A,879,106,9487.016044523294,12677.137490408315,12702.312913623275,12702.312913623275,12741.324501561696,3190.121445885021,3190.121445885021,0.0,3190.121445885021,12677.137490408315,12707.137490408315,12731.324501561696,12921.324501561696,300.0,1810.3703293977135,0.0,2,2,0,0
S3,continuous,A,880,37,9490.205488431066,9854.9058480116,9895.014507142014,10138.606988123951,10176.659658613486,364.7003595805345,364.7003595805345,243.59248098193711,608.2928405624716,9854.9058480116,9884.9058480116,10166.659658613486,10356.659658613486,300.0,1848.9973875823862,0.0,1,1,0,0
S3,continuous,A,881,122,9491.832717607918,9491.832717607918,9559.009462072157,10328.606988123951,10366.659658613486,0.0,0.0,769.5975260517935,769.5975260517935,9491.832717607918,9521.832717607918,10356.659658613486,10546.659658613486,300.0,2157.2525785749926,0.0,1,1,0,0
S3,continuous,A,882,111,9530.1622491836,9581.925014899112,9656.314341827925,10608.157404028425,10647.168991966846,51.762765715511705,51.762765715511705,951.8430622004998,1003.6058279160115,9581.925014899112,9611.925014899112,10637.168991966846,10827.168991966846,300.0,1992.2045324376033,0.0,0,0,0,0
S3,continuous,A,883,78,9606.659658613486,10559.158177295336,10608.157404028425,11542.312913623275,11581.324501561696,952.4985186818503,952.4985186818503,934.1555095948497,1886.6540282767,10559.158177295336,10589.158177295336,11571.324501561696,11761.324501561696,300.0,1241.2575374446203,0.0,0,0,0,0
S3,continuous,A,884,107,9608.652123313852,10636.741987046675,10703.116799535957,10750.053733046063,10778.652123313852,1028.0898637328228,1028.0898637328228,46.93693351010552,1075.0267972429283,10636.741987046675,10666.741987046675,10768.652123313852,10958.652123313852,300.0,1399.694846156411,0.0,1,1,0,0
S3,continuous,A,885,0,9614.9058480116,10332.761664215048,10397.981876752016,10856.204315773404,10891.707391267011,717.8558162034478,717.8558162034478,458.2224390213887,1176.0782552248365,10332.761664215048,10362.761664215048,10881.707391267011,11071.707391267011,300.0,1964.415302796338,0.0,1,1,0,0
S3,continuous,A,886,92,9618.159909186019,11121.575044561916,11191.296853089287,11325.704732180595,11361.711470306866,1503.415135375897,1503.415135375897,134.40787909130813,1637.8230144672052,11121.575044561916,11151.575044561916,11351.711470306866,11541.711470306866,300.0,2253.0260731831427,0.0,2,2,0,0
S3,continuous,A,887,76,9621.53113177415,11139.937540801597,11177.485951999919,11177.485951999919,11212.989027493526,1518.406409027446,1518.406409027446,0.0,1518.406409027446,11139.937540801597,11169.937540801597,11202.989027493526,11392.989027493526,300.0,1416.473721158818,0.0,1,1,0,0
S3,continuous,A,888,99,9629.158177295336,10438.87433009955,10510.504192776838,11779.39660612961,11821.155441577279,809.7161528042143,809.7161528042143,1268.8924133527726,2078.608566156987,10438.87433009955,10468.87433009955,11811.155441577279,12001.155441577279,300.0,2794.7620336184486,0.0,0,0,0,0
S3,continuous,A,889,46,9630.809634478448,11169.937540801597,11193.766662297468,11193.766662297468,11222.365052565257,1539.1279063231486,1539.1279063231486,0.0,1539.1279063231486,11169.937540801597,11199.937540801597,11212.365052565257,11402.365052565257,300.0,467.33098153299966,0.0,0,0,0,0
S3,continuous,A,890,94,9658.87433009955,10362.761664215048,10424.795160125585,11769.433230147068,11823.193010883746,703.8873341154977,703.8873341154977,1344.6380700214831,2048.525404136981,10362.761664215048,10392.761664215048,11813.193010883746,12003.193010883746,300.0,1843.2510539162895,0.0,2,2,0,0
S3,continuous,A,891,125,9660.388856395402,9884.9058480116,9915.311760328314,10050.545401390986,10070.961913223719,224.51699161619763,224.51699161619763,135.23364106267218,359.7506326788698,9884.9058480116,9914.9058480116,10060.961913223719,10250.961913223719,300.0,1113.9668067183422,0.0,2,2,0,0
S3,continuous,A,892,52,9667.264437983764,10468.87433009955,10520.149757805933,11732.312913623275,11771.324501561696,801.6098921157864,801.6098921157864,1212.1631558173412,2013.7730479331276,10468.87433009955,10498.87433009955,11761.324501561696,11951.324501561696,300.0,1424.0634646785325,0.0,0,0,0,0
S3,continuous,A,893,81,9674.422298123169,12707.137490408315,12719.39660612961,12719.39660612961,12761.155441577279,3032.7151922851463,3032.7151922851463,0.0,3032.7151922851463,12707.137490408315,12737.137490408315,12751.155441577279,12941.155441577279,300.0,963.0194006996728,0.0,0,0,0,0
S3,continuous,A,894,50,9677.016044523294,11544.99007727201,11614.711885799381,11614.711885799381,11650.718623925652,1867.9740327487161,1867.9740327487161,0.0,1867.9740327487161,11544.99007727201,11574.99007727201,11640.718623925652,11830.718623925652,300.0,2253.0260731831427,0.0,2,2,0,0
S3,continuous,A,895,43,9680.205488431066,10958.652123313852,11015.47507473286,11085.605840458891,11123.658510948426,1278.4466348827864,1278.4466348827864,70.13076572603131,1348.5774006088177,10958.652123313852,10988.652123313852,11113.658510948426,11303.658510948426,300.0,2214.8927138679405,0.0,0,0,0,0
S3,continuous,A,896,82,9681.575044561916,10715.748431626545,10749.743586407854,10879.743586407854,10905.16713703538,1034.1733870646294,1034.1733870646294,130.0,1164.1733870646294,10715.748431626545,10745.748431626545,10895.16713703538,11085.16713703538,300.0,2315.2919432586614,0.0,2,2,0,0
S3,continuous,A,897,89,9681.832717607918,12737.137490408315,12767.36708614302,12767.36708614302,12787.868746730004,3055.3047728003967,3055.3047728003967,0.0,3055.3047728003967,12737.137490408315,12767.137490408315,12777.868746730004,12967.868746730004,300.0,2054.7655272901334,0.0,3,3,0,0
S3,continuous,A,898,140,9690.961913223719,11457.206041034126,11476.18100402789,11476.18100402789,11516.907388970949,1766.244127810407,1766.244127810407,0.0,1766.244127810407,11457.206041034126,11487.206041034126,11506.907388970949,11696.907388970949,300.0,1264.9455875362642,0.0,3,3,0,0
S3,continuous,A,899,102,9699.937540801597,10589.158177295336,10641.517925332397,11324.038309837186,11344.71834981159,889.2206364937392,889.2206364937392,682.520384504789,1571.7410209985283,10589.158177295336,10619.158177295336,11334.71834981159,11524.71834981159,300.0,1373.6345512227545,0.0,0,0,0,0
S3,continuous,A,900,30,9710.2947673952,10988.652123313852,11034.369811967703,11183.645610281628,11224.371995224687,1278.3573559186516,1278.3573559186516,149.2757983139254,1427.633154232577,10988.652123313852,11018.652123313852,11214.371995224687,11404.371995224687,300.0,1487.9104351249784,0.0,3,3,0,0
S3,continuous,A,901,100,9720.1622491836,11199.937540801597,11255.262897207896,11487.206041034126,11490.509022711369,1479.7752916179961,1479.7752916179961,231.94314382622906,1711.7184354442252,11199.937540801597,11229.937540801597,11487.206041034126,11677.206041034126,300.0,2440.602932608804,0.0,6,6,0,0
S3,continuous,A,902,72,9750.124099240296,10619.158177295336,10685.841803329839,11000.053733046063,11028.652123313852,869.0340780550396,869.0340780550396,314.2119297162244,1183.246007771264,10619.158177295336,10649.158177295336,11018.652123313852,11208.652123313852,300.0,2368.1515025190465,0.0,1,1,0,0
S3,continuous,A,903,130,9796.659658613486,10649.158177295336,10719.963530132269,11677.206041034126,11680.509022711369,852.4985186818503,852.4985186818503,957.2425109018568,1809.7410295837071,10649.158177295336,10679.158177295336,11677.206041034126,11867.206041034126,300.0,2516.4562463949933,0.0,5,5,0,0
S3,continuous,A,904,147,9798.652123313852,10681.832717607918,10738.025318847629,11867.206041034126,11870.509022711369,883.1805942940664,883.1805942940664,1129.1807221864965,2012.361316480563,10681.832717607918,10711.832717607918,11867.206041034126,12057.206041034126,300.0,2487.4191926120016,0.0,2,2,0,0
S3,continuous,A,905,144,9808.159909186019,10392.761664215048,10455.084127041515,11219.435880214613,11239.937540801597,584.6017550290289,584.6017550290289,764.3517531730977,1348.9535082021266,10392.761664215048,10422.761664215048,11229.937540801597,11419.937540801597,300.0,1696.2249142298542,0.0,2,2,0,0
S3,continuous,A,906,33,9819.158177295336,10546.659658613486,10599.331419566954,10599.331419566954,10640.863001898892,727.5014813181497,727.5014813181497,0.0,727.5014813181497,10546.659658613486,10576.659658613486,10630.863001898892,10820.863001898892,300.0,1372.5272950362955,0.0,1,1,0,0
S3,continuous,A,907,133,9848.87433009955,10250.961913223719,10286.45582795885,10391.23008188311,10432.761664215048,402.0875831241683,402.0875831241683,104.77425392426085,506.86183704842915,10250.961913223719,10280.961913223719,10422.761664215048,10612.761664215048,300.0,1314.9006643165274,0.0,0,0,0,0
S3,continuous,A,908,104,9850.809634478448,11350.1622491836,11408.548346275438,12057.206041034126,12060.509022711369,1499.3526147051525,1499.3526147051525,648.6576947586873,2148.01030946384,11350.1622491836,11380.1622491836,12057.206041034126,12247.206041034126,300.0,2414.2032632741934,0.0,0,0,0,0
S3,continuous,A,909,139,9867.016044523294,10827.168991966846,10885.122765466896,11383.766662297468,11412.365052565257,960.152947443552,960.152947443552,498.643896830572,1458.796844274124,10827.168991966846,10857.168991966846,11402.365052565257,11592.365052565257,300.0,1600.8622618063268,0.0,0,0,0,0
S3,continuous,A,910,120,9870.205488431066,11007.264437983766,11092.297539681493,12767.137490408315,12768.159909186019,1137.0589495527001,1137.0589495527001,1674.8399507268223,2811.8989002795224,11007.264437983766,11037.264437983766,12767.137490408315,12957.137490408315,300.0,2358.7990616418833,0.0,1,1,0,0
S3,continuous,A,911,60,9871.575044561916,10666.741987046675,10746.149367938608,11933.03020300678,11934.297815903528,795.1669424847587,795.1669424847587,1186.880835068172,1982.0477775529307,10666.741987046675,10696.741987046675,11933.03020300678,12123.03020300678,300.0,2131.878852811167,0.0,3,3,0,0
S3,continuous,A,912,142,9871.83271760792,10820.863001898892,10883.185464725359,11409.435880214613,11429.937540801597,949.0302842909714,949.0302842909714,526.250415489254,1475.2806997802254,10820.863001898892,10850.863001898892,11419.937540801597,11609.937540801597,300.0,1696.2249142298542,0.0,2,2,0,0
S3,continuous,A,913,98,9880.961913223719,11095.813887078875,11132.84693696407,11804.711885799381,11840.718623925652,1214.8519738551568,1214.8519738551568,671.8649488353112,1886.716922690468,11095.813887078875,11125.813887078875,11830.718623925652,12020.718623925652,300.0,1373.6345512227545,0.0,0,0,0,0
S3,continuous,A,914,9,9886.741987046675,10850.863001898892,10911.568208337732,11573.766662297468,11602.365052565257,964.1210148522168,964.1210148522168,662.1984539597361,1626.319468811953,10850.863001898892,10880.863001898892,11592.365052565257,11782.365052565257,300.0,1628.8914701254569,0.0,1,1,0,0
S3,continuous,A,915,32,9887.264437983764,10880.863001898892,10934.257835156917,11666.18100402789,11706.907388970949,993.5985639151277,993.5985639151277,731.9231688709733,1725.521732786101,10880.863001898892,10910.863001898892,11696.907388970949,11886.907388970949,300.0,1202.1732314475685,0.0,0,0,0,0
S3,continuous,A,916,114,9889.937540801597,11574.99007727201,11637.258766500305,11922.312913623275,11961.324501561696,1685.0525364704135,1685.0525364704135,285.0541471229699,1970.1066835933834,11574.99007727201,11604.99007727201,11951.324501561696,12141.324501561696,300.0,1771.1757023055045,0.0,3,3,0,0
S3,continuous,A,917,49,9900.2947673952,10679.158177295336,10745.841803329839,11763.766662297468,11792.365052565257,778.8634099001356,778.8634099001356,1017.9248589676299,1796.7882688677655,10679.158177295336,10709.158177295336,11782.365052565257,11972.365052565257,300.0,2368.1515025190465,0.0,1,1,0,0
S3,continuous,A,918,103,9901.336370723517,11524.71834981159,11580.9109510513,12247.206041034126,12250.509022711369,1623.3819790880734,1623.3819790880734,666.2950899828247,2289.677069070898,11524.71834981159,11554.71834981159,12247.206041034126,12437.206041034126,300.0,2487.4191926120016,0.0,2,2,0,0
S3,continuous,A,919,119,9910.1622491836,11554.71834981159,11591.805562390084,11953.766662297468,11982.365052565257,1644.5561006279895,1644.5561006279895,361.9610999073848,2006.5172005353743,11554.71834981159,11584.71834981159,11972.365052565257,12162.365052565257,300.0,1340.2036581502443,0.0,0,0,0,0
S3,continuous,A,920,132,9940.124099240296,12437.206041034126,12476.69084502505,12649.433230147068,12703.193010883746,2497.081941793829,2497.081941793829,172.74238512201737,2669.8243269158465,12437.206041034126,12467.206041034126,12693.193010883746,12883.193010883746,300.0,2697.435299648399,0.0,1,1,0,0
S3,continuous,A,921,64,9940.509022711369,11584.71834981159,11615.872611041534,11856.017870617397,11872.480193431877,1644.2093271002213,1644.2093271002213,240.14525957586375,1884.354586676085,11584.71834981159,11614.71834981159,11862.480193431877,12052.480193431877,300.0,883.9932309803326,0.0,0,0,0,0
S3,continuous,A,922,18,9986.659658613486,9986.659658613486,10014.873006881733,10655.364398866112,10706.741987046675,0.0,0.0,640.4913919843784,640.4913919843784,9986.659658613486,10016.659658613486,10696.741987046675,10886.741987046675,300.0,1122.6012518930768,0.0,1,1,0,0
S3,continuous,A,923,10,9988.652123313852,10500.124099240296,10587.430131473697,10683.151439169065,10719.158177295336,511.47197592644443,511.47197592644443,95.72130769536852,607.193283621813,10500.124099240296,10530.124099240296,10709.158177295336,10899.158177295336,300.0,2838.293970349379,0.0,0,0,0,0
S3,continuous,A,924,128,9998.159909186019,10857.168991966846,10915.551300345816,11856.18100402789,11896.907388970949,859.0090827808272,859.0090827808272,940.6297036820743,1799.6387864629014,10857.168991966846,10887.168991966846,11886.907388970949,12076.907388970949,300.0,1690.0712271107186,0.0,1,1,0,0
S3,continuous,A,925,42,10009.158177295336,10530.124099240296,10596.505511890173,12143.766662297468,12172.365052565257,520.9659219449604,520.9659219449604,1547.2611504072956,2068.227072352256,10530.124099240296,10560.124099240296,12162.365052565257,12352.365052565257,300.0,1406.2775921553462,0.0,2,2,0,0
S3,continuous,A,926,97,10038.87433009955,12352.365052565257,12401.278925459885,12401.278925459885,12425.517597642067,2313.490722465707,2313.490722465707,0.0,2313.490722465707,12352.365052565257,12382.365052565257,12415.517597642067,12605.517597642067,300.0,1618.5508207057387,0.0,0,0,0,0
S3,continuous,A,927,38,10057.016044523294,11614.71834981159,11653.592606197984,11653.592606197984,11695.124188529922,1557.702305288296,1557.702305288296,0.0,1557.702305288296,11614.71834981159,11644.71834981159,11685.124188529922,11875.124188529922,300.0,1524.005872331035,0.0,1,1,0,0
S3,continuous,A,928,95,10061.575044561916,10745.748431626545,10771.115442580722,10879.331419566954,10920.863001898892,684.1733870646294,684.1733870646294,108.21597698623191,792.3893640508613,10745.748431626545,10775.748431626545,10910.863001898892,11100.863001898892,300.0,1820.622513305298,0.0,2,2,0,0
S3,continuous,A,929,39,10061.832717607918,10280.961913223719,10318.417059375335,11959.433230147068,12013.193010883746,219.1291956158002,219.1291956158002,1641.0161707717325,1860.1453663875327,10280.961913223719,10310.961913223719,12003.193010883746,12193.193010883746,300.0,1506.790417439271,0.0,2,2,0,0
S3,continuous,A,930,125,10070.961913223719,12123.03020300678,12154.938739153733,12154.938739153733,12179.177411335915,2052.068289783061,2052.068289783061,0.0,2052.068289783061,12123.03020300678,12153.03020300678,12169.177411335915,12359.177411335915,300.0,2170.2596420749883,0.0,2,2,0,0
S3,continuous,A,931,112,10076.741987046675,10576.659658613486,10642.93689025424,12363.766662297468,12392.365052565257,499.9176715668109,499.9176715668109,1720.8297720432292,2220.74744361004,10576.659658613486,10606.659658613486,12382.365052565257,12572.365052565257,300.0,2214.8927138679405,0.0,0,0,0,0
S3,continuous,A,932,3,10100.1622491836,12153.03020300678,12193.745988364362,12193.745988364362,12245.02396462126,2052.867953823179,2052.867953823179,0.0,2052.867953823179,12153.03020300678,12183.03020300678,12235.02396462126,12425.02396462126,300.0,2892.6061098237788,0.0,3,3,0,0
S3,continuous,A,933,71,10107.264437983764,12572.365052565257,12629.188003984265,12629.188003984265,12667.2406744738,2465.1006145814936,2465.1006145814936,0.0,2465.1006145814936,12572.365052565257,12602.365052565257,12657.2406744738,12847.2406744738,300.0,2214.8927138679405,0.0,0,0,0,0
S3,continuous,A,934,51,10109.937540801597,10109.937540801597,10131.018218955553,11599.435880214613,11619.937540801597,0.0,0.0,1468.41766125906,1468.41766125906,10109.937540801597,10139.937540801597,11609.937540801597,11799.937540801597,300.0,492.7102729724231,0.0,0,0,0,0
S3,continuous,A,935,74,10130.124099240296,11644.71834981159,11670.900876268297,11670.900876268297,11706.403951761904,1514.5942505712937,1514.5942505712937,0.0,1514.5942505712937,11644.71834981159,11674.71834981159,11696.403951761904,11886.403951761904,300.0,647.7480094935643,0.0,0,0,0,0
S3,continuous,A,936,105,10130.509022711369,11071.707391267011,11115.782786750295,11365.923577001418,11390.1622491836,941.1983685556424,941.1983685556424,250.1407902511237,1191.3391588067661,11071.707391267011,11101.707391267011,11380.1622491836,11570.1622491836,300.0,870.1967376906861,0.0,0,0,0,0
S3,continuous,A,937,145,10150.412215812166,10606.659658613486,10672.91532124823,11789.435880214613,11809.937540801597,456.24744280131927,456.24744280131927,1116.520558966382,1572.7680017677012,10606.659658613486,10636.659658613486,11799.937540801597,11989.937540801597,300.0,2172.9711317299298,0.0,1,1,0,0
S3,continuous,A,938,85,10152.761664215048,10560.124099240296,10616.391393960537,10616.391393960537,10636.80790579327,407.3624350252485,407.3624350252485,0.0,407.3624350252485,10560.124099240296,10590.124099240296,10626.80790579327,10816.80790579327,300.0,691.0936713377656,0.0,0,0,0,0
S3,continuous,A,939,37,10176.659658613486,11101.707391267011,11154.413638740478,11154.413638740478,11205.791226921041,925.0477326535256,925.0477326535256,0.0,925.0477326535256,11101.707391267011,11131.707391267011,11195.791226921041,11385.791226921041,300.0,1581.2814503614447,0.0,1,1,0,0
S3,continuous,A,940,21,10178.652123313852,10178.652123313852,10239.254099462994,11555.923577001418,11580.1622491836,0.0,0.0,1316.669477538424,1316.669477538424,10178.652123313852,10208.652123313852,11570.1622491836,11760.1622491836,300.0,2593.5394821563386,0.0,1,1,0,0
S3,continuous,A,941,90,10180.2947673952,11989.937540801597,12038.642193533791,12038.642193533791,12076.694864023326,1809.6427734063964,1809.6427734063964,0.0,1809.6427734063964,11989.937540801597,12019.937540801597,12066.694864023326,12256.694864023326,300.0,2172.9711317299298,0.0,1,1,0,0
S3,continuous,A,942,131,10184.371995224687,10899.158177295336,10969.963530132269,12467.206041034126,12470.509022711369,714.7861820706494,714.7861820706494,1497.2425109018568,2212.028692972506,10899.158177295336,10929.158177295336,12467.206041034126,12657.206041034126,300.0,2516.4562463949933,0.0,5,5,0,0
S3,continuous,A,943,63,10188.159909186019,10310.961913223719,10341.676836443488,12583.766662297468,12612.365052565257,122.80200403769959,122.80200403769959,2242.08982585398,2364.8918298916797,10310.961913223719,10340.961913223719,12602.365052565257,12792.365052565257,300.0,931.63526963844,0.0,1,1,0,0
S3,continuous,A,944,121,10228.87433009955,10886.741987046675,10953.086914964933,12046.18100402789,12086.907388970949,657.8676569471245,657.8676569471245,1093.0940890629572,1750.9617460100817,10886.741987046675,10916.741987046675,12076.907388970949,12266.907388970949,300.0,1458.3425147977969,0.0,2,2,0,0
S3,continuous,A,945,44,10247.016044523294,12792.365052565257,12841.278925459885,12841.278925459885,12865.517597642067,2545.3490080419633,2545.3490080419633,0.0,2545.3490080419633,12792.365052565257,12822.365052565257,12855.517597642067,13045.517597642067,300.0,1618.5508207057387,0.0,0,0,0,0
S3,continuous,A,946,148,10251.575044561916,12957.137490408315,12973.402458709763,12973.402458709763,13014.9340410417,2705.562445846399,2705.562445846399,0.0,2705.562445846399,12957.137490408315,12987.137490408315,13004.9340410417,13194.9340410417,300.0,1228.9399737978292,0.0,2,2,0,0
S3,continuous,A,947,109,10251.832717607918,12193.193010883746,12257.081250533494,12257.081250533494,12277.761290507899,1941.3602932758276,1941.3602932758276,0.0,1941.3602932758276,12193.193010883746,12223.193010883746,12267.761290507899,12457.761290507899,300.0,1047.429697760073,0.0,0,0,0,0
S3,continuous,A,948,8,10266.741987046675,10266.741987046675,10325.923256757296,12179.433230147068,12233.193010883746,0.0,0.0,1853.5099733897714,1853.5099733897714,10266.741987046675,10296.741987046675,12223.193010883746,12413.193010883746,300.0,2646.4312623607034,0.0,3,3,0,0
S3,continuous,A,949,48,10290.1622491836,12987.137490408315,12991.440835896772,12991.440835896772,13016.864386524298,2696.9752412247144,2696.9752412247144,0.0,2696.9752412247144,12987.137490408315,13017.137490408315,13006.864386524298,13196.864386524298,300.0,350.95829440970874,0.0,1,1,0,0
S3,continuous,A,950,5,10297.264437983766,12657.206041034126,12693.312585379414,12693.312585379414,12709.774908193893,2359.94160305036,2359.94160305036,0.0,2359.94160305036,12657.206041034126,12687.206041034126,12699.774908193893,12889.774908193893,300.0,2285.7307003282313,0.0,1,1,0,0
S3,continuous,A,951,137,10299.937540801597,10340.961913223719,10400.22633613743,12183.03020300678,12184.297815903528,41.024372422121814,41.024372422121814,1782.8038668693498,1823.8282392914716,10340.961913223719,10370.961913223719,12183.03020300678,12373.03020300678,300.0,2698.2813623792586,0.0,2,2,0,0
S3,continuous,A,952,29,10320.124099240296,12413.193010883746,12493.045822141063,12683.151439169065,12719.158177295336,2093.0689116434496,2093.0689116434496,190.1056170280026,2283.174528671452,12413.193010883746,12443.193010883746,12709.158177295336,12899.158177295336,300.0,2188.3679623572943,0.0,0,0,0,0
S3,continuous,A,953,96,10320.509022711369,11674.71834981159,11700.900876268297,11860.900876268297,11896.403951761904,1354.2093271002213,1354.2093271002213,160.0,1514.2093271002213,11674.71834981159,11704.71834981159,11886.403951761904,12076.403951761904,300.0,647.7480094935643,0.0,0,0,0,0
S3,continuous,A,954,59,10340.412215812166,10590.124099240296,10663.428217637136,12839.433230147068,12893.193010883746,249.71188342813002,249.71188342813002,2176.0050125099315,2425.7168959380615,10590.124099240296,10620.124099240296,12883.193010883746,13073.193010883746,300.0,1993.5982609640687,0.0,2,2,0,0
S3,continuous,A,955,79,10348.856101809139,11100.863001898892,11155.241271818595,11969.39660612961,12011.155441577279,752.0069000897529,752.0069000897529,814.1553343110154,1566.1622344007683,11100.863001898892,11130.863001898892,12001.155441577279,12191.155441577279,300.0,1272.8979280824635,0.0,1,1,0,0
S3,continuous,A,956,122,10366.659658613486,10528.856101809139,10572.77226698977,11099.331419566954,11140.863001898892,162.19644319565305,162.19644319565305,526.5591525771833,688.7555957728364,10528.856101809139,10558.856101809139,11130.863001898892,11320.863001898892,300.0,1567.6166350044552,0.0,3,3,0,0
S3,continuous,A,957,16,10368.652123313852,10916.741987046675,10992.079763295806,11069.743586407854,11095.16713703538,548.0898637328228,548.0898637328228,77.6638231120487,625.7536868448715,10916.741987046675,10946.741987046675,11085.16713703538,11275.16713703538,300.0,1981.3515652782526,0.0,1,1,0,0
S3,continuous,A,958,36,10374.371995224687,10929.158177295336,10983.01832011462,11545.740831981493,11597.118420162056,554.7861820706494,554.7861820706494,562.7225118668739,1117.5086939375233,10929.158177295336,10959.158177295336,11587.118420162056,11777.118420162056,300.0,1627.1486110683186,0.0,0,0,0,0
S3,continuous,A,959,146,10378.159909186019,10959.158177295336,11020.513498402248,12046.017870617397,12062.480193431877,580.998268109317,580.998268109317,1025.5043722151495,1606.5026403244665,10959.158177295336,10989.158177295336,12052.480193431877,12242.480193431877,300.0,1952.2508367464982,0.0,0,0,0,0
S3,continuous,A,960,86,10379.158177295336,11704.71834981159,11743.592606197984,11843.592606197984,11885.124188529922,1325.5601725162542,1325.5601725162542,100.0,1425.5601725162542,11704.71834981159,11734.71834981159,11875.124188529922,12065.124188529922,300.0,1524.005872331035,0.0,1,1,0,0
S3,continuous,A,961,56,10427.168991966846,11131.707391267011,11197.800117653738,12236.18100402789,12276.907388970949,704.5383993001651,704.5383993001651,1038.3808863741524,1742.9192856743175,11131.707391267011,11161.707391267011,12266.907388970949,12456.907388970949,300.0,2420.45736172466,0.0,2,2,0,0
S3,continuous,A,962,133,10432.761664215048,10554.371995224687,10601.024282972323,11313.050360860387,11364.328337117284,121.61033100963868,121.61033100963868,712.0260778880638,833.6364088977025,10554.371995224687,10584.371995224687,11354.328337117284,11544.328337117284,300.0,855.0819929716572,0.0,0,0,0,0
S3,continuous,A,963,20,10441.575044561916,13017.137490408315,13031.803002476268,13031.803002476268,13083.080978733165,2575.562445846399,2575.562445846399,0.0,2575.562445846399,13017.137490408315,13047.137490408315,13073.080978733165,13263.080978733165,300.0,1171.0415278562857,0.0,2,2,0,0
S3,continuous,A,964,6,10441.832717607918,10989.158177295336,11047.985929591574,12373.03020300678,12374.297815903528,547.3254596874176,547.3254596874176,1325.0442734152057,1872.3697331026233,10989.158177295336,11019.158177295336,12373.03020300678,12563.03020300678,300.0,1707.7726997795562,0.0,3,3,0,0
S3,continuous,A,965,116,10456.741987046675,11320.863001898892,11386.08321443586,11386.08321443586,11421.586289929466,864.1210148522168,864.1210148522168,0.0,864.1210148522168,11320.863001898892,11350.863001898892,11411.586289929466,11601.586289929466,300.0,1964.415302796338,0.0,1,1,0,0
S3,continuous,A,966,70,10467.016044523294,10946.741987046675,11013.086914964933,12426.18100402789,12466.907388970949,479.7259425233806,479.7259425233806,1413.0940890629572,1892.8200315863378,10946.741987046675,10976.741987046675,12456.907388970949,12646.907388970949,300.0,1458.3425147977969,0.0,2,2,0,0
S3,continuous,A,967,45,10480.1622491836,12563.03020300678,12589.710158029957,12892.312913623275,12931.324501561696,2082.867953823179,2082.867953823179,302.60275559331785,2385.470709416497,12563.03020300678,12593.03020300678,12921.324501561696,13111.324501561696,300.0,1895.5521459377146,0.0,1,1,0,0
S3,continuous,A,968,113,10487.264437983766,11350.863001898892,11404.257835156917,12616.18100402789,12656.907388970949,863.5985639151259,863.5985639151259,1211.9231688709733,2075.521732786099,11350.863001898892,11380.863001898892,12646.907388970949,12836.907388970949,300.0,1202.1732314475685,0.0,0,0,0,0
S3,continuous,A,969,55,10489.937540801597,12822.365052565257,12854.290903741934,12957.36708614302,12977.868746730004,2332.4275117636607,2332.4275117636607,103.07618240108604,2435.503694164747,12822.365052565257,12852.365052565257,12967.868746730004,13157.868746730004,300.0,467.33098153299966,0.0,0,0,0,0
S3,continuous,A,970,27,10510.509022711369,12687.206041034126,12711.185199002171,12711.185199002171,12762.463175259069,2176.697018322757,2176.697018322757,0.0,2176.697018322757,12687.206041034126,12717.206041034126,12752.463175259069,12942.463175259069,300.0,1651.3165423908276,0.0,3,3,0,0
S3,continuous,A,971,124,10511.707391267011,10710.412215812166,10738.625564080414,10935.364398866112,10986.741987046675,198.70482454515513,198.70482454515513,196.7388347856977,395.4436593308528,10710.412215812166,10740.412215812166,10976.741987046675,11166.741987046675,300.0,1122.6012518930768,0.0,1,1,0,0
S3,continuous,A,972,143,10530.412215812166,11019.158177295336,11083.127888501309,12159.39660612961,12201.155441577279,488.7459614831696,488.7459614831696,1076.2687176283016,1565.0146791114712,11019.158177295336,11049.158177295336,12191.155441577279,12381.155441577279,300.0,2253.0260731831427,0.0,2,2,0,0
S3,continuous,A,973,24,10558.652123313852,11734.71834981159,11771.805562390084,12833.766662297468,12862.365052565257,1176.0662264977382,1176.0662264977382,1061.9610999073848,2238.027326405123,11734.71834981159,11764.71834981159,12852.365052565257,13042.365052565257,300.0,1340.2036581502443,0.0,0,0,0,0
S3,continuous,A,974,35,10568.159909186019,11161.707391267011,11224.181126965888,11224.181126965888,11244.597638798621,593.5474820809923,593.5474820809923,0.0,593.5474820809923,11161.707391267011,11191.707391267011,11234.597638798621,11424.597638798621,300.0,2077.6419503163324,0.0,4,4,0,0
S3,continuous,A,975,85,10636.80790579327,13047.137490408315,13080.536785990398,13080.536785990398,13101.216825964802,2410.329584615045,2410.329584615045,0.0,2410.329584615045,13047.137490408315,13077.137490408315,13091.216825964802,13281.216825964802,300.0,2266.9707473857625,0.0,3,3,0,0
S3,continuous,A,976,33,10640.863001898892,10640.863001898892,10723.931879403197,12050.900876268297,12086.403951761904,0.0,0.0,1326.9689968651,1326.9689968651,10640.863001898892,10670.863001898892,12076.403951761904,12266.403951761904,300.0,2553.298675246364,0.0,3,3,0,0
S3,continuous,A,977,111,10647.168991966846,12443.193010883746,12507.081250533494,12507.081250533494,12527.761290507899,1796.0240189168999,1796.0240189168999,0.0,1796.0240189168999,12443.193010883746,12473.193010883746,12517.761290507899,12707.761290507899,300.0,1047.429697760073,0.0,0,0,0,0
S3,continuous,A,978,87,10670.1622491836,10887.168991966846,10949.291930577183,11503.050360860387,11554.328337117284,217.0067427832455,217.0067427832455,553.7584302832038,770.7651730664493,10887.168991966846,10917.168991966846,11544.328337117284,11734.328337117284,300.0,1992.2045324376033,0.0,0,0,0,0
S3,continuous,A,979,149,10691.575044561916,11601.586289929466,11673.216152606754,12349.39660612961,12391.155441577279,910.0112453675501,910.0112453675501,676.1804535228566,1586.1916988904068,11601.586289929466,11631.586289929466,12381.155441577279,12571.155441577279,300.0,2794.7620336184486,0.0,0,0,0,0
S3,continuous,A,980,25,10700.509022711369,10740.412215812166,10770.584682400473,12240.900876268297,12276.403951761904,39.90319310079758,39.90319310079758,1470.316193867824,1510.2193869686216,10740.412215812166,10770.412215812166,12266.403951761904,12456.403951761904,300.0,1173.8365764622895,0.0,0,0,0,0
S3,continuous,A,981,7,10701.707391267011,11049.158177295336,11120.156445404653,13077.137490408315,13078.159909186019,347.4507860283247,347.4507860283247,1956.981045003662,2304.431831031987,11049.158177295336,11079.158177295336,13077.137490408315,13267.137490408315,300.0,2517.914450056249,0.0,3,3,0,0
S3,continuous,A,982,18,10706.741987046675,11760.1622491836,11792.97324135546,12430.900876268297,12466.403951761904,1053.4202621369259,1053.4202621369259,637.9276349128377,1691.3478970497636,11760.1622491836,11790.1622491836,12456.403951761904,12646.403951761904,300.0,870.1967376906861,0.0,0,0,0,0
S3,continuous,A,983,126,10709.937540801597,12717.206041034126,12745.943067484675,12745.943067484675,12747.210680381424,2007.2685002325288,2007.2685002325288,0.0,2007.2685002325288,12717.206041034126,12747.206041034126,12745.943067484675,12935.943067484675,300.0,1718.4559577570205,0.0,0,0,0,0
S3,continuous,A,984,65,10715.16713703538,12747.206041034126,12771.185199002171,13221.803002476268,13273.080978733165,2032.0389039987458,2032.0389039987458,450.61780347409695,2482.6567074728428,12747.206041034126,12777.206041034126,13263.080978733165,13453.080978733165,300.0,1651.3165423908276,0.0,3,3,0,0
S3,continuous,A,985,10,10719.158177295336,10719.158177295336,10806.464209528736,11994.711885799381,12030.718623925652,0.0,0.0,1188.2476762706447,1188.2476762706447,10719.158177295336,10749.158177295336,12020.718623925652,12210.718623925652,300.0,2838.293970349379,0.0,0,0,0,0
S3,continuous,A,986,53,10725.813887078875,12777.206041034126,12801.185199002171,13411.803002476268,13463.080978733165,2051.3921539552503,2051.3921539552503,610.617803474097,2662.009957429347,12777.206041034126,12807.206041034126,13453.080978733165,13643.080978733165,300.0,1651.3165423908276,0.0,3,3,0,0
S3,continuous,A,987,12,10737.264437983764,11079.158177295336,11145.841803329839,13023.766662297468,13052.365052565257,341.89373931157206,341.89373931157206,1877.92485896763,2219.818598279202,11079.158177295336,11109.158177295336,13042.365052565257,13232.365052565257,300.0,2368.1515025190465,0.0,1,1,0,0
S3,continuous,A,988,110,10743.658510948426,10743.658510948426,10803.755616332033,12112.312913623275,12151.324501561696,0.0,0.0,1308.5572972912414,1308.5572972912414,10743.658510948426,10773.658510948426,12141.324501561696,12331.324501561696,300.0,1690.0712271107186,0.0,1,1,0,0
S3,continuous,A,989,88,10758.159909186019,11790.1622491836,11843.285163596027,11843.285163596027,11894.563139852924,1032.0023399975817,1032.0023399975817,0.0,1032.0023399975817,11790.1622491836,11820.1622491836,11884.563139852924,12074.563139852924,300.0,2303.1993908783975,0.0,1,1,0,0
S3,continuous,A,990,107,10778.652123313852,10917.168991966846,10980.333584342523,13267.137490408315,13268.159909186019,138.51686865299416,138.51686865299416,2286.803906065792,2425.320774718786,10917.168991966846,10947.168991966846,13267.137490408315,13457.137490408315,300.0,1810.3703293977135,0.0,2,2,0,0
S3,continuous,A,991,127,10794.297815903528,11777.118420162056,11842.96744327724,13029.433230147068,13083.193010883746,982.820604258528,982.820604258528,1186.4657868698268,2169.286391128355,11777.118420162056,11807.118420162056,13073.193010883746,13263.193010883746,300.0,1490.449173561016,0.0,1,1,0,0
S3,continuous,A,992,57,10794.328337117284,11820.1622491836,11858.99591953845,12236.017870617397,12252.480193431877,1025.8339120663168,1025.8339120663168,377.0219510789466,1402.8558631452634,11820.1622491836,11850.1622491836,12242.480193431877,12432.480193431877,300.0,1176.5048531611737,0.0,0,0,0,0
S3,continuous,A,993,31,10881.575044561916,11275.16713703538,11303.871614373658,13457.137490408315,13458.159909186019,393.5920924734637,393.5920924734637,2153.2658760346567,2546.8579685081204,11275.16713703538,11305.16713703538,13457.137490408315,13647.137490408315,300.0,350.9582944097088,0.0,1,1,0,0
S3,continuous,A,994,1,10890.509022711369,11734.328337117284,11804.013234969,12009.435880214613,12029.937540801597,843.8193144059151,843.8193144059151,205.42264524561324,1049.2419596515283,11734.328337117284,11764.328337117284,12019.937540801597,12209.937540801597,300.0,1586.0262905406005,0.0,1,1,0,0
S3,continuous,A,995,0,10891.707391267011,12807.206041034126,12851.522927483567,12851.522927483567,12887.026002977174,1915.4986497671143,1915.4986497671143,0.0,1915.4986497671143,12807.206041034126,12837.206041034126,12877.026002977174,13067.026002977174,300.0,2928.290604000784,0.0,2,2,0,0
S3,continuous,A,996,28,10899.937540801597,11807.118420162056,11870.247033796388,12426.017870617397,12442.480193431877,907.1808793604596,907.1808793604596,555.7708368210097,1462.9517161814692,11807.118420162056,11837.118420162056,12432.480193431877,12622.480193431877,300.0,1122.6012518930768,0.0,1,1,0,0
S3,continuous,A,997,82,10905.16713703538,11305.16713703538,11364.348406746001,13219.433230147068,13273.193010883746,400.0,400.0,1855.0848234010664,2255.0848234010664,11305.16713703538,11335.16713703538,13263.193010883746,13453.193010883746,300.0,2646.4312623607034,0.0,3,3,0,0
S3,continuous,A,998,19,10905.45824235293,11631.586289929466,11698.880266670481,12383.745988364362,12435.02396462126,726.1280475765361,726.1280475765361,684.8657216938809,1410.993769270417,11631.586289929466,11661.586289929466,12425.02396462126,12615.02396462126,300.0,2553.2986752463635,0.0,3,3,0,0
S3,continuous,A,999,69,10915.813887078875,11661.586289929466,11705.66168541275,11835.923577001418,11860.1622491836,745.7724028505909,745.7724028505909,130.26189158866873,876.0342944392596,11661.586289929466,11691.586289929466,11850.1622491836,12040.1622491836,300.0,870.1967376906861,0.0,0,0,0,0
S3,continuous,A,1000,40,10920.1622491836,11837.118420162056,11904.268933815156,12199.435880214613,12219.937540801597,916.9561709784557,916.9561709784557,295.1669463994567,1212.1231173779124,11837.118420162056,11867.118420162056,12209.937540801597,12399.937540801597,300.0,1410.9246086735204,0.0,1,1,0,0
S3,continuous,A,1001,95,10920.863001898892,12646.403951761904,12699.11019923537,12699.11019923537,12750.487787415934,1725.5409498630124,1725.5409498630124,0.0,1725.5409498630124,12646.403951761904,12676.403951761904,12740.487787415934,12930.487787415934,300.0,1581.2814503614447,0.0,1,1,0,0
S3,continuous,A,1002,66,10933.658510948426,11335.16713703538,11398.858323422912,12184.711885799381,12220.718623925652,401.5086260869539,401.5086260869539,785.8535623764692,1187.362188463423,11335.16713703538,11365.16713703538,12210.718623925652,12400.718623925652,300.0,2858.327161102739,0.0,5,5,0,0
S3,continuous,A,1003,23,10984.297815903528,11303.658510948426,11369.91417358317,12389.435880214613,12409.937540801597,319.3606950448975,319.3606950448975,1019.5217066314417,1338.8824016763392,11303.658510948426,11333.658510948426,12399.937540801597,12589.937540801597,300.0,2172.9711317299298,0.0,1,1,0,0
S3,continuous,A,1004,77,10984.328337117284,13647.137490408315,13674.44405567723,13674.44405567723,13703.042445945019,2662.809153291031,2662.809153291031,0.0,2662.809153291031,13647.137490408315,13677.137490408315,13693.042445945019,13883.042445945019,300.0,1900.380477974811,0.0,3,3,0,0
S3,continuous,A,1005,124,10986.741987046675,10986.741987046675,11012.147817342751,13601.803002476268,13653.080978733165,0.0,0.0,2589.655185133517,2589.655185133517,10986.741987046675,11016.741987046675,13643.080978733165,13833.080978733165,300.0,691.0936713377657,0.0,0,0,0,0
S3,continuous,A,1006,84,11008.159909186019,12331.324501561696,12380.892571100414,12697.081250533494,12717.761290507899,1323.1645923756769,1323.1645923756769,316.1886794330803,1639.3532718087572,12331.324501561696,12361.324501561696,12707.761290507899,12897.761290507899,300.0,1002.2235795839861,0.0,1,1,0,0
S3,continuous,A,1007,108,11011.324501561696,12473.193010883746,12532.018980918692,13147.36708614302,13167.868746730004,1461.8685093220502,1461.8685093220502,615.3481052243278,2077.216614546378,12473.193010883746,12503.193010883746,13157.868746730004,13347.868746730004,300.0,709.0531598361589,0.0,0,0,0,0
S3,continuous,A,1008,72,11028.652123313852,11365.16713703538,11428.858323422912,12873.151439169065,12909.158177295336,336.5150137215278,336.5150137215278,1444.2931157461535,1780.8081294676813,11365.16713703538,11395.16713703538,12899.158177295336,13089.158177295336,300.0,2858.327161102739,0.0,5,5,0,0
S3,continuous,A,1009,47,11034.371995224687,12676.403951761904,12742.496678148631,12806.18100402789,12846.907388970949,1642.0319565372174,1642.0319565372174,63.68432587925963,1705.716282416477,12676.403951761904,12706.403951761904,12836.907388970949,13026.907388970949,300.0,2420.45736172466,0.0,2,2,0,0
S3,continuous,A,1010,58,11063.193010883746,11764.71834981159,11812.486965050412,13791.803002476268,13843.080978733165,701.5253389278441,701.5253389278441,1979.3160374258568,2680.841376353701,11764.71834981159,11794.71834981159,13833.080978733165,14023.080978733165,300.0,2165.695098784365,0.0,0,0,0,0
S3,continuous,A,1011,4,11080.509022711369,12593.03020300678,12619.731860676835,12837.206041034126,12840.509022711369,1512.5211802954109,1512.5211802954109,217.4741803572906,1729.9953606527015,12593.03020300678,12623.03020300678,12837.206041034126,13027.206041034126,300.0,1718.4559577570203,0.0,0,0,0,0
S3,continuous,A,1012,16,11095.16713703538,11764.328337117284,11830.182657794989,11830.182657794989,11855.606208422514,669.1612000819041,669.1612000819041,0.0,669.1612000819041,11764.328337117284,11794.328337117284,11845.606208422514,12035.606208422514,300.0,1355.2639291426458,0.0,2,2,0,0
S3,continuous,A,1013,115,11095.45824235293,12361.324501561696,12409.636722290446,12409.636722290446,12447.689392779981,1265.8662592087658,1265.8662592087658,0.0,1265.8662592087658,12361.324501561696,12391.324501561696,12437.689392779981,12627.689392779981,300.0,1005.3634781616877,0.0,0,0,0,0
S3,continuous,A,1014,43,11123.658510948426,11123.658510948426,11160.739810108545,13677.137490408315,13678.159909186019,0.0,0.0,2516.3976802997695,2516.3976802997695,11123.658510948426,11153.658510948426,13677.137490408315,13867.137490408315,300.0,1218.1804748780125,0.0,3,3,0,0
S3,continuous,A,1015,136,11140.1622491836,12589.937540801597,12640.393611081481,13063.151439169065,13099.158177295336,1449.7752916179961,1449.7752916179961,422.75782808758413,1872.5331197055802,12589.937540801597,12619.937540801597,13089.158177295336,13279.158177295336,300.0,2279.5026397596585,0.0,1,1,0,0
S3,continuous,A,1016,122,11140.863001898892,13027.206041034126,13054.34228980333,13054.34228980333,13105.719877983893,1886.343039135234,1886.343039135234,0.0,1886.343039135234,13027.206041034126,13057.206041034126,13095.719877983893,13285.719877983893,300.0,1862.287322086402,0.0,1,1,0,0
S3,continuous,A,1017,68,11154.71834981159,11794.71834981159,11833.592606197984,12033.592606197984,12075.124188529922,640.0,640.0,200.0,840.0,11794.71834981159,11824.71834981159,12065.124188529922,12255.124188529922,300.0,1524.005872331035,0.0,1,1,0,0
S3,continuous,A,1018,101,11171.711470306866,11333.658510948426,11393.127187143418,12909.39660612961,12951.155441577279,161.9470406415603,161.9470406415603,1516.2694189861922,1678.2164596277526,11333.658510948426,11363.658510948426,12941.155441577279,13131.155441577279,300.0,1826.7912433832378,0.0,1,1,0,0
S3,continuous,A,1019,123,11174.297815903528,11174.297815903528,11208.657917238495,12883.312585379414,12899.774908193893,0.0,0.0,1674.6546681409181,1674.6546681409181,11174.297815903528,11204.297815903528,12889.774908193893,13079.774908193893,300.0,1113.9668067183422,0.0,2,2,0,0
S3,continuous,A,1020,11,11174.328337117284,11824.71834981159,11855.872611041534,13073.312585379414,13089.774908193893,650.3900126943063,650.3900126943063,1217.43997433788,1867.8299870321862,11824.71834981159,11854.71834981159,13079.774908193893,13269.774908193893,300.0,883.9932309803326,0.0,0,0,0,0
S3,continuous,A,1021,22,11174.99007727201,12623.03020300678,12657.876420311039,12996.18100402789,13036.907388970949,1448.0401257347694,1448.0401257347694,338.304583716852,1786.3447094516214,12623.03020300678,12653.03020300678,13026.907388970949,13216.907388970949,300.0,2448.5436163663903,0.0,3,3,0,0
S3,continuous,A,1022,15,11198.159909186019,11395.16713703538,11423.871614373658,13867.137490408315,13868.159909186019,197.0072278493608,197.0072278493608,2443.2658760346567,2640.2731038840175,11395.16713703538,11425.16713703538,13867.137490408315,14057.137490408315,300.0,350.9582944097088,0.0,1,1,0,0
S3,continuous,A,1023,17,11201.324501561696,11204.297815903528,11241.752962055145,13409.433230147068,13463.193010883746,2.97331434183252,2.97331434183252,2167.6802680919227,2170.653582433755,11204.297815903528,11234.297815903528,13453.193010883746,13643.193010883746,300.0,1506.790417439271,0.0,2,2,0,0
S3,continuous,A,1024,37,11205.791226921041,12619.937540801597,12653.992533664463,12653.992533664463,12674.409045497196,1414.1463138805557,1414.1463138805557,0.0,1414.1463138805557,12619.937540801597,12649.937540801597,12664.409045497196,12854.409045497196,300.0,1108.146347157367,0.0,1,1,0,0
S3,continuous,A,1025,76,11212.989027493526,11380.863001898892,11429.021657920017,11825.740831981493,11877.118420162056,167.87397440536552,167.87397440536552,396.7191740614762,564.5931484668417,11380.863001898892,11410.863001898892,11867.118420162056,12057.118420162056,300.0,906.3507651750326,0.0,0,0,0,0
S3,continuous,A,1026,46,11222.365052565257,12706.403951761904,12779.719500326544,14057.137490408315,14058.159909186019,1484.0388991966465,1484.0388991966465,1277.4179900817708,2761.4568892784173,12706.403951761904,12736.403951761904,14057.137490408315,14247.137490408315,300.0,2703.4590094254872,0.0,2,2,0,0
S3,continuous,A,1027,30,11224.371995224687,11424.597638798621,11458.567482907236,13337.36708614302,13357.868746730004,200.22564357393458,200.22564357393458,1878.7996032357842,2079.0252468097187,11424.597638798621,11454.597638798621,13347.868746730004,13537.868746730004,300.0,1108.146347157367,0.0,1,1,0,0
S3,continuous,A,1028,144,11239.937540801597,12622.480193431877,12664.291099226997,13253.151439169065,13289.158177295336,1382.54265263028,1382.54265263028,588.8603399420681,1971.402992572348,12622.480193431877,12652.480193431877,13279.158177295336,13469.158177295336,300.0,1952.2508367464982,0.0,0,0,0,0
S3,continuous,A,1029,35,11244.597638798621,13232.365052565257,13278.082741219108,13278.082741219108,13318.809126162167,1987.7674137666363,1987.7674137666363,0.0,1987.7674137666363,13232.365052565257,13262.365052565257,13308.809126162167,13498.809126162167,300.0,1487.9104351249784,0.0,3,3,0,0
S3,continuous,A,1030,138,11253.193010883746,11541.711470306866,11615.985844193143,11615.985844193143,11641.409394820668,288.51845942311957,288.51845942311957,0.0,288.51845942311957,11541.711470306866,11571.711470306866,11631.409394820668,11821.409394820668,300.0,2858.327161102739,0.0,5,5,0,0
S3,continuous,A,1031,73,11270.509022711369,11454.597638798621,11503.324654992088,11826.898871937598,11864.951542427132,184.08861608725238,184.08861608725238,323.57421694550976,507.66283303276214,11454.597638798621,11484.597638798621,11854.951542427132,12044.951542427132,300.0,2179.712868993557,0.0,1,1,0,0
S3,continuous,A,1032,117,11285.45824235293,12736.403951761904,12812.92093202771,13057.206041034126,13060.509022711369,1450.945709408974,1450.945709408974,244.28510900641595,1695.2308184153899,12736.403951761904,12766.403951761904,13057.206041034126,13247.206041034126,300.0,2928.2906040007842,0.0,2,2,0,0
S3,continuous,A,1033,102,11344.71834981159,11410.863001898892,11467.471987133227,11474.181126965888,11494.597638798621,66.14465208730144,66.14465208730144,6.709139832661094,72.85379191996253,11410.863001898892,11440.863001898892,11484.597638798621,11674.597638798621,300.0,1314.9006643165274,0.0,0,0,0,0
S3,continuous,A,1034,92,11361.711470306866,11440.863001898892,11499.363377254358,12591.278925459885,12615.517597642067,79.151531592026,79.151531592026,1091.9155482055266,1171.0670797975527,11440.863001898892,11470.863001898892,12605.517597642067,12795.517597642067,300.0,1460.104140805886,0.0,0,0,0,0
S3,continuous,A,1035,67,11364.297815903528,12652.480193431877,12696.800477677734,14247.137490408315,14248.159909186019,1288.1823775283483,1288.1823775283483,1550.3370127305807,2838.519390258929,12652.480193431877,12682.480193431877,14247.137490408315,14437.137490408315,300.0,1944.6211367194842,0.0,1,1,0,0
S3,continuous,A,1036,133,11364.328337117284,13247.206041034126,13274.34228980333,13274.34228980333,13325.719877983893,1882.8777039168417,1882.8777039168417,0.0,1882.8777039168417,13247.206041034126,13277.206041034126,13315.719877983893,13505.719877983893,300.0,1862.287322086402,0.0,1,1,0,0
S3,continuous,A,1037,80,11364.99007727201,13643.193010883746,13707.081250533494,13707.081250533494,13727.761290507899,2278.2029336117357,2278.2029336117357,0.0,2278.2029336117357,13643.193010883746,13673.193010883746,13717.761290507899,13907.761290507899,300.0,1047.429697760073,0.0,0,0,0,0
S3,continuous,A,1038,83,11388.159909186019,12040.1622491836,12072.563834618231,12362.312913623275,12401.324501561696,652.0023399975817,652.0023399975817,289.7490790050433,941.751419002625,12040.1622491836,12070.1622491836,12391.324501561696,12581.324501561696,300.0,860.4455174328828,0.0,0,0,0,0
S3,continuous,A,1039,105,11390.1622491836,13269.774908193893,13299.9473747822,13299.9473747822,13335.450450275806,1879.6126590102922,1879.6126590102922,0.0,1879.6126590102922,13269.774908193893,13299.774908193893,13325.450450275806,13515.450450275806,300.0,1173.8365764622895,0.0,0,0,0,0
S3,continuous,A,1040,91,11391.324501561696,13299.774908193893,13335.479045962751,13468.082741219108,13508.809126162167,1908.450406632197,1908.450406632197,132.60369525635724,2041.0541018885542,13299.774908193893,13329.774908193893,13498.809126162167,13688.809126162167,300.0,1568.7312024129683,0.0,2,2,0,0
S3,continuous,A,1041,129,11407.118420162056,11407.118420162056,11459.708056031202,11459.708056031202,11501.23963836314,0.0,0.0,0.0,0.0,11407.118420162056,11437.118420162056,11491.23963836314,11681.23963836314,300.0,1202.1732314475685,0.0,0,0,0,0
S3,continuous,A,1042,139,11412.365052565257,11674.597638798621,11702.542461107167,13658.082741219108,13698.809126162167,262.2325862333637,262.2325862333637,1955.5402801119417,2217.7728663453054,11674.597638798621,11704.597638798621,13688.809126162167,13878.809126162167,300.0,807.6018489331556,0.0,1,1,0,0
S3,continuous,A,1043,116,11421.586289929466,13329.774908193893,13349.653001363195,13629.433230147068,13683.193010883746,1908.1886182644266,1908.1886182644266,279.7802287838731,2187.9688470482997,13329.774908193893,13359.774908193893,13673.193010883746,13863.193010883746,300.0,578.8285414106124,0.0,0,0,0,0
S3,continuous,A,1044,142,11429.937540801597,13277.206041034126,13287.686321106301,14437.137490408315,14438.159909186019,1847.2685002325288,1847.2685002325288,1149.451169302014,2996.719669534543,13277.206041034126,13307.206041034126,14437.137490408315,14627.137490408315,300.0,500.11356193691444,0.0,1,1,0,0
S3,continuous,A,1045,34,11443.193010883746,11854.71834981159,11880.900876268297,13041.522927483567,13077.026002977174,411.52533892784413,411.52533892784413,1160.6220512152704,1572.1473901431145,11854.71834981159,11884.71834981159,13067.026002977174,13257.026002977174,300.0,647.7480094935643,0.0,0,0,0,0
S3,continuous,A,1046,54,11475.45824235293,14627.137490408315,14665.972382257052,14665.972382257052,14701.47545775066,3151.679248055385,3151.679248055385,0.0,3151.679248055385,14627.137490408315,14657.137490408315,14691.47545775066,14881.47545775066,300.0,2703.4590094254872,0.0,2,2,0,0
S3,continuous,A,1047,100,11490.509022711369,12070.1622491836,12120.604178823603,13848.082741219108,13888.809126162167,579.6532264722318,579.6532264722318,1727.478562395505,2307.1317888677368,12070.1622491836,12100.1622491836,13878.809126162167,14068.809126162167,300.0,2071.7091161476355,0.0,2,2,0,0
S3,continuous,A,1048,102,11494.597638798621,11494.597638798621,11557.863441913074,13819.433230147068,13873.193010883746,0.0,0.0,2261.5697882339937,2261.5697882339937,11494.597638798621,11524.597638798621,13863.193010883746,14053.193010883746,300.0,2139.937764458952,0.0,0,0,0,0
S3,continuous,A,1049,129,11501.23963836314,12255.124188529922,12317.157684440459,14009.433230147068,14063.193010883746,753.884550166782,753.884550166782,1692.2755457066087,2446.1600958733907,12255.124188529922,12285.124188529922,14053.193010883746,14243.193010883746,300.0,1843.2510539162895,0.0,2,2,0,0
S3,continuous,A,1050,140,11516.907388970949,13262.365052565257,13306.066879226026,13981.803002476268,14033.080978733165,1745.4576635943085,1745.4576635943085,675.7361232502426,2421.193786844551,13262.365052565257,13292.365052565257,14023.080978733165,14213.080978733165,300.0,1406.2775921553462,0.0,2,2,0,0
S3,continuous,A,1051,134,11554.297815903528,12653.03020300678,12689.3127329423,12887.081250533494,12907.761290507899,1098.7323871032513,1098.7323871032513,197.7685175911938,1296.5009046944451,12653.03020300678,12683.03020300678,12897.761290507899,13087.761290507899,300.0,2444.0660669406293,0.0,3,3,0,0
S3,continuous,A,1052,87,11554.328337117284,14243.193010883746,14317.454705199023,14317.454705199023,14358.98628753096,2688.864673766462,2688.864673766462,0.0,2688.864673766462,14243.193010883746,14273.193010883746,14348.98628753096,14538.98628753096,300.0,1843.2510539162895,0.0,2,2,0,0
S3,continuous,A,1053,21,11580.1622491836,12057.118420162056,12122.96744327724,14229.433230147068,14283.193010883746,476.9561709784557,476.9561709784557,2106.465786869827,2583.4219578482825,12057.118420162056,12087.118420162056,14273.193010883746,14463.193010883746,300.0,1490.449173561016,0.0,1,1,0,0
S3,continuous,A,1054,78,11581.324501561696,11884.71834981159,11922.232657494664,12819.188003984265,12857.2406744738,303.3938482498943,303.3938482498943,896.9553464896017,1200.349194739496,11884.71834981159,11914.71834981159,12847.2406744738,13037.2406744738,300.0,1415.9480662309743,0.0,0,0,0,0
S3,continuous,A,1055,36,11597.118420162056,11597.118420162056,11649.790181115524,12253.592606197984,12295.124188529922,0.0,0.0,603.8024250824601,603.8024250824601,11597.118420162056,11627.118420162056,12285.124188529922,12475.124188529922,300.0,1372.5272950362955,0.0,1,1,0,0
S3,continuous,A,1056,9,11602.365052565257,14657.137490408315,14690.165815180291,14690.165815180291,14714.404487362473,3054.7724378430576,3054.7724378430576,0.0,3054.7724378430576,14657.137490408315,14687.137490408315,14704.404487362473,14894.404487362473,300.0,2260.0325210842107,0.0,2,2,0,0
S3,continuous,A,1057,51,11619.937540801597,11704.597638798621,11748.204209603302,13307.206041034126,13310.509022711369,84.66009799702442,84.66009799702442,1559.0018314308236,1643.661929427848,11704.597638798621,11734.597638798621,13307.206041034126,13497.206041034126,300.0,1664.6013990130564,0.0,3,3,0,0
S3,continuous,A,1058,41,11631.155441577279,12683.03020300678,12707.118830073496,13443.151439169065,13479.158177295336,1051.8747614295007,1051.8747614295007,736.0326090955696,1787.9073705250703,12683.03020300678,12713.03020300678,13469.158177295336,13659.158177295336,300.0,1707.7726997795562,0.0,3,3,0,0
S3,continuous,A,1059,61,11633.193010883746,12475.124188529922,12531.733173764258,12843.992533664463,12864.409045497196,841.9311776461764,841.9311776461764,312.2593599002048,1154.1905375463812,12475.124188529922,12505.124188529922,12854.409045497196,13044.409045497196,300.0,1314.9006643165274,0.0,0,0,0,0
S3,continuous,A,1060,138,11641.409394820668,14687.137490408315,14709.01126821484,14709.01126821484,14760.388856395402,3045.7280955876467,3045.7280955876467,0.0,3045.7280955876467,14687.137490408315,14717.137490408315,14750.388856395402,14940.388856395402,300.0,1652.0906367126645,0.0,0,0,0,0
S3,continuous,A,1061,50,11650.718623925652,12035.606208422514,12093.7573009346,12935.943067484675,12937.210680381424,384.8875844968625,384.8875844968625,842.1857665500756,1227.0733510469381,12035.606208422514,12065.606208422514,12935.943067484675,13125.943067484675,300.0,2315.2919432586614,0.0,2,2,0,0
S3,continuous,A,1062,26,11668.159909186019,14463.193010883746,14550.71051070352,14550.71051070352,14576.134061331046,2795.033101697727,2795.033101697727,0.0,2795.033101697727,14463.193010883746,14493.193010883746,14566.134061331046,14756.134061331046,300.0,2646.4312623607034,0.0,3,3,0,0
S3,continuous,A,1063,75,11674.951542427132,13292.365052565257,13324.290903741934,13527.36708614302,13547.868746730004,1617.4135101381253,1617.4135101381253,203.07618240108604,1820.4896925392113,13292.365052565257,13322.365052565257,13537.868746730004,13727.868746730004,300.0,467.33098153299966,0.0,0,0,0,0
S3,continuous,A,1064,130,11680.509022711369,11914.71834981159,11945.872611041534,13353.312585379414,13369.774908193893,234.20932710022134,234.20932710022134,1407.43997433788,1641.6493014381012,11914.71834981159,11944.71834981159,13359.774908193893,13549.774908193893,300.0,883.9932309803326,0.0,0,0,0,0
S3,continuous,A,1065,14,11682.480193431877,13322.365052565257,13365.960667141766,13464.34228980333,13515.719877983893,1639.8848591333808,1639.8848591333808,98.3816226615636,1738.2664817949444,13322.365052565257,13352.365052565257,13505.719877983893,13695.719877983893,300.0,1399.694846156411,0.0,1,1,0,0
S3,continuous,A,1066,38,11695.124188529922,13549.774908193893,13572.185631963523,13864.44405567723,13893.042445945019,1854.6507196639704,1854.6507196639704,292.2584237137071,2146.9091433776775,13549.774908193893,13579.774908193893,13883.042445945019,14073.042445945019,300.0,621.8636290880003,0.0,0,0,0,0
S3,continuous,A,1067,74,11706.403951761904,13216.907388970949,13288.223424807127,13489.9473747822,13525.450450275806,1510.503437209045,1510.503437209045,201.72394997507217,1712.227387184117,13216.907388970949,13246.907388970949,13515.450450275806,13705.450450275806,300.0,2420.4573617246606,0.0,2,2,0,0
S3,continuous,A,1068,32,11706.907388970949,12400.718623925652,12462.81839257256,14449.433230147068,14503.193010883746,693.8112349547027,693.8112349547027,1986.614837574507,2680.4260725292097,12400.718623925652,12430.718623925652,14493.193010883746,14683.193010883746,300.0,2188.3679623572943,0.0,0,0,0,0
S3,continuous,A,1069,13,11744.297815903528,11744.297815903528,11784.394039220153,13082.312913623275,13121.324501561696,0.0,0.0,1297.9188744031217,1297.9188744031217,11744.297815903528,11774.297815903528,13111.324501561696,13301.324501561696,300.0,1609.1212644485067,0.0,1,1,0,0
S3,continuous,A,1070,52,11771.324501561696,12766.403951761904,12842.696038821752,13181.440835896772,13206.864386524298,995.0794502002082,995.0794502002082,338.74479707501996,1333.8242472752281,12766.403951761904,12796.403951761904,13196.864386524298,13386.864386524298,300.0,3023.900568355086,0.0,3,3,0,0
S3,continuous,A,1071,49,11792.365052565257,12256.694864023326,12306.903418051748,13031.278925459885,13055.517597642067,464.32981145806843,464.32981145806843,724.3755074081364,1188.7053188662048,12256.694864023326,12286.694864023326,13045.517597642067,13235.517597642067,300.0,1121.8489492844367,0.0,0,0,0,0
S3,continuous,A,1072,145,11809.937540801597,12430.718623925652,12473.272685222666,13009.188003984265,13047.2406744738,620.7810831240549,620.7810831240549,535.9153187615993,1156.6964018856543,12430.718623925652,12460.718623925652,13037.2406744738,13227.2406744738,300.0,806.7852544619639,0.0,1,1,0,0
S3,continuous,A,1073,99,11821.155441577279,12581.324501561696,12633.328578106935,13633.151439169065,13669.158177295336,760.1690599844169,760.1690599844169,999.82286106213,1759.9919210465468,12581.324501561696,12611.324501561696,13659.158177295336,13849.158177295336,300.0,1241.2575374446205,0.0,0,0,0,0
S3,continuous,A,1074,94,11823.193010883746,12087.118420162056,12156.349413035632,13823.151439169065,13859.158177295336,263.9254092783103,263.9254092783103,1666.8020261334332,1930.7274354117435,12087.118420162056,12117.118420162056,13849.158177295336,14039.158177295336,300.0,1627.1486110683186,0.0,0,0,0,0
S3,continuous,A,1075,98,11840.718623925652,11840.718623925652,11879.436708883039,12050.182657794989,12075.606208422514,0.0,0.0,170.7459489119501,170.7459489119501,11840.718623925652,11870.718623925652,12065.606208422514,12255.606208422514,300.0,1449.3051872782025,0.0,0,0,0,0
S3,continuous,A,1076,16,11855.606208422514,12074.563139852924,12140.417460530629,12240.182657794989,12265.606208422514,218.9569314304099,218.9569314304099,99.76519726435981,318.7221286947697,12074.563139852924,12104.563139852924,12255.606208422514,12445.606208422514,300.0,1355.2639291426458,0.0,2,2,0,0
S3,continuous,A,1077,2,11858.159909186019,13497.206041034126,13532.662887243016,14054.44405567723,14083.042445945019,1639.0461318481066,1639.0461318481066,521.7811684342141,2160.8273002823207,13497.206041034126,13527.206041034126,14073.042445945019,14263.042445945019,300.0,2303.0978285016213,0.0,7,7,0,0
S3,continuous,A,1078,69,11860.1622491836,12445.606208422514,12504.787478133136,14639.433230147068,14693.193010883746,585.4439592389135,585.4439592389135,2134.645752013932,2720.0897112528455,12445.606208422514,12475.606208422514,14683.193010883746,14873.193010883746,300.0,2646.4312623607034,0.0,3,3,0,0
S3,continuous,A,1079,73,11864.951542427132,12649.937540801597,12675.505390686849,14829.433230147068,14883.193010883746,784.9859983744645,784.9859983744645,2153.927839460219,2938.9138378346834,12649.937540801597,12679.937540801597,14873.193010883746,15063.193010883746,300.0,709.053159836159,0.0,0,0,0,0
