scenario_id,sweep,model,flight_id,aircraft_id,planned_start_time,start_time,cruise_arrival_time,descent_start_time,end_time,delay_s,takeoff_pad_delay_s,landing_pad_delay_s,pad_delay_s,takeoff_pad_start_s,takeoff_pad_end_s,landing_pad_start_s,landing_pad_end_s,cruise_altitude,distance_m,detour_distance_m,building_risks,building_collisions,path_changes,altitude_changes
S1,continuous,E,0,65,0.0,0.0,32.14343270839554,32.14343270839554,55.86036092357078,0.0,0.0,0.0,0.0,0.0,30.0,45.86036092357078,235.8603609235708,350.0,1488.8990154438002,0.0,0,0,0,1
S1,continuous,E,1,26,10.0,10.0,53.09255287534471,53.09255287534471,95.70843221607598,0.0,0.0,0.0,0.0,10.0,40.0,85.70843221607598,275.70843221607595,350.0,1175.6909591456986,0.0,0,0,0,1
S1,continuous,E,2,13,20.0,40.0,73.36513669415893,73.36513669415893,78.71414484059704,20.0,20.0,0.0,20.0,40.0,70.0,73.36513669415893,263.36513669415893,300.0,957.5288577618476,0.0,0,0,0,0
S1,continuous,E,3,25,30.0,70.0,105.40418491752023,105.40418491752023,107.93252772063015,40.0,40.0,0.0,40.0,70.0,100.0,105.40418491752023,295.40418491752024,300.0,1079.3620792692923,0.0,0,0,0,0
S1,continuous,E,4,56,40.0,235.8603609235708,279.19237904403167,292.8758421144103,305.40418491752024,195.8603609235708,195.8603609235708,13.68346307037865,209.54382399394945,235.8603609235708,265.8603609235708,295.40418491752024,485.40418491752024,350.0,1488.8990154437997,0.0,0,0,0,1
S1,continuous,E,5,51,50.0,275.70843221607595,333.56230302094554,482.8758421144103,495.40418491752024,225.70843221607595,165.70843221607595,149.31353909346478,315.02197130954073,275.70843221607595,305.70843221607595,485.40418491752024,675.4041849175203,350.0,1291.5872083284257,0.0,0,0,0,1
S1,continuous,E,6,6,60.0,60.0,141.78079848105233,662.8758421144104,685.4041849175203,0.0,0.0,521.095043633358,521.095043633358,60.0,90.0,675.4041849175203,865.4041849175203,400.0,1575.0127751690416,0.0,0,0,0,1
S1,continuous,E,7,61,70.0,70.0,114.39463977284576,114.39463977284576,159.09218849041326,0.0,0.0,0.0,0.0,70.0,100.0,149.09218849041326,339.09218849041326,300.0,784.2412733181616,0.0,0,0,0,0
S1,continuous,E,8,49,80.0,265.8603609235708,299.54887451821446,299.54887451821446,314.89788266465257,185.8603609235708,185.8603609235708,0.0,185.8603609235708,265.8603609235708,295.8603609235708,304.89788266465257,494.89788266465257,350.0,860.1020404392933,0.0,0,0,0,1
S1,continuous,E,9,23,90.0,90.0,132.6967197397379,272.14343270839555,305.8603609235708,0.0,0.0,139.44671296865766,139.44671296865766,90.0,120.0,295.8603609235708,485.8603609235708,400.0,996.6651280213995,0.0,0,0,0,1
S1,continuous,E,10,45,100.0,263.36513669415893,283.30483421795395,283.30483421795395,325.92071355868524,163.36513669415893,163.36513669415893,0.0,163.36513669415893,263.36513669415893,293.36513669415893,315.92071355868524,505.92071355868524,350.0,595.8703959263073,0.0,0,0,0,1
S1,continuous,E,11,59,110.0,339.09218849041326,404.1025967866339,472.14343270839555,495.8603609235708,229.09218849041326,169.09218849041326,68.04083592176164,237.1330244121749,339.09218849041326,369.09218849041326,485.8603609235708,675.8603609235709,350.0,1079.5963565739237,0.0,0,0,0,1
S1,continuous,E,12,15,120.0,675.8603609235709,709.5437251643705,709.5437251643705,732.274008878484,555.8603609235709,555.8603609235709,0.0,555.8603609235709,675.8603609235709,705.8603609235709,722.274008878484,912.274008878484,350.0,896.6651280213996,0.0,0,0,0,1
S1,continuous,E,13,1,130.0,130.0,205.5130413594576,672.1434327083956,715.8603609235709,0.0,0.0,466.630391348938,466.630391348938,130.0,160.0,705.8603609235709,895.8603609235709,450.0,1003.8982765803223,0.0,0,0,0,1
S1,continuous,E,14,65,140.0,140.0,203.9308513198619,294.3946397728457,379.0921884904132,0.0,0.0,90.46378845298386,90.46378845298386,140.0,170.0,369.09218849041326,559.0921884904133,500.0,925.3192023310239,0.0,0,0,0,1
S1,continuous,E,15,63,150.0,494.89788266465257,530.218476190559,872.1434327083956,905.8603609235709,344.89788266465257,344.89788266465257,341.92495651783656,686.8228391824891,494.89788266465257,524.8978826646526,895.8603609235709,1085.8603609235709,400.0,960.1020404392933,0.0,0,0,0,1
S1,continuous,E,16,61,160.0,865.4041849175203,882.360086217919,882.360086217919,903.3367126381505,705.4041849175203,705.4041849175203,0.0,705.4041849175203,865.4041849175203,895.4041849175203,893.3367126381505,1083.3367126381504,300.0,1079.3620792692923,0.0,0,0,0,0
S1,continuous,E,17,8,170.0,505.92071355868524,567.891207784219,889.5437251643705,922.274008878484,335.92071355868524,335.92071355868524,321.6525173801515,657.5732309388368,505.92071355868524,535.9207135586853,912.274008878484,1102.274008878484,400.0,1050.3718075943896,0.0,0,0,0,1
S1,continuous,E,18,31,180.0,1085.8603609235709,1129.1923790440317,1129.1923790440317,1141.7207218471417,905.8603609235709,905.8603609235709,0.0,905.8603609235709,1085.8603609235709,1115.8603609235709,1131.7207218471417,1321.7207218471417,350.0,1488.8990154437997,0.0,0,0,0,1
S1,continuous,E,19,5,190.0,190.0,273.34254854635,872.8758421144103,905.4041849175202,0.0,0.0,599.5332935680603,599.5332935680603,190.0,220.0,895.4041849175203,1085.4041849175203,450.0,1469.9224953128196,0.0,0,0,0,1
S1,continuous,E,20,72,200.0,1115.8603609235709,1145.196301842003,1145.196301842003,1187.8121811827343,915.8603609235709,915.8603609235709,0.0,915.8603609235709,1115.8603609235709,1145.8603609235709,1177.8121811827343,1367.8121811827343,350.0,706.2648846633376,0.0,0,0,0,1
S1,continuous,E,21,67,210.0,559.0921884904133,638.4741502539721,1069.5437251643705,1112.274008878484,349.09218849041326,349.09218849041326,431.0695749103984,780.1617634008117,559.0921884904133,589.0921884904133,1102.274008878484,1292.274008878484,450.0,899.4333652244882,0.0,0,0,0,1
S1,continuous,E,22,62,220.0,220.0,285.3546662255367,1289.192379044032,1331.7207218471417,0.0,0.0,1003.8377128184951,1003.8377128184951,220.0,250.0,1321.7207218471417,1511.7207218471417,500.0,1317.9186333476578,0.0,0,0,0,1
S1,continuous,E,23,36,230.0,230.0,274.4996912084037,274.4996912084037,295.4763176286351,0.0,0.0,0.0,0.0,230.0,260.0,285.4763176286351,475.4763176286351,300.0,672.6400908686771,0.0,0,0,0,0
S1,continuous,E,24,29,240.0,250.0,292.084898598916,493.304834217954,545.9207135586853,10.0,10.0,201.21993561903798,211.21993561903798,250.0,280.0,535.9207135586853,725.9207135586853,400.0,1050.3718075943896,0.0,0,0,0,1
S1,continuous,E,25,9,250.0,475.4763176286351,549.407168948497,549.407168948497,644.1047176660645,225.47631762863512,165.47631762863512,0.0,165.47631762863512,475.4763176286351,505.4763176286351,634.1047176660645,824.1047176660645,550.0,1025.319202331024,0.0,0,0,0,1
S1,continuous,E,26,60,260.0,524.8978826646526,544.8375801884475,693.3048342179541,735.9207135586853,264.89788266465257,264.89788266465257,148.46725402950653,413.3651366941591,524.8978826646526,554.8978826646526,725.9207135586853,915.9207135586853,350.0,595.8703959263073,0.0,0,0,0,1
S1,continuous,E,27,21,270.0,554.8978826646526,584.8375801884475,873.3048342179541,925.9207135586853,284.89788266465257,284.89788266465257,288.46725402950653,573.3651366941591,554.8978826646526,584.8978826646526,915.9207135586853,1105.9207135586853,400.0,695.8703959263073,0.0,0,0,0,1
S1,continuous,E,28,42,280.0,400.0,474.4996912084037,474.4996912084037,525.4763176286351,120.0,0.0,0.0,0.0,400.0,430.0,515.4763176286351,705.4763176286351,450.0,972.6400908686771,0.0,0,0,0,1
S1,continuous,E,29,48,290.0,1105.9207135586853,1203.7745843635548,1469.192379044032,1521.7207218471417,815.9207135586853,815.9207135586853,265.4177946804771,1081.3385082391624,1105.9207135586853,1135.9207135586853,1511.7207218471417,1701.7207218471417,550.0,1691.5872083284257,0.0,0,0,0,1
S1,continuous,E,30,10,300.0,300.0,377.4146967601048,729.407168948497,834.1047176660645,0.0,0.0,351.99247218839224,351.99247218839224,300.0,330.0,824.1047176660645,1014.1047176660645,600.0,1199.4333652244882,0.0,0,0,0,1
S1,continuous,E,31,50,310.0,1145.8603609235709,1179.5488745182145,1179.5488745182145,1194.8978826646526,835.8603609235709,835.8603609235709,0.0,835.8603609235709,1145.8603609235709,1175.8603609235709,1184.8978826646526,1374.8978826646526,350.0,860.1020404392933,0.0,0,0,0,1
S1,continuous,E,32,46,320.0,1175.8603609235709,1206.1894258204836,1206.1894258204836,1255.0903304982035,855.8603609235709,855.8603609235709,0.0,855.8603609235709,1175.8603609235709,1205.8603609235709,1245.0903304982035,1435.0903304982035,350.0,803.8982765803223,0.0,0,0,0,1
S1,continuous,E,33,32,330.0,1205.8603609235709,1236.1894258204836,1396.1894258204836,1445.0903304982035,875.8603609235709,875.8603609235709,160.0,1035.8603609235709,1205.8603609235709,1235.8603609235709,1435.0903304982035,1625.0903304982035,350.0,803.8982765803223,0.0,0,0,0,1
S1,continuous,E,34,43,340.0,1085.4041849175203,1153.1705191847686,1295.196301842003,1377.8121811827343,745.4041849175203,745.4041849175203,142.02578265723446,887.4299675747548,1085.4041849175203,1115.4041849175203,1367.8121811827343,1557.8121811827343,550.0,1691.5872083284257,0.0,0,0,0,1
S1,continuous,E,35,52,350.0,705.4763176286351,768.176667404782,1202.1434327083957,1245.860360923571,355.4763176286351,355.4763176286351,433.96676530361356,789.4430829322487,705.4763176286351,735.4763176286351,1235.8603609235709,1425.8603609235709,450.0,1255.049330238065,0.0,0,0,0,1
S1,continuous,E,36,74,360.0,584.8978826646526,622.6354010850182,1052.360086217919,1093.3367126381504,224.89788266465257,224.89788266465257,429.72468513290073,654.6225677975533,584.8978826646526,614.8978826646526,1083.3367126381504,1273.3367126381504,400.0,1157.5288577618476,0.0,0,0,0,1
S1,continuous,E,37,41,370.0,370.0,452.084898598916,1475.196301842003,1567.8121811827343,0.0,0.0,1023.111403243087,1023.111403243087,370.0,400.0,1557.8121811827343,1747.8121811827343,600.0,1450.3718075943896,0.0,0,0,0,1
S1,continuous,E,38,17,380.0,430.0,534.4996912084038,1202.360086217919,1283.3367126381504,50.0,50.0,667.8603950095152,717.8603950095152,430.0,460.0,1273.3367126381504,1463.3367126381504,600.0,1272.6400908686771,0.0,0,0,0,1
S1,continuous,E,39,56,390.0,460.0,565.5596934615915,1665.196301842003,1757.8121811827343,70.0,70.0,1099.6366083804116,1169.6366083804116,460.0,490.0,1747.8121811827343,1937.8121811827343,600.0,1401.5031723503596,0.0,0,0,0,1
S1,continuous,E,40,23,400.0,700.0,758.7469078040958,939.407168948497,1024.1047176660645,300.0,0.0,180.66026114440115,180.66026114440115,700.0,730.0,1014.1047176660645,1204.1047176660645,500.0,1543.4260948305448,0.0,0,0,0,1
S1,continuous,E,41,73,410.0,490.0,575.5130413594577,1382.1434327083957,1435.860360923571,80.0,80.0,806.6303913489379,886.6303913489379,490.0,520.0,1425.8603609235709,1615.8603609235709,500.0,1103.8982765803223,0.0,0,0,0,1
S1,continuous,E,42,45,420.0,520.0,602.2651325823041,1249.5437251643702,1302.2740088784838,100.0,100.0,647.2785925820663,747.2785925820663,520.0,550.0,1292.274008878484,1482.274008878484,500.0,882.4378022647784,0.0,0,0,0,1
S1,continuous,E,43,7,430.0,550.0,645.5130413594577,1562.1434327083957,1625.860360923571,120.0,120.0,916.6303913489379,1036.6303913489378,550.0,580.0,1615.8603609235709,1805.8603609235709,550.0,1203.8982765803223,0.0,0,0,0,1
S1,continuous,E,44,2,440.0,1805.8603609235709,1839.8901487173991,1839.8901487173991,1894.5876974349667,1365.8603609235709,1365.8603609235709,0.0,1365.8603609235709,1805.8603609235709,1835.8603609235709,1884.5876974349667,2074.5876974349667,350.0,1079.5963565739237,0.0,0,0,0,1
S1,continuous,E,45,18,450.0,750.0,844.3946397728458,1119.407168948497,1214.1047176660645,300.0,0.0,275.01252917565114,275.01252917565114,750.0,780.0,1204.1047176660645,1394.1047176660645,550.0,1284.2412733181616,0.0,0,0,0,1
S1,continuous,E,46,19,460.0,1701.7207218471417,1733.8641545555372,1822.1434327083957,1845.860360923571,1241.7207218471417,1241.7207218471417,88.27927815285852,1330.0000000000002,1701.7207218471417,1731.7207218471417,1835.8603609235709,2025.8603609235709,350.0,1488.8990154438002,0.0,0,0,0,1
S1,continuous,E,47,13,470.0,735.4763176286351,809.407168948497,1309.407168948497,1404.1047176660645,265.4763176286351,265.4763176286351,500.0,765.4763176286351,735.4763176286351,765.4763176286351,1394.1047176660645,1584.1047176660645,550.0,1025.319202331024,0.0,0,0,0,1
S1,continuous,E,48,69,480.0,600.0,650.1912838126934,751.09909532228,790.0,120.0,0.0,100.90781150958662,100.90781150958662,600.0,630.0,780.0,970.0,300.0,784.2412733181616,0.0,0,0,0,0
S1,continuous,E,49,22,490.0,1584.1047176660645,1665.885516147117,1719.192379044032,1741.7207218471417,1094.1047176660645,1094.1047176660645,53.306862896914936,1147.4115805629795,1584.1047176660645,1614.1047176660645,1731.7207218471417,1921.7207218471417,400.0,1575.0127751690416,0.0,0,0,0,1
S1,continuous,E,50,65,500.0,2025.8603609235709,2056.189425820484,2056.189425820484,2105.090330498204,1525.8603609235709,1525.8603609235709,0.0,1525.8603609235709,2025.8603609235709,2055.8603609235706,2095.090330498204,2285.090330498204,350.0,803.8982765803223,0.0,0,0,0,1
S1,continuous,E,51,12,510.0,1135.9207135586853,1220.6525193545299,1412.360086217919,1473.3367126381504,625.9207135586853,625.9207135586853,191.70756686338905,817.6282804220743,1135.9207135586853,1165.9207135586853,1463.3367126381504,1653.3367126381504,500.0,1475.6909591456986,0.0,0,0,0,1
S1,continuous,E,52,33,520.0,1614.1047176660645,1682.2001660412898,1682.2001660412898,1697.5491741877279,1094.1047176660645,1094.1047176660645,0.0,1094.1047176660645,1614.1047176660645,1644.1047176660645,1687.5491741877279,1877.5491741877279,350.0,1243.4260948305448,0.0,0,0,0,1
S1,continuous,E,53,16,530.0,1921.7207218471417,1938.6766231475403,1938.6766231475403,1959.6532495677718,1391.7207218471417,1391.7207218471417,0.0,1391.7207218471417,1921.7207218471417,1951.7207218471417,1949.6532495677718,2139.653249567772,300.0,1079.3620792692923,0.0,0,0,0,0
S1,continuous,E,54,53,540.0,1644.1047176660645,1719.1151259622852,2032.1434327083953,2065.8603609235706,1104.1047176660645,1104.1047176660645,313.02830674611005,1417.1330244121746,1644.1047176660645,1674.1047176660645,2055.8603609235706,2245.8603609235706,400.0,1179.5963565739237,0.0,0,0,0,1
S1,continuous,E,55,66,550.0,580.0,685.5130413594577,2182.1434327083953,2255.8603609235706,30.0,30.0,1496.6303913489378,1526.6303913489378,580.0,610.0,2245.8603609235706,2435.8603609235706,600.0,1303.8982765803223,0.0,0,0,0,1
S1,continuous,E,56,38,560.0,680.0,702.0932305812987,730.0,735.3490081464381,120.0,0.0,27.906769418701288,27.906769418701288,680.0,710.0,730.0,920.0,300.0,714.5929171151033,0.0,0,0,0,0
S1,continuous,E,57,71,570.0,1951.7207218471417,1975.2901920864142,1975.2901920864142,1990.6392002328523,1381.7207218471417,1381.7207218471417,0.0,1381.7207218471417,1951.7207218471417,1981.7207218471417,1980.6392002328523,2170.639200232852,350.0,875.4619171585908,0.0,0,0,0,1
S1,continuous,E,58,55,580.0,1674.1047176660645,1723.4866794296233,1723.4866794296233,1736.2169631437368,1094.1047176660645,1094.1047176660645,0.0,1094.1047176660645,1674.1047176660645,1704.1047176660645,1726.2169631437368,1916.2169631437368,300.0,599.4333652244882,0.0,0,0,0,0
S1,continuous,E,59,4,590.0,1981.7207218471417,2006.8734471616747,2006.8734471616747,2029.6037308757882,1391.7207218471417,1391.7207218471417,0.0,1391.7207218471417,1981.7207218471417,2011.7207218471417,2019.6037308757882,2209.603730875788,350.0,1017.918633347658,0.0,0,0,0,1
S1,continuous,E,60,34,600.0,614.8978826646526,691.2880182472535,1959.192379044032,2021.7207218471417,14.89788266465257,14.89788266465257,1267.9043607967783,1282.8022434614309,614.8978826646526,644.8978826646526,2011.7207218471417,2201.7207218471417,600.0,1375.461917158591,0.0,0,0,0,1
S1,continuous,E,61,25,610.0,1937.8121811827343,1992.4987351029038,2029.8901487173991,2084.5876974349667,1327.8121811827343,1327.8121811827343,37.39141361449538,1365.2035947972297,1937.8121811827343,1967.8121811827343,2074.5876974349667,2264.5876974349667,350.0,1291.278778920713,0.0,0,0,0,1
S1,continuous,E,62,49,620.0,1967.8121811827343,2027.0868493073372,2236.189425820484,2295.090330498204,1347.8121811827343,1347.8121811827343,209.1025765131467,1556.914757695881,1967.8121811827343,1997.8121811827343,2285.090330498204,2475.090330498204,400.0,1001.5031723503597,0.0,0,0,0,1
S1,continuous,E,63,28,630.0,2201.7207218471417,2238.6907085188814,2426.189425820484,2485.090330498204,1571.7207218471417,1571.7207218471417,187.49871730160248,1759.2194391487442,2201.7207218471417,2231.7207218471417,2475.090330498204,2665.090330498204,400.0,1369.9224953128196,0.0,0,0,0,1
S1,continuous,E,64,68,640.0,2231.7207218471417,2248.6766231475403,2248.6766231475403,2269.6532495677716,1591.7207218471417,1591.7207218471417,0.0,1591.7207218471417,2231.7207218471417,2261.7207218471417,2259.6532495677716,2449.6532495677716,300.0,1079.3620792692923,0.0,0,0,0,0
S1,continuous,E,65,27,650.0,650.0,727.7375184203656,1582.360086217919,1663.3367126381504,0.0,0.0,854.6225677975533,854.6225677975533,650.0,680.0,1653.3367126381504,1843.3367126381504,600.0,1557.5288577618476,0.0,0,0,0,1
S1,continuous,E,66,36,660.0,765.4763176286351,792.0517305795504,941.09909532228,980.0,105.47631762863512,105.47631762863512,149.04736474272966,254.52368237136477,765.4763176286351,795.4763176286351,970.0,1160.0,300.0,672.6400908686771,0.0,0,0,0,0
S1,continuous,E,67,20,670.0,1482.274008878484,1524.3672394597827,2155.290192086414,2180.639200232852,812.274008878484,812.274008878484,630.9229526266313,1443.1969615051153,1482.274008878484,1512.274008878484,2170.639200232852,2360.639200232852,400.0,914.5929171151033,0.0,0,0,0,1
S1,continuous,E,68,70,680.0,1997.8121811827343,2049.782675408268,2196.8734471616744,2219.603730875788,1317.8121811827343,1317.8121811827343,147.09077175340644,1464.9029529361408,1997.8121811827343,2027.8121811827343,2209.603730875788,2399.603730875788,350.0,950.3718075943896,0.0,0,0,0,1
S1,continuous,E,69,47,690.0,1704.1047176660645,1773.4866794296233,2376.8734471616744,2409.603730875788,1014.1047176660645,1014.1047176660645,603.3867677320513,1617.4914853981159,1704.1047176660645,1734.1047176660645,2399.603730875788,2589.603730875788,400.0,799.4333652244882,0.0,0,0,0,1
S1,continuous,E,70,3,700.0,2435.8603609235706,2479.1923790440314,2479.1923790440314,2491.7207218471412,1735.8603609235706,1735.8603609235706,0.0,1735.8603609235706,2435.8603609235706,2465.8603609235706,2481.7207218471412,2671.7207218471412,350.0,1488.8990154437997,0.0,0,0,0,1
S1,continuous,E,71,51,710.0,1160.0,1265.5130413594575,2402.1434327083953,2475.8603609235706,450.0,390.0,1136.6303913489378,1526.6303913489378,1160.0,1190.0,2465.8603609235706,2655.8603609235706,600.0,1303.8982765803223,0.0,0,0,0,1
S1,continuous,E,72,11,720.0,2261.7207218471417,2281.332314413736,2281.332314413736,2326.0298631313035,1541.7207218471417,1541.7207218471417,0.0,1541.7207218471417,2261.7207218471417,2291.7207218471417,2316.0298631313035,2506.0298631313035,300.0,1375.0127751690416,0.0,0,0,0,0
S1,continuous,E,73,14,730.0,1734.1047176660645,1791.7564912832624,2428.6766231475403,2459.6532495677716,1004.1047176660645,1004.1047176660645,636.9201318642777,1641.0248495303422,1734.1047176660645,1764.1047176660645,2449.6532495677716,2639.6532495677716,350.0,625.3192023310239,0.0,0,0,0,1
S1,continuous,E,74,44,740.0,920.0,996.3901355826009,2619.1923790440314,2681.7207218471412,180.0,180.0,1622.8022434614304,1802.8022434614304,920.0,950.0,2671.7207218471412,2861.7207218471412,600.0,1375.461917158591,0.0,0,0,0,1
S1,continuous,E,75,1,750.0,1190.0,1237.0252583176189,1374.8978826646526,1380.2468908110907,440.0,440.0,137.8726243470337,577.8726243470337,1190.0,1220.0,1374.8978826646526,1564.8978826646526,300.0,762.8731401140631,0.0,0,0,0,0
S1,continuous,E,76,26,760.0,2027.8121811827343,2105.666051987604,2839.1923790440314,2871.7207218471412,1267.8121811827343,1267.8121811827343,733.5263270564274,2001.3385082391617,2027.8121811827343,2057.812181182734,2861.7207218471412,3051.7207218471412,450.0,1491.5872083284257,0.0,0,0,0,1
S1,continuous,E,77,0,770.0,2655.8603609235706,2689.5488745182142,2689.5488745182142,2704.8978826646526,1885.8603609235706,1885.8603609235706,0.0,1885.8603609235706,2655.8603609235706,2685.8603609235706,2694.8978826646526,2884.8978826646526,350.0,860.1020404392933,0.0,0,0,0,1
S1,continuous,E,78,39,780.0,2057.812181182734,2129.782675408268,2556.8734471616744,2599.603730875788,1277.812181182734,1277.812181182734,427.09077175340644,1704.9029529361405,2057.812181182734,2087.812181182734,2589.603730875788,2779.603730875788,450.0,1150.3718075943896,0.0,0,0,0,1
S1,continuous,E,79,30,790.0,1625.0903304982035,1702.1155888158223,2335.290192086414,2370.639200232852,835.0903304982035,835.0903304982035,633.1746032705917,1468.2649337687951,1625.0903304982035,1655.0903304982035,2360.639200232852,2550.639200232852,450.0,1062.873140114063,0.0,0,0,0,1
S1,continuous,E,80,35,800.0,1764.1047176660645,1850.8729409630703,2035.1963018420029,2097.812181182734,964.1047176660645,964.1047176660645,184.3233608789326,1148.428078544997,1764.1047176660645,1794.1047176660645,2087.812181182734,2277.812181182734,450.0,1491.278778920713,0.0,0,0,0,1
S1,continuous,E,81,42,810.0,810.0,884.0023687469519,1459.5437251643702,1522.2740088784838,0.0,0.0,575.5413564174185,575.5413564174185,810.0,840.0,1512.274008878484,1702.274008878484,550.0,870.2507057864223,0.0,0,0,0,1
S1,continuous,E,82,58,820.0,950.0,1019.939697523795,2195.196301842003,2287.812181182734,130.0,130.0,1175.2566043182078,1305.2566043182078,950.0,980.0,2277.812181182734,2467.812181182734,600.0,1095.8703959263073,0.0,0,0,0,1
S1,continuous,E,83,54,830.0,2685.8603609235706,2719.5437251643702,2766.8734471616744,2789.603730875788,1855.8603609235706,1855.8603609235706,47.329721997304205,1903.1900829208748,2685.8603609235706,2715.8603609235706,2779.603730875788,2969.603730875788,350.0,896.6651280213996,0.0,0,0,0,1
S1,continuous,E,84,15,840.0,2715.8603609235706,2749.5488745182142,2879.5488745182142,2894.8978826646526,1875.8603609235706,1875.8603609235706,130.0,2005.8603609235706,2715.8603609235706,2745.8603609235706,2884.8978826646526,3074.8978826646526,350.0,860.1020404392933,0.0,0,0,0,1
S1,continuous,E,85,29,850.0,2745.8603609235706,2779.890148717399,2779.890148717399,2834.5876974349662,1895.8603609235706,1895.8603609235706,0.0,1895.8603609235706,2745.8603609235706,2775.8603609235706,2824.5876974349662,3014.5876974349662,350.0,1079.5963565739237,0.0,0,0,0,1
S1,continuous,E,86,10,860.0,980.0,1058.7469078040958,2411.3323144137357,2516.029863131303,120.0,120.0,1352.5854066096401,1472.5854066096401,980.0,1010.0,2506.0298631313035,2696.0298631313035,600.0,1743.4260948305448,0.0,0,0,0,1
S1,continuous,E,87,57,870.0,1794.1047176660645,1844.296001478758,1844.296001478758,1883.1969061564778,924.1047176660645,924.1047176660645,0.0,924.1047176660645,1794.1047176660645,1824.1047176660645,1873.1969061564778,2063.196906156478,300.0,784.2412733181616,0.0,0,0,0,0
S1,continuous,E,88,24,880.0,2467.812181182734,2522.5439869785787,2618.6766231475403,2649.6532495677716,1587.812181182734,1587.812181182734,96.13263616896165,1683.9448173516957,2467.812181182734,2497.812181182734,2639.6532495677716,2829.6532495677716,350.0,1175.6909591456986,0.0,0,0,0,1
S1,continuous,E,89,40,890.0,1655.0903304982035,1740.603371857661,2732.1434327083953,2785.8603609235706,765.0903304982035,765.0903304982035,991.5400608507343,1756.6303913489378,1655.0903304982035,1685.0903304982035,2775.8603609235706,2965.8603609235706,500.0,1103.8982765803223,0.0,0,0,0,1
S1,continuous,E,90,64,900.0,1824.1047176660645,1925.885516147117,3019.1923790440314,3061.7207218471412,924.1047176660645,924.1047176660645,1093.3068628969145,2017.411580562979,1824.1047176660645,1854.1047176660645,3051.7207218471412,3241.7207218471412,500.0,1775.0127751690416,0.0,0,0,0,1
S1,continuous,E,91,5,910.0,2291.7207218471417,2319.48705611439,2465.196301842003,2507.812181182734,1381.7207218471417,1381.7207218471417,145.70924572761305,1527.4299675747548,2291.7207218471417,2321.7207218471417,2497.812181182734,2687.812181182734,350.0,1291.5872083284257,0.0,0,0,0,1
S1,continuous,E,92,38,920.0,1685.0903304982035,1770.603371857661,2922.1434327083953,2975.8603609235706,765.0903304982035,765.0903304982035,1151.5400608507343,1916.6303913489378,1685.0903304982035,1715.0903304982035,2965.8603609235706,3155.8603609235706,500.0,1103.8982765803223,0.0,0,0,0,1
S1,continuous,E,93,8,930.0,3155.8603609235706,3186.189425820484,3186.189425820484,3235.090330498204,2225.8603609235706,2225.8603609235706,0.0,2225.8603609235706,3155.8603609235706,3185.8603609235706,3225.090330498204,3415.090330498204,350.0,803.8982765803223,0.0,0,0,0,1
S1,continuous,E,94,60,940.0,1854.1047176660645,1952.2001660412898,3039.5488745182147,3084.8978826646526,914.1047176660645,914.1047176660645,1087.3487084769247,2001.4534261429892,1854.1047176660645,1884.1047176660645,3074.8978826646526,3264.8978826646526,500.0,1543.4260948305448,0.0,0,0,0,1
S1,continuous,E,95,6,950.0,1843.3367126381504,1928.7408975556707,3199.1923790440314,3251.7207218471412,893.3367126381504,893.3367126381504,1270.4514814883605,2163.788194126511,1843.3367126381504,1873.3367126381504,3241.7207218471412,3431.7207218471412,550.0,1579.3620792692923,0.0,0,0,0,1
S1,continuous,E,96,21,960.0,1715.0903304982035,1812.1155888158223,3219.5488745182147,3274.8978826646526,755.0903304982035,755.0903304982035,1407.4332857023921,2162.523616200596,1715.0903304982035,1745.0903304982035,3264.8978826646526,3454.8978826646526,550.0,1262.873140114063,0.0,0,0,0,1
S1,continuous,E,97,37,970.0,1745.0903304982035,1849.590021706607,2758.6766231475403,2839.6532495677716,775.0903304982035,775.0903304982035,909.086601440933,1684.1769319391365,1745.0903304982035,1775.0903304982035,2829.6532495677716,3019.6532495677716,600.0,1272.6400908686771,0.0,0,0,0,1
S1,continuous,E,98,69,980.0,1010.0,1079.939697523795,2605.196301842003,2697.812181182734,30.0,30.0,1525.2566043182078,1555.2566043182078,1010.0,1040.0,2687.812181182734,2877.812181182734,600.0,1095.8703959263073,0.0,0,0,0,1
S1,continuous,E,99,61,990.0,1873.3367126381504,1927.2675639580123,2949.890148717399,3024.5876974349662,883.3367126381504,883.3367126381504,1022.6225847593864,1905.9592973975368,1873.3367126381504,1903.3367126381504,3014.5876974349662,3204.5876974349662,450.0,825.3192023310239,0.0,0,0,0,1
S1,continuous,E,100,36,1000.0,1564.8978826646526,1642.6354010850182,2948.6766231475403,3029.6532495677716,564.8978826646526,384.89788266465257,1306.041222062522,1690.9391047271745,1564.8978826646526,1594.8978826646526,3019.6532495677716,3209.6532495677716,600.0,1557.5288577618476,0.0,0,0,0,1
S1,continuous,E,101,63,1010.0,1903.3367126381504,1957.2675639580123,3139.890148717399,3214.5876974349662,893.3367126381504,893.3367126381504,1182.6225847593864,2075.959297397537,1903.3367126381504,1933.3367126381504,3204.5876974349662,3394.5876974349662,450.0,825.3192023310239,0.0,0,0,0,1
S1,continuous,E,102,59,1020.0,2264.5876974349667,2339.598105731187,3162.1434327083953,3195.8603609235706,1244.5876974349667,1244.5876974349667,822.5453269772083,2067.133024412175,2264.5876974349667,2294.5876974349667,3185.8603609235706,3375.8603609235706,400.0,1179.5963565739237,0.0,0,0,0,1
S1,continuous,E,103,9,1030.0,2877.812181182734,2975.018749900822,3399.5488745182142,3464.8978826646526,1847.812181182734,1847.812181182734,424.5301246173922,2272.3423058001263,2877.812181182734,2907.812181182734,3454.8978826646526,3644.8978826646526,600.0,1095.8703959263073,0.0,0,0,0,1
S1,continuous,E,104,23,1040.0,2696.0298631313035,2771.0402714275237,3352.1434327083953,3385.8603609235706,1656.0298631313035,1656.0298631313035,581.1031612808715,2237.133024412175,2696.0298631313035,2726.0298631313035,3375.8603609235706,3565.8603609235706,400.0,1179.5963565739237,0.0,0,0,0,1
S1,continuous,E,105,74,1093.3367126381504,1093.3367126381504,1166.8100744244875,2576.189425820484,2675.090330498204,0.0,0.0,1409.3793513959965,1409.3793513959965,1093.3367126381504,1123.3367126381504,2665.090330498204,2855.090330498204,600.0,1362.873140114063,0.0,0,0,0,1
S1,continuous,E,106,67,1112.274008878484,2726.0298631313035,2792.798086428309,2875.196301842003,2917.812181182734,1613.7558542528195,1613.7558542528195,82.39821541369383,1696.1540696665134,2726.0298631313035,2756.0298631313035,2907.812181182734,3097.812181182734,350.0,1291.278778920713,0.0,0,0,0,1
S1,continuous,E,107,31,1141.7207218471417,1916.2169631437368,2001.5716293692735,3379.1923790440314,3441.7207218471412,774.4962412965951,774.4962412965951,1377.620749674758,2152.116990971353,1916.2169631437368,1946.2169631437368,3431.7207218471412,3621.7207218471412,600.0,1517.9186333476578,0.0,0,0,0,1
S1,continuous,E,108,72,1187.8121811827343,1775.0903304982035,1878.4328790445534,3579.1923790440314,3631.7207218471412,587.2781493154691,587.2781493154691,1700.759499999478,2288.037649314947,1775.0903304982035,1805.0903304982035,3621.7207218471412,3811.7207218471412,550.0,1669.9224953128196,0.0,0,0,0,1
S1,continuous,E,109,50,1194.8978826646526,1594.8978826646526,1669.6098376782759,2906.8734471616744,2979.603730875788,400.0,400.0,1237.2636094833988,1637.2636094833988,1594.8978826646526,1624.8978826646526,2969.603730875788,3159.603730875788,600.0,1314.5929171151033,0.0,0,0,0,1
S1,continuous,E,110,18,1214.1047176660645,1624.8978826646526,1693.6447904687484,3309.890148717399,3404.5876974349662,410.79316499858805,410.79316499858805,1616.2453582486503,2027.0385232472383,1624.8978826646526,1654.8978826646526,3394.5876974349662,3584.5876974349662,550.0,1643.4260948305448,0.0,0,0,0,1
S1,continuous,E,111,52,1245.860360923571,2321.7207218471417,2356.8734471616744,3136.8734471616744,3169.603730875788,1075.8603609235706,1075.8603609235706,780.0,1855.8603609235706,2321.7207218471417,2351.7207218471417,3159.603730875788,3349.603730875788,400.0,1117.918633347658,0.0,0,0,0,1
S1,continuous,E,112,46,1255.0903304982035,2756.0298631313035,2877.8106616123555,3759.1923790440314,3821.7207218471412,1500.9395326331,1500.9395326331,881.381717431676,2382.321250064776,2756.0298631313035,2786.0298631313035,3811.7207218471412,4001.7207218471412,600.0,1975.0127751690416,0.0,0,0,0,1
S1,continuous,E,113,17,1283.3367126381504,2786.0298631313035,2907.8106616123555,3949.1923790440314,4011.7207218471412,1502.693150493153,1502.693150493153,1041.381717431676,2544.074867924829,2786.0298631313035,2816.0298631313035,4001.7207218471412,4191.720721847141,600.0,1975.0127751690416,0.0,0,0,0,1
S1,continuous,E,114,45,1302.2740088784838,1805.0903304982035,1902.1155888158223,3599.5488745182147,3654.8978826646526,502.8163216197197,502.8163216197197,1697.4332857023921,2200.249607322112,1805.0903304982035,1835.0903304982035,3644.8978826646526,3834.8978826646526,550.0,1262.873140114063,0.0,0,0,0,1
S1,continuous,E,115,62,1331.7207218471417,3584.5876974349662,3633.969659198525,3633.969659198525,3646.6999429126386,2252.8669755878245,2252.8669755878245,0.0,2252.8669755878245,3584.5876974349662,3614.5876974349662,3636.6999429126386,3826.6999429126386,300.0,599.4333652244882,0.0,0,0,0,0
S1,continuous,E,116,43,1377.8121811827343,3614.5876974349662,3663.969659198525,3823.969659198525,3836.6999429126386,2236.7755162522317,2236.7755162522317,160.0,2396.7755162522317,3614.5876974349662,3644.5876974349662,3826.6999429126386,4016.6999429126386,300.0,599.4333652244882,0.0,0,0,0,0
S1,continuous,E,117,1,1380.2468908110907,1654.8978826646526,1704.8375801884476,3035.196301842003,3107.812181182734,274.6509918535619,274.6509918535619,1330.3587216535552,1605.009713507117,1654.8978826646526,1684.8978826646526,3097.812181182734,3287.812181182734,500.0,895.8703959263073,0.0,0,0,0,1
S1,continuous,E,118,13,1404.1047176660645,3644.5876974349662,3692.239471052164,3692.239471052164,3713.216097472395,2240.4829797689017,2240.4829797689017,0.0,2240.4829797689017,3644.5876974349662,3674.5876974349662,3703.216097472395,3893.216097472395,300.0,525.3192023310239,0.0,0,0,0,0
S1,continuous,E,119,73,1435.860360923571,2139.653249567772,2203.6556183147236,3306.8734471616744,3359.603730875788,703.792888644201,703.792888644201,1103.2178288469509,1807.0107174911518,2139.653249567772,2169.653249567772,3349.603730875788,3539.603730875788,500.0,770.2507057864224,0.0,0,0,0,1
S1,continuous,E,120,32,1445.0903304982035,1946.2169631437368,2031.5716293692735,4139.192379044031,4201.720721847141,501.1266326455334,501.1266326455334,2107.620749674758,2608.7473823202913,1946.2169631437368,1976.2169631437368,4191.720721847141,4381.720721847141,600.0,1517.9186333476578,0.0,0,0,0,1
S1,continuous,E,121,12,1473.3367126381504,1835.0903304982035,1930.650023959795,3215.196301842003,3297.812181182734,361.75361786005305,361.75361786005305,1284.546277882208,1646.299895742261,1835.0903304982035,1865.0903304982035,3287.812181182734,3477.812181182734,550.0,1301.5031723503596,0.0,0,0,0,1
S1,continuous,E,122,48,1521.7207218471417,3565.8603609235706,3595.196301842003,3595.196301842003,3637.812181182734,2044.139639076429,2044.139639076429,0.0,2044.139639076429,3565.8603609235706,3595.8603609235706,3627.812181182734,3817.812181182734,350.0,706.2648846633376,0.0,0,0,0,1
S1,continuous,E,123,42,1522.2740088784838,1877.5491741877279,1926.2960819918237,3609.890148717399,3684.5876974349662,355.27516530924413,355.27516530924413,1683.594066725575,2038.869232034819,1877.5491741877279,1907.5491741877279,3674.5876974349662,3864.5876974349662,450.0,1443.4260948305448,0.0,0,0,0,1
S1,continuous,E,124,41,1567.8121811827343,3595.8603609235706,3626.189425820484,3626.189425820484,3675.090330498204,2028.0481797408363,2028.0481797408363,0.0,2028.0481797408363,3595.8603609235706,3625.8603609235706,3665.090330498204,3855.090330498204,350.0,803.8982765803223,0.0,0,0,0,1
S1,continuous,E,125,7,1625.860360923571,1976.2169631437368,2038.9136828834746,3582.1434327083953,3635.8603609235706,350.35660222016577,350.35660222016577,1543.2297498249209,1893.5863520450866,1976.2169631437368,2006.2169631437368,3625.8603609235706,3815.8603609235706,500.0,1196.6651280213996,0.0,0,0,0,1
S1,continuous,E,126,27,1663.3367126381504,3815.8603609235706,3849.5488745182142,3849.5488745182142,3864.8978826646526,2152.52364828542,2152.52364828542,0.0,2152.52364828542,3815.8603609235706,3845.8603609235706,3854.8978826646526,4044.8978826646526,350.0,860.1020404392933,0.0,0,0,0,1
S1,continuous,E,127,33,1697.5491741877279,2351.7207218471417,2389.48705611439,3775.196301842003,3827.812181182734,654.1715476594138,654.1715476594138,1385.709245727613,2039.8807933870269,2351.7207218471417,2381.7207218471417,3817.812181182734,4007.812181182734,400.0,1391.5872083284257,0.0,0,0,0,1
S1,continuous,E,128,55,1736.2169631437368,2063.196906156478,2158.7099475159357,3792.1434327083953,3855.8603609235706,326.97994301274093,326.97994301274093,1633.4334851924596,1960.4134282052005,2063.196906156478,2093.196906156478,3845.8603609235706,4035.8603609235706,550.0,1203.8982765803223,0.0,0,0,0,1
S1,continuous,E,129,22,1741.7207218471417,2855.090330498204,2959.590021706608,3138.6766231475403,3219.6532495677716,1113.3696086510622,1113.3696086510622,179.08660144093255,1292.4562100919948,2855.090330498204,2885.090330498204,3209.6532495677716,3399.6532495677716,600.0,1272.6400908686771,0.0,0,0,0,1
S1,continuous,E,130,56,1757.8121811827343,2885.090330498204,2989.48497027105,3769.890148717399,3874.5876974349662,1127.2781493154696,1127.2781493154696,780.405178446349,1907.6833277618186,2885.090330498204,2915.090330498204,3864.5876974349662,4054.5876974349662,600.0,1384.2412733181616,0.0,0,0,0,1
S1,continuous,E,131,19,1845.860360923571,2550.639200232852,2627.0293358154527,4329.192379044031,4391.720721847141,704.778839309281,584.778839309281,1702.1630432285788,2286.94188253786,2550.639200232852,2580.639200232852,4381.720721847141,4571.720721847141,600.0,1375.461917158591,0.0,0,0,0,1
S1,continuous,E,132,57,1883.1969061564778,3477.812181182734,3575.018749900822,3989.5488745182142,4054.8978826646526,1594.6152750262563,1594.6152750262563,414.5301246173922,2009.1453996436485,3477.812181182734,3507.812181182734,4044.8978826646526,4234.897882664653,600.0,1095.8703959263073,0.0,0,0,0,1
S1,continuous,E,133,2,1894.5876974349667,4054.5876974349662,4122.6831458101915,4229.548874518215,4244.897882664653,2159.9999999999995,2159.9999999999995,106.8657287080232,2266.8657287080227,4054.5876974349662,4084.5876974349662,4234.897882664653,4424.897882664653,350.0,1243.4260948305448,0.0,0,0,0,1
S1,continuous,E,134,16,1959.6532495677718,2580.639200232852,2618.3767186532173,3368.6766231475403,3409.6532495677716,620.9859506650803,620.9859506650803,750.2999044943231,1371.2858551594034,2580.639200232852,2610.639200232852,3399.6532495677716,3589.6532495677716,400.0,1157.5288577618476,0.0,0,0,0,1
S1,continuous,E,135,71,1990.6392002328523,3507.812181182734,3562.4987351029035,4039.890148717399,4094.5876974349662,1517.1729809498818,1517.1729809498818,477.3914136144954,1994.5643945643772,3507.812181182734,3537.812181182734,4084.5876974349662,4274.587697434967,350.0,1291.278778920713,0.0,0,0,0,1
S1,continuous,E,136,34,2021.7207218471417,3539.603730875788,3597.018427635893,4199.890148717399,4284.587697434967,1517.8830090286465,1517.8830090286465,602.8717210815062,2120.7547301101527,3539.603730875788,3569.603730875788,4274.587697434967,4464.587697434967,500.0,999.4333652244882,0.0,0,0,0,1
S1,continuous,E,137,4,2029.6037308757882,3569.603730875788,3621.696961457087,4399.548874518215,4434.897882664653,1540.0,1540.0,777.8519130611276,2317.8519130611276,3569.603730875788,3599.603730875788,4424.897882664653,4614.897882664653,450.0,1014.5929171151033,0.0,0,0,0,1
S1,continuous,E,138,53,2065.8603609235706,4035.8603609235706,4109.890148717399,4379.890148717399,4474.587697434967,1970.0,1970.0,270.0,2240.0,4035.8603609235706,4065.8603609235706,4464.587697434967,4654.587697434967,550.0,1479.5963565739237,0.0,0,0,0,1
S1,continuous,E,139,25,2084.5876974349667,3599.603730875788,3651.6886294747046,3955.196301842003,4017.812181182734,1515.0160334408215,1515.0160334408215,303.50767236729826,1818.5237058081198,3599.603730875788,3629.603730875788,4007.812181182734,4197.812181182734,450.0,1150.3718075943896,0.0,0,0,0,1
S1,continuous,E,140,35,2097.812181182734,4654.587697434967,4716.368495916019,4716.368495916019,4718.896838719129,2556.7755162522326,2556.7755162522326,0.0,2556.7755162522326,4654.587697434967,4684.587697434967,4716.368495916019,4906.368495916019,300.0,1375.0127751690416,0.0,0,0,0,0
S1,continuous,E,141,65,2105.090330498204,3589.6532495677716,3642.353599343918,4042.1434327083953,4075.8603609235706,1484.5629190695677,1304.5629190695677,399.7898333644771,1704.3527524340448,3589.6532495677716,3619.6532495677716,4065.8603609235706,4255.860360923571,400.0,1155.049330238065,0.0,0,0,0,1
S1,continuous,E,142,20,2180.639200232852,4016.6999429126386,4032.4559689534726,4032.4559689534726,4053.432595373704,1836.0607426797865,1836.0607426797865,0.0,1836.0607426797865,4016.6999429126386,4046.6999429126386,4043.432595373704,4233.432595373704,300.0,370.2507057864224,0.0,0,0,0,0
S1,continuous,E,143,70,2219.603730875788,4571.720721847141,4599.487056114389,4599.487056114389,4642.10293545512,2352.116990971353,2112.116990971353,0.0,2112.116990971353,4571.720721847141,4601.720721847141,4632.10293545512,4822.10293545512,350.0,1291.5872083284257,0.0,0,0,0,1
S1,continuous,E,144,66,2255.8603609235706,2915.090330498204,2989.590021706608,4192.455968953473,4243.432595373704,659.2299695746333,659.2299695746333,1202.8659472468653,1862.0959168214986,2915.090330498204,2945.090330498204,4233.432595373704,4423.432595373704,450.0,972.6400908686771,0.0,0,0,0,1
S1,continuous,E,145,68,2269.6532495677716,4684.587697434967,4733.969659198526,4733.969659198526,4746.699942912639,2414.934447867195,2414.934447867195,0.0,2414.934447867195,4684.587697434967,4714.587697434967,4736.699942912639,4926.699942912639,300.0,599.4333652244882,0.0,0,0,0,0
S1,continuous,E,146,58,2287.812181182734,2945.090330498204,3058.432879044554,4853.840153112909,4916.368495916019,657.2781493154698,657.2781493154698,1795.4072740683555,2452.6854233838253,2945.090330498204,2975.090330498204,4906.368495916019,5096.368495916019,600.0,1769.9224953128196,0.0,0,0,0,1
S1,continuous,E,147,49,2295.090330498204,3537.812181182734,3642.4987351029035,4619.890148717399,4724.587697434967,1242.7218506845302,1242.7218506845302,977.3914136144958,2220.113264299026,3537.812181182734,3567.812181182734,4714.587697434967,4904.587697434967,600.0,1791.278778920713,0.0,0,0,0,1
S1,continuous,E,148,11,2326.0298631313035,4601.720721847141,4625.290192086414,4625.290192086414,4640.639200232852,2275.6908587158377,2095.6908587158377,0.0,2095.6908587158377,4601.720721847141,4631.720721847141,4630.639200232852,4820.639200232852,350.0,875.4619171585908,0.0,0,0,0,1
S1,continuous,E,149,30,2370.639200232852,2975.090330498204,3080.6500239597954,4115.196301842003,4207.812181182734,604.4511302653518,604.4511302653518,1034.5462778822075,1638.9974081475593,2975.090330498204,3005.090330498204,4197.812181182734,4387.812181182734,600.0,1401.5031723503596,0.0,0,0,0,1
S1,continuous,E,150,47,2409.603730875788,3619.6532495677716,3703.584100887633,4809.890148717399,4914.587697434967,1210.0495186919834,1210.0495186919834,1106.3060478297662,2316.3555665217496,3619.6532495677716,3649.6532495677716,4904.587697434967,5094.587697434967,600.0,1125.319202331024,0.0,0,0,0,1
S1,continuous,E,151,14,2459.6532495677716,3649.6532495677716,3742.353599343918,4192.143432708395,4265.860360923571,1190.0,1190.0,449.7898333644771,1639.789833364477,3649.6532495677716,3679.6532495677716,4255.860360923571,4445.860360923571,600.0,1555.049330238065,0.0,0,0,0,1
S1,continuous,E,152,51,2475.8603609235706,5094.587697434967,5161.355920731973,5161.355920731973,5203.971800072704,2618.727336511396,2618.727336511396,0.0,2618.727336511396,5094.587697434967,5124.587697434967,5193.971800072704,5383.971800072704,350.0,1291.278778920713,0.0,0,0,0,1
S1,continuous,E,153,28,2485.090330498204,3567.812181182734,3617.0868493073367,3816.189425820484,3865.090330498204,1082.7218506845302,1082.7218506845302,199.10257651314714,1281.8244271976773,3567.812181182734,3597.812181182734,3855.090330498204,4045.090330498204,350.0,901.5031723503597,0.0,0,0,0,1
S1,continuous,E,154,3,2491.7207218471412,4631.720721847141,4648.676623147539,4648.676623147539,4669.653249567771,2140.0,2140.0,0.0,2140.0,4631.720721847141,4661.720721847141,4659.653249567771,4849.653249567771,300.0,1079.3620792692923,0.0,0,0,0,0
S1,continuous,E,155,5,2507.812181182734,3597.812181182734,3649.782675408268,4033.969659198525,4056.6999429126386,1090.0,1090.0,384.1869837902568,1474.1869837902568,3597.812181182734,3627.812181182734,4046.6999429126386,4236.699942912639,350.0,950.3718075943896,0.0,0,0,0,1
S1,continuous,E,156,10,2516.029863131303,4445.860360923571,4481.301012494661,4828.676623147539,4859.653249567771,1929.8304977922676,1929.8304977922676,347.3756106528781,2277.2061084451457,4445.860360923571,4475.860360923571,4849.653249567771,5039.653249567771,350.0,1055.049330238065,0.0,0,0,0,1
S1,continuous,E,157,39,2599.603730875788,4820.639200232852,4838.376718653218,5028.676623147539,5049.653249567771,2221.035469357064,2101.035469357064,190.2999044943217,2291.3353738513856,4820.639200232852,4850.639200232852,5039.653249567771,5229.653249567771,300.0,957.5288577618476,0.0,0,0,0,0
S1,continuous,E,158,24,2649.6532495677716,4236.699942912639,4268.784841511555,4355.196301842003,4397.812181182734,1587.0466933448674,1587.0466933448674,86.41146033044788,1673.4581536753153,4236.699942912639,4266.699942912639,4387.812181182734,4577.812181182734,350.0,950.3718075943896,0.0,0,0,0,1
S1,continuous,E,159,74,2675.090330498204,3893.216097472395,3955.9164472485418,4442.143432708395,4485.860360923571,1218.1257669741913,1218.1257669741913,486.2269854598535,1704.3527524340448,3893.216097472395,3923.216097472395,4475.860360923571,4665.860360923571,450.0,1255.049330238065,0.0,0,0,0,1
S1,continuous,E,160,44,2681.7207218471412,4850.639200232852,4875.959793758759,4875.959793758759,4899.676721973934,2168.918478385711,2168.918478385711,0.0,2168.918478385711,4850.639200232852,4880.639200232852,4889.676721973934,5079.676721973934,350.0,860.1020404392933,0.0,0,0,0,1
S1,continuous,E,161,69,2697.812181182734,4665.860360923571,4695.196301842003,4789.487056114389,4832.10293545512,1968.0481797408365,1968.0481797408365,94.29075427238604,2062.3389340132226,4665.860360923571,4695.860360923571,4822.10293545512,5012.10293545512,350.0,706.2648846633376,0.0,0,0,0,1
S1,continuous,E,162,0,2704.8978826646526,5124.587697434967,5189.598105731187,5189.598105731187,5213.315033946363,2419.689814770314,2419.689814770314,0.0,2419.689814770314,5124.587697434967,5154.587697434967,5203.315033946363,5393.315033946363,350.0,1079.5963565739237,0.0,0,0,0,1
S1,continuous,E,163,40,2785.8603609235706,4266.699942912639,4282.455968953473,4412.455968953473,4433.432595373704,1480.8395819890684,1480.8395819890684,130.0,1610.8395819890684,4266.699942912639,4296.699942912639,4423.432595373704,4613.432595373704,300.0,370.2507057864224,0.0,0,0,0,0
S1,continuous,E,164,54,2789.603730875788,4577.812181182734,4662.498735102904,5079.890148717399,5164.587697434967,1788.208450306946,1788.208450306946,417.3914136144949,2205.599863921441,4577.812181182734,4607.812181182734,5154.587697434967,5344.587697434967,500.0,1591.278778920713,0.0,0,0,0,1
S1,continuous,E,165,29,2834.5876974349662,3923.216097472395,4015.9164472485418,4632.143432708395,4705.860360923571,1088.628400037429,1088.628400037429,616.2269854598535,1704.8553854972824,3923.216097472395,3953.216097472395,4695.860360923571,4885.860360923571,600.0,1555.049330238065,0.0,0,0,0,1
S1,continuous,E,166,37,2839.6532495677716,3953.216097472395,4015.9164472485418,5359.598105731187,5403.315033946363,1113.5628479046236,1113.5628479046236,1343.6816584826456,2457.244506387269,3953.216097472395,3983.216097472395,5393.315033946363,5583.315033946363,450.0,1255.049330238065,0.0,0,0,0,1
S1,continuous,E,167,26,2871.7207218471412,5079.676721973934,5115.117373545025,5208.676623147539,5239.653249567771,2207.956000126793,2207.956000126793,93.55924960251468,2301.5152497293075,5079.676721973934,5109.676721973934,5229.653249567771,5419.653249567771,350.0,1055.049330238065,0.0,0,0,0,1
S1,continuous,E,168,15,2894.8978826646526,5344.587697434967,5411.355920731973,5411.355920731973,5453.971800072704,2449.689814770314,2449.689814770314,0.0,2449.689814770314,5344.587697434967,5374.587697434967,5443.971800072704,5633.971800072704,350.0,1291.278778920713,0.0,0,0,0,1
S1,continuous,E,169,67,2917.812181182734,3037.812181182734,3142.311872391138,5348.676623147539,5429.653249567771,120.0,0.0,2206.364750756402,2206.364750756402,3037.812181182734,3067.812181182734,5419.653249567771,5609.653249567771,600.0,1272.6400908686771,0.0,0,0,0,1
S1,continuous,E,170,38,2975.8603609235706,4880.639200232852,4910.578897756647,5591.355920731973,5643.971800072704,1904.7788393092815,1904.7788393092815,680.777022975326,2585.5558622846074,4880.639200232852,4910.639200232852,5633.971800072704,5823.971800072704,400.0,695.8703959263073,0.0,0,0,0,1
S1,continuous,E,171,50,2979.603730875788,3983.216097472395,4056.5812341665537,4875.290192086413,4920.639200232851,1003.612366596607,1003.612366596607,818.70895791986,1822.321324516467,3983.216097472395,4013.216097472395,4910.639200232852,5100.639200232852,500.0,1357.5288577618476,0.0,0,0,0,1
S1,continuous,E,172,61,3024.5876974349662,4013.216097472395,4096.581234166554,5055.290192086414,5110.639200232852,988.628400037429,988.628400037429,958.70895791986,1947.337357957289,4013.216097472395,4043.216097472395,5100.639200232852,5290.639200232852,550.0,1457.5288577618476,0.0,0,0,0,1
S1,continuous,E,173,36,3029.6532495677716,5012.10293545512,5069.956806259989,5093.840153112909,5106.368495916019,1982.4496858873486,1982.4496858873486,23.883346852920113,2006.3330327402687,5012.10293545512,5042.10293545512,5096.368495916019,5286.368495916019,350.0,1291.5872083284257,0.0,0,0,0,1
S1,continuous,E,174,64,3061.7207218471412,5042.10293545512,5094.073429680654,5094.073429680654,5116.803713394767,1980.3822136079789,1980.3822136079789,0.0,1980.3822136079789,5042.10293545512,5072.10293545512,5106.803713394767,5296.803713394767,350.0,950.3718075943896,0.0,0,0,0,1
S1,continuous,E,175,60,3084.8978826646526,5290.639200232852,5330.578897756647,5771.355920731973,5833.971800072704,2205.7413175681995,2205.7413175681995,440.77702297532596,2646.5183405435255,5290.639200232852,5320.639200232852,5823.971800072704,6013.971800072704,450.0,795.8703959263073,0.0,0,0,0,1
S1,continuous,E,176,1,3107.812181182734,4661.720721847141,4678.690708518881,4678.690708518881,4717.591613196601,1553.9085406644072,1553.9085406644072,0.0,1553.9085406644072,4661.720721847141,4691.720721847141,4707.591613196601,4897.591613196601,300.0,1169.9224953128194,0.0,0,0,0,0
S1,continuous,E,177,52,3169.603730875788,5374.587697434967,5423.969659198526,5423.969659198526,5436.699942912639,2204.9839665591785,2204.9839665591785,0.0,2204.9839665591785,5374.587697434967,5404.587697434967,5426.699942912639,5616.699942912639,300.0,599.4333652244882,0.0,0,0,0,0
S1,continuous,E,178,59,3195.8603609235706,5109.676721973934,5153.706509767762,5349.890148717399,5414.587697434967,1913.8163610503634,1913.8163610503634,196.1836389496366,2110.0,5109.676721973934,5139.676721973934,5404.587697434967,5594.587697434967,400.0,1179.5963565739237,0.0,0,0,0,1
S1,continuous,E,179,63,3214.5876974349662,5139.676721973934,5170.005786870847,5170.005786870847,5218.906691548567,1925.0890245389678,1925.0890245389678,0.0,1925.0890245389678,5139.676721973934,5169.676721973934,5208.906691548567,5398.906691548567,350.0,803.8982765803223,0.0,0,0,0,1
S1,continuous,E,180,22,3219.6532495677716,5286.368495916019,5311.521221230552,5603.969659198526,5626.699942912639,2066.7152463482475,2066.7152463482475,292.4484379679734,2359.163684316221,5286.368495916019,5316.368495916019,5616.699942912639,5806.699942912639,350.0,1017.918633347658,0.0,0,0,0,1
S1,continuous,E,181,8,3235.090330498204,5072.10293545512,5129.956806259989,5313.840153112909,5326.368495916019,1837.0126049569162,1837.0126049569162,183.8833468529201,2020.8959518098363,5072.10293545512,5102.10293545512,5316.368495916019,5506.368495916019,350.0,1291.5872083284257,0.0,0,0,0,1
S1,continuous,E,182,6,3251.7207218471412,4613.432595373704,4678.836780291224,5483.840153112909,5516.368495916019,1361.711873526563,1361.711873526563,805.0033728216849,2166.715246348248,4613.432595373704,4643.432595373704,5506.368495916019,5696.368495916019,450.0,1379.3620792692923,0.0,0,0,0,1
S1,continuous,E,183,21,3274.8978826646526,3574.8978826646526,3670.457576126244,5941.355920731973,6023.971800072704,300.0,0.0,2270.898344605729,2270.898344605729,3574.8978826646526,3604.8978826646526,6013.971800072704,6203.971800072704,550.0,1301.5031723503596,0.0,0,0,0,1
S1,continuous,E,184,12,3297.812181182734,5609.653249567771,5702.745802443116,6121.355920731973,6213.971800072704,2311.841068385037,2311.841068385037,418.61011828885694,2730.451186673894,5609.653249567771,5639.653249567771,6203.971800072704,6393.971800072704,600.0,1675.6909591456986,0.0,0,0,0,1
S1,continuous,E,185,73,3359.603730875788,5696.368495916019,5721.521221230552,5793.969659198526,5816.699942912639,2336.764765040231,2336.764765040231,72.4484379679734,2409.2132030082043,5696.368495916019,5726.368495916019,5806.699942912639,5996.699942912639,350.0,1017.918633347658,0.0,0,0,0,1
S1,continuous,E,186,23,3385.8603609235706,4296.699942912639,4359.396662652377,5539.598105731187,5593.315033946363,910.8395819890684,910.8395819890684,1180.2014430788104,2091.0410250678788,4296.699942912639,4326.699942912639,5583.315033946363,5773.315033946363,500.0,1196.6651280213996,0.0,0,0,0,1
S1,continuous,E,187,18,3404.5876974349662,5639.653249567771,5663.655618314723,5993.969659198526,6006.699942912639,2235.065552132805,2235.065552132805,330.3140408838026,2565.3795930166075,5639.653249567771,5669.653249567771,5996.699942912639,6186.699942912639,300.0,370.2507057864224,0.0,0,0,0,0
S1,continuous,E,188,16,3409.6532495677716,5169.676721973934,5203.365235568578,5315.290192086414,5330.639200232852,1760.0234724061625,1760.0234724061625,111.92495651783611,1871.9484289239986,5169.676721973934,5199.676721973934,5320.639200232852,5510.639200232852,350.0,860.1020404392933,0.0,0,0,0,1
S1,continuous,E,189,31,3441.7207218471412,5726.368495916019,5743.324397216417,5743.324397216417,5764.301023636649,2284.647774068878,2284.647774068878,0.0,2284.647774068878,5726.368495916019,5756.368495916019,5754.301023636649,5944.301023636649,300.0,1079.3620792692923,0.0,0,0,0,0
S1,continuous,E,190,9,3464.8978826646526,5102.10293545512,5166.834741250965,5913.324397216417,5954.301023636649,1637.2050527904676,1637.2050527904676,746.4896559654526,2383.69470875592,5102.10293545512,5132.10293545512,5944.301023636649,6134.301023636649,400.0,1275.6909591456986,0.0,0,0,0,1
S1,continuous,E,191,72,3631.7207218471412,4045.090330498204,4149.48497027105,5499.890148717399,5604.587697434967,413.36960865106266,353.36960865106266,1350.405178446349,1703.7747870974117,4045.090330498204,4075.090330498204,5594.587697434967,5784.587697434967,600.0,1384.2412733181616,0.0,0,0,0,1
S1,continuous,E,192,7,3635.8603609235706,5669.653249567771,5703.018386261931,5703.018386261931,5708.367394408368,2033.7928886442005,2033.7928886442005,0.0,2033.7928886442005,5669.653249567771,5699.653249567771,5703.018386261931,5893.018386261931,300.0,957.5288577618476,0.0,0,0,0,0
S1,continuous,E,193,48,3637.812181182734,5132.10293545512,5219.956806259989,5723.840153112909,5766.368495916019,1494.290754272386,1494.290754272386,503.8833468529201,1998.1741011253062,5132.10293545512,5162.10293545512,5756.368495916019,5946.368495916019,500.0,1591.5872083284257,0.0,0,0,0,1
S1,continuous,E,194,62,3646.6999429126386,5946.368495916019,5969.937966155292,5969.937966155292,5985.28697430173,2299.6685530033806,2299.6685530033806,0.0,2299.6685530033806,5946.368495916019,5976.368495916019,5975.28697430173,6165.28697430173,350.0,875.4619171585908,0.0,0,0,0,1
S1,continuous,E,195,45,3654.8978826646526,4075.090330498204,4182.115588815823,5455.290192086414,5520.639200232852,420.19244783355134,420.19244783355134,1273.1746032705914,1693.3670511041428,4075.090330498204,4105.090330498204,5510.639200232852,5700.639200232852,600.0,1362.873140114063,0.0,0,0,0,1
S1,continuous,E,196,41,3675.090330498204,5976.368495916019,5993.324397216417,6123.324397216417,6144.301023636649,2301.278165417815,2301.278165417815,130.0,2431.278165417815,5976.368495916019,6006.368495916019,6134.301023636649,6324.301023636649,300.0,1079.3620792692923,0.0,0,0,0,0
S1,continuous,E,197,42,3684.5876974349662,4105.090330498204,4189.590021706607,6273.324397216417,6334.301023636649,420.5026330632377,420.5026330632377,2083.73437550981,2504.2370085730477,4105.090330498204,4135.090330498204,6324.301023636649,6514.301023636649,500.0,1072.6400908686771,0.0,0,0,0,1
S1,continuous,E,198,13,3713.216097472395,4135.090330498204,4238.432879044554,5963.840153112909,6016.368495916019,421.87423302580873,421.87423302580873,1725.407274068355,2147.2815070941638,4135.090330498204,4165.090330498204,6006.368495916019,6196.368495916019,550.0,1669.9224953128196,0.0,0,0,0,1
S1,continuous,E,199,46,3821.7207218471412,5162.10293545512,5239.309504173209,6129.937966155292,6175.28697430173,1340.3822136079789,1340.3822136079789,890.6284619820835,2231.0106755900624,5162.10293545512,5192.10293545512,6165.28697430173,6355.28697430173,500.0,895.8703959263073,0.0,0,0,0,1
S1,continuous,E,200,33,3827.812181182734,4326.699942912639,4392.455968953473,6453.324397216417,6524.301023636649,498.8877617299049,498.8877617299049,2060.8684282629447,2559.7561899928496,4326.699942912639,4356.699942912639,6514.301023636649,6704.301023636649,550.0,870.2507057864223,0.0,0,0,0,1
S1,continuous,E,201,43,3836.6999429126386,4165.090330498204,4269.48497027105,5689.890148717399,5794.587697434967,328.39038758556535,328.39038758556535,1420.405178446349,1748.7955660319144,4165.090330498204,4195.090330498204,5784.587697434967,5974.587697434967,600.0,1384.2412733181616,0.0,0,0,0,1
S1,continuous,E,202,55,3855.8603609235706,5773.315033946363,5806.998398187163,6173.969659198526,6196.699942912639,1917.4546730227921,1917.4546730227921,366.9712610113629,2284.425934034155,5773.315033946363,5803.315033946363,6186.699942912639,6376.699942912639,350.0,896.6651280213996,0.0,0,0,0,1
S1,continuous,E,203,27,3864.8978826646526,5699.653249567771,5745.057434485291,6193.840153112909,6206.368495916019,1834.7553669031186,1834.7553669031186,448.7827186276181,2283.5380855307367,5699.653249567771,5729.653249567771,6196.368495916019,6386.368495916019,350.0,1179.3620792692923,0.0,0,0,0,1
S1,continuous,E,204,28,3865.090330498204,4195.090330498204,4299.590021706607,6633.324397216417,6714.301023636649,330.0,330.0,2333.73437550981,2663.73437550981,4195.090330498204,4225.090330498204,6704.301023636649,6894.301023636649,600.0,1272.6400908686771,0.0,0,0,0,1
S1,continuous,E,205,56,3874.5876974349662,5893.018386261931,5932.958083785726,6341.355920731973,6403.971800072704,2018.4306888269643,2018.4306888269643,408.3978369462475,2426.828525773212,5893.018386261931,5923.018386261931,6393.971800072704,6583.971800072704,450.0,795.8703959263073,0.0,0,0,0,1
S1,continuous,E,206,17,4011.7207218471412,4356.699942912639,4432.455968953473,6823.324397216417,6904.301023636649,344.97922106549777,344.97922106549777,2390.8684282629447,2735.8476493284425,4356.699942912639,4386.699942912639,6894.301023636649,7084.301023636649,600.0,970.2507057864223,0.0,0,0,0,1
S1,continuous,E,207,25,4017.812181182734,6386.368495916019,6409.937966155292,6409.937966155292,6425.28697430173,2368.556314733285,2368.556314733285,0.0,2368.556314733285,6386.368495916019,6416.368495916019,6415.28697430173,6605.28697430173,350.0,875.4619171585908,0.0,0,0,0,1
S1,continuous,E,208,20,4053.432595373704,6416.368495916019,6448.511928624414,6448.511928624414,6472.22885683959,2362.9359005423153,2362.9359005423153,0.0,2362.9359005423153,6416.368495916019,6446.368495916019,6462.22885683959,6652.22885683959,350.0,1488.8990154438002,0.0,0,0,0,1
S1,continuous,E,209,57,4054.8978826646526,4225.090330498204,4338.432879044554,6393.840153112909,6456.368495916019,170.19244783355134,170.19244783355134,2055.407274068355,2225.5997219019064,4225.090330498204,4255.090330498204,6446.368495916019,6636.368495916019,600.0,1769.9224953128196,0.0,0,0,0,1
S1,continuous,E,210,5,4056.6999429126386,5383.971800072704,5423.246471134051,5423.246471134051,5462.147375811771,1327.2718571600658,1327.2718571600658,0.0,1327.2718571600658,5383.971800072704,5413.971800072704,5452.147375811771,5642.147375811771,300.0,801.5033681332343,0.00019578287464128152,1,1,1,0
S1,continuous,E,211,65,4075.8603609235706,4386.699942912639,4468.7931734939375,6549.937966155292,6615.28697430173,310.8395819890684,310.8395819890684,2081.1447926613546,2391.984374650423,4386.699942912639,4416.699942912639,6605.28697430173,6795.28697430173,600.0,1314.5929171151033,0.0,0,0,0,1
S1,continuous,E,212,71,4094.5876974349662,4416.699942912639,4492.455968953473,7013.324397216417,7094.301023636649,322.1122454776728,322.1122454776728,2520.8684282629447,2842.9806737406175,4416.699942912639,4446.699942912639,7084.301023636649,7274.301023636649,600.0,970.2507057864223,0.0,0,0,0,1
S1,continuous,E,213,32,4201.720721847141,5974.587697434967,6066.368495916019,6613.840153112909,6646.368495916019,1772.8669755878254,1772.8669755878254,547.4716571968902,2320.3386327847156,5974.587697434967,6004.587697434967,6636.368495916019,6826.368495916019,450.0,1675.0127751690416,0.0,0,0,0,1
S1,continuous,E,214,30,4207.812181182734,5803.315033946363,5877.003547541007,6749.937966155292,6805.28697430173,1595.5028527636287,1595.5028527636287,872.9344186142853,2468.437271377914,5803.315033946363,5833.315033946363,6795.28697430173,6985.28697430173,550.0,1260.1020404392934,0.0,0,0,0,1
S1,continuous,E,215,66,4243.432595373704,7274.301023636649,7298.231874956511,7298.231874956511,7342.929423674079,3030.8684282629447,3030.8684282629447,0.0,3030.8684282629447,7274.301023636649,7304.301023636649,7332.929423674079,7522.929423674079,300.0,525.3192023310239,0.0,0,0,0,0
S1,continuous,E,216,2,4244.897882664653,4446.699942912639,4522.455968953473,7233.324397216417,7314.301023636649,201.80206024798645,201.80206024798645,2710.8684282629447,2912.670488510931,4446.699942912639,4476.699942912639,7304.301023636649,7494.301023636649,600.0,970.2507057864223,0.0,0,0,0,1
S1,continuous,E,217,14,4265.860360923571,6826.368495916019,6854.134830183267,6854.134830183267,6896.750709523998,2560.5081349924485,2560.5081349924485,0.0,2560.5081349924485,6826.368495916019,6856.368495916019,6886.750709523998,7076.750709523998,350.0,1291.5872083284257,0.0,0,0,0,1
S1,continuous,E,218,34,4284.587697434967,6004.587697434967,6054.77898124766,6054.77898124766,6093.67988592538,1720.0,1720.0,0.0,1720.0,6004.587697434967,6034.587697434967,6083.67988592538,6273.67988592538,300.0,784.2412733181616,0.0,0,0,0,0
S1,continuous,E,219,19,4391.720721847141,7494.301023636649,7529.705208554169,7529.705208554169,7532.233551357279,3102.5803017895078,3102.5803017895078,0.0,3102.5803017895078,7494.301023636649,7524.301023636649,7529.705208554169,7719.705208554169,300.0,1079.3620792692923,0.0,0,0,0,0
S1,continuous,E,220,24,4397.812181182734,4637.812181182734,4712.3118723911375,7483.324397216417,7534.301023636649,240.0,0.0,2771.01252482528,2771.01252482528,4637.812181182734,4667.812181182734,7524.301023636649,7714.301023636649,450.0,972.6400908686771,0.0,0,0,0,1
S1,continuous,E,221,40,4433.432595373704,5413.971800072704,5468.658353992874,5989.890148717399,6044.587697434967,980.539204699,980.539204699,521.2317947245247,1501.7709994235247,5413.971800072704,5443.971800072704,6034.587697434967,6224.587697434967,350.0,1291.278778920713,0.0,0,0,0,1
S1,continuous,E,222,4,4434.897882664653,5923.018386261931,5957.730341275554,6353.969659198526,6386.699942912639,1488.120503597278,1488.120503597278,396.2393179229721,1884.35982152025,5923.018386261931,5953.018386261931,6376.699942912639,6566.699942912639,400.0,914.5929171151033,0.0,0,0,0,1
S1,continuous,E,223,53,4474.587697434967,4476.699942912639,4558.784841511555,6501.355920731973,6593.971800072704,2.1122454776723316,2.1122454776723316,1942.5710792204181,1944.6833246980905,4476.699942912639,4506.699942912639,6583.971800072704,6773.971800072704,600.0,1450.3718075943896,0.0,0,0,0,1
S1,continuous,E,224,74,4485.860360923571,6773.971800072704,6823.246468197307,6823.246468197307,6872.147372875027,2288.1114391491337,2288.1114391491337,0.0,2288.1114391491337,6773.971800072704,6803.971800072704,6862.147372875027,7052.147372875027,350.0,901.5031723503597,0.0,0,0,0,1
S1,continuous,E,225,11,4640.639200232852,6856.368495916019,6903.324397216417,7673.324397216417,7724.301023636649,2215.729295683167,2215.729295683167,770.0,2985.729295683167,6856.368495916019,6886.368495916019,7714.301023636649,7904.301023636649,450.0,1379.3620792692923,0.0,0,0,0,1
S1,continuous,E,226,70,4642.10293545512,4667.812181182734,4772.3118723911375,7833.324397216417,7914.301023636649,25.70924572761396,25.70924572761396,3061.01252482528,3086.7217705528938,4667.812181182734,4697.812181182734,7904.301023636649,8094.301023636649,600.0,1272.6400908686771,0.0,0,0,0,1
S1,continuous,E,227,3,4669.653249567771,4669.653249567771,4751.738148166687,6994.134830183267,7086.750709523998,0.0,0.0,2242.3966820165797,2242.3966820165797,4669.653249567771,4699.653249567771,7076.750709523998,7266.750709523998,600.0,1450.3718075943896,0.0,0,0,0,1
S1,continuous,E,228,29,4705.860360923571,6803.971800072704,6852.2066921166925,6852.2066921166925,6875.923620331868,2098.1114391491337,2098.1114391491337,0.0,2098.1114391491337,6803.971800072704,6833.971800072704,6865.923620331868,7055.923620331868,350.0,706.2648846633377,0.0,0,0,0,1
S1,continuous,E,229,1,4717.591613196601,5833.315033946363,5888.7556855174535,8053.324397216417,8104.301023636649,1115.7234207497613,1115.7234207497613,2164.568711698964,3280.292132448725,5833.315033946363,5863.315033946363,8094.301023636649,8284.30102363665,450.0,1255.049330238065,0.0,0,0,0,1
S1,continuous,E,230,35,4718.896838719129,4926.699942912639,5002.455968953473,8213.324397216418,8294.30102363665,207.80310419351008,207.80310419351008,3210.8684282629456,3418.6715324564557,4926.699942912639,4956.699942912639,8284.30102363665,8474.30102363665,600.0,970.2507057864223,0.0,0,0,0,1
S1,continuous,E,231,49,4724.587697434967,6886.368495916019,6914.134830183267,7234.134830183267,7276.750709523998,2161.7807984810524,2161.7807984810524,320.0,2481.7807984810524,6886.368495916019,6916.368495916019,7266.750709523998,7456.750709523998,350.0,1291.5872083284257,0.0,0,0,0,1
S1,continuous,E,232,68,4746.699942912639,6355.28697430173,6401.677109884331,6893.840153112909,6926.368495916019,1608.587031389091,1608.587031389091,492.1630432285783,2100.7500746176693,6355.28697430173,6385.28697430173,6916.368495916019,7106.368495916019,450.0,1075.461917158591,0.0,0,0,0,1
S1,continuous,E,233,69,4832.10293545512,5863.315033946363,5893.644098843276,6234.77898124766,6283.67988592538,1031.2120984912426,1031.2120984912426,341.13488240438437,1372.346980895627,5863.315033946363,5893.315033946363,6273.67988592538,6463.67988592538,350.0,803.8982765803223,0.0,0,0,0,1
S1,continuous,E,234,10,4859.653249567771,4897.591613196601,4993.104654556059,5839.598105731187,5903.315033946363,37.9383636288303,37.9383636288303,846.493451175128,884.4318148039583,4897.591613196601,4927.591613196601,5893.315033946363,6083.315033946363,550.0,1203.8982765803223,0.0,0,0,0,1
S1,continuous,E,235,44,4899.676721973934,4956.699942912639,5039.396662652377,6019.598105731187,6093.315033946363,57.02322093870498,57.02322093870498,980.2014430788104,1037.2246640175154,4956.699942912639,4986.699942912639,6083.315033946363,6273.315033946363,600.0,1396.6651280213996,0.0,0,0,0,1
S1,continuous,E,236,47,4914.587697434967,8474.30102363665,8507.66616033081,8507.66616033081,8513.015168477248,3559.7133262016832,3559.7133262016832,0.0,3559.7133262016832,8474.30102363665,8504.30102363665,8507.66616033081,8697.66616033081,300.0,957.5288577618476,0.0,0,0,0,0
S1,continuous,E,237,58,4916.368495916019,6385.28697430173,6433.024492722096,8463.324397216418,8514.30102363665,1468.9184783857108,1468.9184783857108,2030.2999044943226,3499.2183828800335,6385.28697430173,6415.28697430173,8504.30102363665,8694.30102363665,450.0,1257.5288577618476,0.0,0,0,0,1
S1,continuous,E,238,50,4920.639200232851,8694.30102363665,8718.231874956513,8718.231874956513,8762.92942367408,3773.6618234037987,3773.6618234037987,0.0,3773.6618234037987,8694.30102363665,8724.30102363665,8752.92942367408,8942.92942367408,300.0,525.3192023310239,0.0,0,0,0,0
S1,continuous,E,239,39,5049.653249567771,6273.315033946363,6328.7556855174535,8683.324397216418,8734.30102363665,1223.6617843785916,1223.6617843785916,2354.5687116989648,3578.2304960775564,6273.315033946363,6303.315033946363,8724.30102363665,8914.30102363665,450.0,1255.049330238065,0.0,0,0,0,1
S1,continuous,E,240,36,5106.368495916019,6985.28697430173,6999.998929315353,6999.998929315353,7012.729213029466,1878.9184783857108,1878.9184783857108,0.0,1878.9184783857108,6985.28697430173,7015.28697430173,7002.729213029466,7192.729213029466,300.0,714.5929171151033,0.0,0,0,0,0
S1,continuous,E,241,61,5110.639200232852,6566.699942912639,6648.7931734939375,6959.937966155292,7025.28697430173,1456.060742679787,1156.060742679787,311.1447926613546,1467.2055353411415,6566.699942912639,6596.699942912639,7015.28697430173,7205.28697430173,600.0,1314.5929171151033,0.0,0,0,0,1
S1,continuous,E,242,64,5116.803713394767,6596.699942912639,6662.054609138176,7073.840153112909,7116.368495916019,1479.8962295178717,1179.8962295178717,411.7855439747336,1591.6817734926053,6596.699942912639,6626.699942912639,7106.368495916019,7296.368495916019,500.0,1317.9186333476578,0.0,0,0,0,1
S1,continuous,E,243,54,5164.587697434967,6626.699942912639,6702.054609138176,7253.840153112909,7306.368495916019,1462.1122454776723,1222.1122454776723,551.7855439747336,1773.897789452406,6626.699942912639,6656.699942912639,7296.368495916019,7486.368495916019,550.0,1417.9186333476578,0.0,0,0,0,1
S1,continuous,E,244,51,5203.971800072704,5398.906691548567,5471.171824130872,6623.969659198526,6666.699942912639,194.93489147586297,194.93489147586297,1152.797835067654,1347.732726543517,5398.906691548567,5428.906691548567,6656.699942912639,6846.699942912639,450.0,782.4378022647784,0.0,0,0,0,1
S1,continuous,E,245,0,5213.315033946363,5642.147375811771,5749.17263412939,7149.937966155292,7215.28697430173,428.8323418654081,428.8323418654081,1400.7653320259024,1829.5976738913105,5642.147375811771,5672.147375811771,7205.28697430173,7395.28697430173,600.0,1362.873140114063,0.0,0,0,0,1
S1,continuous,E,246,63,5218.906691548567,8914.30102363665,8938.231874956513,8938.231874956513,8982.92942367408,3695.3943320880826,3695.3943320880826,0.0,3695.3943320880826,8914.30102363665,8944.30102363665,8972.92942367408,9162.92942367408,300.0,525.3192023310239,0.0,0,0,0,0
S1,continuous,E,247,26,5239.653249567771,6833.971800072704,6931.825670877573,7677.176865751059,7729.705208554169,1594.3185505049332,1594.3185505049332,745.3511948734858,2339.669745378419,6833.971800072704,6863.971800072704,7719.705208554169,7909.705208554169,550.0,1691.5872083284257,0.0,0,0,0,1
S1,continuous,E,248,8,5326.368495916019,6846.699942912639,6878.7931734939375,7389.937966155292,7405.28697430173,1520.33144699662,1400.33144699662,511.1447926613546,1911.4762396579745,6846.699942912639,6876.699942912639,7395.28697430173,7585.28697430173,350.0,814.5929171151033,0.0,0,0,0,1
S1,continuous,E,249,16,5330.639200232852,7585.28697430173,7643.024492722096,8893.324397216418,8954.30102363665,2254.647774068878,2254.647774068878,1250.2999044943226,3504.9476785632005,7585.28697430173,7615.28697430173,8944.30102363665,9134.30102363665,500.0,1357.5288577618476,0.0,0,0,0,1
S1,continuous,E,250,37,5403.315033946363,6303.315033946363,6337.344821740191,6337.344821740191,6392.042370457759,900.0,900.0,0.0,900.0,6303.315033946363,6333.315033946363,6382.042370457759,6572.042370457759,350.0,1079.5963565739237,0.0,0,0,0,1
S1,continuous,E,251,59,5414.587697434967,5672.147375811771,5746.542015584617,6507.344821740191,6582.042370457759,257.5596783768042,257.5596783768042,760.8028061555742,1018.3624845323784,5672.147375811771,5702.147375811771,6572.042370457759,6762.042370457759,450.0,1084.2412733181616,0.0,0,0,0,1
S1,continuous,E,252,67,5429.653249567771,6333.315033946363,6372.650974864795,7414.134830183267,7466.750709523998,903.6617843785916,903.6617843785916,1041.4838553184718,1945.1456396970634,6333.315033946363,6363.315033946363,7456.750709523998,7646.750709523998,400.0,806.2648846633376,0.0,0,0,0,1
S1,continuous,E,253,52,5436.699942912639,9134.30102363665,9158.303392383603,9158.303392383603,9171.033676097717,3697.601080724011,3697.601080724011,0.0,3697.601080724011,9134.30102363665,9164.30102363665,9161.033676097717,9351.033676097717,300.0,370.2507057864224,0.0,0,0,0,0
S1,continuous,E,254,15,5453.971800072704,7646.750709523998,7701.437263444168,7701.437263444168,7756.134812161736,2192.7789094512937,2192.7789094512937,0.0,2192.7789094512937,7646.750709523998,7676.750709523998,7746.134812161736,7936.134812161736,350.0,1291.278778920713,0.0,0,0,0,1
S1,continuous,E,255,5,5462.147375811771,7676.750709523998,7771.482515319843,9103.324397216418,9174.30102363665,2214.603333712227,2214.603333712227,1331.8418818965756,3546.4452156088028,7676.750709523998,7706.750709523998,9164.30102363665,9354.30102363665,550.0,1575.6909591456986,0.0,0,0,0,1
S1,continuous,E,256,6,5516.368495916019,7706.750709523998,7753.957278242086,7753.957278242086,7769.306286388524,2190.382213607979,2190.382213607979,0.0,2190.382213607979,7706.750709523998,7736.750709523998,7759.306286388524,7949.306286388524,350.0,595.8703959263073,0.0,0,0,0,1
S1,continuous,E,257,45,5520.639200232852,5702.147375811771,5786.542015584617,6687.344821740191,6772.042370457759,181.50817557891878,181.50817557891878,900.8028061555742,1082.310981734493,5702.147375811771,5732.147375811771,6762.042370457759,6952.042370457759,500.0,1184.2412733181616,0.0,0,0,0,1
S1,continuous,E,258,23,5593.315033946363,7486.368495916019,7505.980088482614,7505.980088482614,7550.677637200181,1893.0534619696564,1893.0534619696564,0.0,1893.0534619696564,7486.368495916019,7516.368495916019,7540.677637200181,7730.677637200181,300.0,1375.0127751690416,0.0,0,0,0,0
S1,continuous,E,259,72,5604.587697434967,6224.587697434967,6321.355920731973,7674.134830183267,7746.750709523998,620.0,620.0,1352.7789094512937,1972.7789094512937,6224.587697434967,6254.587697434967,7736.750709523998,7926.750709523998,500.0,1591.278778920713,0.0,0,0,0,1
S1,continuous,E,260,22,5626.699942912639,6876.699942912639,6894.114639672744,6917.344821740191,6962.042370457759,1250.0,1250.0,23.23018206744746,1273.2301820674475,6876.699942912639,6906.699942912639,6952.042370457759,7142.042370457759,300.0,599.4333652244882,0.0,0,0,0,0
S1,continuous,E,261,38,5643.971800072704,7909.705208554169,7926.675195225909,7926.675195225909,7965.576099903629,2265.7334084814647,2265.7334084814647,0.0,2265.7334084814647,7909.705208554169,7939.705208554169,7955.576099903629,8145.576099903629,300.0,1169.9224953128194,0.0,0,0,0,0
S1,continuous,E,262,7,5708.367394408368,7615.28697430173,7640.607567827637,7640.607567827637,7664.324496042812,1906.9195798933615,1906.9195798933615,0.0,1906.9195798933615,7615.28697430173,7645.28697430173,7654.324496042812,7844.324496042812,350.0,860.1020404392933,0.0,0,0,0,1
S1,continuous,E,263,31,5764.301023636649,7926.750709523998,7976.025377648601,8106.675195225909,8155.576099903629,2162.449685887349,2162.449685887349,130.64981757730857,2293.0995034646576,7926.750709523998,7956.750709523998,8145.576099903629,8335.576099903628,350.0,901.5031723503597,0.0,0,0,0,1
S1,continuous,E,264,48,5766.368495916019,7645.28697430173,7684.033882105826,7881.437263444168,7946.134812161736,1878.9184783857108,1878.9184783857108,197.40338133834211,2076.321859724053,7645.28697430173,7675.28697430173,7936.134812161736,8126.134812161736,400.0,1343.4260948305448,0.0,0,0,0,1
S1,continuous,E,265,43,5794.587697434967,6463.67988592538,6519.192927284838,6638.511928624414,6662.22885683959,669.0921884904137,369.0921884904137,119.31900133957606,488.4111898299898,6463.67988592538,6493.67988592538,6652.22885683959,6842.22885683959,350.0,803.8982765803223,0.0,0,0,0,1
S1,continuous,E,266,73,5816.699942912639,7956.750709523998,8003.957278242086,8003.957278242086,8019.306286388524,2140.050766611359,2140.050766611359,0.0,2140.050766611359,7956.750709523998,7986.750709523998,8009.306286388524,8199.306286388524,350.0,595.8703959263073,0.0,0,0,0,1
S1,continuous,E,267,60,5833.971800072704,6906.699942912639,6939.396662652377,7042.2066921166925,7065.923620331868,1072.7281428399347,1072.7281428399347,102.81002946431545,1175.53817230425,6906.699942912639,6936.699942912639,7055.923620331868,7245.923620331868,350.0,896.6651280213995,0.0,0,0,0,1
S1,continuous,E,268,10,5903.315033946363,6363.315033946363,6437.344821740191,7057.344821740191,7152.042370457759,460.0,460.0,620.0,1080.0,6363.315033946363,6393.315033946363,7142.042370457759,7332.042370457759,550.0,1479.5963565739237,0.0,0,0,0,1
S1,continuous,E,269,9,5954.301023636649,6254.587697434967,6343.969659198526,7149.998929315353,7202.729213029466,300.2866737983177,300.2866737983177,806.0292701168273,1106.315943915145,6254.587697434967,6284.587697434967,7192.729213029466,7382.729213029466,500.0,999.4333652244882,0.0,0,0,0,1
S1,continuous,E,270,62,5985.28697430173,7939.705208554169,7973.274678793442,8183.957278242086,8209.306286388524,1954.418234252439,1954.418234252439,210.6825994486444,2165.1008337010835,7939.705208554169,7969.705208554169,8199.306286388524,8389.306286388524,400.0,975.4619171585908,0.0,0,0,0,1
S1,continuous,E,271,18,6006.699942912639,7969.705208554169,8046.661109854567,9283.324397216418,9364.30102363665,1963.00526564153,1963.00526564153,1236.663287361851,3199.668553003381,7969.705208554169,7999.705208554169,9354.30102363665,9544.30102363665,600.0,1679.3620792692923,0.0,0,0,0,1
S1,continuous,E,272,13,6016.368495916019,7999.705208554169,8076.661109854567,9473.324397216418,9554.30102363665,1983.33671263815,1983.33671263815,1396.663287361851,3380.000000000001,7999.705208554169,8029.705208554169,9544.30102363665,9734.30102363665,600.0,1679.3620792692923,0.0,0,0,0,1
S1,continuous,E,273,21,6023.971800072704,6284.587697434967,6392.683145810192,8652.317152184372,8707.666160330811,260.61589736226233,260.61589736226233,2259.634006374179,2520.2499037364414,6284.587697434967,6314.587697434967,8697.66616033081,8887.66616033081,550.0,1643.4260948305448,0.0,0,0,0,1
S1,continuous,E,274,40,6044.587697434967,6936.699942912639,7018.7931734939375,8832.317152184372,8897.666160330811,892.1122454776723,892.1122454776723,1813.523978690434,2705.6362241681063,6936.699942912639,6966.699942912639,8887.66616033081,9077.66616033081,600.0,1314.5929171151033,0.0,0,0,0,1
S1,continuous,E,275,44,6093.315033946363,7675.28697430173,7723.024492722096,9693.324397216418,9744.30102363665,1581.9719403553672,1581.9719403553672,1970.2999044943226,3552.27184484969,7675.28697430173,7705.28697430173,9734.30102363665,9924.30102363665,450.0,1257.5288577618476,0.0,0,0,0,1
S1,continuous,E,276,34,6093.67988592538,6966.699942912639,7009.396662652377,7222.2066921166925,7255.923620331868,873.0200569872586,873.0200569872586,212.81002946431545,1085.830086451574,6966.699942912639,6996.699942912639,7245.923620331868,7435.923620331868,400.0,996.6651280213995,0.0,0,0,0,1
S1,continuous,E,277,41,6144.301023636649,7986.750709523998,8044.604580328867,8044.604580328867,8057.132923131977,1842.449685887349,1842.449685887349,0.0,1842.449685887349,7986.750709523998,8016.750709523998,8047.132923131977,8237.132923131976,350.0,1291.5872083284257,0.0,0,0,0,1
S1,continuous,E,278,46,6175.28697430173,6493.67988592538,6600.705144242999,9022.317152184372,9087.666160330811,318.39291162365043,318.39291162365043,2421.612007941372,2740.0049195650226,6493.67988592538,6523.67988592538,9077.66616033081,9267.66616033081,600.0,1362.873140114063,0.0,0,0,0,1
S1,continuous,E,279,55,6196.699942912639,9924.30102363665,9959.70520855417,9959.70520855417,9962.233551357282,3727.601080724011,3727.601080724011,0.0,3727.601080724011,9924.30102363665,9954.30102363665,9959.70520855417,10149.70520855417,300.0,1079.3620792692923,0.0,0,0,0,0
S1,continuous,E,280,27,6206.368495916019,7382.729213029466,7458.4852390703,9883.324397216418,9964.30102363665,1176.3607171134472,1176.3607171134472,2424.8391581461183,3601.1998752595655,7382.729213029466,7412.729213029466,9954.30102363665,10144.30102363665,600.0,970.2507057864223,0.0,0,0,0,1
S1,continuous,E,281,12,6213.971800072704,10144.30102363665,10168.231874956513,10168.231874956513,10212.92942367408,3930.3292235639456,3930.3292235639456,0.0,3930.3292235639456,10144.30102363665,10174.30102363665,10202.92942367408,10392.92942367408,300.0,525.3192023310239,0.0,0,0,0,0
S1,continuous,E,282,69,6283.67988592538,6393.315033946363,6486.647052066824,8184.604580328866,8247.132923131976,109.63514802098234,109.63514802098234,1697.9575282620426,1807.592676283025,6393.315033946363,6423.315033946363,8237.132923131976,8427.132923131976,600.0,1988.8990154437997,0.0,0,0,0,1
S1,continuous,E,283,42,6334.301023636649,6523.67988592538,6628.074525698226,8031.437263444168,8136.134812161736,189.3788622887314,189.3788622887314,1403.3627377459416,1592.741600034673,6523.67988592538,6553.67988592538,8126.134812161736,8316.134812161736,600.0,1384.2412733181616,0.0,0,0,0,1
S1,continuous,E,284,4,6386.699942912639,10174.30102363665,10198.303392383603,10198.303392383603,10211.033676097717,3787.601080724011,3787.601080724011,0.0,3787.601080724011,10174.30102363665,10204.30102363665,10201.033676097717,10391.033676097717,300.0,370.2507057864224,0.0,0,0,0,0
S1,continuous,E,285,37,6392.042370457759,8427.132923131976,8444.102909803716,8444.102909803716,8483.003814481435,2035.0905526742172,2035.0905526742172,0.0,2035.0905526742172,8427.132923131976,8457.132923131976,8473.003814481435,8663.003814481435,300.0,1169.9224953128194,0.0,0,0,0,0
S1,continuous,E,286,56,6403.971800072704,8316.134812161736,8423.786585778935,10133.324397216418,10214.30102363665,1912.1630120890313,1912.1630120890313,1709.5378114374835,3621.700823526515,8316.134812161736,8346.134812161736,10204.30102363665,10394.30102363665,600.0,1125.319202331024,0.0,0,0,0,1
S1,continuous,E,287,25,6425.28697430173,10394.30102363665,10437.393576511995,10437.393576511995,10480.009455852727,3969.01404933492,3969.01404933492,0.0,3969.01404933492,10394.30102363665,10424.30102363665,10470.009455852727,10660.009455852727,350.0,1175.6909591456986,0.0,0,0,0,1
S1,continuous,E,288,57,6456.368495916019,7412.729213029466,7498.083879255003,8404.604580328865,8467.132923131976,956.3607171134472,956.3607171134472,906.5207010738632,1862.8814181873104,7412.729213029466,7442.729213029466,8457.132923131976,8647.132923131976,600.0,1517.9186333476578,0.0,0,0,0,1
S1,continuous,E,289,20,6472.22885683959,7705.28697430173,7754.033882105826,8281.437263444168,8356.134812161736,1233.0581174621402,1233.0581174621402,527.4033813383421,1760.4614988004823,7705.28697430173,7735.28697430173,8346.134812161736,8536.134812161736,450.0,1443.4260948305448,0.0,0,0,0,1
S1,continuous,E,290,33,6524.301023636649,8016.750709523998,8064.985601567986,8064.985601567986,8088.7025297831615,1492.449685887349,1492.449685887349,0.0,1492.449685887349,8016.750709523998,8046.750709523998,8078.7025297831615,8268.70252978316,350.0,706.2648846633377,0.0,0,0,0,1
S1,continuous,E,291,59,6582.042370457759,8046.750709523998,8106.025377648601,8614.102909803714,8673.003814481433,1464.7083390662392,1464.7083390662392,508.07753215511457,1972.7858712213538,8046.750709523998,8076.750709523998,8663.003814481435,8853.003814481435,400.0,1001.5031723503597,0.0,0,0,0,1
S1,continuous,E,292,53,6593.971800072704,10424.30102363665,10457.66616033081,10457.66616033081,10463.015168477248,3830.3292235639456,3830.3292235639456,0.0,3830.3292235639456,10424.30102363665,10454.30102363665,10457.66616033081,10647.66616033081,300.0,957.5288577618476,0.0,0,0,0,0
S1,continuous,E,293,65,6615.28697430173,8647.132923131976,8674.899257399225,8674.899257399225,8717.515136739958,2031.845948830246,2031.845948830246,0.0,2031.845948830246,8647.132923131976,8677.132923131976,8707.515136739958,8897.515136739958,350.0,1291.5872083284257,0.0,0,0,0,1
S1,continuous,E,294,32,6646.368495916019,7949.306286388524,7969.245983912319,8044.134830183267,8086.750709523998,1302.9377904725052,1302.9377904725052,74.8888462709474,1377.8266367434526,7949.306286388524,7979.306286388524,8076.750709523998,8266.750709523998,350.0,595.8703959263073,0.0,0,0,0,1
S1,continuous,E,295,43,6662.22885683959,7442.729213029466,7475.425932769204,7830.607567827637,7854.324496042812,780.5003561898766,780.5003561898766,355.1816350584322,1135.6819912483088,7442.729213029466,7472.729213029466,7844.324496042812,8034.324496042812,350.0,896.6651280213995,0.0,0,0,0,1
S1,continuous,E,296,51,6666.699942912639,7472.729213029466,7518.083879255003,8664.604580328865,8687.132923131976,806.0292701168273,806.0292701168273,1146.5207010738632,1952.5499711906905,7472.729213029466,7502.729213029466,8677.132923131976,8867.132923131976,400.0,1117.9186333476578,0.0,0,0,0,1
S1,continuous,E,297,28,6714.301023636649,8867.132923131976,8894.899257399225,8894.899257399225,8937.515136739958,2152.831899495327,2152.831899495327,0.0,2152.831899495327,8867.132923131976,8897.132923131976,8927.515136739958,9117.515136739958,350.0,1291.5872083284257,0.0,0,0,0,1
S1,continuous,E,298,45,6772.042370457759,6772.042370457759,6885.384919004109,8844.604580328865,8907.132923131976,0.0,0.0,1959.219661324757,1959.219661324757,6772.042370457759,6802.042370457759,8897.132923131976,9087.132923131976,600.0,1769.9224953128196,0.0,0,0,0,1
S1,continuous,E,299,30,6805.28697430173,10454.30102363665,10478.231874956513,10478.231874956513,10522.92942367408,3649.01404933492,3649.01404933492,0.0,3649.01404933492,10454.30102363665,10484.30102363665,10512.92942367408,10702.92942367408,300.0,525.3192023310239,0.0,0,0,0,0
S1,continuous,E,300,74,6872.147372875027,7052.147372875027,7157.7070663366185,8184.134830183267,8276.750709523998,180.0,180.0,1026.4277638466483,1206.4277638466483,7052.147372875027,7082.147372875027,8266.750709523998,8456.750709523998,600.0,1401.5031723503596,0.0,0,0,0,1
S1,continuous,E,301,29,6875.923620331868,7502.729213029466,7550.143909789571,8471.437263444168,8546.134812161736,626.8055926975985,626.8055926975985,921.293353654597,1548.0989463521955,7502.729213029466,7532.729213029466,8536.134812161736,8726.134812161736,450.0,899.4333652244882,0.0,0,0,0,1
S1,continuous,E,302,14,6896.750709523998,10484.30102363665,10519.70520855417,10519.70520855417,10522.233551357282,3587.550314112652,3587.550314112652,0.0,3587.550314112652,10484.30102363665,10514.30102363665,10519.70520855417,10709.70520855417,300.0,1079.3620792692923,0.0,0,0,0,0
S1,continuous,E,303,17,6904.301023636649,8456.750709523998,8513.957278242087,9252.31715218437,9277.66616033081,1552.449685887349,1552.449685887349,738.3598739422832,2290.8095598296322,8456.750709523998,8486.750709523998,9267.66616033081,9457.66616033081,400.0,695.8703959263073,0.0,0,0,0,1
S1,continuous,E,304,68,6926.368495916019,8486.750709523998,8538.721203749532,8538.721203749532,8561.451487463646,1560.3822136079789,1560.3822136079789,0.0,1560.3822136079789,8486.750709523998,8516.750709523998,8551.451487463646,8741.451487463646,350.0,950.3718075943896,0.0,0,0,0,1
S1,continuous,E,305,22,6962.042370457759,7435.923620331868,7499.953408125696,9088.231874956513,9172.92942367408,473.881249874109,473.881249874109,1588.2784668308168,2062.159716704926,7435.923620331868,7465.923620331868,9162.92942367408,9352.92942367408,500.0,1379.5963565739237,0.0,0,0,0,1
S1,continuous,E,306,36,7012.729213029466,10514.30102363665,10557.001373412797,10557.001373412797,10580.718301627972,3501.5718106071836,3501.5718106071836,0.0,3501.5718106071836,10514.30102363665,10544.30102363665,10570.718301627972,10760.718301627972,350.0,1055.049330238065,0.0,0,0,0,1
S1,continuous,E,307,61,7025.28697430173,10544.30102363665,10587.393576511995,10627.393576511995,10670.009455852727,3519.01404933492,3519.01404933492,40.0,3559.01404933492,10544.30102363665,10574.30102363665,10660.009455852727,10850.009455852727,350.0,1175.6909591456986,0.0,0,0,0,1
S1,continuous,E,308,60,7065.923620331868,8942.92942367408,9007.939831970301,9007.939831970301,9031.656760185477,1877.0058033422129,1877.0058033422129,0.0,1877.0058033422129,8942.92942367408,8972.92942367408,9021.656760185477,9211.656760185477,350.0,1079.5963565739237,0.0,0,0,0,1
S1,continuous,E,309,3,7086.750709523998,9087.132923131976,9134.088824432376,10533.324397216418,10584.30102363665,2000.382213607978,2000.382213607978,1399.2355727840422,3399.61778639202,9087.132923131976,9117.132923131976,10574.30102363665,10764.30102363665,450.0,1379.3620792692923,0.0,0,0,0,1
S1,continuous,E,310,71,7094.301023636649,9117.132923131976,9146.744515698572,9308.231874956513,9362.92942367408,2022.831899495327,2022.831899495327,161.48735925794062,2184.3192587532676,9117.132923131976,9147.132923131976,9352.92942367408,9542.92942367408,350.0,1475.0127751690416,0.0,0,0,0,1
S1,continuous,E,311,64,7116.368495916019,7979.306286388524,8015.696421971125,9134.604580328865,9157.132923131976,862.9377904725052,862.9377904725052,1118.9081583577408,1981.845948830246,7979.306286388524,8009.306286388524,9147.132923131976,9337.132923131976,400.0,975.4619171585908,0.0,0,0,0,1
S1,continuous,E,312,10,7152.042370457759,7465.923620331868,7499.606984572668,7519.998929315353,7542.729213029466,313.881249874109,313.881249874109,20.391944742685155,334.27319461679417,7465.923620331868,7495.923620331868,7532.729213029466,7722.729213029466,350.0,896.6651280213996,0.0,0,0,0,1
S1,continuous,E,313,9,7202.729213029466,8389.306286388524,8445.696421971126,9304.604580328865,9347.132923131976,1186.577073359058,1186.577073359058,858.908158357739,2045.485231716797,8389.306286388524,8419.306286388524,9337.132923131976,9527.132923131976,500.0,1175.461917158591,0.0,0,0,0,1
S1,continuous,E,314,0,7215.28697430173,7722.729213029466,7774.814111628382,8464.134830183266,8526.750709523998,507.44223872773637,507.44223872773637,689.3207185548845,1196.7629572826208,7722.729213029466,7752.729213029466,8516.750709523998,8706.750709523998,450.0,1150.3718075943896,0.0,0,0,0,1
S1,continuous,E,315,34,7255.923620331868,9527.132923131976,9554.899257399225,9554.899257399225,9597.515136739958,2271.209302800108,2271.209302800108,0.0,2271.209302800108,9527.132923131976,9557.132923131976,9587.515136739958,9777.515136739958,350.0,1291.5872083284257,0.0,0,0,0,1
S1,continuous,E,316,49,7276.750709523998,7276.750709523998,7390.093258070348,9504.604580328865,9567.132923131976,0.0,0.0,2114.511322258518,2114.511322258518,7276.750709523998,7306.750709523998,9557.132923131976,9747.132923131976,600.0,1769.9224953128196,0.0,0,0,0,1
S1,continuous,E,317,54,7306.368495916019,8897.515136739958,8972.246942535803,10723.324397216418,10774.30102363665,1591.1466408239385,1591.1466408239385,1751.0774546806151,3342.2240955045536,8897.515136739958,8927.515136739958,10764.30102363665,10954.30102363665,450.0,1375.6909591456986,0.0,0,0,0,1
S1,continuous,E,318,2,7314.301023636649,8419.306286388524,8462.779648174863,8794.102909803716,8863.003814481435,1105.0052627518753,1105.0052627518753,331.3232616288533,1436.3285243807286,8419.306286388524,8449.306286388524,8853.003814481435,9043.003814481435,450.0,1062.873140114063,0.0,0,0,0,1
S1,continuous,E,319,66,7342.929423674079,8449.306286388524,8474.62687991443,8474.62687991443,8498.343808129606,1106.3768627144455,1106.3768627144455,0.0,1106.3768627144455,8449.306286388524,8479.306286388524,8488.343808129606,8678.343808129606,350.0,860.1020404392933,0.0,0,0,0,1
S1,continuous,E,320,8,7405.28697430173,7752.729213029466,7828.083879255003,9704.604580328865,9757.132923131976,347.44223872773637,347.44223872773637,1876.5207010738632,2223.9629398015995,7752.729213029466,7782.729213029466,9747.132923131976,9937.132923131976,550.0,1417.9186333476578,0.0,0,0,0,1
S1,continuous,E,321,67,7466.750709523998,9117.515136739958,9165.750028783947,9197.939831970301,9221.656760185477,1650.7644272159596,1650.7644272159596,32.189803186354766,1682.9542304023144,9117.515136739958,9147.515136739958,9211.656760185477,9401.656760185477,350.0,706.2648846633377,0.0,0,0,0,1
S1,continuous,E,322,19,7532.233551357279,10954.30102363665,10987.66616033081,10987.66616033081,10993.015168477248,3422.067472279371,3422.067472279371,0.0,3422.067472279371,10954.30102363665,10984.30102363665,10987.66616033081,11177.66616033081,300.0,957.5288577618476,0.0,0,0,0,0
S1,continuous,E,323,24,7534.301023636649,9457.66616033081,9482.986753856716,9482.986753856716,9506.703682071891,1923.3651366941604,1923.3651366941604,0.0,1923.3651366941604,9457.66616033081,9487.66616033081,9496.703682071891,9686.703682071891,350.0,860.1020404392933,0.0,0,0,0,1
S1,continuous,E,324,10,7542.729213029466,9147.515136739958,9199.485630965492,9338.303392383603,9361.033676097717,1604.7859237104913,1604.7859237104913,138.81776141811133,1743.6036851286026,9147.515136739958,9177.515136739958,9351.033676097717,9541.033676097717,350.0,950.3718075943896,0.0,0,0,0,1
S1,continuous,E,325,23,7550.677637200181,9542.92942367408,9614.710222155134,10147.17686575106,10159.70520855417,1992.2517864738993,1992.2517864738993,532.4666435959261,2524.7184300698254,9542.92942367408,9572.92942367408,10149.70520855417,10339.70520855417,350.0,1475.0127751690416,0.0,0,0,0,1
S1,continuous,E,326,7,7664.324496042812,9487.66616033081,9564.056295913411,10657.17686575106,10719.70520855417,1823.3416642879974,1823.3416642879974,1093.1205698376489,2916.4622341256463,9487.66616033081,9517.66616033081,10709.70520855417,10899.70520855417,600.0,1375.461917158591,0.0,0,0,0,1
S1,continuous,E,327,11,7724.301023636649,10339.70520855417,10363.274678793445,10642.31715218437,10657.66616033081,2615.404184917522,2615.404184917522,279.0424733909258,2894.4466583084477,10339.70520855417,10369.70520855417,10647.66616033081,10837.66616033081,350.0,875.4619171585908,0.0,0,0,0,1
S1,continuous,E,328,26,7729.705208554169,10984.30102363665,11019.70520855417,11019.70520855417,11022.233551357282,3254.595815082481,3254.595815082481,0.0,3254.595815082481,10984.30102363665,11014.30102363665,11019.70520855417,11209.70520855417,300.0,1079.3620792692923,0.0,0,0,0,0
S1,continuous,E,329,72,7746.750709523998,9572.92942367408,9623.120707486774,9623.120707486774,9662.021612164493,1826.1787141500827,1826.1787141500827,0.0,1826.1787141500827,9572.92942367408,9602.92942367408,9652.021612164493,9842.021612164493,300.0,784.2412733181616,0.0,0,0,0,0
S1,continuous,E,330,15,7756.134812161736,9177.515136739958,9252.201690660127,9538.231874956513,9612.92942367408,1421.380324578222,1421.380324578222,286.0301842963854,1707.4105088746073,9177.515136739958,9207.515136739958,9602.92942367408,9792.92942367408,450.0,1491.278778920713,0.0,0,0,0,1
S1,continuous,E,331,6,7769.306286388524,9792.92942367408,9900.58119729128,10943.324397216418,11024.30102363665,2023.6231372855564,2023.6231372855564,1042.7431999251385,3066.366337210695,9792.92942367408,9822.92942367408,11014.30102363665,11204.30102363665,600.0,1125.319202331024,0.0,0,0,0,1
S1,continuous,E,332,43,7854.324496042812,9517.66616033081,9547.605857854605,9734.899257399225,9787.515136739958,1663.3416642879974,1663.3416642879974,187.29339954462012,1850.6350638326176,9517.66616033081,9547.66616033081,9777.515136739958,9967.515136739958,400.0,695.8703959263073,0.0,0,0,0,1
S1,continuous,E,333,70,7914.301023636649,9822.92942367408,9891.024872049305,9891.024872049305,9906.373880195744,1908.6284000374317,1908.6284000374317,0.0,1908.6284000374317,9822.92942367408,9852.92942367408,9896.373880195744,10086.373880195744,350.0,1243.4260948305448,0.0,0,0,0,1
S1,continuous,E,334,48,7946.134812161736,10369.70520855417,10386.675195225911,10386.675195225911,10425.57609990363,2423.570396392435,2423.570396392435,0.0,2423.570396392435,10369.70520855417,10399.70520855417,10415.57609990363,10605.57609990363,300.0,1169.9224953128194,0.0,0,0,0,0
S1,continuous,E,335,38,7965.576099903629,9207.515136739958,9269.485630965492,9518.303392383603,9551.033676097717,1241.9390368363283,1241.9390368363283,248.81776141811133,1490.7567982544397,9207.515136739958,9237.515136739958,9541.033676097717,9731.033676097717,400.0,1050.3718075943896,0.0,0,0,0,1
S1,continuous,E,336,73,8019.306286388524,9852.92942367408,9934.710222155134,11197.17686575106,11219.70520855417,1833.6231372855564,1833.6231372855564,1262.4666435959261,3096.0897808814825,9852.92942367408,9882.92942367408,11209.70520855417,11399.70520855417,400.0,1575.0127751690416,0.0,0,0,0,1
S1,continuous,E,337,41,8057.132923131977,9547.66616033081,9571.139522117148,9803.120707486774,9852.021612164493,1490.5332371988325,1490.5332371988325,231.98118536962647,1722.514422568459,9547.66616033081,9577.66616033081,9842.021612164493,10032.021612164493,350.0,862.8731401140631,0.0,0,0,0,1
S1,continuous,E,338,32,8086.750709523998,9237.515136739958,9322.201690660127,9808.231874956513,9892.92942367408,1150.7644272159596,1150.7644272159596,486.0301842963854,1636.794611512345,9237.515136739958,9267.515136739958,9882.92942367408,10072.92942367408,500.0,1591.278778920713,0.0,0,0,0,1
S1,continuous,E,339,33,8088.7025297831615,9267.515136739958,9334.721705458047,9552.31715218437,9587.66616033081,1178.8126069567961,1178.8126069567961,217.59544672632364,1396.4080536831198,9267.515136739958,9297.515136739958,9577.66616033081,9767.66616033081,450.0,795.8703959263073,0.0,0,0,0,1
S1,continuous,E,340,1,8104.301023636649,9767.66616033081,9787.605857854605,9934.899257399225,9977.515136739958,1663.3651366941604,1663.3651366941604,147.29339954462012,1810.6585362387805,9767.66616033081,9797.66616033081,9967.515136739958,10157.515136739958,350.0,595.8703959263073,0.0,0,0,0,1
S1,continuous,E,341,42,8136.134812161736,9797.66616033081,9846.413068134905,10638.231874956513,10712.92942367408,1661.5313481690737,1661.5313481690737,791.8188068216077,2453.3501549906814,9797.66616033081,9827.66616033081,10702.92942367408,10892.92942367408,450.0,1443.4260948305448,0.0,0,0,0,1
S1,continuous,E,342,31,8155.576099903629,9827.66616033081,9857.605857854605,10114.899257399225,10167.515136739958,1672.09006042718,1672.09006042718,257.2933995446201,1929.3834599718002,9827.66616033081,9857.66616033081,10157.515136739958,10347.515136739958,400.0,695.8703959263073,0.0,0,0,0,1
S1,continuous,E,343,62,8209.306286388524,8268.70252978316,8328.038470701593,9234.899257399225,9307.515136739958,59.39624339463626,59.39624339463626,906.8607866976326,966.2570300922689,8268.70252978316,8298.70252978316,9297.515136739958,9487.515136739958,500.0,1006.2648846633376,0.0,0,0,0,1
S1,continuous,E,344,69,8247.132923131976,9857.66616033081,9897.605857854605,10797.393576511995,10860.009455852727,1610.5332371988334,1610.5332371988334,899.7877186573896,2510.320955856223,9857.66616033081,9887.66616033081,10850.009455852727,11040.009455852727,450.0,795.8703959263073,0.0,0,0,0,1
S1,continuous,E,345,74,8276.750709523998,11204.30102363665,11237.66616033081,11237.66616033081,11243.015168477248,2927.550314112652,2927.550314112652,0.0,2927.550314112652,11204.30102363665,11234.30102363665,11237.66616033081,11427.66616033081,300.0,957.5288577618476,0.0,0,0,0,0
S1,continuous,E,346,35,8294.30102363665,8298.70252978316,8332.38589402396,8332.38589402396,8355.116177738075,4.4015061465106555,4.4015061465106555,0.0,4.4015061465106555,8298.70252978316,8328.70252978316,8345.116177738075,8535.116177738075,350.0,896.6651280213996,0.0,0,0,0,1
S1,continuous,E,347,35,8355.116177738075,10072.92942367408,10122.311385437639,10388.303392383603,10401.033676097717,1717.8132459360058,1717.8132459360058,265.992006945964,1983.8052528819699,10072.92942367408,10102.92942367408,10391.033676097717,10581.033676097717,300.0,599.4333652244882,0.0,0,0,0,0
S1,continuous,E,348,20,8356.134812161736,9043.003814481435,9115.268947063738,9698.303392383603,9741.033676097717,686.8690023196996,566.8690023196996,583.034445319865,1149.9034476395645,9043.003814481435,9073.003814481435,9731.033676097717,9921.033676097717,450.0,782.4378022647784,0.0,0,0,0,1
S1,continuous,E,349,57,8467.132923131976,8741.451487463646,8808.86618422375,10808.231874956513,10902.92942367408,274.31856433167013,274.31856433167013,1999.3656907327622,2273.6842550644324,8741.451487463646,8771.451487463646,10892.92942367408,11082.92942367408,550.0,1099.4333652244882,0.0,0,0,0,1
S1,continuous,E,350,37,8483.003814481435,8771.451487463646,8817.545999082344,9014.102909803716,9083.003814481435,288.44767298221086,288.44767298221086,196.55691072137233,485.0045837035832,8771.451487463646,8801.451487463646,9073.003814481435,9263.003814481435,450.0,782.4378022647783,0.0,0,0,0,1
S1,continuous,E,351,66,8498.343808129606,9263.003814481435,9350.029072799054,10051.024872049305,10096.373880195744,764.660006351829,764.660006351829,700.9957992502514,1465.6558056020804,9263.003814481435,9293.003814481435,10086.373880195744,10276.373880195744,500.0,1162.873140114063,0.0,0,0,0,1
S1,continuous,E,352,47,8513.015168477248,11234.30102363665,11277.393576511995,11277.393576511995,11320.009455852727,2721.2858551594018,2721.2858551594018,0.0,2721.2858551594018,11234.30102363665,11264.30102363665,11310.009455852727,11500.009455852727,350.0,1175.6909591456986,0.0,0,0,0,1
S1,continuous,E,353,58,8514.30102363665,8801.451487463646,8873.536386062562,10967.393576511995,11050.009455852727,287.1504638269962,287.1504638269962,2093.857190449433,2381.007654276429,8801.451487463646,8831.451487463646,11040.009455852727,11230.009455852727,550.0,1350.3718075943896,0.0,0,0,0,1
S1,continuous,E,354,0,8526.750709523998,10399.70520855417,10416.675195225911,10576.675195225911,10615.57609990363,1872.9544990301729,1872.9544990301729,160.0,2032.9544990301729,10399.70520855417,10429.70520855417,10605.57609990363,10795.57609990363,300.0,1169.9224953128194,0.0,0,0,0,0
S1,continuous,E,355,29,8546.134812161736,10429.70520855417,10454.857933868705,10568.303392383603,10591.033676097717,1883.5703963924352,1883.5703963924352,113.44545851489784,1997.015854907333,10429.70520855417,10459.70520855417,10581.033676097717,10771.033676097717,350.0,1017.918633347658,0.0,0,0,0,1
S1,continuous,E,356,68,8561.451487463646,10276.373880195744,10311.085835209367,10748.303392383603,10781.033676097717,1714.9223927320982,1714.9223927320982,437.2175571742355,2152.1399499063336,10276.373880195744,10306.373880195744,10771.033676097717,10961.033676097717,400.0,914.5929171151033,0.0,0,0,0,1
S1,continuous,E,357,59,8673.003814481433,11264.30102363665,11297.66616033081,11427.66616033081,11433.015168477248,2591.2972091552165,2591.2972091552165,130.0,2721.2972091552165,11264.30102363665,11294.30102363665,11427.66616033081,11617.66616033081,300.0,957.5288577618476,0.0,0,0,0,0
S1,continuous,E,358,51,8687.132923131976,9487.515136739958,9572.246942535803,11243.324397216418,11304.30102363665,800.3822136079816,800.3822136079816,1671.0774546806151,2471.4596682885967,9487.515136739958,9517.515136739958,11294.30102363665,11484.30102363665,500.0,1475.6909591456986,0.0,0,0,0,1
S1,continuous,E,359,21,8707.666160330811,8707.666160330811,8791.69594812464,10988.231874956513,11092.92942367408,0.0,0.0,2196.5359268318734,2196.5359268318734,8707.666160330811,8737.666160330811,11082.92942367408,11272.92942367408,600.0,1579.5963565739237,0.0,0,0,0,1
S1,continuous,E,360,65,8717.515136739958,9401.656760185477,9487.097411756567,11413.324397216418,11494.30102363665,684.1416234455191,384.14162344551914,1926.2269854598508,2310.36860890537,9401.656760185477,9431.656760185477,11484.30102363665,11674.30102363665,600.0,1555.049330238065,0.0,0,0,0,1
S1,continuous,E,361,39,8734.30102363665,11674.30102363665,11709.70520855417,11709.70520855417,11712.233551357282,2940.0,2940.0,0.0,2940.0,11674.30102363665,11704.30102363665,11709.70520855417,11899.70520855417,300.0,1079.3620792692923,0.0,0,0,0,0
S1,continuous,E,362,50,8762.92942367408,9517.515136739958,9582.246942535803,11673.324397216418,11714.30102363665,754.5857130658769,754.5857130658769,2091.077454680615,2845.663167746492,9517.515136739958,9547.515136739958,11704.30102363665,11894.30102363665,400.0,1275.6909591456986,0.0,0,0,0,1
S1,continuous,E,363,2,8863.003814481435,11894.30102363665,11937.001373412797,11937.001373412797,11960.718301627972,3031.2972091552147,3031.2972091552147,0.0,3031.2972091552147,11894.30102363665,11924.30102363665,11950.718301627972,12140.718301627972,350.0,1055.049330238065,0.0,0,0,0,1
S1,continuous,E,364,40,8897.666160330811,9431.656760185477,9507.097411756567,11863.324397216418,11934.30102363665,533.9905998546656,413.99059985466556,2356.2269854598508,2770.2175853145163,9431.656760185477,9461.656760185477,11924.30102363665,12114.30102363665,550.0,1455.049330238065,0.0,0,0,0,1
S1,continuous,E,365,45,8907.132923131976,10102.92942367408,10184.710222155134,11387.17686575106,11409.70520855417,1195.7965005421047,1195.7965005421047,1202.4666435959261,2398.263144138031,10102.92942367408,10132.92942367408,11399.70520855417,11589.70520855417,400.0,1575.0127751690416,0.0,0,0,0,1
S1,continuous,E,366,28,8937.515136739958,9461.656760185477,9535.34527378012,11572.31715218437,11627.66616033081,524.1416234455191,464.14162344551914,2036.9718784042507,2501.11350184977,9461.656760185477,9491.656760185477,11617.66616033081,11807.66616033081,550.0,1260.1020404392934,0.0,0,0,0,1
S1,continuous,E,367,16,8954.30102363665,10459.70520855417,10487.47154282142,11467.393576511995,11510.009455852727,1505.404184917521,1505.404184917521,979.9220336905746,2485.3262186080956,10459.70520855417,10489.70520855417,11500.009455852727,11690.009455852727,350.0,1291.5872083284257,0.0,0,0,0,1
S1,continuous,E,368,63,8982.92942367408,9921.033676097717,9996.789702138552,12043.324397216418,12124.30102363665,938.1042524236364,758.1042524236364,2046.5346950778658,2804.638947501502,9921.033676097717,9951.033676097717,12114.30102363665,12304.30102363665,600.0,970.2507057864223,0.0,0,0,0,1
S1,continuous,E,369,60,9031.656760185477,9951.033676097717,10026.789702138552,12233.324397216418,12314.30102363665,919.3769159122403,799.3769159122403,2206.5346950778658,3005.911610990106,9951.033676097717,9981.033676097717,12304.30102363665,12494.30102363665,600.0,970.2507057864223,0.0,0,0,0,1
S1,continuous,E,370,37,9083.003814481435,9547.515136739958,9622.246942535803,12453.324397216418,12504.30102363665,464.51132225852234,464.51132225852234,2831.077454680615,3295.5887769391375,9547.515136739958,9577.515136739958,12494.30102363665,12684.30102363665,450.0,1375.6909591456986,0.0,0,0,0,1
S1,continuous,E,371,46,9087.666160330811,9686.703682071891,9766.039622990324,11607.393576511995,11700.009455852727,599.0375217410801,599.0375217410801,1841.3539535216714,2440.3914752627516,9686.703682071891,9716.703682071891,11690.009455852727,11880.009455852727,600.0,1206.2648846633376,0.0,0,0,0,1
S1,continuous,E,372,64,9157.132923131976,9981.033676097717,10013.730395837456,10013.730395837456,10037.447324052631,823.900752965741,823.900752965741,0.0,823.900752965741,9981.033676097717,10011.033676097717,10027.447324052631,10217.447324052631,350.0,896.6651280213995,0.0,0,0,0,1
S1,continuous,E,373,52,9171.033676097717,10347.515136739958,10412.246942535803,12653.324397216418,12694.30102363665,1176.4814606422406,1176.4814606422406,2241.077454680615,3417.5589153228557,10347.515136739958,10377.515136739958,12684.30102363665,12874.30102363665,400.0,1275.6909591456986,0.0,0,0,0,1
S1,continuous,E,374,22,9172.92942367408,10132.92942367408,10203.120707486774,10746.675195225911,10805.57609990363,960.0,960.0,543.5544877391367,1503.5544877391367,10132.92942367408,10162.92942367408,10795.57609990363,10985.57609990363,400.0,984.2412733181616,0.0,0,0,0,1
S1,continuous,E,375,5,9174.30102363665,9716.703682071891,9800.73346986572,11178.231874956513,11282.92942367408,542.4026584352414,542.4026584352414,1377.4984050907933,1919.9010635260347,9716.703682071891,9746.703682071891,11272.92942367408,11462.92942367408,600.0,1579.5963565739237,0.0,0,0,0,1
S1,continuous,E,376,67,9221.656760185477,9293.003814481435,9375.268947063738,9968.303392383603,10021.033676097717,71.34705429595851,71.34705429595851,593.034445319865,664.3814996158235,9293.003814481435,9323.003814481435,10011.033676097717,10201.033676097717,500.0,882.4378022647784,0.0,0,0,0,1
S1,continuous,E,377,17,9277.66616033081,9746.703682071891,9810.035700192353,11877.17686575106,11909.70520855417,469.03752174108195,469.03752174108195,2067.141165558707,2536.178687299789,9746.703682071891,9776.703682071891,11899.70520855417,12089.70520855417,450.0,1688.8990154437997,0.0,0,0,0,1
S1,continuous,E,378,62,9307.515136739958,10306.373880195744,10365.12078799984,11388.231874956513,11472.92942367408,998.8587434557867,998.8587434557867,1023.1110869566728,2021.9698304124595,10306.373880195744,10336.373880195744,11462.92942367408,11652.92942367408,500.0,1543.4260948305448,0.0,0,0,0,1
S1,continuous,E,379,9,9347.132923131976,12874.30102363665,12917.001373412797,12917.001373412797,12940.718301627972,3527.168100504674,3527.168100504674,0.0,3527.168100504674,12874.30102363665,12904.30102363665,12930.718301627972,13120.718301627972,350.0,1055.049330238065,0.0,0,0,0,1
S1,continuous,E,380,10,9361.033676097717,10032.021612164493,10087.53465352395,10203.730395837456,10227.447324052631,670.9879360667765,370.98793606677646,116.19574231350634,487.1836783802828,10032.021612164493,10062.021612164493,10217.447324052631,10407.447324052631,350.0,803.8982765803223,0.0,0,0,0,1
S1,continuous,E,381,71,9362.92942367408,9422.92942367408,9536.27197222043,12037.17686575106,12099.70520855417,60.0,0.0,2500.904893530631,2500.904893530631,9422.92942367408,9452.92942367408,12089.70520855417,12279.70520855417,600.0,1769.9224953128196,0.0,0,0,0,1
S1,continuous,E,382,18,9364.30102363665,10489.70520855417,10517.47154282142,11847.393576511995,11890.009455852727,1125.404184917521,1125.404184917521,1329.9220336905746,2455.3262186080956,10489.70520855417,10519.70520855417,11880.009455852727,12070.009455852727,350.0,1291.5872083284257,0.0,0,0,0,1
S1,continuous,E,383,24,9506.703682071891,10162.92942367408,10240.58119729128,12863.324397216418,12914.30102363665,656.2257416021894,656.2257416021894,2622.7431999251385,3278.968941527328,10162.92942367408,10192.92942367408,12904.30102363665,13094.30102363665,450.0,825.3192023310239,0.0,0,0,0,1
S1,continuous,E,384,38,9551.033676097717,10961.033676097717,11036.789702138552,13023.324397216418,13104.30102363665,1410.0,1410.0,1986.5346950778658,3396.5346950778658,10961.033676097717,10991.033676097717,13094.30102363665,13284.30102363665,600.0,970.2507057864223,0.0,0,0,0,1
S1,continuous,E,385,13,9554.30102363665,10377.515136739958,10425.750028783947,10747.001373412797,10770.718301627972,823.2141131033077,823.2141131033077,321.25134462885035,1144.465457732158,10377.515136739958,10407.515136739958,10760.718301627972,10950.718301627972,350.0,706.2648846633377,0.0,0,0,0,1
S1,continuous,E,386,49,9567.132923131976,10991.033676097717,11066.789702138552,13213.324397216418,13294.30102363665,1423.900752965741,1423.900752965741,2146.5346950778658,3570.435448043607,10991.033676097717,11021.033676097717,13284.30102363665,13474.30102363665,600.0,970.2507057864223,0.0,0,0,0,1
S1,continuous,E,387,33,9587.66616033081,10407.515136739958,10495.369007544828,12247.17686575106,12289.70520855417,819.8489764091482,819.8489764091482,1751.8078582062317,2571.65683461538,10407.515136739958,10437.515136739958,12279.70520855417,12469.70520855417,500.0,1591.5872083284257,0.0,0,0,0,1
S1,continuous,E,388,34,9597.515136739958,11021.033676097717,11066.789702138552,13433.324397216418,13484.30102363665,1423.5185393577594,1423.5185393577594,2366.5346950778658,3790.053234435625,11021.033676097717,11051.033676097717,13474.30102363665,13664.30102363665,450.0,670.2507057864224,0.0,0,0,0,1
S1,continuous,E,389,15,9612.92942367408,10336.373880195744,10414.11139861611,13593.324397216418,13674.30102363665,723.4444565216636,723.4444565216636,3179.2129986003074,3902.657455121971,10336.373880195744,10366.373880195744,13664.30102363665,13854.30102363665,600.0,1557.5288577618476,0.0,0,0,0,1
S1,continuous,E,390,72,9662.021612164493,10899.70520855417,10916.675195225911,10956.675195225911,10995.57609990363,1237.6835963896774,1237.6835963896774,40.0,1277.6835963896774,10899.70520855417,10929.70520855417,10985.57609990363,11175.57609990363,300.0,1169.9224953128194,0.0,0,0,0,0
S1,continuous,E,391,20,9741.033676097717,11051.033676097717,11118.448372857822,11568.231874956513,11662.92942367408,1310.0,1310.0,449.7835020986913,1759.7835020986913,11051.033676097717,11081.033676097717,11652.92942367408,11842.92942367408,550.0,1099.4333652244882,0.0,0,0,0,1
S1,continuous,E,392,44,9744.30102363665,10929.70520855417,10954.857933868705,11068.303392383603,11091.033676097717,1185.404184917521,1185.404184917521,113.44545851489784,1298.8496434324188,10929.70520855417,10959.70520855417,11081.033676097717,11271.033676097717,350.0,1017.918633347658,0.0,0,0,0,1
S1,continuous,E,393,8,9757.132923131976,10392.92942367408,10471.024872049305,11792.31715218437,11817.66616033081,635.7965005421047,635.7965005421047,1321.292280135065,1957.0887806771698,10392.92942367408,10422.92942367408,11807.66616033081,11997.66616033081,400.0,1343.4260948305448,0.0,0,0,0,1
S1,continuous,E,394,43,9787.515136739958,10422.92942367408,10499.697646971086,12027.393576511995,12080.009455852727,635.4142869341231,635.4142869341231,1527.6959295409088,2163.110216475032,10422.92942367408,10452.92942367408,12070.009455852727,12260.009455852727,400.0,1391.278778920713,0.0,0,0,0,1
S1,continuous,E,395,41,9852.021612164493,13854.30102363665,13887.66616033081,13887.66616033081,13893.015168477248,4002.2794114721564,4002.2794114721564,0.0,4002.2794114721564,13854.30102363665,13884.30102363665,13887.66616033081,14077.66616033081,300.0,957.5288577618476,0.0,0,0,0,0
S1,continuous,E,396,32,9892.92942367408,10959.70520855417,11007.47154282142,12207.393576511995,12270.009455852727,1066.7757848800902,1066.7757848800902,1199.9220336905746,2266.697818570665,10959.70520855417,10989.70520855417,12260.009455852727,12450.009455852727,450.0,1491.5872083284257,0.0,0,0,0,1
S1,continuous,E,397,70,9906.373880195744,10452.92942367408,10523.120707486774,11126.675195225911,11185.57609990363,546.5555434783364,546.5555434783364,603.5544877391367,1150.110031217473,10452.92942367408,10482.92942367408,11175.57609990363,11365.57609990363,400.0,984.2412733181616,0.0,0,0,0,1
S1,continuous,E,398,55,9962.233551357282,10437.515136739958,10512.246942535803,13843.324397216418,13894.30102363665,475.281585382676,475.281585382676,3331.077454680615,3806.359040063291,10437.515136739958,10467.515136739958,13884.30102363665,14074.30102363665,450.0,1375.6909591456986,0.0,0,0,0,1
S1,continuous,E,399,27,9964.30102363665,9964.30102363665,10047.633041757112,12427.17686575106,12479.70520855417,0.0,0.0,2379.5438239939485,2379.5438239939485,9964.30102363665,9994.30102363665,12469.70520855417,12659.70520855417,550.0,1888.8990154437997,0.0,0,0,0,1
S1,continuous,E,400,1,9977.515136739958,14074.30102363665,14109.70520855417,14109.70520855417,14112.233551357282,4096.785886896692,4096.785886896692,0.0,4096.785886896692,14074.30102363665,14104.30102363665,14109.70520855417,14299.70520855417,300.0,1079.3620792692923,0.0,0,0,0,0
S1,continuous,E,401,67,10021.033676097717,10366.373880195744,10444.11139861611,14033.324397216418,14114.30102363665,345.34020409802724,345.34020409802724,3589.2129986003074,3934.5532026983346,10366.373880195744,10396.373880195744,14104.30102363665,14294.30102363665,600.0,1557.5288577618476,0.0,0,0,0,1
S1,continuous,E,402,64,10037.447324052631,11230.009455852727,11269.284126914074,11336.675195225911,11375.57609990363,1192.5621318000958,1192.5621318000958,67.39106831183744,1259.9532001119333,11230.009455852727,11260.009455852727,11365.57609990363,11555.57609990363,300.0,801.5033681332343,0.00019578287464128152,1,1,1,0
S1,continuous,E,403,66,10096.373880195744,10407.447324052631,10457.776388949544,11496.675195225911,11565.57609990363,311.073443856887,311.073443856887,1038.8988062763674,1349.9722501332544,10407.447324052631,10437.447324052631,11555.57609990363,11745.57609990363,450.0,1003.8982765803223,0.0,0,0,0,1
S1,continuous,E,404,23,10159.70520855417,14294.30102363665,14318.231874956513,14318.231874956513,14362.92942367408,4134.595815082479,4134.595815082479,0.0,4134.595815082479,14294.30102363665,14324.30102363665,14352.92942367408,14542.92942367408,300.0,525.3192023310239,0.0,0,0,0,0
S1,continuous,E,405,31,10167.515136739958,10837.66616033081,10914.056295913411,12607.17686575106,12669.70520855417,670.1510235908518,370.15102359085176,1693.1205698376489,2063.2715934285006,10837.66616033081,10867.66616033081,12659.70520855417,12849.70520855417,600.0,1375.461917158591,0.0,0,0,0,1
S1,continuous,E,406,4,10211.033676097717,11260.009455852727,11307.865411301947,12849.70520855417,12852.233551357282,1048.97577975501,1048.97577975501,1541.8397972522234,2590.8155770072335,11260.009455852727,11290.009455852727,12849.70520855417,13039.70520855417,300.0,1191.726184618327,0.13897628990127942,2,2,1,0
S1,continuous,E,407,12,10212.92942367408,10437.447324052631,10516.783264971064,12367.393576511995,12460.009455852727,224.51790037855062,224.51790037855062,1850.6103115409314,2075.128211919482,10437.447324052631,10467.447324052631,12450.009455852727,12640.009455852727,600.0,1206.2648846633376,0.0,0,0,0,1
S1,continuous,E,408,56,10214.30102363665,11745.57609990363,11858.918648449979,12987.17686575106,13049.70520855417,1531.2750762669802,1351.2750762669802,1128.2582173010815,2479.5332935680617,11745.57609990363,11775.57609990363,13039.70520855417,13229.70520855417,600.0,1769.9224953128196,0.0,0,0,0,1
S1,continuous,E,409,10,10227.447324052631,14324.30102363665,14367.001373412797,14367.001373412797,14390.718301627972,4096.853699584019,4096.853699584019,0.0,4096.853699584019,14324.30102363665,14354.30102363665,14380.718301627972,14570.718301627972,350.0,1055.049330238065,0.0,0,0,0,1
S1,continuous,E,410,35,10401.033676097717,12640.009455852727,12689.284123977332,12689.284123977332,12738.18502865505,2238.97577975501,2238.97577975501,0.0,2238.97577975501,12640.009455852727,12670.009455852727,12728.18502865505,12918.18502865505,350.0,901.5031723503597,0.0,0,0,0,1
S1,continuous,E,411,48,10425.57609990363,12670.009455852727,12718.244347896716,12718.244347896716,12741.961276111891,2244.433355949097,2244.433355949097,0.0,2244.433355949097,12670.009455852727,12700.009455852727,12731.961276111891,12921.961276111891,350.0,706.2648846633377,0.0,0,0,0,1
S1,continuous,E,412,53,10463.015168477248,14354.30102363665,14378.231874956513,14508.231874956513,14552.92942367408,3891.2858551594018,3891.2858551594018,130.0,4021.2858551594018,14354.30102363665,14384.30102363665,14542.92942367408,14732.92942367408,300.0,525.3192023310239,0.0,0,0,0,0
S1,continuous,E,413,25,10480.009455852727,10950.718301627972,11044.050319748434,13177.17686575106,13239.70520855417,470.7088457752452,350.7088457752452,2133.126546002626,2483.8353917778713,10950.718301627972,10980.718301627972,13229.70520855417,13419.70520855417,600.0,1988.8990154437997,0.0,0,0,0,1
S1,continuous,E,414,14,10522.233551357282,11842.92942367408,11904.710222155134,13419.70520855417,13422.233551357282,1320.695872316799,1320.695872316799,1514.9949863990369,2835.690858715836,11842.92942367408,11872.92942367408,13419.70520855417,13609.70520855417,300.0,1375.0127751690416,0.0,0,0,0,0
S1,continuous,E,415,30,10522.92942367408,11872.92942367408,11923.120707486774,11923.120707486774,11962.021612164493,1350.0,1350.0,0.0,1350.0,11872.92942367408,11902.92942367408,11952.021612164493,12142.021612164493,300.0,784.2412733181616,0.0,0,0,0,0
S1,continuous,E,416,36,10580.718301627972,12700.009455852727,12748.244347896716,13107.001373412797,13130.718301627972,2119.291154224755,2119.291154224755,358.75702551608083,2478.0481797408356,12700.009455852727,12730.009455852727,13120.718301627972,13310.718301627972,350.0,706.2648846633377,0.0,0,0,0,1
S1,continuous,E,417,3,10584.30102363665,11902.92942367408,11999.697646971086,12667.393576511995,12740.009455852727,1318.6284000374308,1318.6284000374308,667.6959295409088,1986.3243295783395,11902.92942367408,11932.92942367408,12730.009455852727,12920.009455852727,500.0,1591.278778920713,0.0,0,0,0,1
S1,continuous,E,418,29,10591.033676097717,11775.57609990363,11829.970739676475,11888.231874956513,11942.92942367408,1184.5424238059131,1184.5424238059131,58.261135280037706,1242.8035590859508,11775.57609990363,11805.57609990363,11932.92942367408,12122.92942367408,350.0,884.2412733181616,0.0,0,0,0,1
S1,continuous,E,419,0,10615.57609990363,14384.30102363665,14419.70520855417,14419.70520855417,14422.233551357282,3768.7249237330198,3768.7249237330198,0.0,3768.7249237330198,14384.30102363665,14414.30102363665,14419.70520855417,14609.70520855417,300.0,1079.3620792692923,0.0,0,0,0,0
S1,continuous,E,420,11,10657.66616033081,11805.57609990363,11918.918648449979,13557.17686575106,13619.70520855417,1147.9099395728208,1147.9099395728208,1638.2582173010815,2786.1681568739023,11805.57609990363,11835.57609990363,13609.70520855417,13799.70520855417,600.0,1769.9224953128196,0.0,0,0,0,1
S1,continuous,E,421,61,10670.009455852727,10980.718301627972,11050.054242546405,12847.393576511995,12930.009455852727,310.7088457752452,310.7088457752452,1797.3393339655904,2108.0481797408356,10980.718301627972,11010.718301627972,12920.009455852727,13110.009455852727,550.0,1106.2648846633376,0.0,0,0,0,1
S1,continuous,E,422,42,10712.92942367408,11010.718301627972,11066.158953199063,14373.324397216418,14424.30102363665,297.78887795389164,297.78887795389164,3307.165444017355,3604.954321971247,11010.718301627972,11040.718301627972,14414.30102363665,14604.30102363665,450.0,1255.049330238065,0.0,0,0,0,1
S1,continuous,E,423,7,10719.70520855417,14604.30102363665,14628.231874956513,14698.231874956513,14742.92942367408,3884.595815082479,3884.595815082479,70.0,3954.595815082479,14604.30102363665,14634.30102363665,14732.92942367408,14922.92942367408,300.0,525.3192023310239,0.0,0,0,0,0
S1,continuous,E,424,13,10770.718301627972,11835.57609990363,11882.601358221249,11997.66616033081,12003.015168477248,1064.8577982756578,1064.8577982756578,115.06480210956033,1179.9226003852182,11835.57609990363,11865.57609990363,11997.66616033081,12187.66616033081,300.0,762.8731401140631,0.0,0,0,0,0
S1,continuous,E,425,54,10774.30102363665,14634.30102363665,14668.231874956513,14878.231874956513,14932.92942367408,3860.0,3860.0,210.0,4070.0,14634.30102363665,14664.30102363665,14922.92942367408,15112.92942367408,350.0,625.3192023310239,0.0,0,0,0,1
S1,continuous,E,426,68,10781.033676097717,14664.30102363665,14707.001373412797,14707.001373412797,14730.718301627972,3883.267347538933,3883.267347538933,0.0,3883.267347538933,14664.30102363665,14694.30102363665,14720.718301627972,14910.718301627972,350.0,1055.049330238065,0.0,0,0,0,1
S1,continuous,E,427,22,10805.57609990363,11589.70520855417,11614.857933868705,11614.857933868705,11637.58821758282,784.1291086505407,544.1291086505407,0.0,544.1291086505407,11589.70520855417,11619.70520855417,11627.58821758282,11817.58821758282,350.0,1017.918633347658,0.0,0,0,0,1
S1,continuous,E,428,69,10860.009455852727,11271.033676097717,11303.730395837456,11303.730395837456,11327.447324052631,411.0242202449899,411.0242202449899,0.0,411.0242202449899,11271.033676097717,11301.033676097717,11317.447324052631,11507.447324052631,350.0,896.6651280213995,0.0,0,0,0,1
S1,continuous,E,429,57,10902.92942367408,11177.66616033081,11256.413068134905,12028.231874956513,12132.92942367408,274.7367366567287,214.73673665672868,771.8188068216077,986.5555434783364,11177.66616033081,11207.66616033081,12122.92942367408,12312.92942367408,600.0,1743.4260948305448,0.0,0,0,0,1
S1,continuous,E,430,19,10993.015168477248,12312.92942367408,12400.58119729128,14643.324397216418,14704.30102363665,1319.9142551968325,1319.9142551968325,2242.7431999251385,3562.657455121971,12312.92942367408,12342.92942367408,14694.30102363665,14884.30102363665,500.0,925.3192023310239,0.0,0,0,0,1
S1,continuous,E,431,72,10995.57609990363,11619.70520855417,11656.675195225911,12093.120707486774,12152.021612164493,624.1291086505407,624.1291086505407,436.4455122608633,1060.574620911404,11619.70520855417,11649.70520855417,12142.021612164493,12332.021612164493,400.0,1369.9224953128196,0.0,0,0,0,1
S1,continuous,E,432,26,11022.233551357282,11649.70520855417,11689.316801120767,12288.231874956513,12352.92942367408,627.4716571968893,627.4716571968893,598.9150738357457,1226.386731032635,11649.70520855417,11679.70520855417,12342.92942367408,12532.92942367408,400.0,1575.0127751690416,0.0,0,0,0,1
S1,continuous,E,433,6,11024.30102363665,11865.57609990363,11959.970739676475,12448.231874956513,12542.92942367408,841.2750762669802,841.2750762669802,488.2611352800377,1329.536211547018,11865.57609990363,11895.57609990363,12532.92942367408,12722.92942367408,550.0,1284.2412733181616,0.0,0,0,0,1
S1,continuous,E,434,58,11050.009455852727,11679.70520855417,11704.857933868705,11804.857933868705,11827.58821758282,629.6957527014438,629.6957527014438,100.0,729.6957527014438,11679.70520855417,11709.70520855417,11817.58821758282,12007.58821758282,350.0,1017.918633347658,0.0,0,0,0,1
S1,continuous,E,435,44,11091.033676097717,11091.033676097717,11171.36274099463,12243.120707486774,12342.021612164493,0.0,0.0,1071.757966492145,1071.757966492145,11091.033676097717,11121.033676097717,12332.021612164493,12522.021612164493,600.0,1303.8982765803223,0.0,0,0,0,1
S1,continuous,E,436,21,11092.92942367408,11895.57609990363,11989.970739676475,12638.231874956513,12732.92942367408,802.6466762295495,802.6466762295495,648.2611352800377,1450.9078115095872,11895.57609990363,11925.57609990363,12722.92942367408,12912.92942367408,550.0,1284.2412733181616,0.0,0,0,0,1
S1,continuous,E,437,70,11185.57609990363,14884.30102363665,14927.393576511995,14927.393576511995,14970.009455852727,3698.7249237330198,3698.7249237330198,0.0,3698.7249237330198,14884.30102363665,14914.30102363665,14960.009455852727,15150.009455852727,350.0,1175.6909591456986,0.0,0,0,0,1
S1,continuous,E,438,73,11219.70520855417,11219.70520855417,11299.041149472603,13027.393576511995,13120.009455852727,0.0,0.0,1728.3524270393918,1728.3524270393918,11219.70520855417,11249.70520855417,13110.009455852727,13300.009455852727,600.0,1206.2648846633376,0.0,0,0,0,1
S1,continuous,E,439,74,11243.015168477248,12522.021612164493,12627.581305626085,13217.393576511995,13310.009455852727,1279.0064436872453,1279.0064436872453,589.81227088591,1868.8187145731554,12522.021612164493,12552.021612164493,13300.009455852727,13490.009455852727,600.0,1401.5031723503596,0.0,0,0,0,1
S1,continuous,E,440,5,11282.92942367408,12552.021612164493,12645.364160710842,13767.17686575106,13809.70520855417,1269.0921884904128,1269.0921884904128,1121.8127050402181,2390.904893530631,12552.021612164493,12582.021612164493,13799.70520855417,13989.70520855417,500.0,1569.9224953128196,0.0,0,0,0,1
S1,continuous,E,441,51,11304.30102363665,13490.009455852727,13587.863326657598,14567.17686575106,14619.70520855417,2185.708432216077,2185.708432216077,979.3135390934622,3165.0219713095394,13490.009455852727,13520.009455852727,14609.70520855417,14799.70520855417,550.0,1691.5872083284257,0.0,0,0,0,1
S1,continuous,E,442,47,11320.009455852727,14914.30102363665,14938.231874956513,15078.231874956513,15122.92942367408,3594.291567783923,3594.291567783923,140.0,3734.291567783923,14914.30102363665,14944.30102363665,15112.92942367408,15302.92942367408,300.0,525.3192023310239,0.0,0,0,0,0
S1,continuous,E,443,69,11327.447324052631,11507.447324052631,11600.779342173093,14747.17686575106,14809.70520855417,180.0,180.0,3146.397523577967,3326.397523577967,11507.447324052631,11537.447324052631,14799.70520855417,14989.70520855417,600.0,1988.8990154437997,0.0,0,0,0,1
S1,continuous,E,444,64,11375.57609990363,11537.447324052631,11630.779342173093,14937.17686575106,14999.70520855417,161.87122414900114,161.87122414900114,3306.397523577967,3468.2687477269683,11537.447324052631,11567.447324052631,14989.70520855417,15179.70520855417,600.0,1988.8990154437997,0.0,0,0,0,1
S1,continuous,E,445,45,11409.70520855417,14944.30102363665,14970.876436587565,14970.876436587565,15009.777341265284,3534.595815082479,3534.595815082479,0.0,3534.595815082479,14944.30102363665,14974.30102363665,14999.777341265284,15189.777341265284,300.0,672.6400908686771,0.0,0,0,0,0
S1,continuous,E,446,59,11433.015168477248,13989.70520855417,14013.274678793445,14072.31715218437,14087.66616033081,2556.6900400769227,2556.6900400769227,59.04247339092581,2615.7325134678485,13989.70520855417,14019.70520855417,14077.66616033081,14267.66616033081,350.0,875.4619171585908,0.0,0,0,0,1
S1,continuous,E,447,62,11472.92942367408,13520.009455852727,13624.741261648573,14903.324397216418,14984.30102363665,2047.0800321786464,2047.0800321786464,1278.5831355678456,3325.663167746492,13520.009455852727,13550.009455852727,14974.30102363665,15164.30102363665,600.0,1675.6909591456986,0.0,0,0,0,1
S1,continuous,E,448,65,11494.30102363665,11554.30102363665,11636.385922235566,13467.393576511995,13560.009455852727,60.0,0.0,1831.007654276429,1831.007654276429,11554.30102363665,11584.30102363665,13550.009455852727,13740.009455852727,600.0,1450.3718075943896,0.0,0,0,0,1
S1,continuous,E,449,16,11510.009455852727,14019.70520855417,14036.675195225911,14036.675195225911,14075.57609990363,2509.695752701444,2509.695752701444,0.0,2509.695752701444,14019.70520855417,14049.70520855417,14065.57609990363,14255.57609990363,300.0,1169.9224953128194,0.0,0,0,0,0
S1,continuous,E,450,66,11565.57609990363,14049.70520855417,14069.316801120767,14069.316801120767,14114.014349838335,2484.1291086505407,2484.1291086505407,0.0,2484.1291086505407,14049.70520855417,14079.70520855417,14104.014349838335,14294.014349838335,300.0,1375.0127751690416,0.0,0,0,0,0
S1,continuous,E,451,28,11627.66616033081,13740.009455852727,13788.244347896716,13788.244347896716,13811.961276111891,2112.3432955219178,2112.3432955219178,0.0,2112.3432955219178,13740.009455852727,13770.009455852727,13801.961276111891,13991.961276111891,350.0,706.2648846633377,0.0,0,0,0,1
S1,continuous,E,452,22,11637.58821758282,15164.30102363665,15207.393576511995,15207.393576511995,15250.009455852727,3526.7128060538307,3526.7128060538307,0.0,3526.7128060538307,15164.30102363665,15194.30102363665,15240.009455852727,15430.009455852727,350.0,1175.6909591456986,0.0,0,0,0,1
S1,continuous,E,453,20,11662.92942367408,12582.021612164493,12676.521303372896,15133.324397216418,15204.30102363665,919.0921884904128,919.0921884904128,2456.803093843522,3375.895282333935,12582.021612164493,12612.021612164493,15194.30102363665,15384.30102363665,550.0,1172.6400908686771,0.0,0,0,0,1
S1,continuous,E,454,46,11700.009455852727,15384.30102363665,15419.70520855417,15419.70520855417,15422.233551357282,3684.291567783923,3684.291567783923,0.0,3684.291567783923,15384.30102363665,15414.30102363665,15419.70520855417,15609.70520855417,300.0,1079.3620792692923,0.0,0,0,0,0
S1,continuous,E,455,39,11712.233551357282,11712.233551357282,11791.569492275714,13687.393576511995,13780.009455852727,0.0,0.0,1895.8240842362811,1895.8240842362811,11712.233551357282,11742.233551357282,13770.009455852727,13960.009455852727,600.0,1206.2648846633376,0.0,0,0,0,1
S1,continuous,E,456,50,11714.30102363665,12140.718301627972,12224.7480894218,12818.231874956513,12922.92942367408,426.4172779913224,186.4172779913224,593.4837855347123,779.9010635260347,12140.718301627972,12170.718301627972,12912.92942367408,13102.92942367408,600.0,1579.5963565739237,0.0,0,0,0,1
S1,continuous,E,457,8,11817.66616033081,14079.70520855417,14116.66110985457,15383.324397216418,15424.30102363665,2262.0390482233615,2262.0390482233615,1266.6632873618473,3528.702335585209,14079.70520855417,14109.70520855417,15414.30102363665,15604.30102363665,400.0,1279.3620792692923,0.0,0,0,0,1
S1,continuous,E,458,58,11827.58821758282,12007.58821758282,12083.682729201517,12829.284123977332,12928.18502865505,180.0,180.0,745.6013947758147,925.6013947758147,12007.58821758282,12037.58821758282,12918.18502865505,13108.18502865505,600.0,1082.4378022647784,0.0,0,0,0,1
S1,continuous,E,459,18,11890.009455852727,12187.66616033081,12261.139522117148,13019.284123977332,13118.18502865505,297.65670447808225,297.65670447808225,758.1446018601837,1055.801306338266,12187.66616033081,12217.66616033081,13108.18502865505,13298.18502865505,600.0,1362.873140114063,0.0,0,0,0,1
S1,continuous,E,460,17,11909.70520855417,14299.70520855417,14316.675195225911,14316.675195225911,14355.57609990363,2390.0,2390.0,0.0,2390.0,14299.70520855417,14329.70520855417,14345.57609990363,14535.57609990363,300.0,1169.9224953128194,0.0,0,0,0,0
S1,continuous,E,461,40,11934.30102363665,13960.009455852727,14064.741261648573,15533.324397216418,15614.30102363665,2025.7084322160772,2025.7084322160772,1468.5831355678456,3494.291567783923,13960.009455852727,13990.009455852727,15604.30102363665,15794.30102363665,600.0,1675.6909591456986,0.0,0,0,0,1
S1,continuous,E,462,29,11942.92942367408,12217.66616033081,12294.056295913411,15127.17686575106,15189.70520855417,274.7367366567287,274.7367366567287,2833.120569837649,3107.8573064943776,12217.66616033081,12247.66616033081,15179.70520855417,15369.70520855417,600.0,1375.461917158591,0.0,0,0,0,1
S1,continuous,E,463,2,11960.718301627972,12200.718301627972,12281.047366524885,13209.284123977332,13308.18502865505,240.0,0.0,928.2367574524469,928.2367574524469,12200.718301627972,12230.718301627972,13298.18502865505,13488.18502865505,600.0,1303.8982765803223,0.0,0,0,0,1
S1,continuous,E,464,30,11962.021612164493,12612.021612164493,12706.521303372896,15733.324397216418,15804.30102363665,650.0,650.0,3026.803093843522,3676.803093843522,12612.021612164493,12642.021612164493,15794.30102363665,15984.30102363665,550.0,1172.6400908686771,0.0,0,0,0,1
S1,continuous,E,465,13,12003.015168477248,12170.718301627972,12204.401665868772,12204.401665868772,12227.131949582887,167.70313315072417,167.70313315072417,0.0,167.70313315072417,12170.718301627972,12200.718301627972,12217.131949582887,12407.131949582887,350.0,896.6651280213996,0.0,0,0,0,1
S1,continuous,E,466,43,12080.009455852727,12642.021612164493,12717.53465352395,13277.001373412797,13320.718301627972,562.0121563117664,562.0121563117664,559.4667198888474,1121.4788762006137,12642.021612164493,12672.021612164493,13310.718301627972,13500.718301627972,450.0,1003.8982765803223,0.0,0,0,0,1
S1,continuous,E,467,71,12099.70520855417,13990.009455852727,14097.863326657598,15557.17686575106,15619.70520855417,1890.3042472985562,1890.3042472985562,1459.3135390934622,3349.6177863920184,13990.009455852727,14020.009455852727,15609.70520855417,15799.70520855417,600.0,1791.5872083284257,0.0,0,0,0,1
S1,continuous,E,468,63,12124.30102363665,13102.92942367408,13179.697646971086,13977.393576511995,14030.009455852727,978.6284000374308,978.6284000374308,797.6959295409088,1776.3243295783395,13102.92942367408,13132.92942367408,14020.009455852727,14210.009455852727,400.0,1391.278778920713,0.0,0,0,0,1
S1,continuous,E,469,57,12132.92942367408,14210.009455852727,14257.216024570816,14262.31715218437,14277.66616033081,2077.0800321786464,2077.0800321786464,5.101127613554127,2082.1811597922006,14210.009455852727,14240.009455852727,14267.66616033081,14457.66616033081,350.0,595.8703959263073,0.0,0,0,0,1
S1,continuous,E,470,72,12152.021612164493,14329.70520855417,14371.848641262568,14887.001373412797,14920.718301627972,2177.6835963896774,2177.6835963896774,515.152732150229,2692.8363285399064,14329.70520855417,14359.70520855417,14910.718301627972,15100.718301627972,400.0,1588.8990154438002,0.0,0,0,0,1
S1,continuous,E,471,13,12227.131949582887,12407.131949582887,12429.225180164185,12429.225180164185,12434.574188310624,180.0,180.0,0.0,180.0,12407.131949582887,12437.131949582887,12429.225180164185,12619.225180164185,300.0,714.5929171151033,0.0,0,0,0,0
S1,continuous,E,472,32,12270.009455852727,13132.92942367408,13227.939831970301,13457.001373412797,13510.718301627972,862.9199678213536,862.9199678213536,229.06154144249558,1091.9815092638491,13132.92942367408,13162.92942367408,13500.718301627972,13690.718301627972,500.0,1379.596356573924,0.0,0,0,0,1
S1,continuous,E,473,33,12289.70520855417,12437.131949582887,12512.887975623722,15913.324397216418,15994.30102363665,147.4267410287157,147.4267410287157,3400.436421592696,3547.863162621412,12437.131949582887,12467.131949582887,15984.30102363665,16174.30102363665,600.0,970.2507057864223,0.0,0,0,0,1
S1,continuous,E,474,60,12314.30102363665,16174.30102363665,16209.70520855417,16209.70520855417,16212.233551357282,3860.0,3860.0,0.0,3860.0,16174.30102363665,16204.30102363665,16209.70520855417,16399.705208554173,300.0,1079.3620792692923,0.0,0,0,0,0
S1,continuous,E,475,44,12342.021612164493,16204.30102363665,16237.66616033081,16237.66616033081,16243.015168477248,3862.2794114721564,3862.2794114721564,0.0,3862.2794114721564,16204.30102363665,16234.30102363665,16237.66616033081,16427.66616033081,300.0,957.5288577618476,0.0,0,0,0,0
S1,continuous,E,476,26,12352.92942367408,16234.30102363665,16277.393576511995,16277.393576511995,16320.009455852727,3881.3715999625692,3881.3715999625692,0.0,3881.3715999625692,16234.30102363665,16264.30102363665,16310.009455852727,16500.009455852727,350.0,1175.6909591456986,0.0,0,0,0,1
S1,continuous,E,477,13,12434.574188310624,12554.574188310624,12639.928854536161,15747.17686575106,15809.70520855417,120.0,0.0,3107.2480112148987,3107.2480112148987,12554.574188310624,12584.574188310624,15799.70520855417,15989.70520855417,600.0,1517.9186333476578,0.0,0,0,0,1
S1,continuous,E,478,12,12460.009455852727,12760.009455852727,12836.103967471425,13399.284123977332,13498.18502865505,300.0,0.0,563.1801565059068,563.1801565059068,12760.009455852727,12790.009455852727,13488.18502865505,13678.18502865505,600.0,1082.4378022647784,0.0,0,0,0,1
S1,continuous,E,479,27,12479.70520855417,16264.30102363665,16299.70520855417,16399.705208554173,16402.233551357283,3784.595815082479,3784.595815082479,100.00000000000182,3884.595815082481,16264.30102363665,16294.30102363665,16399.705208554173,16589.705208554173,300.0,1079.3620792692923,0.0,0,0,0,0
S1,continuous,E,480,37,12504.30102363665,16294.30102363665,16318.303392383603,16318.303392383603,16331.033676097717,3790.0,3790.0,0.0,3790.0,16294.30102363665,16324.30102363665,16321.033676097717,16511.033676097715,300.0,370.2507057864224,0.0,0,0,0,0
S1,continuous,E,481,6,12542.92942367408,16324.30102363665,16367.393576511995,16467.393576511997,16510.009455852727,3781.3715999625692,3781.3715999625692,100.0,3881.3715999625692,16324.30102363665,16354.30102363665,16500.009455852727,16690.009455852727,350.0,1175.6909591456986,0.0,0,0,0,1
S1,continuous,E,482,31,12669.70520855417,12669.70520855417,12744.417163567794,12744.417163567794,12817.147447281908,0.0,0.0,0.0,0.0,12669.70520855417,12699.70520855417,12807.147447281908,12997.147447281908,600.0,1314.5929171151033,0.0,0,0,0,1
S1,continuous,E,483,52,12694.30102363665,13678.18502865505,13743.698070014507,13968.244347896716,14001.961276111891,983.8840050184008,923.8840050184008,224.54627788220932,1148.43028290061,13678.18502865505,13708.18502865505,13991.961276111891,14181.961276111891,400.0,903.8982765803223,0.0,0,0,0,1
S1,continuous,E,484,21,12732.92942367408,13162.92942367408,13267.939831970301,14128.244347896716,14191.961276111891,430.0,430.0,860.3045159264148,1290.3045159264148,13162.92942367408,13192.92942367408,14181.961276111891,14371.961276111891,550.0,1479.596356573924,0.0,0,0,0,1
S1,continuous,E,485,35,12738.18502865505,14240.009455852727,14304.696009772897,15248.231874956513,15312.92942367408,1501.8244271976764,1501.8244271976764,943.5358651836159,2445.3602923812923,14240.009455852727,14270.009455852727,15302.92942367408,15492.92942367408,400.0,1391.278778920713,0.0,0,0,0,1
S1,continuous,E,486,3,12740.009455852727,12997.147447281908,13079.844167021647,15037.001373412797,15110.718301627972,257.13799142918106,257.13799142918106,1957.1572063911499,2214.295197820331,12997.147447281908,13027.147447281908,15100.718301627972,15290.718301627972,600.0,1396.6651280213996,0.0,0,0,0,1
S1,continuous,E,487,48,12741.961276111891,12861.961276111891,12880.717418185768,13158.231874956513,13202.92942367408,120.0,0.0,277.5144567707448,277.5144567707448,12861.961276111891,12891.961276111891,13192.92942367408,13382.92942367408,300.0,1144.0417128159443,0.6156179853993535,1,1,1,0
S1,continuous,E,488,31,12817.147447281908,13708.18502865505,13812.684719863453,16283.324397216418,16364.30102363665,891.0375813731425,891.0375813731425,2470.639677352965,3361.6772587261075,13708.18502865505,13738.18502865505,16354.30102363665,16544.30102363665,600.0,1272.6400908686771,0.0,0,0,0,1
S1,continuous,E,489,4,12852.233551357282,14270.009455852727,14334.741261648573,16513.32439721642,16554.30102363665,1417.7759044954455,1417.7759044954455,2178.5831355678456,3596.359040063291,14270.009455852727,14300.009455852727,16544.30102363665,16734.30102363665,400.0,1275.6909591456986,0.0,0,0,0,1
S1,continuous,E,490,24,12914.30102363665,13738.18502865505,13842.684719863453,16663.32439721642,16744.30102363665,823.8840050184008,823.8840050184008,2820.639677352965,3644.523682371366,13738.18502865505,13768.18502865505,16734.30102363665,16924.30102363665,600.0,1272.6400908686771,0.0,0,0,0,1
S1,continuous,E,491,50,12922.92942367408,13690.718301627972,13724.7480894218,13724.7480894218,13779.445638139368,767.7888779538916,767.7888779538916,0.0,767.7888779538916,13690.718301627972,13720.718301627972,13769.445638139368,13959.445638139368,350.0,1079.5963565739237,0.0,0,0,0,1
S1,continuous,E,492,58,12928.18502865505,13768.18502865505,13835.21028697267,14442.31715218437,14467.66616033081,840.0,840.0,607.106865211701,1447.106865211701,13768.18502865505,13798.18502865505,14457.66616033081,14647.66616033081,400.0,962.8731401140631,0.0,0,0,0,1
S1,continuous,E,493,61,12930.009455852727,14300.009455852727,14368.244347896716,15257.001373412797,15300.718301627972,1370.0,1370.0,888.7570255160808,2258.757025516081,14300.009455852727,14330.009455852727,15290.718301627972,15480.718301627972,450.0,906.2648846633377,0.0,0,0,0,1
S1,continuous,E,494,9,12940.718301627972,16924.30102363665,16950.876436587565,16950.876436587565,16989.777341265286,3983.5827220086776,3983.5827220086776,0.0,3983.5827220086776,16924.30102363665,16954.30102363665,16979.777341265286,17169.777341265286,300.0,672.6400908686771,0.0,0,0,0,0
S1,continuous,E,495,56,13049.70520855417,14359.70520855417,14421.848641262568,15437.001373412797,15490.718301627972,1310.0,1310.0,1015.152732150229,2325.152732150229,14359.70520855417,14389.70520855417,15480.718301627972,15670.718301627972,500.0,1788.8990154438002,0.0,0,0,0,1
S1,continuous,E,496,38,13104.30102363665,13404.30102363665,13450.395535255348,13739.284123977332,13808.18502865505,300.0,0.0,288.888588721984,288.888588721984,13404.30102363665,13434.30102363665,13798.18502865505,13988.18502865505,450.0,782.4378022647783,0.0,0,0,0,1
S1,continuous,E,497,18,13118.18502865505,14389.70520855417,14406.675195225911,14506.675195225911,14545.57609990363,1271.5201798991202,1271.5201798991202,100.0,1371.5201798991202,14389.70520855417,14419.70520855417,14535.57609990363,14725.57609990363,300.0,1169.9224953128194,0.0,0,0,0,0
S1,continuous,E,498,73,13120.009455852727,13988.18502865505,14065.21028697267,14622.31715218437,14657.66616033081,868.1755728023236,868.1755728023236,557.106865211701,1425.2824380140246,13988.18502865505,14018.18502865505,14647.66616033081,14837.66616033081,450.0,1062.873140114063,0.0,0,0,0,1
S1,continuous,E,499,36,13130.718301627972,13430.718301627972,13500.657999151768,14247.393576511995,14340.009455852727,300.0,0.0,746.7355773602267,746.7355773602267,13430.718301627972,13460.718301627972,14330.009455852727,14520.009455852727,600.0,1095.8703959263073,0.0,0,0,0,1
S1,continuous,E,500,48,13202.92942367408,14018.18502865505,14105.21028697267,14802.31715218437,14847.66616033081,815.25560498097,815.25560498097,697.106865211701,1512.362470192671,14018.18502865505,14048.18502865505,14837.66616033081,15027.66616033081,500.0,1162.873140114063,0.0,0,0,0,1
S1,continuous,E,501,25,13239.70520855417,13720.718301627972,13784.406815222615,14992.31715218437,15037.66616033081,481.01309307380143,481.01309307380143,1207.910336961755,1688.9234300355565,13720.718301627972,13750.718301627972,15027.66616033081,15217.66616033081,500.0,1160.1020404392934,0.0,0,0,0,1
S1,continuous,E,502,49,13294.30102363665,13750.718301627972,13804.7480894218,15428.231874956513,15502.92942367408,456.4172779913224,456.4172779913224,1623.4837855347123,2079.9010635260347,13750.718301627972,13780.718301627972,15492.92942367408,15682.92942367408,450.0,1279.5963565739237,0.0,0,0,0,1
S1,continuous,E,503,2,13308.18502865505,16954.30102363665,16987.666160330806,16987.666160330806,16993.015168477243,3646.115994981599,3646.115994981599,0.0,3646.115994981599,16954.30102363665,16984.30102363665,16987.666160330806,17177.666160330806,300.0,957.5288577618476,0.0,0,0,0,0
S1,continuous,E,504,74,13310.009455852727,13370.009455852727,13433.482817639066,14646.675195225911,14735.57609990363,60.0,0.0,1213.1923775868454,1213.1923775868454,13370.009455852727,13400.009455852727,14725.57609990363,14915.57609990363,550.0,1262.873140114063,0.0,0,0,0,1
S1,continuous,E,505,43,13320.718301627972,14520.009455852727,14567.865411301947,15989.70520855417,15992.233551357282,1199.2911542247548,1199.2911542247548,1421.8397972522234,2621.130951476978,14520.009455852727,14550.009455852727,15989.70520855417,16179.70520855417,300.0,1191.726184618327,0.13897628990127942,2,2,1,0
S1,continuous,E,506,14,13422.233551357282,16984.30102363665,17027.393576511993,17027.393576511993,17070.009455852723,3562.0674722793683,3562.0674722793683,0.0,3562.0674722793683,16984.30102363665,17014.30102363665,17060.009455852723,17250.009455852723,350.0,1175.6909591456986,0.0,0,0,0,1
S1,continuous,E,507,34,13484.30102363665,13484.30102363665,13499.012978650273,13499.012978650273,13511.743262364387,0.0,0.0,0.0,0.0,13484.30102363665,13514.30102363665,13501.743262364387,13691.743262364387,300.0,714.5929171151033,0.0,0,0,0,0
S1,continuous,E,508,12,13498.18502865505,13498.18502865505,13547.566990418609,13689.012978650273,13701.743262364387,0.0,0.0,141.44598823166416,141.44598823166416,13498.18502865505,13528.18502865505,13691.743262364387,13881.743262364387,300.0,599.4333652244882,0.0,0,0,0,0
S1,continuous,E,509,32,13510.718301627972,17014.30102363665,17040.876436587565,17140.876436587565,17179.777341265286,3503.5827220086776,3503.5827220086776,100.0,3603.5827220086776,17014.30102363665,17044.30102363665,17169.777341265286,17359.777341265286,300.0,672.6400908686771,0.0,0,0,0,0
S1,continuous,E,510,34,13511.743262364387,15369.70520855417,15406.66110985457,17013.32439721642,17054.30102363665,1857.9619461897837,1857.9619461897837,1606.6632873618473,3464.625233551631,15369.70520855417,15399.70520855417,17044.30102363665,17234.30102363665,400.0,1279.3620792692923,0.0,0,0,0,1
S1,continuous,E,511,65,13560.009455852727,17234.30102363665,17267.666160330806,17267.666160330806,17273.015168477243,3674.291567783923,3674.291567783923,0.0,3674.291567783923,17234.30102363665,17264.30102363665,17267.666160330806,17457.666160330806,300.0,957.5288577618476,0.0,0,0,0,0
S1,continuous,E,512,11,13619.70520855417,17264.30102363665,17297.666160330806,17457.666160330806,17463.015168477243,3644.595815082479,3644.595815082479,160.0,3804.595815082479,17264.30102363665,17294.30102363665,17457.666160330806,17647.666160330806,300.0,957.5288577618476,0.0,0,0,0,0
S1,continuous,E,513,15,13674.30102363665,16179.70520855417,16199.316801120767,16199.316801120767,16244.014349838335,2505.404184917521,2505.404184917521,0.0,2505.404184917521,16179.70520855417,16209.70520855417,16234.014349838335,16424.014349838333,300.0,1375.0127751690416,0.0,0,0,0,0
S1,continuous,E,514,12,13701.743262364387,14570.718301627972,14614.050319748434,16587.176865751062,16599.705208554173,868.9750392635851,868.9750392635851,1973.126546002628,2842.101585266213,14570.718301627972,14600.718301627972,16589.705208554173,16779.705208554173,350.0,1488.8990154437997,0.0,0,0,0,1
S1,continuous,E,515,50,13779.445638139368,16779.705208554173,16799.316801120767,16799.316801120767,16844.014349838333,3000.2595704148043,3000.2595704148043,0.0,3000.2595704148043,16779.705208554173,16809.705208554173,16834.014349838333,17024.014349838333,300.0,1375.0127751690416,0.0,0,0,0,0
S1,continuous,E,516,39,13780.009455852727,14255.57609990363,14341.135793365222,14487.393576511995,14560.009455852727,475.56664405090305,475.56664405090305,146.25778314677336,621.8244271976764,14255.57609990363,14285.57609990363,14550.009455852727,14740.009455852727,500.0,1201.5031723503596,0.0,0,0,0,1
S1,continuous,E,517,38,13808.18502865505,14285.57609990363,14398.918648449979,16757.176865751062,16819.705208554173,477.39107124857946,477.39107124857946,2358.2582173010833,2835.6492885496627,14285.57609990363,14315.57609990363,16809.705208554173,16999.705208554173,600.0,1769.9224953128196,0.0,0,0,0,1
S1,continuous,E,518,5,13809.70520855417,14315.57609990363,14367.841232485933,14367.841232485933,14390.571516200047,505.87089134945927,505.87089134945927,0.0,505.87089134945927,14315.57609990363,14345.57609990363,14380.571516200047,14570.571516200047,350.0,582.4378022647783,0.0,0,0,0,1
S1,continuous,E,519,28,13811.961276111891,13959.445638139368,14074.456046435589,15607.001373412797,15680.718301627972,147.4843620274769,147.4843620274769,1532.5453269772079,1680.0296890046848,13959.445638139368,13989.445638139368,15670.718301627972,15860.718301627972,600.0,1579.596356573924,0.0,0,0,0,1
S1,continuous,E,520,41,13893.015168477248,14013.015168477248,14088.771194518084,17223.32439721642,17304.30102363665,120.0,0.0,3134.5532026983346,3134.5532026983346,14013.015168477248,14043.015168477248,17294.30102363665,17484.30102363665,600.0,970.2507057864223,0.0,0,0,0,1
S1,continuous,E,521,55,13894.30102363665,13989.445638139368,14104.456046435589,15797.001373412797,15870.718301627972,95.14461450271847,95.14461450271847,1692.5453269772079,1787.6899414799263,13989.445638139368,14019.445638139368,15860.718301627972,16050.718301627972,600.0,1579.596356573924,0.0,0,0,0,1
S1,continuous,E,522,52,14001.961276111891,14600.718301627972,14634.406815222615,15212.31715218437,15227.66616033081,598.7570255160808,598.7570255160808,577.9103369617551,1176.667362477836,14600.718301627972,14630.718301627972,15217.66616033081,15407.66616033081,350.0,860.1020404392933,0.0,0,0,0,1
S1,continuous,E,523,63,14030.009455852727,15407.66616033081,15445.403678751176,17453.32439721642,17494.30102363665,1377.6567044780822,1377.6567044780822,2007.9207184652423,3385.5774229433246,15407.66616033081,15437.66616033081,17484.30102363665,17674.30102363665,400.0,1157.5288577618476,0.0,0,0,0,1
S1,continuous,E,524,16,14075.57609990363,17674.30102363665,17707.666160330806,17707.666160330806,17713.015168477243,3598.7249237330198,3598.7249237330198,0.0,3598.7249237330198,17674.30102363665,17704.30102363665,17707.666160330806,17897.666160330806,300.0,957.5288577618476,0.0,0,0,0,0
S1,continuous,E,525,59,14087.66616033081,14630.718301627972,14661.047366524885,15150.876436587565,15199.777341265284,543.052141297163,543.052141297163,489.82907006268033,1032.8812113598433,14630.718301627972,14660.718301627972,15189.777341265284,15379.777341265284,350.0,803.8982765803223,0.0,0,0,0,1
S1,continuous,E,526,1,14112.233551357282,15682.92942367408,15733.120707486774,15733.120707486774,15772.021612164493,1570.695872316799,1330.695872316799,0.0,1330.695872316799,15682.92942367408,15712.92942367408,15762.021612164493,15952.021612164493,300.0,784.2412733181616,0.0,0,0,0,0
S1,continuous,E,527,66,14114.014349838335,14915.57609990363,14998.918648449979,16977.176865751062,17009.705208554173,801.5617500652952,801.5617500652952,1978.2582173010833,2779.8199673663785,14915.57609990363,14945.57609990363,16999.705208554173,17189.705208554173,450.0,1469.9224953128196,0.0,0,0,0,1
S1,continuous,E,528,67,14114.30102363665,17704.30102363665,17728.3033923836,17728.3033923836,17741.033676097715,3590.0,3590.0,0.0,3590.0,17704.30102363665,17734.30102363665,17731.033676097715,17921.033676097715,300.0,370.2507057864224,0.0,0,0,0,0
S1,continuous,E,529,21,14191.961276111891,17734.30102363665,17777.393576511993,17777.393576511993,17820.009455852723,3542.3397475247584,3542.3397475247584,0.0,3542.3397475247584,17734.30102363665,17764.30102363665,17810.009455852723,18000.009455852723,350.0,1175.6909591456986,0.0,0,0,0,1
S1,continuous,E,530,57,14277.66616033081,15712.92942367408,15817.939831970301,15997.001373412797,16060.718301627972,1435.2632633432713,1375.2632633432713,179.06154144249558,1554.324804785767,15712.92942367408,15742.92942367408,16050.718301627972,16240.718301627972,550.0,1479.596356573924,0.0,0,0,0,1
S1,continuous,E,531,36,14340.009455852727,14340.009455852727,14397.424152612832,15668.231874956513,15752.92942367408,0.0,0.0,1270.8077223436812,1270.8077223436812,14340.009455852727,14370.009455852727,15742.92942367408,15932.92942367408,500.0,999.4333652244882,0.0,0,0,0,1
S1,continuous,E,532,17,14355.57609990363,17189.705208554173,17209.316801120767,17209.316801120767,17254.014349838333,2834.1291086505425,2834.1291086505425,0.0,2834.1291086505425,17189.705208554173,17219.705208554173,17244.014349838333,17434.014349838333,300.0,1375.0127751690416,0.0,0,0,0,0
S1,continuous,E,533,23,14362.92942367408,14570.571516200047,14646.666027818745,15290.876436587565,15389.777341265284,207.6420925259663,207.6420925259663,644.2104087688203,851.8525012947866,14570.571516200047,14600.571516200047,15379.777341265284,15569.777341265284,600.0,1082.4378022647784,0.0,0,0,0,1
S1,continuous,E,534,5,14390.571516200047,14740.009455852727,14791.979950078261,14791.979950078261,14814.710233792375,349.43793965268014,349.43793965268014,0.0,349.43793965268014,14740.009455852727,14770.009455852727,14804.710233792375,14994.710233792375,350.0,950.3718075943896,0.0,0,0,0,1
S1,continuous,E,535,10,14390.718301627972,17764.30102363665,17807.001373412797,17807.001373412797,17830.71830162797,3373.5827220086776,3373.5827220086776,0.0,3373.5827220086776,17764.30102363665,17794.30102363665,17820.71830162797,18010.71830162797,350.0,1055.049330238065,0.0,0,0,0,1
S1,continuous,E,536,0,14422.233551357282,17794.30102363665,17827.666160330806,17897.666160330806,17903.015168477243,3372.0674722793683,3372.0674722793683,70.0,3442.0674722793683,17794.30102363665,17824.30102363665,17897.666160330806,18087.666160330806,300.0,957.5288577618476,0.0,0,0,0,0
S1,continuous,E,537,42,14424.30102363665,15932.92942367408,15999.697646971086,15999.697646971086,16042.313526311818,1508.6284000374308,1508.6284000374308,0.0,1508.6284000374308,15932.92942367408,15962.92942367408,16032.313526311818,16222.313526311818,350.0,1291.278778920713,0.0,0,0,0,1
S1,continuous,E,538,58,14467.66616033081,16240.718301627972,16274.406815222615,16422.31715218437,16437.666160330806,1773.052141297163,1533.052141297163,147.9103369617551,1680.962478258918,16240.718301627972,16270.718301627972,16427.66616033081,16617.66616033081,350.0,860.1020404392933,0.0,0,0,0,1
S1,continuous,E,539,18,14545.57609990363,17824.30102363665,17867.001373412797,17997.001373412797,18020.71830162797,3278.7249237330198,3278.7249237330198,130.0,3408.7249237330198,17824.30102363665,17854.30102363665,18010.71830162797,18200.71830162797,350.0,1055.049330238065,0.0,0,0,0,1
S1,continuous,E,540,53,14552.92942367408,15437.66616033081,15516.413068134905,15868.231874956513,15972.92942367408,884.7367366567287,884.7367366567287,351.8188068216077,1236.5555434783364,15437.66616033081,15467.66616033081,15962.92942367408,16152.92942367408,600.0,1743.4260948305448,0.0,0,0,0,1
S1,continuous,E,541,39,14560.009455852727,17854.30102363665,17907.001373412797,18177.001373412797,18210.71830162797,3294.291567783923,3294.291567783923,270.0,3564.291567783923,17854.30102363665,17884.30102363665,18200.71830162797,18390.71830162797,400.0,1155.049330238065,0.0,0,0,0,1
S1,continuous,E,542,51,14619.70520855417,17884.30102363665,17919.70520855417,17919.70520855417,17922.23355135728,3264.595815082479,3264.595815082479,0.0,3264.595815082479,17884.30102363665,17914.30102363665,17919.70520855417,18109.70520855417,300.0,1079.3620792692923,0.0,0,0,0,0
S1,continuous,E,543,73,14657.66616033081,17219.705208554173,17243.274678793445,18082.31715218437,18097.666160330806,2562.0390482233634,2562.0390482233634,839.042473390924,3401.0815216142873,17219.705208554173,17249.705208554173,18087.666160330806,18277.666160330806,350.0,875.4619171585908,0.0,0,0,0,1
S1,continuous,E,544,19,14704.30102363665,14770.009455852727,14874.696009772897,16329.316801120765,16434.014349838333,65.7084322160772,65.7084322160772,1454.6207913478684,1520.3292235639456,14770.009455852727,14800.009455852727,16424.014349838333,16614.014349838333,600.0,1791.278778920713,0.0,0,0,0,1
S1,continuous,E,545,68,14730.718301627972,17249.705208554173,17281.848641262568,17281.848641262568,17305.56556947774,2518.9869069262004,2518.9869069262004,0.0,2518.9869069262004,17249.705208554173,17279.705208554173,17295.56556947774,17485.56556947774,350.0,1488.8990154438002,0.0,0,0,0,1
S1,continuous,E,546,74,14735.57609990363,15467.66616033081,15487.605857854605,15487.605857854605,15530.221737195337,732.0900604271792,732.0900604271792,0.0,732.0900604271792,15467.66616033081,15497.66616033081,15520.221737195337,15710.221737195337,350.0,595.8703959263073,0.0,0,0,0,1
S1,continuous,E,547,7,14742.92942367408,15497.66616033081,15572.986753856716,16207.001373412797,16280.718301627972,754.7367366567287,754.7367366567287,634.014619556081,1388.7513562128097,15497.66616033081,15527.66616033081,16270.718301627972,16460.718301627974,600.0,1360.1020404392934,0.0,0,0,0,1
S1,continuous,E,548,69,14809.70520855417,15527.66616033081,15602.986753856716,16397.0013734128,16470.718301627974,717.9609517766385,717.9609517766385,794.0146195560828,1511.9755713327213,15527.66616033081,15557.66616033081,16460.718301627974,16650.718301627974,600.0,1360.1020404392934,0.0,0,0,0,1
S1,continuous,E,549,5,14814.710233792375,16152.92942367408,16202.311385437639,16508.3033923836,16521.033676097715,1338.2191898817055,1338.2191898817055,305.9920069459622,1644.2111968276677,16152.92942367408,16182.92942367408,16511.033676097715,16701.033676097715,300.0,599.4333652244882,0.0,0,0,0,0
S1,continuous,E,550,48,14847.66616033081,15569.777341265284,15674.277032473687,17843.32439721642,17924.30102363665,722.1111809344748,542.1111809344748,2169.0473647427316,2711.1585456772063,15569.777341265284,15599.777341265284,17914.30102363665,18104.30102363665,600.0,1272.6400908686771,0.0,0,0,0,1
S1,continuous,E,551,72,14920.718301627972,15599.777341265284,15652.042473847587,15652.042473847587,15674.772757561701,679.0590396373118,619.0590396373118,0.0,619.0590396373118,15599.777341265284,15629.777341265284,15664.772757561701,15854.772757561701,350.0,582.4378022647783,0.0,0,0,0,1
S1,continuous,E,552,54,14932.92942367408,18104.30102363665,18147.393576511993,18147.393576511993,18190.009455852723,3171.3715999625692,3171.3715999625692,0.0,3171.3715999625692,18104.30102363665,18134.30102363665,18180.009455852723,18370.009455852723,350.0,1175.6909591456986,0.0,0,0,0,1
S1,continuous,E,553,70,14970.009455852727,16182.92942367408,16257.939831970301,16627.0013734128,16660.718301627974,1212.9199678213536,1212.9199678213536,369.0615414424974,1581.981509263851,16182.92942367408,16212.92942367408,16650.718301627974,16840.718301627974,400.0,1179.5963565739237,0.0,0,0,0,1
S1,continuous,E,554,62,14984.30102363665,15557.66616033081,15591.139522117148,15903.120707486774,15962.021612164493,573.3651366941594,573.3651366941594,311.9811853696265,885.3463220637859,15557.66616033081,15587.66616033081,15952.021612164493,16142.021612164493,400.0,962.8731401140631,0.0,0,0,0,1
S1,continuous,E,555,64,14999.70520855417,17279.705208554173,17326.661109854573,18093.32439721642,18144.30102363665,2280.000000000002,2280.000000000002,766.6632873618473,3046.663287361849,17279.705208554173,17309.705208554173,18134.30102363665,18324.30102363665,450.0,1379.3620792692923,0.0,0,0,0,1
S1,continuous,E,556,45,15009.777341265284,16840.718301627974,16874.748089421802,16979.316801120767,17034.014349838333,1830.94096036269,1830.94096036269,104.56871169896476,1935.5096720616548,16840.718301627974,16870.718301627974,17024.014349838333,17214.014349838333,350.0,1079.5963565739237,0.0,0,0,0,1
S1,continuous,E,557,25,15037.66616033081,15150.009455852727,15247.863326657598,17267.176865751062,17319.705208554173,112.34329552191775,112.34329552191775,2019.313539093464,2131.6568346153817,15150.009455852727,15180.009455852727,17309.705208554173,17499.705208554173,550.0,1691.5872083284257,0.0,0,0,0,1
S1,continuous,E,558,3,15110.718301627972,16614.014349838333,16735.795148319383,17447.176865751062,17509.705208554173,1503.2960482103608,1503.2960482103608,711.3817174316791,2214.67776564204,16614.014349838333,16644.014349838333,17499.705208554173,17689.705208554173,600.0,1975.0127751690416,0.0,0,0,0,1
S1,continuous,E,559,47,15122.92942367408,15430.009455852727,15528.244347896716,16807.0013734128,16880.718301627974,307.08003217864643,187.08003217864643,1278.7570255160826,1465.837057694729,15430.009455852727,15460.009455852727,16870.718301627974,17060.718301627974,600.0,1206.2648846633379,0.0,0,0,0,1
S1,continuous,E,560,29,15189.70520855417,17689.705208554173,17714.857933868705,17908.3033923836,17931.033676097715,2500.000000000002,2500.000000000002,193.44545851489602,2693.445458514898,17689.705208554173,17719.705208554173,17921.033676097715,18111.033676097715,350.0,1017.918633347658,0.0,0,0,0,1
S1,continuous,E,561,59,15199.777341265284,16644.014349838333,16731.66612345553,18273.32439721642,18334.30102363665,1444.237008573049,1444.237008573049,1541.6582737608915,2985.8952823339405,16644.014349838333,16674.014349838333,18324.30102363665,18514.30102363665,500.0,925.3192023310239,0.0,0,0,0,1
S1,continuous,E,562,20,15204.30102363665,17060.718301627974,17090.054242546405,17217.393576511993,17260.009455852723,1856.4172779913242,1856.4172779913242,127.3393339655886,1983.7566119569128,17060.718301627974,17090.718301627974,17250.009455852723,17440.009455852723,350.0,706.2648846633376,0.0,0,0,0,1
S1,continuous,E,563,52,15227.66616033081,17090.718301627974,17124.748089421802,17389.316801120767,17444.014349838333,1863.0521412971648,1863.0521412971648,264.56871169896476,2127.6208529961295,17090.718301627974,17120.718301627974,17434.014349838333,17624.014349838333,350.0,1079.5963565739237,0.0,0,0,0,1
S1,continuous,E,564,22,15250.009455852727,15710.221737195337,15779.496405319942,16083.120707486774,16152.021612164493,460.21228134261037,160.21228134261037,303.6243021668324,463.8365835094428,15710.221737195337,15740.221737195337,16142.021612164493,16332.021612164493,450.0,1101.5031723503598,0.0,0,0,0,1
S1,continuous,E,565,61,15300.718301627972,15480.718301627972,15566.07296785351,17667.176865751062,17729.705208554173,180.0,0.0,2101.103897897552,2101.103897897552,15480.718301627972,15510.718301627972,17719.705208554173,17909.705208554173,600.0,1517.9186333476578,0.0,0,0,0,1
S1,continuous,E,566,35,15312.92942367408,16674.014349838333,16742.109798213558,16742.109798213558,16757.458806359995,1361.0849261642525,1361.0849261642525,0.0,1361.0849261642525,16674.014349838333,16704.014349838333,16747.458806359995,16937.458806359995,350.0,1243.4260948305448,0.0,0,0,0,1
S1,continuous,E,567,23,15389.777341265284,15629.777341265284,15735.29038262474,17421.848641262564,17495.565569477738,240.0,240.0,1686.558258637826,1926.558258637826,15629.777341265284,15659.777341265284,17485.56556947774,17675.56556947774,600.0,1303.8982765803223,0.0,0,0,0,1
S1,continuous,E,568,46,15422.233551357282,15659.777341265284,15754.17198103813,17539.316801120767,17634.014349838333,237.5437899080025,237.5437899080025,1785.1448200826362,2022.6886099906387,15659.777341265284,15689.777341265284,17624.014349838333,17814.014349838333,550.0,1284.2412733181616,0.0,0,0,0,1
S1,continuous,E,569,8,15424.30102363665,18109.70520855417,18176.66110985457,18453.32439721642,18524.30102363665,2685.404184917519,2685.404184917519,276.66328736185096,2962.06747227937,18109.70520855417,18139.70520855417,18514.30102363665,18704.30102363665,550.0,1579.3620792692923,0.0,0,0,0,1
S1,continuous,E,570,56,15490.718301627972,18139.70520855417,18159.316801120764,18159.316801120764,18204.01434983833,2648.9869069261968,2648.9869069261968,0.0,2648.9869069261968,18139.70520855417,18169.70520855417,18194.01434983833,18384.01434983833,300.0,1375.0127751690416,0.0,0,0,0,0
S1,continuous,E,571,49,15502.92942367408,17120.718301627974,17154.401665868772,17154.401665868772,17177.131949582887,1617.7888779538935,1617.7888779538935,0.0,1617.7888779538935,17120.718301627974,17150.718301627974,17167.131949582887,17357.131949582887,350.0,896.6651280213996,0.0,0,0,0,1
S1,continuous,E,572,74,15530.221737195337,16704.014349838333,16805.795148319383,18137.17686575106,18179.70520855417,1173.7926126429957,1173.7926126429957,1331.3817174316755,2505.174330074671,16704.014349838333,16734.014349838333,18169.70520855417,18359.70520855417,500.0,1775.0127751690416,0.0,0,0,0,1
S1,continuous,E,573,40,15614.30102363665,16734.014349838333,16783.39631160189,16783.39631160189,16796.126595316004,1119.7133262016832,1119.7133262016832,0.0,1119.7133262016832,16734.014349838333,16764.014349838333,16786.126595316004,16976.126595316004,300.0,599.4333652244882,0.0,0,0,0,0
S1,continuous,E,574,71,15619.70520855417,18704.30102363665,18737.666160330806,18737.666160330806,18743.015168477243,3084.595815082479,3084.595815082479,0.0,3084.595815082479,18704.30102363665,18734.30102363665,18737.666160330806,18927.666160330806,300.0,957.5288577618476,0.0,0,0,0,0
S1,continuous,E,575,72,15674.772757561701,16764.014349838333,16824.205633651025,17320.876436587565,17369.777341265286,1089.2415922766322,1089.2415922766322,496.67080293654,1585.9123952131722,16764.014349838333,16794.014349838333,17359.777341265286,17549.777341265286,350.0,884.2412733181616,0.0,0,0,0,1
S1,continuous,E,576,28,15680.718301627972,16794.014349838333,16872.109798213558,18262.31715218437,18287.666160330806,1113.2960482103608,1113.2960482103608,1390.2073539708108,2503.5034021811716,16794.014349838333,16824.014349838333,18277.666160330806,18467.666160330806,400.0,1343.4260948305448,0.0,0,0,0,1
S1,continuous,E,577,36,15752.92942367408,18734.30102363665,18777.001373412797,18777.001373412797,18800.71830162797,2981.3715999625692,2981.3715999625692,0.0,2981.3715999625692,18734.30102363665,18764.30102363665,18790.71830162797,18980.71830162797,350.0,1055.049330238065,0.0,0,0,0,1
S1,continuous,E,578,1,15772.021612164493,18764.30102363665,18797.666160330806,18927.666160330806,18933.015168477243,2992.2794114721564,2992.2794114721564,130.0,3122.2794114721564,18764.30102363665,18794.30102363665,18927.666160330806,19117.666160330806,300.0,957.5288577618476,0.0,0,0,0,0
S1,continuous,E,579,30,15804.30102363665,17214.014349838333,17290.782573135337,17397.393576511993,17450.009455852723,1409.7133262016832,1409.7133262016832,106.6110033766563,1516.3243295783395,17214.014349838333,17244.014349838333,17440.009455852723,17630.009455852723,400.0,1391.278778920713,0.0,0,0,0,1
S1,continuous,E,580,13,15809.70520855417,15809.70520855417,15888.979876678775,16263.120707486774,16342.021612164493,0.0,0.0,374.140830807999,374.140830807999,15809.70520855417,15839.70520855417,16332.021612164493,16522.02161216449,500.0,1201.5031723503598,0.0,0,0,0,1
S1,continuous,E,581,55,15870.718301627972,18359.70520855417,18379.316801120764,18379.316801120764,18424.01434983833,2488.9869069261968,2488.9869069261968,0.0,2488.9869069261968,18359.70520855417,18389.70520855417,18414.01434983833,18604.01434983833,300.0,1375.0127751690416,0.0,0,0,0,0
S1,continuous,E,582,62,15962.021612164493,17814.014349838333,17890.782573135337,18327.393576511993,18380.009455852723,1851.9927376738397,1851.9927376738397,436.6110033766563,2288.603741050496,17814.014349838333,17844.014349838333,18370.009455852723,18560.009455852723,400.0,1391.278778920713,0.0,0,0,0,1
S1,continuous,E,583,53,15972.92942367408,16617.66616033081,16686.413068134905,17759.316801120767,17854.014349838333,644.7367366567287,404.7367366567287,1072.903732985862,1477.6404696425907,16617.66616033081,16647.66616033081,17844.014349838333,18034.014349838333,550.0,1643.4260948305448,0.0,0,0,0,1
S1,continuous,E,584,43,15992.233551357282,18389.70520855417,18421.848641262564,18421.848641262564,18445.565569477738,2397.4716571968875,2397.4716571968875,0.0,2397.4716571968875,18389.70520855417,18419.70520855417,18435.565569477738,18625.565569477738,350.0,1488.8990154438002,0.0,0,0,0,1
S1,continuous,E,585,33,15994.30102363665,17150.718301627974,17236.158953199065,18723.32439721642,18804.30102363665,1156.4172779913242,1156.4172779913242,1487.1654440173552,2643.5827220086794,17150.718301627974,17180.718301627974,18794.30102363665,18984.30102363665,600.0,1555.049330238065,0.0,0,0,0,1
S1,continuous,E,586,42,16042.313526311818,16690.009455852727,16794.74126164857,18913.32439721642,18994.30102363665,647.6959295409088,407.69592954090876,2118.5831355678492,2526.279065108758,16690.009455852727,16720.009455852727,18984.30102363665,19174.30102363665,600.0,1675.6909591456986,0.0,0,0,0,1
S1,continuous,E,587,57,16060.718301627972,18419.70520855417,18436.67519522591,18436.67519522591,18475.576099903632,2358.9869069261968,2358.9869069261968,0.0,2358.9869069261968,18419.70520855417,18449.70520855417,18465.576099903632,18655.576099903632,300.0,1169.9224953128194,0.0,0,0,0,0
S1,continuous,E,588,22,16152.021612164493,16222.313526311818,16291.588194436423,16463.12070748677,16532.02161216449,70.29191414732486,70.29191414732486,171.53251305034973,241.8244271976746,16222.313526311818,16252.313526311818,16522.02161216449,16712.02161216449,450.0,1101.5031723503598,0.0,0,0,0,1
S1,continuous,E,589,60,16212.233551357282,16720.009455852727,16827.863326657596,18397.17686575106,18459.70520855417,507.7759044954455,387.7759044954455,1569.3135390934622,1957.0894435889077,16720.009455852727,16750.009455852727,18449.70520855417,18639.70520855417,600.0,1791.5872083284257,0.0,0,0,0,1
S1,continuous,E,590,44,16243.015168477248,19174.30102363665,19198.23187495651,19198.23187495651,19242.929423674075,2931.2858551594018,2931.2858551594018,0.0,2931.2858551594018,19174.30102363665,19204.30102363665,19232.929423674075,19422.929423674075,300.0,525.3192023310239,0.0,0,0,0,0
S1,continuous,E,591,15,16244.014349838335,16750.009455852727,16828.244347896714,18937.001373412797,18990.71830162797,505.99510601439215,445.99510601439215,2108.7570255160826,2554.752131530475,16750.009455852727,16780.009455852727,18980.71830162797,19170.71830162797,500.0,1006.2648846633377,0.0,0,0,0,1
S1,continuous,E,592,7,16280.718301627972,18034.014349838333,18120.782573135337,18507.393576511993,18570.009455852723,1753.2960482103608,1753.2960482103608,386.6110033766563,2139.907051587017,18034.014349838333,18064.014349838333,18560.009455852723,18750.009455852723,450.0,1491.278778920713,0.0,0,0,0,1
S1,continuous,E,593,26,16320.009455852727,16712.02161216449,16817.53465352395,19107.001373412797,19180.71830162797,392.01215631176456,392.01215631176456,2289.4667198888455,2681.47887620061,16712.02161216449,16742.02161216449,19170.71830162797,19360.71830162797,600.0,1303.8982765803223,0.0,0,0,0,1
S1,continuous,E,594,37,16331.033676097717,16742.02161216449,16846.521303372898,19133.32439721642,19214.30102363665,410.98793606677464,410.98793606677464,2286.803093843522,2697.791029910297,16742.02161216449,16772.02161216449,19204.30102363665,19394.30102363665,600.0,1272.6400908686771,0.0,0,0,0,1
S1,continuous,E,595,13,16342.021612164493,16780.009455852727,16884.696009772895,18509.316801120764,18614.01434983833,437.9878436882336,437.9878436882336,1624.6207913478684,2062.608635036102,16780.009455852727,16810.009455852727,18604.01434983833,18794.01434983833,600.0,1791.278778920713,0.0,0,0,0,1
S1,continuous,E,596,31,16364.30102363665,17180.718301627974,17234.406815222617,18442.31715218437,18477.666160330806,816.4172779913242,816.4172779913242,1207.9103369617515,2024.3276149530757,17180.718301627974,17210.718301627974,18467.666160330806,18657.666160330806,450.0,1060.1020404392934,0.0,0,0,0,1
S1,continuous,E,597,27,16402.233551357283,16702.233551357283,16778.62368693988,18587.17686575106,18649.70520855417,300.0,0.0,1808.5531788111766,1808.5531788111766,16702.233551357283,16732.233551357283,18639.70520855417,18829.70520855417,600.0,1375.461917158591,0.0,0,0,0,1
S1,continuous,E,598,19,16434.014349838333,16810.009455852727,16914.74126164857,19323.32439721642,19404.30102363665,375.99510601439397,375.99510601439397,2408.5831355678492,2784.578241582243,16810.009455852727,16840.009455852727,19394.30102363665,19584.30102363665,600.0,1675.6909591456986,0.0,0,0,0,1
S1,continuous,E,599,58,16437.666160330806,17210.718301627974,17264.748089421802,18729.316801120764,18804.01434983833,773.0521412971684,773.0521412971684,1464.5687116989611,2237.6208529961295,17210.718301627974,17240.718301627974,18794.01434983833,18984.01434983833,450.0,1279.5963565739237,0.0,0,0,0,1
S1,continuous,E,600,69,16470.718301627974,18829.70520855417,18857.47154282142,18857.47154282142,18900.08742216215,2358.986906926195,2358.986906926195,0.0,2358.986906926195,18829.70520855417,18859.70520855417,18890.08742216215,19080.08742216215,350.0,1291.5872083284257,0.0,0,0,0,1
S1,continuous,E,601,6,16510.009455852727,16840.009455852727,16917.216024570815,19082.31715218437,19127.666160330806,330.0,330.0,2165.101127613554,2495.101127613554,16840.009455852727,16870.009455852727,19117.666160330806,19307.666160330806,500.0,895.8703959263073,0.0,0,0,0,1
S1,continuous,E,602,5,16521.033676097715,16701.033676097715,16778.44837285782,18889.316801120764,18994.01434983833,180.0,180.0,2110.868428262944,2290.868428262944,16701.033676097715,16731.033676097715,18984.01434983833,19174.01434983833,600.0,1199.4333652244882,0.0,0,0,0,1
S1,continuous,E,603,22,16532.02161216449,18064.014349838333,18160.782573135337,19017.47154282142,19090.08742216215,1531.9927376738415,1531.9927376738415,856.6889696860817,2388.681707359923,18064.014349838333,18094.014349838333,19080.08742216215,19270.08742216215,500.0,1591.278778920713,0.0,0,0,0,1
S1,continuous,E,604,4,16554.30102363665,18859.70520855417,18884.8579338687,18884.8579338687,18907.588217582816,2305.404184917519,2305.404184917519,0.0,2305.404184917519,18859.70520855417,18889.70520855417,18897.588217582816,19087.588217582816,350.0,1017.918633347658,0.0,0,0,0,1
S1,continuous,E,605,12,16599.705208554173,16772.02161216449,16876.41625193734,19328.23187495651,19432.929423674075,172.31640361031896,172.31640361031896,2451.8156230191707,2624.1320266294897,16772.02161216449,16802.02161216449,19422.929423674075,19612.929423674075,600.0,1384.2412733181616,0.0,0,0,0,1
S1,continuous,E,606,70,16660.718301627974,17240.718301627974,17314.406815222617,19262.31715218437,19317.666160330806,580.0,580.0,1947.9103369617515,2527.9103369617515,17240.718301627974,17270.718301627974,19307.666160330806,19497.666160330806,550.0,1260.1020404392934,0.0,0,0,0,1
S1,continuous,E,607,24,16744.30102363665,18094.014349838333,18175.795148319383,18877.17686575106,18899.70520855417,1349.7133262016832,1349.7133262016832,701.3817174316755,2051.0950436333587,18094.014349838333,18124.014349838333,18889.70520855417,19079.70520855417,400.0,1575.0127751690416,0.0,0,0,0,1
S1,continuous,E,608,35,16757.458806359995,17675.56556947774,17705.894634374654,17705.894634374654,17754.795539052375,918.1067631177466,918.1067631177466,0.0,918.1067631177466,17675.56556947774,17705.56556947774,17744.795539052375,17934.795539052375,350.0,803.8982765803223,0.0,0,0,0,1
S1,continuous,E,609,40,16796.126595316004,19079.70520855417,19096.67519522591,19096.67519522591,19135.576099903632,2283.5786132381654,2283.5786132381654,0.0,2283.5786132381654,19079.70520855417,19109.70520855417,19125.576099903632,19315.576099903632,300.0,1169.9224953128194,0.0,0,0,0,0
S1,continuous,E,610,38,16819.705208554173,18124.014349838333,18174.205633651025,18174.205633651025,18213.106538328746,1304.3091412841604,1304.3091412841604,0.0,1304.3091412841604,18124.014349838333,18154.014349838333,18203.106538328746,18393.106538328746,300.0,784.2412733181616,0.0,0,0,0,0
S1,continuous,E,611,50,16844.014349838333,18154.014349838333,18221.66612345553,19553.32439721642,19594.30102363665,1310.0,1310.0,1331.6582737608915,2641.6582737608915,18154.014349838333,18184.014349838333,19584.30102363665,19774.30102363665,400.0,725.3192023310239,0.0,0,0,0,1
S1,continuous,E,612,47,16880.718301627974,16940.718301627974,17017.108437210572,19057.17686575106,19119.70520855417,60.0,0.0,2040.068428540486,2040.068428540486,16940.718301627974,16970.718301627974,19109.70520855417,19299.70520855417,600.0,1375.461917158591,0.0,0,0,0,1
S1,continuous,E,613,9,16989.777341265286,17705.56556947774,17768.8975875982,19277.17686575106,19309.70520855417,715.7882282124556,715.7882282124556,1508.2792781528588,2224.0675063653143,17705.56556947774,17735.56556947774,19299.70520855417,19489.70520855417,450.0,1688.8990154437997,0.0,0,0,0,1
S1,continuous,E,614,2,16993.015168477243,18384.01434983833,18444.20563365102,18616.67519522591,18665.576099903632,1390.9991813610868,1390.9991813610868,172.46956157488967,1563.4687429359765,18384.01434983833,18414.01434983833,18655.576099903632,18845.576099903632,350.0,884.2412733181616,0.0,0,0,0,1
S1,continuous,E,615,66,17009.705208554173,17177.666160330806,17237.6058578546,19197.47154282142,19280.08742216215,167.960951776633,167.960951776633,1959.8656849668187,2127.8266367434517,17177.666160330806,17207.666160330806,19270.08742216215,19460.08742216215,550.0,995.8703959263073,0.0,0,0,0,1
S1,continuous,E,616,45,17034.014349838333,17630.009455852723,17727.21602457081,19442.31715218437,19507.666160330806,595.9951060143903,595.9951060143903,1715.1011276135578,2311.096233627948,17630.009455852723,17660.009455852723,19497.666160330806,19687.666160330806,600.0,1095.8703959263073,0.0,0,0,0,1
S1,continuous,E,617,34,17054.30102363665,19174.01434983833,19223.396311601886,19223.396311601886,19236.126595316,2119.7133262016796,2119.7133262016796,0.0,2119.7133262016796,19174.01434983833,19204.01434983833,19226.126595316,19416.126595316,300.0,599.4333652244882,0.0,0,0,0,0
S1,continuous,E,618,14,17070.009455852723,17549.777341265286,17645.290382624746,19307.001373412797,19370.71830162797,479.76788541256246,479.76788541256246,1661.7109907880513,2141.4788762006137,17549.777341265286,17579.777341265286,19360.71830162797,19550.71830162797,550.0,1203.8982765803223,0.0,0,0,0,1
S1,continuous,E,619,49,17177.131949582887,17735.56556947774,17808.8975875982,19457.17686575106,19499.70520855417,558.4336198948549,558.4336198948549,1648.2792781528588,2206.7128980477137,17735.56556947774,17765.56556947774,19489.70520855417,19679.70520855417,500.0,1788.8990154437997,0.0,0,0,0,1
S1,continuous,E,620,32,17179.777341265286,17660.009455852723,17757.21602457081,19632.31715218437,19697.666160330806,480.23211458743754,480.23211458743754,1875.1011276135578,2355.3332422009953,17660.009455852723,17690.009455852723,19687.666160330806,19877.666160330806,600.0,1095.8703959263073,0.0,0,0,0,1
S1,continuous,E,621,17,17254.014349838333,17647.666160330806,17726.4130681349,19518.23187495651,19622.929423674075,393.6518104924726,393.6518104924726,1791.8188068216077,2185.4706173140803,17647.666160330806,17677.666160330806,19612.929423674075,19802.929423674075,600.0,1743.4260948305448,0.0,0,0,0,1
S1,continuous,E,622,20,17260.009455852723,17690.009455852723,17757.21602457081,19852.31715218437,19887.666160330806,430.0,430.0,2095.1011276135578,2525.1011276135578,17690.009455852723,17720.009455852723,19877.666160330806,20067.666160330806,450.0,795.8703959263073,0.0,0,0,0,1
S1,continuous,E,623,65,17273.015168477243,19679.70520855417,19699.316801120764,19768.23187495651,19812.929423674075,2406.6900400769264,2406.6900400769264,68.91507383574572,2475.605113912672,19679.70520855417,19709.70520855417,19802.929423674075,19992.929423674075,300.0,1375.0127751690416,0.0,0,0,0,0
S1,continuous,E,624,41,17304.30102363665,17357.131949582887,17439.216848181804,19377.47154282142,19470.08742216215,52.830925946236675,52.830925946236675,1938.2546946396142,1991.0856205858508,17357.131949582887,17387.131949582887,19460.08742216215,19650.08742216215,600.0,1450.3718075943896,0.0,0,0,0,1
S1,continuous,E,625,68,17305.56556947774,17677.666160330806,17692.37811534443,18108.3033923836,18121.033676097715,372.1005908530642,372.1005908530642,415.9252770391722,788.0258678922364,17677.666160330806,17707.666160330806,18111.033676097715,18301.033676097715,300.0,714.5929171151033,0.0,0,0,0,0
S1,continuous,E,626,25,17319.705208554173,17579.777341265286,17693.119889811638,19657.17686575106,19719.70520855417,260.0721327111132,260.0721327111132,1964.0569759394202,2224.1291086505335,17579.777341265286,17609.777341265286,19709.70520855417,19899.70520855417,600.0,1769.9224953128196,0.0,0,0,0,1
S1,continuous,E,627,72,17369.777341265286,17720.009455852723,17779.284123977326,17885.894634374654,17944.795539052375,350.23211458743754,350.23211458743754,106.61051039732774,456.8426249847653,17720.009455852723,17750.009455852723,17934.795539052375,18124.795539052375,400.0,1001.5031723503597,0.0,0,0,0,1
S1,continuous,E,628,52,17444.014349838333,18657.666160330806,18694.056295913404,19887.17686575106,19909.70520855417,1213.6518104924726,1213.6518104924726,1193.1205698376543,2406.772380330127,18657.666160330806,18687.666160330806,19899.70520855417,20089.70520855417,400.0,975.4619171585908,0.0,0,0,0,1
S1,continuous,E,629,30,17450.009455852723,19774.30102363665,19798.23187495651,19958.23187495651,20002.929423674075,2324.2915677839264,2324.2915677839264,160.0,2484.2915677839264,19774.30102363665,19804.30102363665,19992.929423674075,20182.929423674075,300.0,525.3192023310239,0.0,0,0,0,0
S1,continuous,E,630,11,17463.015168477243,18687.666160330806,18734.056295913404,20067.17686575106,20099.70520855417,1224.650991853563,1224.650991853563,1333.1205698376543,2557.7715616912174,18687.666160330806,18717.666160330806,20089.70520855417,20279.70520855417,450.0,1075.461917158591,0.0,0,0,0,1
S1,continuous,E,631,63,17494.30102363665,20067.666160330806,20087.6058578546,20087.6058578546,20130.22173719533,2573.365136694156,2573.365136694156,0.0,2573.365136694156,20067.666160330806,20097.666160330806,20120.22173719533,20310.22173719533,350.0,595.8703959263073,0.0,0,0,0,1
S1,continuous,E,632,23,17495.565569477738,20182.929423674075,20230.58119729127,20230.58119729127,20251.5578237115,2687.3638541963373,2687.3638541963373,0.0,2687.3638541963373,20182.929423674075,20212.929423674075,20241.5578237115,20431.5578237115,300.0,525.3192023310239,0.0,0,0,0,0
S1,continuous,E,633,3,17509.705208554173,17609.777341265286,17723.119889811638,20227.17686575106,20289.70520855417,100.07213271111323,100.07213271111323,2504.05697593942,2604.1291086505335,17609.777341265286,17639.777341265286,20279.70520855417,20469.70520855417,600.0,1769.9224953128196,0.0,0,0,0,1
S1,continuous,E,634,46,17634.014349838333,18301.033676097715,18383.126906679016,20042.31715218437,20107.666160330806,667.0193262593821,547.0193262593821,1659.1902455053532,2206.2095717647353,18301.033676097715,18331.033676097715,20097.666160330806,20287.666160330806,600.0,1314.5929171151033,0.0,0,0,0,1
S1,continuous,E,635,16,17713.015168477243,18390.71830162797,18431.047366524883,18796.67519522591,18855.576099903632,677.7031331507278,557.7031331507278,365.6278287010282,923.330961851756,18390.71830162797,18420.71830162797,18845.576099903632,19035.576099903632,400.0,903.8982765803223,0.0,0,0,0,1
S1,continuous,E,636,61,17729.705208554173,18625.565569477738,18681.00622104883,19763.32439721642,19814.30102363665,895.8603609235652,775.8603609235652,1082.3181761675914,1858.1785370911566,18625.565569477738,18655.565569477738,19804.30102363665,19994.30102363665,450.0,1255.049330238065,0.0,0,0,0,1
S1,continuous,E,637,67,17741.033676097715,20212.929423674075,20262.31138543763,20262.31138543763,20275.041669151746,2471.89574757636,2471.89574757636,0.0,2471.89574757636,20212.929423674075,20242.929423674075,20265.041669151746,20455.041669151746,300.0,599.4333652244882,0.0,0,0,0,0
S1,continuous,E,638,35,17754.795539052375,18655.565569477738,18711.00622104883,19953.32439721642,20004.30102363665,900.7700304253631,840.7700304253631,1242.3181761675914,2083.0882065929545,18655.565569477738,18685.565569477738,19994.30102363665,20184.30102363665,450.0,1255.049330238065,0.0,0,0,0,1
S1,continuous,E,639,21,17820.009455852723,20287.666160330806,20316.4130681349,20316.4130681349,20371.110616852468,2467.6567044780822,2467.6567044780822,0.0,2467.6567044780822,20287.666160330806,20317.666160330806,20361.110616852468,20551.110616852468,350.0,1243.4260948305448,0.0,0,0,0,1
S1,continuous,E,640,10,17830.71830162797,20242.929423674075,20309.69764697108,20309.69764697108,20352.31352631181,2412.2111220461047,2412.2111220461047,0.0,2412.2111220461047,20242.929423674075,20272.929423674075,20342.31352631181,20532.31352631181,350.0,1291.278778920713,0.0,0,0,0,1
S1,continuous,E,641,53,17854.014349838333,20469.70520855417,20489.316801120764,20516.4130681349,20561.110616852468,2615.690858715836,2615.690858715836,27.096267014137993,2642.787125729974,20469.70520855417,20499.70520855417,20551.110616852468,20741.110616852468,300.0,1375.0127751690416,0.0,0,0,0,0
S1,continuous,E,642,0,17903.015168477243,20184.30102363665,20227.001373412797,20227.001373412797,20250.71830162797,2281.285855159407,2281.285855159407,0.0,2281.285855159407,20184.30102363665,20214.30102363665,20240.71830162797,20430.71830162797,350.0,1055.049330238065,0.0,0,0,0,1
S1,continuous,E,643,51,17922.23355135728,18331.033676097715,18387.128187716415,19246.67519522591,19325.576099903632,408.8001247404354,408.8001247404354,859.5470075094963,1268.3471322499317,18331.033676097715,18361.033676097715,19315.576099903632,19505.576099903632,500.0,882.4378022647783,0.0,0,0,0,1
S1,continuous,E,644,48,17924.30102363665,18685.565569477738,18741.00622104883,20390.58119729127,20441.5578237115,761.264545841088,761.264545841088,1649.574976242442,2410.83952208353,18685.565569477738,18715.565569477738,20431.5578237115,20621.5578237115,450.0,1255.049330238065,0.0,0,0,0,1
S1,continuous,E,645,29,17931.033676097715,18361.033676097715,18443.126906679016,20262.31715218437,20327.666160330806,430.0,430.0,1819.1902455053532,2249.1902455053532,18361.033676097715,18391.033676097715,20317.666160330806,20507.666160330806,600.0,1314.5929171151033,0.0,0,0,0,1
S1,continuous,E,646,72,17944.795539052375,20507.666160330806,20536.4130681349,20696.4130681349,20751.110616852468,2562.870621278431,2562.870621278431,160.0,2722.870621278431,20507.666160330806,20537.666160330806,20741.110616852468,20931.110616852468,350.0,1243.4260948305448,0.0,0,0,0,1
S1,continuous,E,647,18,18020.71830162797,18391.033676097715,18473.126906679016,20482.31715218437,20547.666160330806,370.3153744697447,370.3153744697447,2009.1902455053532,2379.505619975098,18391.033676097715,18421.033676097715,20537.666160330806,20727.666160330806,600.0,1314.5929171151033,0.0,0,0,0,1
S1,continuous,E,648,73,18097.666160330806,18715.565569477738,18759.248933718536,19393.396311601886,19426.126595316,617.8994091469322,617.8994091469322,634.1473778833497,1252.0467870302818,18715.565569477738,18745.565569477738,19416.126595316,19606.126595316,400.0,996.6651280213996,0.0,0,0,0,1
S1,continuous,E,649,68,18121.033676097715,20621.5578237115,20645.56019245845,20645.56019245845,20658.290476172566,2500.5241476137853,2500.5241476137853,0.0,2500.5241476137853,20621.5578237115,20651.5578237115,20648.290476172566,20838.290476172566,300.0,370.2507057864224,0.0,0,0,0,0
S1,continuous,E,650,64,18144.30102363665,18421.033676097715,18463.126906679016,20712.31715218437,20737.666160330806,276.7326524610653,276.7326524610653,2249.1902455053532,2525.9228979664185,18421.033676097715,18451.033676097715,20727.666160330806,20917.666160330806,400.0,914.5929171151033,0.0,0,0,0,1
S1,continuous,E,651,74,18179.70520855417,18745.565569477738,18789.25408307238,20902.31715218437,20927.666160330806,565.8603609235688,565.8603609235688,2113.0630691119877,2678.9234300355565,18745.565569477738,18775.565569477738,20917.666160330806,21107.666160330806,400.0,960.1020404392933,0.0,0,0,0,1
S1,continuous,E,652,54,18190.009455852723,18750.009455852723,18814.69600977289,20876.4130681349,20941.110616852468,560.0,560.0,2061.71705836201,2621.71705836201,18750.009455852723,18780.009455852723,20931.110616852468,21121.110616852468,400.0,1391.278778920713,0.0,0,0,0,1
S1,continuous,E,653,56,18204.01434983833,20499.70520855417,20516.67519522591,20516.67519522591,20555.576099903632,2295.6908587158396,2295.6908587158396,0.0,2295.6908587158396,20499.70520855417,20529.70520855417,20545.576099903632,20735.576099903632,300.0,1169.9224953128194,0.0,0,0,0,0
S1,continuous,E,654,39,18210.71830162797,21107.666160330806,21136.4130681349,21136.4130681349,21191.110616852468,2896.947858702835,2896.947858702835,0.0,2896.947858702835,21107.666160330806,21137.666160330806,21181.110616852468,21371.110616852468,350.0,1243.4260948305448,0.0,0,0,0,1
S1,continuous,E,655,38,18213.106538328746,21137.666160330806,21152.37811534443,21152.37811534443,21165.108399058543,2924.5596220020598,2924.5596220020598,0.0,2924.5596220020598,21137.666160330806,21167.666160330806,21155.108399058543,21345.108399058543,300.0,714.5929171151033,0.0,0,0,0,0
S1,continuous,E,656,28,18287.666160330806,20272.929423674075,20328.161548820284,20427.001373412797,20440.71830162797,1985.2632633432695,1985.2632633432695,98.83982459251274,2084.1030879357822,20272.929423674075,20302.929423674075,20430.71830162797,20620.71830162797,300.0,994.3774799065884,14.78112333266472,1,1,1,0
S1,continuous,E,657,59,18334.30102363665,20651.5578237115,20678.133236662416,20706.67519522591,20745.576099903632,2317.2568000748506,2317.2568000748506,28.541958563495427,2345.798758638346,20651.5578237115,20681.5578237115,20735.576099903632,20925.576099903632,300.0,672.6400908686771,0.0,0,0,0,0
S1,continuous,E,658,62,18380.009455852723,18780.009455852723,18829.284123977326,19466.67519522591,19515.576099903632,400.0,400.0,637.3910712485849,1037.391071248585,18780.009455852723,18810.009455852723,19505.576099903632,19695.576099903632,350.0,901.5031723503597,0.0,0,0,0,1
S1,continuous,E,659,55,18424.01434983833,18451.033676097715,18533.730395837454,19487.001373412797,19560.71830162797,27.019326259385707,27.019326259385707,953.2709775753428,980.2903038347285,18451.033676097715,18481.033676097715,19550.71830162797,19740.71830162797,600.0,1396.6651280213996,0.0,0,0,0,1
S1,continuous,E,660,43,18445.565569477738,18810.009455852723,18848.385085459533,19737.001373412797,19750.71830162797,364.4438863749856,364.4438863749856,888.616287953264,1253.0601743282496,18810.009455852723,18840.009455852723,19740.71830162797,19930.71830162797,300.0,615.6473888515475,9.382504188209793,1,2,2,0
S1,continuous,E,661,60,18459.70520855417,18840.009455852723,18909.284123977326,19636.67519522591,19705.576099903632,380.3042472985544,380.3042472985544,727.3910712485849,1107.6953185471393,18840.009455852723,18870.009455852723,19695.576099903632,19885.576099903632,450.0,1101.5031723503598,0.0,0,0,0,1
S1,continuous,E,662,57,18475.576099903632,18481.033676097715,18547.128187716415,19806.67519522591,19895.576099903632,5.457576194083231,5.457576194083231,1259.5470075094963,1265.0045837035796,18481.033676097715,18511.033676097715,19885.576099903632,20075.576099903632,550.0,982.4378022647783,0.0,0,0,0,1
S1,continuous,E,663,31,18477.666160330806,20302.929423674075,20367.939831970296,20607.001373412797,20630.71830162797,1825.2632633432695,1825.2632633432695,239.06154144250104,2064.3248047857705,20302.929423674075,20332.929423674075,20620.71830162797,20810.71830162797,350.0,1079.5963565739237,0.0,0,0,0,1
S1,continuous,E,664,8,18524.30102363665,21167.666160330806,21196.4130681349,21326.4130681349,21381.110616852468,2643.365136694156,2643.365136694156,130.0,2773.365136694156,21167.666160330806,21197.666160330806,21371.110616852468,21561.110616852468,350.0,1243.4260948305448,0.0,0,0,0,1
S1,continuous,E,665,7,18570.009455852723,19650.08742216215,19734.819227957993,20630.58119729127,20691.5578237115,1080.0779663094254,1080.0779663094254,895.7619693332781,1975.8399356427035,19650.08742216215,19680.08742216215,20681.5578237115,20871.5578237115,500.0,1475.6909591456986,0.0,0,0,0,1
S1,continuous,E,666,13,18614.01434983833,19035.576099903632,19102.60135822125,21182.31715218437,21207.666160330806,421.5617500653025,421.5617500653025,2079.715793963118,2501.2775440284204,19035.576099903632,19065.576099903632,21197.666160330806,21387.666160330806,400.0,962.8731401140631,0.0,0,0,0,1
S1,continuous,E,667,27,18649.70520855417,20529.70520855417,20554.8579338687,20825.56019245845,20848.290476172566,1880.0,1880.0,270.7022585897503,2150.7022585897503,20529.70520855417,20559.70520855417,20838.290476172566,21028.290476172566,350.0,1017.918633347658,0.0,0,0,0,1
S1,continuous,E,668,2,18665.576099903632,21121.110616852468,21170.492578616024,21342.37811534443,21355.108399058543,2455.5345169488355,2455.5345169488355,171.885536728405,2627.4200536772405,21121.110616852468,21151.110616852468,21345.108399058543,21535.108399058543,300.0,599.4333652244882,0.0,0,0,0,0
S1,continuous,E,669,71,18743.015168477243,18743.015168477243,18785.108399058543,21372.31715218437,21397.666160330806,0.0,0.0,2587.2087531258258,2587.2087531258258,18743.015168477243,18773.015168477243,21387.666160330806,21577.666160330806,400.0,914.5929171151033,0.0,0,0,0,1
S1,continuous,E,670,36,18800.71830162797,19087.588217582816,19162.94288380835,20517.17686575106,20569.70520855417,286.86991595484506,166.86991595484506,1354.233981942707,1521.103897897552,19087.588217582816,19117.588217582816,20559.70520855417,20749.70520855417,550.0,1417.9186333476578,0.0,0,0,0,1
S1,continuous,E,671,58,18804.01434983833,20749.70520855417,20766.67519522591,20896.67519522591,20935.576099903632,1945.6908587158396,1945.6908587158396,130.0,2075.6908587158396,20749.70520855417,20779.70520855417,20925.576099903632,21115.576099903632,300.0,1169.9224953128194,0.0,0,0,0,0
S1,continuous,E,672,33,18804.30102363665,20075.576099903632,20170.075791112038,20810.58119729127,20881.5578237115,1271.275076266982,971.2750762669821,640.5054061792325,1611.7804824462146,20075.576099903632,20105.576099903632,20871.5578237115,21061.5578237115,550.0,1172.6400908686771,0.0,0,0,0,1
S1,continuous,E,673,16,18855.576099903632,21061.5578237115,21104.650376586844,21104.650376586844,21147.266255927574,2205.9817238078685,2205.9817238078685,0.0,2205.9817238078685,21061.5578237115,21091.5578237115,21137.266255927574,21327.266255927574,350.0,1175.6909591456986,0.0,0,0,0,1
S1,continuous,E,674,24,18899.70520855417,19680.08742216215,19754.773976082317,21496.4130681349,21571.110616852468,780.3822136079798,780.3822136079798,1741.6390920525846,2522.0213056605644,19680.08742216215,19710.08742216215,21561.110616852468,21751.110616852468,450.0,1491.278778920713,0.0,0,0,0,1
S1,continuous,E,675,69,18900.08742216215,20105.576099903632,20182.60135822125,21552.31715218437,21587.666160330806,1205.4886777414831,965.4886777414831,1369.715793963118,2335.204471704601,20105.576099903632,20135.576099903632,21577.666160330806,21767.666160330806,450.0,1062.873140114063,0.0,0,0,0,1
S1,continuous,E,676,4,18907.588217582816,21091.5578237115,21126.96200862902,21126.96200862902,21129.49035143213,2183.969606128685,2183.969606128685,0.0,2183.969606128685,21091.5578237115,21121.5578237115,21126.96200862902,21316.96200862902,300.0,1079.3620792692923,0.0,0,0,0,0
S1,continuous,E,677,1,18933.015168477243,21151.110616852468,21212.891415333517,21316.96200862902,21319.49035143213,2218.095448375225,2218.095448375225,104.07059329550248,2322.1660416707273,21151.110616852468,21181.110616852468,21316.96200862902,21506.96200862902,300.0,1375.0127751690416,0.0,0,0,0,0
S1,continuous,E,678,15,18990.71830162797,19710.08742216215,19794.773976082317,21676.4130681349,21761.110616852468,719.3691205341784,719.3691205341784,1881.6390920525846,2601.008212586763,19710.08742216215,19740.08742216215,21751.110616852468,21941.110616852468,500.0,1591.278778920713,0.0,0,0,0,1
S1,continuous,E,679,5,18994.01434983833,21941.110616852468,21988.762390469663,21988.762390469663,22009.739016889893,2947.096267014138,2947.096267014138,0.0,2947.096267014138,21941.110616852468,21971.110616852468,21999.739016889893,22189.739016889893,300.0,525.3192023310239,0.0,0,0,0,0
S1,continuous,E,680,42,18994.30102363665,19930.71830162797,19964.40166586877,19964.40166586877,19987.131949582883,936.4172779913206,936.4172779913206,0.0,936.4172779913206,19930.71830162797,19960.71830162797,19977.131949582883,20167.131949582883,350.0,896.6651280213996,0.0,0,0,0,1
S1,continuous,E,681,22,19090.08742216215,19606.126595316,19673.541292076105,21886.4130681349,21981.110616852468,516.0391731538512,396.03917315385115,2212.871776058797,2608.910949212648,19606.126595316,19636.126595316,21971.110616852468,22161.110616852468,550.0,1099.4333652244882,0.0,0,0,0,1
S1,continuous,E,682,47,19119.70520855417,20135.576099903632,20187.84123248594,20442.31138543763,20465.041669151746,1015.8708913494629,1015.8708913494629,254.4701529516933,1270.3410443011562,20135.576099903632,20165.576099903632,20455.041669151746,20645.041669151746,350.0,582.4378022647783,0.0,0,0,0,1
S1,continuous,E,683,6,19127.666160330806,20779.70520855417,20833.27467879344,21732.31715218437,21777.666160330806,1652.0390482233634,1652.0390482233634,899.0424733909276,2551.081521614291,20779.70520855417,20809.70520855417,21767.666160330806,21957.666160330806,500.0,1175.461917158591,0.0,0,0,0,1
S1,continuous,E,684,40,19135.576099903632,21121.5578237115,21164.258173487648,21164.258173487648,21187.97510170282,1985.9817238078685,1985.9817238078685,0.0,1985.9817238078685,21121.5578237115,21151.5578237115,21177.97510170282,21367.97510170282,350.0,1055.049330238065,0.0,0,0,0,1
S1,continuous,E,685,26,19180.71830162797,22161.110616852468,22211.30190066516,22211.30190066516,22250.20280534288,2980.392315224497,2980.392315224497,0.0,2980.392315224497,22161.110616852468,22191.110616852468,22240.20280534288,22430.20280534288,300.0,784.2412733181616,0.0,0,0,0,0
S1,continuous,E,686,37,19214.30102363665,20165.576099903632,20231.08914126309,20787.001373412797,20820.71830162797,951.2750762669821,951.2750762669821,555.9122321497052,1507.1873084166873,20165.576099903632,20195.576099903632,20810.71830162797,21000.71830162797,400.0,903.8982765803223,0.0,0,0,0,1
S1,continuous,E,687,34,19236.126595316,19740.08742216215,19844.819227957993,21080.58119729127,21161.5578237115,503.96082684614885,503.96082684614885,1235.761969333278,1739.722796179427,19740.08742216215,19770.08742216215,21151.5578237115,21341.5578237115,600.0,1675.6909591456986,0.0,0,0,0,1
S1,continuous,E,688,44,19242.929423674075,19636.126595316,19713.541292076105,22096.4130681349,22201.110616852468,393.1971716419248,393.1971716419248,2382.871776058797,2776.0689477007218,19636.126595316,19666.126595316,22191.110616852468,22381.110616852468,600.0,1199.4333652244882,0.0,0,0,0,1
S1,continuous,E,689,66,19280.08742216215,22381.110616852468,22430.492578616024,22430.492578616024,22443.222862330138,3101.0231946903186,3101.0231946903186,0.0,3101.0231946903186,22381.110616852468,22411.110616852468,22433.222862330138,22623.222862330138,300.0,599.4333652244882,0.0,0,0,0,0
S1,continuous,E,690,9,19309.70520855417,20195.576099903632,20257.84123248594,21512.37811534443,21545.108399058543,885.8708913494629,885.8708913494629,1254.5368828584906,2140.4077742079535,20195.576099903632,20225.576099903632,21535.108399058543,21725.108399058543,400.0,682.4378022647784,0.0,0,0,0,1
S1,continuous,E,691,70,19317.666160330806,22411.110616852468,22477.87884014947,22477.87884014947,22520.4947194902,3093.444456521662,3093.444456521662,0.0,3093.444456521662,22411.110616852468,22441.110616852468,22510.4947194902,22700.4947194902,350.0,1291.278778920713,0.0,0,0,0,1
S1,continuous,E,692,51,19325.576099903632,19770.08742216215,19842.057916387683,21692.37811534443,21735.108399058543,444.5113222585169,444.5113222585169,1850.320198956746,2294.831521215263,19770.08742216215,19800.08742216215,21725.108399058543,21915.108399058543,450.0,1150.3718075943896,0.0,0,0,0,1
S1,continuous,E,693,14,19370.71830162797,21957.666160330806,21972.37811534443,21972.37811534443,21985.108399058543,2586.947858702835,2586.947858702835,0.0,2586.947858702835,21957.666160330806,21987.666160330806,21975.108399058543,22165.108399058543,300.0,714.5929171151033,0.0,0,0,0,0
S1,continuous,E,694,19,19404.30102363665,21987.666160330806,22001.13952211714,22001.13952211714,22040.04042679486,2583.365136694156,2583.365136694156,0.0,2583.365136694156,21987.666160330806,22017.666160330806,22030.04042679486,22220.04042679486,300.0,762.8731401140631,0.0,0,0,0,0
S1,continuous,E,695,73,19426.126595316,21341.5578237115,21424.922960405656,21972.31715218437,22027.666160330806,1915.4312283955005,1915.4312283955005,547.3941917787124,2462.825420174213,21341.5578237115,21371.5578237115,22017.666160330806,22207.666160330806,550.0,1457.5288577618476,0.0,0,0,0,1
S1,continuous,E,696,12,19432.929423674075,19960.71830162797,20044.406815222614,22152.31715218437,22217.666160330806,527.7888779538953,527.7888779538953,2107.910336961755,2635.6992149156504,19960.71830162797,19990.71830162797,22207.666160330806,22397.666160330806,600.0,1360.1020404392932,0.0,0,0,0,1
S1,continuous,E,697,41,19470.08742216215,22397.666160330806,22411.13952211714,22411.13952211714,22450.04042679486,2927.578738168657,2927.578738168657,0.0,2927.578738168657,22397.666160330806,22427.666160330806,22440.04042679486,22630.04042679486,300.0,762.8731401140631,0.0,0,0,0,0
S1,continuous,E,698,49,19499.70520855417,20225.576099903632,20330.075791112038,21300.58119729127,21381.5578237115,725.8708913494629,725.8708913494629,970.5054061792325,1696.3762975286954,20225.576099903632,20255.576099903632,21371.5578237115,21561.5578237115,600.0,1272.6400908686771,0.0,0,0,0,1
S1,continuous,E,699,45,19507.666160330806,21561.5578237115,21654.922960405656,22372.31715218437,22437.666160330806,2053.891663380695,2053.891663380695,717.3941917787124,2771.285855159407,21561.5578237115,21591.5578237115,22427.666160330806,22617.666160330806,600.0,1557.5288577618476,0.0,0,0,0,1
S1,continuous,E,700,62,19515.576099903632,20255.576099903632,20321.135793365225,20489.69764697108,20542.31352631181,740.0,740.0,168.56185360585368,908.5618536058537,20255.576099903632,20285.576099903632,20532.31352631181,20722.31352631181,400.0,1001.5031723503596,0.0,0,0,0,1
S1,continuous,E,701,55,19560.71830162797,22617.666160330806,22631.13952211714,22631.13952211714,22670.04042679486,3056.947858702835,3056.947858702835,0.0,3056.947858702835,22617.666160330806,22647.666160330806,22660.04042679486,22850.04042679486,300.0,762.8731401140631,0.0,0,0,0,0
S1,continuous,E,702,50,19594.30102363665,22441.110616852468,22502.891415333517,22502.891415333517,22505.419758136628,2846.8095932158176,2846.8095932158176,0.0,2846.8095932158176,22441.110616852468,22471.110616852468,22502.891415333517,22692.891415333517,300.0,1375.0127751690416,0.0,0,0,0,0
S1,continuous,E,703,17,19622.929423674075,19666.126595316,19741.882621356835,21520.58119729127,21601.5578237115,43.1971716419248,43.1971716419248,1778.6985759344352,1821.89574757636,19666.126595316,19696.126595316,21591.5578237115,21781.5578237115,600.0,970.2507057864223,0.0,0,0,0,1
S1,continuous,E,704,32,19697.666160330806,22471.110616852468,22531.30190066516,22811.13952211714,22860.04042679486,2773.444456521662,2773.444456521662,279.83762145198125,3053.282077973643,22471.110616852468,22501.110616852468,22850.04042679486,23040.04042679486,350.0,884.2412733181616,0.0,0,0,0,1
S1,continuous,E,705,60,19705.576099903632,19800.08742216215,19882.057916387683,22122.37811534443,22175.108399058543,94.51132225851688,94.51132225851688,2240.320198956746,2334.831521215263,19800.08742216215,19830.08742216215,22165.108399058543,22355.108399058543,500.0,1250.3718075943896,0.0,0,0,0,1
S1,continuous,E,706,25,19719.70520855417,20809.70520855417,20836.67519522591,21076.67519522591,21125.576099903632,1090.0,1090.0,240.0,1330.0,20809.70520855417,20839.70520855417,21115.576099903632,21305.576099903632,350.0,1269.9224953128194,0.0,0,0,0,1
S1,continuous,E,707,43,19750.71830162797,20285.576099903632,20389.97073967648,22406.4130681349,22511.110616852468,534.8577982756615,534.8577982756615,2016.4423284584227,2551.300126734084,20285.576099903632,20315.576099903632,22501.110616852468,22691.110616852468,600.0,1384.2412733181616,0.0,0,0,0,1
S1,continuous,E,708,65,19812.929423674075,20839.70520855417,20916.66110985457,21710.58119729127,21791.5578237115,1026.7757848800939,1026.7757848800939,793.9200874367016,1820.6958723167954,20839.70520855417,20869.70520855417,21781.5578237115,21971.5578237115,600.0,1679.3620792692923,0.0,0,0,0,1
S1,continuous,E,709,61,19814.30102363665,22189.739016889893,22232.43936666604,22232.43936666604,22256.156294881213,2375.437993253243,2375.437993253243,0.0,2375.437993253243,22189.739016889893,22219.739016889893,22246.156294881213,22436.156294881213,350.0,1055.049330238065,0.0,0,0,0,1
S1,continuous,E,710,20,19887.666160330806,22219.739016889893,22262.831569765236,22262.831569765236,22305.447449105966,2332.072856559087,2332.072856559087,0.0,2332.072856559087,22219.739016889893,22249.739016889893,22295.447449105966,22485.447449105966,350.0,1175.6909591456986,0.0,0,0,0,1
S1,continuous,E,711,57,19895.576099903632,20315.576099903632,20407.84123248594,22570.492578616024,22633.222862330138,420.0,420.0,2162.6513461300856,2582.6513461300856,20315.576099903632,20345.576099903632,22623.222862330138,22813.222862330138,550.0,982.4378022647784,0.0,0,0,0,1
S1,continuous,E,712,52,19909.70520855417,22691.110616852468,22738.762390469663,22738.762390469663,22759.739016889893,2781.4054082982984,2781.4054082982984,0.0,2781.4054082982984,22691.110616852468,22721.110616852468,22749.739016889893,22939.739016889893,300.0,525.3192023310239,0.0,0,0,0,0
S1,continuous,E,713,42,19987.131949582883,21000.71830162797,21084.406815222614,22592.31715218437,22657.666160330806,1013.5863520450876,773.5863520450876,1507.910336961755,2281.4966890068426,21000.71830162797,21030.71830162797,22647.666160330806,22837.666160330806,600.0,1360.1020404392932,0.0,0,0,0,1
S1,continuous,E,714,30,20002.929423674075,22837.666160330806,22862.986753856712,22862.986753856712,22886.703682071886,2834.7367366567305,2834.7367366567305,0.0,2834.7367366567305,22837.666160330806,22867.666160330806,22876.703682071886,23066.703682071886,350.0,860.1020404392933,0.0,0,0,0,1
S1,continuous,E,715,35,20004.30102363665,22721.110616852468,22768.762390469663,22928.762390469663,22949.739016889893,2716.8095932158176,2716.8095932158176,160.0,2876.8095932158176,22721.110616852468,22751.110616852468,22939.739016889893,23129.739016889893,300.0,525.3192023310239,0.0,0,0,0,0
S1,continuous,E,716,11,20099.70520855417,22249.739016889893,22285.143201807412,22285.143201807412,22287.671544610523,2150.0338083357237,2150.0338083357237,0.0,2150.0338083357237,22249.739016889893,22279.739016889893,22285.143201807412,22475.143201807412,300.0,1079.3620792692923,0.0,0,0,0,0
S1,continuous,E,717,46,20107.666160330806,22279.739016889893,22326.314429840808,22991.13952211714,23050.04042679486,2172.072856559087,2172.072856559087,664.8250922763327,2836.89794883542,22279.739016889893,22309.739016889893,23040.04042679486,23230.04042679486,400.0,872.6400908686771,0.0,0,0,0,1
S1,continuous,E,718,63,20130.22173719533,20167.131949582883,20219.2168481818,20669.69764697108,20732.31352631181,36.91021238755275,36.91021238755275,450.4807987892782,487.39101117683094,20167.131949582883,20197.131949582883,20722.31352631181,20912.31352631181,450.0,1150.3718075943896,0.0,0,0,0,1
S1,continuous,E,719,0,20250.71830162797,20345.576099903632,20447.84123248594,22750.492578616024,22823.222862330138,94.85779827566148,94.85779827566148,2302.6513461300856,2397.509144405747,20345.576099903632,20375.576099903632,22813.222862330138,23003.222862330138,600.0,1082.4378022647784,0.0,0,0,0,1
S1,continuous,E,720,23,20251.5578237115,21030.71830162797,21084.406815222614,22842.31715218437,22877.666160330806,779.16047791647,779.16047791647,1757.910336961755,2537.070814878225,21030.71830162797,21060.71830162797,22867.666160330806,23057.666160330806,450.0,1060.1020404392934,0.0,0,0,0,1
S1,continuous,E,721,67,20275.041669151746,20912.31352631181,21007.045332107653,22248.762390469663,22319.739016889893,637.2718571600635,577.2718571600635,1241.71705836201,1818.9889155220735,20912.31352631181,20942.31352631181,22309.739016889893,22499.739016889893,550.0,1575.6909591456986,0.0,0,0,0,1
S1,continuous,E,722,3,20289.70520855417,21305.576099903632,21410.075791112038,22428.762390469663,22509.739016889893,1015.8708913494629,775.8708913494629,1018.6865993576248,1794.5574907070877,21305.576099903632,21335.576099903632,22499.739016889893,22689.739016889893,600.0,1272.6400908686771,0.0,0,0,0,1
S1,continuous,E,723,29,20327.666160330806,21028.290476172566,21060.987195912305,21354.258173487648,21377.97510170282,700.6243158417601,700.6243158417601,293.27097757534284,993.895293417103,21028.290476172566,21058.290476172566,21367.97510170282,21557.97510170282,350.0,896.6651280213995,0.0,0,0,0,1
S1,continuous,E,724,10,20352.31352631181,20942.31352631181,21047.045332107653,23058.762390469663,23139.739016889893,590.0,590.0,2011.71705836201,2601.71705836201,20942.31352631181,20972.31352631181,23129.739016889893,23319.739016889893,600.0,1675.6909591456986,0.0,0,0,0,1
S1,continuous,E,725,21,20371.110616852468,21058.290476172566,21110.383706753866,23032.31715218437,23067.666160330806,687.1798593200983,687.1798593200983,1921.9334454305026,2609.113304750601,21058.290476172566,21088.290476172566,23057.666160330806,23247.666160330806,450.0,1014.5929171151033,0.0,0,0,0,1
S1,continuous,E,726,28,20440.71830162797,20440.71830162797,20545.112941400817,22656.4130681349,22761.110616852468,0.0,0.0,2111.300126734084,2111.300126734084,20440.71830162797,20470.71830162797,22751.110616852468,22941.110616852468,600.0,1384.2412733181616,0.0,0,0,0,1
S1,continuous,E,727,48,20441.5578237115,20869.70520855417,20934.8579338687,22950.492578616024,23013.222862330138,428.14738484266854,428.14738484266854,2015.6346447473225,2443.782029589991,20869.70520855417,20899.70520855417,23003.222862330138,23193.222862330138,550.0,1417.9186333476578,0.0,0,0,0,1
S1,continuous,E,728,47,20465.041669151746,21088.290476172566,21125.70517293267,22886.4130681349,22951.110616852468,623.2488070208201,623.2488070208201,1760.7078952022312,2383.9567022230513,21088.290476172566,21118.290476172566,22941.110616852468,23131.110616852468,400.0,799.4333652244882,0.0,0,0,0,1
S1,continuous,E,729,62,20542.31352631181,21118.290476172566,21155.70517293267,23076.4130681349,23141.110616852468,575.9769498607566,575.9769498607566,1920.7078952022312,2496.6848450629877,21118.290476172566,21148.290476172566,23131.110616852468,23321.110616852468,400.0,799.4333652244882,0.0,0,0,0,1
S1,continuous,E,730,18,20547.666160330806,21915.108399058543,21950.46306528408,21950.46306528408,21962.99140808719,1367.4422387277373,1367.4422387277373,0.0,1367.4422387277373,21915.108399058543,21945.108399058543,21952.99140808719,22142.99140808719,350.0,1017.9186333476579,0.0,0,0,0,1
S1,continuous,E,731,56,20555.576099903632,23321.110616852468,23368.762390469663,23368.762390469663,23389.739016889893,2765.5345169488355,2765.5345169488355,0.0,2765.5345169488355,23321.110616852468,23351.110616852468,23379.739016889893,23569.739016889893,300.0,525.3192023310239,0.0,0,0,0,0
S1,continuous,E,732,53,20561.110616852468,21335.576099903632,21439.97073967648,23256.4130681349,23361.110616852468,774.4654830511645,774.4654830511645,1816.4423284584227,2590.907811509587,21335.576099903632,21365.576099903632,23351.110616852468,23541.110616852468,600.0,1384.2412733181616,0.0,0,0,0,1
S1,continuous,E,733,36,20569.70520855417,23247.666160330806,23274.056295913404,23274.056295913404,23286.584638716515,2677.9609517766366,2677.9609517766366,0.0,2677.9609517766366,23247.666160330806,23277.666160330806,23276.584638716515,23466.584638716515,350.0,875.4619171585908,0.0,0,0,0,1
S1,continuous,E,734,31,20630.71830162797,21060.71830162797,21144.40166586877,23130.492578616024,23203.222862330138,430.0,430.0,1986.090912747255,2416.090912747255,21060.71830162797,21090.71830162797,23193.222862330138,23383.222862330138,600.0,1396.6651280213996,0.0,0,0,0,1
S1,continuous,E,735,68,20658.290476172566,21365.576099903632,21460.075791112038,23508.762390469663,23579.739016889893,707.2856237310662,707.2856237310662,2048.686599357625,2755.972223088691,21365.576099903632,21395.576099903632,23569.739016889893,23759.739016889893,550.0,1172.6400908686771,0.0,0,0,0,1
S1,continuous,E,736,7,20691.5578237115,21090.71830162797,21174.406815222614,23222.31715218437,23287.666160330806,399.16047791647,399.16047791647,2047.910336961755,2447.070814878225,21090.71830162797,21120.71830162797,23277.666160330806,23467.666160330806,600.0,1360.1020404392932,0.0,0,0,0,1
S1,continuous,E,737,63,20732.31352631181,21120.71830162797,21206.15895319906,23688.762390469663,23769.739016889893,388.40477531616125,388.40477531616125,2482.6034372706017,2871.008212586763,21120.71830162797,21150.71830162797,23759.739016889893,23949.739016889893,600.0,1555.049330238065,0.0,0,0,0,1
S1,continuous,E,738,64,20737.666160330806,20972.31352631181,21069.520095029897,23412.31715218437,23477.666160330806,234.64736598100353,234.64736598100353,2342.797057154472,2577.4444231354755,20972.31352631181,21002.31352631181,23467.666160330806,23657.666160330806,600.0,1095.8703959263073,0.0,0,0,0,1
S1,continuous,E,739,59,20745.576099903632,23657.666160330806,23684.056295913404,23684.056295913404,23696.584638716515,2912.0900604271737,2912.0900604271737,0.0,2912.0900604271737,23657.666160330806,23687.666160330806,23686.584638716515,23876.584638716515,350.0,875.4619171585908,0.0,0,0,0,1
S1,continuous,E,740,72,20751.110616852468,21395.576099903632,21451.08914126309,21544.258173487648,21567.97510170282,644.4654830511645,644.4654830511645,93.16903222455585,737.6345152757203,21395.576099903632,21425.576099903632,21557.97510170282,21747.97510170282,350.0,803.8982765803223,0.0,0,0,0,1
S1,continuous,E,741,37,20820.71830162797,21327.266255927574,21431.998061723418,23878.762390469663,23959.739016889893,506.5479542996036,206.5479542996036,2446.764328746245,2653.3122830458487,21327.266255927574,21357.266255927574,23949.739016889893,24139.739016889893,600.0,1675.6909591456986,0.0,0,0,0,1
S1,continuous,E,742,27,20848.290476172566,21002.31352631181,21094.284020537343,23330.492578616024,23393.222862330138,154.02305013924342,154.02305013924342,2236.2085580786807,2390.231608217924,21002.31352631181,21032.31352631181,23383.222862330138,23573.222862330138,550.0,1350.3718075943896,0.0,0,0,0,1
S1,continuous,E,743,33,20881.5578237115,22689.739016889893,22743.10415358405,23672.31715218437,23697.666160330806,1808.1811931783923,1808.1811931783923,929.2129986003201,2737.3941917787124,22689.739016889893,22719.739016889893,23687.666160330806,23877.666160330806,400.0,1157.5288577618476,0.0,0,0,0,1
S1,continuous,E,744,74,20927.666160330806,20927.666160330806,21002.818885645338,23510.492578616024,23583.222862330138,0.0,0.0,2507.673692970686,2507.673692970686,20927.666160330806,20957.666160330806,23573.222862330138,23763.222862330138,600.0,1517.9186333476578,0.0,0,0,0,1
S1,continuous,E,745,58,20935.576099903632,21506.96200862902,21523.93199530076,21523.93199530076,21562.832899978483,571.3859087253877,391.3859087253877,0.0,391.3859087253877,21506.96200862902,21536.96200862902,21552.832899978483,21742.832899978483,300.0,1169.9224953128194,0.0,0,0,0,0
S1,continuous,E,746,54,20941.110616852468,21747.97510170282,21821.65846594362,23710.492578616024,23773.222862330138,806.8644848503536,806.8644848503536,1888.8341126724044,2695.698597522758,21747.97510170282,21777.97510170282,23763.222862330138,23953.222862330138,550.0,1296.6651280213996,0.0,0,0,0,1
S1,continuous,E,747,25,21125.576099903632,21945.108399058543,21977.19329765746,21977.19329765746,22019.80917699819,819.532299154911,819.532299154911,0.0,819.532299154911,21945.108399058543,21975.108399058543,22009.80917699819,22199.80917699819,350.0,950.3718075943896,0.0,0,0,0,1
S1,continuous,E,748,4,21129.49035143213,22719.739016889893,22776.314429840808,23171.13952211714,23240.04042679486,1590.2486654577624,1590.2486654577624,394.8250922763327,1985.0737577340951,22719.739016889893,22749.739016889893,23230.04042679486,23420.04042679486,450.0,972.6400908686771,0.0,0,0,0,1
S1,continuous,E,749,16,21147.266255927574,21777.97510170282,21862.00488949665,23446.4130681349,23551.110616852468,630.708845775247,630.708845775247,1584.4081786382521,2215.117024413499,21777.97510170282,21807.97510170282,23541.110616852468,23731.110616852468,600.0,1579.5963565739237,0.0,0,0,0,1
S1,continuous,E,750,34,21161.5578237115,22355.108399058543,22407.201629639843,23852.31715218437,23887.666160330806,1193.5505753470425,1193.5505753470425,1445.1155225445254,2638.666097891568,22355.108399058543,22385.108399058543,23877.666160330806,24067.666160330806,450.0,1014.5929171151033,0.0,0,0,0,1
S1,continuous,E,751,38,21165.108399058543,21425.576099903632,21532.60135822125,24012.31715218437,24077.666160330806,260.467700845089,260.467700845089,2479.715793963118,2740.183494808207,21425.576099903632,21455.576099903632,24067.666160330806,24257.666160330806,600.0,1362.873140114063,0.0,0,0,0,1
S1,continuous,E,752,40,21187.97510170282,21807.97510170282,21861.663615297464,24232.31715218437,24267.666160330806,620.0,620.0,2370.6535368869045,2990.6535368869045,21807.97510170282,21837.97510170282,24257.666160330806,24447.666160330806,450.0,1060.1020404392934,0.0,0,0,0,1
S1,continuous,E,753,39,21191.110616852468,21837.97510170282,21877.31104262125,22657.87884014947,22710.4947194902,646.8644848503536,646.8644848503536,780.5677975282197,1427.4322823785733,21837.97510170282,21867.97510170282,22700.4947194902,22890.4947194902,400.0,806.2648846633376,0.0,0,0,0,1
S1,continuous,E,754,13,21207.666160330806,21536.96200862902,21564.72834289627,21564.72834289627,21607.344222237,329.29584829821397,329.29584829821397,0.0,329.29584829821397,21536.96200862902,21566.96200862902,21597.344222237,21787.344222237,350.0,1291.5872083284257,0.0,0,0,0,1
S1,continuous,E,755,1,21319.49035143213,21566.96200862902,21583.93199530076,21713.93199530076,21752.832899978483,247.47165719688928,247.47165719688928,130.0,377.4716571968893,21566.96200862902,21596.96200862902,21742.832899978483,21932.832899978483,300.0,1169.9224953128194,0.0,0,0,0,0
S1,continuous,E,756,2,21355.108399058543,21357.266255927574,21454.47282464566,24392.31715218437,24457.666160330806,2.157856869031093,2.157856869031093,2937.844327538707,2940.0021844077382,21357.266255927574,21387.266255927574,24447.666160330806,24637.666160330806,600.0,1095.8703959263073,0.0,0,0,0,1
S1,continuous,E,757,29,21377.97510170282,23319.739016889893,23355.143201807412,23466.584638716515,23469.112981519625,1941.7639151870717,1941.7639151870717,111.44143690910278,2053.2053520961745,23319.739016889893,23349.739016889893,23466.584638716515,23656.584638716515,300.0,1079.3620792692923,0.0,0,0,0,0
S1,continuous,E,758,8,21381.110616852468,21455.576099903632,21521.135793365225,21744.72834289627,21797.344222237,74.46548305116448,74.46548305116448,223.59254953104391,298.0580325822084,21455.576099903632,21485.576099903632,21787.344222237,21977.344222237,400.0,1001.5031723503596,0.0,0,0,0,1
S1,continuous,E,759,49,21381.5578237115,21596.96200862902,21644.72834289627,22837.87884014947,22900.4947194902,215.40418491751916,215.40418491751916,1193.150497253202,1408.5546821707212,21596.96200862902,21626.96200862902,22890.4947194902,23080.4947194902,450.0,1491.5872083284257,0.0,0,0,0,1
S1,continuous,E,760,71,21397.666160330806,21626.96200862902,21689.105441337415,21824.258173487648,21877.97510170282,229.29584829821397,229.29584829821397,135.15273215023262,364.4485804484466,21626.96200862902,21656.96200862902,21867.97510170282,22057.97510170282,500.0,1788.8990154438002,0.0,0,0,0,1
S1,continuous,E,761,9,21545.108399058543,21932.832899978483,22018.392593440076,23017.87884014947,23090.4947194902,387.7245009199396,387.7245009199396,999.4862467093953,1387.210747629335,21932.832899978483,21962.832899978483,23080.4947194902,23270.4947194902,500.0,1201.5031723503596,0.0,0,0,0,1
S1,continuous,E,762,58,21562.832899978483,23731.110616852468,23792.891415333517,23876.584638716515,23879.112981519625,2168.277716873985,2168.277716873985,83.69322338299753,2251.9709402569824,23731.110616852468,23761.110616852468,23876.584638716515,24066.584638716515,300.0,1375.0127751690416,0.0,0,0,0,0
S1,continuous,E,763,72,21567.97510170282,24637.666160330806,24666.4130681349,24666.4130681349,24721.110616852468,3069.6910586279846,3069.6910586279846,0.0,3069.6910586279846,24637.666160330806,24667.666160330806,24711.110616852468,24901.110616852468,350.0,1243.4260948305448,0.0,0,0,0,1
S1,continuous,E,764,24,21571.110616852468,23349.739016889893,23413.10415358405,24642.31715218437,24677.666160330806,1778.6284000374253,1778.6284000374253,1229.2129986003201,3007.8413986377454,23349.739016889893,23379.739016889893,24667.666160330806,24857.666160330806,450.0,1257.5288577618476,0.0,0,0,0,1
S1,continuous,E,765,69,21587.666160330806,23761.110616852468,23859.206065227692,24822.31715218437,24867.666160330806,2173.444456521662,2173.444456521662,963.1110869566764,3136.555543478338,23761.110616852468,23791.110616852468,24857.666160330806,25047.666160330806,500.0,1543.4260948305448,0.0,0,0,0,1
S1,continuous,E,766,17,21601.5578237115,24139.739016889893,24163.741385636844,24163.741385636844,24176.471669350958,2538.1811931783923,2538.1811931783923,0.0,2538.1811931783923,24139.739016889893,24169.739016889893,24166.471669350958,24356.471669350958,300.0,370.2507057864224,0.0,0,0,0,0
S1,continuous,E,767,13,21607.344222237,24169.739016889893,24253.10415358405,25002.31715218437,25057.666160330806,2562.3947946528933,2562.3947946528933,749.2129986003201,3311.6077932532135,24169.739016889893,24199.739016889893,25047.666160330806,25237.666160330806,550.0,1457.5288577618476,0.0,0,0,0,1
S1,continuous,E,768,51,21735.108399058543,22057.97510170282,22127.31104262125,23197.87884014947,23280.4947194902,322.8667026442781,322.8667026442781,1070.5677975282197,1393.4345001724978,22057.97510170282,22087.97510170282,23270.4947194902,23460.4947194902,550.0,1106.2648846633376,0.0,0,0,0,1
S1,continuous,E,769,1,21752.832899978483,22087.97510170282,22142.00488949665,23726.4130681349,23801.110616852468,335.1422017243385,335.1422017243385,1584.4081786382521,1919.5503803625907,22087.97510170282,22117.97510170282,23791.110616852468,23981.110616852468,450.0,1279.5963565739237,0.0,0,0,0,1
S1,continuous,E,770,15,21761.110616852468,22630.04042679486,22724.43506656771,23896.4130681349,23991.110616852468,868.9298099423941,628.9298099423941,1171.9780015671931,1800.9078115095872,22630.04042679486,22660.04042679486,23981.110616852468,24171.110616852468,550.0,1284.2412733181616,0.0,0,0,0,1
S1,continuous,E,771,6,21777.666160330806,23420.04042679486,23527.06568511248,25182.31715218437,25247.666160330806,1642.3742664640558,1402.3742664640558,1655.2514670718883,3057.625733535944,23420.04042679486,23450.04042679486,25237.666160330806,25427.666160330806,600.0,1362.873140114063,0.0,0,0,0,1
S1,continuous,E,772,65,21791.5578237115,25427.666160330806,25452.986753856712,25452.986753856712,25476.703682071886,3636.108336619305,3636.108336619305,0.0,3636.108336619305,25427.666160330806,25457.666160330806,25466.703682071886,25656.703682071886,350.0,860.1020404392933,0.0,0,0,0,1
S1,continuous,E,773,8,21797.344222237,23450.04042679486,23552.305559377168,23890.492578616024,23963.222862330138,1652.696204557862,1412.696204557862,338.187019238856,1750.883223796718,23450.04042679486,23480.04042679486,23953.222862330138,24143.222862330138,600.0,1082.4378022647784,0.0,0,0,0,1
S1,continuous,E,774,71,21877.97510170282,22117.97510170282,22203.415753273912,24128.762390469663,24209.739016889893,240.0,240.0,1925.346637195751,2165.346637195751,22117.97510170282,22147.97510170282,24199.739016889893,24389.739016889893,600.0,1555.049330238065,0.0,0,0,0,1
S1,continuous,E,775,18,21962.99140808719,25457.666160330806,25472.37811534443,25472.37811534443,25485.108399058543,3494.6747522436162,3494.6747522436162,0.0,3494.6747522436162,25457.666160330806,25487.666160330806,25475.108399058543,25665.108399058543,300.0,714.5929171151033,0.0,0,0,0,0
S1,continuous,E,776,22,21981.110616852468,25487.666160330806,25502.37811534443,25662.37811534443,25675.108399058543,3506.555543478338,3506.555543478338,160.0,3666.555543478338,25487.666160330806,25517.666160330806,25665.108399058543,25855.108399058543,300.0,714.5929171151033,0.0,0,0,0,0
S1,continuous,E,777,14,21985.108399058543,22142.99140808719,22220.75774235444,23377.87884014947,23470.4947194902,157.88300902864648,157.88300902864648,1157.1210977950323,1315.0041068236787,22142.99140808719,22172.99140808719,23460.4947194902,23650.4947194902,600.0,1791.5872083284257,0.0,0,0,0,1
S1,continuous,E,778,5,22009.739016889893,24389.739016889893,24425.143201807412,24425.143201807412,24427.671544610523,2380.0,2380.0,0.0,2380.0,24389.739016889893,24419.739016889893,24425.143201807412,24615.143201807412,300.0,1079.3620792692923,0.0,0,0,0,0
S1,continuous,E,779,25,22019.80917699819,23480.04042679486,23584.43506656771,24076.4130681349,24181.110616852468,1460.2312497966705,1460.2312497966705,491.97800156719313,1952.2092513638636,23480.04042679486,23510.04042679486,24171.110616852468,24361.110616852468,600.0,1384.2412733181616,0.0,0,0,0,1
S1,continuous,E,780,73,22027.666160330806,22436.156294881213,22521.596946452304,24348.762390469663,24429.739016889893,408.4901345504077,168.49013455040767,1827.1654440173588,1995.6555785677665,22436.156294881213,22466.156294881213,24419.739016889893,24609.739016889893,600.0,1555.049330238065,0.0,0,0,0,1
S1,continuous,E,781,19,22040.04042679486,24361.110616852468,24426.12102514869,24426.12102514869,24449.83795336386,2321.070190057606,2321.070190057606,0.0,2321.070190057606,24361.110616852468,24391.110616852468,24439.83795336386,24629.83795336386,350.0,1079.5963565739237,0.0,0,0,0,1
S1,continuous,E,782,60,22175.108399058543,25517.666160330806,25544.056295913404,25544.056295913404,25556.584638716515,3342.5577612722627,3342.5577612722627,0.0,3342.5577612722627,25517.666160330806,25547.666160330806,25546.584638716515,25736.584638716515,350.0,875.4619171585908,0.0,0,0,0,1
S1,continuous,E,783,44,22201.110616852468,24356.471669350958,24403.886366111063,24403.886366111063,24478.58391482863,2155.3610524984906,1915.3610524984906,0.0,1915.3610524984906,24356.471669350958,24386.471669350958,24468.58391482863,24658.58391482863,450.0,899.4333652244882,0.0,0,0,0,1
S1,continuous,E,784,12,22217.666160330806,25547.666160330806,25567.6058578546,25567.6058578546,25610.22173719533,3330.0,3330.0,0.0,3330.0,25547.666160330806,25577.666160330806,25600.22173719533,25790.22173719533,350.0,595.8703959263073,0.0,0,0,0,1
S1,continuous,E,785,26,22250.20280534288,22466.156294881213,22526.485359778126,23441.13952211714,23520.04042679486,215.9534895383331,215.9534895383331,914.6541623390149,1130.607651877348,22466.156294881213,22496.156294881213,23510.04042679486,23700.04042679486,500.0,1103.8982765803223,0.0,0,0,0,1
S1,continuous,E,786,61,22256.156294881213,23650.4947194902,23747.70128820829,25522.31715218437,25587.666160330806,1394.3384246089881,1334.3384246089881,1774.6158639760797,3108.954288585068,23650.4947194902,23680.4947194902,25577.666160330806,25767.666160330806,600.0,1095.8703959263073,0.0,0,0,0,1
S1,continuous,E,787,11,22287.671544610523,23700.04042679486,23763.382975341214,24064.056295913404,24076.584638716515,1412.3688821843389,1412.3688821843389,300.6733205721903,1713.0422027565292,23700.04042679486,23730.04042679486,24066.584638716515,24256.584638716515,350.0,1269.9224953128196,0.0,0,0,0,1
S1,continuous,E,788,20,22305.447449105966,24386.471669350958,24468.56489993226,25712.31715218437,25777.666160330806,2081.0242202449917,1961.0242202449917,1243.7522522521103,3204.776472497102,24386.471669350958,24416.471669350958,25767.666160330806,25957.666160330806,600.0,1314.5929171151033,0.0,0,0,0,1
S1,continuous,E,789,67,22319.739016889893,24391.110616852468,24441.30190066516,24441.30190066516,24480.20280534288,2071.3715999625747,2071.3715999625747,0.0,2071.3715999625747,24391.110616852468,24421.110616852468,24470.20280534288,24660.20280534288,300.0,784.2412733181616,0.0,0,0,0,0
S1,continuous,E,790,45,22437.666160330806,24609.739016889893,24633.741385636844,24633.741385636844,24646.471669350958,2172.072856559087,2172.072856559087,0.0,2172.072856559087,24609.739016889893,24639.739016889893,24636.471669350958,24826.471669350958,300.0,370.2507057864224,0.0,0,0,0,0
S1,continuous,E,791,66,22443.222862330138,22563.222862330138,22646.91137592478,25902.31715218437,25967.666160330806,120.0,0.0,3255.4057762595876,3255.4057762595876,22563.222862330138,22593.222862330138,25957.666160330806,26147.666160330806,600.0,1360.1020404392932,0.0,0,0,0,1
S1,continuous,E,792,41,22450.04042679486,24639.739016889893,24682.43936666604,24682.43936666604,24706.156294881213,2189.6985900950312,2189.6985900950312,0.0,2189.6985900950312,24639.739016889893,24669.739016889893,24696.156294881213,24886.156294881213,350.0,1055.049330238065,0.0,0,0,0,1
S1,continuous,E,793,50,22505.419758136628,22692.891415333517,22735.034848041912,23042.986753856712,23076.703682071886,187.47165719688928,187.47165719688928,307.95190581479983,495.4235630116891,22692.891415333517,22722.891415333517,23066.703682071886,23256.703682071886,400.0,1588.8990154438002,0.0,0,0,0,1
S1,continuous,E,794,3,22509.739016889893,22722.891415333517,22756.46088557279,26132.31715218437,26157.666160330806,213.1523984436244,213.1523984436244,3375.8562666115795,3589.008665055204,22722.891415333517,22752.891415333517,26147.666160330806,26337.666160330806,400.0,975.4619171585908,0.0,0,0,0,1
S1,continuous,E,795,43,22511.110616852468,23730.04042679486,23785.55346815432,23785.55346815432,23809.270396369495,1218.929809942394,1218.929809942394,0.0,1218.929809942394,23730.04042679486,23760.04042679486,23799.270396369495,23989.270396369495,350.0,803.8982765803223,0.0,0,0,0,1
S1,continuous,E,796,70,22520.4947194902,23760.04042679486,23852.305559377168,24363.741385636844,24426.471669350958,1239.54570730466,1239.54570730466,511.4358262596761,1750.9815335643361,23760.04042679486,23790.04042679486,24416.471669350958,24606.471669350958,550.0,982.4378022647784,0.0,0,0,0,1
S1,continuous,E,797,57,22633.222862330138,26337.666160330806,26351.13952211714,26351.13952211714,26390.04042679486,3704.4432980006677,3704.4432980006677,0.0,3704.4432980006677,26337.666160330806,26367.666160330806,26380.04042679486,26570.04042679486,300.0,762.8731401140631,0.0,0,0,0,0
S1,continuous,E,798,42,22657.666160330806,24606.471669350958,24641.826335576494,24641.826335576494,24654.354678379605,1948.8055090201524,1948.8055090201524,0.0,1948.8055090201524,24606.471669350958,24636.471669350958,24644.354678379605,24834.354678379605,350.0,1017.9186333476579,0.0,0,0,0,1
S1,continuous,E,799,55,22670.04042679486,24669.739016889893,24705.143201807412,24834.354678379605,24836.883021182715,1999.6985900950312,1999.6985900950312,129.21147657219262,2128.910066667224,24669.739016889893,24699.739016889893,24834.354678379605,25024.354678379605,300.0,1079.3620792692923,0.0,0,0,0,0
S1,continuous,E,800,39,22710.4947194902,22752.891415333517,22832.50300790011,24806.4130681349,24911.110616852468,42.39669584331568,42.39669584331568,1973.9100602347899,2016.3067560781055,22752.891415333517,22782.891415333517,24901.110616852468,25091.110616852468,600.0,1975.0127751690416,0.0,0,0,0,1
S1,continuous,E,801,52,22759.739016889893,24421.110616852468,24499.206065227692,26352.31715218437,26377.666160330806,1661.3715999625747,1661.3715999625747,1853.1110869566764,3514.482686919251,24421.110616852468,24451.110616852468,26367.666160330806,26557.666160330806,400.0,1343.4260948305448,0.0,0,0,0,1
S1,continuous,E,802,28,22761.110616852468,24699.739016889893,24726.314429840808,24726.314429840808,24765.21533451853,1938.6284000374253,1938.6284000374253,0.0,1938.6284000374253,24699.739016889893,24729.739016889893,24755.21533451853,24945.21533451853,300.0,672.6400908686771,0.0,0,0,0,0
S1,continuous,E,803,0,22823.222862330138,22823.222862330138,22902.834454896732,24996.4130681349,25101.110616852468,0.0,0.0,2093.578613238169,2093.578613238169,22823.222862330138,22853.222862330138,25091.110616852468,25281.110616852468,600.0,1975.0127751690416,0.0,0,0,0,1
S1,continuous,E,804,32,22860.04042679486,22860.04042679486,22939.652019361456,25186.4130681349,25291.110616852468,0.0,0.0,2246.7610487734455,2246.7610487734455,22860.04042679486,22890.04042679486,25281.110616852468,25471.110616852468,600.0,1975.0127751690416,0.0,0,0,0,1
S1,continuous,E,805,23,22877.666160330806,23256.703682071886,23310.39219566653,26532.31715218437,26567.666160330806,379.0375217410801,379.0375217410801,3221.9249565178397,3600.96247825892,23256.703682071886,23286.703682071886,26557.666160330806,26747.666160330806,450.0,1060.1020404392934,0.0,0,0,0,1
S1,continuous,E,806,30,22886.703682071886,24658.58391482863,24736.679363203853,26732.31715218437,26757.666160330806,1771.8802327567428,1771.8802327567428,1995.6377889805153,3767.518021737258,24658.58391482863,24688.58391482863,26747.666160330806,26937.666160330806,400.0,1343.4260948305448,0.0,0,0,0,1
S1,continuous,E,807,49,22900.4947194902,23020.4947194902,23097.4506207906,24658.762390469663,24739.739016889893,120.0,0.0,1561.3117696790614,1561.3117696790614,23020.4947194902,23050.4947194902,24729.739016889893,24919.739016889893,600.0,1679.3620792692923,0.0,0,0,0,1
S1,continuous,E,808,35,22949.739016889893,23680.4947194902,23769.769387614804,23769.769387614804,23858.670292292525,730.7557026003087,730.7557026003087,0.0,730.7557026003087,23680.4947194902,23710.4947194902,23848.670292292525,24038.670292292525,550.0,1301.5031723503598,0.0,0,0,0,1
S1,continuous,E,809,47,22951.110616852468,23710.4947194902,23809.769387614804,23949.769387614804,24048.670292292525,759.384102637734,759.384102637734,140.0,899.384102637734,23710.4947194902,23740.4947194902,24038.670292292525,24228.670292292525,600.0,1401.5031723503598,0.0,0,0,0,1
S1,continuous,E,810,48,23013.222862330138,23286.703682071886,23360.387046312684,24773.741385636844,24836.471669350958,273.48081974174784,273.48081974174784,1413.3543393241598,1686.8351590659076,23286.703682071886,23316.703682071886,24826.471669350958,25016.471669350958,550.0,1296.6651280213996,0.0,0,0,0,1
S1,continuous,E,811,46,23050.04042679486,23790.04042679486,23857.06568511248,26922.31715218437,26947.666160330806,740.0,740.0,3065.2514670718883,3805.2514670718883,23790.04042679486,23820.04042679486,26937.666160330806,27127.666160330806,400.0,962.8731401140631,0.0,0,0,0,1
S1,continuous,E,812,21,23067.666160330806,23740.4947194902,23798.72961153419,23965.55346815432,23999.270396369495,672.8285591593958,672.8285591593958,166.82385662013257,839.6524157795284,23740.4947194902,23770.4947194902,23989.270396369495,24179.270396369495,400.0,806.2648846633377,0.0,0,0,0,1
S1,continuous,E,813,50,23076.703682071886,23770.4947194902,23875.226525286045,24848.762390469663,24929.739016889893,693.7910374183157,693.7910374183157,973.5358651836177,1667.3269026019334,23770.4947194902,23800.4947194902,24919.739016889893,25109.739016889893,600.0,1675.6909591456986,0.0,0,0,0,1
S1,continuous,E,814,9,23090.4947194902,25016.471669350958,25042.566180969658,25042.566180969658,25091.46708564738,1925.9769498607566,1925.9769498607566,0.0,1925.9769498607566,25016.471669350958,25046.471669350958,25081.46708564738,25271.46708564738,350.0,582.4378022647783,0.0,0,0,0,1
S1,continuous,E,815,10,23139.739016889893,25046.471669350958,25072.566180969658,25232.566180969658,25281.46708564738,1906.7326524610653,1906.7326524610653,160.0,2066.7326524610653,25046.471669350958,25076.471669350958,25271.46708564738,25461.46708564738,350.0,582.4378022647783,0.0,0,0,0,1
S1,continuous,E,816,62,23141.110616852468,23800.4947194902,23902.465213715735,25013.741385636844,25086.471669350958,659.384102637734,659.384102637734,1111.2761719211085,1770.6602745588425,23800.4947194902,23830.4947194902,25076.471669350958,25266.471669350958,600.0,1450.3718075943896,0.0,0,0,0,1
S1,continuous,E,817,31,23203.222862330138,25471.110616852468,25521.30190066516,25521.30190066516,25560.20280534288,2267.8877545223295,2267.8877545223295,0.0,2267.8877545223295,25471.110616852468,25501.110616852468,25550.20280534288,25740.20280534288,300.0,784.2412733181616,0.0,0,0,0,0
S1,continuous,E,818,4,23240.04042679486,25501.110616852468,25562.891415333517,25736.584638716515,25739.112981519625,2261.070190057606,2261.070190057606,173.69322338299753,2434.7634134406035,25501.110616852468,25531.110616852468,25736.584638716515,25926.584638716515,300.0,1375.0127751690416,0.0,0,0,0,0
S1,continuous,E,819,51,23280.4947194902,24228.670292292525,24335.695550610144,27072.31715218437,27137.666160330806,948.1755728023236,948.1755728023236,2736.6216015742248,3684.7971743765484,24228.670292292525,24258.670292292525,27127.666160330806,27317.666160330806,600.0,1362.873140114063,0.0,0,0,0,1
S1,continuous,E,820,36,23286.584638716515,25109.739016889893,25133.741385636844,25263.741385636844,25276.471669350958,1823.154378173378,1823.154378173378,130.0,1953.154378173378,25109.739016889893,25139.739016889893,25266.471669350958,25456.471669350958,300.0,370.2507057864224,0.0,0,0,0,0
S1,continuous,E,821,7,23287.666160330806,23407.666160330806,23491.695948124634,25436.4130681349,25541.110616852468,120.0,0.0,1944.7171200102675,1944.7171200102675,23407.666160330806,23437.666160330806,25531.110616852468,25721.110616852468,600.0,1579.5963565739237,0.0,0,0,0,1
S1,continuous,E,822,53,23361.110616852468,25855.108399058543,25881.202910677242,25881.202910677242,25930.103815354963,2493.9977822060755,2493.9977822060755,0.0,2493.9977822060755,25855.108399058543,25885.108399058543,25920.103815354963,26110.103815354963,350.0,582.4378022647783,0.0,0,0,0,1
S1,continuous,E,823,56,23389.739016889893,23830.4947194902,23897.70128820829,27292.31715218437,27327.666160330806,440.7557026003087,440.7557026003087,3394.6158639760797,3835.3715665763884,23830.4947194902,23860.4947194902,27317.666160330806,27507.666160330806,450.0,795.8703959263073,0.0,0,0,0,1
S1,continuous,E,824,27,23393.222862330138,25721.110616852468,25786.12102514869,25786.12102514869,25809.83795336386,2327.8877545223295,2327.8877545223295,0.0,2327.8877545223295,25721.110616852468,25751.110616852468,25799.83795336386,25989.83795336386,350.0,1079.5963565739237,0.0,0,0,0,1
S1,continuous,E,825,29,23469.112981519625,25751.110616852468,25812.891415333517,25926.584638716515,25929.112981519625,2281.997635332842,2281.997635332842,113.69322338299753,2395.6908587158396,25751.110616852468,25781.110616852468,25926.584638716515,26116.584638716515,300.0,1375.0127751690416,0.0,0,0,0,0
S1,continuous,E,826,14,23470.4947194902,24179.270396369495,24262.953760610293,25822.37811534443,25895.108399058543,708.7756768792933,408.7756768792933,1559.4243547341357,1968.200031613429,24179.270396369495,24209.270396369495,25885.108399058543,26075.108399058543,600.0,1396.6651280213996,0.0,0,0,0,1
S1,continuous,E,827,64,23477.666160330806,24256.584638716515,24293.540540016915,25108.762390469663,25149.739016889893,778.918478385709,598.918478385709,815.2218504527482,1414.1403288384572,24256.584638716515,24286.584638716515,25139.739016889893,25329.739016889893,400.0,1279.3620792692923,0.0,0,0,0,1
S1,continuous,E,828,26,23520.04042679486,23860.4947194902,23945.18127341037,25706.4130681349,25791.110616852468,340.45429269534,340.45429269534,1761.231794724532,2101.686087419872,23860.4947194902,23890.4947194902,25781.110616852468,25971.110616852468,500.0,1591.278778920713,0.0,0,0,0,1
S1,continuous,E,829,16,23551.110616852468,24286.584638716515,24328.72807142491,24862.43936666604,24896.156294881213,735.4740218640472,615.4740218640472,533.7112952411298,1149.185317105177,24286.584638716515,24316.584638716515,24886.156294881213,25076.156294881213,400.0,1588.8990154438002,0.0,0,0,0,1
S1,continuous,E,830,68,23579.739016889893,24209.270396369495,24264.711047940586,25288.762390469663,25339.739016889893,629.531379479602,389.53137947960204,1024.0513425290774,1413.5827220086794,24209.270396369495,24239.270396369495,25329.739016889893,25519.739016889893,450.0,1255.049330238065,0.0,0,0,0,1
S1,continuous,E,831,74,23583.222862330138,23890.4947194902,23987.70128820829,27452.31715218437,27517.666160330806,307.2718571600635,307.2718571600635,3464.6158639760797,3771.887721136143,23890.4947194902,23920.4947194902,27507.666160330806,27697.666160330806,600.0,1095.8703959263073,0.0,0,0,0,1
S1,continuous,E,832,59,23696.584638716515,24258.670292292525,24322.012840838877,25021.826335576494,25034.354678379605,562.0856535760104,562.0856535760104,699.8134947376166,1261.899148313627,24258.670292292525,24288.670292292525,25024.354678379605,25214.354678379605,350.0,1269.9224953128196,0.0,0,0,0,1
S1,continuous,E,833,33,23697.666160330806,27697.666160330806,27711.13952211714,27711.13952211714,27750.04042679486,4000.0,4000.0,0.0,4000.0,27697.666160330806,27727.666160330806,27740.04042679486,27930.04042679486,300.0,762.8731401140631,0.0,0,0,0,0
S1,continuous,E,834,63,23769.739016889893,26075.108399058543,26107.19329765746,26107.19329765746,26149.80917699819,2305.36938216865,2305.36938216865,0.0,2305.36938216865,26075.108399058543,26105.108399058543,26139.80917699819,26329.80917699819,350.0,950.3718075943896,0.0,0,0,0,1
S1,continuous,E,835,54,23773.222862330138,24316.584638716515,24363.554625388257,26051.202910677242,26120.103815354963,543.3617763863767,543.3617763863767,1687.6482852889858,2231.0100616753625,24316.584638716515,24346.584638716515,26110.103815354963,26300.103815354963,450.0,1469.9224953128196,0.0,0,0,0,1
S1,continuous,E,836,1,23801.110616852468,26105.108399058543,26137.19329765746,26297.19329765746,26339.80917699819,2303.9977822060755,2303.9977822060755,160.0,2463.9977822060755,26105.108399058543,26135.108399058543,26329.80917699819,26519.80917699819,350.0,950.3718075943896,0.0,0,0,0,1
S1,continuous,E,837,43,23809.270396369495,24049.270396369495,24154.00220216534,25448.762390469663,25529.739016889893,240.0,0.0,1294.7601883043244,1294.7601883043244,24049.270396369495,24079.270396369495,25519.739016889893,25709.739016889893,600.0,1675.6909591456986,0.0,0,0,0,1
S1,continuous,E,838,35,23858.670292292525,26135.108399058543,26170.46306528408,26170.46306528408,26182.99140808719,2276.438106766018,2276.438106766018,0.0,2276.438106766018,26135.108399058543,26165.108399058543,26172.99140808719,26362.99140808719,350.0,1017.9186333476579,0.0,0,0,0,1
S1,continuous,E,839,58,23879.112981519625,25971.110616852468,26061.30190066516,26501.13952211714,26580.04042679486,2091.997635332842,2091.997635332842,439.83762145198125,2531.8352567848233,25971.110616852468,26001.110616852468,26570.04042679486,26760.04042679486,500.0,1184.2412733181616,0.0,0,0,0,1
S1,continuous,E,840,34,23887.666160330806,24288.670292292525,24383.16998350093,25648.762390469663,25719.739016889893,401.0041319617194,401.0041319617194,1265.5924069687317,1666.596538930451,24288.670292292525,24318.670292292525,25709.739016889893,25899.739016889893,550.0,1172.6400908686771,0.0,0,0,0,1
S1,continuous,E,841,37,23959.739016889893,24346.584638716515,24398.72807142491,25042.43936666604,25086.156294881213,386.84562182662194,386.84562182662194,643.7112952411298,1030.5569170677518,24346.584638716515,24376.584638716515,25076.156294881213,25266.156294881213,450.0,1688.8990154438002,0.0,0,0,0,1
S1,continuous,E,842,8,23963.222862330138,26165.108399058543,26197.805118798282,26197.805118798282,26221.522047013455,2201.885536728405,2201.885536728405,0.0,2201.885536728405,26165.108399058543,26195.108399058543,26211.522047013455,26401.522047013455,350.0,896.6651280213995,0.0,0,0,0,1
S1,continuous,E,843,15,23991.110616852468,26195.108399058543,26227.805118798282,26387.805118798282,26411.522047013455,2203.9977822060755,2203.9977822060755,160.0,2363.9977822060755,26195.108399058543,26225.108399058543,26401.522047013455,26591.522047013455,350.0,896.6651280213995,0.0,0,0,0,1
S1,continuous,E,844,21,23999.270396369495,26225.108399058543,26240.86442509938,26240.86442509938,26261.84105151961,2225.838002689048,2225.838002689048,0.0,2225.838002689048,26225.108399058543,26255.108399058543,26251.84105151961,26441.84105151961,300.0,370.2507057864224,0.0,0,0,0,0
S1,continuous,E,845,47,24048.670292292525,24376.584638716515,24446.19623128311,25916.4130681349,26011.110616852468,327.9143464239896,327.9143464239896,1470.2168368517923,1798.131183275782,24376.584638716515,24406.584638716515,26001.110616852468,26191.110616852468,550.0,1875.0127751690416,0.0,0,0,0,1
S1,continuous,E,846,11,24076.584638716515,25214.354678379605,25269.507403694137,26212.37811534443,26265.108399058543,1137.7700396630898,1137.7700396630898,942.8707116502919,2080.6407513133818,25214.354678379605,25244.354678379605,26255.108399058543,26445.108399058543,500.0,1317.9186333476578,0.0,0,0,0,1
S1,continuous,E,847,38,24077.666160330806,26191.110616852468,26279.206065227692,27702.31715218437,27737.666160330806,2113.444456521662,2113.444456521662,1423.1110869566764,3536.555543478338,26191.110616852468,26221.110616852468,27727.666160330806,27917.666160330806,450.0,1443.4260948305448,0.0,0,0,0,1
S1,continuous,E,848,17,24176.471669350958,25244.354678379605,25311.324665051347,26681.13952211714,26770.04042679486,1067.8830090286465,1067.8830090286465,1369.814857065794,2437.6978660944405,25244.354678379605,25274.354678379605,26760.04042679486,26950.04042679486,550.0,1669.9224953128196,0.0,0,0,0,1
S1,continuous,E,849,25,24181.110616852468,26445.108399058543,26477.19329765746,26487.19329765746,26529.80917699819,2263.9977822060755,2263.9977822060755,10.0,2273.9977822060755,26445.108399058543,26475.108399058543,26519.80917699819,26709.80917699819,350.0,950.3718075943896,0.0,0,0,0,1
S1,continuous,E,850,71,24209.739016889893,24239.270396369495,24324.711047940586,25828.762390469663,25909.739016889893,29.531379479602037,29.531379479602037,1504.0513425290774,1533.5827220086794,24239.270396369495,24269.270396369495,25899.739016889893,26089.739016889893,600.0,1555.049330238065,0.0,0,0,0,1
S1,continuous,E,851,40,24267.666160330806,24318.670292292525,24404.183333651985,25222.43936666604,25276.156294881213,51.004131961719395,51.004131961719395,818.256033014055,869.2601649757744,24318.670292292525,24348.670292292525,25266.156294881213,25456.156294881213,500.0,1103.8982765803223,0.0,0,0,0,1
S1,continuous,E,852,70,24426.471669350958,26475.108399058543,26507.805118798282,26577.805118798282,26601.522047013455,2048.636729707585,2048.636729707585,70.0,2118.636729707585,26475.108399058543,26505.108399058543,26591.522047013455,26781.522047013455,350.0,896.6651280213995,0.0,0,0,0,1
S1,continuous,E,853,5,24427.671544610523,24660.20280534288,24767.2280636605,27862.31715218437,27927.666160330806,232.53126073235762,172.53126073235762,3095.0890885238696,3267.620349256227,24660.20280534288,24690.20280534288,27917.666160330806,28107.666160330806,600.0,1362.873140114063,0.0,0,0,0,1
S1,continuous,E,854,73,24429.739016889893,24690.20280534288,24763.545353889233,25261.826335576494,25284.354678379605,260.4637884529875,200.4637884529875,498.2809816872614,698.7447701402489,24690.20280534288,24720.20280534288,25274.354678379605,25464.354678379605,400.0,1369.9224953128196,0.0,0,0,0,1
S1,continuous,E,855,19,24449.83795336386,24945.21533451853,25049.715025726935,26370.86442509938,26451.84105151961,495.3773811546671,195.3773811546671,1321.1493993724434,1516.5267805271105,24945.21533451853,24975.21533451853,26441.84105151961,26631.84105151961,600.0,1272.6400908686771,0.0,0,0,0,1
S1,continuous,E,856,2,24457.666160330806,25656.703682071886,25710.387046312684,26472.37811534443,26515.108399058543,1199.0375217410801,959.0375217410801,761.9910690317447,1721.0285907728248,25656.703682071886,25686.703682071886,26505.108399058543,26695.108399058543,450.0,1096.6651280213996,0.0,0,0,0,1
S1,continuous,E,857,44,24478.58391482863,26221.110616852468,26296.12102514869,26757.805118798282,26791.522047013455,1742.5267020238389,1742.5267020238389,461.6840936495937,2204.2107956734326,26221.110616852468,26251.110616852468,26781.522047013455,26971.522047013455,400.0,1179.5963565739237,0.0,0,0,0,1
S1,continuous,E,858,67,24480.20280534288,28107.666160330806,28136.4130681349,28136.4130681349,28191.110616852468,3627.4633549879254,3627.4633549879254,0.0,3627.4633549879254,28107.666160330806,28137.666160330806,28181.110616852468,28371.110616852468,350.0,1243.4260948305448,0.0,0,0,0,1
S1,continuous,E,859,45,24646.471669350958,26251.110616852468,26327.87884014947,26667.19329765746,26719.80917699819,1604.6389475015094,1604.6389475015094,339.3144575079896,1943.953405009499,26251.110616852468,26281.110616852468,26709.80917699819,26899.80917699819,400.0,1391.278778920713,0.0,0,0,0,1
S1,continuous,E,860,42,24654.354678379605,26695.108399058543,26710.86442509938,26710.86442509938,26731.84105151961,2040.7537206789384,2040.7537206789384,0.0,2040.7537206789384,26695.108399058543,26725.108399058543,26721.84105151961,26911.84105151961,300.0,370.2507057864224,0.0,0,0,0,0
S1,continuous,E,861,24,24677.666160330806,26089.739016889893,26152.43936666604,26937.805118798282,26981.522047013455,1412.072856559087,1412.072856559087,785.365752132242,2197.438608691329,26089.739016889893,26119.739016889893,26971.522047013455,27161.522047013455,450.0,1255.049330238065,0.0,0,0,0,1
S1,continuous,E,862,41,24706.156294881213,24946.156294881213,25050.84284880138,26186.4130681349,26291.110616852468,240.0,0.0,1135.57021933352,1135.57021933352,24946.156294881213,24976.156294881213,26281.110616852468,26471.110616852468,600.0,1791.278778920713,0.0,0,0,0,1
S1,continuous,E,863,72,24721.110616852468,24721.110616852468,24816.623658211927,25936.12102514869,25999.83795336386,0.0,0.0,1119.497366936761,1119.497366936761,24721.110616852468,24751.110616852468,25989.83795336386,26179.83795336386,550.0,1203.8982765803223,0.0,0,0,0,1
S1,continuous,E,864,49,24739.739016889893,25464.354678379605,25502.121012646854,25747.6058578546,25800.22173719533,724.6156614897118,724.6156614897118,245.48484520774582,970.1005066974576,25464.354678379605,25494.354678379605,25790.22173719533,25980.22173719533,400.0,1391.5872083284257,0.0,0,0,0,1
S1,continuous,E,865,28,24765.21533451853,28137.666160330806,28157.6058578546,28157.6058578546,28200.22173719533,3372.450825812277,3372.450825812277,0.0,3372.450825812277,28137.666160330806,28167.666160330806,28190.22173719533,28380.22173719533,350.0,595.8703959263073,0.0,0,0,0,1
S1,continuous,E,866,48,24836.471669350958,28167.666160330806,28192.986753856712,28192.986753856712,28216.703682071886,3331.1944909798476,3331.1944909798476,0.0,3331.1944909798476,28167.666160330806,28197.666160330806,28206.703682071886,28396.703682071886,350.0,860.1020404392933,0.0,0,0,0,1
S1,continuous,E,867,55,24836.883021182715,24976.156294881213,25075.430963005816,26861.13952211714,26960.04042679486,139.2732736984981,19.273273698498087,1785.7085591113246,1804.9818328098227,24976.156294881213,25006.156294881213,26950.04042679486,27140.04042679486,600.0,1401.5031723503598,0.0,0,0,0,1
S1,continuous,E,868,69,24867.666160330806,26119.739016889893,26193.10415358405,28162.31715218437,28207.666160330806,1252.072856559087,1252.072856559087,1969.2129986003201,3221.285855159407,26119.739016889893,26149.739016889893,28197.666160330806,28387.666160330806,500.0,1357.5288577618476,0.0,0,0,0,1
S1,continuous,E,869,16,24896.156294881213,26149.739016889893,26233.10415358405,28342.31715218437,28397.666160330806,1253.5827220086794,1253.5827220086794,2109.21299860032,3362.7957206089995,26149.739016889893,26179.739016889893,28387.666160330806,28577.666160330806,550.0,1457.5288577618476,0.0,0,0,0,1
S1,continuous,E,870,39,24911.110616852468,26179.739016889893,26263.10415358405,28532.31715218437,28587.666160330806,1268.6284000374253,1268.6284000374253,2269.21299860032,3537.8413986377454,26179.739016889893,26209.739016889893,28577.666160330806,28767.666160330806,550.0,1457.5288577618476,0.0,0,0,0,1
S1,continuous,E,871,50,24929.739016889893,26209.739016889893,26303.10415358405,28712.31715218437,28777.666160330806,1280.0,1280.0,2409.21299860032,3689.21299860032,26209.739016889893,26239.739016889893,28767.666160330806,28957.666160330806,600.0,1557.5288577618476,0.0,0,0,0,1
S1,continuous,E,872,59,25034.354678379605,28957.666160330806,28975.40367875117,28975.40367875117,28996.3803051714,3923.311481951201,3923.311481951201,0.0,3923.311481951201,28957.666160330806,28987.666160330806,28986.3803051714,29176.3803051714,300.0,957.5288577618476,0.0,0,0,0,0
S1,continuous,E,873,13,25057.666160330806,28987.666160330806,29007.6058578546,29007.6058578546,29050.22173719533,3930.0,3930.0,0.0,3930.0,28987.666160330806,29017.666160330806,29040.22173719533,29230.22173719533,350.0,595.8703959263073,0.0,0,0,0,1
S1,continuous,E,874,37,25086.156294881213,25461.46708564738,25534.80963419373,26350.46306528408,26372.99140808719,375.31079076616516,375.31079076616516,815.653431090348,1190.9642218565132,25461.46708564738,25491.46708564738,26362.99140808719,26552.99140808719,400.0,1369.9224953128196,0.0,0,0,0,1
S1,continuous,E,875,62,25086.471669350958,26631.84105151961,26725.206188213764,28962.31715218437,29027.666160330806,1545.3693821686502,1545.3693821686502,2237.1109639706046,3782.480346139255,26631.84105151961,26661.84105151961,29017.666160330806,29207.666160330806,600.0,1557.5288577618476,0.0,0,0,0,1
S1,continuous,E,876,9,25091.46708564738,25494.354678379605,25576.498111088,27097.805118798282,27171.522047013455,402.88759273222604,402.88759273222604,1521.307007710282,1924.194600442508,25494.354678379605,25524.354678379605,27161.522047013455,27351.522047013455,600.0,1988.8990154438002,0.0,0,0,0,1
S1,continuous,E,877,0,25101.110616852468,25686.703682071886,25740.39219566653,29182.31715218437,29217.666160330806,585.5930652194183,585.5930652194183,3441.9249565178397,4027.518021737258,25686.703682071886,25716.703682071886,29207.666160330806,29397.666160330806,450.0,1060.1020404392934,0.0,0,0,0,1
S1,continuous,E,878,64,25149.739016889893,26116.584638716515,26181.737364031047,26672.37811534443,26735.108399058543,966.8456218266219,966.8456218266219,490.64075131338177,1457.4863731400037,26116.584638716515,26146.584638716515,26725.108399058543,26915.108399058543,550.0,1417.9186333476578,0.0,0,0,0,1
S1,continuous,E,879,6,25247.666160330806,25491.46708564738,25564.80963419373,26540.46306528408,26562.99140808719,243.80092531657283,243.80092531657283,975.653431090348,1219.4543564069209,25491.46708564738,25521.46708564738,26552.99140808719,26742.99140808719,400.0,1369.9224953128196,0.0,0,0,0,1
S1,continuous,E,880,40,25276.156294881213,26471.110616852468,26589.206065227692,29342.31715218437,29407.666160330806,1194.954321971254,1194.954321971254,2753.1110869566764,3948.0654089279305,26471.110616852468,26501.110616852468,29397.666160330806,29587.666160330806,600.0,1743.4260948305448,0.0,0,0,0,1
S1,continuous,E,881,36,25276.471669350958,26742.99140808719,26768.14413340172,26902.37811534443,26925.108399058543,1466.5197387362314,1466.5197387362314,134.23398194270703,1600.7537206789384,26742.99140808719,26772.99140808719,26915.108399058543,27105.108399058543,350.0,1017.918633347658,0.0,0,0,0,1
S1,continuous,E,882,10,25281.46708564738,25716.703682071886,25792.144333642977,26850.86442509938,26921.84105151961,435.2365964245073,435.2365964245073,1058.7200914564019,1493.9566878809092,25716.703682071886,25746.703682071886,26911.84105151961,27101.84105151961,550.0,1455.049330238065,0.0,0,0,0,1
S1,continuous,E,883,73,25284.354678379605,25740.20280534288,25807.2280636605,29572.31715218437,29597.666160330806,455.8481269632757,455.8481269632757,3765.0890885238696,4220.937215487145,25740.20280534288,25770.20280534288,29587.666160330806,29777.666160330806,400.0,962.8731401140631,0.0,0,0,0,1
S1,continuous,E,884,32,25291.110616852468,29777.666160330806,29795.40367875117,29795.40367875117,29816.3803051714,4486.555543478338,4486.555543478338,0.0,4486.555543478338,29777.666160330806,29807.666160330806,29806.3803051714,29996.3803051714,300.0,957.5288577618476,0.0,0,0,0,0
S1,continuous,E,885,68,25339.739016889893,26661.84105151961,26705.84342026656,27082.37811534443,27115.108399058543,1322.1020346297155,1322.1020346297155,376.5346950778694,1698.636729707585,26661.84105151961,26691.84105151961,27105.108399058543,27295.108399058543,400.0,570.2507057864224,0.0,0,0,0,1
S1,continuous,E,886,65,25476.703682071886,25770.20280534288,25877.2280636605,29752.31715218437,29817.666160330806,293.49912327099446,293.49912327099446,3875.0890885238696,4168.588211794864,25770.20280534288,25800.20280534288,29807.666160330806,29997.666160330806,600.0,1362.873140114063,0.0,0,0,0,1
S1,continuous,E,887,18,25485.108399058543,26772.99140808719,26835.134840795585,27307.805118798282,27361.522047013455,1287.8830090286465,1287.8830090286465,472.67027800269716,1760.5532870313436,26772.99140808719,26802.99140808719,27351.522047013455,27541.522047013455,500.0,1788.8990154438002,0.0,0,0,0,1
S1,continuous,E,888,43,25529.739016889893,25829.739016889893,25924.13365666274,26416.4130681349,26511.110616852468,300.0,0.0,492.2794114721619,492.2794114721619,25829.739016889893,25859.739016889893,26501.110616852468,26691.110616852468,550.0,1284.2412733181616,0.0,0,0,0,1
S1,continuous,E,889,7,25541.110616852468,29997.666160330806,30024.056295913404,30024.056295913404,30036.584638716515,4456.555543478338,4456.555543478338,0.0,4456.555543478338,29997.666160330806,30027.666160330806,30026.584638716515,30216.584638716515,350.0,875.4619171585908,0.0,0,0,0,1
S1,continuous,E,890,60,25556.584638716515,25859.739016889893,25943.081565436245,26780.46306528408,26812.99140808719,303.15437817337806,303.15437817337806,837.3814998478338,1140.5358780212118,25859.739016889893,25889.739016889893,26802.99140808719,26992.99140808719,450.0,1469.9224953128196,0.0,0,0,0,1
S1,continuous,E,891,31,25560.20280534288,26691.84105151961,26755.206188213764,30002.31715218437,30037.666160330806,1131.638246176728,1131.638246176728,3247.1109639706046,4378.749210147333,26691.84105151961,26721.84105151961,30027.666160330806,30217.666160330806,450.0,1257.5288577618476,0.0,0,0,0,1
S1,continuous,E,892,61,25587.666160330806,25746.703682071886,25830.035700192344,26950.46306528408,27002.99140808719,159.03752174108013,159.03752174108013,1120.4273650917348,1279.464886832815,25746.703682071886,25776.703682071886,26992.99140808719,27182.99140808719,550.0,1888.8990154437997,0.0,0,0,0,1
S1,continuous,E,893,12,25610.22173719533,30217.666160330806,30246.4130681349,30246.4130681349,30301.110616852468,4607.4444231354755,4607.4444231354755,0.0,4607.4444231354755,30217.666160330806,30247.666160330806,30291.110616852468,30481.110616852468,350.0,1243.4260948305448,0.0,0,0,0,1
S1,continuous,E,894,22,25675.108399058543,27101.84105151961,27195.206188213764,30192.31715218437,30257.666160330806,1426.7326524610653,1426.7326524610653,2997.1109639706046,4423.84361643167,27101.84105151961,27131.84105151961,30247.666160330806,30437.666160330806,600.0,1557.5288577618476,0.0,0,0,0,1
S1,continuous,E,895,34,25719.739016889893,25980.22173719533,26079.496405319933,27051.13952211714,27150.04042679486,260.4827203054374,260.4827203054374,971.6431167972078,1232.1258371026452,25980.22173719533,26010.22173719533,27140.04042679486,27330.04042679486,600.0,1401.5031723503598,0.0,0,0,0,1
S1,continuous,E,896,4,25739.112981519625,27182.99140808719,27210.75774235444,27210.75774235444,27253.37362169517,1443.878426567564,1443.878426567564,0.0,1443.878426567564,27182.99140808719,27212.99140808719,27243.37362169517,27433.37362169517,350.0,1291.5872083284257,0.0,0,0,0,1
S1,continuous,E,897,20,25777.666160330806,30437.666160330806,30455.40367875117,30455.40367875117,30476.3803051714,4660.0,4660.0,0.0,4660.0,30437.666160330806,30467.666160330806,30466.3803051714,30656.3803051714,300.0,957.5288577618476,0.0,0,0,0,0
S1,continuous,E,898,26,25791.110616852468,27212.99140808719,27229.94730938759,27229.94730938759,27250.92393580782,1421.880791234722,1421.880791234722,0.0,1421.880791234722,27212.99140808719,27242.99140808719,27240.92393580782,27430.92393580782,300.0,1079.3620792692923,0.0,0,0,0,0
S1,continuous,E,899,49,25800.22173719533,27295.108399058543,27321.202910677242,27321.202910677242,27370.103815354963,1494.8866618632128,1494.8866618632128,0.0,1494.8866618632128,27295.108399058543,27325.108399058543,27360.103815354963,27550.103815354963,350.0,582.4378022647783,0.0,0,0,0,1
S1,continuous,E,900,27,25809.83795336386,26179.83795336386,26219.173894282292,26857.19329765746,26909.80917699819,370.0,370.0,638.0194033751686,1008.0194033751686,26179.83795336386,26209.83795336386,26899.80917699819,27089.80917699819,400.0,806.2648846633376,0.0,0,0,0,1
S1,continuous,E,901,14,25895.108399058543,26691.110616852468,26812.891415333517,27190.46306528408,27252.99140808719,796.0022177939245,796.0022177939245,377.57164995056155,1173.573867744486,26691.110616852468,26721.110616852468,27242.99140808719,27432.99140808719,600.0,1975.0127751690416,0.0,0,0,0,1
S1,continuous,E,902,71,25909.739016889893,30467.666160330806,30496.4130681349,30496.4130681349,30551.110616852468,4557.927143440913,4557.927143440913,0.0,4557.927143440913,30467.666160330806,30497.666160330806,30541.110616852468,30731.110616852468,350.0,1243.4260948305448,0.0,0,0,0,1
S1,continuous,E,903,29,25929.112981519625,27131.84105151961,27155.771902839468,27155.771902839468,27200.469451557034,1202.7280699999828,1202.7280699999828,0.0,1202.7280699999828,27131.84105151961,27161.84105151961,27190.469451557034,27380.469451557034,300.0,525.3192023310239,0.0,0,0,0,0
S1,continuous,E,904,53,25930.103815354963,26721.110616852468,26800.492578616024,27292.37811534443,27335.108399058543,791.0068014975041,791.0068014975041,491.885536728405,1282.892338225909,26721.110616852468,26751.110616852468,27325.108399058543,27515.108399058543,450.0,899.4333652244882,0.0,0,0,0,1
S1,continuous,E,905,66,25967.666160330806,27089.80917699819,27187.66304780306,27390.46306528408,27442.99140808719,1122.1430166673854,942.1430166673854,202.80001748101859,1144.943034148404,27089.80917699819,27119.80917699819,27432.99140808719,27622.99140808719,550.0,1691.5872083284257,0.0,0,0,0,1
S1,continuous,E,906,72,25999.83795336386,26300.103815354963,26377.129073672582,30472.31715218437,30507.666160330806,300.2658619911017,300.2658619911017,4095.1880785117864,4395.453940502888,26300.103815354963,26330.103815354963,30497.666160330806,30687.666160330806,450.0,1062.873140114063,0.0,0,0,0,1
S1,continuous,E,907,47,26011.110616852468,30687.666160330806,30714.056295913404,30714.056295913404,30726.584638716515,4676.555543478338,4676.555543478338,0.0,4676.555543478338,30687.666160330806,30717.666160330806,30716.584638716515,30906.584638716515,350.0,875.4619171585908,0.0,0,0,0,1
S1,continuous,E,908,54,26120.103815354963,27622.99140808719,27649.96139475893,27891.13952211714,27940.04042679486,1502.887592732226,1502.887592732226,241.17812735820917,1744.0657200904352,27622.99140808719,27652.99140808719,27930.04042679486,28120.04042679486,350.0,1269.9224953128194,0.0,0,0,0,1
S1,continuous,E,909,63,26149.80917699819,26751.110616852468,26867.87884014947,27350.75774235444,27443.37362169517,601.3014398542764,601.3014398542764,482.87890220496774,1084.1803420592441,26751.110616852468,26781.110616852468,27433.37362169517,27623.37362169517,600.0,1791.278778920713,0.0,0,0,0,1
S1,continuous,E,910,3,26157.666160330806,30717.666160330806,30744.056295913404,30904.056295913404,30916.584638716515,4560.0,4560.0,160.0,4720.0,30717.666160330806,30747.666160330806,30906.584638716515,31096.584638716515,350.0,875.4619171585908,0.0,0,0,0,1
S1,continuous,E,911,35,26182.99140808719,30747.666160330806,30776.4130681349,30776.4130681349,30831.110616852468,4564.674752243616,4564.674752243616,0.0,4564.674752243616,30747.666160330806,30777.666160330806,30821.110616852468,31011.110616852468,350.0,1243.4260948305448,0.0,0,0,0,1
S1,continuous,E,912,8,26221.522047013455,27652.99140808719,27669.94730938759,27669.94730938759,27690.92393580782,1431.469361073734,1431.469361073734,0.0,1431.469361073734,27652.99140808719,27682.99140808719,27680.92393580782,27870.92393580782,300.0,1079.3620792692923,0.0,0,0,0,0
S1,continuous,E,913,21,26261.84105151961,27161.84105151961,27244.541401295755,27487.805118798282,27551.522047013455,900.0,900.0,243.26371750252656,1143.2637175025266,27161.84105151961,27191.84105151961,27541.522047013455,27731.522047013455,550.0,1455.049330238065,0.0,0,0,0,1
S1,continuous,E,914,11,26265.108399058543,27682.99140808719,27715.134840795585,27717.805118798282,27741.522047013455,1417.8830090286465,1417.8830090286465,2.6702780026971595,1420.5532870313436,27682.99140808719,27712.99140808719,27731.522047013455,27921.522047013455,350.0,1488.8990154438002,0.0,0,0,0,1
S1,continuous,E,915,41,26291.110616852468,27330.04042679486,27414.43506656771,27414.43506656771,27499.132615285274,1038.929809942394,978.9298099423941,0.0,978.9298099423941,27330.04042679486,27360.04042679486,27489.132615285274,27679.132615285274,500.0,1184.2412733181616,0.0,0,0,0,1
S1,continuous,E,916,1,26339.80917699819,27119.80917699819,27214.49573091836,27594.43506656771,27689.132615285274,780.0,780.0,379.93933564934923,1159.9393356493492,27119.80917699819,27149.80917699819,27679.132615285274,27869.132615285274,550.0,1691.278778920713,0.0,0,0,0,1
S1,continuous,E,917,37,26372.99140808719,27712.99140808719,27732.603000653784,27834.43506656771,27879.132615285274,1340.0,1340.0,101.83206591392445,1441.8320659139245,27712.99140808719,27742.99140808719,27869.132615285274,28059.132615285274,300.0,1375.0127751690416,0.0,0,0,0,0
S1,continuous,E,918,52,26377.666160330806,26781.110616852468,26887.87884014947,27550.75774235444,27633.37362169517,403.4444565216618,403.4444565216618,662.8789022049677,1066.3233587266295,26781.110616852468,26811.110616852468,27623.37362169517,27813.37362169517,550.0,1691.278778920713,0.0,0,0,0,1
S1,continuous,E,919,57,26390.04042679486,26811.110616852468,26911.30190066516,28041.13952211714,28130.04042679486,421.07019005760594,421.07019005760594,1129.8376214519812,1550.9078115095872,26811.110616852468,26841.110616852468,28120.04042679486,28310.04042679486,550.0,1284.2412733181616,0.0,0,0,0,1
S1,continuous,E,920,15,26411.522047013455,26841.110616852468,26930.492578616024,27472.37811534443,27525.108399058543,429.58856983901205,429.58856983901205,541.885536728405,971.474106567417,26841.110616852468,26871.110616852468,27515.108399058543,27705.108399058543,500.0,999.4333652244882,0.0,0,0,0,1
S1,continuous,E,921,19,26451.84105151961,27705.108399058543,27737.19329765746,27780.75774235444,27823.37362169517,1253.2673475389347,1253.2673475389347,43.56444469697817,1296.8317922359129,27705.108399058543,27735.108399058543,27813.37362169517,28003.37362169517,350.0,950.3718075943896,0.0,0,0,0,1
S1,continuous,E,922,43,26511.110616852468,27191.84105151961,27278.416464470523,28221.13952211714,28320.04042679486,680.7304346671408,680.7304346671408,942.7230576466172,1623.453492313758,27191.84105151961,27221.84105151961,28310.04042679486,28500.04042679486,600.0,1272.6400908686771,0.0,0,0,0,1
S1,continuous,E,923,2,26515.108399058543,27921.522047013455,27956.962698584546,27956.962698584546,27987.939325004776,1406.4136479549124,1406.4136479549124,0.0,1406.4136479549124,27921.522047013455,27951.522047013455,27977.939325004776,28167.939325004776,350.0,1055.049330238065,0.0,0,0,0,1
S1,continuous,E,924,25,26529.80917699819,27550.103815354963,27623.446363901316,27730.46306528408,27752.99140808719,1020.2946383567723,1020.2946383567723,107.01670138276313,1127.3113397395355,27550.103815354963,27580.103815354963,27742.99140808719,27932.99140808719,400.0,1369.9224953128196,0.0,0,0,0,1
S1,continuous,E,925,6,26562.99140808719,30777.666160330806,30791.13952211714,30791.13952211714,30830.04042679486,4214.674752243616,4214.674752243616,0.0,4214.674752243616,30777.666160330806,30807.666160330806,30820.04042679486,31010.04042679486,300.0,762.8731401140631,0.0,0,0,0,0
S1,continuous,E,926,23,26567.666160330806,27149.80917699819,27211.779671223725,27712.37811534443,27745.108399058543,582.1430166673854,582.1430166673854,500.5984441207038,1082.7414607880892,27149.80917699819,27179.80917699819,27735.108399058543,27925.108399058543,400.0,1050.3718075943896,0.0,0,0,0,1
S1,continuous,E,927,58,26580.04042679486,27951.522047013455,27980.857987931886,28347.6058578546,28390.22173719533,1371.481620218594,1371.481620218594,366.747869922714,1738.229490141308,27951.522047013455,27981.522047013455,28380.22173719533,28570.22173719533,350.0,706.2648846633376,0.0,0,0,0,1
S1,continuous,E,928,70,26601.522047013455,27580.103815354963,27645.616856714423,27957.805118798282,27991.522047013455,978.581768341508,978.581768341508,312.1882620838587,1290.7700304253667,27580.103815354963,27610.103815354963,27981.522047013455,28171.522047013455,400.0,903.8982765803223,0.0,0,0,0,1
S1,continuous,E,929,45,26719.80917699819,30807.666160330806,30822.37811534443,30822.37811534443,30835.108399058543,4087.8569833326146,4087.8569833326146,0.0,4087.8569833326146,30807.666160330806,30837.666160330806,30825.108399058543,31015.108399058543,300.0,714.5929171151033,0.0,0,0,0,0
S1,continuous,E,930,42,26731.84105151961,27179.80917699819,27249.083845122794,28441.13952211714,28510.04042679486,447.9681254785828,447.9681254785828,1192.0556769943469,1640.0238024729297,27179.80917699819,27209.80917699819,28500.04042679486,28690.04042679486,450.0,1101.5031723503598,0.0,0,0,0,1
S1,continuous,E,931,64,26735.108399058543,27932.99140808719,28009.96139475893,28601.13952211714,28700.04042679486,1197.8830090286465,1197.8830090286465,591.1781273582092,1789.0611363868557,27932.99140808719,27962.99140808719,28690.04042679486,28880.04042679486,600.0,1769.9224953128196,0.0,0,0,0,1
S1,continuous,E,932,30,26757.666160330806,27925.108399058543,27950.86442509938,28146.962698584546,28177.939325004776,1167.4422387277373,1167.4422387277373,196.09827348516774,1363.540512212905,27925.108399058543,27955.108399058543,28167.939325004776,28357.939325004776,350.0,470.2507057864224,0.0,0,0,0,1
S1,continuous,E,933,17,26770.04042679486,30837.666160330806,30874.056295913404,31084.056295913404,31106.584638716515,4067.625733535944,4067.625733535944,210.0,4277.625733535944,30837.666160330806,30867.666160330806,31096.584638716515,31286.584638716515,400.0,975.4619171585908,0.0,0,0,0,1
S1,continuous,E,934,44,26791.522047013455,27610.103815354963,27673.446363901316,27960.46306528408,27972.99140808719,818.581768341508,818.581768341508,287.01670138276313,1105.5984697242711,27610.103815354963,27640.103815354963,27962.99140808719,28152.99140808719,350.0,1269.9224953128196,0.0,0,0,0,1
S1,continuous,E,935,60,26812.99140808719,28152.99140808719,28190.75774235444,28527.6058578546,28580.22173719533,1340.0,1340.0,336.84811550016093,1676.848115500161,28152.99140808719,28182.99140808719,28570.22173719533,28760.22173719533,400.0,1391.5872083284257,0.0,0,0,0,1
S1,continuous,E,936,27,26909.80917699819,27430.92393580782,27484.92630455477,27922.37811534443,27965.108399058543,521.1147588096283,521.1147588096283,437.45181078965834,958.5665695992866,27430.92393580782,27460.92393580782,27955.108399058543,28145.108399058543,450.0,670.2507057864224,0.0,0,0,0,1
S1,continuous,E,937,10,26921.84105151961,28003.37362169517,28082.648289819772,28811.13952211714,28890.04042679486,1081.532570175561,781.532570175561,728.4912322973687,1510.0238024729297,28003.37362169517,28033.37362169517,28880.04042679486,29070.04042679486,500.0,1201.5031723503598,0.0,0,0,0,1
S1,continuous,E,938,36,26925.108399058543,28033.37362169517,28091.22749250004,28180.46306528408,28192.99140808719,1108.2652226366263,808.2652226366263,89.23557278404041,897.5007954206667,28033.37362169517,28063.37362169517,28182.99140808719,28372.99140808719,350.0,1291.5872083284257,0.0,0,0,0,1
S1,continuous,E,939,46,26947.666160330806,27380.469451557034,27428.12122517423,27449.94730938759,27470.92393580782,432.8032912262279,192.80329122622788,21.826084213360446,214.62937543958833,27380.469451557034,27410.469451557034,27460.92393580782,27650.92393580782,300.0,525.3192023310239,0.0,0,0,0,0
S1,continuous,E,940,55,26960.04042679486,30867.666160330806,30882.37811534443,31012.37811534443,31025.108399058543,3907.625733535944,3907.625733535944,130.0,4037.625733535944,30867.666160330806,30897.666160330806,31015.108399058543,31205.108399058543,300.0,714.5929171151033,0.0,0,0,0,0
S1,continuous,E,941,24,26981.522047013455,27640.103815354963,27704.60350656337,28326.962698584546,28367.939325004776,658.581768341508,658.581768341508,622.3591920211766,1280.9409603626846,27640.103815354963,27670.103815354963,28357.939325004776,28547.939325004776,400.0,872.6400908686771,0.0,0,0,0,1
S1,continuous,E,942,61,27002.99140808719,28145.108399058543,28190.86442509938,28506.962698584546,28557.939325004776,1142.1169909713535,1142.1169909713535,316.09827348516774,1458.2152644565213,28145.108399058543,28175.108399058543,28547.939325004776,28737.939325004776,450.0,670.2507057864224,0.0,0,0,0,1
S1,continuous,E,943,68,27115.108399058543,28171.522047013455,28195.773551657272,28336.4130681349,28381.110616852468,1056.4136479549124,1056.4136479549124,140.6395164776295,1197.053164432542,28171.522047013455,28201.522047013455,28371.110616852468,28561.110616852468,300.0,994.3774799065884,14.78112333266472,1,1,1,0
S1,continuous,E,944,51,27137.666160330806,27650.92393580782,27734.016488683163,28687.6058578546,28770.22173719533,513.2577754770136,513.2577754770136,953.5893691714373,1466.847144648451,27650.92393580782,27680.92393580782,28760.22173719533,28950.22173719533,550.0,1575.6909591456986,0.0,0,0,0,1
S1,continuous,E,945,34,27150.04042679486,27150.04042679486,27260.231710607553,28981.13952211714,29080.04042679486,0.0,0.0,1720.9078115095872,1720.9078115095872,27150.04042679486,27180.04042679486,29070.04042679486,29260.04042679486,600.0,1384.2412733181616,0.0,0,0,0,1
S1,continuous,E,946,9,27171.522047013455,28059.132615285274,28118.51457704883,28162.37811534443,28185.108399058543,887.6105682718189,587.6105682718189,43.86353829559812,631.474106567417,28059.132615285274,28089.132615285274,28175.108399058543,28365.108399058543,350.0,699.4333652244882,0.0,0,0,0,1
S1,continuous,E,947,29,27200.469451557034,28365.108399058543,28447.19329765746,29147.6058578546,29240.22173719533,1164.6389475015094,1164.6389475015094,700.4125601971391,1865.0515076986485,28365.108399058543,28395.108399058543,29230.22173719533,29420.22173719533,600.0,1450.3718075943896,0.0,0,0,0,1
S1,continuous,E,948,26,27250.92393580782,27870.92393580782,27914.85478712768,28506.4130681349,28571.110616852468,620.0,620.0,591.5582810072228,1211.5582810072228,27870.92393580782,27900.92393580782,28561.110616852468,28751.110616852468,400.0,725.3192023310239,0.0,0,0,0,1
S1,continuous,E,949,14,27252.99140808719,28395.108399058543,28450.86442509938,28686.962698584546,28747.939325004776,1142.1169909713535,1142.1169909713535,236.09827348516774,1378.2152644565213,28395.108399058543,28425.108399058543,28737.939325004776,28927.939325004776,500.0,770.2507057864224,0.0,0,0,0,1
S1,continuous,E,950,4,27253.37362169517,27900.92393580782,27954.92630455477,28392.37811534443,28435.108399058543,647.5503141126501,647.5503141126501,437.45181078965834,1085.0021249023084,27900.92393580782,27930.92393580782,28425.108399058543,28615.108399058543,450.0,670.2507057864224,0.0,0,0,0,1
S1,continuous,E,951,56,27327.666160330806,27670.103815354963,27734.49845512781,28696.4130681349,28761.110616852468,342.4376550241577,342.4376550241577,961.9146130070912,1304.352268031249,27670.103815354963,27700.103815354963,28751.110616852468,28941.110616852468,400.0,984.2412733181616,0.0,0,0,0,1
S1,continuous,E,952,53,27335.108399058543,27930.92393580782,27984.85478712768,28876.4130681349,28951.110616852468,595.8155367492764,595.8155367492764,891.5582810072228,1487.3738177564992,27930.92393580782,27960.92393580782,28941.110616852468,29131.110616852468,450.0,825.3192023310239,0.0,0,0,0,1
S1,continuous,E,953,18,27361.522047013455,27700.103815354963,27782.36894793727,28572.37811534443,28625.108399058543,338.581768341508,338.581768341508,790.0091674071591,1128.590935748667,27700.103815354963,27730.103815354963,28615.108399058543,28805.108399058543,500.0,882.4378022647784,0.0,0,0,0,1
S1,continuous,E,954,49,27370.103815354963,30897.666160330806,30926.4130681349,30966.4130681349,31021.110616852468,3527.5623449758423,3527.5623449758423,40.0,3567.5623449758423,30897.666160330806,30927.666160330806,31011.110616852468,31201.110616852468,350.0,1243.4260948305448,0.0,0,0,0,1
S1,continuous,E,955,66,27442.99140808719,28372.99140808719,28438.14413340172,28752.37811534443,28815.108399058543,930.0,930.0,314.23398194270703,1244.233981942707,28372.99140808719,28402.99140808719,28805.108399058543,28995.108399058543,550.0,1417.9186333476578,0.0,0,0,0,1
S1,continuous,E,956,63,27443.37362169517,27443.37362169517,27553.56490550786,29171.13952211714,29270.04042679486,0.0,0.0,1617.5746166092795,1617.5746166092795,27443.37362169517,27473.37362169517,29260.04042679486,29450.04042679486,600.0,1384.2412733181616,0.0,0,0,0,1
S1,continuous,E,957,46,27470.92393580782,28927.939325004776,29001.304461698932,30892.31715218437,30937.666160330806,1457.0153891969567,1457.0153891969567,1891.012690485437,3348.0280796823936,28927.939325004776,28957.939325004776,30927.666160330806,31117.666160330806,500.0,1357.5288577618476,0.0,0,0,0,1
S1,continuous,E,958,41,27499.132615285274,28402.99140808719,28480.75774235444,29337.6058578546,29430.22173719533,903.8587928019151,903.8587928019151,856.8481155001609,1760.706908302076,28402.99140808719,28432.99140808719,29420.22173719533,29610.22173719533,600.0,1791.5872083284257,0.0,0,0,0,1
S1,continuous,E,959,74,27517.666160330806,28396.703682071886,28476.039622990316,29527.6058578546,29620.22173719533,879.0375217410801,879.0375217410801,1051.5662348642836,1930.6037566053637,28396.703682071886,28426.703682071886,29610.22173719533,29800.22173719533,600.0,1206.2648846633376,0.0,0,0,0,1
S1,continuous,E,960,15,27525.108399058543,29450.04042679486,29545.600120256455,29727.6058578546,29810.22173719533,1924.9320277363186,1924.9320277363186,182.00573759814506,2106.9377653344636,29450.04042679486,29480.04042679486,29800.22173719533,29990.22173719533,550.0,1301.5031723503596,0.0,0,0,0,1
S1,continuous,E,961,21,27551.522047013455,28426.703682071886,28506.039622990316,29907.6058578546,30000.22173719533,875.1816350584304,875.1816350584304,1401.5662348642836,2276.747869922714,28426.703682071886,28456.703682071886,29990.22173719533,30180.22173719533,600.0,1206.2648846633376,0.0,0,0,0,1
S1,continuous,E,962,52,27633.37362169517,31117.666160330806,31142.986753856712,31142.986753856712,31166.703682071886,3484.2925386356364,3484.2925386356364,0.0,3484.2925386356364,31117.666160330806,31147.666160330806,31156.703682071886,31346.703682071886,350.0,860.1020404392933,0.0,0,0,0,1
S1,continuous,E,963,1,27689.132615285274,28063.37362169517,28148.105427491013,29125.40367875117,29186.3803051714,374.2410064098949,374.2410064098949,977.2982512601557,1351.5392576700506,28063.37362169517,28093.37362169517,29176.3803051714,29366.3803051714,500.0,1475.6909591456986,0.0,0,0,0,1
S1,continuous,E,964,8,27690.92393580782,31147.666160330806,31165.40367875117,31165.40367875117,31186.3803051714,3456.7422245229864,3456.7422245229864,0.0,3456.7422245229864,31147.666160330806,31177.666160330806,31176.3803051714,31366.3803051714,300.0,957.5288577618476,0.0,0,0,0,0
S1,continuous,E,965,38,27737.666160330806,28432.99140808719,28465.134840795585,28465.134840795585,28488.85176901076,695.3252477563838,695.3252477563838,0.0,695.3252477563838,28432.99140808719,28462.99140808719,28478.85176901076,28668.85176901076,350.0,1488.8990154438002,0.0,0,0,0,1
S1,continuous,E,966,11,27741.522047013455,31177.666160330806,31202.986753856712,31332.986753856712,31356.703682071886,3436.1441133173503,3436.1441133173503,130.0,3566.1441133173503,31177.666160330806,31207.666160330806,31346.703682071886,31536.703682071886,350.0,860.1020404392933,0.0,0,0,0,1
S1,continuous,E,967,23,27745.108399058543,28462.99140808719,28536.56087832646,31152.31715218437,31217.666160330806,717.8830090286465,717.8830090286465,2615.756273857907,3333.6392828865537,28462.99140808719,28492.99140808719,31207.666160330806,31397.666160330806,600.0,1375.4619171585907,0.0,0,0,0,1
S1,continuous,E,968,33,27750.04042679486,28093.37362169517,28185.344115920703,28942.37811534443,29005.108399058543,343.3331949003077,343.3331949003077,757.0339994237256,1100.3671943240333,28093.37362169517,28123.37362169517,28995.108399058543,29185.108399058543,550.0,1350.3718075943896,0.0,0,0,0,1
S1,continuous,E,969,25,27752.99140808719,28123.37362169517,28201.22749250004,28470.46306528408,28502.99140808719,370.3822136079798,370.3822136079798,269.2355727840404,639.6177863920202,28123.37362169517,28153.37362169517,28492.99140808719,28682.99140808719,450.0,1491.5872083284257,0.0,0,0,0,1
S1,continuous,E,970,19,27823.37362169517,29185.108399058543,29237.201629639843,31372.31715218437,31407.666160330806,1361.7347773633737,1361.7347773633737,2135.1155225445254,3496.850299907899,29185.108399058543,29215.108399058543,31397.666160330806,31587.666160330806,450.0,1014.5929171151033,0.0,0,0,0,1
S1,continuous,E,971,37,27879.132615285274,28668.85176901076,28712.183787131216,28712.183787131216,28724.712129934327,789.7191537254839,789.7191537254839,0.0,789.7191537254839,28668.85176901076,28698.85176901076,28714.712129934327,28904.712129934327,350.0,1488.8990154437997,0.0,0,0,0,1
S1,continuous,E,972,5,27927.666160330806,28682.99140808719,28749.94730938759,29305.40367875117,29376.3803051714,755.3252477563838,755.3252477563838,555.4563693635791,1310.781617119963,28682.99140808719,28712.99140808719,29366.3803051714,29556.3803051714,550.0,1579.3620792692923,0.0,0,0,0,1
S1,continuous,E,973,54,27940.04042679486,31587.666160330806,31601.13952211714,31601.13952211714,31640.04042679486,3647.625733535944,3647.625733535944,0.0,3647.625733535944,31587.666160330806,31617.666160330806,31630.04042679486,31820.04042679486,300.0,762.8731401140631,0.0,0,0,0,0
S1,continuous,E,974,27,27965.108399058543,28904.712129934327,28981.668031234727,29485.40367875117,29566.3803051714,939.6037308757841,939.6037308757841,503.73564751644153,1443.3393783922256,28904.712129934327,28934.712129934327,29556.3803051714,29746.3803051714,600.0,1679.3620792692923,0.0,0,0,0,1
S1,continuous,E,975,44,27972.99140808719,28698.85176901076,28772.5402826054,31572.31715218437,31627.666160330806,725.8603609235688,725.8603609235688,2799.7768695789673,3525.637230502536,28698.85176901076,28728.85176901076,31617.666160330806,31807.666160330806,550.0,1260.1020404392934,0.0,0,0,0,1
S1,continuous,E,976,2,27987.939325004776,29746.3803051714,29839.745441865554,31752.31715218437,31817.666160330806,1758.4409801666225,1758.4409801666225,1912.5717103188144,3671.012690485437,29746.3803051714,29776.3803051714,31807.666160330806,31997.666160330806,600.0,1557.5288577618476,0.0,0,0,0,1
S1,continuous,E,977,70,27991.522047013455,28934.712129934327,29008.2816001736,31942.31715218437,32007.666160330806,943.1900829208716,943.1900829208716,2934.0355520107696,3877.2256349316413,28934.712129934327,28964.712129934327,31997.666160330806,32187.666160330806,600.0,1375.4619171585907,0.0,0,0,0,1
S1,continuous,E,978,57,28130.04042679486,32187.666160330806,32201.13952211714,32201.13952211714,32240.04042679486,4057.625733535944,4057.625733535944,0.0,4057.625733535944,32187.666160330806,32217.666160330806,32230.04042679486,32420.04042679486,300.0,762.8731401140631,0.0,0,0,0,0
S1,continuous,E,979,30,28177.939325004776,29131.110616852468,29181.30190066516,29451.13952211714,29490.04042679486,953.1712918476915,953.1712918476915,269.83762145198125,1223.0089132996727,29131.110616852468,29161.110616852468,29480.04042679486,29670.04042679486,300.0,784.2412733181616,0.0,0,0,0,0
S1,continuous,E,980,9,28185.108399058543,28950.22173719533,29004.953542991174,29975.40367875117,30006.3803051714,765.1133381367872,765.1133381367872,970.4501357599947,1735.563473896782,28950.22173719533,28980.22173719533,29996.3803051714,30186.3803051714,350.0,1175.6909591456986,0.0,0,0,0,1
S1,continuous,E,981,67,28191.110616852468,29161.110616852468,29248.762390469663,30135.40367875117,30196.3803051714,970.0,970.0,886.6412882815057,1856.6412882815057,29161.110616852468,29191.110616852468,30186.3803051714,30376.3803051714,500.0,925.3192023310239,0.0,0,0,0,1
S1,continuous,E,982,36,28192.99140808719,32217.666160330806,32242.986753856712,32242.986753856712,32266.703682071886,4024.6747522436162,4024.6747522436162,0.0,4024.6747522436162,32217.666160330806,32247.666160330806,32256.703682071886,32446.703682071886,350.0,860.1020404392933,0.0,0,0,0,1
S1,continuous,E,983,28,28200.22173719533,29191.110616852468,29298.762390469663,30585.40367875117,30666.3803051714,990.8888796571373,990.8888796571373,1286.6412882815057,2277.530167938643,29191.110616852468,29221.110616852468,30656.3803051714,30846.3803051714,600.0,1125.319202331024,0.0,0,0,0,1
S1,continuous,E,984,69,28207.666160330806,28980.22173719533,29034.9082911155,29176.4130681349,29231.110616852468,772.5555768645245,772.5555768645245,141.50477701940326,914.0603538839277,28980.22173719533,29010.22173719533,29221.110616852468,29411.110616852468,350.0,1291.278778920713,0.0,0,0,0,1
S1,continuous,E,985,48,28216.703682071886,29411.110616852468,29460.492578616024,29460.492578616024,29473.222862330138,1194.4069347805817,1194.4069347805817,0.0,1194.4069347805817,29411.110616852468,29441.110616852468,29463.222862330138,29653.222862330138,300.0,599.4333652244882,0.0,0,0,0,0
S1,continuous,E,986,43,28320.04042679486,29010.22173719533,29104.953542991174,30785.40367875117,30856.3803051714,690.1813104004686,690.1813104004686,1680.4501357599947,2370.6314461604634,29010.22173719533,29040.22173719533,30846.3803051714,31036.3803051714,550.0,1575.6909591456986,0.0,0,0,0,1
S1,continuous,E,987,24,28367.939325004776,29776.3803051714,29819.47285804674,30147.6058578546,30190.22173719533,1408.4409801666225,1408.4409801666225,328.13299980785814,1736.5739799744806,29776.3803051714,29806.3803051714,30180.22173719533,30370.22173719533,350.0,1175.6909591456986,0.0,0,0,0,1
S1,continuous,E,988,68,28381.110616852468,29670.04042679486,29725.55346815432,29725.55346815432,29749.270396369495,1288.929809942394,1288.929809942394,0.0,1288.929809942394,29670.04042679486,29700.04042679486,29739.270396369495,29929.270396369495,350.0,803.8982765803223,0.0,0,0,0,1
S1,continuous,E,989,58,28390.22173719533,32247.666160330806,32272.986753856712,32432.986753856712,32456.703682071886,3857.4444231354755,3857.4444231354755,160.0,4017.4444231354755,32247.666160330806,32277.666160330806,32446.703682071886,32636.703682071886,350.0,860.1020404392933,0.0,0,0,0,1
S1,continuous,E,990,16,28397.666160330806,30376.3803051714,30420.311156491258,31146.4130681349,31211.110616852468,1978.7141448405928,1978.7141448405928,726.1019116436437,2704.8160564842365,30376.3803051714,30406.3803051714,31201.110616852468,31391.110616852468,400.0,725.3192023310239,0.0,0,0,0,1
S1,continuous,E,991,4,28435.108399058543,28728.85176901076,28809.18083390767,29611.13952211714,29710.04042679486,293.7433699522153,293.7433699522153,801.95868820947,1095.7020581616853,28728.85176901076,28758.85176901076,29700.04042679486,29890.04042679486,600.0,1303.8982765803223,0.0,0,0,0,1
S1,continuous,E,992,38,28488.85176901076,30370.22173719533,30422.192231420864,30422.192231420864,30444.92251513498,1881.369968184572,1881.369968184572,0.0,1881.369968184572,30370.22173719533,30400.22173719533,30434.92251513498,30624.92251513498,350.0,950.3718075943896,0.0,0,0,0,1
S1,continuous,E,993,25,28502.99140808719,32277.666160330806,32306.4130681349,32306.4130681349,32361.110616852468,3774.6747522436162,3774.6747522436162,0.0,3774.6747522436162,32277.666160330806,32307.666160330806,32351.110616852468,32541.110616852468,350.0,1243.4260948305448,0.0,0,0,0,1
S1,continuous,E,994,42,28510.04042679486,29215.108399058543,29242.523095818648,29396.4130681349,29451.110616852468,705.0679722636814,705.0679722636814,153.889972316254,858.9579445799354,29215.108399058543,29245.108399058543,29441.110616852468,29631.110616852468,350.0,699.4333652244882,0.0,0,0,0,1
S1,continuous,E,995,61,28557.939325004776,28758.85176901076,28842.5402826054,32252.31715218437,32317.666160330806,200.91244400598225,200.91244400598225,3409.7768695789673,3610.6893135849496,28758.85176901076,28788.85176901076,32307.666160330806,32497.666160330806,600.0,1360.1020404392932,0.0,0,0,0,1
S1,continuous,E,996,26,28571.110616852468,29245.108399058543,29280.46306528408,29280.46306528408,29292.99140808719,673.9977822060755,673.9977822060755,0.0,673.9977822060755,29245.108399058543,29275.108399058543,29282.99140808719,29472.99140808719,350.0,1017.9186333476579,0.0,0,0,0,1
S1,continuous,E,997,60,28580.22173719533,30400.22173719533,30497.428305913418,32442.31715218437,32507.666160330806,1820.0,1820.0,1944.888846270951,3764.888846270951,30400.22173719533,30430.22173719533,32497.666160330806,32687.666160330806,600.0,1095.8703959263073,0.0,0,0,0,1
S1,continuous,E,998,39,28587.666160330806,30430.22173719533,30482.192231420864,30612.192231420864,30634.92251513498,1842.5555768645245,1842.5555768645245,130.0,1972.5555768645245,30430.22173719533,30460.22173719533,30624.92251513498,30814.92251513498,350.0,950.3718075943896,0.0,0,0,0,1
S1,continuous,E,999,18,28625.108399058543,28964.712129934327,28996.855562642722,28996.855562642722,29020.572490857896,339.6037308757841,339.6037308757841,0.0,339.6037308757841,28964.712129934327,28994.712129934327,29010.572490857896,29200.572490857896,350.0,1488.8990154438002,0.0,0,0,0,1
S1,continuous,E,1000,64,28700.04042679486,29890.04042679486,29945.55346815432,29945.55346815432,29969.270396369495,1190.0,1190.0,0.0,1190.0,29890.04042679486,29920.04042679486,29959.270396369495,30149.270396369495,350.0,803.8982765803223,0.0,0,0,0,1
S1,continuous,E,1001,37,28724.712129934327,29920.04042679486,30024.540118003268,31295.40367875117,31376.3803051714,1195.3282968605345,1195.3282968605345,1270.863560747901,2466.1918576084354,29920.04042679486,29950.04042679486,31366.3803051714,31556.3803051714,600.0,1272.6400908686771,0.0,0,0,0,1
S1,continuous,E,1002,14,28747.939325004776,29631.110616852468,29680.492578616024,29680.492578616024,29693.222862330138,883.1712918476915,883.1712918476915,0.0,883.1712918476915,29631.110616852468,29661.110616852468,29683.222862330138,29873.222862330138,300.0,599.4333652244882,0.0,0,0,0,0
S1,continuous,E,1003,56,28761.110616852468,30406.3803051714,30459.745441865554,32672.31715218437,32697.666160330806,1645.269688318931,1645.269688318931,2212.5717103188144,3857.8413986377454,30406.3803051714,30436.3803051714,32687.666160330806,32877.6661603308,400.0,1157.5288577618476,0.0,0,0,0,1
S1,continuous,E,1004,51,28770.22173719533,28890.22173719533,28973.55375531579,28973.55375531579,29026.0820981189,120.0,0.0,0.0,0.0,28890.22173719533,28920.22173719533,29016.0820981189,29206.0820981189,550.0,1888.8990154437997,0.0,0,0,0,1
S1,continuous,E,1005,50,28777.666160330806,32877.6661603308,32895.40367875117,32895.40367875117,32916.380305171406,4099.999999999996,4099.999999999996,0.0,4099.999999999996,32877.6661603308,32907.6661603308,32906.380305171406,33096.380305171406,300.0,957.5288577618476,0.0,0,0,0,0
S1,continuous,E,1006,66,28815.108399058543,29275.108399058543,29357.19329765746,30377.6058578546,30470.22173719533,460.0,460.0,1020.4125601971391,1480.412560197139,29275.108399058543,29305.108399058543,30460.22173719533,30650.22173719533,600.0,1450.3718075943896,0.0,0,0,0,1
S1,continuous,E,1007,10,28890.04042679486,32907.6661603308,32934.056295913404,32934.056295913404,32946.584638716515,4017.6257335359405,4017.6257335359405,0.0,4017.6257335359405,32907.6661603308,32937.6661603308,32936.584638716515,33126.584638716515,350.0,875.4619171585908,0.0,0,0,0,1
S1,continuous,E,1008,53,28951.110616852468,29200.572490857896,29280.90155575481,29861.13952211714,29960.04042679486,249.4618740054284,189.4618740054284,580.2379663623324,769.6998403677608,29200.572490857896,29230.572490857896,29950.04042679486,30140.04042679486,600.0,1303.8982765803223,0.0,0,0,0,1
S1,continuous,E,1009,59,28996.3803051714,29296.3803051714,29375.71624608983,30567.6058578546,30660.22173719533,300.0,0.0,1191.889611764771,1191.889611764771,29296.3803051714,29326.3803051714,30650.22173719533,30840.22173719533,600.0,1206.2648846633376,0.0,0,0,0,1
S1,continuous,E,1010,33,29005.108399058543,29245.108399058543,29284.719991625137,29606.4130681349,29671.110616852468,240.0,0.0,321.69307650976407,321.69307650976407,29245.108399058543,29275.108399058543,29661.110616852468,29851.110616852468,400.0,1575.0127751690416,0.0,0,0,0,1
S1,continuous,E,1011,18,29020.572490857896,30840.22173719533,30918.0756080002,31264.056295913404,31296.584638716515,1819.6492463374343,1819.6492463374343,345.98068791320475,2165.629934250639,30840.22173719533,30870.22173719533,31286.584638716515,31476.584638716515,450.0,1491.5872083284257,0.0,0,0,0,1
S1,continuous,E,1012,51,29026.0820981189,29472.99140808719,29522.603000653784,29786.4130681349,29861.110616852468,446.9093099682905,206.90930996829047,263.8100674811176,470.71937744940806,29472.99140808719,29502.99140808719,29851.110616852468,30041.110616852468,450.0,1675.0127751690416,0.0,0,0,0,1
S1,continuous,E,1013,62,29027.666160330806,29230.572490857896,29310.90155575481,30051.13952211714,30150.04042679486,202.90633052709018,202.90633052709018,740.2379663623324,943.1442968894225,29230.572490857896,29260.572490857896,30140.04042679486,30330.04042679486,600.0,1303.8982765803223,0.0,0,0,0,1
S1,continuous,E,1014,13,29050.22173719533,30330.04042679486,30415.600120256455,30807.6058578546,30880.22173719533,1279.8186895995314,1279.8186895995314,392.00573759814506,1671.8244271976764,30330.04042679486,30360.04042679486,30870.22173719533,31060.22173719533,500.0,1201.5031723503596,0.0,0,0,0,1
S1,continuous,E,1015,34,29080.04042679486,30041.110616852468,30106.12102514869,30135.55346815432,30159.270396369495,961.0701900576059,961.0701900576059,29.432443005633104,990.502633063239,30041.110616852468,30071.110616852468,30149.270396369495,30339.270396369495,350.0,1079.5963565739237,0.0,0,0,0,1
S1,continuous,E,1016,1,29186.3803051714,29305.108399058543,29337.805118798282,29337.805118798282,29361.522047013455,118.7280938871445,118.7280938871445,0.0,118.7280938871445,29305.108399058543,29335.108399058543,29351.522047013455,29541.522047013455,350.0,896.6651280213995,0.0,0,0,0,1
S1,continuous,E,1017,0,29217.666160330806,30360.04042679486,30422.305559377168,31182.37811534443,31215.108399058543,1142.3742664640558,1142.3742664640558,760.072555967261,1902.4468224313168,30360.04042679486,30390.04042679486,31205.108399058543,31395.108399058543,400.0,682.4378022647784,0.0,0,0,0,1
S1,continuous,E,1018,69,29231.110616852468,31060.22173719533,31114.953542991174,31535.40367875117,31566.3803051714,1829.1111203428627,1829.1111203428627,420.45013575999474,2249.5612561028574,31060.22173719533,31090.22173719533,31556.3803051714,31746.3803051714,350.0,1175.6909591456986,0.0,0,0,0,1
S1,continuous,E,1019,29,29240.22173719533,30071.110616852468,30136.12102514869,30325.55346815432,30349.270396369495,830.8888796571373,830.8888796571373,189.4324430056331,1020.3213226627704,30071.110616852468,30101.110616852468,30339.270396369495,30529.270396369495,350.0,1079.5963565739237,0.0,0,0,0,1
S1,continuous,E,1020,63,29270.04042679486,30436.3803051714,30490.311156491258,31326.4130681349,31401.110616852468,1166.339878376537,1166.339878376537,836.1019116436437,2002.4417900201806,30436.3803051714,30466.3803051714,31391.110616852468,31581.110616852468,450.0,825.3192023310239,0.0,0,0,0,1
S1,continuous,E,1021,26,29292.99140808719,30390.04042679486,30485.600120256455,31017.6058578546,31100.22173719533,1097.049018707672,1097.049018707672,532.0057375981451,1629.0547563058171,30390.04042679486,30420.04042679486,31090.22173719533,31280.22173719533,550.0,1301.5031723503596,0.0,0,0,0,1
S1,continuous,E,1022,1,29361.522047013455,29502.99140808719,29535.134840795585,29535.134840795585,29558.85176901076,141.46936107373404,141.46936107373404,0.0,141.46936107373404,29502.99140808719,29532.99140808719,29548.85176901076,29738.85176901076,350.0,1488.8990154438002,0.0,0,0,0,1
S1,continuous,E,1023,5,29376.3803051714,29873.222862330138,29955.307760929056,31197.6058578546,31290.22173719533,496.8425571587395,196.8425571587395,1242.298096925544,1439.1406540842836,29873.222862330138,29903.222862330138,31280.22173719533,31470.22173719533,600.0,1450.3718075943896,0.0,0,0,0,1
S1,continuous,E,1024,40,29407.666160330806,29532.99140808719,29609.94730938759,31675.40367875117,31756.3803051714,125.32524775638376,125.32524775638376,2065.456369363579,2190.781617119963,29532.99140808719,29562.99140808719,31746.3803051714,31936.3803051714,600.0,1679.3620792692923,0.0,0,0,0,1
S1,continuous,E,1025,41,29430.22173719533,29430.22173719533,29487.636433955435,30026.4130681349,30111.110616852468,0.0,0.0,538.7766341794668,538.7766341794668,29430.22173719533,29460.22173719533,30101.110616852468,30291.110616852468,500.0,999.4333652244882,0.0,0,0,0,1
S1,continuous,E,1026,42,29451.110616852468,31036.3803051714,31060.38267391835,31392.37811534443,31405.108399058543,1585.269688318931,1585.269688318931,331.9954414260792,1917.2651297450102,31036.3803051714,31066.3803051714,31395.108399058543,31585.108399058543,300.0,370.2507057864224,0.0,0,0,0,0
S1,continuous,E,1027,48,29473.222862330138,29562.99140808719,29588.14413340172,29890.492578616024,29913.222862330138,89.76854575705147,89.76854575705147,302.34844521430205,392.1169909713535,29562.99140808719,29592.99140808719,29903.222862330138,30093.222862330138,350.0,1017.918633347658,0.0,0,0,0,1
S1,continuous,E,1028,30,29490.04042679486,30481.110616852468,30559.206065227692,32922.31715218436,32947.6661603308,991.0701900576059,991.0701900576059,2363.111086956673,3354.1812770142787,30481.110616852468,30511.110616852468,32937.6661603308,33127.6661603308,400.0,1343.4260948305448,0.0,0,0,0,1
S1,continuous,E,1029,1,29558.85176901076,29929.270396369495,29959.599461266407,30381.13952211714,30430.04042679486,370.41862735873656,370.41862735873656,421.5400608507334,791.95868820947,29929.270396369495,29959.270396369495,30420.04042679486,30610.04042679486,350.0,803.8982765803223,0.0,0,0,0,1
S1,continuous,E,1030,27,29566.3803051714,29866.3803051714,29944.146639438648,31387.6058578546,31480.22173719533,300.0,0.0,1443.459218415952,1443.459218415952,29866.3803051714,29896.3803051714,31470.22173719533,31660.22173719533,600.0,1791.5872083284257,0.0,0,0,0,1
S1,continuous,E,1031,73,29597.666160330806,31066.3803051714,31120.38267391835,31552.37811534443,31595.108399058543,1468.7141448405928,1468.7141448405928,431.9954414260792,1900.709586266672,31066.3803051714,31096.3803051714,31585.108399058543,31775.108399058543,450.0,670.2507057864224,0.0,0,0,0,1
S1,continuous,E,1032,74,29620.22173719533,31096.3803051714,31149.080654947546,31512.986753856712,31546.703682071886,1476.1585679760683,1476.1585679760683,363.90609890916676,1840.064666885235,31096.3803051714,31126.3803051714,31536.703682071886,31726.703682071886,400.0,1155.049330238065,0.0,0,0,0,1
S1,continuous,E,1033,33,29671.110616852468,30511.110616852468,30627.87884014947,31577.6058578546,31670.22173719533,840.0,840.0,949.7270177051287,1789.7270177051287,30511.110616852468,30541.110616852468,31660.22173719533,31850.22173719533,600.0,1791.278778920713,0.0,0,0,0,1
S1,continuous,E,1034,14,29693.222862330138,30610.04042679486,30694.43506656771,31506.4130681349,31591.110616852468,916.8175644647235,916.8175644647235,811.9780015671931,1728.7955660319167,30610.04042679486,30640.04042679486,31581.110616852468,31771.110616852468,500.0,1184.2412733181616,0.0,0,0,0,1
S1,continuous,E,1035,4,29710.04042679486,29710.04042679486,29745.193152109394,30070.492578616024,30103.222862330138,0.0,0.0,325.29942650662997,325.29942650662997,29710.04042679486,29740.04042679486,30093.222862330138,30283.222862330138,400.0,1117.918633347658,0.0,0,0,0,1
S1,continuous,E,1036,68,29749.270396369495,30731.110616852468,30788.762390469663,31915.40367875117,31946.3803051714,981.8402204829727,981.8402204829727,1126.6412882815057,2108.4815087644783,30731.110616852468,30761.110616852468,31936.3803051714,32126.3803051714,350.0,625.3192023310239,0.0,0,0,0,1
S1,continuous,E,1037,15,29810.22173719533,33127.6661603308,33142.37811534443,33142.37811534443,33155.10839905854,3317.444423135472,3317.444423135472,0.0,3317.444423135472,33127.6661603308,33157.6661603308,33145.10839905854,33335.10839905854,300.0,714.5929171151033,0.0,0,0,0,0
S1,continuous,E,1038,32,29816.3803051714,33157.6661603308,33172.37811534443,33332.37811534443,33345.10839905854,3341.2858551594036,3341.2858551594036,160.0,3501.2858551594036,33157.6661603308,33187.6661603308,33335.10839905854,33525.10839905854,300.0,714.5929171151033,0.0,0,0,0,0
S1,continuous,E,1039,65,29817.666160330806,29817.666160330806,29894.622061631206,32055.40367875117,32136.3803051714,0.0,0.0,2160.781617119963,2160.781617119963,29817.666160330806,29847.666160330806,32126.3803051714,32316.3803051714,600.0,1679.3620792692923,0.0,0,0,0,1
S1,continuous,E,1040,51,29861.110616852468,33187.6661603308,33212.37811534443,33512.37811534443,33535.10839905854,3326.5555434783346,3326.5555434783346,300.0,3626.5555434783346,33187.6661603308,33217.6661603308,33525.10839905854,33715.10839905854,350.0,814.5929171151033,0.0,0,0,0,1
S1,continuous,E,1041,48,29913.222862330138,30283.222862330138,30318.577528555674,30318.577528555674,30331.105871358784,370.0,370.0,0.0,370.0,30283.222862330138,30313.222862330138,30321.105871358784,30511.105871358784,350.0,1017.9186333476579,0.0,0,0,0,1
S1,continuous,E,1042,53,29960.04042679486,33217.6661603308,33231.13952211714,33231.13952211714,33270.04042679486,3257.6257335359405,3257.6257335359405,0.0,3257.6257335359405,33217.6661603308,33247.6661603308,33260.04042679486,33450.04042679486,300.0,762.8731401140631,0.0,0,0,0,0
S1,continuous,E,1043,64,29969.270396369495,30529.270396369495,30592.953760610293,31732.37811534443,31785.108399058543,560.0,560.0,1139.4243547341357,1699.4243547341357,30529.270396369495,30559.270396369495,31775.108399058543,31965.108399058543,500.0,1196.6651280213996,0.0,0,0,0,1
S1,continuous,E,1044,21,30000.22173719533,30313.222862330138,30389.317373948837,30921.13952211714,31020.04042679486,313.0011251348078,313.0011251348078,531.8221481683031,844.8232733031109,30313.222862330138,30343.222862330138,31010.04042679486,31200.04042679486,600.0,1082.4378022647784,0.0,0,0,0,1
S1,continuous,E,1045,9,30006.3803051714,30216.584638716515,30286.19623128311,31686.4130681349,31781.110616852468,210.20433354511624,210.20433354511624,1400.2168368517923,1610.4211703969086,30216.584638716515,30246.584638716515,31771.110616852468,31961.110616852468,550.0,1875.0127751690416,0.0,0,0,0,1
S1,continuous,E,1046,7,30036.584638716515,30343.222862330138,30378.577528555674,30508.577528555674,30521.105871358784,306.63822361362327,306.63822361362327,130.0,436.63822361362327,30343.222862330138,30373.222862330138,30511.105871358784,30701.105871358784,350.0,1017.9186333476579,0.0,0,0,0,1
S1,continuous,E,1047,31,30037.666160330806,30761.110616852468,30820.492578616024,31952.37811534443,31975.108399058543,723.4444565216618,723.4444565216618,1131.885536728405,1855.3299932500668,30761.110616852468,30791.110616852468,31965.108399058543,32155.108399058543,350.0,699.4333652244882,0.0,0,0,0,1
S1,continuous,E,1048,4,30103.222862330138,30640.04042679486,30734.43506656771,31876.4130681349,31971.110616852468,536.8175644647235,536.8175644647235,1141.9780015671931,1678.7955660319167,30640.04042679486,30670.04042679486,31961.110616852468,32151.110616852468,550.0,1284.2412733181616,0.0,0,0,0,1
S1,continuous,E,1049,41,30111.110616852468,30670.04042679486,30763.382975341214,31444.056295913404,31486.584638716515,558.9298099423941,558.9298099423941,680.6733205721903,1239.6031305145843,30670.04042679486,30700.04042679486,31476.584638716515,31666.584638716515,500.0,1569.9224953128196,0.0,0,0,0,1
S1,continuous,E,1050,62,30150.04042679486,33247.6661603308,33267.6058578546,33267.6058578546,33310.22173719533,3097.6257335359405,3097.6257335359405,0.0,3097.6257335359405,33247.6661603308,33277.6661603308,33300.22173719533,33490.22173719533,350.0,595.8703959263073,0.0,0,0,0,1
S1,continuous,E,1051,34,30159.270396369495,33277.6661603308,33291.13952211714,33421.13952211714,33460.04042679486,3118.3957639613072,3118.3957639613072,130.0,3248.3957639613072,33277.6661603308,33307.6661603308,33450.04042679486,33640.04042679486,300.0,762.8731401140631,0.0,0,0,0,0
S1,continuous,E,1052,24,30190.22173719533,31850.22173719533,31898.456629239317,31898.456629239317,31922.17355745449,1660.0,1660.0,0.0,1660.0,31850.22173719533,31880.22173719533,31912.17355745449,32102.17355745449,350.0,706.2648846633377,0.0,0,0,0,1
S1,continuous,E,1053,67,30196.3803051714,30791.110616852468,30869.206065227692,33292.31715218436,33317.6661603308,594.730311681069,594.730311681069,2423.111086956673,3017.841398637742,30791.110616852468,30821.110616852468,33307.6661603308,33497.6661603308,400.0,1343.4260948305448,0.0,0,0,0,1
S1,continuous,E,1054,22,30257.666160330806,31880.22173719533,31938.456629239317,32612.986753856712,32646.703682071886,1622.5555768645245,1622.5555768645245,674.5301246173949,2297.0857014819194,31880.22173719533,31910.22173719533,32636.703682071886,32826.703682071886,400.0,806.2648846633377,0.0,0,0,0,1
S1,continuous,E,1055,12,30301.110616852468,31126.3803051714,31209.47285804674,31837.6058578546,31920.22173719533,825.269688318931,825.269688318931,628.1329998078581,1453.4026881267891,31126.3803051714,31156.3803051714,31910.22173719533,32100.22173719533,550.0,1575.6909591456986,0.0,0,0,0,1
S1,continuous,E,1056,48,30331.105871358784,32155.108399058543,32181.202910677242,32381.13952211714,32430.04042679486,1824.0025276997585,1704.0025276997585,199.93661143989812,1903.9391391396566,32155.108399058543,32185.108399058543,32420.04042679486,32610.04042679486,350.0,582.4378022647783,0.0,0,0,0,1
S1,continuous,E,1057,29,30349.270396369495,31666.584638716515,31711.737364031047,32152.37811534443,32195.108399058543,1317.31424234702,1317.31424234702,440.64075131338177,1757.9549936604017,31666.584638716515,31696.584638716515,32185.108399058543,32375.108399058543,450.0,1217.918633347658,0.0,0,0,0,1
S1,continuous,E,1058,1,30430.04042679486,32151.110616852468,32200.492578616024,32372.37811534443,32385.108399058543,1721.070190057606,1721.070190057606,171.885536728405,1892.955726786011,32151.110616852468,32181.110616852468,32375.108399058543,32565.108399058543,300.0,599.4333652244882,0.0,0,0,0,0
S1,continuous,E,1059,38,30444.92251513498,32100.22173719533,32167.428305913418,33472.31715218436,33507.6661603308,1655.299222060352,1655.299222060352,1304.8888462709474,2960.1880683312993,32100.22173719533,32130.22173719533,33497.6661603308,33687.6661603308,450.0,795.8703959263073,0.0,0,0,0,1
S1,continuous,E,1060,66,30470.22173719533,31696.584638716515,31740.154108955787,33662.31715218436,33697.6661603308,1226.3629015211845,1226.3629015211845,1922.1630432285783,3148.525944749763,31696.584638716515,31726.584638716515,33687.6661603308,33877.6661603308,450.0,1075.461917158591,0.0,0,0,0,1
S1,continuous,E,1061,20,30476.3803051714,33877.6661603308,33904.056295913404,33904.056295913404,33916.584638716515,3401.2858551594036,3401.2858551594036,0.0,3401.2858551594036,33877.6661603308,33907.6661603308,33906.584638716515,34096.584638716515,350.0,875.4619171585908,0.0,0,0,0,1
S1,continuous,E,1062,72,30507.666160330806,31726.584638716515,31780.154108955787,33872.31715218436,33917.6661603308,1218.918478385709,1218.918478385709,2092.1630432285783,3311.0815216142873,31726.584638716515,31756.584638716515,33907.6661603308,34097.6661603308,500.0,1175.461917158591,0.0,0,0,0,1
S1,continuous,E,1063,7,30521.105871358784,34097.6661603308,34122.98675385671,34122.98675385671,34146.703682071886,3576.5602889720176,3576.5602889720176,0.0,3576.5602889720176,34097.6661603308,34127.6661603308,34136.703682071886,34326.703682071886,350.0,860.1020404392933,0.0,0,0,0,1
S1,continuous,E,1064,71,30551.110616852468,32316.3803051714,32379.080654947546,32792.98675385671,32836.703682071886,1765.269688318931,1765.269688318931,413.90609890916676,2179.1757872280978,32316.3803051714,32346.3803051714,32826.703682071886,33016.703682071886,450.0,1255.049330238065,0.0,0,0,0,1
S1,continuous,E,1065,39,30634.92251513498,30700.04042679486,30755.55346815432,30755.55346815432,30779.270396369495,65.11791165988325,65.11791165988325,0.0,65.11791165988325,30700.04042679486,30730.04042679486,30769.270396369495,30959.270396369495,350.0,803.8982765803223,0.0,0,0,0,1
S1,continuous,E,1066,59,30660.22173719533,32346.3803051714,32381.784490088918,32381.784490088918,32384.31283289203,1686.1585679760683,1686.1585679760683,0.0,1686.1585679760683,32346.3803051714,32376.3803051714,32381.784490088918,32571.784490088918,300.0,1079.3620792692923,0.0,0,0,0,0
S1,continuous,E,1067,28,30666.3803051714,31756.584638716515,31810.154108955787,34092.31715218436,34137.6661603308,1090.2043335451162,1090.2043335451162,2282.1630432285783,3372.3673767736946,31756.584638716515,31786.584638716515,34127.6661603308,34317.6661603308,500.0,1175.461917158591,0.0,0,0,0,1
S1,continuous,E,1068,47,30726.584638716515,31786.584638716515,31866.19623128311,32446.4130681349,32551.110616852468,1060.0,1060.0,580.2168368517923,1640.2168368517923,31786.584638716515,31816.584638716515,32541.110616852468,32731.110616852468,600.0,1975.0127751690416,0.0,0,0,0,1
S1,continuous,E,1069,39,30779.270396369495,31816.584638716515,31843.540540016915,32355.40367875117,32386.3803051714,1037.31424234702,1037.31424234702,511.8631387342539,1549.1773810812738,31816.584638716515,31846.584638716515,32376.3803051714,32566.3803051714,350.0,1179.3620792692923,0.0,0,0,0,1
S1,continuous,E,1070,6,30830.04042679486,34317.6661603308,34331.13952211714,34331.13952211714,34370.04042679486,3487.6257335359405,3487.6257335359405,0.0,3487.6257335359405,34317.6661603308,34347.6661603308,34360.04042679486,34550.04042679486,300.0,762.8731401140631,0.0,0,0,0,0
S1,continuous,E,1071,35,30831.110616852468,32565.108399058543,32627.805118798282,32972.98675385671,33026.703682071886,1733.9977822060755,1733.9977822060755,345.1816350584304,2079.179417264506,32565.108399058543,32595.108399058543,33016.703682071886,33206.703682071886,500.0,1196.6651280213996,0.0,0,0,0,1
S1,continuous,E,1072,45,30835.108399058543,32181.110616852468,32258.762390469663,32525.40367875117,32576.3803051714,1346.0022177939245,1346.0022177939245,266.6412882815057,1612.6435060754302,32181.110616852468,32211.110616852468,32566.3803051714,32756.3803051714,450.0,825.3192023310239,0.0,0,0,0,1
S1,continuous,E,1073,43,30856.3803051714,32595.108399058543,32667.805118798282,33152.98675385671,33216.703682071886,1738.7280938871445,1738.7280938871445,485.1816350584304,2223.909728945575,32595.108399058543,32625.108399058543,33206.703682071886,33396.703682071886,550.0,1296.6651280213996,0.0,0,0,0,1
S1,continuous,E,1074,13,30880.22173719533,32625.108399058543,32651.202910677242,32651.202910677242,32700.103815354963,1744.8866618632128,1744.8866618632128,0.0,1744.8866618632128,32625.108399058543,32655.108399058543,32690.103815354963,32880.10381535496,350.0,582.4378022647783,0.0,0,0,0,1
S1,continuous,E,1075,3,30916.584638716515,32130.22173719533,32217.428305913418,34302.31715218436,34357.6661603308,1213.6370984788155,1213.6370984788155,2084.8888462709474,3298.525944749763,32130.22173719533,32160.22173719533,34347.6661603308,34537.6661603308,550.0,995.8703959263073,0.0,0,0,0,1
S1,continuous,E,1076,46,30937.666160330806,31200.04042679486,31304.43506656771,32636.4130681349,32741.110616852468,262.37426646405584,262.37426646405584,1331.9780015671931,1594.352268031249,31200.04042679486,31230.04042679486,32731.110616852468,32921.11061685247,600.0,1384.2412733181616,0.0,0,0,0,1
S1,continuous,E,1077,21,31020.04042679486,31846.584638716515,31881.737364031047,32632.37811534443,32665.108399058543,826.5442119216532,826.5442119216532,750.6407513133818,1577.184963235035,31846.584638716515,31876.584638716515,32655.108399058543,32845.10839905855,400.0,1117.918633347658,0.0,0,0,0,1
S1,continuous,E,1078,49,31021.110616852468,32845.10839905855,32890.46306528408,33114.056295913404,33136.584638716515,1823.9977822060791,1823.9977822060791,223.59323062932526,2047.5910128354044,32845.10839905855,32875.10839905855,33126.584638716515,33316.584638716515,400.0,1117.9186333476578,0.0,0,0,0,1
S1,continuous,E,1079,55,31025.108399058543,32875.10839905855,32900.864425099375,33075.40367875117,33106.380305171406,1850.0000000000036,1850.0000000000036,174.53925365179748,2024.5392536518011,32875.10839905855,32905.10839905855,33096.380305171406,33286.380305171406,350.0,470.2507057864224,0.0,0,0,0,1
