scenario_id,sweep,model,flight_id,aircraft_id,planned_start_time,start_time,cruise_arrival_time,descent_start_time,end_time,delay_s,takeoff_pad_delay_s,landing_pad_delay_s,pad_delay_s,takeoff_pad_start_s,takeoff_pad_end_s,landing_pad_start_s,landing_pad_end_s,cruise_altitude,distance_m,detour_distance_m,building_risks,building_collisions,path_changes,altitude_changes
S2,continuous,A,0,8,0.0,0.0,60.58675673902791,60.58675673902791,78.51133712644854,0.0,0.0,0.0,0.0,0.0,0.0,68.51133712644854,68.51133712644854,300.0,1178.7038612448928,0.0,3,3,0,0
S2,continuous,A,1,39,10.0,10.0,63.9617122022522,63.9617122022522,73.74592200472013,0.0,0.0,0.0,0.0,10.0,10.0,63.9617122022522,63.9617122022522,300.0,1805.2031360520243,0.0,4,4,0,0
S2,continuous,A,2,93,20.0,20.0,48.445378193552386,48.445378193552386,84.78938437319286,0.0,0.0,0.0,0.0,20.0,20.0,74.78938437319286,74.78938437319286,300.0,1529.2932721681955,0.0,4,4,0,0
S2,continuous,A,3,95,30.0,30.0,85.89016321156853,85.89016321156853,94.78938437319286,0.0,0.0,0.0,0.0,30.0,30.0,85.89016321156853,85.89016321156853,300.0,1529.2932721681955,0.0,4,4,0,0
S2,continuous,A,4,16,40.0,40.0,87.07413939881413,87.07413939881413,127.3362620956459,0.0,0.0,0.0,0.0,40.0,40.0,117.3362620956459,117.3362620956459,300.0,1098.372858993938,0.0,1,1,0,0
S2,continuous,A,5,15,50.0,50.0,107.51038911396725,107.51038911396725,143.5726768934029,0.0,0.0,0.0,0.0,50.0,50.0,133.5726768934029,133.5726768934029,300.0,1548.3394564003322,0.0,4,4,0,0
S2,continuous,A,6,19,60.0,60.0,102.03928749621153,102.03928749621153,106.55690342396795,0.0,0.0,0.0,0.0,60.0,60.0,102.03928749621153,102.03928749621153,300.0,359.2093226248886,0.0,0,0,0,0
S2,continuous,A,7,62,70.0,70.0,112.42710540400564,112.42710540400564,121.32632656562997,0.0,0.0,0.0,0.0,70.0,70.0,112.42710540400564,112.42710540400564,300.0,1031.804406298035,0.0,3,3,0,0
S2,continuous,A,8,12,80.0,80.0,128.6416735356759,128.6416735356759,168.63082905072446,0.0,0.0,0.0,0.0,80.0,80.0,158.6308290507245,158.6308290507245,300.0,1601.5586201765059,0.0,1,1,0,0
S2,continuous,A,9,68,90.0,90.0,135.05746054111225,135.05746054111225,171.1197483205479,0.0,0.0,0.0,0.0,90.0,90.0,161.1197483205479,161.1197483205479,300.0,1254.3897823691186,0.0,2,2,0,0
S2,continuous,A,10,51,100.0,100.0,125.63669377762793,125.63669377762793,143.56127416504856,0.0,0.0,0.0,0.0,100.0,100.0,133.56127416504856,133.56127416504856,300.0,1195.3762159601097,0.0,2,2,0,0
S2,continuous,A,11,0,110.0,110.0,176.24523357946134,176.24523357946134,194.16981396688197,0.0,0.0,0.0,0.0,110.0,110.0,184.16981396688197,184.16981396688197,300.0,1490.4543018366448,0.0,3,3,0,0
S2,continuous,A,12,36,120.0,120.0,144.74901690803267,144.74901690803267,174.60575301252666,0.0,0.0,0.0,0.0,120.0,120.0,164.60575301252666,164.60575301252666,300.0,1520.6318255130027,0.0,2,2,0,0
S2,continuous,A,13,33,130.0,130.0,148.77236812164207,148.77236812164207,189.03449081847384,0.0,0.0,0.0,0.0,130.0,130.0,179.03449081847384,179.03449081847384,300.0,904.016516626797,0.0,2,2,0,0
S2,continuous,A,14,11,140.0,140.0,200.16870489658544,200.16870489658544,236.5127110762259,0.0,0.0,0.0,0.0,140.0,140.0,226.5127110762259,226.5127110762259,300.0,1177.4495186060178,0.0,0,0,0,0
S2,continuous,A,15,89,150.0,150.0,185.269530095565,185.269530095565,234.16981396688197,0.0,0.0,0.0,0.0,150.0,150.0,224.16981396688197,224.16981396688197,300.0,1490.4543018366448,0.0,3,3,0,0
S2,continuous,A,16,70,160.0,160.0,201.60509306816203,201.60509306816203,232.89837456981948,0.0,0.0,0.0,0.0,160.0,160.0,222.89837456981948,222.89837456981948,300.0,1088.9738856086278,0.0,0,0,0,0
S2,continuous,A,17,24,170.0,170.0,198.51513238320894,198.51513238320894,228.37186848770293,0.0,0.0,0.0,0.0,170.0,170.0,218.37186848770293,218.37186848770293,300.0,944.9433821787932,0.0,1,1,0,0
S2,continuous,A,18,92,180.0,180.0,204.09769367465196,204.09769367465196,251.93611783617746,0.0,0.0,0.0,0.0,180.0,180.0,241.93611783617746,241.93611783617746,300.0,1567.1187169061131,0.0,2,2,0,0
S2,continuous,A,19,54,190.0,190.0,260.5039023568069,260.5039023568069,265.02151828456334,0.0,0.0,0.0,0.0,190.0,190.0,260.5039023568069,260.5039023568069,300.0,1707.3307313613625,0.0,3,3,0,0
S2,continuous,A,20,19,200.0,200.0,268.69530391779466,268.69530391779466,308.68445943284325,0.0,0.0,0.0,0.0,200.0,200.0,298.68445943284325,298.68445943284325,300.0,1764.1152000303387,0.0,3,3,0,0
S2,continuous,A,21,8,210.0,210.0,240.3701462328196,240.3701462328196,276.4324340122552,0.0,0.0,0.0,0.0,210.0,210.0,266.4324340122552,266.4324340122552,300.0,1099.638730527545,0.0,2,2,0,0
S2,continuous,A,22,35,220.0,220.0,236.0180197587679,236.0180197587679,276.0071752738165,0.0,0.0,0.0,0.0,220.0,220.0,266.0071752738165,266.0071752738165,300.0,719.0284565262696,0.0,1,1,0,0
S2,continuous,A,23,88,230.0,230.0,293.8975079935577,293.8975079935577,298.41512392131415,0.0,0.0,0.0,0.0,230.0,230.0,293.8975079935577,293.8975079935577,300.0,2041.2082314648,0.0,2,2,0,0
S2,continuous,A,24,47,240.0,240.0,274.9066351033255,274.9066351033255,310.96892288276115,0.0,0.0,0.0,0.0,240.0,240.0,300.96892288276115,300.96892288276115,300.0,1904.0608413000243,0.0,3,3,0,0
S2,continuous,A,25,85,250.0,250.0,322.86690332798827,322.86690332798827,352.72363943248223,0.0,0.0,0.0,0.0,250.0,250.0,342.72363943248223,342.72363943248223,300.0,1991.5597303238085,0.0,4,4,0,0
S2,continuous,A,26,20,260.0,260.0,284.0299719387026,284.0299719387026,301.95455232612323,0.0,0.0,0.0,0.0,260.0,260.0,291.95455232612323,291.95455232612323,300.0,1142.8357262171116,0.0,3,3,0,0
S2,continuous,A,27,63,270.0,270.0,317.8670730024719,317.8670730024719,326.7662941640962,0.0,0.0,0.0,0.0,270.0,270.0,317.8670730024719,317.8670730024719,300.0,1011.7932262410508,0.0,1,1,0,0
S2,continuous,A,28,59,280.0,280.0,337.77091488291626,337.77091488291626,342.2885308106727,0.0,0.0,0.0,0.0,280.0,280.0,337.77091488291626,337.77091488291626,300.0,1944.2300458976588,0.0,4,4,0,0
S2,continuous,A,29,60,290.0,290.0,343.768571620652,343.768571620652,391.6069957821775,0.0,0.0,0.0,0.0,290.0,290.0,381.6069957821775,381.6069957821775,300.0,808.2460567865478,0.0,1,1,0,0
S2,continuous,A,30,25,300.0,300.0,333.8891859002261,333.8891859002261,363.74592200472006,0.0,0.0,0.0,0.0,300.0,300.0,353.74592200472006,353.74592200472006,300.0,1805.2031360520243,0.0,4,4,0,0
S2,continuous,A,31,22,310.0,310.0,340.99524930901526,340.99524930901526,372.2885308106727,0.0,0.0,0.0,0.0,310.0,310.0,362.2885308106727,362.2885308106727,300.0,1944.2300458976588,0.0,4,4,0,0
S2,continuous,A,32,81,320.0,320.0,376.8290487658002,376.8290487658002,413.1730549454407,0.0,0.0,0.0,0.0,320.0,320.0,403.1730549454407,403.1730549454407,300.0,1020.2871253241456,0.0,1,1,0,0
S2,continuous,A,33,33,330.0,330.0,372.08231489940715,372.08231489940715,376.5999308271636,0.0,0.0,0.0,0.0,330.0,330.0,372.08231489940715,372.08231489940715,300.0,1722.72661570832,0.0,4,4,0,0
S2,continuous,A,34,5,340.0,340.0,380.44728810028226,380.44728810028226,398.3718684877029,0.0,0.0,0.0,0.0,340.0,340.0,388.3718684877029,388.3718684877029,300.0,944.9433821787932,0.0,1,1,0,0
S2,continuous,A,35,31,350.0,350.0,406.47310287292737,406.47310287292737,446.73522556975917,0.0,0.0,0.0,0.0,350.0,350.0,436.73522556975917,436.73522556975917,300.0,950.666632948105,0.0,2,2,0,0
S2,continuous,A,36,8,360.0,360.0,373.54851264065053,373.54851264065053,382.44773380227485,0.0,0.0,0.0,0.0,360.0,360.0,373.54851264065053,373.54851264065053,300.0,669.1439663065105,0.0,2,2,0,0
S2,continuous,A,37,77,370.0,370.0,387.5101375318838,387.5101375318838,423.8541437115243,0.0,0.0,0.0,0.0,370.0,370.0,413.8541437115243,413.8541437115243,300.0,745.702928538268,0.0,0,0,0,0
S2,continuous,A,38,52,380.0,380.0,428.5078536248346,428.5078536248346,446.4324340122552,0.0,0.0,0.0,0.0,380.0,380.0,436.4324340122552,436.4324340122552,300.0,1099.6387305275448,0.0,2,2,0,0
S2,continuous,A,39,90,390.0,390.0,418.51513238320894,418.51513238320894,448.3718684877029,0.0,0.0,0.0,0.0,390.0,390.0,438.3718684877029,438.3718684877029,300.0,944.9433821787932,0.0,1,1,0,0
S2,continuous,A,40,59,400.0,400.0,440.44728810028226,440.44728810028226,458.3718684877029,0.0,0.0,0.0,0.0,400.0,400.0,448.3718684877029,448.3718684877029,300.0,944.9433821787932,0.0,1,1,0,0
S2,continuous,A,41,76,410.0,410.0,460.23198170521414,460.23198170521414,509.1322655765311,0.0,0.0,0.0,0.0,410.0,410.0,499.1322655765311,499.1322655765311,300.0,1663.547840435321,0.0,1,1,0,0
S2,continuous,A,42,72,420.0,420.0,480.8239176573947,480.8239176573947,489.723138819019,0.0,0.0,0.0,0.0,420.0,420.0,480.8239176573947,480.8239176573947,300.0,1149.3877930070287,0.0,2,2,0,0
S2,continuous,A,43,1,430.0,430.0,475.3346307839152,475.3346307839152,523.1730549454406,0.0,0.0,0.0,0.0,430.0,430.0,513.1730549454406,513.1730549454406,300.0,1020.2871253241456,0.0,1,1,0,0
S2,continuous,A,44,75,440.0,440.0,480.1335764750609,480.1335764750609,520.1227319901095,0.0,0.0,0.0,0.0,440.0,440.0,510.1227319901095,510.1227319901095,300.0,1770.168418688365,0.0,4,4,0,0
S2,continuous,A,45,0,450.0,450.0,508.15790975788366,508.15790975788366,544.2201975373193,0.0,0.0,0.0,0.0,450.0,450.0,534.2201975373193,534.2201975373193,300.0,1816.291708344928,0.0,2,2,0,0
S2,continuous,A,46,61,460.0,460.0,503.4305033953867,503.4305033953867,551.2689275569122,0.0,0.0,0.0,0.0,460.0,460.0,541.2689275569122,541.2689275569122,300.0,651.728114195449,0.0,0,0,0,0
S2,continuous,A,47,35,470.0,470.0,513.4305033953867,513.4305033953867,561.2689275569122,0.0,0.0,0.0,0.0,470.0,470.0,551.2689275569122,551.2689275569122,300.0,651.728114195449,0.0,0,0,0,0
S2,continuous,A,48,97,480.0,480.0,544.5276283940905,544.5276283940905,575.820909895748,0.0,0.0,0.0,0.0,480.0,480.0,565.820909895748,565.820909895748,300.0,1992.3103770196592,0.0,5,5,0,0
S2,continuous,A,49,6,490.0,490.0,522.0711177416737,522.0711177416737,558.4151239213141,0.0,0.0,0.0,0.0,490.0,490.0,548.4151239213141,548.4151239213141,300.0,2041.2082314648,0.0,2,2,0,0
S2,continuous,A,50,26,500.0,500.0,543.4305033953867,543.4305033953867,591.2689275569122,0.0,0.0,0.0,0.0,500.0,500.0,581.2689275569122,581.2689275569122,300.0,651.728114195449,0.0,0,0,0,0
S2,continuous,A,51,77,510.0,510.0,527.5101375318837,527.5101375318837,563.8541437115242,0.0,0.0,0.0,0.0,510.0,510.0,553.8541437115242,553.8541437115242,300.0,745.702928538268,0.0,0,0,0,0
S2,continuous,A,52,21,520.0,520.0,565.0574605411123,565.0574605411123,601.119748320548,0.0,0.0,0.0,0.0,520.0,520.0,591.119748320548,591.119748320548,300.0,1254.3897823691186,0.0,2,2,0,0
S2,continuous,A,53,22,530.0,530.0,562.0283828786421,562.0283828786421,598.0906706580778,0.0,0.0,0.0,0.0,530.0,530.0,588.0906706580778,588.0906706580778,300.0,474.37157102952705,0.0,0,0,0,0
S2,continuous,A,54,98,540.0,540.0,607.418501908421,607.418501908421,611.9361178361775,0.0,0.0,0.0,0.0,540.0,540.0,607.418501908421,607.418501908421,300.0,1567.1187169061131,0.0,2,2,0,0
S2,continuous,A,55,32,550.0,550.0,599.0006872123471,599.0006872123471,646.8391113738726,0.0,0.0,0.0,0.0,550.0,550.0,636.8391113738726,636.8391113738726,300.0,1664.739208520304,0.0,2,2,0,0
S2,continuous,A,56,40,560.0,560.0,618.1579097578837,618.1579097578837,654.2201975373193,0.0,0.0,0.0,0.0,560.0,560.0,644.2201975373193,644.2201975373193,300.0,1816.291708344928,0.0,2,2,0,0
S2,continuous,A,57,60,570.0,570.0,617.612427204909,617.612427204909,666.512711076226,0.0,0.0,0.0,0.0,570.0,570.0,656.512711076226,656.512711076226,300.0,1177.4495186060178,0.0,0,0,0,0
S2,continuous,A,58,43,580.0,580.0,620.1335764750609,620.1335764750609,660.1227319901094,0.0,0.0,0.0,0.0,580.0,580.0,650.1227319901094,650.1227319901094,300.0,1770.168418688365,0.0,4,4,0,0
S2,continuous,A,59,9,590.0,590.0,596.5677479089194,596.5677479089194,636.5569034239679,0.0,0.0,0.0,0.0,590.0,590.0,626.5569034239679,626.5569034239679,300.0,359.2093226248886,0.0,0,0,0,0
S2,continuous,A,60,94,600.0,600.0,653.8233555611653,653.8233555611653,702.7236394324823,0.0,0.0,0.0,0.0,600.0,600.0,692.7236394324823,692.7236394324823,300.0,1991.5597303238085,0.0,4,4,0,0
S2,continuous,A,61,29,610.0,610.0,671.8532243563619,671.8532243563619,711.8423798714105,0.0,0.0,0.0,0.0,610.0,610.0,701.8423798714105,701.8423798714105,300.0,2082.2803535882094,0.0,2,2,0,0
S2,continuous,A,62,14,620.0,620.0,672.7067119108606,672.7067119108606,721.6069957821776,0.0,0.0,0.0,0.0,620.0,620.0,711.6069957821776,711.6069957821776,300.0,808.2460567865478,0.0,1,1,0,0
S2,continuous,A,63,84,630.0,630.0,686.4731028729275,686.4731028729275,726.7352255697592,0.0,0.0,0.0,0.0,630.0,630.0,716.7352255697592,716.7352255697592,300.0,950.666632948105,0.0,2,2,0,0
S2,continuous,A,64,93,640.0,640.0,705.4684140159685,705.4684140159685,714.3676351775928,0.0,0.0,0.0,0.0,640.0,640.0,705.4684140159685,705.4684140159685,300.0,1393.5395348081422,0.0,3,3,0,0
S2,continuous,A,65,51,650.0,650.0,684.8716486601402,684.8716486601402,689.3892645878966,0.0,0.0,0.0,0.0,650.0,650.0,684.8716486601402,684.8716486601402,300.0,1744.0050524959402,0.0,1,1,0,0
S2,continuous,A,66,26,660.0,660.0,719.7841755615262,719.7841755615262,768.6844594328433,0.0,0.0,0.0,0.0,660.0,660.0,758.6844594328433,758.6844594328433,300.0,1764.1152000303387,0.0,3,3,0,0
S2,continuous,A,67,12,670.0,670.0,698.4453781935523,698.4453781935523,734.7893843731928,0.0,0.0,0.0,0.0,670.0,670.0,724.7893843731928,724.7893843731928,300.0,1529.2932721681955,0.0,4,4,0,0
S2,continuous,A,68,32,680.0,680.0,733.7772345028352,733.7772345028352,743.5614443053031,0.0,0.0,0.0,0.0,680.0,680.0,733.7772345028352,733.7772345028352,300.0,684.0338592406176,0.0,0,0,0,0
S2,continuous,A,69,58,690.0,690.0,751.1847130802932,751.1847130802932,760.9689228827611,0.0,0.0,0.0,0.0,690.0,690.0,751.1847130802932,751.1847130802932,300.0,1904.0608413000243,0.0,3,3,0,0
S2,continuous,A,70,47,700.0,700.0,753.7772345028352,753.7772345028352,763.5614443053031,0.0,0.0,0.0,0.0,700.0,700.0,753.7772345028352,753.7772345028352,300.0,684.0338592406176,0.0,0,0,0,0
S2,continuous,A,71,42,710.0,710.0,770.8239176573946,770.8239176573946,779.7231388190189,0.0,0.0,0.0,0.0,710.0,710.0,770.8239176573946,770.8239176573946,300.0,1149.3877930070287,0.0,2,2,0,0
S2,continuous,A,72,79,720.0,720.0,752.0283828786421,752.0283828786421,788.0906706580778,0.0,0.0,0.0,0.0,720.0,720.0,778.0906706580778,778.0906706580778,300.0,474.37157102952705,0.0,0,0,0,0
S2,continuous,A,73,45,730.0,730.0,775.8267748832434,775.8267748832434,823.6651990447689,0.0,0.0,0.0,0.0,730.0,730.0,813.6651990447689,813.6651990447689,300.0,1364.5580870883075,0.0,1,1,0,0
S2,continuous,A,74,96,740.0,740.0,763.3471386700934,763.3471386700934,799.4094264495291,0.0,0.0,0.0,0.0,740.0,740.0,789.4094264495291,789.4094264495291,300.0,1458.2010346917555,0.0,3,3,0,0
S2,continuous,A,75,49,750.0,750.0,799.355284701314,799.355284701314,809.1394945037819,0.0,0.0,0.0,0.0,750.0,750.0,799.355284701314,799.355284701314,300.0,856.4424627953115,0.0,0,0,0,0
S2,continuous,A,76,66,760.0,760.0,808.6416735356759,808.6416735356759,848.6308290507244,0.0,0.0,0.0,0.0,760.0,760.0,838.6308290507244,838.6308290507244,300.0,1601.5586201765059,0.0,1,1,0,0
S2,continuous,A,77,35,770.0,770.0,791.4695904611359,791.4695904611359,821.3263265656299,0.0,0.0,0.0,0.0,770.0,770.0,811.3263265656299,811.3263265656299,300.0,1031.804406298035,0.0,3,3,0,0
S2,continuous,A,78,53,780.0,780.0,798.772368121642,798.772368121642,839.0344908184737,0.0,0.0,0.0,0.0,780.0,780.0,829.0344908184737,829.0344908184737,300.0,904.016516626797,0.0,2,2,0,0
S2,continuous,A,79,13,790.0,790.0,815.6366937776279,815.6366937776279,833.5612741650485,0.0,0.0,0.0,0.0,790.0,790.0,823.5612741650485,823.5612741650485,300.0,1195.3762159601097,0.0,2,2,0,0
S2,continuous,A,80,41,800.0,800.0,868.6953039177947,868.6953039177947,908.6844594328433,0.0,0.0,0.0,0.0,800.0,800.0,898.6844594328433,898.6844594328433,300.0,1764.1152000303387,0.0,3,3,0,0
S2,continuous,A,81,77,810.0,810.0,866.4731028729275,866.4731028729275,906.7352255697592,0.0,0.0,0.0,0.0,810.0,810.0,896.7352255697592,896.7352255697592,300.0,950.666632948105,0.0,2,2,0,0
S2,continuous,A,82,42,820.0,820.0,875.8317543806994,875.8317543806994,915.820909895748,0.0,0.0,0.0,0.0,820.0,820.0,905.820909895748,905.820909895748,300.0,1992.3103770196594,0.0,5,5,0,0
S2,continuous,A,83,79,830.0,830.0,887.5911478309582,887.5911478309582,935.4295719924837,0.0,0.0,0.0,0.0,830.0,830.0,925.4295719924837,925.4295719924837,300.0,1612.6040527768496,0.0,2,2,0,0
S2,continuous,A,84,50,840.0,840.0,890.2319817052143,890.2319817052143,939.1322655765313,0.0,0.0,0.0,0.0,840.0,840.0,929.1322655765313,929.1322655765313,300.0,1663.547840435321,0.0,1,1,0,0
S2,continuous,A,85,43,850.0,850.0,880.6729129649231,880.6729129649231,928.5113371264486,0.0,0.0,0.0,0.0,850.0,850.0,918.5113371264486,918.5113371264486,300.0,1178.7038612448928,0.0,3,3,0,0
S2,continuous,A,86,46,860.0,860.0,890.3701462328196,890.3701462328196,926.4324340122553,0.0,0.0,0.0,0.0,860.0,860.0,916.4324340122553,916.4324340122553,300.0,1099.638730527545,0.0,2,2,0,0
S2,continuous,A,87,74,870.0,870.0,935.49837369177,935.49837369177,971.8423798714105,0.0,0.0,0.0,0.0,870.0,870.0,961.8423798714105,961.8423798714105,300.0,2082.2803535882094,0.0,2,2,0,0
S2,continuous,A,88,70,880.0,880.0,945.4684140159685,945.4684140159685,954.3676351775928,0.0,0.0,0.0,0.0,880.0,880.0,945.4684140159685,945.4684140159685,300.0,1393.5395348081422,0.0,3,3,0,0
S2,continuous,A,89,38,890.0,890.0,940.1282157268333,940.1282157268333,976.4722219064738,0.0,0.0,0.0,0.0,890.0,890.0,966.4722219064738,966.4722219064738,300.0,1682.4356862432985,0.0,1,1,0,0
S2,continuous,A,90,78,900.0,900.0,956.6154858019798,956.6154858019798,986.4722219064738,0.0,0.0,0.0,0.0,900.0,900.0,976.4722219064738,976.4722219064738,300.0,1682.4356862432985,0.0,1,1,0,0
S2,continuous,A,91,63,910.0,910.0,950.4472881002822,950.4472881002822,968.3718684877028,0.0,0.0,0.0,0.0,910.0,910.0,958.3718684877028,958.3718684877028,300.0,944.9433821787932,0.0,1,1,0,0
S2,continuous,A,92,54,920.0,920.0,973.2987059137789,973.2987059137789,983.0829157162468,0.0,0.0,0.0,0.0,920.0,920.0,973.2987059137789,973.2987059137789,300.0,586.6506045330536,0.0,0,0,0,0
S2,continuous,A,93,30,930.0,930.0,987.5911478309582,987.5911478309582,1035.4295719924837,0.0,0.0,0.0,0.0,930.0,930.0,1025.4295719924837,1025.4295719924837,300.0,1612.6040527768496,0.0,2,2,0,0
S2,continuous,A,94,3,940.0,940.0,1005.4684140159685,1005.4684140159685,1014.3676351775928,0.0,0.0,0.0,0.0,940.0,940.0,1005.4684140159685,1005.4684140159685,300.0,1393.5395348081422,0.0,3,3,0,0
S2,continuous,A,95,21,950.0,950.0,1017.418501908421,1017.418501908421,1021.9361178361775,0.0,0.0,0.0,0.0,950.0,950.0,1017.418501908421,1017.418501908421,300.0,1567.1187169061131,0.0,2,2,0,0
S2,continuous,A,96,85,960.0,960.0,1027.8389840748737,1027.8389840748737,1059.1322655765312,0.0,0.0,0.0,0.0,960.0,960.0,1049.1322655765312,1049.1322655765312,300.0,1663.547840435321,0.0,1,1,0,0
S2,continuous,A,97,84,970.0,970.0,1002.958064943662,1002.958064943662,1042.9472204587105,0.0,0.0,0.0,0.0,970.0,970.0,1032.9472204587105,1032.9472204587105,300.0,1793.7905026671829,0.0,1,1,0,0
S2,continuous,A,98,19,980.0,980.0,1037.7709148829163,1037.7709148829163,1042.2885308106727,0.0,0.0,0.0,0.0,980.0,980.0,1037.7709148829163,1037.7709148829163,300.0,1944.2300458976588,0.0,4,4,0,0
S2,continuous,A,99,47,990.0,990.0,1011.8847146574934,1011.8847146574934,1059.723138819019,0.0,0.0,0.0,0.0,990.0,990.0,1049.723138819019,1049.723138819019,300.0,1149.3877930070284,0.0,2,2,0,0
S2,continuous,A,100,56,1000.0,1000.0,1046.3749067754695,1046.3749067754695,1086.6370294723013,0.0,0.0,0.0,0.0,1000.0,1000.0,1076.6370294723013,1076.6370294723013,300.0,1451.8056720716518,0.0,3,3,0,0
S2,continuous,A,101,51,1010.0,1010.0,1071.1847130802932,1071.1847130802932,1080.9689228827613,0.0,0.0,0.0,0.0,1010.0,1010.0,1071.1847130802932,1071.1847130802932,300.0,1904.0608413000243,0.0,3,3,0,0
S2,continuous,A,102,62,1020.0,1020.0,1074.9328138416668,1074.9328138416668,1115.1949365384985,0.0,0.0,0.0,0.0,1020.0,1020.0,1105.1949365384985,1105.1949365384985,300.0,1397.5002795006083,0.0,0,0,0,0
S2,continuous,A,103,95,1030.0,1030.0,1083.298705913779,1083.298705913779,1093.082915716247,0.0,0.0,0.0,0.0,1030.0,1030.0,1083.298705913779,1083.298705913779,300.0,586.6506045330536,0.0,0,0,0,0
S2,continuous,A,104,30,1040.0,1040.0,1068.675350439743,1068.675350439743,1086.5999308271635,0.0,0.0,0.0,0.0,1040.0,1040.0,1076.5999308271635,1076.5999308271635,300.0,1722.72661570832,0.0,4,4,0,0
S2,continuous,A,105,36,1050.0,1050.0,1118.6953039177947,1118.6953039177947,1158.6844594328434,0.0,0.0,0.0,0.0,1050.0,1050.0,1148.6844594328434,1148.6844594328434,300.0,1764.1152000303387,0.0,3,3,0,0
S2,continuous,A,106,15,1060.0,1060.0,1077.5101375318839,1077.5101375318839,1113.8541437115243,0.0,0.0,0.0,0.0,1060.0,1060.0,1103.8541437115243,1103.8541437115243,300.0,745.702928538268,0.0,0,0,0,0
S2,continuous,A,107,66,1070.0,1070.0,1123.5835213783541,1123.5835213783541,1163.5726768934028,0.0,0.0,0.0,0.0,1070.0,1070.0,1153.5726768934028,1153.5726768934028,300.0,1548.3394564003324,0.0,4,4,0,0
S2,continuous,A,108,2,1080.0,1080.0,1136.61548580198,1136.61548580198,1166.472221906474,0.0,0.0,0.0,0.0,1080.0,1080.0,1156.472221906474,1156.472221906474,300.0,1682.4356862432985,0.0,1,1,0,0
S2,continuous,A,109,4,1090.0,1090.0,1147.5911478309583,1147.5911478309583,1195.4295719924837,0.0,0.0,0.0,0.0,1090.0,1090.0,1185.4295719924837,1185.4295719924837,300.0,1612.6040527768496,0.0,2,2,0,0
S2,continuous,A,110,10,1100.0,1100.0,1157.5103891139672,1157.5103891139672,1193.5726768934028,0.0,0.0,0.0,0.0,1100.0,1100.0,1183.5726768934028,1183.5726768934028,300.0,1548.3394564003322,0.0,4,4,0,0
S2,continuous,A,111,21,1110.0,1110.0,1172.198151602689,1172.198151602689,1190.1227319901095,0.0,0.0,0.0,0.0,1110.0,1110.0,1180.1227319901095,1180.1227319901095,300.0,1770.168418688365,0.0,4,4,0,0
S2,continuous,A,112,12,1120.0,1120.0,1174.8918105217724,1174.8918105217724,1179.4094264495288,0.0,0.0,0.0,0.0,1120.0,1120.0,1174.8918105217724,1174.8918105217724,300.0,1458.2010346917555,0.0,3,3,0,0
S2,continuous,A,113,3,1130.0,1130.0,1177.0741393988142,1177.0741393988142,1217.336262095646,0.0,0.0,0.0,0.0,1130.0,1130.0,1207.336262095646,1207.336262095646,300.0,1098.372858993938,0.0,1,1,0,0
S2,continuous,A,114,92,1140.0,1140.0,1167.818949911953,1167.818949911953,1177.603159714421,0.0,0.0,0.0,0.0,1140.0,1140.0,1167.818949911953,1167.818949911953,300.0,1354.7324048423663,0.0,1,1,0,0
S2,continuous,A,115,97,1150.0,1150.0,1196.3749067754695,1196.3749067754695,1236.6370294723013,0.0,0.0,0.0,0.0,1150.0,1150.0,1226.6370294723013,1226.6370294723013,300.0,1451.8056720716518,0.0,3,3,0,0
S2,continuous,A,116,98,1160.0,1160.0,1225.4983736917702,1225.4983736917702,1261.8423798714107,0.0,0.0,0.0,0.0,1160.0,1160.0,1251.8423798714107,1251.8423798714107,300.0,2082.2803535882094,0.0,2,2,0,0
S2,continuous,A,117,24,1170.0,1170.0,1204.8716486601402,1204.8716486601402,1209.3892645878966,0.0,0.0,0.0,0.0,1170.0,1170.0,1204.8716486601402,1204.8716486601402,300.0,1744.0050524959402,0.0,1,1,0,0
S2,continuous,A,118,28,1180.0,1180.0,1233.768571620652,1233.768571620652,1281.6069957821774,0.0,0.0,0.0,0.0,1180.0,1180.0,1271.6069957821774,1271.6069957821774,300.0,808.2460567865478,0.0,1,1,0,0
S2,continuous,A,119,90,1190.0,1190.0,1257.8389840748737,1257.8389840748737,1289.1322655765312,0.0,0.0,0.0,0.0,1190.0,1190.0,1279.1322655765312,1279.1322655765312,300.0,1663.547840435321,0.0,1,1,0,0
S2,continuous,A,120,80,1200.0,1200.0,1254.9328138416668,1254.9328138416668,1295.1949365384985,0.0,0.0,0.0,0.0,1200.0,1200.0,1285.1949365384985,1285.1949365384985,300.0,1397.5002795006083,0.0,0,0,0,0
S2,continuous,A,121,78,1210.0,1210.0,1272.198151602689,1272.198151602689,1290.1227319901095,0.0,0.0,0.0,0.0,1210.0,1210.0,1280.1227319901095,1280.1227319901095,300.0,1770.168418688365,0.0,4,4,0,0
S2,continuous,A,122,89,1220.0,1220.0,1252.958064943662,1252.958064943662,1292.9472204587107,0.0,0.0,0.0,0.0,1220.0,1220.0,1282.9472204587107,1282.9472204587107,300.0,1793.7905026671829,0.0,1,1,0,0
S2,continuous,A,123,13,1230.0,1230.0,1281.8989333810093,1281.8989333810093,1299.8235137684298,0.0,0.0,0.0,0.0,1230.0,1230.0,1289.8235137684298,1289.8235137684298,300.0,1066.7208943664375,0.0,1,1,0,0
S2,continuous,A,124,19,1240.0,1240.0,1270.9952493090152,1270.9952493090152,1302.2885308106727,0.0,0.0,0.0,0.0,1240.0,1240.0,1292.2885308106727,1292.2885308106727,300.0,1944.2300458976588,0.0,4,4,0,0
S2,continuous,A,125,67,1250.0,1250.0,1316.2452335794615,1316.2452335794615,1334.169813966882,0.0,0.0,0.0,0.0,1250.0,1250.0,1324.169813966882,1324.169813966882,300.0,1490.4543018366448,0.0,3,3,0,0
S2,continuous,A,126,8,1260.0,1260.0,1307.1079541121921,1307.1079541121921,1316.0071752738165,0.0,0.0,0.0,0.0,1260.0,1260.0,1307.1079541121921,1307.1079541121921,300.0,719.0284565262695,0.0,1,1,0,0
S2,continuous,A,127,76,1270.0,1270.0,1337.7248140233821,1337.7248140233821,1373.7871018028177,0.0,0.0,0.0,0.0,1270.0,1270.0,1363.7871018028177,1363.7871018028177,300.0,1745.262883828593,0.0,0,0,0,0
S2,continuous,A,128,39,1280.0,1280.0,1335.9486776412923,1335.9486776412923,1383.7871018028177,0.0,0.0,0.0,0.0,1280.0,1280.0,1373.7871018028177,1373.7871018028177,300.0,1745.262883828593,0.0,0,0,0,0
S2,continuous,A,129,45,1290.0,1290.0,1340.9922559160054,1340.9922559160054,1377.336262095646,0.0,0.0,0.0,0.0,1290.0,1290.0,1367.336262095646,1367.336262095646,300.0,1098.372858993938,0.0,1,1,0,0
S2,continuous,A,130,25,1300.0,1300.0,1345.3346307839151,1345.3346307839151,1393.1730549454405,0.0,0.0,0.0,0.0,1300.0,1300.0,1383.1730549454405,1383.1730549454405,300.0,1020.2871253241456,0.0,1,1,0,0
S2,continuous,A,131,58,1310.0,1310.0,1357.612427204909,1357.612427204909,1406.512711076226,0.0,0.0,0.0,0.0,1310.0,1310.0,1396.512711076226,1396.512711076226,300.0,1177.4495186060178,0.0,0,0,0,0
S2,continuous,A,132,3,1320.0,1320.0,1373.8233555611653,1373.8233555611653,1422.7236394324823,0.0,0.0,0.0,0.0,1320.0,1320.0,1412.7236394324823,1412.7236394324823,300.0,1991.5597303238085,0.0,4,4,0,0
S2,continuous,A,133,37,1330.0,1330.0,1383.9617122022523,1383.9617122022523,1393.7459220047203,0.0,0.0,0.0,0.0,1330.0,1330.0,1383.9617122022523,1383.9617122022523,300.0,1805.2031360520243,0.0,4,4,0,0
S2,continuous,A,134,56,1340.0,1340.0,1357.9301178745184,1357.9301178745184,1362.4477338022748,0.0,0.0,0.0,0.0,1340.0,1340.0,1357.9301178745184,1357.9301178745184,300.0,669.1439663065105,0.0,2,2,0,0
S2,continuous,A,135,99,1350.0,1350.0,1390.4472881002823,1390.4472881002823,1408.3718684877028,0.0,0.0,0.0,0.0,1350.0,1350.0,1398.3718684877028,1398.3718684877028,300.0,944.9433821787932,0.0,1,1,0,0
S2,continuous,A,136,51,1360.0,1360.0,1377.5101375318839,1377.5101375318839,1413.8541437115243,0.0,0.0,0.0,0.0,1360.0,1360.0,1403.8541437115243,1403.8541437115243,300.0,745.702928538268,0.0,0,0,0,0
S2,continuous,A,137,85,1370.0,1370.0,1419.0006872123472,1419.0006872123472,1466.8391113738726,0.0,0.0,0.0,0.0,1370.0,1370.0,1456.8391113738726,1456.8391113738726,300.0,1664.739208520304,0.0,2,2,0,0
S2,continuous,A,138,6,1380.0,1380.0,1432.7067119108603,1432.7067119108603,1481.6069957821774,0.0,0.0,0.0,0.0,1380.0,1380.0,1471.6069957821774,1471.6069957821774,300.0,808.2460567865478,0.0,1,1,0,0
S2,continuous,A,139,5,1390.0,1390.0,1436.8774124712415,1436.8774124712415,1468.170693972899,0.0,0.0,0.0,0.0,1390.0,1390.0,1458.170693972899,1458.170693972899,300.0,1040.413524513233,0.0,1,1,0,0
S2,continuous,A,140,32,1400.0,1400.0,1465.4983736917702,1465.4983736917702,1501.8423798714107,0.0,0.0,0.0,0.0,1400.0,1400.0,1491.8423798714107,1491.8423798714107,300.0,2082.2803535882094,0.0,2,2,0,0
S2,continuous,A,141,33,1410.0,1410.0,1434.097693674652,1434.097693674652,1481.9361178361773,0.0,0.0,0.0,0.0,1410.0,1410.0,1471.9361178361773,1471.9361178361773,300.0,1567.1187169061131,0.0,2,2,0,0
S2,continuous,A,142,91,1420.0,1420.0,1470.1282157268336,1470.1282157268336,1506.472221906474,0.0,0.0,0.0,0.0,1420.0,1420.0,1496.472221906474,1496.472221906474,300.0,1682.4356862432985,0.0,1,1,0,0
S2,continuous,A,143,41,1430.0,1430.0,1472.4271054040057,1472.4271054040057,1481.32632656563,0.0,0.0,0.0,0.0,1430.0,1430.0,1472.4271054040057,1472.4271054040057,300.0,1031.804406298035,0.0,3,3,0,0
S2,continuous,A,144,55,1440.0,1440.0,1492.7067119108603,1492.7067119108603,1541.6069957821774,0.0,0.0,0.0,0.0,1440.0,1440.0,1531.6069957821774,1531.6069957821774,300.0,808.2460567865478,0.0,1,1,0,0
S2,continuous,A,145,81,1450.0,1450.0,1483.0553311644987,1483.0553311644987,1491.9545523261231,0.0,0.0,0.0,0.0,1450.0,1450.0,1483.0553311644987,1483.0553311644987,300.0,1142.8357262171116,0.0,3,3,0,0
S2,continuous,A,146,43,1460.0,1460.0,1515.9486776412923,1515.9486776412923,1563.7871018028177,0.0,0.0,0.0,0.0,1460.0,1460.0,1553.7871018028177,1553.7871018028177,300.0,1745.262883828593,0.0,0,0,0,0
S2,continuous,A,147,36,1470.0,1470.0,1532.198151602689,1532.198151602689,1550.1227319901095,0.0,0.0,0.0,0.0,1470.0,1470.0,1540.1227319901095,1540.1227319901095,300.0,1770.168418688365,0.0,4,4,0,0
S2,continuous,A,148,69,1480.0,1480.0,1542.3719175431113,1542.3719175431113,1573.6651990447688,0.0,0.0,0.0,0.0,1480.0,1480.0,1563.6651990447688,1563.6651990447688,300.0,1364.5580870883075,0.0,1,1,0,0
S2,continuous,A,149,98,1490.0,1490.0,1522.0711177416736,1522.0711177416736,1558.415123921314,0.0,0.0,0.0,0.0,1490.0,1490.0,1548.415123921314,1548.415123921314,300.0,2041.2082314648,0.0,2,2,0,0
S2,continuous,A,150,6,1500.0,1500.0,1547.612427204909,1547.612427204909,1596.512711076226,0.0,0.0,0.0,0.0,1500.0,1500.0,1586.512711076226,1586.512711076226,300.0,1177.4495186060178,0.0,0,0,0,0
S2,continuous,A,151,14,1510.0,1510.0,1567.8761913576789,1567.8761913576789,1604.2201975373193,0.0,0.0,0.0,0.0,1510.0,1510.0,1594.2201975373193,1594.2201975373193,300.0,1816.291708344928,0.0,2,2,0,0
S2,continuous,A,152,77,1520.0,1520.0,1550.9952493090152,1550.9952493090152,1582.2885308106727,0.0,0.0,0.0,0.0,1520.0,1520.0,1572.2885308106727,1572.2885308106727,300.0,1944.2300458976588,0.0,4,4,0,0
S2,continuous,A,153,51,1530.0,1530.0,1590.8239176573945,1590.8239176573945,1599.723138819019,0.0,0.0,0.0,0.0,1530.0,1530.0,1590.8239176573945,1590.8239176573945,300.0,1149.3877930070287,0.0,2,2,0,0
S2,continuous,A,154,94,1540.0,1540.0,1597.337312721594,1597.337312721594,1633.3996005010295,0.0,0.0,0.0,0.0,1540.0,1540.0,1623.3996005010295,1623.3996005010295,300.0,1519.9680540321415,0.0,0,0,0,0
S2,continuous,A,155,88,1550.0,1550.0,1616.2452335794615,1616.2452335794615,1634.169813966882,0.0,0.0,0.0,0.0,1550.0,1550.0,1624.169813966882,1624.169813966882,300.0,1490.4543018366448,0.0,3,3,0,0
S2,continuous,A,156,11,1560.0,1560.0,1574.18263184493,1574.18263184493,1623.082915716247,0.0,0.0,0.0,0.0,1560.0,1560.0,1613.082915716247,1613.082915716247,300.0,586.6506045330536,0.0,0,0,0,0
S2,continuous,A,157,78,1570.0,1570.0,1617.867073002472,1617.867073002472,1626.7662941640963,0.0,0.0,0.0,0.0,1570.0,1570.0,1617.867073002472,1617.867073002472,300.0,1011.7932262410508,0.0,1,1,0,0
S2,continuous,A,158,35,1580.0,1580.0,1604.7490169080327,1604.7490169080327,1634.6057530125267,0.0,0.0,0.0,0.0,1580.0,1580.0,1624.6057530125267,1624.6057530125267,300.0,1520.6318255130027,0.0,2,2,0,0
S2,continuous,A,159,69,1590.0,1590.0,1619.6050547854286,1619.6050547854286,1629.3892645878966,0.0,0.0,0.0,0.0,1590.0,1590.0,1619.6050547854286,1619.6050547854286,300.0,1744.0050524959402,0.0,1,1,0,0
S2,continuous,A,160,28,1600.0,1600.0,1640.1335764750609,1640.1335764750609,1680.1227319901095,0.0,0.0,0.0,0.0,1600.0,1600.0,1670.1227319901095,1670.1227319901095,300.0,1770.168418688365,0.0,4,4,0,0
S2,continuous,A,161,86,1610.0,1610.0,1656.3749067754695,1656.3749067754695,1696.6370294723013,0.0,0.0,0.0,0.0,1610.0,1610.0,1686.6370294723013,1686.6370294723013,300.0,1451.8056720716518,0.0,3,3,0,0
S2,continuous,A,162,61,1620.0,1620.0,1648.1259537222643,1648.1259537222643,1684.4699599019048,0.0,0.0,0.0,0.0,1620.0,1620.0,1674.4699599019048,1674.4699599019048,300.0,951.4344884915572,0.0,0,0,0,0
S2,continuous,A,163,46,1630.0,1630.0,1662.958064943662,1662.958064943662,1702.9472204587107,0.0,0.0,0.0,0.0,1630.0,1630.0,1692.9472204587107,1692.9472204587107,300.0,1793.7905026671829,0.0,1,1,0,0
S2,continuous,A,164,48,1640.0,1640.0,1701.853224356362,1701.853224356362,1741.8423798714107,0.0,0.0,0.0,0.0,1640.0,1640.0,1731.8423798714107,1731.8423798714107,300.0,2082.2803535882094,0.0,2,2,0,0
S2,continuous,A,165,40,1650.0,1650.0,1716.9823752693785,1716.9823752693785,1746.8391113738726,0.0,0.0,0.0,0.0,1650.0,1650.0,1736.8391113738726,1736.8391113738726,300.0,1664.739208520304,0.0,2,2,0,0
S2,continuous,A,166,22,1660.0,1660.0,1725.4983736917702,1725.4983736917702,1761.8423798714107,0.0,0.0,0.0,0.0,1660.0,1660.0,1751.8423798714107,1751.8423798714107,300.0,2082.2803535882094,0.0,2,2,0,0
S2,continuous,A,167,88,1670.0,1670.0,1715.8267748832434,1715.8267748832434,1763.6651990447688,0.0,0.0,0.0,0.0,1670.0,1670.0,1753.6651990447688,1753.6651990447688,300.0,1364.5580870883075,0.0,1,1,0,0
S2,continuous,A,168,83,1680.0,1680.0,1736.61548580198,1736.61548580198,1766.472221906474,0.0,0.0,0.0,0.0,1680.0,1680.0,1756.472221906474,1756.472221906474,300.0,1682.4356862432985,0.0,1,1,0,0
S2,continuous,A,169,33,1690.0,1690.0,1724.9066351033257,1724.9066351033257,1760.9689228827613,0.0,0.0,0.0,0.0,1690.0,1690.0,1750.9689228827613,1750.9689228827613,300.0,1904.0608413000243,0.0,3,3,0,0
S2,continuous,A,170,86,1700.0,1700.0,1735.269530095565,1735.269530095565,1784.169813966882,0.0,0.0,0.0,0.0,1700.0,1700.0,1774.169813966882,1774.169813966882,300.0,1490.4543018366448,0.0,3,3,0,0
S2,continuous,A,171,16,1710.0,1710.0,1772.3719175431113,1772.3719175431113,1803.6651990447688,0.0,0.0,0.0,0.0,1710.0,1710.0,1793.6651990447688,1793.6651990447688,300.0,1364.5580870883075,0.0,1,1,0,0
S2,continuous,A,172,51,1720.0,1720.0,1773.298705913779,1773.298705913779,1783.082915716247,0.0,0.0,0.0,0.0,1720.0,1720.0,1773.298705913779,1773.298705913779,300.0,586.6506045330536,0.0,0,0,0,0
S2,continuous,A,173,52,1730.0,1730.0,1781.8989333810093,1781.8989333810093,1799.8235137684298,0.0,0.0,0.0,0.0,1730.0,1730.0,1789.8235137684298,1789.8235137684298,300.0,1066.7208943664375,0.0,1,1,0,0
S2,continuous,A,174,43,1740.0,1740.0,1788.7404493460017,1788.7404493460017,1797.639670507626,0.0,0.0,0.0,0.0,1740.0,1740.0,1788.7404493460017,1788.7404493460017,300.0,1364.1070362726916,0.0,2,2,0,0
S2,continuous,A,175,75,1750.0,1750.0,1805.8317543806995,1805.8317543806995,1845.8209098957482,0.0,0.0,0.0,0.0,1750.0,1750.0,1835.8209098957482,1835.8209098957482,300.0,1992.3103770196594,0.0,5,5,0,0
S2,continuous,A,176,67,1760.0,1760.0,1788.1259537222643,1788.1259537222643,1824.4699599019048,0.0,0.0,0.0,0.0,1760.0,1760.0,1814.4699599019048,1814.4699599019048,300.0,951.4344884915572,0.0,0,0,0,0
S2,continuous,A,177,12,1770.0,1770.0,1796.1212344132464,1796.1212344132464,1845.0215182845634,0.0,0.0,0.0,0.0,1770.0,1770.0,1835.0215182845634,1835.0215182845634,300.0,1707.3307313613625,0.0,3,3,0,0
S2,continuous,A,178,7,1780.0,1780.0,1837.7709148829163,1837.7709148829163,1842.2885308106727,0.0,0.0,0.0,0.0,1780.0,1780.0,1837.7709148829163,1837.7709148829163,300.0,1944.2300458976588,0.0,4,4,0,0
S2,continuous,A,179,76,1790.0,1790.0,1851.853224356362,1851.853224356362,1891.8423798714107,0.0,0.0,0.0,0.0,1790.0,1790.0,1881.8423798714107,1881.8423798714107,300.0,2082.2803535882094,0.0,2,2,0,0
S2,continuous,A,180,2,1800.0,1800.0,1865.4983736917702,1865.4983736917702,1901.8423798714107,0.0,0.0,0.0,0.0,1800.0,1800.0,1891.8423798714107,1891.8423798714107,300.0,2082.2803535882094,0.0,2,2,0,0
S2,continuous,A,181,8,1810.0,1810.0,1855.3346307839151,1855.3346307839151,1903.1730549454405,0.0,0.0,0.0,0.0,1810.0,1810.0,1893.1730549454405,1893.1730549454405,300.0,1020.2871253241456,0.0,1,1,0,0
S2,continuous,A,182,43,1820.0,1820.0,1869.8264668188904,1869.8264668188904,1901.1197483205478,0.0,0.0,0.0,0.0,1820.0,1820.0,1891.1197483205478,1891.1197483205478,300.0,1254.3897823691184,0.0,2,2,0,0
S2,continuous,A,183,59,1830.0,1830.0,1879.3552847013138,1879.3552847013138,1889.1394945037819,0.0,0.0,0.0,0.0,1830.0,1830.0,1879.3552847013138,1879.3552847013138,300.0,856.4424627953115,0.0,0,0,0,0
S2,continuous,A,184,69,1840.0,1840.0,1897.2285290053385,1897.2285290053385,1901.746144933095,0.0,0.0,0.0,0.0,1840.0,1840.0,1897.2285290053385,1897.2285290053385,300.0,1354.9924470233934,0.0,0,0,0,0
S2,continuous,A,185,42,1850.0,1850.0,1896.3749067754695,1896.3749067754695,1936.6370294723013,0.0,0.0,0.0,0.0,1850.0,1850.0,1926.6370294723013,1926.6370294723013,300.0,1451.8056720716518,0.0,3,3,0,0
S2,continuous,A,186,50,1860.0,1860.0,1913.9870298323485,1913.9870298323485,1945.280311334006,0.0,0.0,0.0,0.0,1860.0,1860.0,1935.280311334006,1935.280311334006,300.0,1272.770830026891,0.0,1,1,0,0
S2,continuous,A,187,52,1870.0,1870.0,1927.8761913576789,1927.8761913576789,1964.2201975373193,0.0,0.0,0.0,0.0,1870.0,1870.0,1954.2201975373193,1954.2201975373193,300.0,1816.291708344928,0.0,2,2,0,0
S2,continuous,A,188,46,1880.0,1880.0,1897.9301178745184,1897.9301178745184,1902.4477338022748,0.0,0.0,0.0,0.0,1880.0,1880.0,1897.9301178745184,1897.9301178745184,300.0,669.1439663065105,0.0,2,2,0,0
S2,continuous,A,189,23,1890.0,1890.0,1925.269530095565,1925.269530095565,1974.169813966882,0.0,0.0,0.0,0.0,1890.0,1890.0,1964.169813966882,1964.169813966882,300.0,1490.4543018366448,0.0,3,3,0,0
S2,continuous,A,190,64,1900.0,1900.0,1953.8233555611653,1953.8233555611653,2002.7236394324823,0.0,0.0,0.0,0.0,1900.0,1900.0,1992.7236394324823,1992.7236394324823,300.0,1991.5597303238085,0.0,4,4,0,0
S2,continuous,A,191,20,1910.0,1910.0,1951.6050930681622,1951.6050930681622,1982.8983745698197,0.0,0.0,0.0,0.0,1910.0,1910.0,1972.8983745698197,1972.8983745698197,300.0,1088.9738856086278,0.0,0,0,0,0
S2,continuous,A,192,89,1920.0,1920.0,1967.0741393988142,1967.0741393988142,2007.336262095646,0.0,0.0,0.0,0.0,1920.0,1920.0,1997.336262095646,1997.336262095646,300.0,1098.372858993938,0.0,1,1,0,0
S2,continuous,A,193,65,1930.0,1930.0,1962.0711177416736,1962.0711177416736,1998.415123921314,0.0,0.0,0.0,0.0,1930.0,1930.0,1988.415123921314,1988.415123921314,300.0,2041.2082314648,0.0,2,2,0,0
S2,continuous,A,194,12,1940.0,1940.0,1957.9301178745184,1957.9301178745184,1962.4477338022748,0.0,0.0,0.0,0.0,1940.0,1940.0,1957.9301178745184,1957.9301178745184,300.0,669.1439663065105,0.0,2,2,0,0
S2,continuous,A,195,54,1950.0,1950.0,1971.469590461136,1971.469590461136,2001.32632656563,0.0,0.0,0.0,0.0,1950.0,1950.0,1991.32632656563,1991.32632656563,300.0,1031.804406298035,0.0,3,3,0,0
S2,continuous,A,196,40,1960.0,1960.0,2010.2319817052141,2010.2319817052141,2059.132265576531,0.0,0.0,0.0,0.0,1960.0,1960.0,2049.132265576531,2049.132265576531,300.0,1663.547840435321,0.0,1,1,0,0
S2,continuous,A,197,66,1970.0,1970.0,2012.4271054040057,2012.4271054040057,2021.32632656563,0.0,0.0,0.0,0.0,1970.0,1970.0,2012.4271054040057,2012.4271054040057,300.0,1031.804406298035,0.0,3,3,0,0
S2,continuous,A,198,11,1980.0,1980.0,2030.1352696568495,2030.1352696568495,2039.0344908184738,0.0,0.0,0.0,0.0,1980.0,1980.0,2030.1352696568495,2030.1352696568495,300.0,904.0165166267972,0.0,2,2,0,0
S2,continuous,A,199,75,1990.0,1990.0,2047.5103891139672,2047.5103891139672,2083.572676893403,0.0,0.0,0.0,0.0,1990.0,1990.0,2073.572676893403,2073.572676893403,300.0,1548.3394564003322,0.0,4,4,0,0
S2,continuous,A,200,91,2000.0,2000.0,2050.2319817052144,2050.2319817052144,2099.132265576531,0.0,0.0,0.0,0.0,2000.0,2000.0,2089.132265576531,2089.132265576531,300.0,1663.547840435321,0.0,1,1,0,0
S2,continuous,A,201,16,2010.0,2010.0,2026.0180197587679,2026.0180197587679,2066.0071752738163,0.0,0.0,0.0,0.0,2010.0,2010.0,2056.0071752738163,2056.0071752738163,300.0,719.0284565262696,0.0,1,1,0,0
S2,continuous,A,202,93,2020.0,2020.0,2048.7039385527964,2048.7039385527964,2057.6031597144206,0.0,0.0,0.0,0.0,2020.0,2020.0,2048.7039385527964,2048.7039385527964,300.0,1354.7324048423663,0.0,1,1,0,0
S2,continuous,A,203,66,2030.0,2030.0,2091.853224356362,2091.853224356362,2131.8423798714102,0.0,0.0,0.0,0.0,2030.0,2030.0,2121.8423798714102,2121.8423798714102,300.0,2082.2803535882094,0.0,2,2,0,0
S2,continuous,A,204,25,2040.0,2040.0,2105.4684140159684,2105.4684140159684,2114.3676351775925,0.0,0.0,0.0,0.0,2040.0,2040.0,2105.4684140159684,2105.4684140159684,300.0,1393.5395348081422,0.0,3,3,0,0
S2,continuous,A,205,18,2050.0,2050.0,2084.87164866014,2084.87164866014,2089.389264587897,0.0,0.0,0.0,0.0,2050.0,2050.0,2084.87164866014,2084.87164866014,300.0,1744.0050524959402,0.0,1,1,0,0
S2,continuous,A,206,61,2060.0,2060.0,2115.9486776412928,2115.9486776412928,2163.787101802818,0.0,0.0,0.0,0.0,2060.0,2060.0,2153.787101802818,2153.787101802818,300.0,1745.262883828593,0.0,0,0,0,0
S2,continuous,A,207,55,2070.0,2070.0,2114.0699339090565,2114.0699339090565,2123.8541437115246,0.0,0.0,0.0,0.0,2070.0,2070.0,2114.0699339090565,2114.0699339090565,300.0,745.702928538268,0.0,0,0,0,0
S2,continuous,A,208,59,2080.0,2080.0,2106.121234413246,2106.121234413246,2155.0215182845627,0.0,0.0,0.0,0.0,2080.0,2080.0,2145.0215182845627,2145.0215182845627,300.0,1707.3307313613625,0.0,3,3,0,0
S2,continuous,A,209,73,2090.0,2090.0,2106.018019758768,2106.018019758768,2146.0071752738163,0.0,0.0,0.0,0.0,2090.0,2090.0,2136.0071752738163,2136.0071752738163,300.0,719.0284565262696,0.0,1,1,0,0
S2,continuous,A,210,94,2100.0,2100.0,2167.7248140233824,2167.7248140233824,2203.787101802818,0.0,0.0,0.0,0.0,2100.0,2100.0,2193.787101802818,2193.787101802818,300.0,1745.262883828593,0.0,0,0,0,0
S2,continuous,A,211,92,2110.0,2110.0,2176.245233579461,2176.245233579461,2194.1698139668815,0.0,0.0,0.0,0.0,2110.0,2110.0,2184.1698139668815,2184.1698139668815,300.0,1490.4543018366448,0.0,3,3,0,0
S2,continuous,A,212,15,2120.0,2120.0,2138.772368121642,2138.772368121642,2179.034490818474,0.0,0.0,0.0,0.0,2120.0,2120.0,2169.034490818474,2169.034490818474,300.0,904.016516626797,0.0,2,2,0,0
S2,continuous,A,213,31,2130.0,2130.0,2180.9922559160054,2180.9922559160054,2217.336262095646,0.0,0.0,0.0,0.0,2130.0,2130.0,2207.336262095646,2207.336262095646,300.0,1098.372858993938,0.0,1,1,0,0
S2,continuous,A,214,10,2140.0,2140.0,2185.0181886371743,2185.0181886371743,2225.280311334006,0.0,0.0,0.0,0.0,2140.0,2140.0,2215.280311334006,2215.280311334006,300.0,1272.7708300268912,0.0,1,1,0,0
S2,continuous,A,215,72,2150.0,2150.0,2165.723020143778,2165.723020143778,2213.561444305303,0.0,0.0,0.0,0.0,2150.0,2150.0,2203.561444305303,2203.561444305303,300.0,684.0338592406176,0.0,0,0,0,0
S2,continuous,A,216,79,2160.0,2160.0,2228.6953039177943,2228.6953039177943,2268.6844594328427,0.0,0.0,0.0,0.0,2160.0,2160.0,2258.6844594328427,2258.6844594328427,300.0,1764.1152000303387,0.0,3,3,0,0
S2,continuous,A,217,46,2170.0,2170.0,2210.447288100282,2210.447288100282,2228.3718684877026,0.0,0.0,0.0,0.0,2170.0,2170.0,2218.3718684877026,2218.3718684877026,300.0,944.9433821787932,0.0,1,1,0,0
S2,continuous,A,218,11,2180.0,2180.0,2208.675350439743,2208.675350439743,2226.5999308271635,0.0,0.0,0.0,0.0,2180.0,2180.0,2216.5999308271635,2216.5999308271635,300.0,1722.72661570832,0.0,4,4,0,0
S2,continuous,A,219,99,2190.0,2190.0,2207.930117874518,2207.930117874518,2212.4477338022743,0.0,0.0,0.0,0.0,2190.0,2190.0,2207.930117874518,2207.930117874518,300.0,669.1439663065105,0.0,2,2,0,0
S2,continuous,A,220,33,2200.0,2200.0,2250.2319817052144,2250.2319817052144,2299.132265576531,0.0,0.0,0.0,0.0,2200.0,2200.0,2289.132265576531,2289.132265576531,300.0,1663.547840435321,0.0,1,1,0,0
S2,continuous,A,221,47,2210.0,2210.0,2231.469590461136,2231.469590461136,2261.3263265656296,0.0,0.0,0.0,0.0,2210.0,2210.0,2251.3263265656296,2251.3263265656296,300.0,1031.804406298035,0.0,3,3,0,0
S2,continuous,A,222,74,2220.0,2220.0,2276.473102872927,2276.473102872927,2316.7352255697588,0.0,0.0,0.0,0.0,2220.0,2220.0,2306.7352255697588,2306.7352255697588,300.0,950.666632948105,0.0,2,2,0,0
S2,continuous,A,223,21,2230.0,2230.0,2283.9870298323485,2283.9870298323485,2315.280311334006,0.0,0.0,0.0,0.0,2230.0,2230.0,2305.280311334006,2305.280311334006,300.0,1272.770830026891,0.0,1,1,0,0
S2,continuous,A,224,65,2240.0,2240.0,2267.8189499119526,2267.8189499119526,2277.6031597144206,0.0,0.0,0.0,0.0,2240.0,2240.0,2267.8189499119526,2267.8189499119526,300.0,1354.7324048423663,0.0,1,1,0,0
S2,continuous,A,225,66,2250.0,2250.0,2276.7832663690315,2276.7832663690315,2308.076547870689,0.0,0.0,0.0,0.0,2250.0,2250.0,2298.076547870689,2298.076547870689,300.0,1338.657894291522,0.0,1,1,0,0
S2,continuous,A,226,54,2260.0,2260.0,2283.347138670093,2283.347138670093,2319.409426449529,0.0,0.0,0.0,0.0,2260.0,2260.0,2309.409426449529,2309.409426449529,300.0,1458.2010346917555,0.0,3,3,0,0
S2,continuous,A,227,29,2270.0,2270.0,2327.510389113967,2327.510389113967,2363.572676893403,0.0,0.0,0.0,0.0,2270.0,2270.0,2353.572676893403,2353.572676893403,300.0,1548.3394564003322,0.0,4,4,0,0
S2,continuous,A,228,91,2280.0,2280.0,2303.347138670093,2303.347138670093,2339.409426449529,0.0,0.0,0.0,0.0,2280.0,2280.0,2329.409426449529,2329.409426449529,300.0,1458.2010346917555,0.0,3,3,0,0
S2,continuous,A,229,57,2290.0,2290.0,2320.672912964923,2320.672912964923,2368.5113371264483,0.0,0.0,0.0,0.0,2290.0,2290.0,2358.5113371264483,2358.5113371264483,300.0,1178.7038612448928,0.0,3,3,0,0
S2,continuous,A,230,92,2300.0,2300.0,2353.961712202252,2353.961712202252,2363.74592200472,0.0,0.0,0.0,0.0,2300.0,2300.0,2353.961712202252,2353.961712202252,300.0,1805.2031360520243,0.0,4,4,0,0
S2,continuous,A,231,36,2310.0,2310.0,2335.4673513062758,2335.4673513062758,2384.3676351775925,0.0,0.0,0.0,0.0,2310.0,2310.0,2374.3676351775925,2374.3676351775925,300.0,1393.5395348081422,0.0,3,3,0,0
S2,continuous,A,232,34,2320.0,2320.0,2381.1847130802935,2381.1847130802935,2390.9689228827615,0.0,0.0,0.0,0.0,2320.0,2320.0,2381.1847130802935,2381.1847130802935,300.0,1904.0608413000243,0.0,3,3,0,0
S2,continuous,A,233,67,2330.0,2330.0,2385.8317543806993,2385.8317543806993,2425.8209098957477,0.0,0.0,0.0,0.0,2330.0,2330.0,2415.8209098957477,2415.8209098957477,300.0,1992.3103770196594,0.0,5,5,0,0
S2,continuous,A,234,11,2340.0,2340.0,2393.768571620652,2393.768571620652,2441.6069957821774,0.0,0.0,0.0,0.0,2340.0,2340.0,2431.6069957821774,2431.6069957821774,300.0,808.2460567865478,0.0,1,1,0,0
S2,continuous,A,235,93,2350.0,2350.0,2378.5151323832088,2378.5151323832088,2408.3718684877026,0.0,0.0,0.0,0.0,2350.0,2350.0,2398.3718684877026,2398.3718684877026,300.0,944.9433821787932,0.0,1,1,0,0
S2,continuous,A,236,69,2360.0,2360.0,2423.8975079935576,2423.8975079935576,2428.4151239213143,0.0,0.0,0.0,0.0,2360.0,2360.0,2423.8975079935576,2423.8975079935576,300.0,2041.2082314648,0.0,2,2,0,0
S2,continuous,A,237,4,2370.0,2370.0,2425.2057810234496,2425.2057810234496,2465.194936538498,0.0,0.0,0.0,0.0,2370.0,2370.0,2455.194936538498,2455.194936538498,300.0,1397.5002795006085,0.0,0,0,0,0
S2,continuous,A,238,51,2380.0,2380.0,2386.567747908919,2386.567747908919,2426.5569034239675,0.0,0.0,0.0,0.0,2380.0,2380.0,2416.5569034239675,2416.5569034239675,300.0,359.2093226248886,0.0,0,0,0,0
S2,continuous,A,239,75,2390.0,2390.0,2447.876191357679,2447.876191357679,2484.2201975373196,0.0,0.0,0.0,0.0,2390.0,2390.0,2474.2201975373196,2474.2201975373196,300.0,1816.291708344928,0.0,2,2,0,0
S2,continuous,A,240,81,2400.0,2400.0,2456.473102872927,2456.473102872927,2496.7352255697588,0.0,0.0,0.0,0.0,2400.0,2400.0,2486.7352255697588,2486.7352255697588,300.0,950.666632948105,0.0,2,2,0,0
S2,continuous,A,241,91,2410.0,2410.0,2443.7770643625804,2443.7770643625804,2453.5612741650484,0.0,0.0,0.0,0.0,2410.0,2410.0,2443.7770643625804,2443.7770643625804,300.0,1195.3762159601097,0.0,2,2,0,0
S2,continuous,A,242,72,2420.0,2420.0,2444.7490169080324,2444.7490169080324,2474.6057530125263,0.0,0.0,0.0,0.0,2420.0,2420.0,2464.6057530125263,2464.6057530125263,300.0,1520.6318255130027,0.0,2,2,0,0
S2,continuous,A,243,20,2430.0,2430.0,2477.107954112192,2477.107954112192,2486.0071752738163,0.0,0.0,0.0,0.0,2430.0,2430.0,2477.107954112192,2477.107954112192,300.0,719.0284565262695,0.0,1,1,0,0
S2,continuous,A,244,62,2440.0,2440.0,2472.0711177416733,2472.0711177416733,2508.415123921314,0.0,0.0,0.0,0.0,2440.0,2440.0,2498.415123921314,2498.415123921314,300.0,2041.2082314648,0.0,2,2,0,0
S2,continuous,A,245,90,2450.0,2450.0,2506.780293367807,2506.780293367807,2536.637029472301,0.0,0.0,0.0,0.0,2450.0,2450.0,2526.637029472301,2526.637029472301,300.0,1451.8056720716518,0.0,3,3,0,0
S2,continuous,A,246,57,2460.0,2460.0,2493.645496812219,2493.645496812219,2511.5700771996394,0.0,0.0,0.0,0.0,2460.0,2460.0,2501.5700771996394,2501.5700771996394,300.0,402.9036634828245,0.0,0,0,0,0
S2,continuous,A,247,51,2470.0,2470.0,2523.961712202252,2523.961712202252,2533.74592200472,0.0,0.0,0.0,0.0,2470.0,2470.0,2523.961712202252,2523.961712202252,300.0,1805.2031360520243,0.0,4,4,0,0
S2,continuous,A,248,63,2480.0,2480.0,2504.7490169080324,2504.7490169080324,2534.6057530125263,0.0,0.0,0.0,0.0,2480.0,2480.0,2524.6057530125263,2524.6057530125263,300.0,1520.6318255130027,0.0,2,2,0,0
S2,continuous,A,249,37,2490.0,2490.0,2506.018019758768,2506.018019758768,2546.0071752738163,0.0,0.0,0.0,0.0,2490.0,2490.0,2536.0071752738163,2536.0071752738163,300.0,719.0284565262696,0.0,1,1,0,0
S2,continuous,A,250,59,2500.0,2500.0,2532.0711177416733,2532.0711177416733,2568.415123921314,0.0,0.0,0.0,0.0,2500.0,2500.0,2558.415123921314,2558.415123921314,300.0,2041.2082314648,0.0,2,2,0,0
S2,continuous,A,251,42,2510.0,2510.0,2530.7040063846603,2530.7040063846603,2566.766294164096,0.0,0.0,0.0,0.0,2510.0,2510.0,2556.766294164096,2556.766294164096,300.0,1011.7932262410509,0.0,1,1,0,0
S2,continuous,A,252,83,2520.0,2520.0,2569.355284701314,2569.355284701314,2579.139494503782,0.0,0.0,0.0,0.0,2520.0,2520.0,2569.355284701314,2569.355284701314,300.0,856.4424627953115,0.0,0,0,0,0
S2,continuous,A,253,34,2530.0,2530.0,2578.7404493460017,2578.7404493460017,2587.639670507626,0.0,0.0,0.0,0.0,2530.0,2530.0,2578.7404493460017,2578.7404493460017,300.0,1364.1070362726916,0.0,2,2,0,0
S2,continuous,A,254,94,2540.0,2540.0,2561.8847146574935,2561.8847146574935,2609.723138819019,0.0,0.0,0.0,0.0,2540.0,2540.0,2599.723138819019,2599.723138819019,300.0,1149.3877930070284,0.0,2,2,0,0
S2,continuous,A,255,66,2550.0,2550.0,2603.823355561165,2603.823355561165,2652.723639432482,0.0,0.0,0.0,0.0,2550.0,2550.0,2642.723639432482,2642.723639432482,300.0,1991.5597303238085,0.0,4,4,0,0
S2,continuous,A,256,72,2560.0,2560.0,2592.028382878642,2592.028382878642,2628.0906706580777,0.0,0.0,0.0,0.0,2560.0,2560.0,2618.0906706580777,2618.0906706580777,300.0,474.37157102952705,0.0,0,0,0,0
S2,continuous,A,257,31,2570.0,2570.0,2625.8901632115685,2625.8901632115685,2634.7893843731927,0.0,0.0,0.0,0.0,2570.0,2570.0,2625.8901632115685,2625.8901632115685,300.0,1529.2932721681955,0.0,4,4,0,0
S2,continuous,A,258,45,2580.0,2580.0,2637.510389113967,2637.510389113967,2673.572676893403,0.0,0.0,0.0,0.0,2580.0,2580.0,2663.572676893403,2663.572676893403,300.0,1548.3394564003322,0.0,4,4,0,0
S2,continuous,A,259,29,2590.0,2590.0,2638.5078536248348,2638.5078536248348,2656.4324340122553,0.0,0.0,0.0,0.0,2590.0,2590.0,2646.4324340122553,2646.4324340122553,300.0,1099.6387305275448,0.0,2,2,0,0
S2,continuous,A,260,79,2600.0,2600.0,2625.4673513062758,2625.4673513062758,2674.3676351775925,0.0,0.0,0.0,0.0,2600.0,2600.0,2664.3676351775925,2664.3676351775925,300.0,1393.5395348081422,0.0,3,3,0,0
S2,continuous,A,261,91,2610.0,2610.0,2624.18263184493,2624.18263184493,2673.0829157162466,0.0,0.0,0.0,0.0,2610.0,2610.0,2663.0829157162466,2663.0829157162466,300.0,586.6506045330536,0.0,0,0,0,0
S2,continuous,A,262,41,2620.0,2620.0,2674.9328138416663,2674.9328138416663,2715.194936538498,0.0,0.0,0.0,0.0,2620.0,2620.0,2705.194936538498,2705.194936538498,300.0,1397.5002795006083,0.0,0,0,0,0
S2,continuous,A,263,60,2630.0,2630.0,2676.3749067754693,2676.3749067754693,2716.637029472301,0.0,0.0,0.0,0.0,2630.0,2630.0,2706.637029472301,2706.637029472301,300.0,1451.8056720716518,0.0,3,3,0,0
S2,continuous,A,264,75,2640.0,2640.0,2689.355284701314,2689.355284701314,2699.139494503782,0.0,0.0,0.0,0.0,2640.0,2640.0,2689.355284701314,2689.355284701314,300.0,856.4424627953115,0.0,0,0,0,0
S2,continuous,A,265,20,2650.0,2650.0,2723.525139472175,2723.525139472175,2759.5874272516107,0.0,0.0,0.0,0.0,2650.0,2650.0,2749.5874272516107,2749.5874272516107,300.0,2066.4698983109793,0.0,1,1,0,0
S2,continuous,A,266,38,2660.0,2660.0,2722.1981516026885,2722.1981516026885,2740.122731990109,0.0,0.0,0.0,0.0,2660.0,2660.0,2730.122731990109,2730.122731990109,300.0,1770.168418688365,0.0,4,4,0,0
S2,continuous,A,267,43,2670.0,2670.0,2720.1352696568497,2720.1352696568497,2729.034490818474,0.0,0.0,0.0,0.0,2670.0,2670.0,2720.1352696568497,2720.1352696568497,300.0,904.0165166267972,0.0,2,2,0,0
S2,continuous,A,268,81,2680.0,2680.0,2705.4673513062758,2705.4673513062758,2754.3676351775925,0.0,0.0,0.0,0.0,2680.0,2680.0,2744.3676351775925,2744.3676351775925,300.0,1393.5395348081422,0.0,3,3,0,0
S2,continuous,A,269,76,2690.0,2690.0,2743.1374778041977,2743.1374778041977,2783.3996005010295,0.0,0.0,0.0,0.0,2690.0,2690.0,2773.3996005010295,2773.3996005010295,300.0,1519.9680540321415,0.0,0,0,0,0
S2,continuous,A,270,11,2700.0,2700.0,2726.121234413246,2726.121234413246,2775.0215182845627,0.0,0.0,0.0,0.0,2700.0,2700.0,2765.0215182845627,2765.0215182845627,300.0,1707.3307313613625,0.0,3,3,0,0
S2,continuous,A,271,30,2710.0,2710.0,2748.233934553584,2748.233934553584,2778.0906706580777,0.0,0.0,0.0,0.0,2710.0,2710.0,2768.0906706580777,2768.0906706580777,300.0,474.3715710295271,0.0,0,0,0,0
S2,continuous,A,272,93,2720.0,2720.0,2773.9870298323485,2773.9870298323485,2805.280311334006,0.0,0.0,0.0,0.0,2720.0,2720.0,2795.280311334006,2795.280311334006,300.0,1272.770830026891,0.0,1,1,0,0
S2,continuous,A,273,77,2730.0,2730.0,2746.018019758768,2746.018019758768,2786.0071752738163,0.0,0.0,0.0,0.0,2730.0,2730.0,2776.0071752738163,2776.0071752738163,300.0,719.0284565262696,0.0,1,1,0,0
S2,continuous,A,274,3,2740.0,2740.0,2764.097693674652,2764.097693674652,2811.9361178361773,0.0,0.0,0.0,0.0,2740.0,2740.0,2801.9361178361773,2801.9361178361773,300.0,1567.1187169061131,0.0,2,2,0,0
S2,continuous,A,275,58,2750.0,2750.0,2796.8774124712418,2796.8774124712418,2828.1706939728992,0.0,0.0,0.0,0.0,2750.0,2750.0,2818.1706939728992,2818.1706939728992,300.0,1040.413524513233,0.0,1,1,0,0
S2,continuous,A,276,29,2760.0,2760.0,2784.7490169080324,2784.7490169080324,2814.6057530125263,0.0,0.0,0.0,0.0,2760.0,2760.0,2804.6057530125263,2804.6057530125263,300.0,1520.6318255130027,0.0,2,2,0,0
S2,continuous,A,277,17,2770.0,2770.0,2812.0392874962113,2812.0392874962113,2816.556903423968,0.0,0.0,0.0,0.0,2770.0,2770.0,2812.0392874962113,2812.0392874962113,300.0,359.2093226248886,0.0,0,0,0,0
S2,continuous,A,278,6,2780.0,2780.0,2807.8189499119526,2807.8189499119526,2817.6031597144206,0.0,0.0,0.0,0.0,2780.0,2780.0,2807.8189499119526,2807.8189499119526,300.0,1354.7324048423663,0.0,1,1,0,0
S2,continuous,A,279,73,2790.0,2790.0,2835.334630783915,2835.334630783915,2883.1730549454405,0.0,0.0,0.0,0.0,2790.0,2790.0,2873.1730549454405,2873.1730549454405,300.0,1020.2871253241456,0.0,1,1,0,0
S2,continuous,A,280,19,2800.0,2800.0,2829.5613910715983,2829.5613910715983,2869.82351376843,0.0,0.0,0.0,0.0,2800.0,2800.0,2859.82351376843,2859.82351376843,300.0,1066.7208943664377,0.0,1,1,0,0
S2,continuous,A,281,8,2810.0,2810.0,2867.2285290053387,2867.2285290053387,2871.746144933095,0.0,0.0,0.0,0.0,2810.0,2810.0,2867.2285290053387,2867.2285290053387,300.0,1354.9924470233934,0.0,0,0,0,0
S2,continuous,A,282,44,2820.0,2820.0,2860.447288100282,2860.447288100282,2878.3718684877026,0.0,0.0,0.0,0.0,2820.0,2820.0,2868.3718684877026,2868.3718684877026,300.0,944.9433821787932,0.0,1,1,0,0
S2,continuous,A,283,2,2830.0,2830.0,2896.9823752693783,2896.9823752693783,2926.839111373872,0.0,0.0,0.0,0.0,2830.0,2830.0,2916.839111373872,2916.839111373872,300.0,1664.739208520304,0.0,2,2,0,0
S2,continuous,A,284,55,2840.0,2840.0,2884.0699339090565,2884.0699339090565,2893.8541437115246,0.0,0.0,0.0,0.0,2840.0,2840.0,2884.0699339090565,2884.0699339090565,300.0,745.702928538268,0.0,0,0,0,0
S2,continuous,A,285,7,2850.0,2850.0,2910.168704896585,2910.168704896585,2946.5127110762255,0.0,0.0,0.0,0.0,2850.0,2850.0,2936.5127110762255,2936.5127110762255,300.0,1177.4495186060178,0.0,0,0,0,0
S2,continuous,A,286,69,2860.0,2860.0,2894.87164866014,2894.87164866014,2899.389264587897,0.0,0.0,0.0,0.0,2860.0,2860.0,2894.87164866014,2894.87164866014,300.0,1744.0050524959402,0.0,1,1,0,0
S2,continuous,A,287,40,2870.0,2870.0,2924.8918105217726,2924.8918105217726,2929.409426449529,0.0,0.0,0.0,0.0,2870.0,2870.0,2924.8918105217726,2924.8918105217726,300.0,1458.2010346917555,0.0,3,3,0,0
S2,continuous,A,288,97,2880.0,2880.0,2933.2987059137786,2933.2987059137786,2943.0829157162466,0.0,0.0,0.0,0.0,2880.0,2880.0,2933.2987059137786,2933.2987059137786,300.0,586.6506045330536,0.0,0,0,0,0
S2,continuous,A,289,54,2890.0,2890.0,2946.473102872927,2946.473102872927,2986.7352255697588,0.0,0.0,0.0,0.0,2890.0,2890.0,2976.7352255697588,2976.7352255697588,300.0,950.666632948105,0.0,2,2,0,0
S2,continuous,A,290,66,2900.0,2900.0,2917.510137531884,2917.510137531884,2953.8541437115246,0.0,0.0,0.0,0.0,2900.0,2900.0,2943.8541437115246,2943.8541437115246,300.0,745.702928538268,0.0,0,0,0,0
S2,continuous,A,291,8,2910.0,2910.0,2971.853224356362,2971.853224356362,3011.8423798714102,0.0,0.0,0.0,0.0,2910.0,2910.0,3001.8423798714102,3001.8423798714102,300.0,2082.2803535882094,0.0,2,2,0,0
S2,continuous,A,292,84,2920.0,2920.0,2966.5453795144845,2966.5453795144845,2984.469959901905,0.0,0.0,0.0,0.0,2920.0,2920.0,2974.469959901905,2974.469959901905,300.0,951.4344884915572,0.0,0,0,0,0
S2,continuous,A,293,53,2930.0,2930.0,2986.61548580198,2986.61548580198,3016.472221906474,0.0,0.0,0.0,0.0,2930.0,2930.0,3006.472221906474,3006.472221906474,300.0,1682.4356862432985,0.0,1,1,0,0
S2,continuous,A,294,99,2940.0,2940.0,2975.2695300955647,2975.2695300955647,3024.1698139668815,0.0,0.0,0.0,0.0,2940.0,2940.0,3014.1698139668815,3014.1698139668815,300.0,1490.4543018366448,0.0,3,3,0,0
S2,continuous,A,295,55,2950.0,2950.0,2997.107954112192,2997.107954112192,3006.0071752738163,0.0,0.0,0.0,0.0,2950.0,2950.0,2997.107954112192,2997.107954112192,300.0,719.0284565262695,0.0,1,1,0,0
S2,continuous,A,296,17,2960.0,2960.0,3017.591147830958,3017.591147830958,3065.4295719924835,0.0,0.0,0.0,0.0,2960.0,2960.0,3055.4295719924835,3055.4295719924835,300.0,1612.6040527768496,0.0,2,2,0,0
S2,continuous,A,297,58,2970.0,2970.0,3000.995249309015,3000.995249309015,3032.2885308106725,0.0,0.0,0.0,0.0,2970.0,2970.0,3022.2885308106725,3022.2885308106725,300.0,1944.2300458976588,0.0,4,4,0,0
S2,continuous,A,298,39,2980.0,2980.0,3031.8989333810096,3031.8989333810096,3049.82351376843,0.0,0.0,0.0,0.0,2980.0,2980.0,3039.82351376843,3039.82351376843,300.0,1066.7208943664375,0.0,1,1,0,0
S2,continuous,A,299,16,2990.0,2990.0,3045.9486776412928,3045.9486776412928,3093.787101802818,0.0,0.0,0.0,0.0,2990.0,2990.0,3083.787101802818,3083.787101802818,300.0,1745.262883828593,0.0,0,0,0,0
S2,continuous,A,300,96,3000.0,3000.0,3033.055331164499,3033.055331164499,3041.954552326123,0.0,0.0,0.0,0.0,3000.0,3000.0,3033.055331164499,3033.055331164499,300.0,1142.8357262171116,0.0,3,3,0,0
S2,continuous,A,301,27,3010.0,3010.0,3035.4673513062758,3035.4673513062758,3084.3676351775925,0.0,0.0,0.0,0.0,3010.0,3010.0,3074.3676351775925,3074.3676351775925,300.0,1393.5395348081422,0.0,3,3,0,0
S2,continuous,A,302,89,3020.0,3020.0,3077.510389113967,3077.510389113967,3113.572676893403,0.0,0.0,0.0,0.0,3020.0,3020.0,3103.572676893403,3103.572676893403,300.0,1548.3394564003322,0.0,4,4,0,0
S2,continuous,A,303,72,3030.0,3030.0,3059.6050547854284,3059.6050547854284,3069.3892645878964,0.0,0.0,0.0,0.0,3030.0,3030.0,3059.6050547854284,3059.6050547854284,300.0,1744.0050524959402,0.0,1,1,0,0
S2,continuous,A,304,28,3040.0,3040.0,3065.4673513062758,3065.4673513062758,3114.3676351775925,0.0,0.0,0.0,0.0,3040.0,3040.0,3104.3676351775925,3104.3676351775925,300.0,1393.5395348081422,0.0,3,3,0,0
S2,continuous,A,305,88,3050.0,3050.0,3099.0006872123467,3099.0006872123467,3146.839111373872,0.0,0.0,0.0,0.0,3050.0,3050.0,3136.839111373872,3136.839111373872,300.0,1664.739208520304,0.0,2,2,0,0
S2,continuous,A,306,96,3060.0,3060.0,3118.77409294623,3118.77409294623,3148.630829050724,0.0,0.0,0.0,0.0,3060.0,3060.0,3138.630829050724,3138.630829050724,300.0,1601.558620176506,0.0,1,1,0,0
S2,continuous,A,307,20,3070.0,3070.0,3117.107954112192,3117.107954112192,3126.0071752738163,0.0,0.0,0.0,0.0,3070.0,3070.0,3117.107954112192,3117.107954112192,300.0,719.0284565262695,0.0,1,1,0,0
S2,continuous,A,308,80,3080.0,3080.0,3140.586756739028,3140.586756739028,3158.5113371264483,0.0,0.0,0.0,0.0,3080.0,3080.0,3148.5113371264483,3148.5113371264483,300.0,1178.7038612448928,0.0,3,3,0,0
S2,continuous,A,309,25,3090.0,3090.0,3143.9870298323485,3143.9870298323485,3175.280311334006,0.0,0.0,0.0,0.0,3090.0,3090.0,3165.280311334006,3165.280311334006,300.0,1272.770830026891,0.0,1,1,0,0
S2,continuous,A,310,90,3100.0,3100.0,3153.777234502835,3153.777234502835,3163.561444305303,0.0,0.0,0.0,0.0,3100.0,3100.0,3153.777234502835,3153.777234502835,300.0,684.0338592406176,0.0,0,0,0,0
S2,continuous,A,311,99,3110.0,3110.0,3136.121234413246,3136.121234413246,3185.0215182845627,0.0,0.0,0.0,0.0,3110.0,3110.0,3175.0215182845627,3175.0215182845627,300.0,1707.3307313613625,0.0,3,3,0,0
S2,continuous,A,312,67,3120.0,3120.0,3170.1282157268333,3170.1282157268333,3206.472221906474,0.0,0.0,0.0,0.0,3120.0,3120.0,3196.472221906474,3196.472221906474,300.0,1682.4356862432985,0.0,1,1,0,0
S2,continuous,A,313,42,3130.0,3130.0,3196.245233579461,3196.245233579461,3214.1698139668815,0.0,0.0,0.0,0.0,3130.0,3130.0,3204.1698139668815,3204.1698139668815,300.0,1490.4543018366448,0.0,3,3,0,0
S2,continuous,A,314,32,3140.0,3140.0,3185.0181886371743,3185.0181886371743,3225.280311334006,0.0,0.0,0.0,0.0,3140.0,3140.0,3215.280311334006,3215.280311334006,300.0,1272.7708300268912,0.0,1,1,0,0
S2,continuous,A,315,73,3150.0,3150.0,3206.61548580198,3206.61548580198,3236.472221906474,0.0,0.0,0.0,0.0,3150.0,3150.0,3226.472221906474,3226.472221906474,300.0,1682.4356862432985,0.0,1,1,0,0
S2,continuous,A,316,35,3160.0,3160.0,3188.675350439743,3188.675350439743,3206.5999308271635,0.0,0.0,0.0,0.0,3160.0,3160.0,3196.5999308271635,3196.5999308271635,300.0,1722.72661570832,0.0,4,4,0,0
S2,continuous,A,317,88,3170.0,3170.0,3220.1282157268333,3220.1282157268333,3256.472221906474,0.0,0.0,0.0,0.0,3170.0,3170.0,3246.472221906474,3246.472221906474,300.0,1682.4356862432985,0.0,1,1,0,0
S2,continuous,A,318,53,3180.0,3180.0,3207.8189499119526,3207.8189499119526,3217.6031597144206,0.0,0.0,0.0,0.0,3180.0,3180.0,3207.8189499119526,3207.8189499119526,300.0,1354.7324048423663,0.0,1,1,0,0
S2,continuous,A,319,64,3190.0,3190.0,3252.1981516026885,3252.1981516026885,3270.122731990109,0.0,0.0,0.0,0.0,3190.0,3190.0,3260.122731990109,3260.122731990109,300.0,1770.168418688365,0.0,4,4,0,0
S2,continuous,A,320,55,3200.0,3200.0,3249.355284701314,3249.355284701314,3259.139494503782,0.0,0.0,0.0,0.0,3200.0,3200.0,3249.355284701314,3249.355284701314,300.0,856.4424627953115,0.0,0,0,0,0
S2,continuous,A,321,22,3210.0,3210.0,3238.675350439743,3238.675350439743,3256.5999308271635,0.0,0.0,0.0,0.0,3210.0,3210.0,3246.5999308271635,3246.5999308271635,300.0,1722.72661570832,0.0,4,4,0,0
S2,continuous,A,322,10,3220.0,3220.0,3254.87164866014,3254.87164866014,3259.389264587897,0.0,0.0,0.0,0.0,3220.0,3220.0,3254.87164866014,3254.87164866014,300.0,1744.0050524959402,0.0,1,1,0,0
S2,continuous,A,323,92,3230.0,3230.0,3273.0416384653254,3273.0416384653254,3302.898374569819,0.0,0.0,0.0,0.0,3230.0,3230.0,3292.898374569819,3292.898374569819,300.0,1088.9738856086278,0.0,0,0,0,0
S2,continuous,A,324,57,3240.0,3240.0,3265.4673513062758,3265.4673513062758,3314.3676351775925,0.0,0.0,0.0,0.0,3240.0,3240.0,3304.3676351775925,3304.3676351775925,300.0,1393.5395348081422,0.0,3,3,0,0
S2,continuous,A,325,17,3250.0,3250.0,3264.18263184493,3264.18263184493,3313.0829157162466,0.0,0.0,0.0,0.0,3250.0,3250.0,3303.0829157162466,3303.0829157162466,300.0,586.6506045330536,0.0,0,0,0,0
S2,continuous,A,326,62,3260.0,3260.0,3305.826774883243,3305.826774883243,3353.6651990447685,0.0,0.0,0.0,0.0,3260.0,3260.0,3343.6651990447685,3343.6651990447685,300.0,1364.5580870883075,0.0,1,1,0,0
S2,continuous,A,327,50,3270.0,3270.0,3316.3749067754693,3316.3749067754693,3356.637029472301,0.0,0.0,0.0,0.0,3270.0,3270.0,3346.637029472301,3346.637029472301,300.0,1451.8056720716518,0.0,3,3,0,0
S2,continuous,A,328,60,3280.0,3280.0,3345.440416477435,3345.440416477435,3385.4295719924835,0.0,0.0,0.0,0.0,3280.0,3280.0,3375.4295719924835,3375.4295719924835,300.0,1612.6040527768496,0.0,2,2,0,0
S2,continuous,A,329,45,3290.0,3290.0,3330.1335764750606,3330.1335764750606,3370.122731990109,0.0,0.0,0.0,0.0,3290.0,3290.0,3360.122731990109,3360.122731990109,300.0,1770.168418688365,0.0,4,4,0,0
S2,continuous,A,330,39,3300.0,3300.0,3306.567747908919,3306.567747908919,3346.5569034239675,0.0,0.0,0.0,0.0,3300.0,3300.0,3336.5569034239675,3336.5569034239675,300.0,359.2093226248886,0.0,0,0,0,0
S2,continuous,A,331,55,3310.0,3310.0,3353.4305033953865,3353.4305033953865,3401.268927556912,0.0,0.0,0.0,0.0,3310.0,3310.0,3391.268927556912,3391.268927556912,300.0,651.728114195449,0.0,0,0,0,0
S2,continuous,A,332,61,3320.0,3320.0,3360.447288100282,3360.447288100282,3378.3718684877026,0.0,0.0,0.0,0.0,3320.0,3320.0,3368.3718684877026,3368.3718684877026,300.0,944.9433821787932,0.0,1,1,0,0
S2,continuous,A,333,71,3330.0,3330.0,3389.784175561526,3389.784175561526,3438.6844594328427,0.0,0.0,0.0,0.0,3330.0,3330.0,3428.6844594328427,3428.6844594328427,300.0,1764.1152000303387,0.0,3,3,0,0
S2,continuous,A,334,76,3340.0,3340.0,3395.8317543806993,3395.8317543806993,3435.8209098957477,0.0,0.0,0.0,0.0,3340.0,3340.0,3425.8209098957477,3425.8209098957477,300.0,1992.3103770196594,0.0,5,5,0,0
S2,continuous,A,335,85,3350.0,3350.0,3414.5276283940902,3414.5276283940902,3445.8209098957477,0.0,0.0,0.0,0.0,3350.0,3350.0,3435.8209098957477,3435.8209098957477,300.0,1992.3103770196592,0.0,5,5,0,0
S2,continuous,A,336,87,3360.0,3360.0,3378.87737180695,3378.87737180695,3419.139494503782,0.0,0.0,0.0,0.0,3360.0,3360.0,3409.139494503782,3409.139494503782,300.0,856.4424627953115,0.0,0,0,0,0
S2,continuous,A,337,14,3370.0,3370.0,3398.445378193552,3398.445378193552,3434.7893843731927,0.0,0.0,0.0,0.0,3370.0,3370.0,3424.7893843731927,3424.7893843731927,300.0,1529.2932721681955,0.0,4,4,0,0
S2,continuous,A,338,43,3380.0,3380.0,3440.168704896585,3440.168704896585,3476.5127110762255,0.0,0.0,0.0,0.0,3380.0,3380.0,3466.5127110762255,3466.5127110762255,300.0,1177.4495186060178,0.0,0,0,0,0
S2,continuous,A,339,60,3390.0,3390.0,3440.1282157268333,3440.1282157268333,3476.472221906474,0.0,0.0,0.0,0.0,3390.0,3390.0,3466.472221906474,3466.472221906474,300.0,1682.4356862432985,0.0,1,1,0,0
S2,continuous,A,340,39,3400.0,3400.0,3443.4305033953865,3443.4305033953865,3491.268927556912,0.0,0.0,0.0,0.0,3400.0,3400.0,3481.268927556912,3481.268927556912,300.0,651.728114195449,0.0,0,0,0,0
S2,continuous,A,341,73,3410.0,3410.0,3457.6124272049087,3457.6124272049087,3506.5127110762255,0.0,0.0,0.0,0.0,3410.0,3410.0,3496.5127110762255,3496.5127110762255,300.0,1177.4495186060178,0.0,0,0,0,0
S2,continuous,A,342,1,3420.0,3420.0,3474.8918105217726,3474.8918105217726,3479.409426449529,0.0,0.0,0.0,0.0,3420.0,3420.0,3474.8918105217726,3474.8918105217726,300.0,1458.2010346917555,0.0,3,3,0,0
S2,continuous,A,343,47,3430.0,3430.0,3495.4983736917698,3495.4983736917698,3531.8423798714102,0.0,0.0,0.0,0.0,3430.0,3430.0,3521.8423798714102,3521.8423798714102,300.0,2082.2803535882094,0.0,2,2,0,0
S2,continuous,A,344,75,3440.0,3440.0,3472.0711177416733,3472.0711177416733,3508.415123921314,0.0,0.0,0.0,0.0,3440.0,3440.0,3498.415123921314,3498.415123921314,300.0,2041.2082314648,0.0,2,2,0,0
S2,continuous,A,345,80,3450.0,3450.0,3510.8239176573948,3510.8239176573948,3519.723138819019,0.0,0.0,0.0,0.0,3450.0,3450.0,3510.8239176573948,3510.8239176573948,300.0,1149.3877930070287,0.0,2,2,0,0
S2,continuous,A,346,30,3460.0,3460.0,3510.9922559160054,3510.9922559160054,3547.336262095646,0.0,0.0,0.0,0.0,3460.0,3460.0,3537.336262095646,3537.336262095646,300.0,1098.372858993938,0.0,1,1,0,0
S2,continuous,A,347,61,3470.0,3470.0,3476.567747908919,3476.567747908919,3516.5569034239675,0.0,0.0,0.0,0.0,3470.0,3470.0,3506.5569034239675,3506.5569034239675,300.0,359.2093226248886,0.0,0,0,0,0
S2,continuous,A,348,49,3480.0,3480.0,3514.9066351033257,3514.9066351033257,3550.9689228827615,0.0,0.0,0.0,0.0,3480.0,3480.0,3540.9689228827615,3540.9689228827615,300.0,1904.0608413000243,0.0,3,3,0,0
S2,continuous,A,349,51,3490.0,3490.0,3522.028382878642,3522.028382878642,3558.0906706580777,0.0,0.0,0.0,0.0,3490.0,3490.0,3548.0906706580777,3548.0906706580777,300.0,474.37157102952705,0.0,0,0,0,0
S2,continuous,A,350,3,3500.0,3500.0,3529.5613910715983,3529.5613910715983,3569.82351376843,0.0,0.0,0.0,0.0,3500.0,3500.0,3559.82351376843,3559.82351376843,300.0,1066.7208943664377,0.0,1,1,0,0
S2,continuous,A,351,27,3510.0,3510.0,3530.276795697982,3530.276795697982,3561.5700771996394,0.0,0.0,0.0,0.0,3510.0,3510.0,3551.5700771996394,3551.5700771996394,300.0,402.9036634828245,0.0,0,0,0,0
S2,continuous,A,352,33,3520.0,3520.0,3587.418501908421,3587.418501908421,3591.936117836178,0.0,0.0,0.0,0.0,3520.0,3520.0,3587.418501908421,3587.418501908421,300.0,1567.1187169061131,0.0,2,2,0,0
S2,continuous,A,353,70,3530.0,3530.0,3597.418501908421,3597.418501908421,3601.936117836178,0.0,0.0,0.0,0.0,3530.0,3530.0,3597.418501908421,3597.418501908421,300.0,1567.1187169061131,0.0,2,2,0,0
S2,continuous,A,354,34,3540.0,3540.0,3600.168704896585,3600.168704896585,3636.5127110762255,0.0,0.0,0.0,0.0,3540.0,3540.0,3626.5127110762255,3626.5127110762255,300.0,1177.4495186060178,0.0,0,0,0,0
S2,continuous,A,355,71,3550.0,3550.0,3574.0299719387026,3574.0299719387026,3591.954552326123,0.0,0.0,0.0,0.0,3550.0,3550.0,3581.954552326123,3581.954552326123,300.0,1142.8357262171116,0.0,3,3,0,0
S2,continuous,A,356,41,3560.0,3560.0,3623.1630106562425,3623.1630106562425,3632.9472204587105,0.0,0.0,0.0,0.0,3560.0,3560.0,3623.1630106562425,3623.1630106562425,300.0,1793.7905026671829,0.0,1,1,0,0
S2,continuous,A,357,29,3570.0,3570.0,3598.5151323832088,3598.5151323832088,3628.3718684877026,0.0,0.0,0.0,0.0,3570.0,3570.0,3618.3718684877026,3618.3718684877026,300.0,944.9433821787932,0.0,1,1,0,0
S2,continuous,A,358,14,3580.0,3580.0,3618.233934553584,3618.233934553584,3648.0906706580777,0.0,0.0,0.0,0.0,3580.0,3580.0,3638.0906706580777,3638.0906706580777,300.0,474.3715710295271,0.0,0,0,0,0
S2,continuous,A,359,72,3590.0,3590.0,3636.5453795144845,3636.5453795144845,3654.469959901905,0.0,0.0,0.0,0.0,3590.0,3590.0,3644.469959901905,3644.469959901905,300.0,951.4344884915572,0.0,0,0,0,0
S2,continuous,A,360,59,3600.0,3600.0,3648.7404493460017,3648.7404493460017,3657.639670507626,0.0,0.0,0.0,0.0,3600.0,3600.0,3648.7404493460017,3648.7404493460017,300.0,1364.1070362726916,0.0,2,2,0,0
S2,continuous,A,361,81,3610.0,3610.0,3678.6953039177943,3678.6953039177943,3718.6844594328427,0.0,0.0,0.0,0.0,3610.0,3610.0,3708.6844594328427,3708.6844594328427,300.0,1764.1152000303387,0.0,3,3,0,0
S2,continuous,A,362,24,3620.0,3620.0,3673.2987059137786,3673.2987059137786,3683.0829157162466,0.0,0.0,0.0,0.0,3620.0,3620.0,3673.2987059137786,3673.2987059137786,300.0,586.6506045330536,0.0,0,0,0,0
S2,continuous,A,363,94,3630.0,3630.0,3686.473102872927,3686.473102872927,3726.7352255697588,0.0,0.0,0.0,0.0,3630.0,3630.0,3716.7352255697588,3716.7352255697588,300.0,950.666632948105,0.0,2,2,0,0
S2,continuous,A,364,19,3640.0,3640.0,3693.1374778041977,3693.1374778041977,3733.3996005010295,0.0,0.0,0.0,0.0,3640.0,3640.0,3723.3996005010295,3723.3996005010295,300.0,1519.9680540321415,0.0,0,0,0,0
S2,continuous,A,365,64,3650.0,3650.0,3701.8989333810096,3701.8989333810096,3719.82351376843,0.0,0.0,0.0,0.0,3650.0,3650.0,3709.82351376843,3709.82351376843,300.0,1066.7208943664375,0.0,1,1,0,0
S2,continuous,A,366,75,3660.0,3660.0,3703.0416384653254,3703.0416384653254,3732.898374569819,0.0,0.0,0.0,0.0,3660.0,3660.0,3722.898374569819,3722.898374569819,300.0,1088.9738856086278,0.0,0,0,0,0
S2,continuous,A,367,97,3670.0,3670.0,3742.866903327988,3742.866903327988,3772.723639432482,0.0,0.0,0.0,0.0,3670.0,3670.0,3762.723639432482,3762.723639432482,300.0,1991.5597303238085,0.0,4,4,0,0
S2,continuous,A,368,52,3680.0,3680.0,3736.8290487658,3736.8290487658,3773.1730549454405,0.0,0.0,0.0,0.0,3680.0,3680.0,3763.1730549454405,3763.1730549454405,300.0,1020.2871253241456,0.0,1,1,0,0
S2,continuous,A,369,23,3690.0,3690.0,3747.3373127215937,3747.3373127215937,3783.3996005010295,0.0,0.0,0.0,0.0,3690.0,3690.0,3773.3996005010295,3773.3996005010295,300.0,1519.9680540321415,0.0,0,0,0,0
S2,continuous,A,370,13,3700.0,3700.0,3756.473102872927,3756.473102872927,3796.7352255697588,0.0,0.0,0.0,0.0,3700.0,3700.0,3786.7352255697588,3786.7352255697588,300.0,950.666632948105,0.0,2,2,0,0
S2,continuous,A,371,56,3710.0,3710.0,3733.347138670093,3733.347138670093,3769.409426449529,0.0,0.0,0.0,0.0,3710.0,3710.0,3759.409426449529,3759.409426449529,300.0,1458.2010346917555,0.0,3,3,0,0
S2,continuous,A,372,27,3720.0,3720.0,3786.245233579461,3786.245233579461,3804.1698139668815,0.0,0.0,0.0,0.0,3720.0,3720.0,3794.1698139668815,3794.1698139668815,300.0,1490.4543018366448,0.0,3,3,0,0
S2,continuous,A,373,58,3730.0,3730.0,3787.591147830958,3787.591147830958,3835.4295719924835,0.0,0.0,0.0,0.0,3730.0,3730.0,3825.4295719924835,3825.4295719924835,300.0,1612.6040527768496,0.0,2,2,0,0
S2,continuous,A,374,5,3740.0,3740.0,3802.1981516026885,3802.1981516026885,3820.122731990109,0.0,0.0,0.0,0.0,3740.0,3740.0,3810.122731990109,3810.122731990109,300.0,1770.168418688365,0.0,4,4,0,0
S2,continuous,A,375,17,3750.0,3750.0,3796.8774124712418,3796.8774124712418,3828.1706939728992,0.0,0.0,0.0,0.0,3750.0,3750.0,3818.1706939728992,3818.1706939728992,300.0,1040.413524513233,0.0,1,1,0,0
S2,continuous,A,376,67,3760.0,3760.0,3783.347138670093,3783.347138670093,3819.409426449529,0.0,0.0,0.0,0.0,3760.0,3760.0,3809.409426449529,3809.409426449529,300.0,1458.2010346917555,0.0,3,3,0,0
S2,continuous,A,377,21,3770.0,3770.0,3793.347138670093,3793.347138670093,3829.409426449529,0.0,0.0,0.0,0.0,3770.0,3770.0,3819.409426449529,3819.409426449529,300.0,1458.2010346917555,0.0,3,3,0,0
S2,continuous,A,378,76,3780.0,3780.0,3848.6953039177943,3848.6953039177943,3888.6844594328427,0.0,0.0,0.0,0.0,3780.0,3780.0,3878.6844594328427,3878.6844594328427,300.0,1764.1152000303387,0.0,3,3,0,0
S2,continuous,A,379,7,3790.0,3790.0,3835.826774883243,3835.826774883243,3883.6651990447685,0.0,0.0,0.0,0.0,3790.0,3790.0,3873.6651990447685,3873.6651990447685,300.0,1364.5580870883075,0.0,1,1,0,0
S2,continuous,A,380,94,3800.0,3800.0,3835.2695300955647,3835.2695300955647,3884.1698139668815,0.0,0.0,0.0,0.0,3800.0,3800.0,3874.1698139668815,3874.1698139668815,300.0,1490.4543018366448,0.0,3,3,0,0
S2,continuous,A,381,45,3810.0,3810.0,3867.2285290053387,3867.2285290053387,3871.746144933095,0.0,0.0,0.0,0.0,3810.0,3810.0,3867.2285290053387,3867.2285290053387,300.0,1354.9924470233934,0.0,0,0,0,0
S2,continuous,A,382,47,3820.0,3820.0,3870.9922559160054,3870.9922559160054,3907.336262095646,0.0,0.0,0.0,0.0,3820.0,3820.0,3897.336262095646,3897.336262095646,300.0,1098.372858993938,0.0,1,1,0,0
S2,continuous,A,383,97,3830.0,3830.0,3884.9328138416663,3884.9328138416663,3925.194936538498,0.0,0.0,0.0,0.0,3830.0,3830.0,3915.194936538498,3915.194936538498,300.0,1397.5002795006083,0.0,0,0,0,0
S2,continuous,A,384,32,3840.0,3840.0,3858.87737180695,3858.87737180695,3899.139494503782,0.0,0.0,0.0,0.0,3840.0,3840.0,3889.139494503782,3889.139494503782,300.0,856.4424627953115,0.0,0,0,0,0
S2,continuous,A,385,52,3850.0,3850.0,3868.772368121642,3868.772368121642,3909.034490818474,0.0,0.0,0.0,0.0,3850.0,3850.0,3899.034490818474,3899.034490818474,300.0,904.016516626797,0.0,2,2,0,0
S2,continuous,A,386,83,3860.0,3860.0,3894.87164866014,3894.87164866014,3899.389264587897,0.0,0.0,0.0,0.0,3860.0,3860.0,3894.87164866014,3894.87164866014,300.0,1744.0050524959402,0.0,1,1,0,0
S2,continuous,A,387,13,3870.0,3870.0,3890.7040063846603,3890.7040063846603,3926.766294164096,0.0,0.0,0.0,0.0,3870.0,3870.0,3916.766294164096,3916.766294164096,300.0,1011.7932262410509,0.0,1,1,0,0
S2,continuous,A,388,44,3880.0,3880.0,3937.510389113967,3937.510389113967,3973.572676893403,0.0,0.0,0.0,0.0,3880.0,3880.0,3963.572676893403,3963.572676893403,300.0,1548.3394564003322,0.0,4,4,0,0
S2,continuous,A,389,40,3890.0,3890.0,3957.418501908421,3957.418501908421,3961.936117836178,0.0,0.0,0.0,0.0,3890.0,3890.0,3957.418501908421,3957.418501908421,300.0,1567.1187169061131,0.0,2,2,0,0
S2,continuous,A,390,49,3900.0,3900.0,3938.233934553584,3938.233934553584,3968.0906706580777,0.0,0.0,0.0,0.0,3900.0,3900.0,3958.0906706580777,3958.0906706580777,300.0,474.3715710295271,0.0,0,0,0,0
S2,continuous,A,391,31,3910.0,3910.0,3977.7248140233824,3977.7248140233824,4013.787101802818,0.0,0.0,0.0,0.0,3910.0,3910.0,4003.787101802818,4003.787101802818,300.0,1745.262883828593,0.0,0,0,0,0
S2,continuous,A,392,51,3920.0,3920.0,3954.87164866014,3954.87164866014,3959.389264587897,0.0,0.0,0.0,0.0,3920.0,3920.0,3954.87164866014,3954.87164866014,300.0,1744.0050524959402,0.0,1,1,0,0
S2,continuous,A,393,17,3930.0,3930.0,3998.6953039177943,3998.6953039177943,4038.6844594328427,0.0,0.0,0.0,0.0,3930.0,3930.0,4028.6844594328427,4028.6844594328427,300.0,1764.1152000303387,0.0,3,3,0,0
S2,continuous,A,394,22,3940.0,3940.0,3986.3749067754693,3986.3749067754693,4026.637029472301,0.0,0.0,0.0,0.0,3940.0,3940.0,4016.637029472301,4016.637029472301,300.0,1451.8056720716518,0.0,3,3,0,0
S2,continuous,A,395,94,3950.0,3950.0,3974.7490169080324,3974.7490169080324,4004.6057530125263,0.0,0.0,0.0,0.0,3950.0,3950.0,3994.6057530125263,3994.6057530125263,300.0,1520.6318255130027,0.0,2,2,0,0
S2,continuous,A,396,2,3960.0,3960.0,3974.18263184493,3974.18263184493,4023.0829157162466,0.0,0.0,0.0,0.0,3960.0,3960.0,4013.0829157162466,4013.0829157162466,300.0,586.6506045330536,0.0,0,0,0,0
S2,continuous,A,397,80,3970.0,3970.0,4000.672912964923,4000.672912964923,4048.5113371264483,0.0,0.0,0.0,0.0,3970.0,3970.0,4038.5113371264483,4038.5113371264483,300.0,1178.7038612448928,0.0,3,3,0,0
S2,continuous,A,398,25,3980.0,3980.0,3994.18263184493,3994.18263184493,4043.0829157162466,0.0,0.0,0.0,0.0,3980.0,3980.0,4033.0829157162466,4033.0829157162466,300.0,586.6506045330536,0.0,0,0,0,0
S2,continuous,A,399,41,3990.0,3990.0,4046.61548580198,4046.61548580198,4076.472221906474,0.0,0.0,0.0,0.0,3990.0,3990.0,4066.472221906474,4066.472221906474,300.0,1682.4356862432985,0.0,1,1,0,0
S2,continuous,A,400,81,4000.0,4000.0,4042.0392874962113,4042.0392874962113,4046.556903423968,0.0,0.0,0.0,0.0,4000.0,4000.0,4042.0392874962113,4042.0392874962113,300.0,359.2093226248886,0.0,0,0,0,0
S2,continuous,A,401,67,4010.0,4010.0,4059.0006872123467,4059.0006872123467,4106.839111373873,0.0,0.0,0.0,0.0,4010.0,4010.0,4096.839111373873,4096.839111373873,300.0,1664.739208520304,0.0,2,2,0,0
S2,continuous,A,402,35,4020.0,4020.0,4093.525139472175,4093.525139472175,4129.58742725161,0.0,0.0,0.0,0.0,4020.0,4020.0,4119.58742725161,4119.58742725161,300.0,2066.4698983109793,0.0,1,1,0,0
S2,continuous,A,403,8,4030.0,4030.0,4087.2285290053387,4087.2285290053387,4091.746144933095,0.0,0.0,0.0,0.0,4030.0,4030.0,4087.2285290053387,4087.2285290053387,300.0,1354.9924470233934,0.0,0,0,0,0
S2,continuous,A,404,99,4040.0,4040.0,4105.440416477435,4105.440416477435,4145.429571992484,0.0,0.0,0.0,0.0,4040.0,4040.0,4135.429571992484,4135.429571992484,300.0,1612.6040527768496,0.0,2,2,0,0
S2,continuous,A,405,74,4050.0,4050.0,4114.52762839409,4114.52762839409,4145.820909895748,0.0,0.0,0.0,0.0,4050.0,4050.0,4135.820909895748,4135.820909895748,300.0,1992.3103770196592,0.0,5,5,0,0
S2,continuous,A,406,26,4060.0,4060.0,4116.780293367808,4116.780293367808,4146.637029472302,0.0,0.0,0.0,0.0,4060.0,4060.0,4136.637029472302,4136.637029472302,300.0,1451.8056720716518,0.0,3,3,0,0
S2,continuous,A,407,32,4070.0,4070.0,4086.018019758768,4086.018019758768,4126.007175273817,0.0,0.0,0.0,0.0,4070.0,4070.0,4116.007175273817,4116.007175273817,300.0,719.0284565262696,0.0,1,1,0,0
S2,continuous,A,408,54,4080.0,4080.0,4130.128215726833,4130.128215726833,4166.472221906474,0.0,0.0,0.0,0.0,4080.0,4080.0,4156.472221906474,4156.472221906474,300.0,1682.4356862432985,0.0,1,1,0,0
S2,continuous,A,409,4,4090.0,4090.0,4135.826774883243,4135.826774883243,4183.665199044769,0.0,0.0,0.0,0.0,4090.0,4090.0,4173.665199044769,4173.665199044769,300.0,1364.5580870883075,0.0,1,1,0,0
S2,continuous,A,410,50,4100.0,4100.0,4157.876191357679,4157.876191357679,4194.22019753732,0.0,0.0,0.0,0.0,4100.0,4100.0,4184.22019753732,4184.22019753732,300.0,1816.291708344928,0.0,2,2,0,0
S2,continuous,A,411,89,4110.0,4110.0,4138.51513238321,4138.51513238321,4168.371868487704,0.0,0.0,0.0,0.0,4110.0,4110.0,4158.371868487704,4158.371868487704,300.0,944.9433821787932,0.0,1,1,0,0
S2,continuous,A,412,90,4120.0,4120.0,4174.891810521773,4174.891810521773,4179.409426449529,0.0,0.0,0.0,0.0,4120.0,4120.0,4174.891810521773,4174.891810521773,300.0,1458.2010346917555,0.0,3,3,0,0
S2,continuous,A,413,78,4130.0,4130.0,4190.823917657395,4190.823917657395,4199.723138819019,0.0,0.0,0.0,0.0,4130.0,4130.0,4190.823917657395,4190.823917657395,300.0,1149.3877930070287,0.0,2,2,0,0
S2,continuous,A,414,71,4140.0,4140.0,4154.182631844929,4154.182631844929,4203.082915716246,0.0,0.0,0.0,0.0,4140.0,4140.0,4193.082915716246,4193.082915716246,300.0,586.6506045330536,0.0,0,0,0,0
S2,continuous,A,415,61,4150.0,4150.0,4171.469590461136,4171.469590461136,4201.326326565631,0.0,0.0,0.0,0.0,4150.0,4150.0,4191.326326565631,4191.326326565631,300.0,1031.804406298035,0.0,3,3,0,0
S2,continuous,A,416,83,4160.0,4160.0,4202.039287496212,4202.039287496212,4206.556903423968,0.0,0.0,0.0,0.0,4160.0,4160.0,4202.039287496212,4202.039287496212,300.0,359.2093226248886,0.0,0,0,0,0
S2,continuous,A,417,74,4170.0,4170.0,4198.51513238321,4198.51513238321,4228.371868487704,0.0,0.0,0.0,0.0,4170.0,4170.0,4218.371868487704,4218.371868487704,300.0,944.9433821787932,0.0,1,1,0,0
S2,continuous,A,418,28,4180.0,4180.0,4213.777064362581,4213.777064362581,4223.561274165048,0.0,0.0,0.0,0.0,4180.0,4180.0,4213.777064362581,4213.777064362581,300.0,1195.3762159601097,0.0,2,2,0,0
S2,continuous,A,419,43,4190.0,4190.0,4248.157909757884,4248.157909757884,4284.22019753732,0.0,0.0,0.0,0.0,4190.0,4190.0,4274.22019753732,4274.22019753732,300.0,1816.291708344928,0.0,2,2,0,0
S2,continuous,A,420,31,4200.0,4200.0,4254.932813841667,4254.932813841667,4295.194936538499,0.0,0.0,0.0,0.0,4200.0,4200.0,4285.194936538499,4285.194936538499,300.0,1397.5002795006083,0.0,0,0,0,0
S2,continuous,A,421,54,4210.0,4210.0,4277.838984074873,4277.838984074873,4309.132265576531,0.0,0.0,0.0,0.0,4210.0,4210.0,4299.132265576531,4299.132265576531,300.0,1663.547840435321,0.0,1,1,0,0
S2,continuous,A,422,60,4220.0,4220.0,4226.567747908919,4226.567747908919,4266.556903423968,0.0,0.0,0.0,0.0,4220.0,4220.0,4256.556903423968,4256.556903423968,300.0,359.2093226248886,0.0,0,0,0,0
S2,continuous,A,423,53,4230.0,4230.0,4291.853224356362,4291.853224356362,4331.842379871411,0.0,0.0,0.0,0.0,4230.0,4230.0,4321.842379871411,4321.842379871411,300.0,2082.2803535882094,0.0,2,2,0,0
S2,continuous,A,424,3,4240.0,4240.0,4257.510137531884,4257.510137531884,4293.854143711525,0.0,0.0,0.0,0.0,4240.0,4240.0,4283.854143711525,4283.854143711525,300.0,745.702928538268,0.0,0,0,0,0
S2,continuous,A,425,11,4250.0,4250.0,4276.346389005968,4276.346389005968,4307.639670507626,0.0,0.0,0.0,0.0,4250.0,4250.0,4297.639670507626,4297.639670507626,300.0,1364.1070362726916,0.0,2,2,0,0
S2,continuous,A,426,55,4260.0,4260.0,4316.780293367808,4316.780293367808,4346.637029472302,0.0,0.0,0.0,0.0,4260.0,4260.0,4336.637029472302,4336.637029472302,300.0,1451.8056720716518,0.0,3,3,0,0
S2,continuous,A,427,88,4270.0,4270.0,4303.055331164499,4303.055331164499,4311.954552326123,0.0,0.0,0.0,0.0,4270.0,4270.0,4303.055331164499,4303.055331164499,300.0,1142.8357262171116,0.0,3,3,0,0
S2,continuous,A,428,57,4280.0,4280.0,4333.961712202253,4333.961712202253,4343.74592200472,0.0,0.0,0.0,0.0,4280.0,4280.0,4333.961712202253,4333.961712202253,300.0,1805.2031360520243,0.0,4,4,0,0
S2,continuous,A,429,83,4290.0,4290.0,4318.703938552796,4318.703938552796,4327.60315971442,0.0,0.0,0.0,0.0,4290.0,4290.0,4318.703938552796,4318.703938552796,300.0,1354.7324048423663,0.0,1,1,0,0
S2,continuous,A,430,56,4300.0,4300.0,4353.823355561166,4353.823355561166,4402.723639432483,0.0,0.0,0.0,0.0,4300.0,4300.0,4392.723639432483,4392.723639432483,300.0,1991.5597303238085,0.0,4,4,0,0
S2,continuous,A,431,13,4310.0,4310.0,4327.930117874518,4327.930117874518,4332.447733802274,0.0,0.0,0.0,0.0,4310.0,4310.0,4327.930117874518,4327.930117874518,300.0,669.1439663065105,0.0,2,2,0,0
S2,continuous,A,432,92,4320.0,4320.0,4387.838984074873,4387.838984074873,4419.132265576531,0.0,0.0,0.0,0.0,4320.0,4320.0,4409.132265576531,4409.132265576531,300.0,1663.547840435321,0.0,1,1,0,0
S2,continuous,A,433,10,4330.0,4330.0,4351.469590461136,4351.469590461136,4381.326326565631,0.0,0.0,0.0,0.0,4330.0,4330.0,4371.326326565631,4371.326326565631,300.0,1031.804406298035,0.0,3,3,0,0
S2,continuous,A,434,50,4340.0,4340.0,4398.774092946231,4398.774092946231,4428.630829050725,0.0,0.0,0.0,0.0,4340.0,4340.0,4418.630829050725,4418.630829050725,300.0,1601.558620176506,0.0,1,1,0,0
S2,continuous,A,435,96,4350.0,4350.0,4371.469590461136,4371.469590461136,4401.326326565631,0.0,0.0,0.0,0.0,4350.0,4350.0,4391.326326565631,4391.326326565631,300.0,1031.804406298035,0.0,3,3,0,0
S2,continuous,A,436,34,4360.0,4360.0,4388.703938552796,4388.703938552796,4397.60315971442,0.0,0.0,0.0,0.0,4360.0,4360.0,4388.703938552796,4388.703938552796,300.0,1354.7324048423663,0.0,1,1,0,0
S2,continuous,A,437,18,4370.0,4370.0,4404.87164866014,4404.87164866014,4409.389264587896,0.0,0.0,0.0,0.0,4370.0,4370.0,4404.87164866014,4404.87164866014,300.0,1744.0050524959402,0.0,1,1,0,0
S2,continuous,A,438,47,4380.0,4380.0,4425.018188637174,4425.018188637174,4465.280311334006,0.0,0.0,0.0,0.0,4380.0,4380.0,4455.280311334006,4455.280311334006,300.0,1272.7708300268912,0.0,1,1,0,0
S2,continuous,A,439,17,4390.0,4390.0,4425.269530095566,4425.269530095566,4474.169813966882,0.0,0.0,0.0,0.0,4390.0,4390.0,4464.169813966882,4464.169813966882,300.0,1490.4543018366448,0.0,3,3,0,0
S2,continuous,A,440,44,4400.0,4400.0,4424.097693674652,4424.097693674652,4471.936117836178,0.0,0.0,0.0,0.0,4400.0,4400.0,4461.936117836178,4461.936117836178,300.0,1567.1187169061131,0.0,2,2,0,0
S2,continuous,A,441,8,4410.0,4410.0,4463.7685716206515,4463.7685716206515,4511.606995782177,0.0,0.0,0.0,0.0,4410.0,4410.0,4501.606995782177,4501.606995782177,300.0,808.2460567865478,0.0,1,1,0,0
S2,continuous,A,442,19,4420.0,4420.0,4444.029971938702,4444.029971938702,4461.954552326123,0.0,0.0,0.0,0.0,4420.0,4420.0,4451.954552326123,4451.954552326123,300.0,1142.8357262171116,0.0,3,3,0,0
S2,continuous,A,443,90,4430.0,4430.0,4458.703938552796,4458.703938552796,4467.60315971442,0.0,0.0,0.0,0.0,4430.0,4430.0,4458.703938552796,4458.703938552796,300.0,1354.7324048423663,0.0,1,1,0,0
S2,continuous,A,444,16,4440.0,4440.0,4466.346389005968,4466.346389005968,4497.639670507626,0.0,0.0,0.0,0.0,4440.0,4440.0,4487.639670507626,4487.639670507626,300.0,1364.1070362726916,0.0,2,2,0,0
S2,continuous,A,445,72,4450.0,4450.0,4502.706711910861,4502.706711910861,4551.606995782177,0.0,0.0,0.0,0.0,4450.0,4450.0,4541.606995782177,4541.606995782177,300.0,808.2460567865478,0.0,1,1,0,0
S2,continuous,A,446,93,4460.0,4460.0,4466.567747908919,4466.567747908919,4506.556903423968,0.0,0.0,0.0,0.0,4460.0,4460.0,4496.556903423968,4496.556903423968,300.0,359.2093226248886,0.0,0,0,0,0
S2,continuous,A,447,29,4470.0,4470.0,4530.168704896585,4530.168704896585,4566.512711076226,0.0,0.0,0.0,0.0,4470.0,4470.0,4556.512711076226,4556.512711076226,300.0,1177.4495186060178,0.0,0,0,0,0
S2,continuous,A,448,50,4480.0,4480.0,4528.740449346002,4528.740449346002,4537.639670507626,0.0,0.0,0.0,0.0,4480.0,4480.0,4528.740449346002,4528.740449346002,300.0,1364.1070362726916,0.0,2,2,0,0
S2,continuous,A,449,1,4490.0,4490.0,4516.121234413246,4516.121234413246,4565.021518284563,0.0,0.0,0.0,0.0,4490.0,4490.0,4555.021518284563,4555.021518284563,300.0,1707.3307313613625,0.0,3,3,0,0
S2,continuous,A,450,74,4500.0,4500.0,4563.1630106562425,4563.1630106562425,4572.94722045871,0.0,0.0,0.0,0.0,4500.0,4500.0,4563.1630106562425,4563.1630106562425,300.0,1793.7905026671829,0.0,1,1,0,0
S2,continuous,A,451,94,4510.0,4510.0,4574.527628394091,4574.527628394091,4605.820909895749,0.0,0.0,0.0,0.0,4510.0,4510.0,4595.820909895749,4595.820909895749,300.0,1992.3103770196592,0.0,5,5,0,0
S2,continuous,A,452,47,4520.0,4520.0,4569.82646681889,4569.82646681889,4601.119748320548,0.0,0.0,0.0,0.0,4520.0,4520.0,4591.119748320548,4591.119748320548,300.0,1254.3897823691184,0.0,2,2,0,0
S2,continuous,A,453,22,4530.0,4530.0,4577.612427204909,4577.612427204909,4626.512711076226,0.0,0.0,0.0,0.0,4530.0,4530.0,4616.512711076226,4616.512711076226,300.0,1177.4495186060178,0.0,0,0,0,0
S2,continuous,A,454,45,4540.0,4540.0,4582.039287496212,4582.039287496212,4586.556903423968,0.0,0.0,0.0,0.0,4540.0,4540.0,4582.039287496212,4582.039287496212,300.0,359.2093226248886,0.0,0,0,0,0
S2,continuous,A,455,8,4550.0,4550.0,4592.082314899408,4592.082314899408,4596.599930827164,0.0,0.0,0.0,0.0,4550.0,4550.0,4592.082314899408,4592.082314899408,300.0,1722.72661570832,0.0,4,4,0,0
S2,continuous,A,456,42,4560.0,4560.0,4598.233934553584,4598.233934553584,4628.090670658078,0.0,0.0,0.0,0.0,4560.0,4560.0,4618.090670658078,4618.090670658078,300.0,474.3715710295271,0.0,0,0,0,0
S2,continuous,A,457,35,4570.0,4570.0,4598.675350439743,4598.675350439743,4616.599930827164,0.0,0.0,0.0,0.0,4570.0,4570.0,4606.599930827164,4606.599930827164,300.0,1722.72661570832,0.0,4,4,0,0
S2,continuous,A,458,54,4580.0,4580.0,4620.447288100283,4620.447288100283,4638.371868487704,0.0,0.0,0.0,0.0,4580.0,4580.0,4628.371868487704,4628.371868487704,300.0,944.9433821787932,0.0,1,1,0,0
S2,continuous,A,459,61,4590.0,4590.0,4648.157909757884,4648.157909757884,4684.22019753732,0.0,0.0,0.0,0.0,4590.0,4590.0,4674.22019753732,4674.22019753732,300.0,1816.291708344928,0.0,2,2,0,0
S2,continuous,A,460,49,4600.0,4600.0,4661.853224356362,4661.853224356362,4701.842379871411,0.0,0.0,0.0,0.0,4600.0,4600.0,4691.842379871411,4691.842379871411,300.0,2082.2803535882094,0.0,2,2,0,0
S2,continuous,A,461,37,4610.0,4610.0,4643.777064362581,4643.777064362581,4653.561274165048,0.0,0.0,0.0,0.0,4610.0,4610.0,4643.777064362581,4643.777064362581,300.0,1195.3762159601097,0.0,2,2,0,0
S2,continuous,A,462,91,4620.0,4620.0,4652.071117741673,4652.071117741673,4688.415123921314,0.0,0.0,0.0,0.0,4620.0,4620.0,4678.415123921314,4678.415123921314,300.0,2041.2082314648,0.0,2,2,0,0
S2,continuous,A,463,84,4630.0,4630.0,4693.897507993558,4693.897507993558,4698.415123921314,0.0,0.0,0.0,0.0,4630.0,4630.0,4693.897507993558,4693.897507993558,300.0,2041.2082314648,0.0,2,2,0,0
S2,continuous,A,464,79,4640.0,4640.0,4688.2923380682205,4688.2923380682205,4698.076547870688,0.0,0.0,0.0,0.0,4640.0,4640.0,4688.2923380682205,4688.2923380682205,300.0,1338.657894291522,0.0,1,1,0,0
S2,continuous,A,465,93,4650.0,4650.0,4691.826687793258,4691.826687793258,4728.170693972899,0.0,0.0,0.0,0.0,4650.0,4650.0,4718.170693972899,4718.170693972899,300.0,1040.413524513233,0.0,1,1,0,0
S2,continuous,A,466,20,4660.0,4660.0,4686.121234413246,4686.121234413246,4735.021518284563,0.0,0.0,0.0,0.0,4660.0,4660.0,4725.021518284563,4725.021518284563,300.0,1707.3307313613625,0.0,3,3,0,0
S2,continuous,A,467,0,4670.0,4670.0,4737.418501908422,4737.418501908422,4741.936117836178,0.0,0.0,0.0,0.0,4670.0,4670.0,4737.418501908422,4737.418501908422,300.0,1567.1187169061131,0.0,2,2,0,0
S2,continuous,A,468,28,4680.0,4680.0,4708.445378193553,4708.445378193553,4744.789384373194,0.0,0.0,0.0,0.0,4680.0,4680.0,4734.789384373194,4734.789384373194,300.0,1529.2932721681955,0.0,4,4,0,0
S2,continuous,A,469,33,4690.0,4690.0,4746.8290487658005,4746.8290487658005,4783.173054945441,0.0,0.0,0.0,0.0,4690.0,4690.0,4773.173054945441,4773.173054945441,300.0,1020.2871253241456,0.0,1,1,0,0
S2,continuous,A,470,95,4700.0,4700.0,4762.3719175431115,4762.3719175431115,4793.665199044769,0.0,0.0,0.0,0.0,4700.0,4700.0,4783.665199044769,4783.665199044769,300.0,1364.5580870883075,0.0,1,1,0,0
S2,continuous,A,471,53,4710.0,4710.0,4758.507853624835,4758.507853624835,4776.432434012256,0.0,0.0,0.0,0.0,4710.0,4710.0,4766.432434012256,4766.432434012256,300.0,1099.6387305275448,0.0,2,2,0,0
S2,continuous,A,472,96,4720.0,4720.0,4767.834941698443,4767.834941698443,4816.73522556976,0.0,0.0,0.0,0.0,4720.0,4720.0,4806.73522556976,4806.73522556976,300.0,950.6666329481047,0.0,2,2,0,0
S2,continuous,A,473,55,4730.0,4730.0,4750.276795697982,4750.276795697982,4781.57007719964,0.0,0.0,0.0,0.0,4730.0,4730.0,4771.57007719964,4771.57007719964,300.0,402.9036634828245,0.0,0,0,0,0
S2,continuous,A,474,25,4740.0,4740.0,4796.8290487658005,4796.8290487658005,4833.173054945441,0.0,0.0,0.0,0.0,4740.0,4740.0,4823.173054945441,4823.173054945441,300.0,1020.2871253241456,0.0,1,1,0,0
S2,continuous,A,475,16,4750.0,4750.0,4797.074139398815,4797.074139398815,4837.336262095647,0.0,0.0,0.0,0.0,4750.0,4750.0,4827.336262095647,4827.336262095647,300.0,1098.372858993938,0.0,1,1,0,0
S2,continuous,A,476,38,4760.0,4760.0,4780.276795697982,4780.276795697982,4811.57007719964,0.0,0.0,0.0,0.0,4760.0,4760.0,4801.57007719964,4801.57007719964,300.0,402.9036634828245,0.0,0,0,0,0
S2,continuous,A,477,12,4770.0,4770.0,4791.484022236263,4791.484022236263,4831.746144933095,0.0,0.0,0.0,0.0,4770.0,4770.0,4821.746144933095,4821.746144933095,300.0,1354.9924470233934,0.0,0,0,0,0
S2,continuous,A,478,5,4780.0,4780.0,4845.440416477436,4845.440416477436,4885.429571992485,0.0,0.0,0.0,0.0,4780.0,4780.0,4875.429571992485,4875.429571992485,300.0,1612.6040527768496,0.0,2,2,0,0
S2,continuous,A,479,23,4790.0,4790.0,4818.125953722265,4818.125953722265,4854.469959901906,0.0,0.0,0.0,0.0,4790.0,4790.0,4844.469959901906,4844.469959901906,300.0,951.4344884915572,0.0,0,0,0,0
S2,continuous,A,480,28,4800.0,4800.0,4816.018019758768,4816.018019758768,4856.007175273817,0.0,0.0,0.0,0.0,4800.0,4800.0,4846.007175273817,4846.007175273817,300.0,719.0284565262696,0.0,1,1,0,0
S2,continuous,A,481,49,4810.0,4810.0,4869.784175561526,4869.784175561526,4918.684459432843,0.0,0.0,0.0,0.0,4810.0,4810.0,4908.684459432843,4908.684459432843,300.0,1764.1152000303387,0.0,3,3,0,0
S2,continuous,A,482,99,4820.0,4820.0,4877.876191357679,4877.876191357679,4914.22019753732,0.0,0.0,0.0,0.0,4820.0,4820.0,4904.22019753732,4904.22019753732,300.0,1816.291708344928,0.0,2,2,0,0
S2,continuous,A,483,75,4830.0,4830.0,4863.055331164499,4863.055331164499,4871.954552326123,0.0,0.0,0.0,0.0,4830.0,4830.0,4863.055331164499,4863.055331164499,300.0,1142.8357262171116,0.0,3,3,0,0
S2,continuous,A,484,22,4840.0,4840.0,4864.029971938702,4864.029971938702,4881.954552326123,0.0,0.0,0.0,0.0,4840.0,4840.0,4871.954552326123,4871.954552326123,300.0,1142.8357262171116,0.0,3,3,0,0
S2,continuous,A,485,72,4850.0,4850.0,4898.2923380682205,4898.2923380682205,4908.076547870688,0.0,0.0,0.0,0.0,4850.0,4850.0,4898.2923380682205,4898.2923380682205,300.0,1338.657894291522,0.0,1,1,0,0
S2,continuous,A,486,36,4860.0,4860.0,4913.9870298323485,4913.9870298323485,4945.280311334006,0.0,0.0,0.0,0.0,4860.0,4860.0,4935.280311334006,4935.280311334006,300.0,1272.770830026891,0.0,1,1,0,0
S2,continuous,A,487,54,4870.0,4870.0,4883.54851264065,4883.54851264065,4892.447733802274,0.0,0.0,0.0,0.0,4870.0,4870.0,4883.54851264065,4883.54851264065,300.0,669.1439663065105,0.0,2,2,0,0
S2,continuous,A,488,47,4880.0,4880.0,4932.706711910861,4932.706711910861,4981.606995782177,0.0,0.0,0.0,0.0,4880.0,4880.0,4971.606995782177,4971.606995782177,300.0,808.2460567865478,0.0,1,1,0,0
S2,continuous,A,489,83,4890.0,4890.0,4960.503902356807,4960.503902356807,4965.021518284563,0.0,0.0,0.0,0.0,4890.0,4890.0,4960.503902356807,4960.503902356807,300.0,1707.3307313613625,0.0,3,3,0,0
S2,continuous,A,490,5,4900.0,4900.0,4946.877412471242,4946.877412471242,4978.170693972899,0.0,0.0,0.0,0.0,4900.0,4900.0,4968.170693972899,4968.170693972899,300.0,1040.413524513233,0.0,1,1,0,0
S2,continuous,A,491,94,4910.0,4910.0,4980.503902356807,4980.503902356807,4985.021518284563,0.0,0.0,0.0,0.0,4910.0,4910.0,4980.503902356807,4980.503902356807,300.0,1707.3307313613625,0.0,3,3,0,0
S2,continuous,A,492,77,4920.0,4920.0,4971.006804860081,4971.006804860081,5011.268927556913,0.0,0.0,0.0,0.0,4920.0,4920.0,5001.268927556913,5001.268927556913,300.0,651.728114195449,0.0,0,0,0,0
S2,continuous,A,493,93,4930.0,4930.0,4977.612427204909,4977.612427204909,5026.512711076226,0.0,0.0,0.0,0.0,4930.0,4930.0,5016.512711076226,5016.512711076226,300.0,1177.4495186060178,0.0,0,0,0,0
S2,continuous,A,494,11,4940.0,4940.0,4968.703938552796,4968.703938552796,4977.60315971442,0.0,0.0,0.0,0.0,4940.0,4940.0,4968.703938552796,4968.703938552796,300.0,1354.7324048423663,0.0,1,1,0,0
S2,continuous,A,495,2,4950.0,4950.0,5012.198151602689,5012.198151602689,5030.12273199011,0.0,0.0,0.0,0.0,4950.0,4950.0,5020.12273199011,5020.12273199011,300.0,1770.168418688365,0.0,4,4,0,0
S2,continuous,A,496,36,4960.0,4960.0,5017.510389113968,5017.510389113968,5053.572676893404,0.0,0.0,0.0,0.0,4960.0,4960.0,5043.572676893404,5043.572676893404,300.0,1548.3394564003322,0.0,4,4,0,0
S2,continuous,A,497,70,4970.0,4970.0,5020.128215726833,5020.128215726833,5056.472221906474,0.0,0.0,0.0,0.0,4970.0,4970.0,5046.472221906474,5046.472221906474,300.0,1682.4356862432985,0.0,1,1,0,0
S2,continuous,A,498,55,4980.0,4980.0,5022.082314899408,5022.082314899408,5026.599930827164,0.0,0.0,0.0,0.0,4980.0,4980.0,5022.082314899408,5022.082314899408,300.0,1722.72661570832,0.0,4,4,0,0
S2,continuous,A,499,37,4990.0,4990.0,5031.826687793258,5031.826687793258,5068.170693972899,0.0,0.0,0.0,0.0,4990.0,4990.0,5058.170693972899,5058.170693972899,300.0,1040.413524513233,0.0,1,1,0,0
S2,continuous,A,500,67,5000.0,5000.0,5029.605054785428,5029.605054785428,5039.389264587896,0.0,0.0,0.0,0.0,5000.0,5000.0,5029.605054785428,5029.605054785428,300.0,1744.0050524959402,0.0,1,1,0,0
S2,continuous,A,501,51,5010.0,5010.0,5066.780293367808,5066.780293367808,5096.637029472302,0.0,0.0,0.0,0.0,5010.0,5010.0,5086.637029472302,5086.637029472302,300.0,1451.8056720716518,0.0,3,3,0,0
S2,continuous,A,502,85,5020.0,5020.0,5073.583521378355,5073.583521378355,5113.572676893404,0.0,0.0,0.0,0.0,5020.0,5020.0,5103.572676893404,5103.572676893404,300.0,1548.3394564003324,0.0,4,4,0,0
S2,continuous,A,503,13,5030.0,5030.0,5096.2452335794615,5096.2452335794615,5114.169813966882,0.0,0.0,0.0,0.0,5030.0,5030.0,5104.169813966882,5104.169813966882,300.0,1490.4543018366448,0.0,3,3,0,0
S2,continuous,A,504,79,5040.0,5040.0,5087.612427204909,5087.612427204909,5136.512711076226,0.0,0.0,0.0,0.0,5040.0,5040.0,5126.512711076226,5126.512711076226,300.0,1177.4495186060178,0.0,0,0,0,0
S2,continuous,A,505,82,5050.0,5050.0,5111.1847130802935,5111.1847130802935,5120.968922882761,0.0,0.0,0.0,0.0,5050.0,5050.0,5111.1847130802935,5111.1847130802935,300.0,1904.0608413000243,0.0,3,3,0,0
S2,continuous,A,506,62,5060.0,5060.0,5113.961712202253,5113.961712202253,5123.74592200472,0.0,0.0,0.0,0.0,5060.0,5060.0,5113.961712202253,5113.961712202253,300.0,1805.2031360520243,0.0,4,4,0,0
S2,continuous,A,507,70,5070.0,5070.0,5117.612427204909,5117.612427204909,5166.512711076226,0.0,0.0,0.0,0.0,5070.0,5070.0,5156.512711076226,5156.512711076226,300.0,1177.4495186060178,0.0,0,0,0,0
S2,continuous,A,508,94,5080.0,5080.0,5122.082314899408,5122.082314899408,5126.599930827164,0.0,0.0,0.0,0.0,5080.0,5080.0,5122.082314899408,5122.082314899408,300.0,1722.72661570832,0.0,4,4,0,0
S2,continuous,A,509,14,5090.0,5090.0,5120.672912964924,5120.672912964924,5168.51133712645,0.0,0.0,0.0,0.0,5090.0,5090.0,5158.51133712645,5158.51133712645,300.0,1178.7038612448928,0.0,3,3,0,0
S2,continuous,A,510,77,5100.0,5100.0,5148.2923380682205,5148.2923380682205,5158.076547870688,0.0,0.0,0.0,0.0,5100.0,5100.0,5148.2923380682205,5148.2923380682205,300.0,1338.657894291522,0.0,1,1,0,0
S2,continuous,A,511,15,5110.0,5110.0,5155.057460541112,5155.057460541112,5191.119748320548,0.0,0.0,0.0,0.0,5110.0,5110.0,5181.119748320548,5181.119748320548,300.0,1254.3897823691186,0.0,2,2,0,0
S2,continuous,A,512,30,5120.0,5120.0,5148.125953722265,5148.125953722265,5184.469959901906,0.0,0.0,0.0,0.0,5120.0,5120.0,5174.469959901906,5174.469959901906,300.0,951.4344884915572,0.0,0,0,0,0
S2,continuous,A,513,96,5130.0,5130.0,5148.87737180695,5148.87737180695,5189.139494503782,0.0,0.0,0.0,0.0,5130.0,5130.0,5179.139494503782,5179.139494503782,300.0,856.4424627953115,0.0,0,0,0,0
S2,continuous,A,514,74,5140.0,5140.0,5197.770914882916,5197.770914882916,5202.2885308106725,0.0,0.0,0.0,0.0,5140.0,5140.0,5197.770914882916,5197.770914882916,300.0,1944.2300458976588,0.0,4,4,0,0
S2,continuous,A,515,22,5150.0,5150.0,5215.468414015968,5215.468414015968,5224.367635177592,0.0,0.0,0.0,0.0,5150.0,5150.0,5215.468414015968,5215.468414015968,300.0,1393.5395348081422,0.0,3,3,0,0
S2,continuous,A,516,90,5160.0,5160.0,5202.082314899408,5202.082314899408,5206.599930827164,0.0,0.0,0.0,0.0,5160.0,5160.0,5202.082314899408,5202.082314899408,300.0,1722.72661570832,0.0,4,4,0,0
S2,continuous,A,517,80,5170.0,5170.0,5216.37490677547,5216.37490677547,5256.637029472302,0.0,0.0,0.0,0.0,5170.0,5170.0,5246.637029472302,5246.637029472302,300.0,1451.8056720716518,0.0,3,3,0,0
S2,continuous,A,518,53,5180.0,5180.0,5222.082314899408,5222.082314899408,5226.599930827164,0.0,0.0,0.0,0.0,5180.0,5180.0,5222.082314899408,5222.082314899408,300.0,1722.72661570832,0.0,4,4,0,0
S2,continuous,A,519,65,5190.0,5190.0,5207.510137531884,5207.510137531884,5243.854143711525,0.0,0.0,0.0,0.0,5190.0,5190.0,5233.854143711525,5233.854143711525,300.0,745.702928538268,0.0,0,0,0,0
S2,continuous,A,520,57,5200.0,5200.0,5242.082314899408,5242.082314899408,5246.599930827164,0.0,0.0,0.0,0.0,5200.0,5200.0,5242.082314899408,5242.082314899408,300.0,1722.72661570832,0.0,4,4,0,0
S2,continuous,A,521,25,5210.0,5210.0,5235.636693777627,5235.636693777627,5253.561274165048,0.0,0.0,0.0,0.0,5210.0,5210.0,5243.561274165048,5243.561274165048,300.0,1195.3762159601097,0.0,2,2,0,0
S2,continuous,A,522,2,5220.0,5220.0,5277.591147830959,5277.591147830959,5325.429571992485,0.0,0.0,0.0,0.0,5220.0,5220.0,5315.429571992485,5315.429571992485,300.0,1612.6040527768496,0.0,2,2,0,0
S2,continuous,A,523,29,5230.0,5230.0,5291.1847130802935,5291.1847130802935,5300.968922882761,0.0,0.0,0.0,0.0,5230.0,5230.0,5291.1847130802935,5291.1847130802935,300.0,1904.0608413000243,0.0,3,3,0,0
S2,continuous,A,524,72,5240.0,5240.0,5283.430503395387,5283.430503395387,5331.268927556913,0.0,0.0,0.0,0.0,5240.0,5240.0,5321.268927556913,5321.268927556913,300.0,651.728114195449,0.0,0,0,0,0
S2,continuous,A,525,9,5250.0,5250.0,5300.992255916006,5300.992255916006,5337.336262095647,0.0,0.0,0.0,0.0,5250.0,5250.0,5327.336262095647,5327.336262095647,300.0,1098.372858993938,0.0,1,1,0,0
S2,continuous,A,526,39,5260.0,5260.0,5328.695303917794,5328.695303917794,5368.684459432843,0.0,0.0,0.0,0.0,5260.0,5260.0,5358.684459432843,5358.684459432843,300.0,1764.1152000303387,0.0,3,3,0,0
S2,continuous,A,527,75,5270.0,5270.0,5323.137477804198,5323.137477804198,5363.39960050103,0.0,0.0,0.0,0.0,5270.0,5270.0,5353.39960050103,5353.39960050103,300.0,1519.9680540321415,0.0,0,0,0,0
S2,continuous,A,528,76,5280.0,5280.0,5327.107954112193,5327.107954112193,5336.007175273817,0.0,0.0,0.0,0.0,5280.0,5280.0,5327.107954112193,5327.107954112193,300.0,719.0284565262695,0.0,1,1,0,0
S2,continuous,A,529,91,5290.0,5290.0,5318.445378193553,5318.445378193553,5354.789384373194,0.0,0.0,0.0,0.0,5290.0,5290.0,5344.789384373194,5344.789384373194,300.0,1529.2932721681955,0.0,4,4,0,0
S2,continuous,A,530,6,5300.0,5300.0,5352.706711910861,5352.706711910861,5401.606995782177,0.0,0.0,0.0,0.0,5300.0,5300.0,5391.606995782177,5391.606995782177,300.0,808.2460567865478,0.0,1,1,0,0
S2,continuous,A,531,62,5310.0,5310.0,5339.561391071598,5339.561391071598,5379.8235137684305,0.0,0.0,0.0,0.0,5310.0,5310.0,5369.8235137684305,5369.8235137684305,300.0,1066.7208943664377,0.0,1,1,0,0
S2,continuous,A,532,57,5320.0,5320.0,5353.055331164499,5353.055331164499,5361.954552326123,0.0,0.0,0.0,0.0,5320.0,5320.0,5353.055331164499,5353.055331164499,300.0,1142.8357262171116,0.0,3,3,0,0
S2,continuous,A,533,81,5330.0,5330.0,5350.704006384661,5350.704006384661,5386.7662941640965,0.0,0.0,0.0,0.0,5330.0,5330.0,5376.7662941640965,5376.7662941640965,300.0,1011.7932262410509,0.0,1,1,0,0
S2,continuous,A,534,83,5340.0,5340.0,5381.826687793258,5381.826687793258,5418.170693972899,0.0,0.0,0.0,0.0,5340.0,5340.0,5408.170693972899,5408.170693972899,300.0,1040.413524513233,0.0,1,1,0,0
S2,continuous,A,535,73,5350.0,5350.0,5380.672912964924,5380.672912964924,5428.51133712645,0.0,0.0,0.0,0.0,5350.0,5350.0,5418.51133712645,5418.51133712645,300.0,1178.7038612448928,0.0,3,3,0,0
S2,continuous,A,536,14,5360.0,5360.0,5430.503902356807,5430.503902356807,5435.021518284563,0.0,0.0,0.0,0.0,5360.0,5360.0,5430.503902356807,5430.503902356807,300.0,1707.3307313613625,0.0,3,3,0,0
S2,continuous,A,537,28,5370.0,5370.0,5403.889185900226,5403.889185900226,5433.74592200472,0.0,0.0,0.0,0.0,5370.0,5370.0,5423.74592200472,5423.74592200472,300.0,1805.2031360520243,0.0,4,4,0,0
S2,continuous,A,538,9,5380.0,5380.0,5398.772368121642,5398.772368121642,5439.034490818474,0.0,0.0,0.0,0.0,5380.0,5380.0,5429.034490818474,5429.034490818474,300.0,904.016516626797,0.0,2,2,0,0
S2,continuous,A,539,55,5390.0,5390.0,5416.121234413246,5416.121234413246,5465.021518284563,0.0,0.0,0.0,0.0,5390.0,5390.0,5455.021518284563,5455.021518284563,300.0,1707.3307313613625,0.0,3,3,0,0
S2,continuous,A,540,41,5400.0,5400.0,5433.777064362581,5433.777064362581,5443.561274165048,0.0,0.0,0.0,0.0,5400.0,5400.0,5433.777064362581,5433.777064362581,300.0,1195.3762159601097,0.0,2,2,0,0
S2,continuous,A,541,25,5410.0,5410.0,5430.704006384661,5430.704006384661,5466.7662941640965,0.0,0.0,0.0,0.0,5410.0,5410.0,5456.7662941640965,5456.7662941640965,300.0,1011.7932262410509,0.0,1,1,0,0
S2,continuous,A,542,38,5420.0,5420.0,5448.51513238321,5448.51513238321,5478.371868487704,0.0,0.0,0.0,0.0,5420.0,5420.0,5468.371868487704,5468.371868487704,300.0,944.9433821787932,0.0,1,1,0,0
S2,continuous,A,543,10,5430.0,5430.0,5493.1630106562425,5493.1630106562425,5502.94722045871,0.0,0.0,0.0,0.0,5430.0,5430.0,5493.1630106562425,5493.1630106562425,300.0,1793.7905026671829,0.0,1,1,0,0
S2,continuous,A,544,75,5440.0,5440.0,5495.8317543807,5495.8317543807,5535.820909895749,0.0,0.0,0.0,0.0,5440.0,5440.0,5525.820909895749,5525.820909895749,300.0,1992.3103770196594,0.0,5,5,0,0
S2,continuous,A,545,68,5450.0,5450.0,5480.995249309015,5480.995249309015,5512.2885308106725,0.0,0.0,0.0,0.0,5450.0,5450.0,5502.2885308106725,5502.2885308106725,300.0,1944.2300458976588,0.0,4,4,0,0
S2,continuous,A,546,4,5460.0,5460.0,5498.233934553584,5498.233934553584,5528.090670658078,0.0,0.0,0.0,0.0,5460.0,5460.0,5518.090670658078,5518.090670658078,300.0,474.3715710295271,0.0,0,0,0,0
S2,continuous,A,547,50,5470.0,5470.0,5488.772368121642,5488.772368121642,5529.034490818474,0.0,0.0,0.0,0.0,5470.0,5470.0,5519.034490818474,5519.034490818474,300.0,904.016516626797,0.0,2,2,0,0
S2,continuous,A,548,29,5480.0,5480.0,5537.337312721595,5537.337312721595,5573.39960050103,0.0,0.0,0.0,0.0,5480.0,5480.0,5563.39960050103,5563.39960050103,300.0,1519.9680540321415,0.0,0,0,0,0
S2,continuous,A,549,16,5490.0,5490.0,5547.591147830959,5547.591147830959,5595.429571992485,0.0,0.0,0.0,0.0,5490.0,5490.0,5585.429571992485,5585.429571992485,300.0,1612.6040527768496,0.0,2,2,0,0
S2,continuous,A,550,49,5500.0,5500.0,5540.133576475061,5540.133576475061,5580.12273199011,0.0,0.0,0.0,0.0,5500.0,5500.0,5570.12273199011,5570.12273199011,300.0,1770.168418688365,0.0,4,4,0,0
S2,continuous,A,551,65,5510.0,5510.0,5572.3719175431115,5572.3719175431115,5603.665199044769,0.0,0.0,0.0,0.0,5510.0,5510.0,5593.665199044769,5593.665199044769,300.0,1364.5580870883075,0.0,1,1,0,0
S2,continuous,A,552,91,5520.0,5520.0,5570.992255916006,5570.992255916006,5607.336262095647,0.0,0.0,0.0,0.0,5520.0,5520.0,5597.336262095647,5597.336262095647,300.0,1098.372858993938,0.0,1,1,0,0
S2,continuous,A,553,11,5530.0,5530.0,5576.545379514485,5576.545379514485,5594.469959901906,0.0,0.0,0.0,0.0,5530.0,5530.0,5584.469959901906,5584.469959901906,300.0,951.4344884915572,0.0,0,0,0,0
S2,continuous,A,554,30,5540.0,5540.0,5561.8847146574935,5561.8847146574935,5609.723138819019,0.0,0.0,0.0,0.0,5540.0,5540.0,5599.723138819019,5599.723138819019,300.0,1149.3877930070284,0.0,2,2,0,0
S2,continuous,A,555,14,5550.0,5550.0,5599.82646681889,5599.82646681889,5631.119748320548,0.0,0.0,0.0,0.0,5550.0,5550.0,5621.119748320548,5621.119748320548,300.0,1254.3897823691184,0.0,2,2,0,0
S2,continuous,A,556,24,5560.0,5560.0,5603.430503395387,5603.430503395387,5651.268927556913,0.0,0.0,0.0,0.0,5560.0,5560.0,5641.268927556913,5641.268927556913,300.0,651.728114195449,0.0,0,0,0,0
S2,continuous,A,557,83,5570.0,5570.0,5614.069933909057,5614.069933909057,5623.854143711525,0.0,0.0,0.0,0.0,5570.0,5570.0,5614.069933909057,5614.069933909057,300.0,745.702928538268,0.0,0,0,0,0
S2,continuous,A,558,74,5580.0,5580.0,5628.641673535676,5628.641673535676,5668.630829050725,0.0,0.0,0.0,0.0,5580.0,5580.0,5658.630829050725,5658.630829050725,300.0,1601.5586201765059,0.0,1,1,0,0
S2,continuous,A,559,40,5590.0,5590.0,5645.890163211569,5645.890163211569,5654.789384373194,0.0,0.0,0.0,0.0,5590.0,5590.0,5645.890163211569,5645.890163211569,300.0,1529.2932721681955,0.0,4,4,0,0
S2,continuous,A,560,53,5600.0,5600.0,5657.337312721595,5657.337312721595,5693.39960050103,0.0,0.0,0.0,0.0,5600.0,5600.0,5683.39960050103,5683.39960050103,300.0,1519.9680540321415,0.0,0,0,0,0
S2,continuous,A,561,91,5610.0,5610.0,5638.125953722265,5638.125953722265,5674.469959901906,0.0,0.0,0.0,0.0,5610.0,5610.0,5664.469959901906,5664.469959901906,300.0,951.4344884915572,0.0,0,0,0,0
S2,continuous,A,562,52,5620.0,5620.0,5662.427105404006,5662.427105404006,5671.326326565631,0.0,0.0,0.0,0.0,5620.0,5620.0,5662.427105404006,5662.427105404006,300.0,1031.804406298035,0.0,3,3,0,0
S2,continuous,A,563,47,5630.0,5630.0,5665.269530095566,5665.269530095566,5714.169813966882,0.0,0.0,0.0,0.0,5630.0,5630.0,5704.169813966882,5704.169813966882,300.0,1490.4543018366448,0.0,3,3,0,0
S2,continuous,A,564,94,5640.0,5640.0,5689.355284701314,5689.355284701314,5699.139494503782,0.0,0.0,0.0,0.0,5640.0,5640.0,5689.355284701314,5689.355284701314,300.0,856.4424627953115,0.0,0,0,0,0
S2,continuous,A,565,55,5650.0,5650.0,5707.876191357679,5707.876191357679,5744.22019753732,0.0,0.0,0.0,0.0,5650.0,5650.0,5734.22019753732,5734.22019753732,300.0,1816.291708344928,0.0,2,2,0,0
S2,continuous,A,566,16,5660.0,5660.0,5692.028382878642,5692.028382878642,5728.090670658078,0.0,0.0,0.0,0.0,5660.0,5660.0,5718.090670658078,5718.090670658078,300.0,474.37157102952705,0.0,0,0,0,0
S2,continuous,A,567,51,5670.0,5670.0,5717.834941698443,5717.834941698443,5766.73522556976,0.0,0.0,0.0,0.0,5670.0,5670.0,5756.73522556976,5756.73522556976,300.0,950.6666329481047,0.0,2,2,0,0
S2,continuous,A,568,24,5680.0,5680.0,5733.823355561166,5733.823355561166,5782.723639432483,0.0,0.0,0.0,0.0,5680.0,5680.0,5772.723639432483,5772.723639432483,300.0,1991.5597303238085,0.0,4,4,0,0
S2,continuous,A,569,52,5690.0,5690.0,5745.20578102345,5745.20578102345,5785.194936538499,0.0,0.0,0.0,0.0,5690.0,5690.0,5775.194936538499,5775.194936538499,300.0,1397.5002795006085,0.0,0,0,0,0
S2,continuous,A,570,23,5700.0,5700.0,5760.168704896585,5760.168704896585,5796.512711076226,0.0,0.0,0.0,0.0,5700.0,5700.0,5786.512711076226,5786.512711076226,300.0,1177.4495186060178,0.0,0,0,0,0
S2,continuous,A,571,20,5710.0,5710.0,5773.1630106562425,5773.1630106562425,5782.94722045871,0.0,0.0,0.0,0.0,5710.0,5710.0,5773.1630106562425,5773.1630106562425,300.0,1793.7905026671829,0.0,1,1,0,0
S2,continuous,A,572,27,5720.0,5720.0,5778.157909757884,5778.157909757884,5814.22019753732,0.0,0.0,0.0,0.0,5720.0,5720.0,5804.22019753732,5804.22019753732,300.0,1816.291708344928,0.0,2,2,0,0
S2,continuous,A,573,44,5730.0,5730.0,5797.418501908422,5797.418501908422,5801.936117836178,0.0,0.0,0.0,0.0,5730.0,5730.0,5797.418501908422,5797.418501908422,300.0,1567.1187169061131,0.0,2,2,0,0
S2,continuous,A,574,25,5740.0,5740.0,5767.818949911953,5767.818949911953,5777.60315971442,0.0,0.0,0.0,0.0,5740.0,5740.0,5767.818949911953,5767.818949911953,300.0,1354.7324048423663,0.0,1,1,0,0
S2,continuous,A,575,69,5750.0,5750.0,5805.8317543807,5805.8317543807,5845.820909895749,0.0,0.0,0.0,0.0,5750.0,5750.0,5835.820909895749,5835.820909895749,300.0,1992.3103770196594,0.0,5,5,0,0
S2,continuous,A,576,53,5760.0,5760.0,5777.510137531884,5777.510137531884,5813.854143711525,0.0,0.0,0.0,0.0,5760.0,5760.0,5803.854143711525,5803.854143711525,300.0,745.702928538268,0.0,0,0,0,0
S2,continuous,A,577,28,5770.0,5770.0,5803.889185900226,5803.889185900226,5833.74592200472,0.0,0.0,0.0,0.0,5770.0,5770.0,5823.74592200472,5823.74592200472,300.0,1805.2031360520243,0.0,4,4,0,0
S2,continuous,A,578,55,5780.0,5780.0,5794.182631844929,5794.182631844929,5843.082915716246,0.0,0.0,0.0,0.0,5780.0,5780.0,5833.082915716246,5833.082915716246,300.0,586.6506045330536,0.0,0,0,0,0
S2,continuous,A,579,24,5790.0,5790.0,5825.269530095566,5825.269530095566,5874.169813966882,0.0,0.0,0.0,0.0,5790.0,5790.0,5864.169813966882,5864.169813966882,300.0,1490.4543018366448,0.0,3,3,0,0
S2,continuous,A,580,9,5800.0,5800.0,5830.37014623282,5830.37014623282,5866.432434012256,0.0,0.0,0.0,0.0,5800.0,5800.0,5856.432434012256,5856.432434012256,300.0,1099.638730527545,0.0,2,2,0,0
S2,continuous,A,581,61,5810.0,5810.0,5870.586756739029,5870.586756739029,5888.51133712645,0.0,0.0,0.0,0.0,5810.0,5810.0,5878.51133712645,5878.51133712645,300.0,1178.7038612448928,0.0,3,3,0,0
S2,continuous,A,582,62,5820.0,5820.0,5852.958064943661,5852.958064943661,5892.94722045871,0.0,0.0,0.0,0.0,5820.0,5820.0,5882.94722045871,5882.94722045871,300.0,1793.7905026671829,0.0,1,1,0,0
S2,continuous,A,583,54,5830.0,5830.0,5890.168704896585,5890.168704896585,5926.512711076226,0.0,0.0,0.0,0.0,5830.0,5830.0,5916.512711076226,5916.512711076226,300.0,1177.4495186060178,0.0,0,0,0,0
S2,continuous,A,584,48,5840.0,5840.0,5887.074139398815,5887.074139398815,5927.336262095647,0.0,0.0,0.0,0.0,5840.0,5840.0,5917.336262095647,5917.336262095647,300.0,1098.372858993938,0.0,1,1,0,0
S2,continuous,A,585,36,5850.0,5850.0,5880.672912964924,5880.672912964924,5928.51133712645,0.0,0.0,0.0,0.0,5850.0,5850.0,5918.51133712645,5918.51133712645,300.0,1178.7038612448928,0.0,3,3,0,0
S2,continuous,A,586,60,5860.0,5860.0,5920.586756739029,5920.586756739029,5938.51133712645,0.0,0.0,0.0,0.0,5860.0,5860.0,5928.51133712645,5928.51133712645,300.0,1178.7038612448928,0.0,3,3,0,0
S2,continuous,A,587,3,5870.0,5870.0,5903.645496812219,5903.645496812219,5921.57007719964,0.0,0.0,0.0,0.0,5870.0,5870.0,5911.57007719964,5911.57007719964,300.0,402.9036634828245,0.0,0,0,0,0
S2,continuous,A,588,70,5880.0,5880.0,5939.784175561526,5939.784175561526,5988.684459432843,0.0,0.0,0.0,0.0,5880.0,5880.0,5978.684459432843,5978.684459432843,300.0,1764.1152000303387,0.0,3,3,0,0
S2,continuous,A,589,20,5890.0,5890.0,5919.605054785428,5919.605054785428,5929.389264587896,0.0,0.0,0.0,0.0,5890.0,5890.0,5919.605054785428,5919.605054785428,300.0,1744.0050524959402,0.0,1,1,0,0
S2,continuous,A,590,98,5900.0,5900.0,5926.783266369031,5926.783266369031,5958.076547870688,0.0,0.0,0.0,0.0,5900.0,5900.0,5948.076547870688,5948.076547870688,300.0,1338.657894291522,0.0,1,1,0,0
S2,continuous,A,591,44,5910.0,5910.0,5916.567747908919,5916.567747908919,5956.556903423968,0.0,0.0,0.0,0.0,5910.0,5910.0,5946.556903423968,5946.556903423968,300.0,359.2093226248886,0.0,0,0,0,0
S2,continuous,A,592,16,5920.0,5920.0,5962.427105404006,5962.427105404006,5971.326326565631,0.0,0.0,0.0,0.0,5920.0,5920.0,5962.427105404006,5962.427105404006,300.0,1031.804406298035,0.0,3,3,0,0
S2,continuous,A,593,26,5930.0,5930.0,5995.49837369177,5995.49837369177,6031.842379871411,0.0,0.0,0.0,0.0,5930.0,5930.0,6021.842379871411,6021.842379871411,300.0,2082.2803535882094,0.0,2,2,0,0
S2,continuous,A,594,24,5940.0,5940.0,5987.074139398815,5987.074139398815,6027.336262095647,0.0,0.0,0.0,0.0,5940.0,5940.0,6017.336262095647,6017.336262095647,300.0,1098.372858993938,0.0,1,1,0,0
S2,continuous,A,595,52,5950.0,5950.0,6001.89893338101,6001.89893338101,6019.8235137684305,0.0,0.0,0.0,0.0,5950.0,5950.0,6009.8235137684305,6009.8235137684305,300.0,1066.7208943664375,0.0,1,1,0,0
S2,continuous,A,596,50,5960.0,5960.0,5988.51513238321,5988.51513238321,6018.371868487704,0.0,0.0,0.0,0.0,5960.0,5960.0,6008.371868487704,6008.371868487704,300.0,944.9433821787932,0.0,1,1,0,0
S2,continuous,A,597,5,5970.0,5970.0,5999.605054785428,5999.605054785428,6009.389264587896,0.0,0.0,0.0,0.0,5970.0,5970.0,5999.605054785428,5999.605054785428,300.0,1744.0050524959402,0.0,1,1,0,0
S2,continuous,A,598,18,5980.0,5980.0,6030.992255916006,6030.992255916006,6067.336262095647,0.0,0.0,0.0,0.0,5980.0,5980.0,6057.336262095647,6057.336262095647,300.0,1098.372858993938,0.0,1,1,0,0
S2,continuous,A,599,94,5990.0,5990.0,6023.777064362581,6023.777064362581,6033.561274165048,0.0,0.0,0.0,0.0,5990.0,5990.0,6023.777064362581,6023.777064362581,300.0,1195.3762159601097,0.0,2,2,0,0
S2,continuous,A,600,39,6000.0,6000.0,6051.006804860081,6051.006804860081,6091.268927556913,0.0,0.0,0.0,0.0,6000.0,6000.0,6081.268927556913,6081.268927556913,300.0,651.728114195449,0.0,0,0,0,0
S2,continuous,A,601,30,6010.0,6010.0,6038.703938552796,6038.703938552796,6047.60315971442,0.0,0.0,0.0,0.0,6010.0,6010.0,6038.703938552796,6038.703938552796,300.0,1354.7324048423663,0.0,1,1,0,0
S2,continuous,A,602,49,6020.0,6020.0,6079.784175561526,6079.784175561526,6128.684459432843,0.0,0.0,0.0,0.0,6020.0,6020.0,6118.684459432843,6118.684459432843,300.0,1764.1152000303387,0.0,3,3,0,0
S2,continuous,A,603,82,6030.0,6030.0,6050.704006384661,6050.704006384661,6086.7662941640965,0.0,0.0,0.0,0.0,6030.0,6030.0,6076.7662941640965,6076.7662941640965,300.0,1011.7932262410509,0.0,1,1,0,0
S2,continuous,A,604,60,6040.0,6040.0,6080.133576475061,6080.133576475061,6120.12273199011,0.0,0.0,0.0,0.0,6040.0,6040.0,6110.12273199011,6110.12273199011,300.0,1770.168418688365,0.0,4,4,0,0
S2,continuous,A,605,69,6050.0,6050.0,6107.591147830959,6107.591147830959,6155.429571992485,0.0,0.0,0.0,0.0,6050.0,6050.0,6145.429571992485,6145.429571992485,300.0,1612.6040527768496,0.0,2,2,0,0
S2,continuous,A,606,24,6060.0,6060.0,6098.233934553584,6098.233934553584,6128.090670658078,0.0,0.0,0.0,0.0,6060.0,6060.0,6118.090670658078,6118.090670658078,300.0,474.3715710295271,0.0,0,0,0,0
S2,continuous,A,607,48,6070.0,6070.0,6130.168704896585,6130.168704896585,6166.512711076226,0.0,0.0,0.0,0.0,6070.0,6070.0,6156.512711076226,6156.512711076226,300.0,1177.4495186060178,0.0,0,0,0,0
S2,continuous,A,608,37,6080.0,6080.0,6112.958064943661,6112.958064943661,6152.94722045871,0.0,0.0,0.0,0.0,6080.0,6080.0,6142.94722045871,6142.94722045871,300.0,1793.7905026671829,0.0,1,1,0,0
S2,continuous,A,609,15,6090.0,6090.0,6123.645496812219,6123.645496812219,6141.57007719964,0.0,0.0,0.0,0.0,6090.0,6090.0,6131.57007719964,6131.57007719964,300.0,402.9036634828245,0.0,0,0,0,0
S2,continuous,A,610,66,6100.0,6100.0,6161.1847130802935,6161.1847130802935,6170.968922882761,0.0,0.0,0.0,0.0,6100.0,6100.0,6161.1847130802935,6161.1847130802935,300.0,1904.0608413000243,0.0,3,3,0,0
S2,continuous,A,611,81,6110.0,6110.0,6140.672912964924,6140.672912964924,6188.51133712645,0.0,0.0,0.0,0.0,6110.0,6110.0,6178.51133712645,6178.51133712645,300.0,1178.7038612448928,0.0,3,3,0,0
S2,continuous,A,612,53,6120.0,6120.0,6185.468414015968,6185.468414015968,6194.367635177592,0.0,0.0,0.0,0.0,6120.0,6120.0,6185.468414015968,6185.468414015968,300.0,1393.5395348081422,0.0,3,3,0,0
S2,continuous,A,613,75,6130.0,6130.0,6151.484022236263,6151.484022236263,6191.746144933095,0.0,0.0,0.0,0.0,6130.0,6130.0,6181.746144933095,6181.746144933095,300.0,1354.9924470233934,0.0,0,0,0,0
S2,continuous,A,614,25,6140.0,6140.0,6190.088137084771,6190.088137084771,6194.605753012527,0.0,0.0,0.0,0.0,6140.0,6140.0,6190.088137084771,6190.088137084771,300.0,1520.6318255130027,0.0,2,2,0,0
S2,continuous,A,615,96,6150.0,6150.0,6205.8317543807,6205.8317543807,6245.820909895749,0.0,0.0,0.0,0.0,6150.0,6150.0,6235.820909895749,6235.820909895749,300.0,1992.3103770196594,0.0,5,5,0,0
S2,continuous,A,616,39,6160.0,6160.0,6219.784175561526,6219.784175561526,6268.684459432843,0.0,0.0,0.0,0.0,6160.0,6160.0,6258.684459432843,6258.684459432843,300.0,1764.1152000303387,0.0,3,3,0,0
S2,continuous,A,617,57,6170.0,6170.0,6219.355284701314,6219.355284701314,6229.139494503782,0.0,0.0,0.0,0.0,6170.0,6170.0,6219.355284701314,6219.355284701314,300.0,856.4424627953115,0.0,0,0,0,0
S2,continuous,A,618,52,6180.0,6180.0,6237.770914882916,6237.770914882916,6242.2885308106725,0.0,0.0,0.0,0.0,6180.0,6180.0,6237.770914882916,6237.770914882916,300.0,1944.2300458976588,0.0,4,4,0,0
S2,continuous,A,619,41,6190.0,6190.0,6247.770914882916,6247.770914882916,6252.2885308106725,0.0,0.0,0.0,0.0,6190.0,6190.0,6247.770914882916,6247.770914882916,300.0,1944.2300458976588,0.0,4,4,0,0
S2,continuous,A,620,45,6200.0,6200.0,6251.006804860081,6251.006804860081,6291.268927556913,0.0,0.0,0.0,0.0,6200.0,6200.0,6281.268927556913,6281.268927556913,300.0,651.728114195449,0.0,0,0,0,0
S2,continuous,A,621,67,6210.0,6210.0,6276.2452335794615,6276.2452335794615,6294.169813966882,0.0,0.0,0.0,0.0,6210.0,6210.0,6284.169813966882,6284.169813966882,300.0,1490.4543018366448,0.0,3,3,0,0
S2,continuous,A,622,21,6220.0,6220.0,6241.8847146574935,6241.8847146574935,6289.723138819019,0.0,0.0,0.0,0.0,6220.0,6220.0,6279.723138819019,6279.723138819019,300.0,1149.3877930070284,0.0,2,2,0,0
S2,continuous,A,623,35,6230.0,6230.0,6278.740449346002,6278.740449346002,6287.639670507626,0.0,0.0,0.0,0.0,6230.0,6230.0,6278.740449346002,6278.740449346002,300.0,1364.1070362726916,0.0,2,2,0,0
S2,continuous,A,624,54,6240.0,6240.0,6290.128215726833,6290.128215726833,6326.472221906474,0.0,0.0,0.0,0.0,6240.0,6240.0,6316.472221906474,6316.472221906474,300.0,1682.4356862432985,0.0,1,1,0,0
S2,continuous,A,625,71,6250.0,6250.0,6311.1847130802935,6311.1847130802935,6320.968922882761,0.0,0.0,0.0,0.0,6250.0,6250.0,6311.1847130802935,6311.1847130802935,300.0,1904.0608413000243,0.0,3,3,0,0
S2,continuous,A,626,40,6260.0,6260.0,6330.503902356807,6330.503902356807,6335.021518284563,0.0,0.0,0.0,0.0,6260.0,6260.0,6330.503902356807,6330.503902356807,300.0,1707.3307313613625,0.0,3,3,0,0
S2,continuous,A,627,10,6270.0,6270.0,6287.510137531884,6287.510137531884,6323.854143711525,0.0,0.0,0.0,0.0,6270.0,6270.0,6313.854143711525,6313.854143711525,300.0,745.702928538268,0.0,0,0,0,0
S2,continuous,A,628,65,6280.0,6280.0,6320.447288100283,6320.447288100283,6338.371868487704,0.0,0.0,0.0,0.0,6280.0,6280.0,6328.371868487704,6328.371868487704,300.0,944.9433821787932,0.0,1,1,0,0
S2,continuous,A,629,34,6290.0,6290.0,6357.838984074873,6357.838984074873,6389.132265576531,0.0,0.0,0.0,0.0,6290.0,6290.0,6379.132265576531,6379.132265576531,300.0,1663.547840435321,0.0,1,1,0,0
S2,continuous,A,630,11,6300.0,6300.0,6318.87737180695,6318.87737180695,6359.139494503782,0.0,0.0,0.0,0.0,6300.0,6300.0,6349.139494503782,6349.139494503782,300.0,856.4424627953115,0.0,0,0,0,0
S2,continuous,A,631,16,6310.0,6310.0,6338.445378193553,6338.445378193553,6374.789384373194,0.0,0.0,0.0,0.0,6310.0,6310.0,6364.789384373194,6364.789384373194,300.0,1529.2932721681955,0.0,4,4,0,0
S2,continuous,A,632,97,6320.0,6320.0,6368.2923380682205,6368.2923380682205,6378.076547870688,0.0,0.0,0.0,0.0,6320.0,6320.0,6368.2923380682205,6368.2923380682205,300.0,1338.657894291522,0.0,1,1,0,0
S2,continuous,A,633,76,6330.0,6330.0,6393.1630106562425,6393.1630106562425,6402.94722045871,0.0,0.0,0.0,0.0,6330.0,6330.0,6393.1630106562425,6393.1630106562425,300.0,1793.7905026671829,0.0,1,1,0,0
S2,continuous,A,634,73,6340.0,6340.0,6410.503902356807,6410.503902356807,6415.021518284563,0.0,0.0,0.0,0.0,6340.0,6340.0,6410.503902356807,6410.503902356807,300.0,1707.3307313613625,0.0,3,3,0,0
S2,continuous,A,635,90,6350.0,6350.0,6393.041638465325,6393.041638465325,6422.89837456982,0.0,0.0,0.0,0.0,6350.0,6350.0,6412.89837456982,6412.89837456982,300.0,1088.9738856086278,0.0,0,0,0,0
S2,continuous,A,636,84,6360.0,6360.0,6416.8290487658005,6416.8290487658005,6453.173054945441,0.0,0.0,0.0,0.0,6360.0,6360.0,6443.173054945441,6443.173054945441,300.0,1020.2871253241456,0.0,1,1,0,0
S2,continuous,A,637,70,6370.0,6370.0,6388.772368121642,6388.772368121642,6429.034490818474,0.0,0.0,0.0,0.0,6370.0,6370.0,6419.034490818474,6419.034490818474,300.0,904.016516626797,0.0,2,2,0,0
S2,continuous,A,638,53,6380.0,6380.0,6401.484022236263,6401.484022236263,6441.746144933095,0.0,0.0,0.0,0.0,6380.0,6380.0,6431.746144933095,6431.746144933095,300.0,1354.9924470233934,0.0,0,0,0,0
S2,continuous,A,639,9,6390.0,6390.0,6423.889185900226,6423.889185900226,6453.74592200472,0.0,0.0,0.0,0.0,6390.0,6390.0,6443.74592200472,6443.74592200472,300.0,1805.2031360520243,0.0,4,4,0,0
S2,continuous,A,640,18,6400.0,6400.0,6415.723020143777,6415.723020143777,6463.561444305303,0.0,0.0,0.0,0.0,6400.0,6400.0,6453.561444305303,6453.561444305303,300.0,684.0338592406176,0.0,0,0,0,0
S2,continuous,A,641,8,6410.0,6410.0,6452.427105404006,6452.427105404006,6461.326326565631,0.0,0.0,0.0,0.0,6410.0,6410.0,6452.427105404006,6452.427105404006,300.0,1031.804406298035,0.0,3,3,0,0
S2,continuous,A,642,56,6420.0,6420.0,6470.231981705214,6470.231981705214,6519.132265576531,0.0,0.0,0.0,0.0,6420.0,6420.0,6509.132265576531,6509.132265576531,300.0,1663.547840435321,0.0,1,1,0,0
S2,continuous,A,643,88,6430.0,6430.0,6483.9870298323485,6483.9870298323485,6515.280311334006,0.0,0.0,0.0,0.0,6430.0,6430.0,6505.280311334006,6505.280311334006,300.0,1272.770830026891,0.0,1,1,0,0
S2,continuous,A,644,30,6440.0,6440.0,6487.107954112193,6487.107954112193,6496.007175273817,0.0,0.0,0.0,0.0,6440.0,6440.0,6487.107954112193,6487.107954112193,300.0,719.0284565262695,0.0,1,1,0,0
S2,continuous,A,645,45,6450.0,6450.0,6485.269530095566,6485.269530095566,6534.169813966882,0.0,0.0,0.0,0.0,6450.0,6450.0,6524.169813966882,6524.169813966882,300.0,1490.4543018366448,0.0,3,3,0,0
S2,continuous,A,646,0,6460.0,6460.0,6520.168704896585,6520.168704896585,6556.512711076226,0.0,0.0,0.0,0.0,6460.0,6460.0,6546.512711076226,6546.512711076226,300.0,1177.4495186060178,0.0,0,0,0,0
S2,continuous,A,647,64,6470.0,6470.0,6532.3719175431115,6532.3719175431115,6563.665199044769,0.0,0.0,0.0,0.0,6470.0,6470.0,6553.665199044769,6553.665199044769,300.0,1364.5580870883075,0.0,1,1,0,0
S2,continuous,A,648,13,6480.0,6480.0,6527.612427204909,6527.612427204909,6576.512711076226,0.0,0.0,0.0,0.0,6480.0,6480.0,6566.512711076226,6566.512711076226,300.0,1177.4495186060178,0.0,0,0,0,0
S2,continuous,A,649,67,6490.0,6490.0,6537.834941698443,6537.834941698443,6586.73522556976,0.0,0.0,0.0,0.0,6490.0,6490.0,6576.73522556976,6576.73522556976,300.0,950.6666329481047,0.0,2,2,0,0
S2,continuous,A,650,72,6500.0,6500.0,6520.276795697982,6520.276795697982,6551.57007719964,0.0,0.0,0.0,0.0,6500.0,6500.0,6541.57007719964,6541.57007719964,300.0,402.9036634828245,0.0,0,0,0,0
S2,continuous,A,651,32,6510.0,6510.0,6568.157909757884,6568.157909757884,6604.22019753732,0.0,0.0,0.0,0.0,6510.0,6510.0,6594.22019753732,6594.22019753732,300.0,1816.291708344928,0.0,2,2,0,0
S2,continuous,A,652,94,6520.0,6520.0,6535.723020143777,6535.723020143777,6583.561444305303,0.0,0.0,0.0,0.0,6520.0,6520.0,6573.561444305303,6573.561444305303,300.0,684.0338592406176,0.0,0,0,0,0
S2,continuous,A,653,20,6530.0,6530.0,6583.137477804198,6583.137477804198,6623.39960050103,0.0,0.0,0.0,0.0,6530.0,6530.0,6613.39960050103,6613.39960050103,300.0,1519.9680540321415,0.0,0,0,0,0
S2,continuous,A,654,82,6540.0,6540.0,6600.687143380294,6600.687143380294,6649.587427251611,0.0,0.0,0.0,0.0,6540.0,6540.0,6639.587427251611,6639.587427251611,300.0,2066.4698983109793,0.0,1,1,0,0
S2,continuous,A,655,70,6550.0,6550.0,6595.018188637174,6595.018188637174,6635.280311334006,0.0,0.0,0.0,0.0,6550.0,6550.0,6625.280311334006,6625.280311334006,300.0,1272.7708300268912,0.0,1,1,0,0
S2,continuous,A,656,87,6560.0,6560.0,6626.982375269379,6626.982375269379,6656.8391113738735,0.0,0.0,0.0,0.0,6560.0,6560.0,6646.8391113738735,6646.8391113738735,300.0,1664.739208520304,0.0,2,2,0,0
S2,continuous,A,657,58,6570.0,6570.0,6595.467351306275,6595.467351306275,6644.367635177592,0.0,0.0,0.0,0.0,6570.0,6570.0,6634.367635177592,6634.367635177592,300.0,1393.5395348081422,0.0,3,3,0,0
S2,continuous,A,658,71,6580.0,6580.0,6625.057460541112,6625.057460541112,6661.119748320548,0.0,0.0,0.0,0.0,6580.0,6580.0,6651.119748320548,6651.119748320548,300.0,1254.3897823691186,0.0,2,2,0,0
S2,continuous,A,659,8,6590.0,6590.0,6637.107954112193,6637.107954112193,6646.007175273817,0.0,0.0,0.0,0.0,6590.0,6590.0,6637.107954112193,6637.107954112193,300.0,719.0284565262695,0.0,1,1,0,0
S2,continuous,A,660,30,6600.0,6600.0,6654.891810521773,6654.891810521773,6659.409426449529,0.0,0.0,0.0,0.0,6600.0,6600.0,6654.891810521773,6654.891810521773,300.0,1458.2010346917555,0.0,3,3,0,0
S2,continuous,A,661,81,6610.0,6610.0,6639.605054785428,6639.605054785428,6649.389264587896,0.0,0.0,0.0,0.0,6610.0,6610.0,6639.605054785428,6639.605054785428,300.0,1744.0050524959402,0.0,1,1,0,0
S2,continuous,A,662,47,6620.0,6620.0,6683.897507993558,6683.897507993558,6688.415123921314,0.0,0.0,0.0,0.0,6620.0,6620.0,6683.897507993558,6683.897507993558,300.0,2041.2082314648,0.0,2,2,0,0
S2,continuous,A,663,54,6630.0,6630.0,6680.13526965685,6680.13526965685,6689.034490818474,0.0,0.0,0.0,0.0,6630.0,6630.0,6680.13526965685,6680.13526965685,300.0,904.0165166267972,0.0,2,2,0,0
S2,continuous,A,664,35,6640.0,6640.0,6697.876191357679,6697.876191357679,6734.22019753732,0.0,0.0,0.0,0.0,6640.0,6640.0,6724.22019753732,6724.22019753732,300.0,1816.291708344928,0.0,2,2,0,0
S2,continuous,A,665,37,6650.0,6650.0,6698.507853624835,6698.507853624835,6716.432434012256,0.0,0.0,0.0,0.0,6650.0,6650.0,6706.432434012256,6706.432434012256,300.0,1099.6387305275448,0.0,2,2,0,0
S2,continuous,A,666,70,6660.0,6660.0,6687.818949911953,6687.818949911953,6697.60315971442,0.0,0.0,0.0,0.0,6660.0,6660.0,6687.818949911953,6687.818949911953,300.0,1354.7324048423663,0.0,1,1,0,0
S2,continuous,A,667,79,6670.0,6670.0,6703.645496812219,6703.645496812219,6721.57007719964,0.0,0.0,0.0,0.0,6670.0,6670.0,6711.57007719964,6711.57007719964,300.0,402.9036634828245,0.0,0,0,0,0
S2,continuous,A,668,44,6680.0,6680.0,6726.37490677547,6726.37490677547,6766.637029472302,0.0,0.0,0.0,0.0,6680.0,6680.0,6756.637029472302,6756.637029472302,300.0,1451.8056720716518,0.0,3,3,0,0
S2,continuous,A,669,45,6690.0,6690.0,6737.074139398815,6737.074139398815,6777.336262095647,0.0,0.0,0.0,0.0,6690.0,6690.0,6767.336262095647,6767.336262095647,300.0,1098.372858993938,0.0,1,1,0,0
S2,continuous,A,670,41,6700.0,6700.0,6742.427105404006,6742.427105404006,6751.326326565631,0.0,0.0,0.0,0.0,6700.0,6700.0,6742.427105404006,6742.427105404006,300.0,1031.804406298035,0.0,3,3,0,0
S2,continuous,A,671,80,6710.0,6710.0,6751.826687793258,6751.826687793258,6788.170693972899,0.0,0.0,0.0,0.0,6710.0,6710.0,6778.170693972899,6778.170693972899,300.0,1040.413524513233,0.0,1,1,0,0
S2,continuous,A,672,22,6720.0,6720.0,6765.334630783916,6765.334630783916,6813.173054945441,0.0,0.0,0.0,0.0,6720.0,6720.0,6803.173054945441,6803.173054945441,300.0,1020.2871253241456,0.0,1,1,0,0
S2,continuous,A,673,61,6730.0,6730.0,6771.605093068162,6771.605093068162,6802.89837456982,0.0,0.0,0.0,0.0,6730.0,6730.0,6792.89837456982,6792.89837456982,300.0,1088.9738856086278,0.0,0,0,0,0
S2,continuous,A,674,59,6740.0,6740.0,6793.137477804198,6793.137477804198,6833.39960050103,0.0,0.0,0.0,0.0,6740.0,6740.0,6823.39960050103,6823.39960050103,300.0,1519.9680540321415,0.0,0,0,0,0
S2,continuous,A,675,85,6750.0,6750.0,6776.346389005968,6776.346389005968,6807.639670507626,0.0,0.0,0.0,0.0,6750.0,6750.0,6797.639670507626,6797.639670507626,300.0,1364.1070362726916,0.0,2,2,0,0
S2,continuous,A,676,54,6760.0,6760.0,6823.897507993558,6823.897507993558,6828.415123921314,0.0,0.0,0.0,0.0,6760.0,6760.0,6823.897507993558,6823.897507993558,300.0,2041.2082314648,0.0,2,2,0,0
S2,continuous,A,677,97,6770.0,6770.0,6817.107954112193,6817.107954112193,6826.007175273817,0.0,0.0,0.0,0.0,6770.0,6770.0,6817.107954112193,6817.107954112193,300.0,719.0284565262695,0.0,1,1,0,0
S2,continuous,A,678,2,6780.0,6780.0,6825.826774883243,6825.826774883243,6873.665199044769,0.0,0.0,0.0,0.0,6780.0,6780.0,6863.665199044769,6863.665199044769,300.0,1364.5580870883075,0.0,1,1,0,0
S2,continuous,A,679,16,6790.0,6790.0,6850.687143380294,6850.687143380294,6899.587427251611,0.0,0.0,0.0,0.0,6790.0,6790.0,6889.587427251611,6889.587427251611,300.0,2066.4698983109793,0.0,1,1,0,0
S2,continuous,A,680,91,6800.0,6800.0,6855.890163211569,6855.890163211569,6864.789384373194,0.0,0.0,0.0,0.0,6800.0,6800.0,6855.890163211569,6855.890163211569,300.0,1529.2932721681955,0.0,4,4,0,0
S2,continuous,A,681,60,6810.0,6810.0,6878.695303917794,6878.695303917794,6918.684459432843,0.0,0.0,0.0,0.0,6810.0,6810.0,6908.684459432843,6908.684459432843,300.0,1764.1152000303387,0.0,3,3,0,0
S2,continuous,A,682,42,6820.0,6820.0,6838.772368121642,6838.772368121642,6879.034490818474,0.0,0.0,0.0,0.0,6820.0,6820.0,6869.034490818474,6869.034490818474,300.0,904.016516626797,0.0,2,2,0,0
S2,continuous,A,683,46,6830.0,6830.0,6845.723020143777,6845.723020143777,6893.561444305303,0.0,0.0,0.0,0.0,6830.0,6830.0,6883.561444305303,6883.561444305303,300.0,684.0338592406176,0.0,0,0,0,0
S2,continuous,A,684,15,6840.0,6840.0,6885.826774883243,6885.826774883243,6933.665199044769,0.0,0.0,0.0,0.0,6840.0,6840.0,6923.665199044769,6923.665199044769,300.0,1364.5580870883075,0.0,1,1,0,0
S2,continuous,A,685,14,6850.0,6850.0,6882.071117741673,6882.071117741673,6918.415123921314,0.0,0.0,0.0,0.0,6850.0,6850.0,6908.415123921314,6908.415123921314,300.0,2041.2082314648,0.0,2,2,0,0
S2,continuous,A,686,13,6860.0,6860.0,6903.430503395387,6903.430503395387,6951.268927556913,0.0,0.0,0.0,0.0,6860.0,6860.0,6941.268927556913,6941.268927556913,300.0,651.728114195449,0.0,0,0,0,0
S2,continuous,A,687,36,6870.0,6870.0,6908.233934553584,6908.233934553584,6938.090670658078,0.0,0.0,0.0,0.0,6870.0,6870.0,6928.090670658078,6928.090670658078,300.0,474.3715710295271,0.0,0,0,0,0
S2,continuous,A,688,73,6880.0,6880.0,6948.695303917794,6948.695303917794,6988.684459432843,0.0,0.0,0.0,0.0,6880.0,6880.0,6978.684459432843,6978.684459432843,300.0,1764.1152000303387,0.0,3,3,0,0
S2,continuous,A,689,75,6890.0,6890.0,6948.157909757884,6948.157909757884,6984.22019753732,0.0,0.0,0.0,0.0,6890.0,6890.0,6974.22019753732,6974.22019753732,300.0,1816.291708344928,0.0,2,2,0,0
S2,continuous,A,690,18,6900.0,6900.0,6933.889185900226,6933.889185900226,6963.74592200472,0.0,0.0,0.0,0.0,6900.0,6900.0,6953.74592200472,6953.74592200472,300.0,1805.2031360520243,0.0,4,4,0,0
S2,continuous,A,691,12,6910.0,6910.0,6963.583521378355,6963.583521378355,7003.572676893404,0.0,0.0,0.0,0.0,6910.0,6910.0,6993.572676893404,6993.572676893404,300.0,1548.3394564003324,0.0,4,4,0,0
S2,continuous,A,692,64,6920.0,6920.0,6974.932813841667,6974.932813841667,7015.194936538499,0.0,0.0,0.0,0.0,6920.0,6920.0,7005.194936538499,7005.194936538499,300.0,1397.5002795006083,0.0,0,0,0,0
S2,continuous,A,693,92,6930.0,6930.0,6936.567747908919,6936.567747908919,6976.556903423968,0.0,0.0,0.0,0.0,6930.0,6930.0,6966.556903423968,6966.556903423968,300.0,359.2093226248886,0.0,0,0,0,0
S2,continuous,A,694,52,6940.0,6940.0,6983.430503395387,6983.430503395387,7031.268927556913,0.0,0.0,0.0,0.0,6940.0,6940.0,7021.268927556913,7021.268927556913,300.0,651.728114195449,0.0,0,0,0,0
S2,continuous,A,695,5,6950.0,6950.0,7002.706711910861,7002.706711910861,7051.606995782177,0.0,0.0,0.0,0.0,6950.0,6950.0,7041.606995782177,7041.606995782177,300.0,808.2460567865478,0.0,1,1,0,0
S2,continuous,A,696,91,6960.0,6960.0,6984.749016908033,6984.749016908033,7014.605753012527,0.0,0.0,0.0,0.0,6960.0,6960.0,7004.605753012527,7004.605753012527,300.0,1520.6318255130027,0.0,2,2,0,0
S2,continuous,A,697,90,6970.0,6970.0,7010.447288100283,7010.447288100283,7028.371868487704,0.0,0.0,0.0,0.0,6970.0,6970.0,7018.371868487704,7018.371868487704,300.0,944.9433821787932,0.0,1,1,0,0
S2,continuous,A,698,39,6980.0,6980.0,7035.8317543807,7035.8317543807,7075.820909895749,0.0,0.0,0.0,0.0,6980.0,6980.0,7065.820909895749,7065.820909895749,300.0,1992.3103770196594,0.0,5,5,0,0
S2,continuous,A,699,94,6990.0,6990.0,7055.468414015968,7055.468414015968,7064.367635177592,0.0,0.0,0.0,0.0,6990.0,6990.0,7055.468414015968,7055.468414015968,300.0,1393.5395348081422,0.0,3,3,0,0
S2,continuous,A,700,10,7000.0,7000.0,7030.995249309015,7030.995249309015,7062.2885308106725,0.0,0.0,0.0,0.0,7000.0,7000.0,7052.2885308106725,7052.2885308106725,300.0,1944.2300458976588,0.0,4,4,0,0
S2,continuous,A,701,82,7010.0,7010.0,7060.231981705214,7060.231981705214,7109.132265576531,0.0,0.0,0.0,0.0,7010.0,7010.0,7099.132265576531,7099.132265576531,300.0,1663.547840435321,0.0,1,1,0,0
S2,continuous,A,702,20,7020.0,7020.0,7066.877412471242,7066.877412471242,7098.170693972899,0.0,0.0,0.0,0.0,7020.0,7020.0,7088.170693972899,7088.170693972899,300.0,1040.413524513233,0.0,1,1,0,0
S2,continuous,A,703,13,7030.0,7030.0,7045.723020143777,7045.723020143777,7093.561444305303,0.0,0.0,0.0,0.0,7030.0,7030.0,7083.561444305303,7083.561444305303,300.0,684.0338592406176,0.0,0,0,0,0
S2,continuous,A,704,23,7040.0,7040.0,7060.704006384661,7060.704006384661,7096.7662941640965,0.0,0.0,0.0,0.0,7040.0,7040.0,7086.7662941640965,7086.7662941640965,300.0,1011.7932262410509,0.0,1,1,0,0
S2,continuous,A,705,7,7050.0,7050.0,7101.006804860081,7101.006804860081,7141.268927556913,0.0,0.0,0.0,0.0,7050.0,7050.0,7131.268927556913,7131.268927556913,300.0,651.728114195449,0.0,0,0,0,0
S2,continuous,A,706,35,7060.0,7060.0,7123.897507993558,7123.897507993558,7128.415123921314,0.0,0.0,0.0,0.0,7060.0,7060.0,7123.897507993558,7123.897507993558,300.0,2041.2082314648,0.0,2,2,0,0
S2,continuous,A,707,0,7070.0,7070.0,7123.7685716206515,7123.7685716206515,7171.606995782177,0.0,0.0,0.0,0.0,7070.0,7070.0,7161.606995782177,7161.606995782177,300.0,808.2460567865478,0.0,1,1,0,0
S2,continuous,A,708,5,7080.0,7080.0,7135.8317543807,7135.8317543807,7175.820909895749,0.0,0.0,0.0,0.0,7080.0,7080.0,7165.820909895749,7165.820909895749,300.0,1992.3103770196594,0.0,5,5,0,0
S2,continuous,A,709,37,7090.0,7090.0,7116.121234413246,7116.121234413246,7165.021518284563,0.0,0.0,0.0,0.0,7090.0,7090.0,7155.021518284563,7155.021518284563,300.0,1707.3307313613625,0.0,3,3,0,0
S2,continuous,A,710,90,7100.0,7100.0,7125.467351306275,7125.467351306275,7174.367635177592,0.0,0.0,0.0,0.0,7100.0,7100.0,7164.367635177592,7164.367635177592,300.0,1393.5395348081422,0.0,3,3,0,0
S2,continuous,A,711,13,7110.0,7110.0,7152.039287496212,7152.039287496212,7156.556903423968,0.0,0.0,0.0,0.0,7110.0,7110.0,7152.039287496212,7152.039287496212,300.0,359.2093226248886,0.0,0,0,0,0
S2,continuous,A,712,4,7120.0,7120.0,7165.826774883243,7165.826774883243,7213.665199044769,0.0,0.0,0.0,0.0,7120.0,7120.0,7203.665199044769,7203.665199044769,300.0,1364.5580870883075,0.0,1,1,0,0
S2,continuous,A,713,18,7130.0,7130.0,7181.006804860081,7181.006804860081,7221.268927556913,0.0,0.0,0.0,0.0,7130.0,7130.0,7211.268927556913,7211.268927556913,300.0,651.728114195449,0.0,0,0,0,0
S2,continuous,A,714,51,7140.0,7140.0,7204.527628394091,7204.527628394091,7235.820909895749,0.0,0.0,0.0,0.0,7140.0,7140.0,7225.820909895749,7225.820909895749,300.0,1992.3103770196592,0.0,5,5,0,0
S2,continuous,A,715,8,7150.0,7150.0,7196.877412471242,7196.877412471242,7228.170693972899,0.0,0.0,0.0,0.0,7150.0,7150.0,7218.170693972899,7218.170693972899,300.0,1040.413524513233,0.0,1,1,0,0
S2,continuous,A,716,66,7160.0,7160.0,7220.823917657395,7220.823917657395,7229.723138819019,0.0,0.0,0.0,0.0,7160.0,7160.0,7220.823917657395,7220.823917657395,300.0,1149.3877930070287,0.0,2,2,0,0
S2,continuous,A,717,80,7170.0,7170.0,7237.418501908422,7237.418501908422,7241.936117836178,0.0,0.0,0.0,0.0,7170.0,7170.0,7237.418501908422,7237.418501908422,300.0,1567.1187169061131,0.0,2,2,0,0
S2,continuous,A,718,61,7180.0,7180.0,7250.503902356807,7250.503902356807,7255.021518284563,0.0,0.0,0.0,0.0,7180.0,7180.0,7250.503902356807,7250.503902356807,300.0,1707.3307313613625,0.0,3,3,0,0
S2,continuous,A,719,71,7190.0,7190.0,7245.890163211569,7245.890163211569,7254.789384373194,0.0,0.0,0.0,0.0,7190.0,7190.0,7245.890163211569,7245.890163211569,300.0,1529.2932721681955,0.0,4,4,0,0
S2,continuous,A,720,38,7200.0,7200.0,7217.930117874518,7217.930117874518,7222.447733802274,0.0,0.0,0.0,0.0,7200.0,7200.0,7217.930117874518,7217.930117874518,300.0,669.1439663065105,0.0,2,2,0,0
S2,continuous,A,721,53,7210.0,7210.0,7269.784175561526,7269.784175561526,7318.684459432843,0.0,0.0,0.0,0.0,7210.0,7210.0,7308.684459432843,7308.684459432843,300.0,1764.1152000303387,0.0,3,3,0,0
S2,continuous,A,722,68,7220.0,7220.0,7250.37014623282,7250.37014623282,7286.432434012256,0.0,0.0,0.0,0.0,7220.0,7220.0,7276.432434012256,7276.432434012256,300.0,1099.638730527545,0.0,2,2,0,0
S2,continuous,A,723,88,7230.0,7230.0,7247.930117874518,7247.930117874518,7252.447733802274,0.0,0.0,0.0,0.0,7230.0,7230.0,7247.930117874518,7247.930117874518,300.0,669.1439663065105,0.0,2,2,0,0
S2,continuous,A,724,38,7240.0,7240.0,7298.774092946231,7298.774092946231,7328.630829050725,0.0,0.0,0.0,0.0,7240.0,7240.0,7318.630829050725,7318.630829050725,300.0,1601.558620176506,0.0,1,1,0,0
S2,continuous,A,725,92,7250.0,7250.0,7307.510389113968,7307.510389113968,7343.572676893404,0.0,0.0,0.0,0.0,7250.0,7250.0,7333.572676893404,7333.572676893404,300.0,1548.3394564003322,0.0,4,4,0,0
S2,continuous,A,726,74,7260.0,7260.0,7307.074139398815,7307.074139398815,7347.336262095647,0.0,0.0,0.0,0.0,7260.0,7260.0,7337.336262095647,7337.336262095647,300.0,1098.372858993938,0.0,1,1,0,0
S2,continuous,A,727,21,7270.0,7270.0,7320.13526965685,7320.13526965685,7329.034490818474,0.0,0.0,0.0,0.0,7270.0,7270.0,7320.13526965685,7320.13526965685,300.0,904.0165166267972,0.0,2,2,0,0
S2,continuous,A,728,13,7280.0,7280.0,7328.2923380682205,7328.2923380682205,7338.076547870688,0.0,0.0,0.0,0.0,7280.0,7280.0,7328.2923380682205,7328.2923380682205,300.0,1338.657894291522,0.0,1,1,0,0
S2,continuous,A,729,42,7290.0,7290.0,7347.591147830959,7347.591147830959,7395.429571992485,0.0,0.0,0.0,0.0,7290.0,7290.0,7385.429571992485,7385.429571992485,300.0,1612.6040527768496,0.0,2,2,0,0
S2,continuous,A,730,26,7300.0,7300.0,7357.876191357679,7357.876191357679,7394.22019753732,0.0,0.0,0.0,0.0,7300.0,7300.0,7384.22019753732,7384.22019753732,300.0,1816.291708344928,0.0,2,2,0,0
S2,continuous,A,731,91,7310.0,7310.0,7338.675350439743,7338.675350439743,7356.599930827164,0.0,0.0,0.0,0.0,7310.0,7310.0,7346.599930827164,7346.599930827164,300.0,1722.72661570832,0.0,4,4,0,0
S2,continuous,A,732,76,7320.0,7320.0,7354.906635103325,7354.906635103325,7390.968922882761,0.0,0.0,0.0,0.0,7320.0,7320.0,7380.968922882761,7380.968922882761,300.0,1904.0608413000243,0.0,3,3,0,0
S2,continuous,A,733,44,7330.0,7330.0,7386.780293367808,7386.780293367808,7416.637029472302,0.0,0.0,0.0,0.0,7330.0,7330.0,7406.637029472302,7406.637029472302,300.0,1451.8056720716518,0.0,3,3,0,0
S2,continuous,A,734,83,7340.0,7340.0,7372.958064943661,7372.958064943661,7412.94722045871,0.0,0.0,0.0,0.0,7340.0,7340.0,7402.94722045871,7402.94722045871,300.0,1793.7905026671829,0.0,1,1,0,0
S2,continuous,A,735,98,7350.0,7350.0,7400.088137084771,7400.088137084771,7404.605753012527,0.0,0.0,0.0,0.0,7350.0,7350.0,7400.088137084771,7400.088137084771,300.0,1520.6318255130027,0.0,2,2,0,0
S2,continuous,A,736,99,7360.0,7360.0,7388.445378193553,7388.445378193553,7424.789384373194,0.0,0.0,0.0,0.0,7360.0,7360.0,7414.789384373194,7414.789384373194,300.0,1529.2932721681955,0.0,4,4,0,0
S2,continuous,A,737,30,7370.0,7370.0,7415.826774883243,7415.826774883243,7463.665199044769,0.0,0.0,0.0,0.0,7370.0,7370.0,7453.665199044769,7453.665199044769,300.0,1364.5580870883075,0.0,1,1,0,0
S2,continuous,A,738,52,7380.0,7380.0,7433.7685716206515,7433.7685716206515,7481.606995782177,0.0,0.0,0.0,0.0,7380.0,7380.0,7471.606995782177,7471.606995782177,300.0,808.2460567865478,0.0,1,1,0,0
S2,continuous,A,739,77,7390.0,7390.0,7450.168704896585,7450.168704896585,7486.512711076226,0.0,0.0,0.0,0.0,7390.0,7390.0,7476.512711076226,7476.512711076226,300.0,1177.4495186060178,0.0,0,0,0,0
S2,continuous,A,740,85,7400.0,7400.0,7447.834941698443,7447.834941698443,7496.73522556976,0.0,0.0,0.0,0.0,7400.0,7400.0,7486.73522556976,7486.73522556976,300.0,950.6666329481047,0.0,2,2,0,0
S2,continuous,A,741,75,7410.0,7410.0,7462.706711910861,7462.706711910861,7511.606995782177,0.0,0.0,0.0,0.0,7410.0,7410.0,7501.606995782177,7501.606995782177,300.0,808.2460567865478,0.0,1,1,0,0
S2,continuous,A,742,24,7420.0,7420.0,7480.687143380294,7480.687143380294,7529.587427251611,0.0,0.0,0.0,0.0,7420.0,7420.0,7519.587427251611,7519.587427251611,300.0,2066.4698983109793,0.0,1,1,0,0
S2,continuous,A,743,11,7430.0,7430.0,7483.9870298323485,7483.9870298323485,7515.280311334006,0.0,0.0,0.0,0.0,7430.0,7430.0,7505.280311334006,7505.280311334006,300.0,1272.770830026891,0.0,1,1,0,0
S2,continuous,A,744,92,7440.0,7440.0,7480.133576475061,7480.133576475061,7520.12273199011,0.0,0.0,0.0,0.0,7440.0,7440.0,7510.12273199011,7510.12273199011,300.0,1770.168418688365,0.0,4,4,0,0
S2,continuous,A,745,56,7450.0,7450.0,7503.823355561166,7503.823355561166,7552.723639432483,0.0,0.0,0.0,0.0,7450.0,7450.0,7542.723639432483,7542.723639432483,300.0,1991.5597303238085,0.0,4,4,0,0
S2,continuous,A,746,47,7460.0,7460.0,7511.89893338101,7511.89893338101,7529.8235137684305,0.0,0.0,0.0,0.0,7460.0,7460.0,7519.8235137684305,7519.8235137684305,300.0,1066.7208943664375,0.0,1,1,0,0
S2,continuous,A,747,94,7470.0,7470.0,7518.507853624835,7518.507853624835,7536.432434012256,0.0,0.0,0.0,0.0,7470.0,7470.0,7526.432434012256,7526.432434012256,300.0,1099.6387305275448,0.0,2,2,0,0
S2,continuous,A,748,29,7480.0,7480.0,7528.641673535676,7528.641673535676,7568.630829050725,0.0,0.0,0.0,0.0,7480.0,7480.0,7558.630829050725,7558.630829050725,300.0,1601.5586201765059,0.0,1,1,0,0
S2,continuous,A,749,57,7490.0,7490.0,7562.866903327988,7562.866903327988,7592.723639432483,0.0,0.0,0.0,0.0,7490.0,7490.0,7582.723639432483,7582.723639432483,300.0,1991.5597303238085,0.0,4,4,0,0
S2,continuous,A,750,88,7500.0,7500.0,7517.510137531884,7517.510137531884,7553.854143711525,0.0,0.0,0.0,0.0,7500.0,7500.0,7543.854143711525,7543.854143711525,300.0,745.702928538268,0.0,0,0,0,0
S2,continuous,A,751,70,7510.0,7510.0,7558.641673535676,7558.641673535676,7598.630829050725,0.0,0.0,0.0,0.0,7510.0,7510.0,7588.630829050725,7588.630829050725,300.0,1601.5586201765059,0.0,1,1,0,0
S2,continuous,A,752,95,7520.0,7520.0,7570.231981705214,7570.231981705214,7619.132265576531,0.0,0.0,0.0,0.0,7520.0,7520.0,7609.132265576531,7609.132265576531,300.0,1663.547840435321,0.0,1,1,0,0
S2,continuous,A,753,32,7530.0,7530.0,7590.586756739029,7590.586756739029,7608.51133712645,0.0,0.0,0.0,0.0,7530.0,7530.0,7598.51133712645,7598.51133712645,300.0,1178.7038612448928,0.0,3,3,0,0
S2,continuous,A,754,51,7540.0,7540.0,7596.780293367808,7596.780293367808,7626.637029472302,0.0,0.0,0.0,0.0,7540.0,7540.0,7616.637029472302,7616.637029472302,300.0,1451.8056720716518,0.0,3,3,0,0
S2,continuous,A,755,72,7550.0,7550.0,7556.567747908919,7556.567747908919,7596.556903423968,0.0,0.0,0.0,0.0,7550.0,7550.0,7586.556903423968,7586.556903423968,300.0,359.2093226248886,0.0,0,0,0,0
S2,continuous,A,756,11,7560.0,7560.0,7605.334630783916,7605.334630783916,7653.173054945441,0.0,0.0,0.0,0.0,7560.0,7560.0,7643.173054945441,7643.173054945441,300.0,1020.2871253241456,0.0,1,1,0,0
S2,continuous,A,757,59,7570.0,7570.0,7599.605054785428,7599.605054785428,7609.389264587896,0.0,0.0,0.0,0.0,7570.0,7570.0,7599.605054785428,7599.605054785428,300.0,1744.0050524959402,0.0,1,1,0,0
S2,continuous,A,758,23,7580.0,7580.0,7630.13526965685,7630.13526965685,7639.034490818474,0.0,0.0,0.0,0.0,7580.0,7580.0,7630.13526965685,7630.13526965685,300.0,904.0165166267972,0.0,2,2,0,0
S2,continuous,A,759,17,7590.0,7590.0,7656.982375269379,7656.982375269379,7686.8391113738735,0.0,0.0,0.0,0.0,7590.0,7590.0,7676.8391113738735,7676.8391113738735,300.0,1664.739208520304,0.0,2,2,0,0
S2,continuous,A,760,1,7600.0,7600.0,7629.605054785428,7629.605054785428,7639.389264587896,0.0,0.0,0.0,0.0,7600.0,7600.0,7629.605054785428,7629.605054785428,300.0,1744.0050524959402,0.0,1,1,0,0
S2,continuous,A,761,39,7610.0,7610.0,7658.507853624835,7658.507853624835,7676.432434012256,0.0,0.0,0.0,0.0,7610.0,7610.0,7666.432434012256,7666.432434012256,300.0,1099.6387305275448,0.0,2,2,0,0
S2,continuous,A,762,65,7620.0,7620.0,7690.503902356807,7690.503902356807,7695.021518284563,0.0,0.0,0.0,0.0,7620.0,7620.0,7690.503902356807,7690.503902356807,300.0,1707.3307313613625,0.0,3,3,0,0
S2,continuous,A,763,62,7630.0,7630.0,7684.932813841667,7684.932813841667,7725.194936538499,0.0,0.0,0.0,0.0,7630.0,7630.0,7715.194936538499,7715.194936538499,300.0,1397.5002795006083,0.0,0,0,0,0
S2,continuous,A,764,45,7640.0,7640.0,7697.228529005339,7697.228529005339,7701.746144933095,0.0,0.0,0.0,0.0,7640.0,7640.0,7697.228529005339,7697.228529005339,300.0,1354.9924470233934,0.0,0,0,0,0
S2,continuous,A,765,70,7650.0,7650.0,7711.853224356362,7711.853224356362,7751.842379871411,0.0,0.0,0.0,0.0,7650.0,7650.0,7741.842379871411,7741.842379871411,300.0,2082.2803535882094,0.0,2,2,0,0
S2,continuous,A,766,68,7660.0,7660.0,7703.041638465325,7703.041638465325,7732.89837456982,0.0,0.0,0.0,0.0,7660.0,7660.0,7722.89837456982,7722.89837456982,300.0,1088.9738856086278,0.0,0,0,0,0
S2,continuous,A,767,97,7670.0,7670.0,7715.057460541112,7715.057460541112,7751.119748320548,0.0,0.0,0.0,0.0,7670.0,7670.0,7741.119748320548,7741.119748320548,300.0,1254.3897823691186,0.0,2,2,0,0
S2,continuous,A,768,1,7680.0,7680.0,7730.128215726833,7730.128215726833,7766.472221906474,0.0,0.0,0.0,0.0,7680.0,7680.0,7756.472221906474,7756.472221906474,300.0,1682.4356862432985,0.0,1,1,0,0
S2,continuous,A,769,5,7690.0,7690.0,7743.298705913779,7743.298705913779,7753.082915716246,0.0,0.0,0.0,0.0,7690.0,7690.0,7743.298705913779,7743.298705913779,300.0,586.6506045330536,0.0,0,0,0,0
S2,continuous,A,770,16,7700.0,7700.0,7717.930117874518,7717.930117874518,7722.447733802274,0.0,0.0,0.0,0.0,7700.0,7700.0,7717.930117874518,7717.930117874518,300.0,669.1439663065105,0.0,2,2,0,0
S2,continuous,A,771,34,7710.0,7710.0,7736.121234413246,7736.121234413246,7785.021518284563,0.0,0.0,0.0,0.0,7710.0,7710.0,7775.021518284563,7775.021518284563,300.0,1707.3307313613625,0.0,3,3,0,0
S2,continuous,A,772,76,7720.0,7720.0,7773.961712202253,7773.961712202253,7783.74592200472,0.0,0.0,0.0,0.0,7720.0,7720.0,7773.961712202253,7773.961712202253,300.0,1805.2031360520243,0.0,4,4,0,0
S2,continuous,A,773,25,7730.0,7730.0,7788.774092946231,7788.774092946231,7818.630829050725,0.0,0.0,0.0,0.0,7730.0,7730.0,7808.630829050725,7808.630829050725,300.0,1601.558620176506,0.0,1,1,0,0
S2,continuous,A,774,60,7740.0,7740.0,7800.168704896585,7800.168704896585,7836.512711076226,0.0,0.0,0.0,0.0,7740.0,7740.0,7826.512711076226,7826.512711076226,300.0,1177.4495186060178,0.0,0,0,0,0
S2,continuous,A,775,26,7750.0,7750.0,7806.8290487658005,7806.8290487658005,7843.173054945441,0.0,0.0,0.0,0.0,7750.0,7750.0,7833.173054945441,7833.173054945441,300.0,1020.2871253241456,0.0,1,1,0,0
S2,continuous,A,776,82,7760.0,7760.0,7786.346389005968,7786.346389005968,7817.639670507626,0.0,0.0,0.0,0.0,7760.0,7760.0,7807.639670507626,7807.639670507626,300.0,1364.1070362726916,0.0,2,2,0,0
S2,continuous,A,777,16,7770.0,7770.0,7812.082314899408,7812.082314899408,7816.599930827164,0.0,0.0,0.0,0.0,7770.0,7770.0,7812.082314899408,7812.082314899408,300.0,1722.72661570832,0.0,4,4,0,0
S2,continuous,A,778,22,7780.0,7780.0,7800.276795697982,7800.276795697982,7831.57007719964,0.0,0.0,0.0,0.0,7780.0,7780.0,7821.57007719964,7821.57007719964,300.0,402.9036634828245,0.0,0,0,0,0
S2,continuous,A,779,90,7790.0,7790.0,7836.877412471242,7836.877412471242,7868.170693972899,0.0,0.0,0.0,0.0,7790.0,7790.0,7858.170693972899,7858.170693972899,300.0,1040.413524513233,0.0,1,1,0,0
S2,continuous,A,780,23,7800.0,7800.0,7858.774092946231,7858.774092946231,7888.630829050725,0.0,0.0,0.0,0.0,7800.0,7800.0,7878.630829050725,7878.630829050725,300.0,1601.558620176506,0.0,1,1,0,0
S2,continuous,A,781,43,7810.0,7810.0,7861.006804860081,7861.006804860081,7901.268927556913,0.0,0.0,0.0,0.0,7810.0,7810.0,7891.268927556913,7891.268927556913,300.0,651.728114195449,0.0,0,0,0,0
S2,continuous,A,782,65,7820.0,7820.0,7892.866903327988,7892.866903327988,7922.723639432483,0.0,0.0,0.0,0.0,7820.0,7820.0,7912.723639432483,7912.723639432483,300.0,1991.5597303238085,0.0,4,4,0,0
S2,continuous,A,783,98,7830.0,7830.0,7850.276795697982,7850.276795697982,7881.57007719964,0.0,0.0,0.0,0.0,7830.0,7830.0,7871.57007719964,7871.57007719964,300.0,402.9036634828245,0.0,0,0,0,0
S2,continuous,A,784,3,7840.0,7840.0,7890.128215726833,7890.128215726833,7926.472221906474,0.0,0.0,0.0,0.0,7840.0,7840.0,7916.472221906474,7916.472221906474,300.0,1682.4356862432985,0.0,1,1,0,0
S2,continuous,A,785,77,7850.0,7850.0,7871.469590461136,7871.469590461136,7901.326326565631,0.0,0.0,0.0,0.0,7850.0,7850.0,7891.326326565631,7891.326326565631,300.0,1031.804406298035,0.0,3,3,0,0
S2,continuous,A,786,36,7860.0,7860.0,7922.3719175431115,7922.3719175431115,7953.665199044769,0.0,0.0,0.0,0.0,7860.0,7860.0,7943.665199044769,7943.665199044769,300.0,1364.5580870883075,0.0,1,1,0,0
S2,continuous,A,787,41,7870.0,7870.0,7911.826687793258,7911.826687793258,7948.170693972899,0.0,0.0,0.0,0.0,7870.0,7870.0,7938.170693972899,7938.170693972899,300.0,1040.413524513233,0.0,1,1,0,0
S2,continuous,A,788,96,7880.0,7880.0,7922.039287496212,7922.039287496212,7926.556903423968,0.0,0.0,0.0,0.0,7880.0,7880.0,7922.039287496212,7922.039287496212,300.0,359.2093226248886,0.0,0,0,0,0
S2,continuous,A,789,39,7890.0,7890.0,7946.8290487658005,7946.8290487658005,7983.173054945441,0.0,0.0,0.0,0.0,7890.0,7890.0,7973.173054945441,7973.173054945441,300.0,1020.2871253241456,0.0,1,1,0,0
S2,continuous,A,790,20,7900.0,7900.0,7940.133576475061,7940.133576475061,7980.12273199011,0.0,0.0,0.0,0.0,7900.0,7900.0,7970.12273199011,7970.12273199011,300.0,1770.168418688365,0.0,4,4,0,0
S2,continuous,A,791,71,7910.0,7910.0,7957.107954112193,7957.107954112193,7966.007175273817,0.0,0.0,0.0,0.0,7910.0,7910.0,7957.107954112193,7957.107954112193,300.0,719.0284565262695,0.0,1,1,0,0
S2,continuous,A,792,25,7920.0,7920.0,7946.121234413246,7946.121234413246,7995.021518284563,0.0,0.0,0.0,0.0,7920.0,7920.0,7985.021518284563,7985.021518284563,300.0,1707.3307313613625,0.0,3,3,0,0
S2,continuous,A,793,75,7930.0,7930.0,7983.961712202253,7983.961712202253,7993.74592200472,0.0,0.0,0.0,0.0,7930.0,7930.0,7983.961712202253,7983.961712202253,300.0,1805.2031360520243,0.0,4,4,0,0
S2,continuous,A,794,58,7940.0,7940.0,7985.334630783916,7985.334630783916,8033.173054945441,0.0,0.0,0.0,0.0,7940.0,7940.0,8023.173054945441,8023.173054945441,300.0,1020.2871253241456,0.0,1,1,0,0
S2,continuous,A,795,91,7950.0,7950.0,7976.783266369031,7976.783266369031,8008.076547870688,0.0,0.0,0.0,0.0,7950.0,7950.0,7998.076547870688,7998.076547870688,300.0,1338.657894291522,0.0,1,1,0,0
S2,continuous,A,796,86,7960.0,7960.0,8027.724814023382,8027.724814023382,8063.787101802818,0.0,0.0,0.0,0.0,7960.0,7960.0,8053.787101802818,8053.787101802818,300.0,1745.262883828593,0.0,0,0,0,0
S2,continuous,A,797,17,7970.0,7970.0,8025.890163211569,8025.890163211569,8034.789384373194,0.0,0.0,0.0,0.0,7970.0,7970.0,8025.890163211569,8025.890163211569,300.0,1529.2932721681955,0.0,4,4,0,0
S2,continuous,A,798,98,7980.0,7980.0,7994.182631844929,7994.182631844929,8043.082915716246,0.0,0.0,0.0,0.0,7980.0,7980.0,8033.082915716246,8033.082915716246,300.0,586.6506045330536,0.0,0,0,0,0
S2,continuous,A,799,29,7990.0,7990.0,8058.695303917794,8058.695303917794,8098.684459432843,0.0,0.0,0.0,0.0,7990.0,7990.0,8088.684459432843,8088.684459432843,300.0,1764.1152000303387,0.0,3,3,0,0
S2,continuous,A,800,54,8000.0,8000.0,8064.527628394091,8064.527628394091,8095.820909895749,0.0,0.0,0.0,0.0,8000.0,8000.0,8085.820909895749,8085.820909895749,300.0,1992.3103770196592,0.0,5,5,0,0
S2,continuous,A,801,51,8010.0,8010.0,8028.87737180695,8028.87737180695,8069.139494503782,0.0,0.0,0.0,0.0,8010.0,8010.0,8059.139494503782,8059.139494503782,300.0,856.4424627953115,0.0,0,0,0,0
S2,continuous,A,802,7,8020.0,8020.0,8061.826687793258,8061.826687793258,8098.170693972899,0.0,0.0,0.0,0.0,8020.0,8020.0,8088.170693972899,8088.170693972899,300.0,1040.413524513233,0.0,1,1,0,0
S2,continuous,A,803,37,8030.0,8030.0,8068.233934553584,8068.233934553584,8098.090670658078,0.0,0.0,0.0,0.0,8030.0,8030.0,8088.090670658078,8088.090670658078,300.0,474.3715710295271,0.0,0,0,0,0
S2,continuous,A,804,5,8040.0,8040.0,8098.157909757884,8098.157909757884,8134.22019753732,0.0,0.0,0.0,0.0,8040.0,8040.0,8124.22019753732,8124.22019753732,300.0,1816.291708344928,0.0,2,2,0,0
S2,continuous,A,805,90,8050.0,8050.0,8107.337312721595,8107.337312721595,8143.39960050103,0.0,0.0,0.0,0.0,8050.0,8050.0,8133.39960050103,8133.39960050103,300.0,1519.9680540321415,0.0,0,0,0,0
S2,continuous,A,806,57,8060.0,8060.0,8098.233934553584,8098.233934553584,8128.090670658078,0.0,0.0,0.0,0.0,8060.0,8060.0,8118.090670658078,8118.090670658078,300.0,474.3715710295271,0.0,0,0,0,0
S2,continuous,A,807,53,8070.0,8070.0,8123.583521378355,8123.583521378355,8163.572676893404,0.0,0.0,0.0,0.0,8070.0,8070.0,8153.572676893404,8153.572676893404,300.0,1548.3394564003324,0.0,4,4,0,0
S2,continuous,A,808,45,8080.0,8080.0,8144.527628394091,8144.527628394091,8175.820909895749,0.0,0.0,0.0,0.0,8080.0,8080.0,8165.820909895749,8165.820909895749,300.0,1992.3103770196592,0.0,5,5,0,0
S2,continuous,A,809,19,8090.0,8090.0,8118.51513238321,8118.51513238321,8148.371868487704,0.0,0.0,0.0,0.0,8090.0,8090.0,8138.371868487704,8138.371868487704,300.0,944.9433821787932,0.0,1,1,0,0
S2,continuous,A,810,49,8100.0,8100.0,8118.87737180695,8118.87737180695,8159.139494503782,0.0,0.0,0.0,0.0,8100.0,8100.0,8149.139494503782,8149.139494503782,300.0,856.4424627953115,0.0,0,0,0,0
S2,continuous,A,811,70,8110.0,8110.0,8161.89893338101,8161.89893338101,8179.8235137684305,0.0,0.0,0.0,0.0,8110.0,8110.0,8169.8235137684305,8169.8235137684305,300.0,1066.7208943664375,0.0,1,1,0,0
S2,continuous,A,812,2,8120.0,8120.0,8165.826774883243,8165.826774883243,8213.665199044768,0.0,0.0,0.0,0.0,8120.0,8120.0,8203.665199044768,8203.665199044768,300.0,1364.5580870883075,0.0,1,1,0,0
S2,continuous,A,813,27,8130.0,8130.0,8155.636693777627,8155.636693777627,8173.561274165048,0.0,0.0,0.0,0.0,8130.0,8130.0,8163.561274165048,8163.561274165048,300.0,1195.3762159601097,0.0,2,2,0,0
S2,continuous,A,814,41,8140.0,8140.0,8172.071117741673,8172.071117741673,8208.415123921313,0.0,0.0,0.0,0.0,8140.0,8140.0,8198.415123921313,8198.415123921313,300.0,2041.2082314648,0.0,2,2,0,0
S2,continuous,A,815,10,8150.0,8150.0,8166.018019758768,8166.018019758768,8206.007175273817,0.0,0.0,0.0,0.0,8150.0,8150.0,8196.007175273817,8196.007175273817,300.0,719.0284565262696,0.0,1,1,0,0
S2,continuous,A,816,73,8160.0,8160.0,8220.586756739029,8220.586756739029,8238.511337126449,0.0,0.0,0.0,0.0,8160.0,8160.0,8228.511337126449,8228.511337126449,300.0,1178.7038612448928,0.0,3,3,0,0
S2,continuous,A,817,66,8170.0,8170.0,8199.605054785428,8199.605054785428,8209.389264587897,0.0,0.0,0.0,0.0,8170.0,8170.0,8199.605054785428,8199.605054785428,300.0,1744.0050524959402,0.0,1,1,0,0
S2,continuous,A,818,82,8180.0,8180.0,8208.675350439742,8208.675350439742,8226.599930827162,0.0,0.0,0.0,0.0,8180.0,8180.0,8216.599930827162,8216.599930827162,300.0,1722.72661570832,0.0,4,4,0,0
S2,continuous,A,819,90,8190.0,8190.0,8249.784175561526,8249.784175561526,8298.684459432843,0.0,0.0,0.0,0.0,8190.0,8190.0,8288.684459432843,8288.684459432843,300.0,1764.1152000303387,0.0,3,3,0,0
S2,continuous,A,820,68,8200.0,8200.0,8247.61242720491,8247.61242720491,8296.512711076226,0.0,0.0,0.0,0.0,8200.0,8200.0,8286.512711076226,8286.512711076226,300.0,1177.4495186060178,0.0,0,0,0,0
S2,continuous,A,821,10,8210.0,8210.0,8261.89893338101,8261.89893338101,8279.82351376843,0.0,0.0,0.0,0.0,8210.0,8210.0,8269.82351376843,8269.82351376843,300.0,1066.7208943664375,0.0,1,1,0,0
S2,continuous,A,822,86,8220.0,8220.0,8236.018019758767,8236.018019758767,8276.007175273815,0.0,0.0,0.0,0.0,8220.0,8220.0,8266.007175273815,8266.007175273815,300.0,719.0284565262696,0.0,1,1,0,0
S2,continuous,A,823,75,8230.0,8230.0,8264.906635103325,8264.906635103325,8300.968922882761,0.0,0.0,0.0,0.0,8230.0,8230.0,8290.968922882761,8290.968922882761,300.0,1904.0608413000243,0.0,3,3,0,0
S2,continuous,A,824,3,8240.0,8240.0,8270.672912964923,8270.672912964923,8318.511337126449,0.0,0.0,0.0,0.0,8240.0,8240.0,8308.511337126449,8308.511337126449,300.0,1178.7038612448928,0.0,3,3,0,0
S2,continuous,A,825,36,8250.0,8250.0,8275.63669377763,8275.63669377763,8293.56127416505,0.0,0.0,0.0,0.0,8250.0,8250.0,8283.56127416505,8283.56127416505,300.0,1195.3762159601097,0.0,2,2,0,0
S2,continuous,A,826,63,8260.0,8260.0,8302.03928749621,8302.03928749621,8306.556903423967,0.0,0.0,0.0,0.0,8260.0,8260.0,8302.03928749621,8302.03928749621,300.0,359.2093226248886,0.0,0,0,0,0
S2,continuous,A,827,73,8270.0,8270.0,8286.018019758767,8286.018019758767,8326.007175273815,0.0,0.0,0.0,0.0,8270.0,8270.0,8316.007175273815,8316.007175273815,300.0,719.0284565262696,0.0,1,1,0,0
S2,continuous,A,828,51,8280.0,8280.0,8333.987029832348,8333.987029832348,8365.280311334005,0.0,0.0,0.0,0.0,8280.0,8280.0,8355.280311334005,8355.280311334005,300.0,1272.770830026891,0.0,1,1,0,0
S2,continuous,A,829,46,8290.0,8290.0,8357.418501908422,8357.418501908422,8361.936117836178,0.0,0.0,0.0,0.0,8290.0,8290.0,8357.418501908422,8357.418501908422,300.0,1567.1187169061131,0.0,2,2,0,0
S2,continuous,A,830,55,8300.0,8300.0,8338.233934553584,8338.233934553584,8368.090670658077,0.0,0.0,0.0,0.0,8300.0,8300.0,8358.090670658077,8358.090670658077,300.0,474.3715710295271,0.0,0,0,0,0
S2,continuous,A,831,0,8310.0,8310.0,8365.20578102345,8365.20578102345,8405.194936538497,0.0,0.0,0.0,0.0,8310.0,8310.0,8395.194936538497,8395.194936538497,300.0,1397.5002795006085,0.0,0,0,0,0
S2,continuous,A,832,56,8320.0,8320.0,8387.724814023382,8387.724814023382,8423.787101802818,0.0,0.0,0.0,0.0,8320.0,8320.0,8413.787101802818,8413.787101802818,300.0,1745.262883828593,0.0,0,0,0,0
S2,continuous,A,833,53,8330.0,8330.0,8354.029971938702,8354.029971938702,8371.954552326122,0.0,0.0,0.0,0.0,8330.0,8330.0,8361.954552326122,8361.954552326122,300.0,1142.8357262171116,0.0,3,3,0,0
S2,continuous,A,834,65,8340.0,8340.0,8387.834941698442,8387.834941698442,8436.735225569759,0.0,0.0,0.0,0.0,8340.0,8340.0,8426.735225569759,8426.735225569759,300.0,950.6666329481047,0.0,2,2,0,0
S2,continuous,A,835,35,8350.0,8350.0,8376.783266369031,8376.783266369031,8408.076547870689,0.0,0.0,0.0,0.0,8350.0,8350.0,8398.076547870689,8398.076547870689,300.0,1338.657894291522,0.0,1,1,0,0
S2,continuous,A,836,41,8360.0,8360.0,8423.163010656242,8423.163010656242,8432.947220458711,0.0,0.0,0.0,0.0,8360.0,8360.0,8423.163010656242,8423.163010656242,300.0,1793.7905026671829,0.0,1,1,0,0
S2,continuous,A,837,16,8370.0,8370.0,8410.13357647506,8410.13357647506,8450.122731990108,0.0,0.0,0.0,0.0,8370.0,8370.0,8440.122731990108,8440.122731990108,300.0,1770.168418688365,0.0,4,4,0,0
S2,continuous,A,838,58,8380.0,8380.0,8427.61242720491,8427.61242720491,8476.512711076226,0.0,0.0,0.0,0.0,8380.0,8380.0,8466.512711076226,8466.512711076226,300.0,1177.4495186060178,0.0,0,0,0,0
S2,continuous,A,839,10,8390.0,8390.0,8407.510137531885,8407.510137531885,8443.854143711525,0.0,0.0,0.0,0.0,8390.0,8390.0,8433.854143711525,8433.854143711525,300.0,745.702928538268,0.0,0,0,0,0
S2,continuous,A,840,27,8400.0,8400.0,8445.826774883244,8445.826774883244,8493.66519904477,0.0,0.0,0.0,0.0,8400.0,8400.0,8483.66519904477,8483.66519904477,300.0,1364.5580870883075,0.0,1,1,0,0
S2,continuous,A,841,82,8410.0,8410.0,8467.510389113966,8467.510389113966,8503.572676893402,0.0,0.0,0.0,0.0,8410.0,8410.0,8493.572676893402,8493.572676893402,300.0,1548.3394564003322,0.0,4,4,0,0
S2,continuous,A,842,94,8420.0,8420.0,8438.772368121641,8438.772368121641,8479.034490818472,0.0,0.0,0.0,0.0,8420.0,8420.0,8469.034490818472,8469.034490818472,300.0,904.016516626797,0.0,2,2,0,0
S2,continuous,A,843,76,8430.0,8430.0,8454.029971938702,8454.029971938702,8471.954552326122,0.0,0.0,0.0,0.0,8430.0,8430.0,8461.954552326122,8461.954552326122,300.0,1142.8357262171116,0.0,3,3,0,0
S2,continuous,A,844,26,8440.0,8440.0,8497.591147830957,8497.591147830957,8545.429571992483,0.0,0.0,0.0,0.0,8440.0,8440.0,8535.429571992483,8535.429571992483,300.0,1612.6040527768496,0.0,2,2,0,0
S2,continuous,A,845,22,8450.0,8450.0,8480.995249309015,8480.995249309015,8512.288530810672,0.0,0.0,0.0,0.0,8450.0,8450.0,8502.288530810672,8502.288530810672,300.0,1944.2300458976588,0.0,4,4,0,0
S2,continuous,A,846,80,8460.0,8460.0,8485.467351306275,8485.467351306275,8534.367635177592,0.0,0.0,0.0,0.0,8460.0,8460.0,8524.367635177592,8524.367635177592,300.0,1393.5395348081422,0.0,3,3,0,0
S2,continuous,A,847,99,8470.0,8470.0,8491.469590461136,8491.469590461136,8521.32632656563,0.0,0.0,0.0,0.0,8470.0,8470.0,8511.32632656563,8511.32632656563,300.0,1031.804406298035,0.0,3,3,0,0
S2,continuous,A,848,11,8480.0,8480.0,8533.777234502835,8533.777234502835,8543.561444305304,0.0,0.0,0.0,0.0,8480.0,8480.0,8533.777234502835,8533.777234502835,300.0,684.0338592406176,0.0,0,0,0,0
S2,continuous,A,849,7,8490.0,8490.0,8542.706711910861,8542.706711910861,8591.606995782178,0.0,0.0,0.0,0.0,8490.0,8490.0,8581.606995782178,8581.606995782178,300.0,808.2460567865478,0.0,1,1,0,0
S2,continuous,A,850,92,8500.0,8500.0,8547.834941698442,8547.834941698442,8596.735225569759,0.0,0.0,0.0,0.0,8500.0,8500.0,8586.735225569759,8586.735225569759,300.0,950.6666329481047,0.0,2,2,0,0
S2,continuous,A,851,9,8510.0,8510.0,8552.082314899406,8552.082314899406,8556.599930827162,0.0,0.0,0.0,0.0,8510.0,8510.0,8552.082314899406,8552.082314899406,300.0,1722.72661570832,0.0,4,4,0,0
S2,continuous,A,852,19,8520.0,8520.0,8570.992255916004,8570.992255916004,8607.336262095645,0.0,0.0,0.0,0.0,8520.0,8520.0,8597.336262095645,8597.336262095645,300.0,1098.372858993938,0.0,1,1,0,0
S2,continuous,A,853,34,8530.0,8530.0,8589.784175561526,8589.784175561526,8638.684459432843,0.0,0.0,0.0,0.0,8530.0,8530.0,8628.684459432843,8628.684459432843,300.0,1764.1152000303387,0.0,3,3,0,0
S2,continuous,A,854,96,8540.0,8540.0,8568.515132383209,8568.515132383209,8598.371868487702,0.0,0.0,0.0,0.0,8540.0,8540.0,8588.371868487702,8588.371868487702,300.0,944.9433821787932,0.0,1,1,0,0
S2,continuous,A,855,53,8550.0,8550.0,8600.08813708477,8600.08813708477,8604.605753012525,0.0,0.0,0.0,0.0,8550.0,8550.0,8600.08813708477,8600.08813708477,300.0,1520.6318255130027,0.0,2,2,0,0
S2,continuous,A,856,5,8560.0,8560.0,8605.057460541113,8605.057460541113,8641.119748320549,0.0,0.0,0.0,0.0,8560.0,8560.0,8631.119748320549,8631.119748320549,300.0,1254.3897823691186,0.0,2,2,0,0
S2,continuous,A,857,16,8570.0,8570.0,8618.641673535676,8618.641673535676,8658.630829050724,0.0,0.0,0.0,0.0,8570.0,8570.0,8648.630829050724,8648.630829050724,300.0,1601.5586201765059,0.0,1,1,0,0
S2,continuous,A,858,29,8580.0,8580.0,8637.770914882916,8637.770914882916,8642.288530810672,0.0,0.0,0.0,0.0,8580.0,8580.0,8637.770914882916,8637.770914882916,300.0,1944.2300458976588,0.0,4,4,0,0
S2,continuous,A,859,57,8590.0,8590.0,8643.29870591378,8643.29870591378,8653.082915716248,0.0,0.0,0.0,0.0,8590.0,8590.0,8643.29870591378,8643.29870591378,300.0,586.6506045330536,0.0,0,0,0,0
S2,continuous,A,860,67,8600.0,8600.0,8645.334630783917,8645.334630783917,8693.173054945442,0.0,0.0,0.0,0.0,8600.0,8600.0,8683.173054945442,8683.173054945442,300.0,1020.2871253241456,0.0,1,1,0,0
S2,continuous,A,861,48,8610.0,8610.0,8666.473102872927,8666.473102872927,8706.735225569759,0.0,0.0,0.0,0.0,8610.0,8610.0,8696.735225569759,8696.735225569759,300.0,950.666632948105,0.0,2,2,0,0
S2,continuous,A,862,90,8620.0,8620.0,8654.906635103325,8654.906635103325,8690.968922882761,0.0,0.0,0.0,0.0,8620.0,8620.0,8680.968922882761,8680.968922882761,300.0,1904.0608413000243,0.0,3,3,0,0
S2,continuous,A,863,89,8630.0,8630.0,8665.269530095564,8665.269530095564,8714.16981396688,0.0,0.0,0.0,0.0,8630.0,8630.0,8704.16981396688,8704.16981396688,300.0,1490.4543018366448,0.0,3,3,0,0
S2,continuous,A,864,17,8640.0,8640.0,8704.52762839409,8704.52762839409,8735.820909895747,0.0,0.0,0.0,0.0,8640.0,8640.0,8725.820909895747,8725.820909895747,300.0,1992.3103770196592,0.0,5,5,0,0
S2,continuous,A,865,33,8650.0,8650.0,8680.370146232819,8680.370146232819,8716.432434012255,0.0,0.0,0.0,0.0,8650.0,8650.0,8706.432434012255,8706.432434012255,300.0,1099.638730527545,0.0,2,2,0,0
S2,continuous,A,866,58,8660.0,8660.0,8678.877371806951,8678.877371806951,8719.139494503783,0.0,0.0,0.0,0.0,8660.0,8660.0,8709.139494503783,8709.139494503783,300.0,856.4424627953115,0.0,0,0,0,0
S2,continuous,A,867,66,8670.0,8670.0,8737.838984074873,8737.838984074873,8769.13226557653,0.0,0.0,0.0,0.0,8670.0,8670.0,8759.13226557653,8759.13226557653,300.0,1663.547840435321,0.0,1,1,0,0
S2,continuous,A,868,31,8680.0,8680.0,8728.29233806822,8728.29233806822,8738.076547870689,0.0,0.0,0.0,0.0,8680.0,8680.0,8728.29233806822,8728.29233806822,300.0,1338.657894291522,0.0,1,1,0,0
S2,continuous,A,869,35,8690.0,8690.0,8735.334630783917,8735.334630783917,8783.173054945442,0.0,0.0,0.0,0.0,8690.0,8690.0,8773.173054945442,8773.173054945442,300.0,1020.2871253241456,0.0,1,1,0,0
S2,continuous,A,870,49,8700.0,8700.0,8766.98237526938,8766.98237526938,8796.839111373873,0.0,0.0,0.0,0.0,8700.0,8700.0,8786.839111373873,8786.839111373873,300.0,1664.739208520304,0.0,2,2,0,0
S2,continuous,A,871,99,8710.0,8710.0,8750.447288100282,8750.447288100282,8768.371868487702,0.0,0.0,0.0,0.0,8710.0,8710.0,8758.371868487702,8758.371868487702,300.0,944.9433821787932,0.0,1,1,0,0
S2,continuous,A,872,63,8720.0,8720.0,8765.334630783917,8765.334630783917,8813.173054945442,0.0,0.0,0.0,0.0,8720.0,8720.0,8803.173054945442,8803.173054945442,300.0,1020.2871253241456,0.0,1,1,0,0
S2,continuous,A,873,79,8730.0,8730.0,8778.740449346002,8778.740449346002,8787.639670507626,0.0,0.0,0.0,0.0,8730.0,8730.0,8778.740449346002,8778.740449346002,300.0,1364.1070362726916,0.0,2,2,0,0
S2,continuous,A,874,36,8740.0,8740.0,8798.77409294623,8798.77409294623,8828.630829050724,0.0,0.0,0.0,0.0,8740.0,8740.0,8818.630829050724,8818.630829050724,300.0,1601.558620176506,0.0,1,1,0,0
S2,continuous,A,875,26,8750.0,8750.0,8795.018188637174,8795.018188637174,8835.280311334005,0.0,0.0,0.0,0.0,8750.0,8750.0,8825.280311334005,8825.280311334005,300.0,1272.7708300268912,0.0,1,1,0,0
S2,continuous,A,876,20,8760.0,8760.0,8813.987029832348,8813.987029832348,8845.280311334005,0.0,0.0,0.0,0.0,8760.0,8760.0,8835.280311334005,8835.280311334005,300.0,1272.770830026891,0.0,1,1,0,0
S2,continuous,A,877,4,8770.0,8770.0,8796.783266369031,8796.783266369031,8828.076547870689,0.0,0.0,0.0,0.0,8770.0,8770.0,8818.076547870689,8818.076547870689,300.0,1338.657894291522,0.0,1,1,0,0
S2,continuous,A,878,74,8780.0,8780.0,8835.948677641292,8835.948677641292,8883.787101802818,0.0,0.0,0.0,0.0,8780.0,8780.0,8873.787101802818,8873.787101802818,300.0,1745.262883828593,0.0,0,0,0,0
S2,continuous,A,879,60,8790.0,8790.0,8834.069933909057,8834.069933909057,8843.854143711525,0.0,0.0,0.0,0.0,8790.0,8790.0,8834.069933909057,8834.069933909057,300.0,745.702928538268,0.0,0,0,0,0
S2,continuous,A,880,42,8800.0,8800.0,8863.163010656242,8863.163010656242,8872.947220458711,0.0,0.0,0.0,0.0,8800.0,8800.0,8863.163010656242,8863.163010656242,300.0,1793.7905026671829,0.0,1,1,0,0
S2,continuous,A,881,87,8810.0,8810.0,8867.510389113966,8867.510389113966,8903.572676893402,0.0,0.0,0.0,0.0,8810.0,8810.0,8893.572676893402,8893.572676893402,300.0,1548.3394564003322,0.0,4,4,0,0
S2,continuous,A,882,21,8820.0,8820.0,8862.427105404005,8862.427105404005,8871.32632656563,0.0,0.0,0.0,0.0,8820.0,8820.0,8862.427105404005,8862.427105404005,300.0,1031.804406298035,0.0,3,3,0,0
S2,continuous,A,883,70,8830.0,8830.0,8887.510389113966,8887.510389113966,8923.572676893402,0.0,0.0,0.0,0.0,8830.0,8830.0,8913.572676893402,8913.572676893402,300.0,1548.3394564003322,0.0,4,4,0,0
S2,continuous,A,884,64,8840.0,8840.0,8890.128215726832,8890.128215726832,8926.472221906473,0.0,0.0,0.0,0.0,8840.0,8840.0,8916.472221906473,8916.472221906473,300.0,1682.4356862432985,0.0,1,1,0,0
S2,continuous,A,885,28,8850.0,8850.0,8898.29233806822,8898.29233806822,8908.076547870689,0.0,0.0,0.0,0.0,8850.0,8850.0,8898.29233806822,8898.29233806822,300.0,1338.657894291522,0.0,1,1,0,0
S2,continuous,A,886,16,8860.0,8860.0,8907.10795411219,8907.10795411219,8916.007175273815,0.0,0.0,0.0,0.0,8860.0,8860.0,8907.10795411219,8907.10795411219,300.0,719.0284565262695,0.0,1,1,0,0
S2,continuous,A,887,63,8870.0,8870.0,8922.706711910861,8922.706711910861,8971.606995782178,0.0,0.0,0.0,0.0,8870.0,8870.0,8961.606995782178,8961.606995782178,300.0,808.2460567865478,0.0,1,1,0,0
S2,continuous,A,888,20,8880.0,8880.0,8928.740449346002,8928.740449346002,8937.639670507626,0.0,0.0,0.0,0.0,8880.0,8880.0,8928.740449346002,8928.740449346002,300.0,1364.1070362726916,0.0,2,2,0,0
S2,continuous,A,889,69,8890.0,8890.0,8947.228529005339,8947.228529005339,8951.746144933095,0.0,0.0,0.0,0.0,8890.0,8890.0,8947.228529005339,8947.228529005339,300.0,1354.9924470233934,0.0,0,0,0,0
S2,continuous,A,890,13,8900.0,8900.0,8933.77706436258,8933.77706436258,8943.56127416505,0.0,0.0,0.0,0.0,8900.0,8900.0,8933.77706436258,8933.77706436258,300.0,1195.3762159601097,0.0,2,2,0,0
S2,continuous,A,891,18,8910.0,8910.0,8972.198151602688,8972.198151602688,8990.122731990108,0.0,0.0,0.0,0.0,8910.0,8910.0,8980.122731990108,8980.122731990108,300.0,1770.168418688365,0.0,4,4,0,0
S2,continuous,A,892,27,8920.0,8920.0,8987.418501908422,8987.418501908422,8991.936117836178,0.0,0.0,0.0,0.0,8920.0,8920.0,8987.418501908422,8987.418501908422,300.0,1567.1187169061131,0.0,2,2,0,0
S2,continuous,A,893,50,8930.0,8930.0,8980.231981705214,8980.231981705214,9029.13226557653,0.0,0.0,0.0,0.0,8930.0,8930.0,9019.13226557653,9019.13226557653,300.0,1663.547840435321,0.0,1,1,0,0
S2,continuous,A,894,86,8940.0,8940.0,8946.567747908919,8946.567747908919,8986.556903423967,0.0,0.0,0.0,0.0,8940.0,8940.0,8976.556903423967,8976.556903423967,300.0,359.2093226248886,0.0,0,0,0,0
S2,continuous,A,895,0,8950.0,8950.0,9001.00680486008,9001.00680486008,9041.268927556912,0.0,0.0,0.0,0.0,8950.0,8950.0,9031.268927556912,9031.268927556912,300.0,651.728114195449,0.0,0,0,0,0
S2,continuous,A,896,48,8960.0,8960.0,9007.834941698442,9007.834941698442,9056.735225569759,0.0,0.0,0.0,0.0,8960.0,8960.0,9046.735225569759,9046.735225569759,300.0,950.6666329481047,0.0,2,2,0,0
S2,continuous,A,897,92,8970.0,8970.0,9027.591147830957,9027.591147830957,9075.429571992483,0.0,0.0,0.0,0.0,8970.0,8970.0,9065.429571992483,9065.429571992483,300.0,1612.6040527768496,0.0,2,2,0,0
S2,continuous,A,898,36,8980.0,8980.0,9033.961712202252,9033.961712202252,9043.74592200472,0.0,0.0,0.0,0.0,8980.0,8980.0,9033.961712202252,9033.961712202252,300.0,1805.2031360520243,0.0,4,4,0,0
S2,continuous,A,899,95,8990.0,8990.0,9014.029971938702,9014.029971938702,9031.954552326122,0.0,0.0,0.0,0.0,8990.0,8990.0,9021.954552326122,9021.954552326122,300.0,1142.8357262171116,0.0,3,3,0,0
S2,continuous,A,900,63,9000.0,9000.0,9023.347138670093,9023.347138670093,9059.409426449529,0.0,0.0,0.0,0.0,9000.0,9000.0,9049.409426449529,9049.409426449529,300.0,1458.2010346917555,0.0,3,3,0,0
S2,continuous,A,901,88,9010.0,9010.0,9063.768571620652,9063.768571620652,9111.606995782178,0.0,0.0,0.0,0.0,9010.0,9010.0,9101.606995782178,9101.606995782178,300.0,808.2460567865478,0.0,1,1,0,0
S2,continuous,A,902,3,9020.0,9020.0,9054.87164866014,9054.87164866014,9059.389264587897,0.0,0.0,0.0,0.0,9020.0,9020.0,9054.87164866014,9054.87164866014,300.0,1744.0050524959402,0.0,1,1,0,0
S2,continuous,A,903,12,9030.0,9030.0,9087.770914882916,9087.770914882916,9092.288530810672,0.0,0.0,0.0,0.0,9030.0,9030.0,9087.770914882916,9087.770914882916,300.0,1944.2300458976588,0.0,4,4,0,0
S2,continuous,A,904,43,9040.0,9040.0,9069.561391071598,9069.561391071598,9109.82351376843,0.0,0.0,0.0,0.0,9040.0,9040.0,9099.82351376843,9099.82351376843,300.0,1066.7208943664377,0.0,1,1,0,0
S2,continuous,A,905,23,9050.0,9050.0,9095.334630783917,9095.334630783917,9143.173054945442,0.0,0.0,0.0,0.0,9050.0,9050.0,9133.173054945442,9133.173054945442,300.0,1020.2871253241456,0.0,1,1,0,0
S2,continuous,A,906,74,9060.0,9060.0,9085.467351306275,9085.467351306275,9134.367635177592,0.0,0.0,0.0,0.0,9060.0,9060.0,9124.367635177592,9124.367635177592,300.0,1393.5395348081422,0.0,3,3,0,0
S2,continuous,A,907,80,9070.0,9070.0,9130.687143380293,9130.687143380293,9179.58742725161,0.0,0.0,0.0,0.0,9070.0,9070.0,9169.58742725161,9169.58742725161,300.0,2066.4698983109793,0.0,1,1,0,0
S2,continuous,A,908,32,9080.0,9080.0,9134.891810521773,9134.891810521773,9139.409426449529,0.0,0.0,0.0,0.0,9080.0,9080.0,9134.891810521773,9134.891810521773,300.0,1458.2010346917555,0.0,3,3,0,0
S2,continuous,A,909,79,9090.0,9090.0,9143.777234502835,9143.777234502835,9153.561444305304,0.0,0.0,0.0,0.0,9090.0,9090.0,9143.777234502835,9143.777234502835,300.0,684.0338592406176,0.0,0,0,0,0
S2,continuous,A,910,16,9100.0,9100.0,9146.374906775469,9146.374906775469,9186.6370294723,0.0,0.0,0.0,0.0,9100.0,9100.0,9176.6370294723,9176.6370294723,300.0,1451.8056720716518,0.0,3,3,0,0
S2,continuous,A,911,29,9110.0,9110.0,9169.784175561526,9169.784175561526,9218.684459432843,0.0,0.0,0.0,0.0,9110.0,9110.0,9208.684459432843,9208.684459432843,300.0,1764.1152000303387,0.0,3,3,0,0
S2,continuous,A,912,1,9120.0,9120.0,9140.70400638466,9140.70400638466,9176.766294164096,0.0,0.0,0.0,0.0,9120.0,9120.0,9166.766294164096,9166.766294164096,300.0,1011.7932262410509,0.0,1,1,0,0
S2,continuous,A,913,12,9130.0,9130.0,9183.137477804197,9183.137477804197,9223.399600501029,0.0,0.0,0.0,0.0,9130.0,9130.0,9213.399600501029,9213.399600501029,300.0,1519.9680540321415,0.0,0,0,0,0
S2,continuous,A,914,54,9140.0,9140.0,9178.233934553584,9178.233934553584,9208.090670658077,0.0,0.0,0.0,0.0,9140.0,9140.0,9198.090670658077,9198.090670658077,300.0,474.3715710295271,0.0,0,0,0,0
S2,continuous,A,915,28,9150.0,9150.0,9182.071117741674,9182.071117741674,9218.415123921315,0.0,0.0,0.0,0.0,9150.0,9150.0,9208.415123921315,9208.415123921315,300.0,2041.2082314648,0.0,2,2,0,0
S2,continuous,A,916,0,9160.0,9160.0,9185.63669377763,9185.63669377763,9203.56127416505,0.0,0.0,0.0,0.0,9160.0,9160.0,9193.56127416505,9193.56127416505,300.0,1195.3762159601097,0.0,2,2,0,0
S2,continuous,A,917,49,9170.0,9170.0,9217.834941698442,9217.834941698442,9266.735225569759,0.0,0.0,0.0,0.0,9170.0,9170.0,9256.735225569759,9256.735225569759,300.0,950.6666329481047,0.0,2,2,0,0
S2,continuous,A,918,6,9180.0,9180.0,9205.63669377763,9205.63669377763,9223.56127416505,0.0,0.0,0.0,0.0,9180.0,9180.0,9213.56127416505,9213.56127416505,300.0,1195.3762159601097,0.0,2,2,0,0
S2,continuous,A,919,39,9190.0,9190.0,9236.545379514484,9236.545379514484,9254.469959901904,0.0,0.0,0.0,0.0,9190.0,9190.0,9244.469959901904,9244.469959901904,300.0,951.4344884915572,0.0,0,0,0,0
S2,continuous,A,920,81,9200.0,9200.0,9255.948677641292,9255.948677641292,9303.787101802818,0.0,0.0,0.0,0.0,9200.0,9200.0,9293.787101802818,9293.787101802818,300.0,1745.262883828593,0.0,0,0,0,0
S2,continuous,A,921,62,9210.0,9210.0,9259.826466818891,9259.826466818891,9291.119748320549,0.0,0.0,0.0,0.0,9210.0,9210.0,9281.119748320549,9281.119748320549,300.0,1254.3897823691184,0.0,2,2,0,0
S2,continuous,A,922,87,9220.0,9220.0,9233.548512640651,9233.548512640651,9242.447733802275,0.0,0.0,0.0,0.0,9220.0,9220.0,9233.548512640651,9233.548512640651,300.0,669.1439663065105,0.0,2,2,0,0
S2,continuous,A,923,31,9230.0,9230.0,9286.829048765801,9286.829048765801,9323.173054945442,0.0,0.0,0.0,0.0,9230.0,9230.0,9313.173054945442,9313.173054945442,300.0,1020.2871253241456,0.0,1,1,0,0
S2,continuous,A,924,9,9240.0,9240.0,9274.906635103325,9274.906635103325,9310.968922882761,0.0,0.0,0.0,0.0,9240.0,9240.0,9300.968922882761,9300.968922882761,300.0,1904.0608413000243,0.0,3,3,0,0
S2,continuous,A,925,15,9250.0,9250.0,9303.137477804197,9303.137477804197,9343.399600501029,0.0,0.0,0.0,0.0,9250.0,9250.0,9333.399600501029,9333.399600501029,300.0,1519.9680540321415,0.0,0,0,0,0
S2,continuous,A,926,32,9260.0,9260.0,9307.074139398814,9307.074139398814,9347.336262095645,0.0,0.0,0.0,0.0,9260.0,9260.0,9337.336262095645,9337.336262095645,300.0,1098.372858993938,0.0,1,1,0,0
S2,continuous,A,927,58,9270.0,9270.0,9343.525139472174,9343.525139472174,9379.58742725161,0.0,0.0,0.0,0.0,9270.0,9270.0,9369.58742725161,9369.58742725161,300.0,2066.4698983109793,0.0,1,1,0,0
S2,continuous,A,928,28,9280.0,9280.0,9350.503902356806,9350.503902356806,9355.021518284562,0.0,0.0,0.0,0.0,9280.0,9280.0,9350.503902356806,9350.503902356806,300.0,1707.3307313613625,0.0,3,3,0,0
S2,continuous,A,929,23,9290.0,9290.0,9318.703938552797,9318.703938552797,9327.603159714421,0.0,0.0,0.0,0.0,9290.0,9290.0,9318.703938552797,9318.703938552797,300.0,1354.7324048423663,0.0,1,1,0,0
S2,continuous,A,930,73,9300.0,9300.0,9347.10795411219,9347.10795411219,9356.007175273815,0.0,0.0,0.0,0.0,9300.0,9300.0,9347.10795411219,9347.10795411219,300.0,719.0284565262695,0.0,1,1,0,0
S2,continuous,A,931,68,9310.0,9310.0,9367.591147830957,9367.591147830957,9415.429571992483,0.0,0.0,0.0,0.0,9310.0,9310.0,9405.429571992483,9405.429571992483,300.0,1612.6040527768496,0.0,2,2,0,0
S2,continuous,A,932,18,9320.0,9320.0,9350.370146232819,9350.370146232819,9386.432434012255,0.0,0.0,0.0,0.0,9320.0,9320.0,9376.432434012255,9376.432434012255,300.0,1099.638730527545,0.0,2,2,0,0
S2,continuous,A,933,6,9330.0,9330.0,9346.018019758767,9346.018019758767,9386.007175273815,0.0,0.0,0.0,0.0,9330.0,9330.0,9376.007175273815,9376.007175273815,300.0,719.0284565262696,0.0,1,1,0,0
S2,continuous,A,934,95,9340.0,9340.0,9381.605093068161,9381.605093068161,9412.898374569819,0.0,0.0,0.0,0.0,9340.0,9340.0,9402.898374569819,9402.898374569819,300.0,1088.9738856086278,0.0,0,0,0,0
S2,continuous,A,935,11,9350.0,9350.0,9380.672912964923,9380.672912964923,9428.511337126449,0.0,0.0,0.0,0.0,9350.0,9350.0,9418.511337126449,9418.511337126449,300.0,1178.7038612448928,0.0,3,3,0,0
S2,continuous,A,936,69,9360.0,9360.0,9412.706711910861,9412.706711910861,9461.606995782178,0.0,0.0,0.0,0.0,9360.0,9360.0,9451.606995782178,9451.606995782178,300.0,808.2460567865478,0.0,1,1,0,0
S2,continuous,A,937,94,9370.0,9370.0,9415.057460541113,9415.057460541113,9451.119748320549,0.0,0.0,0.0,0.0,9370.0,9370.0,9441.119748320549,9441.119748320549,300.0,1254.3897823691186,0.0,2,2,0,0
S2,continuous,A,938,76,9380.0,9380.0,9436.473102872927,9436.473102872927,9476.735225569759,0.0,0.0,0.0,0.0,9380.0,9380.0,9466.735225569759,9466.735225569759,300.0,950.666632948105,0.0,2,2,0,0
S2,continuous,A,939,77,9390.0,9390.0,9441.89893338101,9441.89893338101,9459.82351376843,0.0,0.0,0.0,0.0,9390.0,9390.0,9449.82351376843,9449.82351376843,300.0,1066.7208943664375,0.0,1,1,0,0
S2,continuous,A,940,93,9400.0,9400.0,9441.605093068161,9441.605093068161,9472.898374569819,0.0,0.0,0.0,0.0,9400.0,9400.0,9462.898374569819,9462.898374569819,300.0,1088.9738856086278,0.0,0,0,0,0
S2,continuous,A,941,56,9410.0,9410.0,9468.77409294623,9468.77409294623,9498.630829050724,0.0,0.0,0.0,0.0,9410.0,9410.0,9488.630829050724,9488.630829050724,300.0,1601.558620176506,0.0,1,1,0,0
S2,continuous,A,942,37,9420.0,9420.0,9438.877371806951,9438.877371806951,9479.139494503783,0.0,0.0,0.0,0.0,9420.0,9420.0,9469.139494503783,9469.139494503783,300.0,856.4424627953115,0.0,0,0,0,0
S2,continuous,A,943,53,9430.0,9430.0,9490.586756739029,9490.586756739029,9508.511337126449,0.0,0.0,0.0,0.0,9430.0,9430.0,9498.511337126449,9498.511337126449,300.0,1178.7038612448928,0.0,3,3,0,0
S2,continuous,A,944,32,9440.0,9440.0,9482.427105404005,9482.427105404005,9491.32632656563,0.0,0.0,0.0,0.0,9440.0,9440.0,9482.427105404005,9482.427105404005,300.0,1031.804406298035,0.0,3,3,0,0
S2,continuous,A,945,39,9450.0,9450.0,9503.583521378354,9503.583521378354,9543.572676893402,0.0,0.0,0.0,0.0,9450.0,9450.0,9533.572676893402,9533.572676893402,300.0,1548.3394564003324,0.0,4,4,0,0
S2,continuous,A,946,24,9460.0,9460.0,9521.184713080293,9521.184713080293,9530.968922882761,0.0,0.0,0.0,0.0,9460.0,9460.0,9521.184713080293,9521.184713080293,300.0,1904.0608413000243,0.0,3,3,0,0
S2,continuous,A,947,36,9470.0,9470.0,9488.772368121641,9488.772368121641,9529.034490818472,0.0,0.0,0.0,0.0,9470.0,9470.0,9519.034490818472,9519.034490818472,300.0,904.016516626797,0.0,2,2,0,0
S2,continuous,A,948,35,9480.0,9480.0,9494.182631844931,9494.182631844931,9543.082915716248,0.0,0.0,0.0,0.0,9480.0,9480.0,9533.082915716248,9533.082915716248,300.0,586.6506045330536,0.0,0,0,0,0
S2,continuous,A,949,62,9490.0,9490.0,9543.961712202252,9543.961712202252,9553.74592200472,0.0,0.0,0.0,0.0,9490.0,9490.0,9543.961712202252,9543.961712202252,300.0,1805.2031360520243,0.0,4,4,0,0
S2,continuous,A,950,10,9500.0,9500.0,9551.89893338101,9551.89893338101,9569.82351376843,0.0,0.0,0.0,0.0,9500.0,9500.0,9559.82351376843,9559.82351376843,300.0,1066.7208943664375,0.0,1,1,0,0
S2,continuous,A,951,88,9510.0,9510.0,9543.77706436258,9543.77706436258,9553.56127416505,0.0,0.0,0.0,0.0,9510.0,9510.0,9543.77706436258,9543.77706436258,300.0,1195.3762159601097,0.0,2,2,0,0
S2,continuous,A,952,66,9520.0,9520.0,9537.930117874519,9537.930117874519,9542.447733802275,0.0,0.0,0.0,0.0,9520.0,9520.0,9537.930117874519,9537.930117874519,300.0,669.1439663065105,0.0,2,2,0,0
S2,continuous,A,953,17,9530.0,9530.0,9588.157909757883,9588.157909757883,9624.22019753732,0.0,0.0,0.0,0.0,9530.0,9530.0,9614.22019753732,9614.22019753732,300.0,1816.291708344928,0.0,2,2,0,0
S2,continuous,A,954,64,9540.0,9540.0,9581.826687793258,9581.826687793258,9618.1706939729,0.0,0.0,0.0,0.0,9540.0,9540.0,9608.1706939729,9608.1706939729,300.0,1040.413524513233,0.0,1,1,0,0
S2,continuous,A,955,98,9550.0,9550.0,9613.163010656242,9613.163010656242,9622.947220458711,0.0,0.0,0.0,0.0,9550.0,9550.0,9613.163010656242,9613.163010656242,300.0,1793.7905026671829,0.0,1,1,0,0
S2,continuous,A,956,52,9560.0,9560.0,9625.440416477435,9625.440416477435,9665.429571992483,0.0,0.0,0.0,0.0,9560.0,9560.0,9655.429571992483,9655.429571992483,300.0,1612.6040527768496,0.0,2,2,0,0
S2,continuous,A,957,32,9570.0,9570.0,9583.548512640651,9583.548512640651,9592.447733802275,0.0,0.0,0.0,0.0,9570.0,9570.0,9583.548512640651,9583.548512640651,300.0,669.1439663065105,0.0,2,2,0,0
S2,continuous,A,958,47,9580.0,9580.0,9647.724814023382,9647.724814023382,9683.787101802818,0.0,0.0,0.0,0.0,9580.0,9580.0,9673.787101802818,9673.787101802818,300.0,1745.262883828593,0.0,0,0,0,0
S2,continuous,A,959,86,9590.0,9590.0,9636.374906775469,9636.374906775469,9676.6370294723,0.0,0.0,0.0,0.0,9590.0,9590.0,9666.6370294723,9666.6370294723,300.0,1451.8056720716518,0.0,3,3,0,0
S2,continuous,A,960,20,9600.0,9600.0,9618.772368121641,9618.772368121641,9659.034490818472,0.0,0.0,0.0,0.0,9600.0,9600.0,9649.034490818472,9649.034490818472,300.0,904.016516626797,0.0,2,2,0,0
S2,continuous,A,961,66,9610.0,9610.0,9638.675350439742,9638.675350439742,9656.599930827162,0.0,0.0,0.0,0.0,9610.0,9610.0,9646.599930827162,9646.599930827162,300.0,1722.72661570832,0.0,4,4,0,0
S2,continuous,A,962,10,9620.0,9620.0,9676.473102872927,9676.473102872927,9716.735225569759,0.0,0.0,0.0,0.0,9620.0,9620.0,9706.735225569759,9706.735225569759,300.0,950.666632948105,0.0,2,2,0,0
S2,continuous,A,963,41,9630.0,9630.0,9693.897507993559,9693.897507993559,9698.415123921315,0.0,0.0,0.0,0.0,9630.0,9630.0,9693.897507993559,9693.897507993559,300.0,2041.2082314648,0.0,2,2,0,0
S2,continuous,A,964,35,9640.0,9640.0,9691.00680486008,9691.00680486008,9731.268927556912,0.0,0.0,0.0,0.0,9640.0,9640.0,9721.268927556912,9721.268927556912,300.0,651.728114195449,0.0,0,0,0,0
S2,continuous,A,965,63,9650.0,9650.0,9717.418501908422,9717.418501908422,9721.936117836178,0.0,0.0,0.0,0.0,9650.0,9650.0,9717.418501908422,9717.418501908422,300.0,1567.1187169061131,0.0,2,2,0,0
S2,continuous,A,966,42,9660.0,9660.0,9727.838984074873,9727.838984074873,9759.13226557653,0.0,0.0,0.0,0.0,9660.0,9660.0,9749.13226557653,9749.13226557653,300.0,1663.547840435321,0.0,1,1,0,0
S2,continuous,A,967,92,9670.0,9670.0,9695.63669377763,9695.63669377763,9713.56127416505,0.0,0.0,0.0,0.0,9670.0,9670.0,9703.56127416505,9703.56127416505,300.0,1195.3762159601097,0.0,2,2,0,0
S2,continuous,A,968,1,9680.0,9680.0,9723.430503395386,9723.430503395386,9771.268927556912,0.0,0.0,0.0,0.0,9680.0,9680.0,9761.268927556912,9761.268927556912,300.0,651.728114195449,0.0,0,0,0,0
S2,continuous,A,969,58,9690.0,9690.0,9755.440416477435,9755.440416477435,9795.429571992483,0.0,0.0,0.0,0.0,9690.0,9690.0,9785.429571992483,9785.429571992483,300.0,1612.6040527768496,0.0,2,2,0,0
S2,continuous,A,970,74,9700.0,9700.0,9720.276795697982,9720.276795697982,9751.57007719964,0.0,0.0,0.0,0.0,9700.0,9700.0,9741.57007719964,9741.57007719964,300.0,402.9036634828245,0.0,0,0,0,0
S2,continuous,A,971,68,9710.0,9710.0,9774.52762839409,9774.52762839409,9805.820909895747,0.0,0.0,0.0,0.0,9710.0,9710.0,9795.820909895747,9795.820909895747,300.0,1992.3103770196592,0.0,5,5,0,0
S2,continuous,A,972,76,9720.0,9720.0,9767.10795411219,9767.10795411219,9776.007175273815,0.0,0.0,0.0,0.0,9720.0,9720.0,9767.10795411219,9767.10795411219,300.0,719.0284565262695,0.0,1,1,0,0
S2,continuous,A,973,61,9730.0,9730.0,9789.784175561526,9789.784175561526,9838.684459432843,0.0,0.0,0.0,0.0,9730.0,9730.0,9828.684459432843,9828.684459432843,300.0,1764.1152000303387,0.0,3,3,0,0
S2,continuous,A,974,12,9740.0,9740.0,9797.228529005339,9797.228529005339,9801.746144933095,0.0,0.0,0.0,0.0,9740.0,9740.0,9797.228529005339,9797.228529005339,300.0,1354.9924470233934,0.0,0,0,0,0
S2,continuous,A,975,2,9750.0,9750.0,9795.826774883244,9795.826774883244,9843.66519904477,0.0,0.0,0.0,0.0,9750.0,9750.0,9833.66519904477,9833.66519904477,300.0,1364.5580870883075,0.0,1,1,0,0
S2,continuous,A,976,78,9760.0,9760.0,9815.890163211569,9815.890163211569,9824.789384373193,0.0,0.0,0.0,0.0,9760.0,9760.0,9815.890163211569,9815.890163211569,300.0,1529.2932721681955,0.0,4,4,0,0
S2,continuous,A,977,81,9770.0,9770.0,9838.695303917795,9838.695303917795,9878.684459432843,0.0,0.0,0.0,0.0,9770.0,9770.0,9868.684459432843,9868.684459432843,300.0,1764.1152000303387,0.0,3,3,0,0
S2,continuous,A,978,52,9780.0,9780.0,9837.510389113966,9837.510389113966,9873.572676893402,0.0,0.0,0.0,0.0,9780.0,9780.0,9863.572676893402,9863.572676893402,300.0,1548.3394564003322,0.0,4,4,0,0
S2,continuous,A,979,53,9790.0,9790.0,9811.469590461136,9811.469590461136,9841.32632656563,0.0,0.0,0.0,0.0,9790.0,9790.0,9831.32632656563,9831.32632656563,300.0,1031.804406298035,0.0,3,3,0,0
S2,continuous,A,980,66,9800.0,9800.0,9849.355284701314,9849.355284701314,9859.139494503783,0.0,0.0,0.0,0.0,9800.0,9800.0,9849.355284701314,9849.355284701314,300.0,856.4424627953115,0.0,0,0,0,0
S2,continuous,A,981,51,9810.0,9810.0,9840.370146232819,9840.370146232819,9876.432434012255,0.0,0.0,0.0,0.0,9810.0,9810.0,9866.432434012255,9866.432434012255,300.0,1099.638730527545,0.0,2,2,0,0
S2,continuous,A,982,4,9820.0,9820.0,9844.097693674652,9844.097693674652,9891.936117836178,0.0,0.0,0.0,0.0,9820.0,9820.0,9881.936117836178,9881.936117836178,300.0,1567.1187169061131,0.0,2,2,0,0
S2,continuous,A,983,6,9830.0,9830.0,9836.567747908919,9836.567747908919,9876.556903423967,0.0,0.0,0.0,0.0,9830.0,9830.0,9866.556903423967,9866.556903423967,300.0,359.2093226248886,0.0,0,0,0,0
S2,continuous,A,984,89,9840.0,9840.0,9863.347138670093,9863.347138670093,9899.409426449529,0.0,0.0,0.0,0.0,9840.0,9840.0,9889.409426449529,9889.409426449529,300.0,1458.2010346917555,0.0,3,3,0,0
S2,continuous,A,985,95,9850.0,9850.0,9879.561391071598,9879.561391071598,9919.82351376843,0.0,0.0,0.0,0.0,9850.0,9850.0,9909.82351376843,9909.82351376843,300.0,1066.7208943664377,0.0,1,1,0,0
S2,continuous,A,986,69,9860.0,9860.0,9916.829048765801,9916.829048765801,9953.173054945442,0.0,0.0,0.0,0.0,9860.0,9860.0,9943.173054945442,9943.173054945442,300.0,1020.2871253241456,0.0,1,1,0,0
S2,continuous,A,987,28,9870.0,9870.0,9923.961712202252,9923.961712202252,9933.74592200472,0.0,0.0,0.0,0.0,9870.0,9870.0,9923.961712202252,9923.961712202252,300.0,1805.2031360520243,0.0,4,4,0,0
S2,continuous,A,988,77,9880.0,9880.0,9910.995249309015,9910.995249309015,9942.288530810672,0.0,0.0,0.0,0.0,9880.0,9880.0,9932.288530810672,9932.288530810672,300.0,1944.2300458976588,0.0,4,4,0,0
S2,continuous,A,989,65,9890.0,9890.0,9950.586756739029,9950.586756739029,9968.511337126449,0.0,0.0,0.0,0.0,9890.0,9890.0,9958.511337126449,9958.511337126449,300.0,1178.7038612448928,0.0,3,3,0,0
S2,continuous,A,990,41,9900.0,9900.0,9948.641673535676,9948.641673535676,9988.630829050724,0.0,0.0,0.0,0.0,9900.0,9900.0,9978.630829050724,9978.630829050724,300.0,1601.5586201765059,0.0,1,1,0,0
S2,continuous,A,991,98,9910.0,9910.0,9943.77706436258,9943.77706436258,9953.56127416505,0.0,0.0,0.0,0.0,9910.0,9910.0,9943.77706436258,9943.77706436258,300.0,1195.3762159601097,0.0,2,2,0,0
S2,continuous,A,992,51,9920.0,9920.0,9949.561391071598,9949.561391071598,9989.82351376843,0.0,0.0,0.0,0.0,9920.0,9920.0,9979.82351376843,9979.82351376843,300.0,1066.7208943664377,0.0,1,1,0,0
S2,continuous,A,993,86,9930.0,9930.0,9958.445378193552,9958.445378193552,9994.789384373193,0.0,0.0,0.0,0.0,9930.0,9930.0,9984.789384373193,9984.789384373193,300.0,1529.2932721681955,0.0,4,4,0,0
S2,continuous,A,994,3,9940.0,9940.0,9997.876191357678,9997.876191357678,10034.22019753732,0.0,0.0,0.0,0.0,9940.0,9940.0,10024.22019753732,10024.22019753732,300.0,1816.291708344928,0.0,2,2,0,0
S2,continuous,A,995,90,9950.0,9950.0,10014.52762839409,10014.52762839409,10045.820909895747,0.0,0.0,0.0,0.0,9950.0,9950.0,10035.820909895747,10035.820909895747,300.0,1992.3103770196592,0.0,5,5,0,0
S2,continuous,A,996,89,9960.0,9960.0,10006.374906775469,10006.374906775469,10046.6370294723,0.0,0.0,0.0,0.0,9960.0,9960.0,10036.6370294723,10036.6370294723,300.0,1451.8056720716518,0.0,3,3,0,0
S2,continuous,A,997,4,9970.0,9970.0,10027.591147830957,10027.591147830957,10075.429571992483,0.0,0.0,0.0,0.0,9970.0,9970.0,10065.429571992483,10065.429571992483,300.0,1612.6040527768496,0.0,2,2,0,0
S2,continuous,A,998,64,9980.0,9980.0,10031.00680486008,10031.00680486008,10071.268927556912,0.0,0.0,0.0,0.0,9980.0,9980.0,10061.268927556912,10061.268927556912,300.0,651.728114195449,0.0,0,0,0,0
S2,continuous,A,999,44,9990.0,9990.0,10011.484022236264,10011.484022236264,10051.746144933095,0.0,0.0,0.0,0.0,9990.0,9990.0,10041.746144933095,10041.746144933095,300.0,1354.9924470233934,0.0,0,0,0,0
S2,continuous,A,1000,27,10000.0,10000.0,10035.269530095564,10035.269530095564,10084.16981396688,0.0,0.0,0.0,0.0,10000.0,10000.0,10074.16981396688,10074.16981396688,300.0,1490.4543018366448,0.0,3,3,0,0
S2,continuous,A,1001,39,10010.0,10010.0,10030.276795697982,10030.276795697982,10061.57007719964,0.0,0.0,0.0,0.0,10010.0,10010.0,10051.57007719964,10051.57007719964,300.0,402.9036634828245,0.0,0,0,0,0
S2,continuous,A,1002,78,10020.0,10020.0,10044.029971938702,10044.029971938702,10061.954552326122,0.0,0.0,0.0,0.0,10020.0,10020.0,10051.954552326122,10051.954552326122,300.0,1142.8357262171116,0.0,3,3,0,0
S2,continuous,A,1003,33,10030.0,10030.0,10054.749016908032,10054.749016908032,10084.605753012525,0.0,0.0,0.0,0.0,10030.0,10030.0,10074.605753012525,10074.605753012525,300.0,1520.6318255130027,0.0,2,2,0,0
S2,continuous,A,1004,71,10040.0,10040.0,10094.891810521773,10094.891810521773,10099.409426449529,0.0,0.0,0.0,0.0,10040.0,10040.0,10094.891810521773,10094.891810521773,300.0,1458.2010346917555,0.0,3,3,0,0
S2,continuous,A,1005,37,10050.0,10050.0,10101.89893338101,10101.89893338101,10119.82351376843,0.0,0.0,0.0,0.0,10050.0,10050.0,10109.82351376843,10109.82351376843,300.0,1066.7208943664375,0.0,1,1,0,0
S2,continuous,A,1006,2,10060.0,10060.0,10108.29233806822,10108.29233806822,10118.076547870689,0.0,0.0,0.0,0.0,10060.0,10060.0,10108.29233806822,10108.29233806822,300.0,1338.657894291522,0.0,1,1,0,0
S2,continuous,A,1007,44,10070.0,10070.0,10110.447288100282,10110.447288100282,10128.371868487702,0.0,0.0,0.0,0.0,10070.0,10070.0,10118.371868487702,10118.371868487702,300.0,944.9433821787932,0.0,1,1,0,0
S2,continuous,A,1008,40,10080.0,10080.0,10134.932813841666,10134.932813841666,10175.194936538497,0.0,0.0,0.0,0.0,10080.0,10080.0,10165.194936538497,10165.194936538497,300.0,1397.5002795006083,0.0,0,0,0,0
S2,continuous,A,1009,59,10090.0,10090.0,10114.749016908032,10114.749016908032,10144.605753012525,0.0,0.0,0.0,0.0,10090.0,10090.0,10134.605753012525,10134.605753012525,300.0,1520.6318255130027,0.0,2,2,0,0
S2,continuous,A,1010,61,10100.0,10100.0,10147.61242720491,10147.61242720491,10196.512711076226,0.0,0.0,0.0,0.0,10100.0,10100.0,10186.512711076226,10186.512711076226,300.0,1177.4495186060178,0.0,0,0,0,0
S2,continuous,A,1011,78,10110.0,10110.0,10166.780293367807,10166.780293367807,10196.6370294723,0.0,0.0,0.0,0.0,10110.0,10110.0,10186.6370294723,10186.6370294723,300.0,1451.8056720716518,0.0,3,3,0,0
S2,continuous,A,1012,16,10120.0,10120.0,10136.018019758767,10136.018019758767,10176.007175273815,0.0,0.0,0.0,0.0,10120.0,10120.0,10166.007175273815,10166.007175273815,300.0,719.0284565262696,0.0,1,1,0,0
S2,continuous,A,1013,33,10130.0,10130.0,10178.29233806822,10178.29233806822,10188.076547870689,0.0,0.0,0.0,0.0,10130.0,10130.0,10178.29233806822,10178.29233806822,300.0,1338.657894291522,0.0,1,1,0,0
S2,continuous,A,1014,77,10140.0,10140.0,10203.897507993559,10203.897507993559,10208.415123921315,0.0,0.0,0.0,0.0,10140.0,10140.0,10203.897507993559,10203.897507993559,300.0,2041.2082314648,0.0,2,2,0,0
S2,continuous,A,1015,0,10150.0,10150.0,10220.503902356806,10220.503902356806,10225.021518284562,0.0,0.0,0.0,0.0,10150.0,10150.0,10220.503902356806,10220.503902356806,300.0,1707.3307313613625,0.0,3,3,0,0
S2,continuous,A,1016,70,10160.0,10160.0,10218.157909757883,10218.157909757883,10254.22019753732,0.0,0.0,0.0,0.0,10160.0,10160.0,10244.22019753732,10244.22019753732,300.0,1816.291708344928,0.0,2,2,0,0
S2,continuous,A,1017,97,10170.0,10170.0,10202.071117741674,10202.071117741674,10238.415123921315,0.0,0.0,0.0,0.0,10170.0,10170.0,10228.415123921315,10228.415123921315,300.0,2041.2082314648,0.0,2,2,0,0
S2,continuous,A,1018,10,10180.0,10180.0,10245.49837369177,10245.49837369177,10281.84237987141,0.0,0.0,0.0,0.0,10180.0,10180.0,10271.84237987141,10271.84237987141,300.0,2082.2803535882094,0.0,2,2,0,0
S2,continuous,A,1019,68,10190.0,10190.0,10232.03928749621,10232.03928749621,10236.556903423967,0.0,0.0,0.0,0.0,10190.0,10190.0,10232.03928749621,10232.03928749621,300.0,359.2093226248886,0.0,0,0,0,0
S2,continuous,A,1020,42,10200.0,10200.0,10225.63669377763,10225.63669377763,10243.56127416505,0.0,0.0,0.0,0.0,10200.0,10200.0,10233.56127416505,10233.56127416505,300.0,1195.3762159601097,0.0,2,2,0,0
S2,continuous,A,1021,81,10210.0,10210.0,10238.703938552797,10238.703938552797,10247.603159714421,0.0,0.0,0.0,0.0,10210.0,10210.0,10238.703938552797,10238.703938552797,300.0,1354.7324048423663,0.0,1,1,0,0
S2,continuous,A,1022,36,10220.0,10220.0,10245.63669377763,10245.63669377763,10263.56127416505,0.0,0.0,0.0,0.0,10220.0,10220.0,10253.56127416505,10253.56127416505,300.0,1195.3762159601097,0.0,2,2,0,0
S2,continuous,A,1023,24,10230.0,10230.0,10295.440416477435,10295.440416477435,10335.429571992483,0.0,0.0,0.0,0.0,10230.0,10230.0,10325.429571992483,10325.429571992483,300.0,1612.6040527768496,0.0,2,2,0,0
S2,continuous,A,1024,46,10240.0,10240.0,10289.826466818891,10289.826466818891,10321.119748320549,0.0,0.0,0.0,0.0,10240.0,10240.0,10311.119748320549,10311.119748320549,300.0,1254.3897823691184,0.0,2,2,0,0
S2,continuous,A,1025,76,10250.0,10250.0,10313.897507993559,10313.897507993559,10318.415123921315,0.0,0.0,0.0,0.0,10250.0,10250.0,10313.897507993559,10313.897507993559,300.0,2041.2082314648,0.0,2,2,0,0
S2,continuous,A,1026,63,10260.0,10260.0,10293.055331164498,10293.055331164498,10301.954552326122,0.0,0.0,0.0,0.0,10260.0,10260.0,10293.055331164498,10293.055331164498,300.0,1142.8357262171116,0.0,3,3,0,0
S2,continuous,A,1027,5,10270.0,10270.0,10303.055331164498,10303.055331164498,10311.954552326122,0.0,0.0,0.0,0.0,10270.0,10270.0,10303.055331164498,10303.055331164498,300.0,1142.8357262171116,0.0,3,3,0,0
S2,continuous,A,1028,89,10280.0,10280.0,10340.168704896585,10340.168704896585,10376.512711076226,0.0,0.0,0.0,0.0,10280.0,10280.0,10366.512711076226,10366.512711076226,300.0,1177.4495186060178,0.0,0,0,0,0
S2,continuous,A,1029,12,10290.0,10290.0,10335.334630783917,10335.334630783917,10383.173054945442,0.0,0.0,0.0,0.0,10290.0,10290.0,10373.173054945442,10373.173054945442,300.0,1020.2871253241456,0.0,1,1,0,0
S2,continuous,A,1030,69,10300.0,10300.0,10357.876191357678,10357.876191357678,10394.22019753732,0.0,0.0,0.0,0.0,10300.0,10300.0,10384.22019753732,10384.22019753732,300.0,1816.291708344928,0.0,2,2,0,0
S2,continuous,A,1031,19,10310.0,10310.0,10351.826687793258,10351.826687793258,10388.1706939729,0.0,0.0,0.0,0.0,10310.0,10310.0,10378.1706939729,10378.1706939729,300.0,1040.413524513233,0.0,1,1,0,0
S2,continuous,A,1032,60,10320.0,10320.0,10338.772368121641,10338.772368121641,10379.034490818472,0.0,0.0,0.0,0.0,10320.0,10320.0,10369.034490818472,10369.034490818472,300.0,904.016516626797,0.0,2,2,0,0
S2,continuous,A,1033,74,10330.0,10330.0,10377.074139398814,10377.074139398814,10417.336262095645,0.0,0.0,0.0,0.0,10330.0,10330.0,10407.336262095645,10407.336262095645,300.0,1098.372858993938,0.0,1,1,0,0
S2,continuous,A,1034,97,10340.0,10340.0,10395.20578102345,10395.20578102345,10435.194936538497,0.0,0.0,0.0,0.0,10340.0,10340.0,10425.194936538497,10425.194936538497,300.0,1397.5002795006085,0.0,0,0,0,0
S2,continuous,A,1035,16,10350.0,10350.0,10382.958064943663,10382.958064943663,10422.947220458711,0.0,0.0,0.0,0.0,10350.0,10350.0,10412.947220458711,10412.947220458711,300.0,1793.7905026671829,0.0,1,1,0,0
S2,continuous,A,1036,61,10360.0,10360.0,10423.897507993559,10423.897507993559,10428.415123921315,0.0,0.0,0.0,0.0,10360.0,10360.0,10423.897507993559,10423.897507993559,300.0,2041.2082314648,0.0,2,2,0,0
S2,continuous,A,1037,41,10370.0,10370.0,10435.440416477435,10435.440416477435,10475.429571992483,0.0,0.0,0.0,0.0,10370.0,10370.0,10465.429571992483,10465.429571992483,300.0,1612.6040527768496,0.0,2,2,0,0
S2,continuous,A,1038,42,10380.0,10380.0,10435.890163211569,10435.890163211569,10444.789384373193,0.0,0.0,0.0,0.0,10380.0,10380.0,10435.890163211569,10435.890163211569,300.0,1529.2932721681955,0.0,4,4,0,0
S2,continuous,A,1039,75,10390.0,10390.0,10418.675350439742,10418.675350439742,10436.599930827162,0.0,0.0,0.0,0.0,10390.0,10390.0,10426.599930827162,10426.599930827162,300.0,1722.72661570832,0.0,4,4,0,0
S2,continuous,A,1040,64,10400.0,10400.0,10426.346389005968,10426.346389005968,10457.639670507626,0.0,0.0,0.0,0.0,10400.0,10400.0,10447.639670507626,10447.639670507626,300.0,1364.1070362726916,0.0,2,2,0,0
S2,continuous,A,1041,29,10410.0,10410.0,10459.355284701314,10459.355284701314,10469.139494503783,0.0,0.0,0.0,0.0,10410.0,10410.0,10459.355284701314,10459.355284701314,300.0,856.4424627953115,0.0,0,0,0,0
S2,continuous,A,1042,93,10420.0,10420.0,10480.687143380293,10480.687143380293,10529.58742725161,0.0,0.0,0.0,0.0,10420.0,10420.0,10519.58742725161,10519.58742725161,300.0,2066.4698983109793,0.0,1,1,0,0
S2,continuous,A,1043,18,10430.0,10430.0,10475.057460541113,10475.057460541113,10511.119748320549,0.0,0.0,0.0,0.0,10430.0,10430.0,10501.119748320549,10501.119748320549,300.0,1254.3897823691186,0.0,2,2,0,0
S2,continuous,A,1044,35,10440.0,10440.0,10486.545379514484,10486.545379514484,10504.469959901904,0.0,0.0,0.0,0.0,10440.0,10440.0,10494.469959901904,10494.469959901904,300.0,951.4344884915572,0.0,0,0,0,0
S2,continuous,A,1045,78,10450.0,10450.0,10503.29870591378,10503.29870591378,10513.082915716248,0.0,0.0,0.0,0.0,10450.0,10450.0,10503.29870591378,10503.29870591378,300.0,586.6506045330536,0.0,0,0,0,0
S2,continuous,A,1046,81,10460.0,10460.0,10508.29233806822,10508.29233806822,10518.076547870689,0.0,0.0,0.0,0.0,10460.0,10460.0,10508.29233806822,10508.29233806822,300.0,1338.657894291522,0.0,1,1,0,0
S2,continuous,A,1047,27,10470.0,10470.0,10498.445378193552,10498.445378193552,10534.789384373193,0.0,0.0,0.0,0.0,10470.0,10470.0,10524.789384373193,10524.789384373193,300.0,1529.2932721681955,0.0,4,4,0,0
S2,continuous,A,1048,2,10480.0,10480.0,10522.03928749621,10522.03928749621,10526.556903423967,0.0,0.0,0.0,0.0,10480.0,10480.0,10522.03928749621,10522.03928749621,300.0,359.2093226248886,0.0,0,0,0,0
S2,continuous,A,1049,24,10490.0,10490.0,10550.586756739029,10550.586756739029,10568.511337126449,0.0,0.0,0.0,0.0,10490.0,10490.0,10558.511337126449,10558.511337126449,300.0,1178.7038612448928,0.0,3,3,0,0
S2,continuous,A,1050,7,10500.0,10500.0,10557.510389113966,10557.510389113966,10593.572676893402,0.0,0.0,0.0,0.0,10500.0,10500.0,10583.572676893402,10583.572676893402,300.0,1548.3394564003322,0.0,4,4,0,0
S2,continuous,A,1051,64,10510.0,10510.0,10543.64549681222,10543.64549681222,10561.57007719964,0.0,0.0,0.0,0.0,10510.0,10510.0,10551.57007719964,10551.57007719964,300.0,402.9036634828245,0.0,0,0,0,0
S2,continuous,A,1052,44,10520.0,10520.0,10576.780293367807,10576.780293367807,10606.6370294723,0.0,0.0,0.0,0.0,10520.0,10520.0,10596.6370294723,10596.6370294723,300.0,1451.8056720716518,0.0,3,3,0,0
S2,continuous,A,1053,10,10530.0,10530.0,10578.29233806822,10578.29233806822,10588.076547870689,0.0,0.0,0.0,0.0,10530.0,10530.0,10578.29233806822,10578.29233806822,300.0,1338.657894291522,0.0,1,1,0,0
S2,continuous,A,1054,53,10540.0,10540.0,10588.740449346002,10588.740449346002,10597.639670507626,0.0,0.0,0.0,0.0,10540.0,10540.0,10588.740449346002,10588.740449346002,300.0,1364.1070362726916,0.0,2,2,0,0
S2,continuous,A,1055,89,10550.0,10550.0,10571.884714657494,10571.884714657494,10619.72313881902,0.0,0.0,0.0,0.0,10550.0,10550.0,10609.72313881902,10609.72313881902,300.0,1149.3877930070284,0.0,2,2,0,0
S2,continuous,A,1056,15,10560.0,10560.0,10606.877412471242,10606.877412471242,10638.1706939729,0.0,0.0,0.0,0.0,10560.0,10560.0,10628.1706939729,10628.1706939729,300.0,1040.413524513233,0.0,1,1,0,0
S2,continuous,A,1057,40,10570.0,10570.0,10610.13357647506,10610.13357647506,10650.122731990108,0.0,0.0,0.0,0.0,10570.0,10570.0,10640.122731990108,10640.122731990108,300.0,1770.168418688365,0.0,4,4,0,0
S2,continuous,A,1058,0,10580.0,10580.0,10606.121234413245,10606.121234413245,10655.021518284562,0.0,0.0,0.0,0.0,10580.0,10580.0,10645.021518284562,10645.021518284562,300.0,1707.3307313613625,0.0,3,3,0,0
S2,continuous,A,1059,32,10590.0,10590.0,10633.041638465325,10633.041638465325,10662.898374569819,0.0,0.0,0.0,0.0,10590.0,10590.0,10652.898374569819,10652.898374569819,300.0,1088.9738856086278,0.0,0,0,0,0
S2,continuous,A,1060,56,10600.0,10600.0,10618.877371806951,10618.877371806951,10659.139494503783,0.0,0.0,0.0,0.0,10600.0,10600.0,10649.139494503783,10649.139494503783,300.0,856.4424627953115,0.0,0,0,0,0
S2,continuous,A,1061,23,10610.0,10610.0,10656.877412471242,10656.877412471242,10688.1706939729,0.0,0.0,0.0,0.0,10610.0,10610.0,10678.1706939729,10678.1706939729,300.0,1040.413524513233,0.0,1,1,0,0
S2,continuous,A,1062,72,10620.0,10620.0,10634.182631844931,10634.182631844931,10683.082915716248,0.0,0.0,0.0,0.0,10620.0,10620.0,10673.082915716248,10673.082915716248,300.0,586.6506045330536,0.0,0,0,0,0
S2,continuous,A,1063,97,10630.0,10630.0,10687.770914882916,10687.770914882916,10692.288530810672,0.0,0.0,0.0,0.0,10630.0,10630.0,10687.770914882916,10687.770914882916,300.0,1944.2300458976588,0.0,4,4,0,0
S2,continuous,A,1064,13,10640.0,10640.0,10660.70400638466,10660.70400638466,10696.766294164096,0.0,0.0,0.0,0.0,10640.0,10640.0,10686.766294164096,10686.766294164096,300.0,1011.7932262410509,0.0,1,1,0,0
S2,continuous,A,1065,48,10650.0,10650.0,10695.826774883244,10695.826774883244,10743.66519904477,0.0,0.0,0.0,0.0,10650.0,10650.0,10733.66519904477,10733.66519904477,300.0,1364.5580870883075,0.0,1,1,0,0
S2,continuous,A,1066,66,10660.0,10660.0,10725.440416477435,10725.440416477435,10765.429571992483,0.0,0.0,0.0,0.0,10660.0,10660.0,10755.429571992483,10755.429571992483,300.0,1612.6040527768496,0.0,2,2,0,0
S2,continuous,A,1067,54,10670.0,10670.0,10704.87164866014,10704.87164866014,10709.389264587897,0.0,0.0,0.0,0.0,10670.0,10670.0,10704.87164866014,10704.87164866014,300.0,1744.0050524959402,0.0,1,1,0,0
S2,continuous,A,1068,78,10680.0,10680.0,10725.018188637174,10725.018188637174,10765.280311334005,0.0,0.0,0.0,0.0,10680.0,10680.0,10755.280311334005,10755.280311334005,300.0,1272.7708300268912,0.0,1,1,0,0
S2,continuous,A,1069,14,10690.0,10690.0,10750.586756739029,10750.586756739029,10768.511337126449,0.0,0.0,0.0,0.0,10690.0,10690.0,10758.511337126449,10758.511337126449,300.0,1178.7038612448928,0.0,3,3,0,0
S2,continuous,A,1070,23,10700.0,10700.0,10747.074139398814,10747.074139398814,10787.336262095645,0.0,0.0,0.0,0.0,10700.0,10700.0,10777.336262095645,10777.336262095645,300.0,1098.372858993938,0.0,1,1,0,0
S2,continuous,A,1071,10,10710.0,10710.0,10728.877371806951,10728.877371806951,10769.139494503783,0.0,0.0,0.0,0.0,10710.0,10710.0,10759.139494503783,10759.139494503783,300.0,856.4424627953115,0.0,0,0,0,0
S2,continuous,A,1072,45,10720.0,10720.0,10775.948677641292,10775.948677641292,10823.787101802818,0.0,0.0,0.0,0.0,10720.0,10720.0,10813.787101802818,10813.787101802818,300.0,1745.262883828593,0.0,0,0,0,0
S2,continuous,A,1073,57,10730.0,10730.0,10783.768571620652,10783.768571620652,10831.606995782178,0.0,0.0,0.0,0.0,10730.0,10730.0,10821.606995782178,10821.606995782178,300.0,808.2460567865478,0.0,1,1,0,0
S2,continuous,A,1074,31,10740.0,10740.0,10797.337312721593,10797.337312721593,10833.399600501029,0.0,0.0,0.0,0.0,10740.0,10740.0,10823.399600501029,10823.399600501029,300.0,1519.9680540321415,0.0,0,0,0,0
S2,continuous,A,1075,33,10750.0,10750.0,10816.98237526938,10816.98237526938,10846.839111373873,0.0,0.0,0.0,0.0,10750.0,10750.0,10836.839111373873,10836.839111373873,300.0,1664.739208520304,0.0,2,2,0,0
S2,continuous,A,1076,26,10760.0,10760.0,10801.826687793258,10801.826687793258,10838.1706939729,0.0,0.0,0.0,0.0,10760.0,10760.0,10828.1706939729,10828.1706939729,300.0,1040.413524513233,0.0,1,1,0,0
S2,continuous,A,1077,80,10770.0,10770.0,10820.128215726832,10820.128215726832,10856.472221906473,0.0,0.0,0.0,0.0,10770.0,10770.0,10846.472221906473,10846.472221906473,300.0,1682.4356862432985,0.0,1,1,0,0
S2,continuous,A,1078,90,10780.0,10780.0,10825.057460541113,10825.057460541113,10861.119748320549,0.0,0.0,0.0,0.0,10780.0,10780.0,10851.119748320549,10851.119748320549,300.0,1254.3897823691186,0.0,2,2,0,0
S2,continuous,A,1079,67,10790.0,10790.0,10847.337312721593,10847.337312721593,10883.399600501029,0.0,0.0,0.0,0.0,10790.0,10790.0,10873.399600501029,10873.399600501029,300.0,1519.9680540321415,0.0,0,0,0,0
