scenario_id,sweep,model,vertiport_id,flight_id,aircraft_id,operation,start_s,end_s,duration_s,pad_delay_s
S6,continuous,E,17,0,31,takeoff,0.0,30.0,30.0,0.0
S6,continuous,E,5,0,31,landing,67.113794960191,257.113794960191,190.0,0.0
S6,continuous,E,5,1,187,takeoff,10.0,40.0,30.0,0.0
S6,continuous,E,22,1,187,landing,147.61526139965028,337.6152613996503,190.00000000000003,0.0
S6,continuous,E,16,2,262,takeoff,20.0,50.0,30.0,0.0
S6,continuous,E,14,2,262,landing,110.23263960906057,300.2326396090606,190.0,0.0
S6,continuous,E,0,3,82,takeoff,30.0,60.0,30.0,0.0
S6,continuous,E,33,3,82,landing,78.7830458953028,268.7830458953028,190.0,0.0
S6,continuous,E,32,4,345,takeoff,40.0,70.0,30.0,0.0
S6,continuous,E,2,4,345,landing,173.3247329204952,363.3247329204952,190.0,0.0
S6,continuous,E,34,5,70,takeoff,50.0,80.0,30.0,0.0
S6,continuous,E,19,5,70,landing,195.1610126446818,385.1610126446818,190.00000000000003,0.0
S6,continuous,E,18,6,259,takeoff,60.0,90.0,30.0,0.0
S6,continuous,E,3,6,259,landing,135.19735044212163,325.19735044212166,190.00000000000003,0.0
S6,continuous,E,33,7,153,takeoff,268.7830458953028,298.7830458953028,30.0,198.7830458953028
S6,continuous,E,36,7,153,landing,316.68163949315226,506.68163949315226,190.0,0.0
S6,continuous,E,21,8,252,takeoff,80.0,110.0,30.0,0.0
S6,continuous,E,11,8,252,landing,141.75139744629337,331.75139744629337,190.0,0.0
S6,continuous,E,19,9,304,takeoff,90.0,120.0,30.0,0.0
S6,continuous,E,0,9,304,landing,216.06149994290325,406.06149994290325,190.0,0.0
S6,continuous,E,38,10,337,takeoff,100.0,130.0,30.0,0.0
S6,continuous,E,12,10,337,landing,187.4848061663152,377.4848061663152,190.0,0.0
S6,continuous,E,14,11,228,takeoff,300.2326396090606,330.2326396090606,30.0,190.23263960906058
S6,continuous,E,6,11,228,landing,461.59956694270625,651.5995669427062,190.0,0.0
S6,continuous,E,23,12,339,takeoff,120.0,150.0,30.0,0.0
S6,continuous,E,12,12,339,landing,377.4848061663152,567.4848061663151,189.99999999999994,161.7498262504029
S6,continuous,E,20,13,1,takeoff,130.0,160.0,30.0,0.0
S6,continuous,E,28,13,1,landing,244.0103628459991,434.0103628459991,190.0,0.0
S6,continuous,E,3,14,239,takeoff,325.19735044212166,355.19735044212166,30.0,185.19735044212166
S6,continuous,E,13,14,239,landing,376.4947309746525,566.4947309746525,190.0,0.0
S6,continuous,E,33,15,199,takeoff,298.7830458953028,328.7830458953028,30.0,148.7830458953028
S6,continuous,E,19,15,199,landing,385.1610126446818,575.1610126446818,190.0,19.07655836078112
S6,continuous,E,22,16,329,takeoff,337.6152613996503,367.6152613996503,30.0,177.6152613996503
S6,continuous,E,32,16,329,landing,506.26051833817525,696.2605183381752,189.99999999999994,0.0
S6,continuous,E,35,17,214,takeoff,170.0,200.0,30.0,0.0
S6,continuous,E,29,17,214,landing,272.06717616742804,462.06717616742804,190.0,0.0
S6,continuous,E,20,18,180,takeoff,180.0,210.0,30.0,0.0
S6,continuous,E,5,18,180,landing,267.4154469379103,457.4154469379103,190.0,0.0
S6,continuous,E,9,19,141,takeoff,190.0,220.0,30.0,0.0
S6,continuous,E,28,19,141,landing,434.0103628459991,624.0103628459991,190.0,157.74504518527186
S6,continuous,E,5,20,307,takeoff,457.4154469379103,487.4154469379103,30.0,257.4154469379103
S6,continuous,E,20,20,307,landing,544.8308938758206,734.8308938758206,190.0,0.0
S6,continuous,E,28,21,278,takeoff,624.0103628459991,654.0103628459991,30.0,354.0103628459991
S6,continuous,E,23,21,278,landing,764.8651598029855,954.8651598029855,190.0,0.0
S6,continuous,E,35,22,174,takeoff,220.0,250.0,30.0,0.0
S6,continuous,E,21,22,174,landing,304.8777377582558,494.8777377582558,190.0,0.0
S6,continuous,E,16,23,345,takeoff,230.0,260.0,30.0,0.0
S6,continuous,E,8,23,345,landing,303.0603483251451,493.0603483251451,190.0,0.0
S6,continuous,E,27,24,154,takeoff,240.0,270.0,30.0,0.0
S6,continuous,E,26,24,154,landing,322.95633945972133,512.9563394597213,190.0,0.0
S6,continuous,E,35,25,194,takeoff,310.0,340.0,30.0,0.0
S6,continuous,E,37,25,194,landing,427.7421767800527,617.7421767800527,189.99999999999994,0.0
S6,continuous,E,15,26,82,takeoff,260.0,290.0,30.0,0.0
S6,continuous,E,38,26,82,landing,390.34796364493457,580.3479636449346,190.0,0.0
S6,continuous,E,13,27,113,takeoff,270.0,300.0,30.0,0.0
S6,continuous,E,11,27,113,landing,350.6737180548294,540.6737180548294,189.99999999999994,0.0
S6,continuous,E,25,28,116,takeoff,280.0,310.0,30.0,0.0
S6,continuous,E,15,28,116,landing,396.6498213724624,586.6498213724624,190.0,0.0
S6,continuous,E,4,29,281,takeoff,290.0,320.0,30.0,0.0
S6,continuous,E,13,29,281,landing,566.4947309746525,756.4947309746525,190.0,163.58787228842635
S6,continuous,E,39,30,261,takeoff,300.0,330.0,30.0,0.0
S6,continuous,E,23,30,261,landing,393.0890195498086,583.0890195498087,190.00000000000006,0.0
S6,continuous,E,32,31,190,takeoff,310.0,340.0,30.0,0.0
S6,continuous,E,15,31,190,landing,586.6498213724624,776.6498213724624,190.0,176.85940468585022
S6,continuous,E,18,32,241,takeoff,320.0,350.0,30.0,0.0
S6,continuous,E,34,32,241,landing,407.3855491968616,597.3855491968616,190.0,0.0
S6,continuous,E,26,33,313,takeoff,512.9563394597213,542.9563394597213,30.0,182.95633945972133
S6,continuous,E,8,33,313,landing,630.3419843631119,820.3419843631119,190.0,0.0
S6,continuous,E,36,34,225,takeoff,506.68163949315226,536.6816394931523,30.0,166.68163949315226
S6,continuous,E,13,34,225,landing,756.4947309746525,946.4947309746525,190.0,176.24084404687483
S6,continuous,E,4,35,297,takeoff,350.0,380.0,30.0,0.0
S6,continuous,E,16,35,297,landing,461.1675817302011,651.1675817302012,190.00000000000006,0.0
S6,continuous,E,16,36,263,takeoff,360.0,390.0,30.0,0.0
S6,continuous,E,32,36,263,landing,696.2605183381752,886.2605183381752,190.0,176.8612374964772
S6,continuous,E,34,37,147,takeoff,597.3855491968616,627.3855491968616,30.0,167.38554919686158
S6,continuous,E,18,37,147,landing,684.7710983937233,874.7710983937233,190.0,0.0
S6,continuous,E,20,38,164,takeoff,380.0,410.0,30.0,0.0
S6,continuous,E,17,38,164,landing,424.23632970205847,614.2363297020585,190.0,0.0
S6,continuous,E,38,39,315,takeoff,580.3479636449346,610.3479636449346,30.0,190.34796364493457
S6,continuous,E,6,39,315,landing,725.6608195306312,915.6608195306312,190.0,0.0
S6,continuous,E,31,40,39,takeoff,400.0,430.0,30.0,0.0
S6,continuous,E,33,40,39,landing,489.15626727737543,679.1562672773755,190.00000000000006,0.0
S6,continuous,E,4,41,40,takeoff,410.0,440.0,30.0,0.0
S6,continuous,E,39,41,40,landing,482.59214963434044,672.5921496343404,190.0,0.0
S6,continuous,E,5,42,37,takeoff,487.4154469379103,517.4154469379102,29.999999999999943,67.4154469379103
S6,continuous,E,17,42,37,landing,614.2363297020585,804.2363297020585,190.0,59.707087803957165
S6,continuous,E,37,43,114,takeoff,617.7421767800527,647.7421767800527,30.0,187.74217678005266
S6,continuous,E,7,43,114,landing,688.0749987597272,878.0749987597272,190.0,0.0
S6,continuous,E,1,44,60,takeoff,440.0,470.0,30.0,0.0
S6,continuous,E,8,44,60,landing,820.3419843631119,1010.3419843631119,190.0,272.2384018980948
S6,continuous,E,28,45,136,takeoff,654.0103628459991,684.0103628459991,30.0,204.0103628459991
S6,continuous,E,14,45,136,landing,815.097504661909,1005.097504661909,190.0,0.0
S6,continuous,E,27,46,286,takeoff,520.0,550.0,30.0,0.0
S6,continuous,E,28,46,286,landing,695.375335334332,885.375335334332,190.0,0.0
S6,continuous,E,6,47,20,takeoff,651.5995669427062,681.5995669427062,30.0,181.59956694270625
S6,continuous,E,4,47,20,landing,752.4476521296895,942.4476521296895,190.0,0.0
S6,continuous,E,16,48,158,takeoff,651.1675817302012,681.1675817302012,30.0,171.16758173020116
S6,continuous,E,36,48,158,landing,727.9760082076332,917.9760082076332,190.0,0.0
S6,continuous,E,13,49,30,takeoff,946.4947309746525,976.4947309746525,30.0,456.4947309746525
S6,continuous,E,37,49,30,landing,1048.5298487408095,1238.5298487408095,190.0,0.0
S6,continuous,E,24,50,43,takeoff,500.0,530.0,30.0,0.0
S6,continuous,E,39,50,43,landing,672.5921496343404,862.5921496343404,190.0,30.01755425801946
S6,continuous,E,21,51,170,takeoff,510.0,540.0,30.0,0.0
S6,continuous,E,1,51,170,landing,623.2734196941444,813.2734196941444,190.0,0.0
S6,continuous,E,5,52,56,takeoff,520.0,550.0,30.0,0.0
S6,continuous,E,34,52,56,landing,676.672203068592,866.672203068592,190.0,0.0
S6,continuous,E,38,53,177,takeoff,610.3479636449346,640.3479636449346,30.0,80.34796364493457
S6,continuous,E,1,53,177,landing,813.2734196941444,1003.2734196941444,190.0,98.62527224865562
S6,continuous,E,31,54,352,takeoff,540.0,570.0,30.0,0.0
S6,continuous,E,33,54,352,landing,679.1562672773755,869.1562672773755,190.0,50.000000000000114
S6,continuous,E,30,55,221,takeoff,550.0,580.0,30.0,0.0
S6,continuous,E,21,55,221,landing,601.1844568171166,791.1844568171166,190.0,0.0
S6,continuous,E,12,56,280,takeoff,567.4848061663151,597.4848061663151,30.0,7.484806166315138
S6,continuous,E,27,56,280,landing,731.523225451936,921.523225451936,190.0,0.0
S6,continuous,E,35,57,127,takeoff,570.0,600.0,30.0,0.0
S6,continuous,E,31,57,127,landing,700.6203389734509,890.6203389734509,190.0,0.0
S6,continuous,E,26,58,250,takeoff,580.0,610.0,30.0,0.0
S6,continuous,E,7,58,250,landing,878.0749987597272,1068.0749987597274,190.0000000000001,178.78015328314132
S6,continuous,E,6,59,51,takeoff,681.5995669427062,711.5995669427062,30.0,91.59956694270625
S6,continuous,E,14,59,51,landing,1005.097504661909,1195.0975046619092,190.0000000000001,162.13101038555715
S6,continuous,E,21,60,310,takeoff,791.1844568171166,821.1844568171166,30.0,191.1844568171166
S6,continuous,E,27,60,310,landing,921.523225451936,1111.523225451936,190.0,57.64382193626932
S6,continuous,E,11,61,91,takeoff,610.0,640.0,30.0,0.0
S6,continuous,E,30,61,91,landing,714.7466307607045,904.7466307607045,190.0,0.0
S6,continuous,E,36,62,248,takeoff,620.0,650.0,30.0,0.0
S6,continuous,E,24,62,248,landing,748.0805541967294,938.0805541967294,190.0,0.0
S6,continuous,E,19,63,70,takeoff,630.0,660.0,30.0,0.0
S6,continuous,E,8,63,70,landing,1010.3419843631119,1200.3419843631118,189.9999999999999,204.49379220734818
S6,continuous,E,3,64,167,takeoff,640.0,670.0,30.0,0.0
S6,continuous,E,7,64,167,landing,1068.0749987597274,1258.0749987597274,190.0,299.6526100421647
S6,continuous,E,11,65,94,takeoff,650.0,680.0,30.0,0.0
S6,continuous,E,27,65,94,landing,1111.523225451936,1301.523225451936,190.0,334.2746187755049
S6,continuous,E,32,66,182,takeoff,886.2605183381752,916.2605183381752,30.0,226.2605183381752
S6,continuous,E,18,66,182,landing,1020.0941245533602,1210.0941245533602,190.0,0.0
S6,continuous,E,14,67,81,takeoff,670.0,700.0,30.0,0.0
S6,continuous,E,0,67,81,landing,786.4965539620013,976.4965539620013,190.0,0.0
S6,continuous,E,27,68,72,takeoff,680.0,710.0,30.0,0.0
S6,continuous,E,0,68,72,landing,976.4965539620013,1166.4965539620011,189.9999999999999,125.97930104936802
S6,continuous,E,36,69,354,takeoff,917.9760082076332,947.9760082076332,30.0,167.97600820763319
S6,continuous,E,18,69,354,landing,1210.0941245533602,1400.0941245533602,190.0,195.38413561137054
S6,continuous,E,31,70,112,takeoff,890.6203389734509,920.6203389734509,30.0,190.62033897345088
S6,continuous,E,27,70,112,landing,1301.523225451936,1491.523225451936,190.0,266.26800554809097
S6,continuous,E,6,71,348,takeoff,915.6608195306312,945.6608195306312,30.0,205.66081953063122
S6,continuous,E,19,71,348,landing,1006.0304069422492,1196.030406942249,189.9999999999999,0.0
S6,continuous,E,18,72,7,takeoff,874.7710983937233,904.7710983937233,30.0,154.77109839372326
S6,continuous,E,7,72,7,landing,1258.0749987597274,1448.0749987597274,190.0,197.27828797875304
S6,continuous,E,15,73,320,takeoff,776.6498213724624,806.6498213724624,30.0,46.649821372462384
S6,continuous,E,31,73,320,landing,920.6203389734509,1110.620338973451,190.0000000000001,48.07791544658403
S6,continuous,E,32,74,339,takeoff,916.2605183381752,946.2605183381752,30.0,176.2605183381752
S6,continuous,E,39,74,339,landing,1034.8284526780149,1224.8284526780149,190.0,0.0
S6,continuous,E,36,75,324,takeoff,947.9760082076332,977.9760082076332,30.0,197.97600820763319
S6,continuous,E,5,75,324,landing,1044.6634051809137,1234.6634051809137,190.0,0.0
S6,continuous,E,18,76,327,takeoff,904.7710983937233,934.7710983937233,30.0,144.77109839372326
S6,continuous,E,11,76,327,landing,1028.1987039776627,1218.1987039776627,190.0,0.0
S6,continuous,E,31,77,79,takeoff,1110.620338973451,1140.620338973451,30.0,340.620338973451
S6,continuous,E,22,77,79,landing,1192.4030513366993,1382.4030513366993,190.0,0.0
S6,continuous,E,30,78,347,takeoff,904.7466307607045,934.7466307607045,30.0,124.74663076070453
S6,continuous,E,11,78,347,landing,1218.1987039776627,1408.1987039776627,190.0,168.70544245625365
S6,continuous,E,2,79,255,takeoff,790.0,820.0,30.0,0.0
S6,continuous,E,16,79,255,landing,855.6759505930825,1045.6759505930825,190.0,0.0
S6,continuous,E,35,80,206,takeoff,800.0,830.0,30.0,0.0
S6,continuous,E,27,80,206,landing,1491.523225451936,1681.523225451936,190.0,537.5535705587961
S6,continuous,E,36,81,298,takeoff,990.0,1020.0,30.0,0.0
S6,continuous,E,20,81,298,landing,1066.15833810548,1256.15833810548,190.0,0.0
S6,continuous,E,28,82,280,takeoff,885.375335334332,915.375335334332,30.0,65.37533533433202
S6,continuous,E,36,82,280,landing,1020.0,1210.0,190.0,2.59809482773926
S6,continuous,E,0,83,18,takeoff,1166.4965539620011,1196.4965539620011,30.0,336.49655396200114
S6,continuous,E,17,83,18,landing,1227.3170529206902,1417.3170529206902,190.0,0.0
S6,continuous,E,28,84,150,takeoff,915.375335334332,945.375335334332,30.0,75.37533533433202
S6,continuous,E,0,84,150,landing,1196.4965539620011,1386.4965539620011,190.0,145.3173087486325
S6,continuous,E,1,85,108,takeoff,1003.2734196941444,1033.2734196941444,30.0,153.27341969414442
S6,continuous,E,37,85,108,landing,1238.5298487408095,1428.5298487408095,190.0,123.46415763727987
S6,continuous,E,38,86,44,takeoff,860.0,890.0,30.0,0.0
S6,continuous,E,17,86,44,landing,934.3338088571508,1124.3338088571509,190.0000000000001,0.0
S6,continuous,E,26,87,143,takeoff,990.0,1020.0,30.0,0.0
S6,continuous,E,31,87,143,landing,1169.451916209535,1359.451916209535,190.0,0.0
S6,continuous,E,7,88,138,takeoff,1448.0749987597274,1478.0749987597274,30.0,568.0749987597274
S6,continuous,E,20,88,138,landing,1524.639640238964,1714.639640238964,190.0,0.0
S6,continuous,E,2,89,187,takeoff,890.0,920.0,30.0,0.0
S6,continuous,E,12,89,187,landing,1024.1529839059729,1214.1529839059729,190.0,0.0
S6,continuous,E,26,90,45,takeoff,900.0,930.0,30.0,0.0
S6,continuous,E,8,90,45,landing,1200.3419843631118,1390.3419843631118,190.0,182.95633945972122
S6,continuous,E,8,91,102,takeoff,1390.3419843631118,1420.3419843631118,30.0,480.3419843631118
S6,continuous,E,25,91,102,landing,1513.9333763954226,1703.9333763954226,190.0,0.0
S6,continuous,E,0,92,245,takeoff,1386.4965539620011,1416.4965539620011,30.0,466.49655396200114
S6,continuous,E,20,92,245,landing,1714.639640238964,1904.639640238964,190.0,246.8385906492622
S6,continuous,E,28,93,250,takeoff,945.375335334332,975.375335334332,30.0,15.375335334332021
S6,continuous,E,26,93,250,landing,1023.4077612245673,1213.4077612245674,190.0000000000001,0.0
S6,continuous,E,10,94,196,takeoff,940.0,970.0,30.0,0.0
S6,continuous,E,3,94,196,landing,1028.3054190178875,1218.3054190178875,190.0,0.0
S6,continuous,E,5,95,205,takeoff,950.0,980.0,30.0,0.0
S6,continuous,E,19,95,205,landing,1196.030406942249,1386.030406942249,190.0,145.51451532851456
S6,continuous,E,24,96,253,takeoff,960.0,990.0,30.0,0.0
S6,continuous,E,15,96,253,landing,1112.2380253982674,1302.2380253982674,190.0,0.0
S6,continuous,E,19,97,165,takeoff,1386.030406942249,1416.030406942249,30.0,356.0304069422491
S6,continuous,E,26,97,165,landing,1466.4815700348843,1656.4815700348843,190.0,0.0
S6,continuous,E,19,98,24,takeoff,1416.030406942249,1446.030406942249,30.0,436.0304069422491
S6,continuous,E,12,98,24,landing,1584.017522406519,1774.017522406519,190.0,0.0
S6,continuous,E,0,99,183,takeoff,1416.4965539620011,1446.4965539620011,30.0,426.49655396200114
S6,continuous,E,24,99,183,landing,1495.067784261967,1685.067784261967,190.0,0.0
S6,continuous,E,24,100,27,takeoff,1000.0,1030.0,30.0,0.0
S6,continuous,E,34,100,27,landing,1171.7204369416936,1361.7204369416936,190.0,0.0
S6,continuous,E,28,101,72,takeoff,1010.0,1040.0,30.0,0.0
S6,continuous,E,31,101,72,landing,1359.451916209535,1549.451916209535,190.0,167.3443177193874
S6,continuous,E,38,102,305,takeoff,1020.0,1050.0,30.0,0.0
S6,continuous,E,4,102,305,landing,1130.0673808489305,1320.0673808489305,190.0,0.0
S6,continuous,E,39,103,301,takeoff,1224.8284526780149,1254.8284526780149,30.0,194.82845267801486
S6,continuous,E,2,103,301,landing,1349.1057300921373,1539.1057300921373,190.0,0.0
S6,continuous,E,1,104,262,takeoff,1040.0,1070.0,30.0,0.0
S6,continuous,E,17,104,262,landing,1417.3170529206902,1607.3170529206902,190.0,261.1444799546455
S6,continuous,E,26,105,233,takeoff,1213.4077612245674,1243.4077612245674,30.0,163.40776122456737
S6,continuous,E,17,105,233,landing,1607.3170529206902,1797.3170529206902,190.0,260.7122809613495
S6,continuous,E,3,106,149,takeoff,1218.3054190178875,1248.3054190178875,30.0,158.30541901788752
S6,continuous,E,35,106,149,landing,1312.123261095643,1502.123261095643,190.0,0.0
S6,continuous,E,3,107,345,takeoff,1248.3054190178875,1278.3054190178875,30.0,178.30541901788752
S6,continuous,E,12,107,345,landing,1377.0869453821374,1567.0869453821374,190.0,0.0
S6,continuous,E,7,108,277,takeoff,1478.0749987597274,1508.0749987597274,30.0,398.07499875972735
S6,continuous,E,24,108,277,landing,1685.067784261967,1875.067784261967,190.0,79.73125015896494
S6,continuous,E,27,109,43,takeoff,1681.523225451936,1711.523225451936,30.0,591.523225451936
S6,continuous,E,20,109,43,landing,1904.639640238964,2094.6396402389637,189.99999999999977,97.81130713530501
S6,continuous,E,31,110,350,takeoff,1549.451916209535,1579.451916209535,30.0,449.45191620953506
S6,continuous,E,15,110,350,landing,1645.3445183639396,1835.3445183639396,190.0,0.0
S6,continuous,E,2,111,198,takeoff,1110.0,1140.0,30.0,0.0
S6,continuous,E,0,111,198,landing,1446.4965539620011,1636.4965539620011,190.0,186.30334270993126
S6,continuous,E,14,112,3,takeoff,1195.0975046619092,1225.0975046619092,30.0,75.09750466190917
S6,continuous,E,36,112,3,landing,1290.698484056767,1480.698484056767,190.0,0.0
S6,continuous,E,31,113,15,takeoff,1579.451916209535,1609.451916209535,30.0,449.45191620953506
S6,continuous,E,10,113,15,landing,1674.0472493141008,1864.0472493141008,190.0,0.0
S6,continuous,E,36,114,282,takeoff,1210.0,1240.0,30.0,70.0
S6,continuous,E,15,114,282,landing,1302.2380253982674,1492.2380253982674,190.0,36.5457531102893
S6,continuous,E,32,115,159,takeoff,1270.0,1300.0,30.0,0.0
S6,continuous,E,19,115,159,landing,1466.220048974491,1656.220048974491,190.0,0.0
S6,continuous,E,0,116,352,takeoff,1636.4965539620011,1666.4965539620011,30.0,476.49655396200114
S6,continuous,E,39,116,352,landing,1748.615024028871,1938.615024028871,190.0,0.0
S6,continuous,E,30,117,170,takeoff,1170.0,1200.0,30.0,0.0
S6,continuous,E,16,117,170,landing,1279.3081990066257,1469.3081990066257,190.0,0.0
S6,continuous,E,14,118,180,takeoff,1225.0975046619092,1255.0975046619092,30.0,45.09750466190917
S6,continuous,E,2,118,180,landing,1539.1057300921373,1729.1057300921373,190.0,230.88218531174266
S6,continuous,E,5,119,250,takeoff,1234.6634051809137,1264.6634051809137,30.0,44.66340518091374
S6,continuous,E,3,119,250,landing,1324.4781008935813,1514.4781008935813,190.0,0.0
S6,continuous,E,2,120,174,takeoff,1200.0,1230.0,30.0,0.0
S6,continuous,E,21,120,174,landing,1281.7168115920074,1471.7168115920074,190.0,0.0
S6,continuous,E,28,121,106,takeoff,1210.0,1240.0,30.0,0.0
S6,continuous,E,35,121,106,landing,1502.123261095643,1692.123261095643,190.0,176.35730301466947
S6,continuous,E,31,122,342,takeoff,1609.451916209535,1639.451916209535,30.0,389.45191620953506
S6,continuous,E,9,122,342,landing,1754.7959481696932,1944.7959481696932,190.0,0.0
S6,continuous,E,39,123,341,takeoff,1254.8284526780149,1284.8284526780149,30.0,24.828452678014855
S6,continuous,E,32,123,341,landing,1373.3963870178545,1563.3963870178545,190.0,0.0
S6,continuous,E,3,124,331,takeoff,1278.3054190178875,1308.3054190178875,30.0,38.305419017887516
S6,continuous,E,20,124,331,landing,2094.6396402389637,2284.6396402389637,190.0,704.8282067064538
S6,continuous,E,14,125,332,takeoff,1255.0975046619092,1285.0975046619092,30.0,5.09750466190917
S6,continuous,E,20,125,332,landing,2284.6396402389637,2474.6396402389637,190.0,865.5057569279406
S6,continuous,E,19,126,357,takeoff,1656.220048974491,1686.220048974491,30.0,396.22004897449096
S6,continuous,E,36,126,357,landing,1767.5465968727142,1957.5465968727142,190.0,0.0
S6,continuous,E,30,127,61,takeoff,1270.0,1300.0,30.0,0.0
S6,continuous,E,38,127,61,landing,1396.1356174288162,1586.1356174288162,190.0,0.0
S6,continuous,E,26,128,208,takeoff,1280.0,1310.0,30.0,0.0
S6,continuous,E,38,128,208,landing,1586.1356174288162,1776.1356174288162,190.0,159.53874077522164
S6,continuous,E,31,129,95,takeoff,1639.451916209535,1669.451916209535,30.0,349.45191620953506
S6,continuous,E,38,129,95,landing,1776.1356174288162,1966.1356174288162,190.0,49.961823370785396
S6,continuous,E,11,130,66,takeoff,1408.1987039776627,1438.1987039776627,30.0,108.19870397766272
S6,continuous,E,35,130,66,landing,1692.123261095643,1882.123261095643,190.0,154.6093962416844
S6,continuous,E,27,131,229,takeoff,1711.523225451936,1741.523225451936,30.0,401.523225451936
S6,continuous,E,37,131,229,landing,1815.3626320407418,2005.3626320407418,190.0,0.0
S6,continuous,E,12,132,96,takeoff,1774.017522406519,1804.017522406519,30.0,394.017522406519
S6,continuous,E,6,132,96,landing,1919.5046792359535,2109.5046792359535,190.0,0.0
S6,continuous,E,24,133,132,takeoff,1330.0,1360.0,30.0,0.0
S6,continuous,E,14,133,132,landing,1471.7991566264352,1661.7991566264352,190.0,0.0
S6,continuous,E,24,134,202,takeoff,1360.0,1390.0,30.0,20.0
S6,continuous,E,11,134,202,landing,1511.4842890444838,1701.4842890444838,190.0,0.0
S6,continuous,E,34,135,18,takeoff,1361.7204369416936,1391.7204369416936,30.0,11.720436941693606
S6,continuous,E,25,135,18,landing,1703.9333763954226,1893.9333763954226,190.0,184.4946702937359
S6,continuous,E,28,136,247,takeoff,1360.0,1390.0,30.0,0.0
S6,continuous,E,2,136,247,landing,1729.1057300921373,1919.1057300921373,190.0,192.38532685394443
S6,continuous,E,38,137,344,takeoff,1966.1356174288162,1996.1356174288162,30.0,596.1356174288162
S6,continuous,E,20,137,344,landing,2474.6396402389637,2664.6396402389637,190.0,340.35808418628403
S6,continuous,E,12,138,285,takeoff,1804.017522406519,1834.017522406519,30.0,424.017522406519
S6,continuous,E,15,138,285,landing,1961.1137292477076,2151.113729247708,190.00000000000023,0.0
S6,continuous,E,38,139,77,takeoff,1996.1356174288162,2026.1356174288162,30.0,606.1356174288162
S6,continuous,E,26,139,77,landing,2142.7324940824105,2332.7324940824105,190.0,0.0
S6,continuous,E,10,140,162,takeoff,1400.0,1430.0,30.0,0.0
S6,continuous,E,18,140,162,landing,1481.8013692018062,1671.8013692018062,190.0,0.0
S6,continuous,E,10,141,164,takeoff,1470.0,1500.0,30.0,0.0
S6,continuous,E,19,141,164,landing,1703.2358841276728,1893.2358841276728,190.0,0.0
S6,continuous,E,34,142,93,takeoff,1420.0,1450.0,30.0,0.0
S6,continuous,E,20,142,93,landing,2664.6396402389637,2854.6396402389637,190.0,1025.6156436948786
S6,continuous,E,8,143,227,takeoff,1430.0,1460.0,30.0,0.0
S6,continuous,E,26,143,227,landing,1656.4815700348843,1846.4815700348843,190.0,109.09592513149346
S6,continuous,E,16,144,8,takeoff,1469.3081990066257,1499.3081990066257,30.0,29.308199006625728
S6,continuous,E,13,144,8,landing,1559.9299198611948,1749.9299198611948,190.0,0.0
S6,continuous,E,30,145,153,takeoff,1450.0,1480.0,30.0,0.0
S6,continuous,E,2,145,153,landing,1919.1057300921373,2109.1057300921375,190.00000000000023,365.42812063974134
S6,continuous,E,35,146,27,takeoff,1882.123261095643,1912.123261095643,30.0,422.1232610956431
S6,continuous,E,1,146,27,landing,2039.1657572986235,2229.1657572986232,189.99999999999977,0.0
S6,continuous,E,37,147,306,takeoff,1470.0,1500.0,30.0,0.0
S6,continuous,E,1,147,306,landing,1581.7922714093852,1771.7922714093852,190.0,0.0
S6,continuous,E,25,148,87,takeoff,1893.9333763954226,1923.9333763954226,30.0,353.93337639542256
S6,continuous,E,18,148,87,landing,2018.5153975929352,2208.515397592935,190.0,0.0
S6,continuous,E,11,149,254,takeoff,1701.4842890444838,1731.4842890444838,30.0,211.48428904448383
S6,continuous,E,5,149,254,landing,1842.6016476006741,2032.6016476006741,190.0,0.0
S6,continuous,E,8,150,231,takeoff,1500.0,1530.0,30.0,0.0
S6,continuous,E,32,150,231,landing,1635.0967166403889,1825.0967166403889,190.0,0.0
S6,continuous,E,2,151,132,takeoff,2109.1057300921375,2139.1057300921375,30.0,599.1057300921375
S6,continuous,E,15,151,132,landing,2174.2755237870756,2364.2755237870756,190.0,0.0
S6,continuous,E,11,152,305,takeoff,1731.4842890444838,1761.4842890444838,30.0,211.48428904448383
S6,continuous,E,14,152,305,landing,1851.4435168157465,2041.4435168157465,190.0,0.0
S6,continuous,E,24,153,176,takeoff,1875.067784261967,1905.067784261967,30.0,345.06778426196706
S6,continuous,E,25,153,176,landing,1994.1908196728757,2184.1908196728755,189.99999999999977,0.0
S6,continuous,E,31,154,241,takeoff,1720.0,1750.0,30.0,0.0
S6,continuous,E,24,154,241,landing,1910.2121881596104,2100.2121881596104,190.0,0.0
S6,continuous,E,28,155,110,takeoff,1550.0,1580.0,30.0,0.0
S6,continuous,E,17,155,110,landing,1797.3170529206902,1987.3170529206902,190.0,142.4997742122855
S6,continuous,E,6,156,112,takeoff,1560.0,1590.0,30.0,0.0
S6,continuous,E,36,156,112,landing,1957.5465968727142,2147.546596872714,189.99999999999977,235.4388439186
S6,continuous,E,26,157,150,takeoff,1846.4815700348843,1876.4815700348843,30.0,276.48157003488427
S6,continuous,E,1,157,150,landing,2229.1657572986232,2419.1657572986232,190.0,216.69931164595414
S6,continuous,E,21,158,276,takeoff,1580.0,1610.0,30.0,0.0
S6,continuous,E,17,158,276,landing,1987.3170529206902,2177.31705292069,189.99999999999977,337.75743927495773
S6,continuous,E,14,159,163,takeoff,1661.7991566264352,1691.7991566264352,30.0,71.7991566264352
S6,continuous,E,7,159,163,landing,1801.0034868501225,1991.0034868501225,190.0,0.0
S6,continuous,E,36,160,267,takeoff,1600.0,1630.0,30.0,0.0
S6,continuous,E,2,160,267,landing,2139.1057300921375,2329.1057300921375,190.0,407.3129292989154
S6,continuous,E,25,161,82,takeoff,1923.9333763954226,1953.9333763954226,30.0,313.93337639542256
S6,continuous,E,35,161,82,landing,2062.9918596258276,2252.9918596258276,190.0,0.0
S6,continuous,E,27,162,156,takeoff,1741.523225451936,1771.523225451936,30.0,121.52322545193601
S6,continuous,E,10,162,156,landing,1864.0472493141008,2054.0472493141006,189.99999999999977,5.5732002367233235
S6,continuous,E,33,163,12,takeoff,1630.0,1660.0,30.0,0.0
S6,continuous,E,0,163,12,landing,1676.1362386155836,1866.1362386155836,190.0,0.0
S6,continuous,E,34,164,249,takeoff,1640.0,1670.0,30.0,0.0
S6,continuous,E,0,164,249,landing,1866.1362386155836,2056.1362386155834,189.99999999999977,82.37692247208724
S6,continuous,E,17,165,29,takeoff,2177.31705292069,2207.31705292069,30.0,527.31705292069
S6,continuous,E,29,165,29,landing,2279.38416142687,2469.38416142687,190.0,0.0
S6,continuous,E,11,166,274,takeoff,1761.4842890444838,1791.4842890444838,30.0,101.48428904448383
S6,continuous,E,32,166,274,landing,1896.7753528664884,2086.7753528664884,190.0,0.0
S6,continuous,E,7,167,334,takeoff,1670.0,1700.0,30.0,0.0
S6,continuous,E,33,167,334,landing,1728.9005587862366,1918.9005587862366,190.0,0.0
S6,continuous,E,7,168,353,takeoff,1700.0,1730.0,30.0,20.0
S6,continuous,E,28,168,353,landing,1799.2443013076204,1989.2443013076204,190.0,0.0
S6,continuous,E,8,169,250,takeoff,1930.0,1960.0,30.0,0.0
S6,continuous,E,38,169,250,landing,2039.7565545386612,2229.7565545386615,190.00000000000023,0.0
S6,continuous,E,21,170,191,takeoff,1700.0,1730.0,30.0,0.0
S6,continuous,E,5,170,191,landing,2032.6016476006741,2222.6016476006744,190.00000000000023,259.5513791754713
S6,continuous,E,22,171,66,takeoff,1710.0,1740.0,30.0,0.0
S6,continuous,E,33,171,66,landing,1918.9005587862366,2108.9005587862366,190.0,78.49707094786822
S6,continuous,E,9,172,109,takeoff,1944.7959481696932,1974.7959481696932,30.0,164.79594816969325
S6,continuous,E,15,172,109,landing,2364.2755237870756,2554.2755237870756,190.0,317.9193139255631
S6,continuous,E,0,173,237,takeoff,2056.1362386155834,2086.1362386155834,30.0,326.13623861558335
S6,continuous,E,21,173,237,landing,2143.525588304608,2333.525588304608,190.0,0.0
S6,continuous,E,38,174,225,takeoff,2229.7565545386615,2259.7565545386615,30.0,489.7565545386615
S6,continuous,E,16,174,225,landing,2338.2171898567726,2528.2171898567726,190.0,0.0
S6,continuous,E,30,175,71,takeoff,1750.0,1780.0,30.0,0.0
S6,continuous,E,29,175,71,landing,1844.2320391467258,2034.2320391467258,190.0,0.0
S6,continuous,E,2,176,117,takeoff,2329.1057300921375,2359.1057300921375,30.0,569.1057300921375
S6,continuous,E,7,176,117,landing,2450.3918462368038,2640.3918462368038,190.0,0.0
S6,continuous,E,18,177,263,takeoff,1770.0,1800.0,30.0,0.0
S6,continuous,E,7,177,263,landing,1991.0034868501225,2181.0034868501225,190.0,94.97787446287157
S6,continuous,E,25,178,113,takeoff,2184.1908196728755,2214.1908196728755,30.0,164.19081967287548
S6,continuous,E,36,178,113,landing,2259.0658176577335,2449.0658176577335,190.0,0.0
S6,continuous,E,36,179,51,takeoff,2147.546596872714,2177.546596872714,30.0,357.54659687271396
S6,continuous,E,13,179,51,landing,2201.1188443073393,2391.1188443073393,190.0,0.0
S6,continuous,E,34,180,180,takeoff,1800.0,1830.0,30.0,0.0
S6,continuous,E,16,180,180,landing,1914.9772348958809,2104.977234895881,190.0,0.0
S6,continuous,E,36,181,279,takeoff,2177.546596872714,2207.546596872714,30.0,367.54659687271396
S6,continuous,E,6,181,279,landing,2299.654349826828,2489.654349826828,190.0,0.0
S6,continuous,E,12,182,199,takeoff,1834.017522406519,1864.017522406519,30.0,14.017522406518992
S6,continuous,E,23,182,199,landing,1929.7525023224314,2119.7525023224316,190.00000000000023,0.0
S6,continuous,E,8,183,355,takeoff,1830.0,1860.0,30.0,0.0
S6,continuous,E,31,183,355,landing,1890.3238101921854,2080.323810192185,189.99999999999977,0.0
S6,continuous,E,15,184,306,takeoff,1840.0,1870.0,30.0,0.0
S6,continuous,E,20,184,306,landing,2854.6396402389637,3044.6396402389637,190.0,796.9256836904196
S6,continuous,E,35,185,207,takeoff,1912.123261095643,1942.123261095643,30.0,62.1232610956431
S6,continuous,E,39,185,207,landing,2053.5798602935047,2243.5798602935047,190.0,0.0
S6,continuous,E,10,186,356,takeoff,2054.0472493141006,2084.0472493141006,30.0,194.04724931410055
S6,continuous,E,36,186,356,landing,2449.0658176577335,2639.0658176577335,190.0,286.95767991264574
S6,continuous,E,31,187,304,takeoff,2080.323810192185,2110.323810192185,30.0,210.3238101921852
S6,continuous,E,3,187,304,landing,2136.9543867796547,2326.9543867796547,190.0,0.0
S6,continuous,E,4,188,21,takeoff,1880.0,1910.0,30.0,0.0
S6,continuous,E,30,188,21,landing,1941.2990742289805,2131.2990742289803,189.99999999999977,0.0
S6,continuous,E,27,189,131,takeoff,1890.0,1920.0,30.0,0.0
S6,continuous,E,0,189,131,landing,2100.517252912633,2290.517252912633,190.0,0.0
S6,continuous,E,9,190,36,takeoff,1974.7959481696932,2004.7959481696932,30.0,74.79594816969325
S6,continuous,E,15,190,36,landing,2554.2755237870756,2744.2755237870756,190.0,457.9193139255631
S6,continuous,E,0,191,233,takeoff,2290.517252912633,2320.517252912633,30.0,380.517252912633
S6,continuous,E,28,191,233,landing,2426.3211627916694,2616.3211627916694,190.0,0.0
S6,continuous,E,16,192,351,takeoff,2104.977234895881,2134.977234895881,30.0,184.97723489588088
S6,continuous,E,38,192,351,landing,2293.437870213992,2483.437870213992,190.0,0.0
S6,continuous,E,11,193,53,takeoff,1990.0,2020.0,30.0,0.0
S6,continuous,E,13,193,53,landing,2391.1188443073393,2581.1188443073393,190.0,320.4451262525099
S6,continuous,E,36,194,170,takeoff,2207.546596872714,2237.546596872714,30.0,267.54659687271396
S6,continuous,E,5,194,170,landing,2304.2339938459945,2494.2339938459945,190.0,0.0
S6,continuous,E,39,195,172,takeoff,1950.0,1980.0,30.0,0.0
S6,continuous,E,10,195,172,landing,2170.8687646809262,2360.8687646809262,190.0,0.0
S6,continuous,E,34,196,222,takeoff,1960.0,1990.0,30.0,0.0
S6,continuous,E,22,196,222,landing,2109.53509643681,2299.53509643681,190.0,0.0
S6,continuous,E,21,197,135,takeoff,1970.0,2000.0,30.0,0.0
S6,continuous,E,31,197,135,landing,2110.323810192185,2300.323810192185,190.0,55.02253465133481
S6,continuous,E,29,198,218,takeoff,2034.2320391467258,2064.2320391467256,29.999999999999773,54.23203914672581
S6,continuous,E,28,198,218,landing,2160.451536658019,2350.451536658019,190.0,0.0
S6,continuous,E,11,199,284,takeoff,2020.0,2050.0,30.0,30.0
S6,continuous,E,12,199,284,landing,2174.9675114970796,2364.9675114970796,190.0,0.0
S6,continuous,E,10,200,198,takeoff,2360.8687646809262,2390.8687646809262,30.0,180.86876468092623
S6,continuous,E,32,200,198,landing,2511.558777249828,2701.558777249828,190.0,0.0
S6,continuous,E,24,201,337,takeoff,2190.0,2220.0,30.0,0.0
S6,continuous,E,11,201,337,landing,2341.484289044484,2531.484289044484,190.0,0.0
S6,continuous,E,20,202,184,takeoff,3044.6396402389637,3074.6396402389637,30.0,1024.6396402389637
S6,continuous,E,34,202,184,landing,3163.666918312473,3353.666918312473,190.0,0.0
S6,continuous,E,26,203,52,takeoff,2030.0,2060.0,30.0,0.0
S6,continuous,E,33,203,52,landing,2119.0083883426732,2309.0083883426732,190.0,0.0
S6,continuous,E,20,204,324,takeoff,3074.6396402389637,3104.6396402389637,30.0,1034.6396402389637
S6,continuous,E,8,204,324,landing,3178.2003624905765,3368.2003624905765,190.0,0.0
S6,continuous,E,6,205,157,takeoff,2109.5046792359535,2139.5046792359535,30.0,59.50467923595352
S6,continuous,E,29,205,157,landing,2469.38416142687,2659.38416142687,190.0,188.42045031962653
S6,continuous,E,15,206,158,takeoff,2744.2755237870756,2774.2755237870756,30.0,684.2755237870756
S6,continuous,E,31,206,158,landing,2840.16812594148,3030.16812594148,190.0,0.0
S6,continuous,E,38,207,185,takeoff,2259.7565545386615,2289.7565545386615,30.0,189.75655453866148
S6,continuous,E,35,207,185,landing,2418.4474294423167,2608.4474294423167,190.0,0.0
S6,continuous,E,35,208,295,takeoff,2252.9918596258276,2282.9918596258276,30.0,172.9918596258276
S6,continuous,E,34,208,295,landing,2382.6720734399087,2572.6720734399087,190.0,0.0
S6,continuous,E,36,209,276,takeoff,2639.0658176577335,2669.0658176577335,30.0,549.0658176577335
S6,continuous,E,1,209,276,landing,2743.064191510142,2933.064191510142,190.0,0.0
S6,continuous,E,4,210,234,takeoff,2100.0,2130.0,30.0,0.0
S6,continuous,E,23,210,234,landing,2189.60430460046,2379.60430460046,190.0,0.0
S6,continuous,E,30,211,72,takeoff,2131.2990742289803,2161.2990742289803,30.0,21.299074228980317
S6,continuous,E,27,211,72,landing,2214.504676223617,2404.504676223617,190.0,0.0
S6,continuous,E,16,212,57,takeoff,2134.977234895881,2164.977234895881,30.0,14.977234895880883
S6,continuous,E,33,212,57,landing,2309.0083883426732,2499.0083883426732,190.0,79.64177971750951
S6,continuous,E,4,213,79,takeoff,2130.0,2160.0,30.0,0.0
S6,continuous,E,17,213,79,landing,2207.31705292069,2397.31705292069,190.0,2.2064828701977603
S6,continuous,E,30,214,153,takeoff,2161.2990742289803,2191.2990742289803,30.0,21.299074228980317
S6,continuous,E,24,214,153,landing,2294.320441922905,2484.320441922905,190.0,0.0
S6,continuous,E,1,215,112,takeoff,2419.1657572986232,2449.1657572986232,30.0,269.16575729862325
S6,continuous,E,33,215,112,landing,2535.8997998145355,2725.8997998145355,190.0,0.0
S6,continuous,E,5,216,32,takeoff,2222.6016476006744,2252.6016476006744,30.0,62.60164760067437
S6,continuous,E,38,216,32,landing,2483.437870213992,2673.437870213992,190.0,141.64393724339152
S6,continuous,E,27,217,257,takeoff,2404.504676223617,2434.504676223617,30.0,174.50467622361703
S6,continuous,E,3,217,257,landing,2477.387898547572,2667.387898547572,190.0,0.0
S6,continuous,E,10,218,87,takeoff,2390.8687646809262,2420.8687646809262,30.0,210.86876468092623
S6,continuous,E,25,218,87,landing,2521.5379636486336,2711.5379636486336,190.0,0.0
S6,continuous,E,35,219,300,takeoff,2282.9918596258276,2312.9918596258276,30.0,92.9918596258276
S6,continuous,E,17,219,300,landing,2397.31705292069,2587.31705292069,190.0,22.203631717809003
S6,continuous,E,22,220,346,takeoff,2299.53509643681,2329.53509643681,30.0,99.53509643680991
S6,continuous,E,9,220,346,landing,2474.0705715897284,2664.0705715897284,190.0,0.0
S6,continuous,E,24,221,244,takeoff,2484.320441922905,2514.320441922905,30.0,214.32044192290505
S6,continuous,E,2,221,244,landing,2620.0163949231696,2810.0163949231696,190.0,0.0
S6,continuous,E,10,222,211,takeoff,2420.8687646809262,2450.8687646809262,30.0,200.86876468092623
S6,continuous,E,29,222,211,landing,2659.38416142687,2849.38416142687,190.0,131.93417967230926
S6,continuous,E,16,223,353,takeoff,2230.0,2260.0,30.0,0.0
S6,continuous,E,17,223,353,landing,2587.31705292069,2777.31705292069,190.0,279.83593529738755
S6,continuous,E,22,224,317,takeoff,2329.53509643681,2359.53509643681,30.0,89.53509643680991
S6,continuous,E,19,224,317,landing,2477.2346725833772,2667.2346725833772,190.0,0.0
S6,continuous,E,30,225,192,takeoff,2250.0,2280.0,30.0,0.0
S6,continuous,E,13,225,192,landing,2581.1188443073393,2771.1188443073393,190.0,230.6714851877905
S6,continuous,E,14,226,167,takeoff,2260.0,2290.0,30.0,0.0
S6,continuous,E,13,226,167,landing,2771.1188443073393,2961.1188443073393,190.0,380.22842968304167
S6,continuous,E,27,227,249,takeoff,2434.504676223617,2464.504676223617,30.0,164.50467622361703
S6,continuous,E,3,227,249,landing,2667.387898547572,2857.387898547572,190.0,160.0
S6,continuous,E,31,228,146,takeoff,2300.323810192185,2330.323810192185,30.0,20.323810192185192
S6,continuous,E,15,228,146,landing,2774.2755237870756,2964.2755237870756,190.0,338.05911144048605
S6,continuous,E,31,229,95,takeoff,2330.323810192185,2360.323810192185,30.0,40.32381019218519
S6,continuous,E,34,229,95,landing,2572.6720734399087,2762.6720734399087,190.0,126.89863182966747
S6,continuous,E,12,230,239,takeoff,2364.9675114970796,2394.9675114970796,30.0,64.96751149707961
S6,continuous,E,20,230,239,landing,3104.6396402389637,3294.6396402389637,190.0,601.5104029682952
S6,continuous,E,37,231,159,takeoff,2310.0,2340.0,30.0,0.0
S6,continuous,E,18,231,159,landing,2414.1673715210472,2604.1673715210472,190.0,0.0
S6,continuous,E,36,232,131,takeoff,2669.0658176577335,2699.0658176577335,30.0,349.06581765773353
S6,continuous,E,27,232,131,landing,2728.8020887069238,2918.8020887069238,190.0,0.0
S6,continuous,E,37,233,105,takeoff,2340.0,2370.0,30.0,10.0
S6,continuous,E,13,233,105,landing,2961.1188443073393,3151.1188443073393,190.0,479.0837265411824
S6,continuous,E,39,234,65,takeoff,2340.0,2370.0,30.0,0.0
S6,continuous,E,34,234,65,landing,2762.6720734399087,2952.6720734399087,190.0,259.31029748896344
S6,continuous,E,16,235,210,takeoff,2528.2171898567726,2558.2171898567726,30.0,178.21718985677262
S6,continuous,E,28,235,210,landing,2670.838562374866,2860.838562374866,190.0,0.0
S6,continuous,E,27,236,175,takeoff,2464.504676223617,2494.504676223617,30.0,104.50467622361703
S6,continuous,E,36,236,175,landing,2699.0658176577335,2889.0658176577335,190.0,134.82487038492627
S6,continuous,E,35,237,189,takeoff,2608.4474294423167,2638.4474294423167,30.0,178.44742944231666
S6,continuous,E,29,237,189,landing,2849.38416142687,3039.38416142687,190.0,138.86955581712527
S6,continuous,E,12,238,120,takeoff,2560.0,2590.0,30.0,0.0
S6,continuous,E,20,238,120,landing,3294.6396402389637,3484.6396402389637,190.0,576.4779144653749
S6,continuous,E,3,239,289,takeoff,2390.0,2420.0,30.0,0.0
S6,continuous,E,23,239,289,landing,2474.6211365387157,2664.6211365387157,190.0,0.0
S6,continuous,E,39,240,225,takeoff,2700.0,2730.0,30.0,0.0
S6,continuous,E,20,240,225,landing,3484.6396402389637,3674.6396402389637,190.0,617.4214467797542
S6,continuous,E,34,241,302,takeoff,2952.6720734399087,2982.6720734399087,30.0,542.6720734399087
S6,continuous,E,38,241,302,landing,3099.7252385058987,3289.7252385058987,190.0,0.0
S6,continuous,E,33,242,355,takeoff,2499.0083883426732,2529.0083883426732,30.0,79.00838834267324
S6,continuous,E,27,242,355,landing,2918.8020887069238,3108.8020887069238,190.0,327.8164618687597
S6,continuous,E,14,243,307,takeoff,2430.0,2460.0,30.0,0.0
S6,continuous,E,13,243,307,landing,3151.1188443073393,3341.1188443073393,190.0,550.2284296830417
S6,continuous,E,34,244,9,takeoff,2982.6720734399087,3012.6720734399087,30.0,542.6720734399087
S6,continuous,E,29,244,9,landing,3078.965454732488,3268.965454732488,190.0,0.0
S6,continuous,E,25,245,3,takeoff,2711.5379636486336,2741.5379636486336,30.0,201.53796364863365
S6,continuous,E,39,245,3,landing,2798.363628561579,2988.363628561579,190.0,0.0
S6,continuous,E,15,246,224,takeoff,2964.2755237870756,2994.2755237870756,30.0,504.2755237870756
S6,continuous,E,14,246,224,landing,3080.077719546131,3270.077719546131,190.0,0.0
S6,continuous,E,24,247,308,takeoff,2514.320441922905,2544.320441922905,30.0,44.32044192290505
S6,continuous,E,4,247,308,landing,2608.3897271288392,2798.3897271288392,190.0,0.0
S6,continuous,E,26,248,247,takeoff,2480.0,2510.0,30.0,0.0
S6,continuous,E,31,248,247,landing,2599.451916209535,2789.451916209535,190.0,0.0
S6,continuous,E,14,249,181,takeoff,2490.0,2520.0,30.0,0.0
S6,continuous,E,7,249,181,landing,2640.3918462368038,2830.3918462368038,190.0,11.187516013116237
S6,continuous,E,19,250,219,takeoff,2667.2346725833772,2697.2346725833772,30.0,167.23467258337723
S6,continuous,E,27,250,219,landing,3108.8020887069238,3298.8020887069238,190.0,304.00939293958527
S6,continuous,E,28,251,170,takeoff,2616.3211627916694,2646.3211627916694,30.0,106.3211627916694
S6,continuous,E,2,251,170,landing,2810.0163949231696,3000.0163949231696,190.0,16.974828893307404
S6,continuous,E,7,252,237,takeoff,2830.3918462368038,2860.3918462368038,30.0,310.39184623680376
S6,continuous,E,19,252,237,landing,2896.0688592064234,3086.0688592064234,190.0,0.0
S6,continuous,E,10,253,21,takeoff,2530.0,2560.0,30.0,0.0
S6,continuous,E,24,253,21,landing,2689.991831876184,2879.991831876184,190.0,0.0
S6,continuous,E,15,254,342,takeoff,2994.2755237870756,3024.2755237870756,30.0,454.2755237870756
S6,continuous,E,20,254,342,landing,3674.6396402389637,3864.6396402389637,190.0,482.6501599033436
S6,continuous,E,33,255,162,takeoff,2725.8997998145355,2755.8997998145355,30.0,175.89979981453553
S6,continuous,E,27,255,162,landing,3298.8020887069238,3488.8020887069238,190.0,440.9250503968974
S6,continuous,E,4,256,73,takeoff,2560.0,2590.0,30.0,0.0
S6,continuous,E,27,256,73,landing,3488.8020887069238,3678.8020887069238,190.0,757.7403334183805
S6,continuous,E,29,257,186,takeoff,3039.38416142687,3069.38416142687,30.0,469.3841614268699
S6,continuous,E,26,257,186,landing,3129.5727945695853,3319.5727945695853,190.0,0.0
S6,continuous,E,1,258,35,takeoff,2580.0,2610.0,30.0,0.0
S6,continuous,E,8,258,35,landing,2668.103582465017,2858.103582465017,190.0,0.0
S6,continuous,E,18,259,265,takeoff,2604.1673715210472,2634.1673715210472,30.0,14.167371521047244
S6,continuous,E,15,259,265,landing,3024.2755237870756,3214.2755237870756,190.0,277.4813976223836
S6,continuous,E,25,260,141,takeoff,2741.5379636486336,2771.5379636486336,30.0,141.53796364863365
S6,continuous,E,31,260,141,landing,3030.16812594148,3220.16812594148,190.0,159.2206056511459
S6,continuous,E,21,261,66,takeoff,2610.0,2640.0,30.0,0.0
S6,continuous,E,10,261,66,landing,2707.871775016998,2897.871775016998,190.0,0.0
S6,continuous,E,11,262,228,takeoff,2680.0,2710.0,30.0,0.0
S6,continuous,E,5,262,228,landing,2801.11735855619,2991.11735855619,190.0,0.0
S6,continuous,E,6,263,256,takeoff,2630.0,2660.0,30.0,0.0
S6,continuous,E,26,263,256,landing,2755.732840940701,2945.732840940701,190.0,0.0
S6,continuous,E,35,264,193,takeoff,2640.0,2670.0,30.0,0.0
S6,continuous,E,4,264,193,landing,2798.3897271288392,2988.3897271288392,190.0,35.1179969371251
S6,continuous,E,20,265,195,takeoff,3864.6396402389637,3894.6396402389637,30.0,1214.6396402389637
S6,continuous,E,28,265,195,landing,3978.650003084963,4168.650003084963,190.0,0.0
S6,continuous,E,21,266,180,takeoff,2660.0,2690.0,30.0,0.0
S6,continuous,E,9,266,180,landing,2729.024007524221,2919.024007524221,190.0,0.0
S6,continuous,E,28,267,116,takeoff,2860.838562374866,2890.838562374866,30.0,190.8385623748659
S6,continuous,E,0,267,116,landing,2996.6424722539023,3186.6424722539023,190.0,0.0
S6,continuous,E,33,268,287,takeoff,2755.8997998145355,2785.8997998145355,30.0,75.89979981453553
S6,continuous,E,39,268,287,landing,2988.363628561579,3178.363628561579,190.0,177.53707662707393
S6,continuous,E,31,269,4,takeoff,2789.451916209535,2819.451916209535,30.0,99.45191620953483
S6,continuous,E,33,269,4,landing,2878.60818348691,3068.60818348691,190.0,0.0
S6,continuous,E,1,270,230,takeoff,2700.0,2730.0,30.0,0.0
S6,continuous,E,30,270,230,landing,2836.439875715397,3026.439875715397,190.0,0.0
S6,continuous,E,13,271,303,takeoff,3341.1188443073393,3371.1188443073393,30.0,631.1188443073393
S6,continuous,E,2,271,303,landing,3422.423247761484,3612.423247761484,190.0,0.0
S6,continuous,E,28,272,323,takeoff,2890.838562374866,2920.838562374866,30.0,170.8385623748659
S6,continuous,E,15,272,323,landing,3214.2755237870756,3404.2755237870756,190.0,124.23835385709435
S6,continuous,E,29,273,259,takeoff,3268.965454732488,3298.965454732488,30.0,538.9654547324881
S6,continuous,E,8,273,259,landing,3383.2833438807015,3573.2833438807015,190.0,0.0
S6,continuous,E,7,274,320,takeoff,2860.3918462368038,2890.3918462368038,30.0,120.39184623680376
S6,continuous,E,21,274,320,landing,2929.5561503180484,3119.5561503180484,190.0,0.0
S6,continuous,E,21,275,99,takeoff,2750.0,2780.0,30.0,0.0
S6,continuous,E,7,275,99,landing,2890.3918462368038,3080.3918462368038,190.0,31.22754215555915
S6,continuous,E,9,276,135,takeoff,2919.024007524221,2949.024007524221,30.0,159.0240075242209
S6,continuous,E,5,276,135,landing,3018.346909810972,3208.346909810972,190.0,0.0
S6,continuous,E,8,277,341,takeoff,3010.0,3040.0,30.0,0.0
S6,continuous,E,15,277,341,landing,3404.2755237870756,3594.2755237870756,190.0,177.2906923086848
S6,continuous,E,33,278,216,takeoff,2785.8997998145355,2815.8997998145355,30.0,5.899799814535527
S6,continuous,E,7,278,216,landing,3080.3918462368038,3270.3918462368038,190.0,175.59148763603116
S6,continuous,E,16,279,45,takeoff,2790.0,2820.0,30.0,0.0
S6,continuous,E,37,279,45,landing,2870.0811364094016,3060.0811364094016,190.0,0.0
S6,continuous,E,28,280,60,takeoff,3040.0,3070.0,30.0,0.0
S6,continuous,E,15,280,60,landing,3594.2755237870756,3784.2755237870756,190.0,355.07691623196024
S6,continuous,E,27,281,79,takeoff,3678.8020887069238,3708.8020887069238,30.0,868.8020887069238
S6,continuous,E,32,281,79,landing,3792.058030061935,3982.058030061935,190.0,0.0
S6,continuous,E,23,282,18,takeoff,2820.0,2850.0,30.0,0.0
S6,continuous,E,12,282,18,landing,2915.7349799159124,3105.7349799159124,190.0,0.0
S6,continuous,E,20,283,1,takeoff,3894.6396402389637,3924.6396402389637,30.0,1064.6396402389637
S6,continuous,E,17,283,1,landing,3938.875969941022,4128.875969941022,190.0,0.0
S6,continuous,E,16,284,301,takeoff,2840.0,2870.0,30.0,0.0
S6,continuous,E,27,284,301,landing,3708.8020887069238,3898.8020887069238,190.0,684.5559848020962
S6,continuous,E,20,285,208,takeoff,3924.6396402389637,3954.6396402389637,30.0,1074.6396402389637
S6,continuous,E,17,285,208,landing,4128.875969941022,4318.875969941022,190.0,160.0
S6,continuous,E,0,286,196,takeoff,2860.0,2890.0,30.0,0.0
S6,continuous,E,32,286,196,landing,2980.2956307308245,3170.2956307308245,190.0,0.0
S6,continuous,E,2,287,23,takeoff,3000.0163949231696,3030.0163949231696,30.0,130.01639492316963
S6,continuous,E,6,287,23,landing,3145.9755506956503,3335.9755506956503,190.0,0.0
S6,continuous,E,10,288,327,takeoff,2897.871775016998,2927.871775016998,30.0,17.871775016998072
S6,continuous,E,7,288,327,landing,3270.3918462368038,3460.3918462368038,190.0,175.2762639593634
S6,continuous,E,25,289,249,takeoff,2890.0,2920.0,30.0,0.0
S6,continuous,E,38,289,249,landing,3289.7252385058987,3479.7252385058987,190.0,267.79908623919755
S6,continuous,E,31,290,311,takeoff,3220.16812594148,3250.16812594148,30.0,320.16812594147996
S6,continuous,E,10,290,311,landing,3314.763459046045,3504.763459046045,190.0,0.0
S6,continuous,E,1,291,69,takeoff,2933.064191510142,2963.064191510142,30.0,23.06419151014188
S6,continuous,E,30,291,69,landing,3069.504067225539,3259.504067225539,190.0,0.0
S6,continuous,E,34,292,166,takeoff,3012.6720734399087,3042.6720734399087,30.0,92.67207343990867
S6,continuous,E,16,292,166,landing,3127.64930833579,3317.64930833579,190.0,0.0
S6,continuous,E,7,293,78,takeoff,3460.3918462368038,3490.3918462368038,30.0,530.3918462368038
S6,continuous,E,20,293,78,landing,3954.6396402389637,4144.639640238964,190.0,357.6897488564978
S6,continuous,E,27,294,296,takeoff,3898.8020887069238,3928.8020887069238,30.0,958.8020887069238
S6,continuous,E,4,294,296,landing,4009.863843995467,4199.863843995467,189.99999999999955,0.0
S6,continuous,E,7,295,292,takeoff,3490.3918462368038,3520.3918462368038,30.0,540.3918462368038
S6,continuous,E,8,295,292,landing,3626.5144462428784,3816.5144462428784,190.0,0.0
S6,continuous,E,14,296,289,takeoff,2960.0,2990.0,30.0,0.0
S6,continuous,E,32,296,289,landing,3170.2956307308245,3360.2956307308245,190.0,52.05543860295393
S6,continuous,E,18,297,269,takeoff,2970.0,3000.0,30.0,0.0
S6,continuous,E,26,297,269,landing,3319.5727945695853,3509.5727945695853,190.0,220.35106543407755
S6,continuous,E,26,298,111,takeoff,2980.0,3010.0,30.0,0.0
S6,continuous,E,32,298,111,landing,3360.2956307308245,3550.2956307308245,190.0,258.406143752783
S6,continuous,E,27,299,44,takeoff,3928.8020887069238,3958.8020887069238,30.0,938.8020887069238
S6,continuous,E,9,299,44,landing,4046.432937873424,4236.432937873424,189.99999999999955,0.0
S6,continuous,E,2,300,136,takeoff,3030.0163949231696,3060.0163949231696,30.0,30.016394923169628
S6,continuous,E,9,300,136,landing,3189.5414349526955,3379.5414349526955,190.0,0.0
S6,continuous,E,1,301,274,takeoff,3010.0,3040.0,30.0,0.0
S6,continuous,E,9,301,274,landing,3379.5414349526955,3569.5414349526955,190.0,156.52123892029022
S6,continuous,E,8,302,199,takeoff,3040.0,3070.0,30.0,20.0
S6,continuous,E,13,302,199,landing,3371.1188443073393,3561.1188443073393,190.0,159.41140751290186
S6,continuous,E,2,303,330,takeoff,3060.0163949231696,3090.0163949231696,30.0,30.016394923169628
S6,continuous,E,4,303,330,landing,3166.728690166947,3356.728690166947,190.0,0.0
S6,continuous,E,23,304,353,takeoff,3040.0,3070.0,30.0,0.0
S6,continuous,E,28,304,353,landing,3180.8547969569863,3370.8547969569863,190.0,0.0
S6,continuous,E,32,305,279,takeoff,3550.2956307308245,3580.2956307308245,30.0,500.29563073082454
S6,continuous,E,8,305,279,landing,3816.5144462428784,4006.5144462428784,190.0,131.12209887166546
S6,continuous,E,13,306,114,takeoff,3561.1188443073393,3591.1188443073393,30.0,501.11884430733926
S6,continuous,E,1,306,114,landing,3657.9719717728094,3847.9719717728094,190.0,0.0
S6,continuous,E,26,307,265,takeoff,3070.0,3100.0,30.0,0.0
S6,continuous,E,3,307,265,landing,3152.1280669170355,3342.1280669170355,190.0,0.0
S6,continuous,E,7,308,99,takeoff,3520.3918462368038,3550.3918462368038,30.0,440.39184623680376
S6,continuous,E,22,308,99,landing,3664.92954538868,3854.92954538868,190.0,0.0
S6,continuous,E,8,309,142,takeoff,3090.0,3120.0,30.0,0.0
S6,continuous,E,0,309,142,landing,3211.3063202959343,3401.3063202959343,190.0,0.0
S6,continuous,E,4,310,266,takeoff,3100.0,3130.0,30.0,0.0
S6,continuous,E,14,310,266,landing,3270.077719546131,3460.077719546131,190.0,48.464517649118534
S6,continuous,E,11,311,56,takeoff,3110.0,3140.0,30.0,0.0
S6,continuous,E,35,311,56,landing,3239.315160876296,3429.315160876296,190.0,0.0
S6,continuous,E,9,312,181,takeoff,3569.5414349526955,3599.5414349526955,30.0,389.54143495269545
S6,continuous,E,1,312,181,landing,3847.9719717728094,4037.9719717728094,190.0,105.41034078770872
S6,continuous,E,5,313,319,takeoff,3208.346909810972,3238.346909810972,30.0,78.34690981097219
S6,continuous,E,7,313,319,landing,3550.3918462368038,3740.3918462368038,190.0,218.0544537583346
S6,continuous,E,26,314,241,takeoff,3509.5727945695853,3539.5727945695853,30.0,369.5727945695853
S6,continuous,E,15,314,241,landing,3784.2755237870756,3974.2755237870756,190.0,173.1211117884077
S6,continuous,E,24,315,137,takeoff,3150.0,3180.0,30.0,0.0
S6,continuous,E,20,315,137,landing,4144.639640238964,4334.639640238964,190.0,783.1395344382381
S6,continuous,E,26,316,77,takeoff,3539.5727945695853,3569.5727945695853,30.0,379.5727945695853
S6,continuous,E,20,316,77,landing,4334.639640238964,4524.639640238964,190.0,608.9938859793933
S6,continuous,E,38,317,320,takeoff,3479.7252385058987,3509.7252385058987,30.0,309.7252385058987
S6,continuous,E,4,317,320,landing,3589.792619354829,3779.792619354829,190.0,0.0
S6,continuous,E,38,318,345,takeoff,3509.7252385058987,3539.7252385058987,30.0,329.7252385058987
S6,continuous,E,29,318,345,landing,3658.1661889210163,3848.1661889210163,190.0,0.0
S6,continuous,E,32,319,358,takeoff,3580.2956307308245,3610.2956307308245,30.0,390.29563073082454
S6,continuous,E,25,319,358,landing,3696.7164957667933,3886.7164957667933,190.0,0.0
S6,continuous,E,27,320,171,takeoff,3958.8020887069238,3988.8020887069238,30.0,758.8020887069238
S6,continuous,E,33,320,171,landing,4033.4277701658907,4223.42777016589,189.99999999999955,0.0
S6,continuous,E,2,321,164,takeoff,3210.0,3240.0,30.0,0.0
S6,continuous,E,35,321,164,landing,3429.315160876296,3619.315160876296,190.0,98.21633087352984
S6,continuous,E,10,322,282,takeoff,3220.0,3250.0,30.0,0.0
S6,continuous,E,31,322,282,landing,3354.5953331045653,3544.5953331045653,190.0,0.0
S6,continuous,E,4,323,26,takeoff,3356.728690166947,3386.728690166947,30.0,126.72869016694722
S6,continuous,E,0,323,26,landing,3418.873976709227,3608.873976709227,190.0,0.0
S6,continuous,E,18,324,124,takeoff,3360.0,3390.0,30.0,0.0
S6,continuous,E,38,324,124,landing,3563.5777769546385,3753.5777769546385,190.0,0.0
S6,continuous,E,10,325,359,takeoff,3250.0,3280.0,30.0,0.0
S6,continuous,E,28,325,359,landing,3403.8879785818167,3593.8879785818167,190.0,0.0
S6,continuous,E,10,326,126,takeoff,3504.763459046045,3534.763459046045,30.0,184.76345904604523
S6,continuous,E,17,326,126,landing,3596.305943608445,3786.305943608445,190.0,0.0
S6,continuous,E,8,327,340,takeoff,3573.2833438807015,3603.2833438807015,30.0,303.2833438807015
S6,continuous,E,9,327,340,landing,3734.5160666194924,3924.5160666194924,190.0,0.0
S6,continuous,E,2,328,275,takeoff,3280.0,3310.0,30.0,0.0
S6,continuous,E,22,328,275,landing,3367.496220426605,3557.496220426605,190.0,0.0
S6,continuous,E,10,329,192,takeoff,3534.763459046045,3564.763459046045,30.0,244.76345904604523
S6,continuous,E,23,329,192,landing,3647.96748540672,3837.96748540672,190.0,0.0
S6,continuous,E,8,330,117,takeoff,4006.5144462428784,4036.5144462428784,30.0,706.5144462428784
S6,continuous,E,1,330,117,landing,4094.6180287078955,4284.618028707895,189.99999999999955,0.0
S6,continuous,E,0,331,339,takeoff,3608.873976709227,3638.873976709227,30.0,298.873976709227
S6,continuous,E,20,331,339,landing,4524.639640238964,4714.639640238964,190.0,774.4611679020363
S6,continuous,E,15,332,265,takeoff,3974.2755237870756,4004.2755237870756,30.0,654.2755237870756
S6,continuous,E,32,332,265,landing,4074.0659404736875,4264.065940473687,189.99999999999955,0.0
S6,continuous,E,24,333,260,takeoff,3330.0,3360.0,30.0,0.0
S6,continuous,E,35,333,260,landing,3619.315160876296,3809.315160876296,190.0,114.32951786027752
S6,continuous,E,5,334,158,takeoff,3340.0,3370.0,30.0,0.0
S6,continuous,E,21,334,158,landing,3413.050268425203,3603.050268425203,190.0,0.0
S6,continuous,E,5,335,15,takeoff,3370.0,3400.0,30.0,20.0
S6,continuous,E,34,335,15,landing,3506.6722030685924,3696.6722030685924,190.0,0.0
S6,continuous,E,8,336,343,takeoff,4036.5144462428784,4066.5144462428784,30.0,676.5144462428784
S6,continuous,E,29,336,343,landing,4150.832335391092,4340.832335391092,190.0,0.0
S6,continuous,E,30,337,130,takeoff,3370.0,3400.0,30.0,0.0
S6,continuous,E,23,337,130,landing,3837.96748540672,4027.96748540672,190.0,342.02991456209156
S6,continuous,E,32,338,307,takeoff,3610.2956307308245,3640.2956307308245,30.0,230.29563073082454
S6,continuous,E,38,338,307,landing,3770.6348531886633,3960.6348531886633,190.0,0.0
S6,continuous,E,25,339,299,takeoff,3390.0,3420.0,30.0,0.0
S6,continuous,E,10,339,299,landing,3620.6691989677074,3810.6691989677074,190.0,0.0
S6,continuous,E,19,340,259,takeoff,3400.0,3430.0,30.0,0.0
S6,continuous,E,21,340,259,landing,3603.050268425203,3793.050268425203,190.0,138.6719910963934
S6,continuous,E,32,341,264,takeoff,3640.2956307308245,3670.2956307308245,30.0,230.29563073082454
S6,continuous,E,27,341,264,landing,3988.8020887069238,4178.802088706923,189.99999999999955,215.25051662108808
S6,continuous,E,31,342,175,takeoff,3544.5953331045653,3574.5953331045653,30.0,124.59533310456527
S6,continuous,E,3,342,175,landing,3601.2259096920347,3791.2259096920347,190.0,0.0
S6,continuous,E,28,343,274,takeoff,3593.8879785818167,3623.8879785818167,30.0,163.8879785818167
S6,continuous,E,31,343,274,landing,3735.995577071964,3925.995577071964,190.0,0.0
S6,continuous,E,4,344,154,takeoff,3440.0,3470.0,30.0,0.0
S6,continuous,E,31,344,154,landing,3925.995577071964,4115.995577071964,190.00000000000045,380.64292481294706
S6,continuous,E,3,345,359,takeoff,3450.0,3480.0,30.0,0.0
S6,continuous,E,14,345,359,landing,3545.8813097343514,3735.8813097343514,190.0,0.0
S6,continuous,E,24,346,70,takeoff,3460.0,3490.0,30.0,0.0
S6,continuous,E,38,346,70,landing,3960.6348531886633,4150.634853188663,190.0,365.8963323104049
S6,continuous,E,32,347,96,takeoff,3670.2956307308245,3700.2956307308245,30.0,200.29563073082454
S6,continuous,E,5,347,96,landing,3790.5117984400235,3980.5117984400235,190.0,0.0
S6,continuous,E,39,348,231,takeoff,3480.0,3510.0,30.0,0.0
S6,continuous,E,11,348,231,landing,3606.2697870399793,3796.2697870399793,190.0,0.0
S6,continuous,E,22,349,86,takeoff,3557.496220426605,3587.496220426605,30.0,67.49622042660485
S6,continuous,E,6,349,86,landing,3742.365247087991,3932.365247087991,190.0,0.0
S6,continuous,E,20,350,322,takeoff,4714.639640238964,4744.639640238964,30.0,1214.6396402389637
S6,continuous,E,21,350,322,landing,4797.175996970518,4987.175996970518,190.0,0.0
S6,continuous,E,3,351,240,takeoff,3510.0,3540.0,30.0,0.0
S6,continuous,E,25,351,240,landing,3886.7164957667933,4076.7164957667933,190.0,286.51248395408584
S6,continuous,E,11,352,169,takeoff,3520.0,3550.0,30.0,0.0
S6,continuous,E,28,352,169,landing,3698.2458256050213,3888.2458256050213,190.0,0.0
S6,continuous,E,13,353,254,takeoff,3591.1188443073393,3621.1188443073393,30.0,61.11884430733926
S6,continuous,E,5,353,254,landing,3980.5117984400235,4170.511798440024,190.00000000000045,245.80331126600686
S6,continuous,E,31,354,253,takeoff,4115.995577071964,4145.995577071964,30.0,395.99557707196436
S6,continuous,E,1,354,253,landing,4284.618028707895,4474.618028707895,190.0,119.45560483331064
S6,continuous,E,6,355,170,takeoff,3550.0,3580.0,30.0,0.0
S6,continuous,E,26,355,170,landing,3695.732840940701,3885.732840940701,190.0,0.0
S6,continuous,E,2,356,41,takeoff,3612.423247761484,3642.423247761484,30.0,52.42324776148416
S6,continuous,E,0,356,41,landing,3722.616459013554,3912.616459013554,190.0,0.0
S6,continuous,E,35,357,12,takeoff,3809.315160876296,3839.315160876296,30.0,239.31516087629598
S6,continuous,E,19,357,12,landing,3927.6608763938134,4117.660876393813,189.99999999999955,0.0
S6,continuous,E,32,358,229,takeoff,3700.2956307308245,3730.2956307308245,30.0,120.29563073082454
S6,continuous,E,16,358,229,landing,3879.6949115725224,4069.6949115725224,190.0,0.0
S6,continuous,E,26,359,164,takeoff,3590.0,3620.0,30.0,0.0
S6,continuous,E,5,359,164,landing,4170.511798440024,4360.511798440024,190.0,430.26776473252903
S6,continuous,E,24,360,313,takeoff,3600.0,3630.0,30.0,0.0
S6,continuous,E,6,360,313,landing,3932.365247087991,4122.3652470879915,190.00000000000045,173.91414370578968
S6,continuous,E,1,361,27,takeoff,3610.0,3640.0,30.0,0.0
S6,continuous,E,32,361,27,landing,4264.065940473687,4454.065940473687,190.0,427.31941401787935
S6,continuous,E,10,362,62,takeoff,3810.6691989677074,3840.6691989677074,30.0,190.66919896770742
S6,continuous,E,9,362,62,landing,4236.432937873424,4426.432937873424,190.0,248.79705410557017
S6,continuous,E,19,363,67,takeoff,3630.0,3660.0,30.0,0.0
S6,continuous,E,27,363,67,landing,4178.802088706923,4368.802088706923,190.0,391.24406552296205
S6,continuous,E,19,364,182,takeoff,3660.0,3690.0,30.0,20.0
S6,continuous,E,27,364,182,landing,4368.802088706923,4558.802088706923,190.0,531.244065522962
S6,continuous,E,37,365,102,takeoff,3650.0,3680.0,30.0,0.0
S6,continuous,E,14,365,102,landing,3750.1236107455825,3940.1236107455825,190.0,0.0
S6,continuous,E,34,366,167,takeoff,3696.6722030685924,3726.6722030685924,30.0,36.67220306859235
S6,continuous,E,14,366,167,landing,3940.1236107455825,4130.1236107455825,190.0,88.20721148324265
S6,continuous,E,30,367,85,takeoff,3670.0,3700.0,30.0,0.0
S6,continuous,E,14,367,85,landing,4130.1236107455825,4320.1236107455825,190.0,292.7136912707547
S6,continuous,E,7,368,126,takeoff,3740.3918462368038,3770.3918462368038,30.0,60.39184623680376
S6,continuous,E,12,368,126,landing,3875.3004162134816,4065.3004162134816,190.0,0.0
S6,continuous,E,35,369,84,takeoff,3839.315160876296,3869.315160876296,30.0,149.31516087629598
S6,continuous,E,9,369,84,landing,4426.432937873424,4616.432937873424,190.0,428.9929845481238
S6,continuous,E,23,370,226,takeoff,4027.96748540672,4057.96748540672,30.0,327.9674854067198
S6,continuous,E,9,370,226,landing,4616.432937873424,4806.432937873424,190.0,382.9692849666708
S6,continuous,E,39,371,37,takeoff,3710.0,3740.0,30.0,0.0
S6,continuous,E,11,371,37,landing,3836.2697870399793,4026.2697870399793,190.0,0.0
S6,continuous,E,13,372,10,takeoff,3720.0,3750.0,30.0,0.0
S6,continuous,E,27,372,10,landing,4558.802088706923,4748.802088706923,190.0,667.7607450148594
S6,continuous,E,21,373,193,takeoff,3793.050268425203,3823.050268425203,30.0,63.05026842520283
S6,continuous,E,2,373,193,landing,3874.76708001721,4064.76708001721,190.0,0.0
S6,continuous,E,9,374,132,takeoff,3924.5160666194924,3954.5160666194924,30.0,184.51606661949245
S6,continuous,E,0,374,132,landing,4066.611176125743,4256.611176125743,190.00000000000045,0.0
S6,continuous,E,31,375,90,takeoff,4145.995577071964,4175.995577071964,30.0,395.99557707196436
S6,continuous,E,18,375,90,landing,4230.367270591872,4420.367270591872,190.0,0.0
S6,continuous,E,13,376,292,takeoff,3760.0,3790.0,30.0,0.0
S6,continuous,E,18,376,292,landing,3821.5809351404123,4011.5809351404123,190.0,0.0
S6,continuous,E,31,377,345,takeoff,4175.995577071964,4205.995577071964,30.0,405.99557707196436
S6,continuous,E,29,377,345,landing,4340.832335391092,4530.832335391092,190.0,52.41117544493591
S6,continuous,E,16,378,185,takeoff,3780.0,3810.0,30.0,0.0
S6,continuous,E,4,378,185,landing,4199.863843995467,4389.863843995467,190.0,288.69626226526543
S6,continuous,E,36,379,98,takeoff,3790.0,3820.0,30.0,0.0
S6,continuous,E,33,379,98,landing,3840.5454008775687,4030.5454008775687,190.0,0.0
S6,continuous,E,17,380,244,takeoff,3800.0,3830.0,30.0,0.0
S6,continuous,E,39,380,244,landing,3856.993271335429,4046.993271335429,190.0,0.0
S6,continuous,E,37,381,113,takeoff,3810.0,3840.0,30.0,0.0
S6,continuous,E,21,381,113,landing,3870.668186317754,4060.668186317754,190.0,0.0
S6,continuous,E,19,382,299,takeoff,3820.0,3850.0,30.0,0.0
S6,continuous,E,13,382,299,landing,3953.9337089149963,4143.933708914996,189.99999999999955,0.0
S6,continuous,E,18,383,168,takeoff,4011.5809351404123,4041.5809351404123,30.0,181.5809351404123
S6,continuous,E,7,383,168,landing,4137.606547527663,4327.606547527663,190.0,0.0
S6,continuous,E,22,384,327,takeoff,3854.92954538868,3884.92954538868,30.0,14.929545388679799
S6,continuous,E,5,384,327,landing,4360.511798440024,4550.511798440024,190.0,307.96699165169366
S6,continuous,E,13,385,248,takeoff,3850.0,3880.0,30.0,0.0
S6,continuous,E,5,385,248,landing,4550.511798440024,4740.511798440024,190.0,496.9221555733466
S6,continuous,E,12,386,356,takeoff,4065.3004162134816,4095.3004162134816,30.0,205.30041621348164
S6,continuous,E,4,386,356,landing,4389.863843995467,4579.863843995467,190.0,163.46382654207173
S6,continuous,E,33,387,134,takeoff,4223.42777016589,4253.42777016589,30.0,353.42777016589025
S6,continuous,E,10,387,134,landing,4330.225281041372,4520.225281041372,190.0,0.0
S6,continuous,E,32,388,108,takeoff,4454.065940473687,4484.065940473687,30.0,394.0659404736871
S6,continuous,E,9,388,108,landing,4806.432937873424,4996.432937873424,190.0,174.4946902328902
S6,continuous,E,19,389,96,takeoff,3890.0,3920.0,30.0,0.0
S6,continuous,E,21,389,96,landing,4060.668186317754,4250.668186317755,190.00000000000045,27.441175314276734
S6,continuous,E,3,390,49,takeoff,3900.0,3930.0,30.0,0.0
S6,continuous,E,16,390,49,landing,4069.6949115725224,4259.694911572522,189.99999999999955,92.64469244280554
S6,continuous,E,22,391,63,takeoff,3910.0,3940.0,30.0,0.0
S6,continuous,E,0,391,63,landing,4256.611176125743,4446.611176125743,190.0,210.72547469467372
S6,continuous,E,32,392,30,takeoff,4484.065940473687,4514.065940473687,30.0,384.0659404736871
S6,continuous,E,21,392,30,landing,4548.790580178649,4738.790580178649,190.0,0.0
S6,continuous,E,0,393,69,takeoff,3930.0,3960.0,30.0,0.0
S6,continuous,E,29,393,69,landing,4530.832335391092,4720.832335391092,190.0,436.79152372009094
S6,continuous,E,39,394,173,takeoff,4046.993271335429,4076.993271335429,30.0,106.9932713354292
S6,continuous,E,35,394,173,landing,4188.449870533291,4378.449870533291,190.0,0.0
S6,continuous,E,23,395,45,takeoff,4057.96748540672,4087.96748540672,30.0,107.96748540671979
S6,continuous,E,14,395,45,landing,4320.1236107455825,4510.1236107455825,190.0,173.6851391203727
S6,continuous,E,0,396,331,takeoff,4446.611176125743,4476.611176125743,30.0,366.61117612574344
S6,continuous,E,20,396,331,landing,4744.639640238964,4934.639640238964,190.0,196.72396848552034
S6,continuous,E,35,397,234,takeoff,3970.0,4000.0,30.0,0.0
S6,continuous,E,12,397,234,landing,4170.855530236112,4360.855530236112,190.0,0.0
S6,continuous,E,20,398,78,takeoff,4934.639640238964,4964.639640238964,30.0,954.6396402389637
S6,continuous,E,6,398,78,landing,5049.030123477505,5239.030123477505,190.0,0.0
S6,continuous,E,31,399,314,takeoff,4205.995577071964,4235.995577071964,30.0,215.99557707196436
S6,continuous,E,11,399,314,landing,4306.864605893762,4496.864605893762,190.0,0.0
S6,continuous,E,31,400,320,takeoff,4235.995577071964,4265.995577071964,30.0,235.99557707196436
S6,continuous,E,10,400,320,landing,4520.225281041372,4710.225281041372,190.0,169.6343708648419
S6,continuous,E,27,401,304,takeoff,4748.802088706923,4778.802088706923,30.0,738.8020887069233
S6,continuous,E,0,401,304,landing,4879.319341619556,5069.319341619556,190.0,0.0
S6,continuous,E,38,402,105,takeoff,4150.634853188663,4180.634853188663,30.0,130.63485318866333
S6,continuous,E,6,402,105,landing,4295.94770907436,4485.94770907436,190.0,0.0
S6,continuous,E,31,403,179,takeoff,4265.995577071964,4295.995577071964,30.0,235.99557707196436
S6,continuous,E,20,403,179,landing,4964.639640238964,5154.639640238964,190.0,509.49031245085644
S6,continuous,E,29,404,136,takeoff,4040.0,4070.0,30.0,0.0
S6,continuous,E,13,404,136,landing,4143.933708914996,4333.933708914996,190.0,23.938206171842467
S6,continuous,E,14,405,94,takeoff,4510.1236107455825,4540.1236107455825,30.0,460.1236107455825
S6,continuous,E,16,405,94,landing,4600.356250354644,4790.356250354644,190.0,0.0
S6,continuous,E,2,406,59,takeoff,4064.76708001721,4094.76708001721,30.0,4.767080017209992
S6,continuous,E,29,406,59,landing,4720.832335391092,4910.832335391092,190.0,517.7014223336973
S6,continuous,E,30,407,335,takeoff,4070.0,4100.0,30.0,0.0
S6,continuous,E,39,407,335,landing,4171.9880874633845,4361.9880874633845,190.0,0.0
S6,continuous,E,7,408,184,takeoff,4080.0,4110.0,30.0,0.0
S6,continuous,E,11,408,184,landing,4496.864605893762,4686.864605893762,190.0,275.5138810026983
S6,continuous,E,7,409,232,takeoff,4327.606547527663,4357.606547527663,30.0,237.60654752766277
S6,continuous,E,13,409,232,landing,4449.525826538808,4639.525826538808,190.0,0.0
S6,continuous,E,13,410,195,takeoff,4333.933708914996,4363.933708914996,30.0,233.9337089149958
S6,continuous,E,26,410,195,landing,4440.496308785287,4630.496308785287,190.0,0.0
S6,continuous,E,6,411,259,takeoff,4122.3652470879915,4152.3652470879915,30.0,12.36524708799152
S6,continuous,E,34,411,259,landing,4282.984287038617,4472.984287038617,190.0,0.0
S6,continuous,E,15,412,15,takeoff,4120.0,4150.0,30.0,0.0
S6,continuous,E,21,412,15,landing,4250.668186317755,4440.668186317755,190.0,66.90162644841439
S6,continuous,E,8,413,215,takeoff,4130.0,4160.0,30.0,0.0
S6,continuous,E,4,413,215,landing,4579.863843995467,4769.863843995467,190.0,270.5205115927274
S6,continuous,E,21,414,12,takeoff,4440.668186317755,4470.668186317755,30.0,300.6681863177546
S6,continuous,E,28,414,12,landing,4505.807094283244,4695.807094283244,190.0,0.0
S6,continuous,E,11,415,213,takeoff,4150.0,4180.0,30.0,0.0
S6,continuous,E,39,415,213,landing,4361.9880874633845,4551.9880874633845,190.0,85.7183004234048
S6,continuous,E,32,416,348,takeoff,4514.065940473687,4544.065940473687,30.0,354.0659404736871
S6,continuous,E,5,416,348,landing,4740.511798440024,4930.511798440024,190.0,106.22969025713792
S6,continuous,E,10,417,18,takeoff,4170.0,4200.0,30.0,0.0
S6,continuous,E,1,417,18,landing,4474.618028707895,4664.618028707895,190.0,182.66702954852917
S6,continuous,E,26,418,55,takeoff,4180.0,4210.0,30.0,0.0
S6,continuous,E,3,418,55,landing,4262.1280669170355,4452.1280669170355,190.0,0.0
S6,continuous,E,34,419,123,takeoff,4190.0,4220.0,30.0,0.0
S6,continuous,E,25,419,123,landing,4327.718269159993,4517.718269159993,190.0,0.0
S6,continuous,E,25,420,64,takeoff,4200.0,4230.0,30.0,0.0
S6,continuous,E,7,420,64,landing,4357.606547527663,4547.606547527663,190.0,57.56440465535161
S6,continuous,E,38,421,289,takeoff,4210.0,4240.0,30.0,0.0
S6,continuous,E,21,421,289,landing,4987.175996970518,5177.175996970518,190.0,652.712473686558
S6,continuous,E,13,422,200,takeoff,4363.933708914996,4393.933708914996,30.0,143.9337089149958
S6,continuous,E,34,422,200,landing,4472.984287038617,4662.984287038617,190.0,25.71120926896492
S6,continuous,E,37,423,57,takeoff,4230.0,4260.0,30.0,0.0
S6,continuous,E,36,423,57,landing,4304.73777884013,4494.73777884013,190.0,0.0
S6,continuous,E,0,424,56,takeoff,4476.611176125743,4506.611176125743,30.0,236.61117612574344
S6,continuous,E,35,424,56,landing,4620.972329885864,4810.972329885864,190.0,0.0
S6,continuous,E,30,425,191,takeoff,4250.0,4280.0,30.0,0.0
S6,continuous,E,3,425,191,landing,4452.1280669170355,4642.1280669170355,190.0,132.37604081580685
S6,continuous,E,6,426,270,takeoff,4485.94770907436,4515.94770907436,30.0,165.94770907436032
S6,continuous,E,22,426,270,landing,4650.816735735747,4840.816735735747,190.0,0.0
S6,continuous,E,0,427,53,takeoff,4506.611176125743,4536.611176125743,30.0,236.61117612574344
S6,continuous,E,3,427,53,landing,4642.1280669170355,4832.1280669170355,190.0,39.15611964339314
S6,continuous,E,7,428,358,takeoff,4547.606547527663,4577.606547527663,30.0,267.60654752766277
S6,continuous,E,8,428,358,landing,4683.729147533737,4873.729147533737,190.0,0.0
S6,continuous,E,3,429,328,takeoff,4832.1280669170355,4862.1280669170355,30.0,542.1280669170355
S6,continuous,E,17,429,328,landing,4886.025254417765,5076.025254417765,190.0,0.0
S6,continuous,E,8,430,133,takeoff,4300.0,4330.0,30.0,0.0
S6,continuous,E,37,430,133,landing,4400.707334223809,4590.707334223809,190.0,0.0
S6,continuous,E,20,431,46,takeoff,5154.639640238964,5184.639640238964,30.0,844.6396402389637
S6,continuous,E,16,431,46,landing,5272.393650388152,5462.393650388152,190.0,0.0
S6,continuous,E,6,432,85,takeoff,4515.94770907436,4545.94770907436,30.0,195.94770907436032
S6,continuous,E,9,432,85,landing,4996.432937873424,5186.432937873424,190.0,266.92959622094895
S6,continuous,E,4,433,347,takeoff,4769.863843995467,4799.863843995467,30.0,439.8638439954666
S6,continuous,E,7,433,347,landing,4849.637888191867,5039.637888191867,190.0,0.0
S6,continuous,E,27,434,164,takeoff,4778.802088706923,4808.802088706923,30.0,438.8020887069233
S6,continuous,E,29,434,164,landing,4910.832335391092,5100.832335391092,190.0,72.4000194196542
S6,continuous,E,38,435,23,takeoff,4350.0,4380.0,30.0,0.0
S6,continuous,E,13,435,23,landing,4639.525826538808,4829.525826538808,190.0,163.36941766905784
S6,continuous,E,4,436,211,takeoff,4799.863843995467,4829.863843995467,30.0,439.8638439954666
S6,continuous,E,18,436,211,landing,4915.975871310364,5105.975871310364,190.0,0.0
S6,continuous,E,33,437,130,takeoff,4370.0,4400.0,30.0,0.0
S6,continuous,E,16,437,130,landing,4790.356250354644,4980.356250354644,190.0,305.9668766253608
S6,continuous,E,25,438,73,takeoff,4517.718269159993,4547.718269159993,30.0,137.71826915999281
S6,continuous,E,1,438,73,landing,4664.618028707895,4854.618028707895,190.0,10.589534453569286
S6,continuous,E,3,439,88,takeoff,4862.1280669170355,4892.1280669170355,30.0,472.12806691703554
S6,continuous,E,22,439,88,landing,4969.719776355073,5159.719776355073,190.0,0.0
S6,continuous,E,39,440,197,takeoff,4551.9880874633845,4581.9880874633845,30.0,151.98808746338455
S6,continuous,E,29,440,197,landing,5100.832335391092,5290.832335391092,190.0,387.2523621328055
S6,continuous,E,5,441,25,takeoff,4930.511798440024,4960.511798440024,30.0,520.511798440024
S6,continuous,E,20,441,25,landing,5184.639640238964,5374.639640238964,190.0,166.71239486102968
S6,continuous,E,7,442,168,takeoff,4577.606547527663,4607.606547527663,30.0,157.60654752766277
S6,continuous,E,4,442,168,landing,4829.863843995467,5019.863843995467,190.0,132.48325227140322
S6,continuous,E,25,443,271,takeoff,4547.718269159993,4577.718269159993,30.0,117.71826915999281
S6,continuous,E,8,443,271,landing,4873.729147533737,5063.729147533737,190.0,182.41948634143318
S6,continuous,E,33,444,229,takeoff,4440.0,4470.0,30.0,0.0
S6,continuous,E,4,444,229,landing,5019.863843995467,5209.863843995467,190.0,454.03798216284486
S6,continuous,E,36,445,81,takeoff,4494.73777884013,4524.73777884013,30.0,44.73777884012998
S6,continuous,E,4,445,81,landing,5209.863843995467,5399.863843995467,190.0,529.5463164618122
S6,continuous,E,32,446,107,takeoff,4544.065940473687,4574.065940473687,30.0,84.06594047368708
S6,continuous,E,31,446,107,landing,4703.157303054899,4893.157303054899,190.0,0.0
S6,continuous,E,0,447,221,takeoff,4536.611176125743,4566.611176125743,30.0,66.61117612574344
S6,continuous,E,5,447,221,landing,4960.511798440024,5150.511798440024,190.0,325.24796497810985
S6,continuous,E,33,448,132,takeoff,4480.0,4510.0,30.0,0.0
S6,continuous,E,23,448,132,landing,4554.3836061228685,4744.3836061228685,190.0,0.0
S6,continuous,E,9,449,139,takeoff,5186.432937873424,5216.432937873424,30.0,696.4329378734237
S6,continuous,E,37,449,139,landing,5303.063354292358,5493.063354292358,190.0,0.0
S6,continuous,E,25,450,245,takeoff,4577.718269159993,4607.718269159993,30.0,77.71826915999281
S6,continuous,E,33,450,245,landing,4626.480393375626,4816.480393375626,190.0,0.0
S6,continuous,E,27,451,188,takeoff,4808.802088706923,4838.802088706923,30.0,298.8020887069233
S6,continuous,E,38,451,188,landing,4946.0457806518225,5136.0457806518225,190.0,0.0
S6,continuous,E,6,452,136,takeoff,4545.94770907436,4575.94770907436,30.0,25.94770907436032
S6,continuous,E,29,452,136,landing,5290.832335391092,5480.832335391092,190.0,553.4255944454417
S6,continuous,E,16,453,312,takeoff,4530.0,4560.0,30.0,0.0
S6,continuous,E,33,453,312,landing,4816.480393375626,5006.480393375626,190.0,192.09101964634283
S6,continuous,E,8,454,216,takeoff,4540.0,4570.0,30.0,0.0
S6,continuous,E,16,454,216,landing,4980.356250354644,5170.356250354644,190.0,307.2959020294984
S6,continuous,E,6,455,299,takeoff,4575.94770907436,4605.94770907436,30.0,25.94770907436032
S6,continuous,E,9,455,299,landing,5216.432937873424,5406.432937873424,190.0,406.92959622094895
S6,continuous,E,32,456,15,takeoff,4574.065940473687,4604.065940473687,30.0,14.065940473687078
S6,continuous,E,27,456,15,landing,4838.802088706923,5028.802088706923,190.0,131.48020687822554
S6,continuous,E,7,457,61,takeoff,4607.606547527663,4637.606547527663,30.0,37.60654752766277
S6,continuous,E,11,457,61,landing,4728.9572724187265,4918.9572724187265,190.0,0.0
S6,continuous,E,21,458,167,takeoff,5177.175996970518,5207.175996970518,30.0,357.1759969705181
S6,continuous,E,7,458,167,landing,5246.340301051762,5436.340301051762,190.0,0.0
S6,continuous,E,34,459,233,takeoff,4662.984287038617,4692.984287038617,30.0,72.98428703861737
S6,continuous,E,3,459,233,landing,4892.1280669170355,5082.1280669170355,190.0,124.09434815417444
S6,continuous,E,17,460,320,takeoff,5076.025254417765,5106.025254417765,30.0,176.0252544177647
S6,continuous,E,9,460,320,landing,5406.432937873424,5596.432937873424,190.0,160.79798774167375
S6,continuous,E,11,461,341,takeoff,4918.9572724187265,4948.9572724187265,30.0,188.95727241872646
S6,continuous,E,37,461,341,landing,5017.33321422452,5207.33321422452,190.0,0.0
S6,continuous,E,19,462,300,takeoff,4620.0,4650.0,30.0,0.0
S6,continuous,E,0,462,300,landing,5069.319341619556,5259.319341619556,190.0,303.2578416766528
S6,continuous,E,32,463,325,takeoff,4630.0,4660.0,30.0,0.0
S6,continuous,E,5,463,325,landing,5150.511798440024,5340.511798440024,190.0,360.295630730825
S6,continuous,E,10,464,16,takeoff,4710.225281041372,4740.225281041372,30.0,70.225281041372
S6,continuous,E,20,464,16,landing,5374.639640238964,5564.639640238964,190.0,512.8210715005762
S6,continuous,E,14,465,194,takeoff,4650.0,4680.0,30.0,0.0
S6,continuous,E,26,465,194,landing,4809.18959833393,4999.18959833393,190.0,0.0
S6,continuous,E,22,466,13,takeoff,4840.816735735747,4870.816735735747,30.0,180.816735735747
S6,continuous,E,7,466,13,landing,5039.637888191867,5229.637888191867,190.0,54.283453304245086
S6,continuous,E,38,467,178,takeoff,4670.0,4700.0,30.0,0.0
S6,continuous,E,34,467,178,landing,4817.05316506599,5007.05316506599,190.0,0.0
S6,continuous,E,8,468,234,takeoff,5063.729147533737,5093.729147533737,30.0,383.729147533737
S6,continuous,E,31,468,234,landing,5124.052957725922,5314.052957725922,190.0,0.0
S6,continuous,E,2,469,240,takeoff,4990.0,5020.0,30.0,0.0
S6,continuous,E,17,469,240,landing,5122.075361178758,5312.075361178758,190.0,0.0
S6,continuous,E,27,470,206,takeoff,5028.802088706923,5058.802088706923,30.0,328.8020887069233
S6,continuous,E,19,470,206,landing,5146.360111890885,5336.360111890885,190.0,0.0
S6,continuous,E,18,471,47,takeoff,4710.0,4740.0,30.0,0.0
S6,continuous,E,26,471,47,landing,4999.18959833393,5189.18959833393,190.0,159.9678691984218
S6,continuous,E,25,472,96,takeoff,4720.0,4750.0,30.0,0.0
S6,continuous,E,17,472,96,landing,5312.075361178758,5502.075361178758,190.0,454.0295275378876
S6,continuous,E,30,473,315,takeoff,4730.0,4760.0,30.0,0.0
S6,continuous,E,0,473,315,landing,5259.319341619556,5449.319341619556,190.0,389.85959628211094
S6,continuous,E,23,474,245,takeoff,4744.3836061228685,4774.3836061228685,30.0,4.383606122868514
S6,continuous,E,6,474,245,landing,5239.030123477505,5429.030123477505,190.0,349.0580798990122
S6,continuous,E,22,475,333,takeoff,5159.719776355073,5189.719776355073,30.0,169.719776355073
S6,continuous,E,9,475,333,landing,5596.432937873424,5786.432937873424,190.0,182.17768636543315
S6,continuous,E,0,476,63,takeoff,5449.319341619556,5479.319341619556,30.0,569.3193416195563
S6,continuous,E,4,476,63,landing,5511.464628161836,5701.464628161836,190.0,0.0
S6,continuous,E,6,477,227,takeoff,4770.0,4800.0,30.0,0.0
S6,continuous,E,24,477,227,landing,4908.451103382203,5098.451103382203,190.0,0.0
S6,continuous,E,27,478,151,takeoff,5058.802088706923,5088.802088706923,30.0,278.8020887069233
S6,continuous,E,25,478,151,landing,5162.937160731456,5352.937160731456,190.0,0.0
S6,continuous,E,12,479,282,takeoff,4790.0,4820.0,30.0,0.0
S6,continuous,E,39,479,282,landing,4938.874074533085,5128.874074533085,190.0,0.0
S6,continuous,E,25,480,196,takeoff,4800.0,4830.0,30.0,0.0
S6,continuous,E,1,480,196,landing,4936.310225094333,5126.310225094333,190.0,0.0
S6,continuous,E,13,481,171,takeoff,4829.525826538808,4859.525826538808,30.0,19.52582653880836
S6,continuous,E,38,481,171,landing,5136.0457806518225,5326.0457806518225,190.0,180.36354524326362
S6,continuous,E,27,482,198,takeoff,5088.802088706923,5118.802088706923,30.0,268.8020887069233
S6,continuous,E,4,482,198,landing,5701.464628161836,5891.464628161836,190.0,481.60078416637043
S6,continuous,E,27,483,220,takeoff,5118.802088706923,5148.802088706923,30.0,288.8020887069233
S6,continuous,E,9,483,220,landing,5786.432937873424,5976.432937873424,190.0,450.0000000000009
S6,continuous,E,11,484,108,takeoff,4948.9572724187265,4978.9572724187265,30.0,108.95727241872646
S6,continuous,E,5,484,108,landing,5340.511798440024,5530.511798440024,190.0,210.43716746510745
S6,continuous,E,17,485,310,takeoff,5502.075361178758,5532.075361178758,30.0,592.0753611787577
S6,continuous,E,11,485,310,landing,5563.076310784904,5753.076310784904,190.0,0.0
S6,continuous,E,16,486,107,takeoff,5170.356250354644,5200.356250354644,30.0,310.35625035464363
S6,continuous,E,5,486,107,landing,5530.511798440024,5720.511798440024,190.0,176.59019388886918
S6,continuous,E,3,487,303,takeoff,5082.1280669170355,5112.1280669170355,30.0,212.12806691703554
S6,continuous,E,33,487,303,landing,5143.60049465559,5333.60049465559,190.0,0.0
S6,continuous,E,19,488,208,takeoff,4880.0,4910.0,30.0,0.0
S6,continuous,E,3,488,208,landing,5112.1280669170355,5302.1280669170355,190.0,129.60408945628296
S6,continuous,E,33,489,345,takeoff,5006.480393375626,5036.480393375626,30.0,116.48039337562568
S6,continuous,E,26,489,345,landing,5189.18959833393,5379.18959833393,190.0,93.700816615632
S6,continuous,E,22,490,327,takeoff,5189.719776355073,5219.719776355073,30.0,229.719776355073
S6,continuous,E,39,490,327,landing,5336.372200157554,5526.372200157554,190.0,0.0
S6,continuous,E,0,491,183,takeoff,5479.319341619556,5509.319341619556,30.0,569.3193416195563
S6,continuous,E,3,491,183,landing,5575.680112767455,5765.680112767455,190.0,0.0
S6,continuous,E,2,492,28,takeoff,4920.0,4950.0,30.0,0.0
S6,continuous,E,0,492,28,landing,5509.319341619556,5699.319341619556,190.0,419.12613036748735
S6,continuous,E,24,493,350,takeoff,5098.451103382203,5128.451103382203,30.0,168.45110338220275
S6,continuous,E,27,493,350,landing,5257.882070561169,5447.882070561169,190.0,0.0
S6,continuous,E,24,494,152,takeoff,5128.451103382203,5158.451103382203,30.0,188.45110338220275
S6,continuous,E,9,494,152,landing,5976.432937873424,6166.432937873424,190.0,573.2230476289333
S6,continuous,E,36,495,261,takeoff,5010.0,5040.0,30.0,0.0
S6,continuous,E,18,495,261,landing,5105.975871310364,5295.975871310364,190.0,19.24189057600688
S6,continuous,E,8,496,100,takeoff,5093.729147533737,5123.729147533737,30.0,133.72914753373698
S6,continuous,E,13,496,100,landing,5185.436584328175,5375.436584328175,190.0,0.0
S6,continuous,E,23,497,164,takeoff,4970.0,5000.0,30.0,0.0
S6,continuous,E,14,497,164,landing,5038.47098621849,5228.47098621849,190.0,0.0
S6,continuous,E,14,498,119,takeoff,4980.0,5010.0,30.0,0.0
S6,continuous,E,37,498,119,landing,5493.063354292358,5683.063354292358,190.0,392.9397435467745
S6,continuous,E,28,499,90,takeoff,4990.0,5020.0,30.0,0.0
S6,continuous,E,6,499,90,landing,5429.030123477505,5619.030123477505,190.0,273.84065140456096
S6,continuous,E,27,500,137,takeoff,5148.802088706923,5178.802088706923,30.0,148.8020887069233
S6,continuous,E,16,500,137,landing,5462.393650388152,5652.393650388152,190.0,189.34545777640142
S6,continuous,E,31,501,356,takeoff,5010.0,5040.0,30.0,0.0
S6,continuous,E,19,501,356,landing,5336.360111890885,5526.360111890885,190.0,165.538063722478
S6,continuous,E,25,502,80,takeoff,5020.0,5050.0,30.0,0.0
S6,continuous,E,36,502,80,landing,5094.874997984858,5284.874997984858,190.0,0.0
S6,continuous,E,27,503,53,takeoff,5178.802088706923,5208.802088706923,30.0,148.8020887069233
S6,continuous,E,8,503,53,landing,5303.311560111778,5493.311560111778,190.0,0.0
S6,continuous,E,12,504,73,takeoff,5040.0,5070.0,30.0,0.0
S6,continuous,E,17,504,73,landing,5532.075361178758,5722.075361178758,190.0,298.9707448349809
S6,continuous,E,30,505,354,takeoff,5050.0,5080.0,30.0,0.0
S6,continuous,E,23,505,354,landing,5155.937570844629,5345.937570844629,190.0,0.0
S6,continuous,E,14,506,244,takeoff,5228.47098621849,5258.47098621849,30.0,168.47098621849
S6,continuous,E,15,506,244,landing,5344.273181977546,5534.273181977546,190.0,0.0
S6,continuous,E,38,507,175,takeoff,5326.0457806518225,5356.0457806518225,30.0,256.0457806518225
S6,continuous,E,4,507,175,landing,5891.464628161836,6081.464628161836,190.0,415.3514666610836
S6,continuous,E,17,508,76,takeoff,5722.075361178758,5752.075361178758,30.0,642.0753611787577
S6,continuous,E,38,508,76,landing,5796.409170035909,5986.409170035909,190.0,0.0
S6,continuous,E,39,509,341,takeoff,5128.874074533085,5158.874074533085,30.0,38.87407453308515
S6,continuous,E,19,509,341,landing,5526.360111890885,5716.360111890885,190.0,225.97260902182825
S6,continuous,E,35,510,7,takeoff,5100.0,5130.0,30.0,0.0
S6,continuous,E,7,510,7,landing,5436.340301051762,5626.340301051762,190.0,200.39956691648513
S6,continuous,E,33,511,266,takeoff,5110.0,5140.0,30.0,0.0
S6,continuous,E,38,511,266,landing,5356.0457806518225,5546.0457806518225,190.0,151.19377945446013
S6,continuous,E,33,512,23,takeoff,5333.60049465559,5363.60049465559,30.0,213.6004946555904
S6,continuous,E,26,512,23,landing,5422.608882998263,5612.608882998263,190.0,0.0
S6,continuous,E,1,513,214,takeoff,5130.0,5160.0,30.0,0.0
S6,continuous,E,14,513,214,landing,5258.47098621849,5448.47098621849,190.0,33.987195532909936
S6,continuous,E,26,514,316,takeoff,5379.18959833393,5409.18959833393,30.0,239.18959833393
S6,continuous,E,36,514,316,landing,5469.819298584548,5659.819298584548,190.0,0.0
S6,continuous,E,27,515,248,takeoff,5447.882070561169,5477.882070561169,30.0,177.8820705611688
S6,continuous,E,33,515,248,landing,5522.507752020135,5712.507752020135,190.0,0.0
S6,continuous,E,12,516,104,takeoff,5160.0,5190.0,30.0,0.0
S6,continuous,E,3,516,104,landing,5302.1280669170355,5492.1280669170355,190.0,13.346540552785882
S6,continuous,E,11,517,294,takeoff,5170.0,5200.0,30.0,0.0
S6,continuous,E,36,517,294,landing,5659.819298584548,5849.819298584548,190.0,396.11709615067775
S6,continuous,E,4,518,211,takeoff,5399.863843995467,5429.863843995467,30.0,219.8638439954666
S6,continuous,E,37,518,211,landing,5683.063354292358,5873.063354292358,190.0,242.74951234234413
S6,continuous,E,1,519,86,takeoff,5190.0,5220.0,30.0,0.0
S6,continuous,E,30,519,86,landing,5326.439875715398,5516.439875715398,190.0,0.0
S6,continuous,E,3,520,3,takeoff,5492.1280669170355,5522.1280669170355,30.0,292.12806691703554
S6,continuous,E,26,520,3,landing,5612.608882998263,5802.608882998263,190.0,38.352749164191664
S6,continuous,E,7,521,347,takeoff,5626.340301051762,5656.340301051762,30.0,416.34030105176225
S6,continuous,E,14,521,347,landing,5765.54463127545,5955.54463127545,190.0,0.0
S6,continuous,E,28,522,1,takeoff,5220.0,5250.0,30.0,0.0
S6,continuous,E,2,522,1,landing,5356.7204032381915,5546.7204032381915,190.0,0.0
S6,continuous,E,29,523,281,takeoff,5480.832335391092,5510.832335391092,30.0,250.83233539109187
S6,continuous,E,24,523,281,landing,5673.537262278329,5863.537262278329,190.0,0.0
S6,continuous,E,38,524,326,takeoff,5546.0457806518225,5576.0457806518225,30.0,306.0457806518225
S6,continuous,E,29,524,326,landing,5694.48673106694,5884.48673106694,190.0,0.0
S6,continuous,E,39,525,262,takeoff,5526.372200157554,5556.372200157554,30.0,216.3722001575543
S6,continuous,E,9,525,262,landing,6166.432937873424,6356.432937873424,190.0,497.77766856669587
S6,continuous,E,24,526,173,takeoff,5260.0,5290.0,30.0,0.0
S6,continuous,E,4,526,173,landing,6081.464628161836,6271.464628161836,190.0,647.3953429559015
S6,continuous,E,12,527,342,takeoff,5270.0,5300.0,30.0,0.0
S6,continuous,E,8,527,342,landing,5493.311560111778,5683.311560111778,190.0,76.7175063777031
S6,continuous,E,27,528,263,takeoff,5477.882070561169,5507.882070561169,30.0,197.8820705611688
S6,continuous,E,23,528,263,landing,5597.648618800353,5787.648618800353,190.0,0.0
S6,continuous,E,26,529,162,takeoff,5802.608882998263,5832.608882998263,30.0,512.6088829982627
S6,continuous,E,27,529,162,landing,5885.5652224579835,6075.5652224579835,190.0,0.0
S6,continuous,E,9,530,328,takeoff,6356.432937873424,6386.432937873424,30.0,1056.4329378734237
S6,continuous,E,18,530,328,landing,6496.237268219261,6686.237268219261,190.0,0.0
S6,continuous,E,14,531,163,takeoff,5448.47098621849,5478.47098621849,30.0,138.47098621849
S6,continuous,E,22,531,163,landing,5537.189718173909,5727.189718173909,190.0,0.0
S6,continuous,E,20,532,274,takeoff,5564.639640238964,5594.639640238964,30.0,244.6396402389637
S6,continuous,E,31,532,274,landing,5673.793390955107,5863.793390955107,190.0,0.0
S6,continuous,E,8,533,50,takeoff,5683.311560111778,5713.311560111778,30.0,353.3115601117779
S6,continuous,E,7,533,50,landing,5819.434160117852,6009.434160117852,190.0,0.0
S6,continuous,E,2,534,354,takeoff,5546.7204032381915,5576.7204032381915,30.0,206.72040323819147
S6,continuous,E,11,534,354,landing,5753.076310784904,5943.076310784904,190.0,69.15066191464848
S6,continuous,E,27,535,185,takeoff,5507.882070561169,5537.882070561169,30.0,157.8820705611688
S6,continuous,E,31,535,185,landing,5863.793390955107,6053.793390955107,190.0,231.27643946354328
S6,continuous,E,37,536,150,takeoff,5873.063354292358,5903.063354292358,30.0,513.0633542923579
S6,continuous,E,15,536,150,landing,5969.21129159945,6159.21129159945,190.0,0.0
S6,continuous,E,24,537,87,takeoff,5370.0,5400.0,30.0,0.0
S6,continuous,E,18,537,87,landing,5525.554876065558,5715.554876065558,190.0,0.0
S6,continuous,E,36,538,237,takeoff,5380.0,5410.0,30.0,0.0
S6,continuous,E,25,538,237,landing,5454.874997984858,5644.874997984858,190.0,0.0
S6,continuous,E,17,539,140,takeoff,5752.075361178758,5782.075361178758,30.0,362.0753611787577
S6,continuous,E,26,539,140,landing,5845.272371913531,6035.272371913531,190.0,0.0
S6,continuous,E,27,540,69,takeoff,5537.882070561169,5567.882070561169,30.0,137.8820705611688
S6,continuous,E,4,540,69,landing,6271.464628161836,6461.464628161836,190.0,542.5208023121249
S6,continuous,E,2,541,101,takeoff,5576.7204032381915,5606.7204032381915,30.0,166.72040323819147
S6,continuous,E,29,541,101,landing,5884.48673106694,6074.48673106694,190.0,189.40249478856367
S6,continuous,E,31,542,277,takeoff,5420.0,5450.0,30.0,0.0
S6,continuous,E,30,542,277,landing,5528.574903520294,5718.574903520294,190.0,0.0
S6,continuous,E,37,543,334,takeoff,5903.063354292358,5933.063354292358,30.0,473.0633542923579
S6,continuous,E,22,543,334,landing,6004.838740029904,6194.838740029904,190.0,0.0
S6,continuous,E,14,544,88,takeoff,5478.47098621849,5508.47098621849,30.0,38.47098621849
S6,continuous,E,35,544,88,landing,5628.863924791838,5818.863924791838,190.0,0.0
S6,continuous,E,10,545,291,takeoff,5450.0,5480.0,30.0,0.0
S6,continuous,E,30,545,291,landing,5718.574903520294,5908.574903520294,190.0,148.01332442424155
S6,continuous,E,28,546,155,takeoff,5460.0,5490.0,30.0,0.0
S6,continuous,E,30,546,155,landing,5908.574903520294,6098.574903520294,190.0,363.0816583070091
S6,continuous,E,4,547,98,takeoff,6461.464628161836,6491.464628161836,30.0,931.4646281618361
S6,continuous,E,1,547,98,landing,6594.245069590558,6784.245069590558,190.0,0.0
S6,continuous,E,4,548,45,takeoff,6491.464628161836,6521.464628161836,30.0,951.4646281618361
S6,continuous,E,37,548,45,landing,6531.914626116383,6721.914626116383,190.0,0.0
S6,continuous,E,35,549,164,takeoff,5490.0,5520.0,30.0,0.0
S6,continuous,E,21,549,164,landing,5574.8777377582555,5764.8777377582555,190.0,0.0
S6,continuous,E,16,550,65,takeoff,5652.393650388152,5682.393650388152,30.0,152.3936503881523
S6,continuous,E,31,550,65,landing,6053.793390955107,6243.793390955107,190.0,291.0233572632169
S6,continuous,E,3,551,195,takeoff,5522.1280669170355,5552.1280669170355,30.0,12.12806691703554
S6,continuous,E,14,551,195,landing,5955.54463127545,6145.54463127545,190.0,317.5352546240629
S6,continuous,E,4,552,106,takeoff,6521.464628161836,6551.464628161836,30.0,1001.4646281618361
S6,continuous,E,29,552,106,landing,6646.245266092242,6836.245266092242,190.0,0.0
S6,continuous,E,0,553,58,takeoff,5699.319341619556,5729.319341619556,30.0,169.31934161955633
S6,continuous,E,32,553,58,landing,5819.61497235038,6009.61497235038,190.0,0.0
S6,continuous,E,22,554,81,takeoff,5727.189718173909,5757.189718173909,30.0,187.18971817390866
S6,continuous,E,14,554,81,landing,6145.54463127545,6335.54463127545,190.0,289.6361811461229
S6,continuous,E,37,555,268,takeoff,5933.063354292358,5963.063354292358,30.0,383.0633542923579
S6,continuous,E,2,555,268,landing,6006.327843109353,6196.327843109353,190.0,0.0
S6,continuous,E,11,556,41,takeoff,5943.076310784904,5973.076310784904,30.0,383.0763107849043
S6,continuous,E,2,556,41,landing,6196.327843109353,6386.327843109353,190.0,156.04628669238446
S6,continuous,E,21,557,212,takeoff,5764.8777377582555,5794.8777377582555,30.0,194.87773775825553
S6,continuous,E,10,557,212,landing,5862.7495127752545,6052.7495127752545,190.0,0.0
S6,continuous,E,17,558,23,takeoff,5782.075361178758,5812.075361178758,30.0,202.0753611787577
S6,continuous,E,34,558,23,landing,5863.130570827427,6053.130570827427,190.0,0.0
S6,continuous,E,24,559,77,takeoff,5863.537262278329,5893.537262278329,30.0,213.53726227832885
S6,continuous,E,16,559,77,landing,6007.655609271936,6197.655609271936,190.0,0.0
S6,continuous,E,30,560,267,takeoff,6098.574903520294,6128.574903520294,30.0,498.57490352029436
S6,continuous,E,10,560,267,landing,6219.136482616347,6409.136482616347,190.0,0.0
S6,continuous,E,32,561,357,takeoff,6009.61497235038,6039.61497235038,30.0,219.6149723503804
S6,continuous,E,30,561,357,landing,6131.881528886251,6321.881528886251,190.0,0.0
S6,continuous,E,28,562,8,takeoff,5620.0,5650.0,30.0,0.0
S6,continuous,E,34,562,8,landing,6053.130570827427,6243.130570827427,190.0,288.69371839485757
S6,continuous,E,10,563,19,takeoff,5630.0,5660.0,30.0,0.0
S6,continuous,E,20,563,19,landing,5761.5932876970155,5951.5932876970155,190.0,0.0
S6,continuous,E,2,564,356,takeoff,5640.0,5670.0,30.0,0.0
S6,continuous,E,39,564,356,landing,5764.277277414122,5954.277277414122,190.0,0.0
S6,continuous,E,0,565,337,takeoff,5729.319341619556,5759.319341619556,30.0,79.31934161955633
S6,continuous,E,22,565,337,landing,6194.838740029904,6384.838740029904,190.0,329.6336969792783
S6,continuous,E,22,566,161,takeoff,5757.189718173909,5787.189718173909,30.0,97.18971817390866
S6,continuous,E,2,566,161,landing,6386.327843109353,6576.327843109353,190.0,541.6419045088405
S6,continuous,E,3,567,121,takeoff,5765.680112767455,5795.680112767455,30.0,95.68011276745528
S6,continuous,E,25,567,121,landing,5835.895419373511,6025.895419373511,190.0,0.0
S6,continuous,E,5,568,335,takeoff,5920.0,5950.0,30.0,0.0
S6,continuous,E,32,568,335,landing,6140.216167709199,6330.216167709199,190.0,0.0
S6,continuous,E,19,569,105,takeoff,5716.360111890885,5746.360111890885,30.0,26.360111890884582
S6,continuous,E,25,569,105,landing,6025.895419373511,6215.895419373511,190.0,181.45913505855697
S6,continuous,E,15,570,129,takeoff,5700.0,5730.0,30.0,0.0
S6,continuous,E,25,570,129,landing,6215.895419373511,6405.895419373511,190.0,379.2455980010491
S6,continuous,E,30,571,180,takeoff,6321.881528886251,6351.881528886251,30.0,611.8815288862506
S6,continuous,E,26,571,180,landing,6367.995060210943,6557.995060210943,190.0,0.0
S6,continuous,E,8,572,213,takeoff,5720.0,5750.0,30.0,0.0
S6,continuous,E,24,572,213,landing,5893.537262278329,6083.537262278329,190.0,26.570860703906874
S6,continuous,E,32,573,25,takeoff,5730.0,5760.0,30.0,0.0
S6,continuous,E,22,573,25,landing,6384.838740029904,6574.838740029904,190.0,446.1934830913797
S6,continuous,E,26,574,87,takeoff,6035.272371913531,6065.272371913531,30.0,295.27237191353106
S6,continuous,E,17,574,87,landing,6128.469382648304,6318.469382648304,190.0,0.0
S6,continuous,E,38,575,54,takeoff,5986.409170035909,6016.409170035909,30.0,176.40917003590857
S6,continuous,E,11,575,54,landing,6113.559639902486,6303.559639902486,190.0,0.0
S6,continuous,E,35,576,272,takeoff,5818.863924791838,5848.863924791838,30.0,58.863924791838144
S6,continuous,E,1,576,272,landing,5975.906420994818,6165.906420994818,190.0,0.0
S6,continuous,E,12,577,319,takeoff,5770.0,5800.0,30.0,0.0
S6,continuous,E,17,577,319,landing,5849.1625066490205,6039.1625066490205,190.0,0.0
S6,continuous,E,26,578,114,takeoff,6065.272371913531,6095.272371913531,30.0,285.27237191353106
S6,continuous,E,27,578,114,landing,6148.228711373252,6338.228711373252,190.0,0.0
S6,continuous,E,27,579,149,takeoff,5790.0,5820.0,30.0,0.0
S6,continuous,E,39,579,149,landing,5954.277277414122,6144.277277414122,190.0,36.37472625345072
S6,continuous,E,25,580,85,takeoff,6405.895419373511,6435.895419373511,30.0,545.8954193735108
S6,continuous,E,7,580,85,landing,6505.937562245822,6695.937562245822,190.0,0.0
S6,continuous,E,34,581,0,takeoff,6243.130570827427,6273.130570827427,30.0,373.1305708274267
S6,continuous,E,22,581,0,landing,6574.838740029904,6764.838740029904,190.0,162.1730727656677
S6,continuous,E,7,582,38,takeoff,6009.434160117852,6039.434160117852,30.0,189.43416011785212
S6,continuous,E,9,582,38,landing,6386.432937873424,6576.432937873424,190.0,249.75595967323898
S6,continuous,E,11,583,284,takeoff,5973.076310784904,6003.076310784904,30.0,143.0763107849043
S6,continuous,E,0,583,284,landing,6097.001549637342,6287.001549637342,190.0,0.0
S6,continuous,E,29,584,264,takeoff,6074.48673106694,6104.48673106694,30.0,234.48673106693968
S6,continuous,E,14,584,264,landing,6335.54463127545,6525.54463127545,190.0,128.76186598702225
S6,continuous,E,35,585,325,takeoff,5850.0,5880.0,30.0,0.0
S6,continuous,E,16,585,325,landing,6197.655609271936,6387.655609271936,190.0,197.5057268607934
S6,continuous,E,31,586,198,takeoff,6243.793390955107,6273.793390955107,30.0,383.7933909551066
S6,continuous,E,3,586,198,landing,6300.423967542577,6490.423967542577,190.0,0.0
S6,continuous,E,5,587,103,takeoff,5870.0,5900.0,30.0,0.0
S6,continuous,E,37,587,103,landing,5963.063354292358,6153.063354292358,190.0,33.40571386605825
S6,continuous,E,33,588,200,takeoff,5880.0,5910.0,30.0,0.0
S6,continuous,E,22,588,200,landing,6764.838740029904,6954.838740029904,190.0,714.4352521915362
S6,continuous,E,9,589,355,takeoff,6576.432937873424,6606.432937873424,30.0,686.4329378734237
S6,continuous,E,36,589,355,landing,6671.652454471535,6861.652454471535,190.0,0.0
S6,continuous,E,18,590,110,takeoff,5900.0,5930.0,30.0,0.0
S6,continuous,E,39,590,110,landing,6144.277277414122,6334.277277414122,190.0,111.64500862654768
S6,continuous,E,9,591,225,takeoff,6606.432937873424,6636.432937873424,30.0,696.4329378734237
S6,continuous,E,24,591,225,landing,6781.191724735711,6971.191724735711,190.0,0.0
S6,continuous,E,22,592,123,takeoff,5920.0,5950.0,30.0,0.0
S6,continuous,E,8,592,123,landing,6029.526896141665,6219.526896141665,190.0,0.0
S6,continuous,E,0,593,169,takeoff,5930.0,5960.0,30.0,0.0
S6,continuous,E,18,593,169,landing,6058.80596703244,6248.80596703244,190.0,0.0
S6,continuous,E,8,594,90,takeoff,5940.0,5970.0,30.0,0.0
S6,continuous,E,38,594,90,landing,6089.756554538661,6279.756554538661,190.0,0.0
S6,continuous,E,32,595,108,takeoff,6330.216167709199,6360.216167709199,30.0,200.216167709199
S6,continuous,E,14,595,108,landing,6525.54463127545,6715.54463127545,190.0,37.08827143837971
S6,continuous,E,7,596,359,takeoff,6039.434160117852,6069.434160117852,30.0,79.43416011785212
S6,continuous,E,26,596,359,landing,6138.729005594438,6328.729005594438,190.0,0.0
S6,continuous,E,5,597,235,takeoff,5970.0,6000.0,30.0,0.0
S6,continuous,E,33,597,235,landing,6023.887433357841,6213.887433357841,190.0,0.0
S6,continuous,E,32,598,226,takeoff,6100.0,6130.0,30.0,0.0
S6,continuous,E,28,598,226,landing,6195.010412957362,6385.010412957362,190.0,0.0
S6,continuous,E,12,599,51,takeoff,5990.0,6020.0,30.0,0.0
S6,continuous,E,13,599,51,landing,6147.470362962377,6337.470362962377,190.0,0.0
S6,continuous,E,15,600,147,takeoff,6159.21129159945,6189.21129159945,30.0,159.2112915994503
S6,continuous,E,10,600,147,landing,6409.136482616347,6599.136482616347,190.0,160.66716674490362
S6,continuous,E,33,601,353,takeoff,6213.887433357841,6243.887433357841,30.0,203.88743335784056
S6,continuous,E,4,601,353,landing,6551.464628161836,6741.464628161836,190.0,271.7513329713738
S6,continuous,E,30,602,60,takeoff,6351.881528886251,6381.881528886251,30.0,331.88152888625063
S6,continuous,E,20,602,60,landing,6430.203911679325,6620.203911679325,190.0,0.0
S6,continuous,E,34,603,250,takeoff,6273.130570827427,6303.130570827427,30.0,243.1305708274267
S6,continuous,E,29,603,250,landing,6369.423952120006,6559.423952120006,190.0,0.0
S6,continuous,E,19,604,162,takeoff,6040.0,6070.0,30.0,0.0
S6,continuous,E,0,604,162,landing,6287.001549637342,6477.001549637342,190.0,120.94004969443813
S6,continuous,E,6,605,186,takeoff,6050.0,6080.0,30.0,0.0
S6,continuous,E,27,605,186,landing,6338.228711373252,6528.228711373252,190.0,149.52453974580112
S6,continuous,E,7,606,154,takeoff,6069.434160117852,6099.434160117852,30.0,9.434160117852116
S6,continuous,E,13,606,154,landing,6337.470362962377,6527.470362962377,190.0,146.1169238333796
S6,continuous,E,14,607,310,takeoff,6715.54463127545,6745.54463127545,30.0,645.5446312754502
S6,continuous,E,10,607,310,landing,6829.773591775426,7019.773591775426,190.0,0.0
S6,continuous,E,30,608,20,takeoff,6381.881528886251,6411.881528886251,30.0,301.88152888625063
S6,continuous,E,10,608,20,landing,6599.136482616347,6789.136482616347,190.0,96.69337463404372
S6,continuous,E,33,609,248,takeoff,6243.887433357841,6273.887433357841,30.0,153.88743335784056
S6,continuous,E,11,609,248,landing,6336.0688838420165,6526.0688838420165,190.0,0.0
S6,continuous,E,14,610,18,takeoff,6745.54463127545,6775.54463127545,30.0,645.5446312754502
S6,continuous,E,2,610,18,landing,6808.670671393936,6998.670671393936,190.0,0.0
S6,continuous,E,27,611,191,takeoff,6110.0,6140.0,30.0,0.0
S6,continuous,E,28,611,191,landing,6385.010412957362,6575.010412957362,190.0,99.63507762303107
S6,continuous,E,14,612,27,takeoff,6775.54463127545,6805.54463127545,30.0,655.5446312754502
S6,continuous,E,19,612,27,landing,6934.92490600296,7124.92490600296,190.0,0.0
S6,continuous,E,30,613,318,takeoff,6411.881528886251,6441.881528886251,30.0,281.88152888625063
S6,continuous,E,21,613,318,landing,6463.065985703368,6653.065985703368,190.0,0.0
S6,continuous,E,10,614,82,takeoff,6140.0,6170.0,30.0,0.0
S6,continuous,E,8,614,82,landing,6233.627662857335,6423.627662857335,190.0,0.0
S6,continuous,E,21,615,56,takeoff,6150.0,6180.0,30.0,0.0
S6,continuous,E,31,615,56,landing,6273.793390955107,6463.793390955107,190.0,38.49211541425575
S6,continuous,E,36,616,283,takeoff,6220.0,6250.0,30.0,0.0
S6,continuous,E,32,616,283,landing,6388.917190210945,6578.917190210945,190.0,0.0
S6,continuous,E,21,617,236,takeoff,6180.0,6210.0,30.0,10.0
S6,continuous,E,24,617,236,landing,6297.807608127455,6487.807608127455,190.0,0.0
S6,continuous,E,7,618,34,takeoff,6180.0,6210.0,30.0,0.0
S6,continuous,E,35,618,34,landing,6295.940734135277,6485.940734135277,190.0,0.0
S6,continuous,E,2,619,107,takeoff,6576.327843109353,6606.327843109353,30.0,386.3278431093531
S6,continuous,E,19,619,107,landing,6713.06582560958,6903.06582560958,190.0,0.0
S6,continuous,E,34,620,138,takeoff,6303.130570827427,6333.130570827427,30.0,103.13057082742671
S6,continuous,E,8,620,138,landing,6437.464804394803,6627.464804394803,190.0,0.0
S6,continuous,E,36,621,307,takeoff,6250.0,6280.0,30.0,40.0
S6,continuous,E,1,621,307,landing,6353.998373852409,6543.998373852409,190.0,0.0
S6,continuous,E,2,622,219,takeoff,6606.327843109353,6636.327843109353,30.0,386.3278431093531
S6,continuous,E,20,622,219,landing,6718.661073161224,6908.661073161224,190.0,0.0
S6,continuous,E,18,623,173,takeoff,6248.80596703244,6278.80596703244,30.0,18.805967032440094
S6,continuous,E,36,623,173,landing,6345.539947766797,6535.539947766797,190.0,0.0
S6,continuous,E,34,624,251,takeoff,6333.130570827427,6363.130570827427,30.0,93.13057082742671
S6,continuous,E,18,624,251,landing,6686.237268219261,6876.237268219261,190.0,225.72114819497256
S6,continuous,E,3,625,80,takeoff,6250.0,6280.0,30.0,0.0
S6,continuous,E,6,625,80,landing,6364.590794333168,6554.590794333168,190.0,0.0
S6,continuous,E,39,626,282,takeoff,6334.277277414122,6364.277277414122,30.0,74.27727741412218
S6,continuous,E,34,626,282,landing,6477.639053365067,6667.639053365067,190.0,0.0
S6,continuous,E,36,627,112,takeoff,6535.539947766797,6565.539947766797,30.0,205.539947766797
S6,continuous,E,13,627,112,landing,6589.112195201423,6779.112195201423,190.0,0.0
S6,continuous,E,13,628,319,takeoff,6527.470362962377,6557.470362962377,30.0,247.4703629623773
S6,continuous,E,23,628,319,landing,6637.738893843045,6827.738893843045,190.0,0.0
S6,continuous,E,4,629,351,takeoff,6741.464628161836,6771.464628161836,30.0,451.4646281618361
S6,continuous,E,30,629,351,landing,6802.763702390816,6992.763702390816,190.0,0.0
S6,continuous,E,20,630,67,takeoff,6300.0,6330.0,30.0,0.0
S6,continuous,E,30,630,67,landing,6458.322382793074,6648.322382793074,190.0,0.0
S6,continuous,E,11,631,36,takeoff,6526.0688838420165,6556.0688838420165,30.0,216.06888384201648
S6,continuous,E,21,631,36,landing,6653.065985703368,6843.065985703368,190.0,64.09443808972628
S6,continuous,E,20,632,183,takeoff,6330.0,6360.0,30.0,10.0
S6,continuous,E,19,632,183,landing,6436.594920915594,6626.594920915594,190.0,0.0
S6,continuous,E,27,633,195,takeoff,6528.228711373252,6558.228711373252,30.0,198.22871137325183
S6,continuous,E,9,633,195,landing,6705.859560539751,6895.859560539751,190.0,0.0
S6,continuous,E,11,634,76,takeoff,6556.0688838420165,6586.0688838420165,30.0,216.06888384201648
S6,continuous,E,25,634,76,landing,6654.630622410319,6844.630622410319,190.0,0.0
S6,continuous,E,31,635,348,takeoff,6463.793390955107,6493.793390955107,30.0,113.79339095510659
S6,continuous,E,27,635,348,landing,6568.428271885501,6758.428271885501,190.0,0.0
S6,continuous,E,21,636,298,takeoff,6360.0,6390.0,30.0,0.0
S6,continuous,E,4,636,298,landing,6771.464628161836,6961.464628161836,190.0,304.8287462462904
S6,continuous,E,34,637,279,takeoff,6370.0,6400.0,30.0,0.0
S6,continuous,E,5,637,279,landing,6546.672203068591,6736.672203068591,190.0,0.0
S6,continuous,E,25,638,109,takeoff,6435.895419373511,6465.895419373511,30.0,55.89541937351078
S6,continuous,E,0,638,109,landing,6525.474498660446,6715.474498660446,190.0,0.0
S6,continuous,E,16,639,233,takeoff,6390.0,6420.0,30.0,0.0
S6,continuous,E,20,639,233,landing,6908.661073161224,7098.661073161224,190.0,380.907063012035
S6,continuous,E,1,640,284,takeoff,6784.245069590558,6814.245069590558,30.0,204.24506959055816
S6,continuous,E,23,640,284,landing,6884.12143458746,7074.12143458746,190.0,0.0
S6,continuous,E,6,641,299,takeoff,6554.590794333168,6584.590794333168,30.0,144.59079433316765
S6,continuous,E,18,641,299,landing,6876.237268219261,7066.237268219261,190.0,169.35159101090176
S6,continuous,E,11,642,134,takeoff,6586.0688838420165,6616.0688838420165,30.0,166.06888384201648
S6,continuous,E,39,642,134,landing,6712.338670881996,6902.338670881996,190.0,0.0
S6,continuous,E,33,643,146,takeoff,6430.0,6460.0,30.0,0.0
S6,continuous,E,28,643,146,landing,6575.010412957362,6765.010412957362,190.0,69.90164322530745
S6,continuous,E,26,644,271,takeoff,6620.0,6650.0,30.0,0.0
S6,continuous,E,14,644,271,landing,6819.18959833393,7009.18959833393,190.0,0.0
S6,continuous,E,17,645,158,takeoff,6450.0,6480.0,30.0,0.0
S6,continuous,E,7,645,158,landing,6695.937562245822,6885.937562245822,190.0,172.18369581473598
S6,continuous,E,26,646,91,takeoff,6557.995060210943,6587.995060210943,30.0,97.99506021094294
S6,continuous,E,8,646,91,landing,6675.380705114333,6865.380705114333,190.0,0.0
S6,continuous,E,14,647,49,takeoff,7009.18959833393,7039.18959833393,30.0,539.18959833393
S6,continuous,E,39,647,49,landing,7150.070024168495,7340.070024168495,190.0,0.0
S6,continuous,E,4,648,47,takeoff,6961.464628161836,6991.464628161836,30.0,481.4646281618361
S6,continuous,E,35,648,47,landing,7084.73635835355,7274.73635835355,190.0,0.0
S6,continuous,E,5,649,44,takeoff,6490.0,6520.0,30.0,0.0
S6,continuous,E,35,649,44,landing,6615.7779112694125,6805.7779112694125,190.0,0.0
S6,continuous,E,29,650,163,takeoff,6559.423952120006,6589.423952120006,30.0,59.423952120006106
S6,continuous,E,23,650,163,landing,7074.12143458746,7264.12143458746,190.0,362.9872499083649
S6,continuous,E,17,651,234,takeoff,6510.0,6540.0,30.0,0.0
S6,continuous,E,31,651,234,landing,6579.254605324215,6769.254605324215,190.0,0.0
S6,continuous,E,29,652,53,takeoff,6589.423952120006,6619.423952120006,30.0,69.4239521200061
S6,continuous,E,23,652,53,landing,7264.12143458746,7454.12143458746,190.0,502.9872499083649
S6,continuous,E,18,653,358,takeoff,7066.237268219261,7096.237268219261,30.0,536.2372682192608
S6,continuous,E,27,653,358,landing,7138.8950343657925,7328.8950343657925,190.0,0.0
S6,continuous,E,19,654,228,takeoff,6660.0,6690.0,30.0,0.0
S6,continuous,E,10,654,228,landing,7019.773591775426,7209.773591775426,190.0,166.53770764775254
S6,continuous,E,7,655,178,takeoff,6885.937562245822,6915.937562245822,30.0,335.93756224582194
S6,continuous,E,32,655,178,landing,6996.703111218493,7186.703111218493,190.0,0.0
S6,continuous,E,32,656,303,takeoff,6578.917190210945,6608.917190210945,30.0,18.917190210944682
S6,continuous,E,28,656,303,landing,6765.010412957362,6955.010412957362,190.0,91.08280978905532
S6,continuous,E,11,657,217,takeoff,6616.0688838420165,6646.0688838420165,30.0,46.068883842016476
S6,continuous,E,19,657,217,landing,7124.92490600296,7314.92490600296,190.0,351.64357322379874
S6,continuous,E,7,658,252,takeoff,6915.937562245822,6945.937562245822,30.0,335.93756224582194
S6,continuous,E,30,658,252,landing,6992.763702390816,7182.763702390816,190.0,15.082676144408651
S6,continuous,E,6,659,42,takeoff,6590.0,6620.0,30.0,0.0
S6,continuous,E,29,659,42,landing,6836.245266092242,7026.245266092242,190.0,94.78623422095188
S6,continuous,E,7,660,215,takeoff,6945.937562245822,6975.937562245822,30.0,345.93756224582194
S6,continuous,E,19,660,215,landing,7314.92490600296,7504.92490600296,190.0,243.31033078751807
S6,continuous,E,0,661,45,takeoff,6715.474498660446,6745.474498660446,30.0,105.47449866044644
S6,continuous,E,23,661,45,landing,7454.12143458746,7644.12143458746,190.0,605.1926656065516
S6,continuous,E,15,662,119,takeoff,6620.0,6650.0,30.0,0.0
S6,continuous,E,37,662,119,landing,6721.914626116383,6911.914626116383,190.0,5.766688809290827
S6,continuous,E,25,663,177,takeoff,6844.630622410319,6874.630622410319,30.0,214.63062241031912
S6,continuous,E,20,663,177,landing,7098.661073161224,7288.661073161224,190.0,169.5343141407211
S6,continuous,E,11,664,115,takeoff,6700.0,6730.0,30.0,0.0
S6,continuous,E,36,664,115,landing,6861.652454471535,7051.652454471535,190.0,107.95025203766454
S6,continuous,E,6,665,122,takeoff,6650.0,6680.0,30.0,0.0
S6,continuous,E,30,665,122,landing,7182.763702390816,7372.763702390816,190.0,425.30278297573386
S6,continuous,E,24,666,143,takeoff,6660.0,6690.0,30.0,0.0
S6,continuous,E,6,666,143,landing,6798.451103382203,6988.451103382203,190.0,0.0
S6,continuous,E,32,667,350,takeoff,6670.0,6700.0,30.0,0.0
S6,continuous,E,34,667,350,landing,6811.030304420783,7001.030304420783,190.0,0.0
S6,continuous,E,28,668,76,takeoff,6955.010412957362,6985.010412957362,30.0,275.01041295736195
S6,continuous,E,29,668,76,landing,7081.229910468654,7271.229910468654,190.0,0.0
S6,continuous,E,28,669,319,takeoff,6985.010412957362,7015.010412957362,30.0,295.01041295736195
S6,continuous,E,10,669,319,landing,7209.773591775426,7399.773591775426,190.0,70.87520023624802
S6,continuous,E,34,670,173,takeoff,6760.0,6790.0,30.0,0.0
S6,continuous,E,32,670,173,landing,7186.703111218493,7376.703111218493,190.0,225.6728067977101
S6,continuous,E,20,671,213,takeoff,7288.661073161224,7318.661073161224,30.0,578.6610731612236
S6,continuous,E,1,671,213,landing,7424.263901309612,7614.263901309612,190.0,0.0
S6,continuous,E,1,672,320,takeoff,6814.245069590558,6844.245069590558,30.0,94.24506959055816
S6,continuous,E,17,672,320,landing,6910.417642556603,7100.417642556603,190.0,0.0
S6,continuous,E,17,673,46,takeoff,6730.0,6760.0,30.0,0.0
S6,continuous,E,12,673,46,landing,6803.104616343777,6993.104616343777,190.0,0.0
S6,continuous,E,26,674,207,takeoff,6740.0,6770.0,30.0,0.0
S6,continuous,E,32,674,207,landing,7376.703111218493,7566.703111218493,190.0,454.81362424045165
S6,continuous,E,32,675,340,takeoff,6750.0,6780.0,30.0,0.0
S6,continuous,E,39,675,340,landing,6902.338670881996,7092.338670881996,190.0,33.770736542156556
S6,continuous,E,14,676,248,takeoff,7039.18959833393,7069.18959833393,30.0,279.18959833393
S6,continuous,E,32,676,248,landing,7566.703111218493,7756.703111218493,190.0,269.27332075669165
S6,continuous,E,10,677,241,takeoff,7399.773591775426,7429.773591775426,30.0,569.7735917754262
S6,continuous,E,5,677,241,landing,7535.734497647778,7725.734497647778,190.0,0.0
S6,continuous,E,6,678,314,takeoff,6988.451103382203,7018.451103382203,30.0,208.45110338220275
S6,continuous,E,10,678,314,landing,7429.773591775426,7619.773591775426,190.0,219.04169845623164
S6,continuous,E,22,679,130,takeoff,6954.838740029904,6984.838740029904,30.0,164.83874002990433
S6,continuous,E,34,679,130,landing,7104.373836466714,7294.373836466714,190.0,0.0
S6,continuous,E,23,680,188,takeoff,6827.738893843045,6857.738893843045,30.0,27.738893843044934
S6,continuous,E,4,680,188,landing,6991.464628161836,7181.464628161836,190.0,74.12142971833146
S6,continuous,E,31,681,70,takeoff,6810.0,6840.0,30.0,0.0
S6,continuous,E,25,681,70,landing,6939.409556641701,7129.409556641701,190.0,0.0
S6,continuous,E,10,682,201,takeoff,7619.773591775426,7649.773591775426,30.0,799.7735917754262
S6,continuous,E,28,682,201,landing,7773.661570357242,7963.661570357242,190.0,0.0
S6,continuous,E,28,683,338,takeoff,7015.010412957362,7045.010412957362,30.0,185.01041295736195
S6,continuous,E,10,683,338,landing,7649.773591775426,7839.773591775426,190.0,400.875200236248
S6,continuous,E,36,684,293,takeoff,7051.652454471535,7081.652454471535,30.0,211.65245447153484
S6,continuous,E,22,684,293,landing,7139.353847218601,7329.353847218601,190.0,0.0
S6,continuous,E,22,685,98,takeoff,6984.838740029904,7014.838740029904,30.0,134.83874002990433
S6,continuous,E,27,685,98,landing,7328.8950343657925,7518.8950343657925,190.0,204.32479151794905
S6,continuous,E,29,686,346,takeoff,7026.245266092242,7056.245266092242,30.0,166.24526609224176
S6,continuous,E,36,686,346,landing,7098.034804558469,7288.034804558469,190.0,0.0
S6,continuous,E,6,687,212,takeoff,7018.451103382203,7048.451103382203,30.0,148.45110338220275
S6,continuous,E,28,687,212,landing,7143.640575455147,7333.640575455147,190.0,0.0
S6,continuous,E,27,688,152,takeoff,6880.0,6910.0,30.0,0.0
S6,continuous,E,16,688,152,landing,6984.246103904828,7174.246103904828,190.0,0.0
S6,continuous,E,4,689,44,takeoff,7181.464628161836,7211.464628161836,30.0,291.4646281618361
S6,continuous,E,2,689,44,landing,7288.176923405613,7478.176923405613,190.0,0.0
S6,continuous,E,18,690,79,takeoff,7096.237268219261,7126.237268219261,30.0,196.23726821926084
S6,continuous,E,12,690,79,landing,7253.751853327386,7443.751853327386,190.0,0.0
S6,continuous,E,38,691,321,takeoff,6910.0,6940.0,30.0,0.0
S6,continuous,E,34,691,321,landing,7294.373836466714,7484.373836466714,190.0,217.32067140072468
S6,continuous,E,13,692,350,takeoff,6920.0,6950.0,30.0,0.0
S6,continuous,E,16,692,350,landing,7174.246103904828,7364.246103904828,190.0,163.62438305025807
S6,continuous,E,9,693,175,takeoff,6930.0,6960.0,30.0,0.0
S6,continuous,E,37,693,175,landing,7046.630416418934,7236.630416418934,190.0,0.0
S6,continuous,E,8,694,184,takeoff,6940.0,6970.0,30.0,0.0
S6,continuous,E,13,694,184,landing,7031.707436794438,7221.707436794438,190.0,0.0
S6,continuous,E,11,695,43,takeoff,6950.0,6980.0,30.0,0.0
S6,continuous,E,7,695,43,landing,7071.350724891064,7261.350724891064,190.0,0.0
S6,continuous,E,2,696,316,takeoff,7478.176923405613,7508.176923405613,30.0,218.1769234056128
S6,continuous,E,32,696,316,landing,7756.703111218493,7946.703111218493,190.0,145.2014548923853
S6,continuous,E,16,697,353,takeoff,7364.246103904828,7394.246103904828,30.0,394.2461039048276
S6,continuous,E,14,697,353,landing,7454.478743513889,7644.478743513889,190.0,0.0
S6,continuous,E,36,698,61,takeoff,7288.034804558469,7318.034804558469,30.0,308.03480455846875
S6,continuous,E,11,698,61,landing,7341.737006992339,7531.737006992339,190.0,0.0
S6,continuous,E,20,699,96,takeoff,7318.661073161224,7348.661073161224,30.0,328.6610731612236
S6,continuous,E,36,699,96,landing,7394.819411266704,7584.819411266704,190.0,0.0
S6,continuous,E,23,700,328,takeoff,7644.12143458746,7674.12143458746,30.0,644.1214345874596
S6,continuous,E,1,700,328,landing,7743.997799584361,7933.997799584361,190.0,0.0
S6,continuous,E,35,701,322,takeoff,7274.73635835355,7304.73635835355,30.0,204.7363583535498
S6,continuous,E,22,701,322,landing,7438.455586486281,7628.455586486281,190.0,0.0
S6,continuous,E,14,702,106,takeoff,7069.18959833393,7099.18959833393,30.0,49.18959833393001
S6,continuous,E,17,702,106,landing,7140.047444168856,7330.047444168856,190.0,0.0
S6,continuous,E,7,703,156,takeoff,7261.350724891064,7291.350724891064,30.0,171.3507248910637
S6,continuous,E,14,703,156,landing,7644.478743513889,7834.478743513889,190.0,223.92368839913706
S6,continuous,E,31,704,90,takeoff,7040.0,7070.0,30.0,0.0
S6,continuous,E,27,704,90,landing,7518.8950343657925,7708.8950343657925,190.0,354.260153435398
S6,continuous,E,4,705,151,takeoff,7211.464628161836,7241.464628161836,30.0,161.46462816183612
S6,continuous,E,37,705,151,landing,7251.914626116383,7441.914626116383,190.0,0.0
S6,continuous,E,27,706,330,takeoff,7708.8950343657925,7738.8950343657925,30.0,588.8950343657925
S6,continuous,E,12,706,330,landing,7872.933453651413,8062.933453651413,190.0,0.0
S6,continuous,E,19,707,253,takeoff,7504.92490600296,7534.92490600296,30.0,434.9249060029597
S6,continuous,E,24,707,253,landing,7665.492570636659,7855.492570636659,190.0,0.0
S6,continuous,E,29,708,62,takeoff,7271.229910468654,7301.229910468654,30.0,191.22991046865445
S6,continuous,E,12,708,62,landing,7448.215744016386,7638.215744016386,190.0,0.0
S6,continuous,E,15,709,92,takeoff,7090.0,7120.0,30.0,0.0
S6,continuous,E,34,709,92,landing,7484.373836466714,7674.373836466714,190.0,256.5707407019354
S6,continuous,E,10,710,25,takeoff,7839.773591775426,7869.773591775426,30.0,739.7735917754262
S6,continuous,E,20,710,25,landing,7971.366879472442,8161.366879472442,190.0,0.0
S6,continuous,E,30,711,27,takeoff,7372.763702390816,7402.763702390816,30.0,262.76370239081643
S6,continuous,E,23,711,27,landing,7674.12143458746,7864.12143458746,190.0,195.42016135201447
S6,continuous,E,16,712,150,takeoff,7394.246103904828,7424.246103904828,30.0,274.2461039048276
S6,continuous,E,33,712,150,landing,7488.63547763411,7678.63547763411,190.0,0.0
S6,continuous,E,33,713,190,takeoff,7130.0,7160.0,30.0,0.0
S6,continuous,E,34,713,190,landing,7674.373836466714,7864.373836466714,190.0,375.65067960852866
S6,continuous,E,30,714,333,takeoff,7402.763702390816,7432.763702390816,30.0,262.76370239081643
S6,continuous,E,15,714,333,landing,7470.052799913278,7660.052799913278,190.0,0.0
S6,continuous,E,11,715,298,takeoff,7150.0,7180.0,30.0,0.0
S6,continuous,E,14,715,298,landing,7834.478743513889,8024.478743513889,190.0,524.519515742626
S6,continuous,E,36,716,307,takeoff,7584.819411266704,7614.819411266704,30.0,184.81941126670426
S6,continuous,E,39,716,307,landing,7686.876386451042,7876.876386451042,190.0,0.0
S6,continuous,E,5,717,242,takeoff,7170.0,7200.0,30.0,0.0
S6,continuous,E,6,717,242,landing,7249.468754690011,7439.468754690011,190.0,0.0
S6,continuous,E,28,718,249,takeoff,7333.640575455147,7363.640575455147,30.0,153.64057545514697
S6,continuous,E,4,718,249,landing,7429.567362242552,7619.567362242552,190.0,0.0
S6,continuous,E,5,719,247,takeoff,7200.0,7230.0,30.0,10.0
S6,continuous,E,35,719,247,landing,7325.7779112694125,7515.7779112694125,190.0,0.0
S6,continuous,E,14,720,280,takeoff,7200.0,7230.0,30.0,0.0
S6,continuous,E,15,720,280,landing,7660.052799913278,7850.052799913278,190.0,324.25060415422195
S6,continuous,E,19,721,167,takeoff,7534.92490600296,7564.92490600296,30.0,324.9249060029597
S6,continuous,E,18,721,167,landing,7672.963785294144,7862.963785294144,190.0,0.0
S6,continuous,E,15,722,91,takeoff,7220.0,7250.0,30.0,0.0
S6,continuous,E,18,722,91,landing,7282.626754643645,7472.626754643645,190.0,0.0
S6,continuous,E,39,723,177,takeoff,7340.070024168495,7370.070024168495,30.0,110.07002416849537
S6,continuous,E,13,723,177,landing,7449.400739002119,7639.400739002119,190.0,0.0
S6,continuous,E,26,724,302,takeoff,7240.0,7270.0,30.0,0.0
S6,continuous,E,5,724,302,landing,7725.734497647778,7915.734497647778,190.0,355.4904639402839
S6,continuous,E,15,725,352,takeoff,7250.0,7280.0,30.0,0.0
S6,continuous,E,38,725,352,landing,7380.347963644935,7570.347963644935,190.0,0.0
S6,continuous,E,13,726,301,takeoff,7260.0,7290.0,30.0,0.0
S6,continuous,E,10,726,301,landing,7869.773591775426,8059.773591775426,190.0,405.80284823049624
S6,continuous,E,26,727,126,takeoff,7270.0,7300.0,30.0,0.0
S6,continuous,E,22,727,126,landing,7628.455586486281,7818.455586486281,190.0,206.27470583903778
S6,continuous,E,29,728,179,takeoff,7301.229910468654,7331.229910468654,30.0,21.229910468654452
S6,continuous,E,0,728,179,landing,7445.270722139655,7635.270722139655,190.0,0.0
S6,continuous,E,5,729,121,takeoff,7290.0,7320.0,30.0,0.0
S6,continuous,E,20,729,121,landing,7397.41544693791,7587.41544693791,190.0,0.0
S6,continuous,E,13,730,254,takeoff,7300.0,7330.0,30.0,0.0
S6,continuous,E,14,730,254,landing,8024.478743513889,8214.47874351389,190.0000000000009,553.5883288895911
S6,continuous,E,35,731,281,takeoff,7515.7779112694125,7545.7779112694125,30.0,205.77791126941247
S6,continuous,E,27,731,281,landing,7738.8950343657925,7928.8950343657925,190.0,129.14746820324126
S6,continuous,E,27,732,187,takeoff,7928.8950343657925,7958.8950343657925,30.0,608.8950343657925
S6,continuous,E,18,732,187,landing,8001.552800512324,8191.552800512324,190.0,0.0
S6,continuous,E,10,733,342,takeoff,8059.773591775426,8089.773591775426,30.0,729.7735917754262
S6,continuous,E,27,733,342,landing,8176.724415400868,8366.724415400868,190.0,0.0
S6,continuous,E,0,734,76,takeoff,7340.0,7370.0,30.0,0.0
S6,continuous,E,22,734,76,landing,7818.455586486281,8008.455586486281,190.0,342.56988505521167
S6,continuous,E,9,735,334,takeoff,7650.0,7680.0,30.0,0.0
S6,continuous,E,10,735,334,landing,8089.773591775426,8279.773591775425,189.9999999999991,182.80690697528007
S6,continuous,E,37,736,358,takeoff,7441.914626116383,7471.914626116383,30.0,81.91462611638326
S6,continuous,E,2,736,358,landing,7515.1791149333785,7705.1791149333785,190.0,0.0
S6,continuous,E,24,737,348,takeoff,7370.0,7400.0,30.0,0.0
S6,continuous,E,3,737,348,landing,7494.582126319172,7684.582126319172,190.0,0.0
S6,continuous,E,29,738,114,takeoff,7380.0,7410.0,30.0,0.0
S6,continuous,E,0,738,114,landing,7635.270722139655,7825.270722139655,190.0,111.22991046865445
S6,continuous,E,6,739,146,takeoff,7439.468754690011,7469.468754690011,30.0,49.46875469001134
S6,continuous,E,17,739,146,landing,7533.9695275366985,7723.9695275366985,190.0,0.0
S6,continuous,E,15,740,184,takeoff,7850.052799913278,7880.052799913278,30.0,390.05279991327825
S6,continuous,E,2,740,184,landing,7916.009509147868,8106.009509147868,190.0,0.0
S6,continuous,E,18,741,252,takeoff,7472.626754643645,7502.626754643645,30.0,62.626754643644745
S6,continuous,E,13,741,252,landing,7639.400739002119,7829.400739002119,190.0,105.19304921806179
S6,continuous,E,34,742,42,takeoff,7864.373836466714,7894.373836466714,30.0,444.37383646671424
S6,continuous,E,39,742,42,landing,8007.7356124176595,8197.735612417659,189.9999999999991,0.0
S6,continuous,E,21,743,239,takeoff,7430.0,7460.0,30.0,0.0
S6,continuous,E,39,743,239,landing,8197.735612417659,8387.735612417659,190.0,663.4296734594664
S6,continuous,E,21,744,33,takeoff,7460.0,7490.0,30.0,20.0
S6,continuous,E,2,744,33,landing,7705.1791149333785,7895.1791149333785,190.0,163.4623033413709
S6,continuous,E,13,745,130,takeoff,7829.400739002119,7859.400739002119,30.0,379.4007390021188
S6,continuous,E,15,745,130,landing,7894.944261566151,8084.944261566151,190.0,0.0
S6,continuous,E,10,746,137,takeoff,8279.773591775425,8309.773591775425,30.0,819.7735917754253
S6,continuous,E,33,746,137,landing,8386.571102650907,8576.571102650907,190.0,0.0
S6,continuous,E,4,747,203,takeoff,7619.567362242552,7649.567362242552,30.0,149.567362242552
S6,continuous,E,1,747,203,landing,7933.997799584361,8123.997799584361,190.0,181.64999591308697
S6,continuous,E,36,748,97,takeoff,7614.819411266704,7644.819411266704,30.0,134.81941126670426
S6,continuous,E,21,748,97,landing,7652.038537577318,7842.038537577318,190.0,0.0
S6,continuous,E,24,749,197,takeoff,7490.0,7520.0,30.0,0.0
S6,continuous,E,6,749,197,landing,7628.451103382203,7818.451103382203,190.0,0.0
S6,continuous,E,22,750,49,takeoff,8008.455586486281,8038.455586486281,30.0,508.4555864862814
S6,continuous,E,16,750,49,landing,8095.291513256737,8285.291513256736,189.9999999999991,0.0
S6,continuous,E,35,751,106,takeoff,7545.7779112694125,7575.7779112694125,30.0,35.77791126941247
S6,continuous,E,0,751,106,landing,7825.270722139655,8015.270722139655,190.0,135.13165711012152
S6,continuous,E,0,752,111,takeoff,8015.270722139655,8045.270722139655,30.0,495.27072213965494
S6,continuous,E,28,752,111,landing,8151.074632018691,8341.074632018692,190.0000000000009,0.0
S6,continuous,E,0,753,270,takeoff,8045.270722139655,8075.270722139655,30.0,515.2707221396549
S6,continuous,E,29,753,270,landing,8189.311533810655,8379.311533810655,189.9999999999991,0.0
S6,continuous,E,12,754,249,takeoff,7638.215744016386,7668.215744016386,30.0,98.21574401638645
S6,continuous,E,18,754,249,landing,8191.552800512324,8381.552800512323,189.9999999999991,395.8224713878126
S6,continuous,E,24,755,168,takeoff,7550.0,7580.0,30.0,0.0
S6,continuous,E,20,755,168,landing,7661.5001058007265,7851.5001058007265,190.0,0.0
S6,continuous,E,26,756,245,takeoff,7560.0,7590.0,30.0,0.0
S6,continuous,E,27,756,245,landing,7958.8950343657925,8148.8950343657925,190.0,295.93869490607176
S6,continuous,E,28,757,310,takeoff,7570.0,7600.0,30.0,0.0
S6,continuous,E,23,757,310,landing,7864.12143458746,8054.12143458746,190.0,153.26663763047418
S6,continuous,E,19,758,321,takeoff,7580.0,7610.0,30.0,0.0
S6,continuous,E,4,758,321,landing,7668.364112724785,7858.364112724785,190.0,0.0
S6,continuous,E,20,759,127,takeoff,7590.0,7620.0,30.0,0.0
S6,continuous,E,1,759,127,landing,8123.997799584361,8313.997799584362,190.0000000000009,358.39497143597237
S6,continuous,E,20,760,43,takeoff,7620.0,7650.0,30.0,20.0
S6,continuous,E,16,760,43,landing,7737.754010149189,7927.754010149189,190.0,0.0
S6,continuous,E,16,761,87,takeoff,7610.0,7640.0,30.0,0.0
S6,continuous,E,27,761,87,landing,8366.724415400868,8556.724415400868,190.0,612.4783114960401
S6,continuous,E,7,762,308,takeoff,7620.0,7650.0,30.0,0.0
S6,continuous,E,35,762,308,landing,7735.940734135277,7925.940734135277,190.0,0.0
S6,continuous,E,13,763,67,takeoff,7859.400739002119,7889.400739002119,30.0,229.40073900211883
S6,continuous,E,32,763,67,landing,8009.261966654718,8199.261966654718,190.0,0.0
S6,continuous,E,26,764,247,takeoff,7640.0,7670.0,30.0,0.0
S6,continuous,E,36,764,247,landing,7730.629700250618,7920.629700250618,190.0,0.0
S6,continuous,E,28,765,35,takeoff,7650.0,7680.0,30.0,0.0
S6,continuous,E,9,765,35,landing,7736.265317660726,7926.265317660726,190.0,0.0
S6,continuous,E,1,766,300,takeoff,7660.0,7690.0,30.0,0.0
S6,continuous,E,30,766,300,landing,7796.439875715398,7986.439875715398,190.0,0.0
S6,continuous,E,1,767,292,takeoff,8313.997799584362,8343.997799584362,30.0,583.9977995843619
S6,continuous,E,3,767,292,landing,8418.295465578978,8608.295465578978,190.0,0.0
S6,continuous,E,36,768,345,takeoff,7680.0,7710.0,30.0,0.0
S6,continuous,E,6,768,345,landing,7818.451103382203,8008.451103382203,190.0,16.343350428088343
S6,continuous,E,33,769,167,takeoff,7690.0,7720.0,30.0,0.0
S6,continuous,E,38,769,167,landing,7784.852001197362,7974.852001197362,190.0,0.0
S6,continuous,E,12,770,192,takeoff,7700.0,7730.0,30.0,0.0
S6,continuous,E,13,770,192,landing,7897.470362962377,8087.470362962377,190.0,0.0
S6,continuous,E,21,771,188,takeoff,7842.038537577318,7872.038537577318,30.0,132.03853757731758
S6,continuous,E,22,771,188,landing,8038.455586486281,8228.455586486281,190.0,103.13369569097631
S6,continuous,E,10,772,27,takeoff,8309.773591775425,8339.773591775425,30.0,589.7735917754253
S6,continuous,E,2,772,27,landing,8399.744649061557,8589.744649061557,190.0,0.0
S6,continuous,E,18,773,216,takeoff,7862.963785294144,7892.963785294144,30.0,132.96378529414415
S6,continuous,E,2,773,216,landing,8106.009509147868,8296.009509147869,190.0000000000009,71.25782582284228
S6,continuous,E,26,774,134,takeoff,7740.0,7770.0,30.0,0.0
S6,continuous,E,1,774,134,landing,8343.997799584362,8533.997799584362,190.0,398.01292396657755
S6,continuous,E,36,775,338,takeoff,7920.629700250618,7950.629700250618,30.0,170.62970025061804
S6,continuous,E,9,775,338,landing,8015.849216848729,8205.849216848728,189.9999999999991,0.0
S6,continuous,E,5,776,171,takeoff,7915.734497647778,7945.734497647778,30.0,155.73449764777797
S6,continuous,E,19,776,171,landing,8016.250389261512,8206.250389261513,190.0000000000009,0.0
S6,continuous,E,36,777,272,takeoff,7950.629700250618,7980.629700250618,30.0,180.62970025061804
S6,continuous,E,23,777,272,landing,8054.12143458746,8244.12143458746,190.0,17.27666934962599
S6,continuous,E,0,778,337,takeoff,8075.270722139655,8105.270722139655,30.0,295.27072213965494
S6,continuous,E,28,778,337,landing,8341.074632018692,8531.074632018692,190.0,130.0
S6,continuous,E,22,779,165,takeoff,8228.455586486281,8258.455586486281,30.0,438.4555864862814
S6,continuous,E,38,779,165,landing,8321.327223392485,8511.327223392485,190.0,0.0
S6,continuous,E,21,780,209,takeoff,7872.038537577318,7902.038537577318,30.0,72.03853757731758
S6,continuous,E,37,780,209,landing,7932.706723895072,8122.706723895072,190.0,0.0
S6,continuous,E,13,781,173,takeoff,8087.470362962377,8117.470362962377,30.0,277.4703629623773
S6,continuous,E,12,781,173,landing,8244.940725924755,8434.940725924755,190.0,0.0
S6,continuous,E,26,782,166,takeoff,7820.0,7850.0,30.0,0.0
S6,continuous,E,35,782,166,landing,7925.940734135277,8115.940734135277,190.0,25.855972589952216
S6,continuous,E,30,783,201,takeoff,7986.439875715398,8016.439875715398,30.0,156.43987571539765
S6,continuous,E,24,783,201,landing,8119.461243409323,8309.461243409323,190.0,0.0
S6,continuous,E,29,784,299,takeoff,7840.0,7870.0,30.0,0.0
S6,continuous,E,11,784,299,landing,7979.35125852053,8169.35125852053,190.0,0.0
S6,continuous,E,31,785,293,takeoff,7850.0,7880.0,30.0,0.0
S6,continuous,E,27,785,293,landing,8556.724415400868,8746.724415400868,190.0,542.0895344704732
S6,continuous,E,33,786,285,takeoff,7860.0,7890.0,30.0,0.0
S6,continuous,E,23,786,285,landing,8244.12143458746,8434.12143458746,190.0,289.7378284645911
S6,continuous,E,18,787,159,takeoff,8381.552800512323,8411.552800512323,30.0,391.5528005123233
S6,continuous,E,28,787,159,landing,8531.074632018692,8721.074632018692,190.0,12.307721239372768
S6,continuous,E,8,788,335,takeoff,7880.0,7910.0,30.0,0.0
S6,continuous,E,4,788,335,landing,7999.343332402739,8189.343332402739,190.0,0.0
S6,continuous,E,19,789,148,takeoff,7890.0,7920.0,30.0,0.0
S6,continuous,E,25,789,148,landing,7998.093827810415,8188.093827810415,190.0,0.0
S6,continuous,E,25,790,59,takeoff,7900.0,7930.0,30.0,0.0
S6,continuous,E,37,790,59,landing,8122.706723895072,8312.706723895073,190.0000000000009,175.09935953470995
S6,continuous,E,24,791,252,takeoff,7910.0,7940.0,30.0,0.0
S6,continuous,E,37,791,252,landing,8312.706723895073,8502.706723895073,190.0,323.4784113099049
S6,continuous,E,31,792,213,takeoff,7920.0,7950.0,30.0,0.0
S6,continuous,E,4,792,213,landing,8189.343332402739,8379.34333240274,190.0,163.99068014372187
S6,continuous,E,11,793,138,takeoff,8169.35125852053,8199.35125852053,30.0,179.35125852052988
S6,continuous,E,5,793,138,landing,8290.46861707672,8480.46861707672,190.0,0.0
S6,continuous,E,19,794,119,takeoff,7940.0,7970.0,30.0,0.0
S6,continuous,E,31,794,119,landing,8060.822048168407,8250.822048168407,190.0000000000009,0.0
S6,continuous,E,18,795,68,takeoff,8411.552800512323,8441.552800512323,30.0,401.5528005123233
S6,continuous,E,5,795,68,landing,8538.795522213806,8728.795522213806,190.0,0.0
S6,continuous,E,15,796,55,takeoff,8084.944261566151,8114.944261566151,30.0,124.944261566151
S6,continuous,E,25,796,55,landing,8201.594082938613,8391.594082938613,190.0,0.0
S6,continuous,E,35,797,107,takeoff,8115.940734135277,8145.940734135277,30.0,145.94073413527713
S6,continuous,E,37,797,107,landing,8502.706723895073,8692.706723895073,190.0,249.02381297974352
S6,continuous,E,25,798,305,takeoff,8391.594082938613,8421.594082938613,30.0,411.5940829386127
S6,continuous,E,20,798,305,landing,8456.090219548796,8646.090219548796,190.0,0.0
S6,continuous,E,34,799,308,takeoff,7990.0,8020.0,30.0,0.0
S6,continuous,E,5,799,308,landing,8728.795522213806,8918.795522213806,190.0,582.1233191452147
S6,continuous,E,32,800,22,takeoff,8199.261966654718,8229.261966654718,30.0,199.26196665471798
S6,continuous,E,34,800,22,landing,8340.2922710755,8530.2922710755,190.0,0.0
S6,continuous,E,36,801,225,takeoff,8010.0,8040.0,30.0,0.0
S6,continuous,E,16,801,225,landing,8285.291513256736,8475.291513256736,190.0,198.48308677930345
S6,continuous,E,2,802,319,takeoff,8296.009509147869,8326.009509147869,30.0,276.0095091478688
S6,continuous,E,27,802,319,landing,8746.724415400868,8936.724415400868,190.0,277.17980484596774
S6,continuous,E,9,803,39,takeoff,8205.849216848728,8235.849216848728,30.0,175.84921684872825
S6,continuous,E,31,803,39,landing,8351.193248808888,8541.193248808888,190.0,0.0
S6,continuous,E,25,804,234,takeoff,8421.594082938613,8451.594082938613,30.0,381.5940829386127
S6,continuous,E,29,804,234,landing,8559.246333841422,8749.246333841422,190.0,0.0
S6,continuous,E,12,805,139,takeoff,8062.933453651413,8092.933453651413,30.0,12.933453651413402
S6,continuous,E,17,805,139,landing,8142.095960300434,8332.095960300434,190.0,0.0
S6,continuous,E,3,806,99,takeoff,8060.0,8090.0,30.0,0.0
S6,continuous,E,30,806,99,landing,8129.752026101229,8319.752026101229,190.0,0.0
S6,continuous,E,0,807,206,takeoff,8105.270722139655,8135.270722139655,30.0,35.270722139654936
S6,continuous,E,20,807,206,landing,8186.575217767356,8376.575217767357,190.0000000000009,0.0
S6,continuous,E,33,808,131,takeoff,8080.0,8110.0,30.0,0.0
S6,continuous,E,28,808,131,landing,8721.074632018692,8911.074632018692,190.0,525.9658622866373
S6,continuous,E,15,809,231,takeoff,8114.944261566151,8144.944261566151,30.0,24.944261566151
S6,continuous,E,32,809,231,landing,8274.734678252764,8464.734678252764,190.0,0.0
S6,continuous,E,13,810,313,takeoff,8117.470362962377,8147.470362962377,30.0,17.470362962377294
S6,continuous,E,28,810,313,landing,8911.074632018692,9101.074632018692,190.0,600.3355698944433
S6,continuous,E,39,811,117,takeoff,8387.735612417659,8417.735612417659,30.0,277.73561241765856
S6,continuous,E,14,811,117,landing,8528.616038252223,8718.616038252223,190.0,0.0
S6,continuous,E,6,812,90,takeoff,8120.0,8150.0,30.0,0.0
S6,continuous,E,22,812,90,landing,8324.869026661387,8514.869026661387,190.0,0.0
S6,continuous,E,37,813,343,takeoff,8692.706723895073,8722.706723895073,30.0,562.7067238950731
S6,continuous,E,5,813,343,landing,8918.795522213806,9108.795522213806,190.0,186.37459749745358
S6,continuous,E,32,814,129,takeoff,8464.734678252764,8494.734678252764,30.0,204.73467825276384
S6,continuous,E,4,814,129,landing,8563.939268405304,8753.939268405304,190.0,0.0
S6,continuous,E,17,815,70,takeoff,8332.095960300434,8362.095960300434,30.0,182.09596030043394
S6,continuous,E,20,815,70,landing,8646.090219548796,8836.090219548796,190.0,255.81581985154844
S6,continuous,E,34,816,93,takeoff,8160.0,8190.0,30.0,0.0
S6,continuous,E,14,816,93,landing,8295.244196193747,8485.244196193747,190.0,0.0
S6,continuous,E,2,817,2,takeoff,8326.009509147869,8356.009509147869,30.0,156.0095091478688
S6,continuous,E,38,817,2,landing,8511.327223392485,8701.327223392485,190.0,92.5082618562501
S6,continuous,E,34,818,119,takeoff,8190.0,8220.0,30.0,10.0
S6,continuous,E,5,818,119,landing,9108.795522213806,9298.795522213806,190.0,742.1233191452138
S6,continuous,E,5,819,323,takeoff,8480.46861707672,8510.46861707672,30.0,170.46861707671997
S6,continuous,E,32,819,323,landing,8580.68497542862,8770.68497542862,190.0,0.0
S6,continuous,E,23,820,72,takeoff,8434.12143458746,8464.12143458746,30.0,234.1214345874596
S6,continuous,E,24,820,72,landing,8532.903495619441,8722.903495619441,190.0,0.0
S6,continuous,E,28,821,201,takeoff,9101.074632018692,9131.074632018692,30.0,891.0746320186918
S6,continuous,E,39,821,201,landing,9218.257228829969,9408.257228829969,190.0,0.0
S6,continuous,E,5,822,147,takeoff,9298.795522213806,9328.795522213806,30.0,1018.7955222138062
S6,continuous,E,10,822,147,landing,9434.756428086159,9624.756428086159,190.0,0.0
S6,continuous,E,36,823,144,takeoff,8230.0,8260.0,30.0,0.0
S6,continuous,E,11,823,144,landing,8283.70220243387,8473.70220243387,190.0,0.0
S6,continuous,E,4,824,328,takeoff,8379.34333240274,8409.34333240274,30.0,139.34333240273918
S6,continuous,E,15,824,328,landing,8482.015003869037,8672.015003869037,190.0,0.0
S6,continuous,E,20,825,54,takeoff,8836.090219548796,8866.090219548796,30.0,406.0902195487961
S6,continuous,E,6,825,54,landing,8950.480702787336,9140.480702787336,190.0,0.0
S6,continuous,E,0,826,187,takeoff,8260.0,8290.0,30.0,0.0
S6,continuous,E,26,826,187,landing,8390.332462831107,8580.332462831107,190.0,0.0
S6,continuous,E,8,827,102,takeoff,8270.0,8300.0,30.0,0.0
S6,continuous,E,17,827,102,landing,8362.095960300434,8552.095960300434,190.0,22.56612780681462
S6,continuous,E,35,828,356,takeoff,8280.0,8310.0,30.0,0.0
S6,continuous,E,33,828,356,landing,8576.571102650907,8766.571102650907,190.0,193.25416110971673
S6,continuous,E,15,829,203,takeoff,8290.0,8320.0,30.0,0.0
S6,continuous,E,31,829,203,landing,8541.193248808888,8731.193248808888,190.0,155.30064665448117
S6,continuous,E,26,830,0,takeoff,8300.0,8330.0,30.0,0.0
S6,continuous,E,27,830,0,landing,8936.724415400868,9126.724415400868,190.0,453.7680759411469
S6,continuous,E,7,831,316,takeoff,8310.0,8340.0,30.0,0.0
S6,continuous,E,10,831,316,landing,8447.243807260442,8637.243807260442,190.0,0.0
S6,continuous,E,14,832,222,takeoff,8718.616038252223,8748.616038252223,30.0,218.616038252223
S6,continuous,E,10,832,222,landing,8832.844998752198,9022.844998752198,190.0,0.0
S6,continuous,E,21,833,221,takeoff,8330.0,8360.0,30.0,0.0
S6,continuous,E,26,833,221,landing,8580.332462831107,8770.332462831107,190.0,158.8049205004827
S6,continuous,E,22,834,295,takeoff,8514.869026661387,8544.869026661387,30.0,174.86902666138667
S6,continuous,E,2,834,295,landing,8602.365247087992,8792.365247087992,190.0,0.0
S6,continuous,E,25,835,32,takeoff,8451.594082938613,8481.594082938613,30.0,101.5940829386127
S6,continuous,E,24,835,32,landing,8722.903495619441,8912.903495619441,190.0,152.18637726991983
S6,continuous,E,26,836,228,takeoff,8770.332462831107,8800.332462831107,30.0,350.3324628311075
S6,continuous,E,1,836,228,landing,8916.317338448891,9106.317338448891,190.0,0.0
S6,continuous,E,36,837,81,takeoff,8370.0,8400.0,30.0,0.0
S6,continuous,E,24,837,81,landing,8912.903495619441,9102.903495619441,190.0,394.82294142271166
S6,continuous,E,4,838,14,takeoff,8753.939268405304,8783.939268405304,30.0,193.93926840530366
S6,continuous,E,27,838,14,landing,9126.724415400868,9316.724415400868,190.0,161.72339170702253
S6,continuous,E,33,839,160,takeoff,8766.571102650907,8796.571102650907,30.0,376.57110265090705
S6,continuous,E,17,839,160,landing,8806.136959108146,8996.136959108146,190.0,0.0
S6,continuous,E,14,840,86,takeoff,8748.616038252223,8778.616038252223,30.0,228.616038252223
S6,continuous,E,39,840,86,landing,8889.496464086787,9079.496464086787,190.0,0.0
S6,continuous,E,8,841,80,takeoff,8410.0,8440.0,30.0,0.0
S6,continuous,E,22,841,80,landing,8559.526896141664,8749.526896141664,190.0,0.0
S6,continuous,E,38,842,29,takeoff,8701.327223392485,8731.327223392485,30.0,281.3272233924854
S6,continuous,E,15,842,29,landing,8831.675187037421,9021.675187037421,190.0,0.0
S6,continuous,E,19,843,330,takeoff,8430.0,8460.0,30.0,0.0
S6,continuous,E,17,843,330,landing,8552.095960300434,8742.095960300434,190.0,22.562994023095598
S6,continuous,E,22,844,100,takeoff,8749.526896141664,8779.526896141664,30.0,309.5268961416641
S6,continuous,E,12,844,100,landing,8886.266484844902,9076.266484844902,190.0,0.0
S6,continuous,E,32,845,178,takeoff,8494.734678252764,8524.734678252764,30.0,44.73467825276384
S6,continuous,E,33,845,178,landing,8796.571102650907,8986.571102650907,190.0,182.95281416218313
S6,continuous,E,4,846,321,takeoff,8783.939268405304,8813.939268405304,30.0,203.93926840530366
S6,continuous,E,20,846,321,landing,8883.172157699613,9073.172157699613,190.0,0.0
S6,continuous,E,1,847,347,takeoff,8533.997799584362,8563.997799584362,30.0,63.99779958436193
S6,continuous,E,17,847,347,landing,8996.136959108146,9186.136959108146,190.0,365.9665865577408
S6,continuous,E,26,848,5,takeoff,8800.332462831107,8830.332462831107,30.0,320.3324628311075
S6,continuous,E,18,848,5,landing,8909.554191966616,9099.554191966616,190.0,0.0
S6,continuous,E,20,849,312,takeoff,9073.172157699613,9103.172157699613,30.0,583.1721576996133
S6,continuous,E,37,849,312,landing,9112.368445445441,9302.368445445441,190.0,0.0
S6,continuous,E,18,850,281,takeoff,8500.0,8530.0,30.0,0.0
S6,continuous,E,5,850,281,landing,9328.795522213806,9518.795522213806,190.0,641.5528005123233
S6,continuous,E,30,851,291,takeoff,8510.0,8540.0,30.0,0.0
S6,continuous,E,11,851,291,landing,8614.746630760705,8804.746630760705,190.0,0.0
S6,continuous,E,0,852,252,takeoff,8520.0,8550.0,30.0,0.0
S6,continuous,E,17,852,252,landing,9186.136959108146,9376.136959108146,190.0,585.3164601494573
S6,continuous,E,8,853,4,takeoff,8770.0,8800.0,30.0,0.0
S6,continuous,E,27,853,4,landing,9316.724415400868,9506.724415400868,190.0,362.21494399601215
S6,continuous,E,7,854,30,takeoff,8540.0,8570.0,30.0,0.0
S6,continuous,E,37,854,30,landing,8722.706723895073,8912.706723895073,190.0,112.37390191539816
S6,continuous,E,6,855,18,takeoff,8550.0,8580.0,30.0,0.0
S6,continuous,E,12,855,18,landing,8695.487156829433,8885.487156829433,190.0,0.0
S6,continuous,E,2,856,199,takeoff,8792.365247087992,8822.365247087992,30.0,232.36524708799152
S6,continuous,E,15,856,199,landing,9021.675187037421,9211.675187037421,190.0,164.1401462544909
S6,continuous,E,4,857,249,takeoff,8813.939268405304,8843.939268405304,30.0,243.93926840530366
S6,continuous,E,2,857,249,landing,8920.65156364908,9110.65156364908,190.0,0.0
S6,continuous,E,34,858,174,takeoff,8580.0,8610.0,30.0,0.0
S6,continuous,E,37,858,174,landing,8912.706723895073,9102.706723895073,190.0,195.05718948358663
S6,continuous,E,30,859,344,takeoff,8590.0,8620.0,30.0,0.0
S6,continuous,E,22,859,344,landing,8779.526896141664,8969.526896141664,190.0,32.95597042149893
S6,continuous,E,1,860,104,takeoff,8600.0,8630.0,30.0,0.0
S6,continuous,E,6,860,104,landing,9140.480702787336,9330.480702787336,190.0,347.8628849876932
S6,continuous,E,25,861,298,takeoff,8610.0,8640.0,30.0,0.0
S6,continuous,E,2,861,298,landing,9110.65156364908,9300.65156364908,190.0,368.6325535376527
S6,continuous,E,12,862,273,takeoff,8620.0,8650.0,30.0,0.0
S6,continuous,E,18,862,273,landing,9099.554191966616,9289.554191966616,190.0,322.03960685849233
S6,continuous,E,11,863,34,takeoff,8804.746630760705,8834.746630760705,30.0,174.74663076070465
S6,continuous,E,22,863,34,landing,8969.526896141664,9159.526896141664,190.0,33.2723161952963
S6,continuous,E,21,864,43,takeoff,8640.0,8670.0,30.0,0.0
S6,continuous,E,19,864,43,landing,8703.227011003477,8893.227011003477,190.0,0.0
S6,continuous,E,9,865,320,takeoff,8650.0,8680.0,30.0,0.0
S6,continuous,E,18,865,320,landing,9289.554191966616,9479.554191966616,190.0,479.74986162077766
S6,continuous,E,37,866,335,takeoff,9302.368445445441,9332.368445445441,30.0,642.3684454454415
S6,continuous,E,35,866,335,landing,9420.110622225495,9610.110622225495,190.0,0.0
S6,continuous,E,33,867,237,takeoff,8986.571102650907,9016.571102650907,30.0,316.57110265090705
S6,continuous,E,10,867,237,landing,9093.368613526389,9283.368613526389,190.0,0.0
S6,continuous,E,22,868,102,takeoff,9159.526896141664,9189.526896141664,30.0,479.5268961416641
S6,continuous,E,30,868,102,landing,9277.263444037995,9467.263444037995,190.0,0.0
S6,continuous,E,26,869,182,takeoff,8830.332462831107,8860.332462831107,30.0,140.33246283110748
S6,continuous,E,1,869,182,landing,9106.317338448891,9296.317338448891,190.0,130.0
S6,continuous,E,14,870,203,takeoff,8778.616038252223,8808.616038252223,30.0,78.616038252223
S6,continuous,E,30,870,203,landing,8906.02595772705,9096.02595772705,190.0,0.0
S6,continuous,E,39,871,194,takeoff,8710.0,8740.0,30.0,0.0
S6,continuous,E,35,871,194,landing,8851.456599197862,9041.456599197862,190.0,0.0
S6,continuous,E,35,872,197,takeoff,8720.0,8750.0,30.0,0.0
S6,continuous,E,21,872,197,landing,8804.877737758256,8994.877737758256,190.0,0.0
S6,continuous,E,0,873,200,takeoff,8730.0,8760.0,30.0,0.0
S6,continuous,E,35,873,200,landing,9041.456599197862,9231.456599197862,190.0,167.09544543773882
S6,continuous,E,15,874,30,takeoff,8740.0,8770.0,30.0,0.0
S6,continuous,E,34,874,30,landing,8857.803095764779,9047.803095764779,190.0,0.0
S6,continuous,E,2,875,211,takeoff,8822.365247087992,8852.365247087992,30.0,72.36524708799152
S6,continuous,E,24,875,211,landing,9102.903495619441,9292.903495619441,190.0,144.8422955311853
S6,continuous,E,0,876,18,takeoff,8760.0,8790.0,30.0,0.0
S6,continuous,E,24,876,18,landing,9292.903495619441,9482.903495619441,190.0,414.3322653194755
S6,continuous,E,3,877,212,takeoff,8770.0,8800.0,30.0,0.0
S6,continuous,E,10,877,212,landing,9624.756428086159,9814.756428086159,190.0,746.4510090682725
S6,continuous,E,20,878,333,takeoff,9103.172157699613,9133.172157699613,30.0,323.1721576996133
S6,continuous,E,12,878,333,landing,9221.3338834732,9411.3338834732,190.0,0.0
S6,continuous,E,5,879,77,takeoff,9518.795522213806,9548.795522213806,30.0,728.7955222138062
S6,continuous,E,37,879,77,landing,9562.996485729132,9752.996485729132,190.0,0.0
S6,continuous,E,31,880,89,takeoff,8800.0,8830.0,30.0,0.0
S6,continuous,E,3,880,89,landing,8856.63057658747,9046.63057658747,190.0,0.0
S6,continuous,E,20,881,176,takeoff,9133.172157699613,9163.172157699613,30.0,323.1721576996133
S6,continuous,E,27,881,176,landing,9506.724415400868,9696.724415400868,190.0,188.24715004953214
S6,continuous,E,8,882,303,takeoff,8820.0,8850.0,30.0,0.0
S6,continuous,E,22,882,303,landing,9189.526896141664,9379.526896141664,190.0,240.0
S6,continuous,E,7,883,238,takeoff,8830.0,8860.0,30.0,0.0
S6,continuous,E,31,883,238,landing,8952.030280010873,9142.030280010873,190.0,0.0
S6,continuous,E,35,884,62,takeoff,9231.456599197862,9261.456599197862,30.0,391.4565991978616
S6,continuous,E,16,884,62,landing,9361.606481609006,9551.606481609006,190.0,0.0
S6,continuous,E,37,885,6,takeoff,9332.368445445441,9362.368445445441,30.0,482.36844544544147
S6,continuous,E,34,885,6,landing,9430.018948505089,9620.018948505089,190.0,0.0
S6,continuous,E,3,886,115,takeoff,9046.63057658747,9076.63057658747,30.0,186.63057658746948
S6,continuous,E,31,886,115,landing,9142.030280010873,9332.030280010873,190.0,38.769126835934
S6,continuous,E,38,887,265,takeoff,8870.0,8900.0,30.0,0.0
S6,continuous,E,33,887,265,landing,9016.571102650907,9206.571102650907,190.0,31.71910145354377
S6,continuous,E,37,888,233,takeoff,9362.368445445441,9392.368445445441,30.0,482.36844544544147
S6,continuous,E,29,888,233,landing,9479.79084500787,9669.79084500787,190.0,0.0
S6,continuous,E,39,889,261,takeoff,9079.496464086787,9109.496464086787,30.0,189.49646408678746
S6,continuous,E,34,889,261,landing,9222.85824003773,9412.85824003773,190.0,0.0
S6,continuous,E,39,890,10,takeoff,9109.496464086787,9139.496464086787,30.0,209.49646408678746
S6,continuous,E,28,890,10,landing,9226.679060898065,9416.679060898065,190.0,0.0
S6,continuous,E,9,891,263,takeoff,8910.0,8940.0,30.0,0.0
S6,continuous,E,26,891,263,landing,8990.67833381368,9180.67833381368,190.0,0.0
S6,continuous,E,26,892,111,takeoff,8920.0,8950.0,30.0,0.0
S6,continuous,E,8,892,111,landing,9037.38564490339,9227.38564490339,190.0,0.0
S6,continuous,E,17,893,189,takeoff,9376.136959108146,9406.136959108146,30.0,446.1369591081457
S6,continuous,E,37,893,189,landing,9752.996485729132,9942.996485729132,190.0,356.26908168354566
S6,continuous,E,17,894,293,takeoff,9406.136959108146,9436.136959108146,30.0,466.1369591081457
S6,continuous,E,27,894,293,landing,9696.724415400868,9886.724415400868,190.0,161.6703219173287
S6,continuous,E,25,895,316,takeoff,8950.0,8980.0,30.0,0.0
S6,continuous,E,31,895,316,landing,9332.030280010873,9522.030280010873,190.0,272.6207233691712
S6,continuous,E,34,896,194,takeoff,9047.803095764779,9077.803095764779,30.0,87.80309576477885
S6,continuous,E,17,896,194,landing,9436.136959108146,9626.136959108146,190.0,247.27896848495402
S6,continuous,E,18,897,205,takeoff,9479.554191966616,9509.554191966616,30.0,509.5541919666157
S6,continuous,E,12,897,205,landing,9637.068777074739,9827.068777074739,190.0,0.0
S6,continuous,E,4,898,100,takeoff,8980.0,9010.0,30.0,0.0
S6,continuous,E,1,898,100,landing,9296.317338448891,9486.317338448891,190.0,183.53689702017073
S6,continuous,E,3,899,351,takeoff,9076.63057658747,9106.63057658747,30.0,86.63057658746948
S6,continuous,E,34,899,351,landing,9620.018948505089,9810.018948505089,190.0,438.3389401933764
S6,continuous,E,4,900,92,takeoff,9010.0,9040.0,30.0,10.0
S6,continuous,E,16,900,92,landing,9121.1675817302,9311.1675817302,190.0,0.0
S6,continuous,E,39,901,21,takeoff,9139.496464086787,9169.496464086787,30.0,129.49646408678746
S6,continuous,E,13,901,21,landing,9248.82717892041,9438.82717892041,190.0,0.0
S6,continuous,E,34,902,235,takeoff,9810.018948505089,9840.018948505089,30.0,610.0189485050887
S6,continuous,E,1,902,235,landing,9952.061872481521,10142.061872481521,190.0,0.0
S6,continuous,E,38,903,0,takeoff,9030.0,9060.0,30.0,0.0
S6,continuous,E,35,903,0,landing,9610.110622225495,9800.110622225495,190.0,401.41974732183917
S6,continuous,E,25,904,127,takeoff,9040.0,9070.0,30.0,0.0
S6,continuous,E,22,904,127,landing,9379.526896141664,9569.526896141664,190.0,171.13107590211803
S6,continuous,E,39,905,51,takeoff,9408.257228829969,9438.257228829969,30.0,178.25722882996888
S6,continuous,E,10,905,51,landing,9814.756428086159,10004.756428086159,190.0,225.6304345752651
S6,continuous,E,7,906,36,takeoff,9060.0,9090.0,30.0,0.0
S6,continuous,E,37,906,36,landing,9942.996485729132,10132.996485729132,190.0,792.6636637494576
S6,continuous,E,23,907,33,takeoff,9070.0,9100.0,30.0,0.0
S6,continuous,E,19,907,33,landing,9185.62462184959,9375.62462184959,190.0,0.0
S6,continuous,E,12,908,99,takeoff,9080.0,9110.0,30.0,0.0
S6,continuous,E,31,908,99,landing,9522.030280010873,9712.030280010873,190.0,293.92574296274324
S6,continuous,E,32,909,129,takeoff,9090.0,9120.0,30.0,0.0
S6,continuous,E,3,909,129,landing,9170.00824511657,9360.00824511657,190.0,0.0
S6,continuous,E,30,910,148,takeoff,9100.0,9130.0,30.0,0.0
S6,continuous,E,12,910,148,landing,9411.3338834732,9601.3338834732,190.0,171.11512454093463
S6,continuous,E,38,911,124,takeoff,9110.0,9140.0,30.0,0.0
S6,continuous,E,1,911,124,landing,9486.317338448891,9676.317338448891,190.0,252.01715464833615
S6,continuous,E,13,912,178,takeoff,9120.0,9150.0,30.0,0.0
S6,continuous,E,26,912,178,landing,9226.56259987029,9416.56259987029,190.0,0.0
S6,continuous,E,3,913,231,takeoff,9130.0,9160.0,30.0,0.0
S6,continuous,E,29,913,231,landing,9215.712539446457,9405.712539446457,190.0,0.0
S6,continuous,E,33,914,188,takeoff,9206.571102650907,9236.571102650907,30.0,66.57110265090705
S6,continuous,E,30,914,188,landing,9467.263444037995,9657.263444037995,190.0,201.46826288912234
S6,continuous,E,13,915,246,takeoff,9150.0,9180.0,30.0,0.0
S6,continuous,E,21,915,246,landing,9211.694320494295,9401.694320494295,190.0,0.0
S6,continuous,E,4,916,313,takeoff,9160.0,9190.0,30.0,0.0
S6,continuous,E,19,916,313,landing,9375.62462184959,9565.62462184959,190.0,127.26050912480787
S6,continuous,E,35,917,144,takeoff,9261.456599197862,9291.456599197862,30.0,91.45659919786158
S6,continuous,E,0,917,144,landing,9405.817752957984,9595.817752957984,190.0,0.0
S6,continuous,E,22,918,339,takeoff,9569.526896141664,9599.526896141664,30.0,389.5268961416641
S6,continuous,E,19,918,339,landing,9717.226472288232,9907.226472288232,190.0,0.0
S6,continuous,E,12,919,227,takeoff,9601.3338834732,9631.3338834732,30.0,351.33388347320033
S6,continuous,E,5,919,227,landing,9724.63148398196,9914.63148398196,190.0,0.0
S6,continuous,E,17,920,203,takeoff,9626.136959108146,9656.136959108146,30.0,426.1369591081457
S6,continuous,E,26,920,203,landing,9719.333969842919,9909.333969842919,190.0,0.0
S6,continuous,E,10,921,202,takeoff,10004.756428086159,10034.756428086159,30.0,554.7564280861588
S6,continuous,E,31,921,202,landing,10099.351761190725,10289.351761190725,190.0,0.0
S6,continuous,E,4,922,251,takeoff,9220.0,9250.0,30.0,0.0
S6,continuous,E,18,922,251,landing,9509.554191966616,9699.554191966616,190.0,113.44216465171849
S6,continuous,E,3,923,199,takeoff,9360.00824511657,9390.00824511657,30.0,130.00824511657083
S6,continuous,E,28,923,199,landing,9463.09726328899,9653.09726328899,190.0,0.0
S6,continuous,E,9,924,292,takeoff,9240.0,9270.0,30.0,0.0
S6,continuous,E,33,924,292,landing,9340.99711427083,9530.99711427083,190.0,0.0
S6,continuous,E,13,925,175,takeoff,9438.82717892041,9468.82717892041,30.0,188.82717892041
S6,continuous,E,17,925,175,landing,9656.136959108146,9846.136959108146,190.0,112.83274934119436
S6,continuous,E,32,926,327,takeoff,9260.0,9290.0,30.0,0.0
S6,continuous,E,14,926,327,landing,9418.24019212787,9608.24019212787,190.0,0.0
S6,continuous,E,1,927,178,takeoff,9676.317338448891,9706.317338448891,30.0,406.31733844889095
S6,continuous,E,12,927,178,landing,9827.068777074739,10017.068777074739,190.0,1.799381624063244
S6,continuous,E,24,928,342,takeoff,9482.903495619441,9512.903495619441,30.0,202.90349561944095
S6,continuous,E,17,928,342,landing,9846.136959108146,10036.136959108146,190.0,234.65811864963507
S6,continuous,E,22,929,357,takeoff,9599.526896141664,9629.526896141664,30.0,309.5268961416641
S6,continuous,E,14,929,357,landing,9688.245628097082,9878.245628097082,190.0,0.0
S6,continuous,E,5,930,145,takeoff,9548.795522213806,9578.795522213806,30.0,248.79552221380618
S6,continuous,E,4,930,145,landing,9602.392698839829,9792.392698839829,190.0,0.0
S6,continuous,E,8,931,323,takeoff,9310.0,9340.0,30.0,0.0
S6,continuous,E,11,931,323,landing,9407.026861987899,9597.026861987899,190.0,0.0
S6,continuous,E,19,932,231,takeoff,9565.62462184959,9595.62462184959,30.0,245.62462184959077
S6,continuous,E,16,932,231,landing,9707.599341852687,9897.599341852687,190.0,0.0
S6,continuous,E,0,933,53,takeoff,9330.0,9360.0,30.0,0.0
S6,continuous,E,28,933,53,landing,9653.09726328899,9843.09726328899,190.0,187.29335340995203
S6,continuous,E,34,934,286,takeoff,9840.018948505089,9870.018948505089,30.0,500.0189485050887
S6,continuous,E,21,934,286,landing,9932.480382930744,10122.480382930744,190.0,0.0
S6,continuous,E,9,935,300,takeoff,9350.0,9380.0,30.0,0.0
S6,continuous,E,2,935,300,landing,9489.525040029526,9679.525040029526,190.0,0.0
S6,continuous,E,38,936,274,takeoff,9360.0,9390.0,30.0,0.0
S6,continuous,E,34,936,274,landing,9870.018948505089,10060.018948505089,190.0,282.96578343910005
S6,continuous,E,28,937,105,takeoff,9843.09726328899,9873.09726328899,30.0,353.0972632889898
S6,continuous,E,24,937,105,landing,10012.054785758686,10202.054785758686,190.0,0.0
S6,continuous,E,16,938,4,takeoff,9551.606481609006,9581.606481609006,30.0,171.60648160900564
S6,continuous,E,31,938,4,landing,9712.030280010873,9902.030280010873,190.0,90.04741509812993
S6,continuous,E,11,939,133,takeoff,9597.026861987899,9627.026861987899,30.0,207.02686198789888
S6,continuous,E,29,939,133,landing,9696.378120508429,9886.378120508429,190.0,0.0
S6,continuous,E,2,940,201,takeoff,9400.0,9430.0,30.0,0.0
S6,continuous,E,16,940,201,landing,9897.599341852687,10087.599341852687,190.0,411.9233912596046
S6,continuous,E,14,941,162,takeoff,9608.24019212787,9638.24019212787,30.0,198.2401921278706
S6,continuous,E,9,941,162,landing,9772.689444348502,9962.689444348502,190.0,0.0
S6,continuous,E,0,942,222,takeoff,9595.817752957984,9625.817752957984,30.0,175.81775295798434
S6,continuous,E,12,942,222,landing,10017.068777074739,10207.068777074739,190.0,320.3529735870561
S6,continuous,E,10,943,24,takeoff,10034.756428086159,10064.756428086159,30.0,604.7564280861588
S6,continuous,E,6,943,24,landing,10197.03721802315,10387.03721802315,190.0,0.0
S6,continuous,E,2,944,330,takeoff,9440.0,9470.0,30.0,0.0
S6,continuous,E,37,944,330,landing,10132.996485729132,10322.996485729132,190.0,563.2602115673999
S6,continuous,E,32,945,320,takeoff,9450.0,9480.0,30.0,0.0
S6,continuous,E,9,945,320,landing,9547.872307166846,9737.872307166846,190.0,0.0
S6,continuous,E,10,946,5,takeoff,10064.756428086159,10094.756428086159,30.0,604.7564280861588
S6,continuous,E,5,946,5,landing,10200.717333958512,10390.717333958512,190.0,0.0
S6,continuous,E,11,947,137,takeoff,9627.026861987899,9657.026861987899,30.0,157.02686198789888
S6,continuous,E,27,947,137,landing,9886.724415400868,10076.724415400868,190.0,172.44894673653835
S6,continuous,E,10,948,249,takeoff,10094.756428086159,10124.756428086159,30.0,614.7564280861588
S6,continuous,E,6,948,249,landing,10387.03721802315,10577.03721802315,190.0,130.0
S6,continuous,E,26,949,58,takeoff,9490.0,9520.0,30.0,0.0
S6,continuous,E,19,949,58,landing,9907.226472288232,10097.226472288232,190.0,296.7753091955965
S6,continuous,E,12,950,37,takeoff,10207.068777074739,10237.068777074739,30.0,707.068777074739
S6,continuous,E,30,950,37,landing,10328.44871078562,10518.44871078562,190.0,0.0
S6,continuous,E,25,951,327,takeoff,9510.0,9540.0,30.0,0.0
S6,continuous,E,39,951,327,landing,9596.825664912945,9786.825664912945,190.0,0.0
S6,continuous,E,14,952,292,takeoff,9638.24019212787,9668.24019212787,30.0,118.24019212787061
S6,continuous,E,9,952,292,landing,9962.689444348502,10152.689444348502,190.0,120.0
S6,continuous,E,10,953,107,takeoff,10124.756428086159,10154.756428086159,30.0,594.7564280861588
S6,continuous,E,0,953,107,landing,10258.282452833248,10448.282452833248,190.0,0.0
S6,continuous,E,26,954,187,takeoff,9540.0,9570.0,30.0,0.0
S6,continuous,E,31,954,187,landing,9902.030280010873,10092.030280010873,190.0,222.57836380133813
S6,continuous,E,39,955,266,takeoff,9786.825664912945,9816.825664912945,30.0,176.82566491294529
S6,continuous,E,36,955,266,landing,9888.882640097283,10078.882640097283,190.0,0.0
S6,continuous,E,35,956,218,takeoff,9800.110622225495,9830.110622225495,30.0,240.1106222254948
S6,continuous,E,3,956,218,landing,9893.92846430325,10083.92846430325,190.0,0.0
S6,continuous,E,9,957,170,takeoff,10152.689444348502,10182.689444348502,30.0,402.68944434850164
S6,continuous,E,18,957,170,landing,10292.49377469434,10482.49377469434,190.0,0.0
S6,continuous,E,22,958,22,takeoff,9629.526896141664,9659.526896141664,30.0,49.52689614166411
S6,continuous,E,21,958,22,landing,9723.961515684983,9913.961515684983,190.0,0.0
S6,continuous,E,29,959,310,takeoff,9886.378120508429,9916.378120508429,30.0,296.37812050842876
S6,continuous,E,35,959,310,landing,9988.445296675858,10178.445296675858,190.0,0.0
S6,continuous,E,23,960,217,takeoff,9600.0,9630.0,30.0,0.0
S6,continuous,E,15,960,217,landing,9713.007092686152,9903.007092686152,190.0,0.0
S6,continuous,E,35,961,160,takeoff,9830.110622225495,9860.110622225495,30.0,220.1106222254948
S6,continuous,E,7,961,160,landing,9946.051356360773,10136.051356360773,190.0,0.0
S6,continuous,E,35,962,141,takeoff,9860.110622225495,9890.110622225495,30.0,240.1106222254948
S6,continuous,E,17,962,141,landing,10036.136959108146,10226.136959108146,190.0,83.90477530559656
S6,continuous,E,4,963,65,takeoff,9792.392698839829,9822.392698839829,30.0,162.39269883982888
S6,continuous,E,22,963,65,landing,9918.376862843552,10108.376862843552,190.0,0.0
S6,continuous,E,23,964,277,takeoff,9640.0,9670.0,30.0,0.0
S6,continuous,E,38,964,277,landing,9685.845455509418,9875.845455509418,190.0,0.0
S6,continuous,E,3,965,273,takeoff,9650.0,9680.0,30.0,0.0
S6,continuous,E,25,965,273,landing,9720.215306606056,9910.215306606056,190.0,0.0
S6,continuous,E,11,966,184,takeoff,9720.0,9750.0,30.0,0.0
S6,continuous,E,16,966,184,landing,10087.599341852687,10277.599341852687,190.0,225.76058058635317
S6,continuous,E,7,967,280,takeoff,9670.0,9700.0,30.0,0.0
S6,continuous,E,35,967,280,landing,10178.445296675858,10368.445296675858,190.0,372.5045625405801
S6,continuous,E,20,968,13,takeoff,9680.0,9710.0,30.0,0.0
S6,continuous,E,39,968,13,landing,9816.825664912945,10006.825664912945,190.0,29.607471453737162
S6,continuous,E,26,969,300,takeoff,9909.333969842919,9939.333969842919,30.0,219.33396984291903
S6,continuous,E,33,969,300,landing,9998.342358185591,10188.342358185591,190.0,0.0
S6,continuous,E,9,970,131,takeoff,10182.689444348502,10212.689444348502,30.0,422.68944434850164
S6,continuous,E,13,970,131,landing,10318.614600754754,10508.614600754754,190.0,0.0
S6,continuous,E,8,971,164,takeoff,9710.0,9740.0,30.0,0.0
S6,continuous,E,1,971,164,landing,10142.061872481521,10332.061872481521,190.0,303.9582900165042
S6,continuous,E,34,972,12,takeoff,10060.018948505089,10090.018948505089,30.0,340.0189485050887
S6,continuous,E,37,972,12,landing,10322.996485729132,10512.996485729132,190.0,160.84027147034976
S6,continuous,E,26,973,151,takeoff,9939.333969842919,9969.333969842919,30.0,209.33396984291903
S6,continuous,E,36,973,151,landing,10078.882640097283,10268.882640097283,190.0,48.918970003745926
S6,continuous,E,20,974,293,takeoff,9740.0,9770.0,30.0,0.0
S6,continuous,E,8,974,293,landing,9843.560722251612,10033.560722251612,190.0,0.0
S6,continuous,E,1,975,259,takeoff,9750.0,9780.0,30.0,0.0
S6,continuous,E,29,975,259,landing,9916.378120508429,10106.378120508429,190.0,10.107486376906309
S6,continuous,E,13,976,324,takeoff,9760.0,9790.0,30.0,0.0
S6,continuous,E,32,976,324,landing,9909.8612276526,10099.8612276526,190.0,0.0
S6,continuous,E,14,977,190,takeoff,9878.245628097082,9908.245628097082,30.0,108.24562809708186
S6,continuous,E,30,977,190,landing,10005.655547571909,10195.655547571909,190.0,0.0
S6,continuous,E,30,978,39,takeoff,9780.0,9810.0,30.0,0.0
S6,continuous,E,20,978,39,landing,9858.322382793072,10048.322382793072,190.0,0.0
S6,continuous,E,30,979,20,takeoff,9810.0,9840.0,30.0,20.0
S6,continuous,E,13,979,20,landing,9910.447359119547,10100.447359119547,190.0,0.0
S6,continuous,E,16,980,245,takeoff,10277.599341852687,10307.599341852687,30.0,477.59934185268685
S6,continuous,E,19,980,245,landing,10419.574061855783,10609.574061855783,190.0,0.0
S6,continuous,E,13,981,1,takeoff,9810.0,9840.0,30.0,0.0
S6,continuous,E,2,981,1,landing,9891.304403454144,10081.304403454144,190.0,0.0
S6,continuous,E,12,982,142,takeoff,10237.068777074739,10267.068777074739,30.0,417.06877707473905
S6,continuous,E,24,982,142,landing,10348.587391074829,10538.587391074829,190.0,0.0
S6,continuous,E,25,983,345,takeoff,9910.215306606056,9940.215306606056,30.0,80.2153066060564
S6,continuous,E,36,983,345,landing,10268.882640097283,10458.882640097283,190.0,243.79233550636673
S6,continuous,E,23,984,54,takeoff,9840.0,9870.0,30.0,0.0
S6,continuous,E,32,984,54,landing,10099.8612276526,10289.8612276526,190.0,139.2342266075775
S6,continuous,E,39,985,21,takeoff,10006.825664912945,10036.825664912945,30.0,156.82566491294529
S6,continuous,E,30,985,21,landing,10518.44871078562,10708.44871078562,190.0,409.63495840929136
S6,continuous,E,8,986,217,takeoff,10033.560722251612,10063.560722251612,30.0,173.56072225161188
S6,continuous,E,23,986,217,landing,10110.204519859552,10300.204519859552,190.0,0.0
S6,continuous,E,28,987,283,takeoff,9873.09726328899,9903.09726328899,30.0,3.0972632889897795
S6,continuous,E,23,987,283,landing,10300.204519859552,10490.204519859552,190.0,286.2524596135754
S6,continuous,E,26,988,223,takeoff,9969.333969842919,9999.333969842919,30.0,89.33396984291903
S6,continuous,E,0,988,223,landing,10448.282452833248,10638.282452833248,190.0,328.6160201592211
S6,continuous,E,24,989,135,takeoff,9890.0,9920.0,30.0,0.0
S6,continuous,E,33,989,135,landing,10188.342358185591,10378.342358185591,190.0,179.78705815318972
S6,continuous,E,38,990,255,takeoff,9900.0,9930.0,30.0,0.0
S6,continuous,E,37,990,255,landing,10512.996485729132,10702.996485729132,190.0,472.0694719197654
S6,continuous,E,8,991,72,takeoff,10063.560722251612,10093.560722251612,30.0,153.56072225161188
S6,continuous,E,4,991,72,landing,10182.904054654351,10372.904054654351,190.0,0.0
S6,continuous,E,29,992,90,takeoff,10106.378120508429,10136.378120508429,30.0,186.37812050842876
S6,continuous,E,20,992,90,landing,10245.237743522517,10435.237743522517,190.0,0.0
S6,continuous,E,15,993,114,takeoff,9930.0,9960.0,30.0,0.0
S6,continuous,E,29,993,114,landing,10136.378120508429,10326.378120508429,190.0,130.60794623910988
S6,continuous,E,8,994,246,takeoff,10093.560722251612,10123.560722251612,30.0,153.56072225161188
S6,continuous,E,31,994,246,landing,10289.351761190725,10479.351761190725,190.0,135.4672287469275
S6,continuous,E,25,995,8,takeoff,9950.0,9980.0,30.0,0.0
S6,continuous,E,27,995,8,landing,10076.724415400868,10266.724415400868,190.0,22.589343376334
S6,continuous,E,8,996,89,takeoff,10123.560722251612,10153.560722251612,30.0,163.56072225161188
S6,continuous,E,30,996,89,landing,10708.44871078562,10898.44871078562,190.0,440.9086357821034
S6,continuous,E,11,997,340,takeoff,9970.0,10000.0,30.0,0.0
S6,continuous,E,20,997,340,landing,10435.237743522517,10625.237743522517,190.0,365.41424257009385
S6,continuous,E,13,998,10,takeoff,10160.0,10190.0,30.0,0.0
S6,continuous,E,16,998,10,landing,10310.62172085457,10500.62172085457,190.0,0.0
S6,continuous,E,29,999,325,takeoff,10326.378120508429,10356.378120508429,30.0,336.37812050842876
S6,continuous,E,34,999,325,landing,10422.671501801007,10612.671501801007,190.0,0.0
S6,continuous,E,34,1000,134,takeoff,10090.018948505089,10120.018948505089,30.0,90.0189485050887
S6,continuous,E,7,1000,134,landing,10223.944031939229,10413.944031939229,190.0,0.0
S6,continuous,E,2,1001,353,takeoff,10081.304403454144,10111.304403454144,30.0,71.30440345414354
S6,continuous,E,28,1001,353,landing,10218.024806692336,10408.024806692336,190.0,0.0
S6,continuous,E,11,1002,144,takeoff,10320.0,10350.0,30.0,0.0
S6,continuous,E,6,1002,144,landing,10577.03721802315,10767.03721802315,190.0,110.19434855711552
S6,continuous,E,19,1003,82,takeoff,10097.226472288232,10127.226472288232,30.0,67.22647228823189
S6,continuous,E,10,1003,82,landing,10250.462356415903,10440.462356415903,190.0,0.0
S6,continuous,E,21,1004,287,takeoff,10122.480382930744,10152.480382930744,30.0,82.48038293074387
S6,continuous,E,37,1004,287,landing,10702.996485729132,10892.996485729132,190.0,439.84791648063583
S6,continuous,E,33,1005,73,takeoff,10378.342358185591,10408.342358185591,30.0,328.34235818559137
S6,continuous,E,3,1005,73,landing,10439.814785924145,10629.814785924145,190.0,0.0
S6,continuous,E,1,1006,139,takeoff,10332.061872481521,10362.061872481521,30.0,272.0618724815213
S6,continuous,E,22,1006,139,landing,10431.581807674816,10621.581807674816,190.0,0.0
S6,continuous,E,25,1007,140,takeoff,10070.0,10100.0,30.0,0.0
S6,continuous,E,3,1007,140,landing,10140.215306606056,10330.215306606056,190.0,0.0
S6,continuous,E,29,1008,238,takeoff,10356.378120508429,10386.378120508429,30.0,276.37812050842876
S6,continuous,E,39,1008,238,landing,10497.97000630333,10687.97000630333,190.0,0.0
S6,continuous,E,36,1009,209,takeoff,10458.882640097283,10488.882640097283,30.0,368.882640097283
S6,continuous,E,19,1009,209,landing,10609.574061855783,10799.574061855783,190.0,39.36487386027693
S6,continuous,E,3,1010,277,takeoff,10100.0,10130.0,30.0,0.0
S6,continuous,E,19,1010,277,landing,10222.52397746075,10412.52397746075,190.0,0.0
S6,continuous,E,36,1011,359,takeoff,10488.882640097283,10518.882640097283,30.0,378.882640097283
S6,continuous,E,17,1011,359,landing,10532.473461310168,10722.473461310168,190.0,0.0
S6,continuous,E,11,1012,11,takeoff,10120.0,10150.0,30.0,0.0
S6,continuous,E,32,1012,11,landing,10289.8612276526,10479.8612276526,190.0,34.57016383059454
S6,continuous,E,38,1013,333,takeoff,10190.0,10220.0,30.0,0.0
S6,continuous,E,29,1013,333,landing,10398.440950415117,10588.440950415117,190.0,0.0
S6,continuous,E,8,1014,334,takeoff,10153.560722251612,10183.560722251612,30.0,13.560722251611878
S6,continuous,E,6,1014,334,landing,10767.03721802315,10957.03721802315,190.0,434.2964366763772
S6,continuous,E,20,1015,128,takeoff,10625.237743522517,10655.237743522517,30.0,355.2377435225171
S6,continuous,E,5,1015,128,landing,10712.653190460427,10902.653190460427,190.0,0.0
S6,continuous,E,17,1016,256,takeoff,10226.136959108146,10256.136959108146,30.0,66.13695910814567
S6,continuous,E,35,1016,256,landing,10368.445296675858,10558.445296675858,190.0,56.24466629590279
S6,continuous,E,14,1017,38,takeoff,10170.0,10200.0,30.0,0.0
S6,continuous,E,31,1017,38,landing,10479.351761190725,10669.351761190725,190.0,248.31313951867742
S6,continuous,E,0,1018,176,takeoff,10638.282452833248,10668.282452833248,30.0,398.2824528332476
S6,continuous,E,29,1018,176,landing,10782.32326450425,10972.32326450425,190.0,0.0
S6,continuous,E,32,1019,181,takeoff,10479.8612276526,10509.8612276526,30.0,289.86122765260006
S6,continuous,E,10,1019,181,landing,10630.5512402215,10820.5512402215,190.0,0.0
S6,continuous,E,15,1020,232,takeoff,10200.0,10230.0,30.0,0.0
S6,continuous,E,18,1020,232,landing,10482.49377469434,10672.49377469434,190.0,179.8670200506931
S6,continuous,E,36,1021,84,takeoff,10518.882640097283,10548.882640097283,30.0,308.882640097283
S6,continuous,E,33,1021,84,landing,10569.428040974852,10759.428040974852,190.0,0.0
S6,continuous,E,5,1022,5,takeoff,10390.717333958512,10420.717333958512,30.0,170.71733395851152
S6,continuous,E,1,1022,5,landing,10535.977953075682,10725.977953075682,190.0,0.0
S6,continuous,E,35,1023,66,takeoff,10558.445296675858,10588.445296675858,30.0,328.4452966758581
S6,continuous,E,0,1023,66,landing,10702.80645043598,10892.80645043598,190.0,0.0
S6,continuous,E,9,1024,113,takeoff,10240.0,10270.0,30.0,0.0
S6,continuous,E,8,1024,113,landing,10401.232722738792,10591.232722738792,190.0,0.0
S6,continuous,E,21,1025,23,takeoff,10250.0,10280.0,30.0,0.0
S6,continuous,E,39,1025,23,landing,10687.97000630333,10877.97000630333,190.0,333.6640673451402
S6,continuous,E,2,1026,356,takeoff,10260.0,10290.0,30.0,0.0
S6,continuous,E,4,1026,356,landing,10372.904054654351,10562.904054654351,190.0,6.191759410574377
S6,continuous,E,31,1027,300,takeoff,10669.351761190725,10699.351761190725,30.0,399.3517611907246
S6,continuous,E,9,1027,300,landing,10814.695793150884,11004.695793150884,190.0,0.0
S6,continuous,E,15,1028,351,takeoff,10280.0,10310.0,30.0,0.0
S6,continuous,E,30,1028,351,landing,10898.44871078562,11088.44871078562,190.0,511.15961326315846
S6,continuous,E,34,1029,82,takeoff,10290.0,10320.0,30.0,0.0
S6,continuous,E,39,1029,82,landing,10877.97000630333,11067.97000630333,190.0,404.6082303523872
S6,continuous,E,0,1030,46,takeoff,10668.282452833248,10698.282452833248,30.0,368.2824528332476
S6,continuous,E,37,1030,46,landing,10892.996485729132,11082.996485729132,190.0,176.90901623567333
S6,continuous,E,33,1031,138,takeoff,10408.342358185591,10438.342358185591,30.0,98.34235818559137
S6,continuous,E,38,1031,138,landing,10503.194359382955,10693.194359382955,190.0,0.0
S6,continuous,E,7,1032,261,takeoff,10413.944031939229,10443.944031939229,30.0,93.94403193922881
S6,continuous,E,39,1032,261,landing,11067.97000630333,11257.97000630333,190.0,486.72849436030083
S6,continuous,E,38,1033,214,takeoff,10330.0,10360.0,30.0,0.0
S6,continuous,E,4,1033,214,landing,10562.904054654351,10752.904054654351,190.0,122.83667380542101
S6,continuous,E,18,1034,338,takeoff,10672.49377469434,10702.49377469434,30.0,332.49377469433966
S6,continuous,E,9,1034,338,landing,11004.695793150884,11194.695793150884,190.0,172.39768811070644
S6,continuous,E,15,1035,67,takeoff,10350.0,10380.0,30.0,0.0
S6,continuous,E,6,1035,67,landing,10957.03721802315,11147.03721802315,190.0,441.0603939052853
S6,continuous,E,13,1036,317,takeoff,10508.614600754754,10538.614600754754,30.0,148.61460075475406
S6,continuous,E,20,1036,317,landing,10655.237743522517,10845.237743522517,190.0,43.13380520802093
S6,continuous,E,24,1037,92,takeoff,10538.587391074829,10568.587391074829,30.0,168.5873910748287
S6,continuous,E,35,1037,92,landing,10713.573034090847,10903.573034090847,190.0,0.0
S6,continuous,E,16,1038,212,takeoff,10500.62172085457,10530.62172085457,30.0,120.6217208545695
S6,continuous,E,28,1038,212,landing,10643.243093372665,10833.243093372665,190.0,0.0
S6,continuous,E,5,1039,160,takeoff,10420.717333958512,10450.717333958512,30.0,30.717333958511517
S6,continuous,E,15,1039,160,landing,10528.290321798791,10718.290321798791,190.0,0.0
S6,continuous,E,39,1040,271,takeoff,11257.97000630333,11287.97000630333,30.0,737.9700063033306
S6,continuous,E,2,1040,271,landing,11382.247283717452,11572.247283717452,190.0,0.0
S6,continuous,E,0,1041,88,takeoff,10892.80645043598,10922.80645043598,30.0,482.8064504359809
S6,continuous,E,24,1041,88,landing,10971.377680735946,11161.377680735946,190.0,0.0
S6,continuous,E,1,1042,19,takeoff,10420.0,10450.0,30.0,0.0
S6,continuous,E,3,1042,19,landing,10629.814785924145,10819.814785924145,190.0,105.51711992952914
S6,continuous,E,36,1043,61,takeoff,10548.882640097283,10578.882640097283,30.0,118.882640097283
S6,continuous,E,17,1043,61,landing,10722.473461310168,10912.473461310168,190.0,130.0
S6,continuous,E,9,1044,228,takeoff,10440.0,10470.0,30.0,0.0
S6,continuous,E,12,1044,228,landing,10621.665135034125,10811.665135034125,190.0,0.0
S6,continuous,E,15,1045,124,takeoff,10450.0,10480.0,30.0,0.0
S6,continuous,E,30,1045,124,landing,11088.44871078562,11278.44871078562,190.0,511.15961326315846
S6,continuous,E,22,1046,276,takeoff,10621.581807674816,10651.581807674816,30.0,161.58180767481645
S6,continuous,E,37,1046,276,landing,11082.996485729132,11272.996485729132,190.0,339.63929231676957
S6,continuous,E,19,1047,10,takeoff,10799.574061855783,10829.574061855783,30.0,329.57406185578293
S6,continuous,E,12,1047,10,landing,10987.56117732005,11177.56117732005,190.0,0.0
S6,continuous,E,29,1048,170,takeoff,10588.440950415117,10618.440950415117,30.0,108.44095041511719
S6,continuous,E,37,1048,170,landing,11272.996485729132,11462.996485729132,190.0,527.1331357515865
S6,continuous,E,33,1049,189,takeoff,10490.0,10520.0,30.0,0.0
S6,continuous,E,36,1049,189,landing,10578.882640097283,10768.882640097283,190.0,20.984046499434044
S6,continuous,E,6,1050,78,takeoff,11147.03721802315,11177.03721802315,30.0,647.0372180231498
S6,continuous,E,27,1050,78,landing,11285.741389650599,11475.741389650599,190.0,0.0
S6,continuous,E,35,1051,302,takeoff,10588.445296675858,10618.445296675858,30.0,78.44529667585812
S6,continuous,E,21,1051,302,landing,10673.323034434114,10863.323034434114,190.0,0.0
S6,continuous,E,13,1052,57,takeoff,10538.614600754754,10568.614600754754,30.0,18.614600754754065
S6,continuous,E,1,1052,57,landing,10725.977953075682,10915.977953075682,190.0,90.51022485545764
S6,continuous,E,24,1053,104,takeoff,10568.587391074829,10598.587391074829,30.0,38.5873910748287
S6,continuous,E,7,1053,104,landing,10695.848926418103,10885.848926418103,190.0,0.0
S6,continuous,E,23,1054,41,takeoff,10540.0,10570.0,30.0,0.0
S6,continuous,E,38,1054,41,landing,10693.194359382955,10883.194359382955,190.0,107.34890387353698
S6,continuous,E,13,1055,95,takeoff,10568.614600754754,10598.614600754754,30.0,18.614600754754065
S6,continuous,E,4,1055,95,landing,10752.904054654351,10942.904054654351,190.0,51.38259521337204
S6,continuous,E,8,1056,174,takeoff,10591.232722738792,10621.232722738792,30.0,31.23272273879229
S6,continuous,E,29,1056,174,landing,10972.32326450425,11162.32326450425,190.0,266.7726526172446
S6,continuous,E,2,1057,101,takeoff,10570.0,10600.0,30.0,0.0
S6,continuous,E,39,1057,101,landing,11287.97000630333,11477.97000630333,190.0,513.6927288892093
S6,continuous,E,8,1058,199,takeoff,10621.232722738792,10651.232722738792,30.0,41.23272273879229
S6,continuous,E,32,1058,199,landing,10756.32943937918,10946.32943937918,190.0,0.0
S6,continuous,E,17,1059,215,takeoff,10912.473461310168,10942.473461310168,30.0,322.4734613101682
S6,continuous,E,14,1059,215,landing,10977.27341683985,11167.27341683985,190.0,0.0
S6,continuous,E,5,1060,31,takeoff,10600.0,10630.0,30.0,0.0
S6,continuous,E,35,1060,31,landing,10903.573034090847,11093.573034090847,190.0,177.79512282143332
S6,continuous,E,13,1061,288,takeoff,10610.0,10640.0,30.0,0.0
S6,continuous,E,16,1061,288,landing,10700.62172085457,10890.62172085457,190.0,0.0
S6,continuous,E,20,1062,81,takeoff,10845.237743522517,10875.237743522517,30.0,225.23774352251712
S6,continuous,E,25,1062,81,landing,10909.7338801327,11099.7338801327,190.0,0.0
S6,continuous,E,22,1063,310,takeoff,10651.581807674816,10681.581807674816,30.0,21.581807674816446
S6,continuous,E,3,1063,310,landing,10819.814785924145,11009.814785924145,190.0,60.64126881129232
S6,continuous,E,0,1064,157,takeoff,10922.80645043598,10952.80645043598,30.0,282.8064504359809
S6,continuous,E,5,1064,157,landing,11001.459107772152,11191.459107772152,190.0,0.0
S6,continuous,E,29,1065,48,takeoff,10650.0,10680.0,30.0,0.0
S6,continuous,E,32,1065,48,landing,10946.32943937918,11136.32943937918,190.0,151.02870261374483
S6,continuous,E,27,1066,296,takeoff,10660.0,10690.0,30.0,0.0
S6,continuous,E,13,1066,296,landing,10731.041343692063,10921.041343692063,190.0,0.0
S6,continuous,E,30,1067,315,takeoff,11278.44871078562,11308.44871078562,30.0,608.4487107856203
S6,continuous,E,24,1067,315,landing,11411.470078479544,11601.470078479544,190.0,0.0
S6,continuous,E,7,1068,355,takeoff,10885.848926418103,10915.848926418103,30.0,205.84892641810256
S6,continuous,E,14,1068,355,landing,11167.27341683985,11357.27341683985,190.0,142.2201601980596
S6,continuous,E,31,1069,149,takeoff,10699.351761190725,10729.351761190725,30.0,9.351761190724574
S6,continuous,E,26,1069,149,landing,10818.80367740026,11008.80367740026,190.0,0.0
S6,continuous,E,16,1070,302,takeoff,10890.62172085457,10920.62172085457,30.0,190.6217208545695
S6,continuous,E,32,1070,302,landing,11136.32943937918,11326.32943937918,190.0,106.30843768291197
S6,continuous,E,12,1071,85,takeoff,10811.665135034125,10841.665135034125,30.0,101.66513503412534
S6,continuous,E,26,1071,85,landing,11008.80367740026,11198.80367740026,190.0,29.521796647575684
S6,continuous,E,32,1072,206,takeoff,10720.0,10750.0,30.0,0.0
S6,continuous,E,11,1072,206,landing,10855.291063822006,11045.291063822006,190.0,0.0
S6,continuous,E,8,1073,178,takeoff,10730.0,10760.0,30.0,0.0
S6,continuous,E,26,1073,178,landing,11198.80367740026,11388.80367740026,190.0,311.4180324968693
S6,continuous,E,7,1074,119,takeoff,10915.848926418103,10945.848926418103,30.0,175.84892641810256
S6,continuous,E,16,1074,119,landing,11041.389323709436,11231.389323709436,190.0,0.0
S6,continuous,E,6,1075,40,takeoff,11177.03721802315,11207.03721802315,30.0,427.03721802314976
S6,continuous,E,33,1075,40,landing,11257.832023963876,11447.832023963876,190.0,0.0
S6,continuous,E,27,1076,32,takeoff,10760.0,10790.0,30.0,0.0
S6,continuous,E,30,1076,32,landing,11308.44871078562,11498.44871078562,190.0,385.2431087909845
S6,continuous,E,39,1077,284,takeoff,11477.97000630333,11507.97000630333,30.0,707.9700063033306
S6,continuous,E,2,1077,284,landing,11602.247283717452,11792.247283717452,190.0,0.0
S6,continuous,E,8,1078,128,takeoff,10780.0,10810.0,30.0,0.0
S6,continuous,E,23,1078,128,landing,10856.64379760794,11046.64379760794,190.0,0.0
S6,continuous,E,36,1079,96,takeoff,10910.0,10940.0,30.0,0.0
S6,continuous,E,33,1079,96,landing,10960.545400877569,11150.545400877569,190.0,0.0
