scenario_id,sweep,model,vertiport_id,flight_id,aircraft_id,operation,start_s,end_s,duration_s,pad_delay_s
S5,continuous,E,35,0,146,takeoff,0.0,30.0,30.0,0.0
S5,continuous,E,29,0,146,landing,56.49208771858768,246.4920877185877,190.0,0.0
S5,continuous,E,24,1,24,takeoff,10.0,40.0,30.0,0.0
S5,continuous,E,26,1,24,landing,110.34033646404997,300.34033646405,190.0,0.0
S5,continuous,E,36,2,157,takeoff,20.0,50.0,30.0,0.0
S5,continuous,E,3,2,157,landing,107.75236896173482,297.7523689617348,190.0,0.0
S5,continuous,E,26,3,270,takeoff,30.0,60.0,30.0,0.0
S5,continuous,E,6,3,270,landing,153.78898583689377,343.78898583689374,189.99999999999997,0.0
S5,continuous,E,16,4,95,takeoff,40.0,70.0,30.0,0.0
S5,continuous,E,4,4,95,landing,132.50772672139598,322.507726721396,190.00000000000003,0.0
S5,continuous,E,24,5,235,takeoff,50.0,80.0,30.0,0.0
S5,continuous,E,8,5,235,landing,112.5554904216221,302.5554904216221,190.0,0.0
S5,continuous,E,39,6,230,takeoff,60.0,90.0,30.0,0.0
S5,continuous,E,9,6,230,landing,125.89898648951063,315.89898648951066,190.00000000000003,0.0
S5,continuous,E,35,7,201,takeoff,70.0,100.0,30.0,0.0
S5,continuous,E,26,7,201,landing,300.34033646405,490.34033646405,190.0,127.31012981311443
S5,continuous,E,13,8,155,takeoff,80.0,110.0,30.0,0.0
S5,continuous,E,6,8,155,landing,343.78898583689374,533.7889858368937,190.0,173.81635013965337
S5,continuous,E,2,9,139,takeoff,90.0,120.0,30.0,0.0
S5,continuous,E,26,9,139,landing,490.34033646405,680.34033646405,190.0,262.9666859629025
S5,continuous,E,18,10,8,takeoff,100.0,130.0,30.0,0.0
S5,continuous,E,28,10,8,landing,250.1620532648919,440.16205326489194,190.00000000000003,0.0
S5,continuous,E,24,11,162,takeoff,110.0,140.0,30.0,0.0
S5,continuous,E,32,11,162,landing,207.78524712825225,397.78524712825225,190.0,0.0
S5,continuous,E,8,12,45,takeoff,302.5554904216221,332.5554904216221,30.0,182.5554904216221
S5,continuous,E,10,12,45,landing,378.12168560914387,568.1216856091439,190.00000000000006,0.0
S5,continuous,E,20,13,84,takeoff,130.0,160.0,30.0,0.0
S5,continuous,E,11,13,84,landing,277.53954252805295,467.53954252805295,190.0,0.0
S5,continuous,E,35,14,194,takeoff,140.0,170.0,30.0,0.0
S5,continuous,E,0,14,194,landing,244.6038899840503,434.6038899840503,189.99999999999997,0.0
S5,continuous,E,25,15,109,takeoff,150.0,180.0,30.0,0.0
S5,continuous,E,8,15,109,landing,332.5554904216221,522.5554904216222,190.00000000000006,120.43423420328449
S5,continuous,E,25,16,92,takeoff,180.0,210.0,30.0,20.0
S5,continuous,E,28,16,92,landing,440.16205326489194,630.1620532648919,190.0,168.1065884846593
S5,continuous,E,10,17,227,takeoff,170.0,200.0,30.0,0.0
S5,continuous,E,33,17,227,landing,241.95408332093396,431.95408332093393,189.99999999999997,0.0
S5,continuous,E,26,18,131,takeoff,680.34033646405,710.34033646405,30.0,500.34033646405
S5,continuous,E,16,18,131,landing,806.7448320021151,996.7448320021151,190.0,0.0
S5,continuous,E,11,19,188,takeoff,467.53954252805295,497.53954252805295,30.0,217.53954252805295
S5,continuous,E,35,19,188,landing,582.8641009362705,772.8641009362705,190.0,0.0
S5,continuous,E,30,20,170,takeoff,200.0,230.0,30.0,0.0
S5,continuous,E,9,20,170,landing,315.89898648951066,505.89898648951066,190.0,56.015976811902135
S5,continuous,E,32,21,101,takeoff,397.78524712825225,427.78524712825225,30.0,187.78524712825225
S5,continuous,E,28,21,101,landing,630.1620532648919,820.1620532648919,190.0,87.43760457181872
S5,continuous,E,36,22,222,takeoff,220.0,250.0,30.0,0.0
S5,continuous,E,7,22,222,landing,301.92197135019643,491.92197135019643,190.0,0.0
S5,continuous,E,9,23,3,takeoff,505.89898648951066,535.8989864895107,30.0,275.89898648951066
S5,continuous,E,14,23,3,landing,586.391656558544,776.391656558544,190.0,0.0
S5,continuous,E,16,24,224,takeoff,240.0,270.0,30.0,0.0
S5,continuous,E,13,24,224,landing,315.6586984381746,505.6586984381746,190.0,0.0
S5,continuous,E,7,25,60,takeoff,491.92197135019643,521.9219713501964,29.999999999999943,181.92197135019643
S5,continuous,E,4,25,60,landing,592.4800138409531,782.4800138409531,190.0,0.0
S5,continuous,E,22,26,225,takeoff,260.0,290.0,30.0,0.0
S5,continuous,E,11,26,225,landing,497.53954252805295,687.539542528053,190.0,112.70177427852968
S5,continuous,E,34,27,261,takeoff,270.0,300.0,30.0,0.0
S5,continuous,E,6,27,261,landing,533.7889858368937,723.7889858368937,190.0,114.57248500085763
S5,continuous,E,26,28,78,takeoff,710.34033646405,740.34033646405,30.0,430.34033646405
S5,continuous,E,0,28,78,landing,731.230536408513,921.230536408513,190.0,0.0
S5,continuous,E,33,29,39,takeoff,431.95408332093393,461.95408332093393,30.0,141.95408332093393
S5,continuous,E,36,29,39,landing,489.5500905224811,679.5500905224811,190.0,0.0
S5,continuous,E,19,30,122,takeoff,300.0,330.0,30.0,0.0
S5,continuous,E,18,30,122,landing,436.50061614306605,626.500616143066,190.0,0.0
S5,continuous,E,7,31,219,takeoff,521.9219713501964,551.9219713501964,30.0,211.92197135019637
S5,continuous,E,18,31,219,landing,663.0075628318476,853.0075628318476,190.0,0.0
S5,continuous,E,14,32,123,takeoff,320.0,350.0,30.0,0.0
S5,continuous,E,21,32,123,landing,452.80341633400093,642.803416334001,190.00000000000006,0.0
S5,continuous,E,5,33,54,takeoff,330.0,360.0,30.0,0.0
S5,continuous,E,33,33,54,landing,481.864469414715,671.864469414715,190.0,0.0
S5,continuous,E,36,34,275,takeoff,340.0,370.0,30.0,0.0
S5,continuous,E,21,34,275,landing,642.803416334001,832.803416334001,190.0,158.69890663559886
S5,continuous,E,3,35,51,takeoff,350.0,380.0,30.0,0.0
S5,continuous,E,20,35,51,landing,471.54352716968367,661.5435271696837,190.0,0.0
S5,continuous,E,29,36,59,takeoff,360.0,390.0,30.0,0.0
S5,continuous,E,3,36,59,landing,451.36029223335254,641.3602922333525,190.0,0.0
S5,continuous,E,12,37,211,takeoff,370.0,400.0,30.0,0.0
S5,continuous,E,28,37,211,landing,820.1620532648919,1010.1620532648919,190.0,342.1405383531859
S5,continuous,E,2,38,146,takeoff,380.0,410.0,30.0,0.0
S5,continuous,E,11,38,146,landing,687.539542528053,877.539542528053,190.0,165.68667898150966
S5,continuous,E,30,39,5,takeoff,390.0,420.0,30.0,0.0
S5,continuous,E,39,39,5,landing,426.72176550058055,616.7217655005805,190.0,0.0
S5,continuous,E,26,40,156,takeoff,740.34033646405,770.34033646405,30.0,340.34033646405
S5,continuous,E,16,40,156,landing,996.7448320021151,1186.7448320021151,190.0,130.0
S5,continuous,E,16,41,293,takeoff,410.0,440.0,30.0,0.0
S5,continuous,E,21,41,293,landing,832.803416334001,1022.803416334001,190.0,230.45712646180039
S5,continuous,E,15,42,259,takeoff,420.0,450.0,30.0,0.0
S5,continuous,E,19,42,259,landing,527.5348178667991,717.5348178667991,190.0,0.0
S5,continuous,E,7,43,161,takeoff,551.9219713501964,581.9219713501964,30.0,121.92197135019637
S5,continuous,E,8,43,161,landing,685.9269984721043,875.9269984721043,190.0,0.0
S5,continuous,E,7,44,37,takeoff,581.9219713501964,611.9219713501964,30.0,141.92197135019637
S5,continuous,E,38,44,37,landing,765.2822034683677,955.2822034683677,190.0,0.0
S5,continuous,E,30,45,240,takeoff,450.0,480.0,30.0,0.0
S5,continuous,E,28,45,240,landing,1010.1620532648919,1200.162053264892,190.0,407.87579384474725
S5,continuous,E,8,46,276,takeoff,522.5554904216222,552.5554904216222,30.0,62.55549042162215
S5,continuous,E,33,46,276,landing,671.864469414715,861.864469414715,190.0,109.70670217887584
S5,continuous,E,4,47,242,takeoff,470.0,500.0,30.0,0.0
S5,continuous,E,33,47,242,landing,861.864469414715,1051.8644694147151,190.0000000000001,341.1091326070256
S5,continuous,E,3,48,150,takeoff,641.3602922333525,671.3602922333525,30.0,161.36029223335254
S5,continuous,E,30,48,150,landing,730.3944475770307,920.3944475770307,190.0,0.0
S5,continuous,E,38,49,81,takeoff,490.0,520.0,30.0,0.0
S5,continuous,E,2,49,81,landing,602.5562880215783,792.5562880215783,190.0,0.0
S5,continuous,E,10,50,232,takeoff,568.1216856091439,598.1216856091439,30.0,68.12168560914392
S5,continuous,E,32,50,232,landing,719.2147589370826,909.2147589370826,190.0,0.0
S5,continuous,E,21,51,279,takeoff,1022.803416334001,1052.803416334001,30.0,512.803416334001
S5,continuous,E,2,51,279,landing,1152.5184075044347,1342.5184075044347,190.0,0.0
S5,continuous,E,30,52,133,takeoff,520.0,550.0,30.0,0.0
S5,continuous,E,23,52,133,landing,617.1125679773612,807.1125679773612,190.0,0.0
S5,continuous,E,30,53,76,takeoff,550.0,580.0,30.0,20.0
S5,continuous,E,0,53,76,landing,921.230536408513,1111.230536408513,190.0,278.05118676452014
S5,continuous,E,3,54,295,takeoff,671.3602922333525,701.3602922333525,30.0,131.36029223335254
S5,continuous,E,34,54,295,landing,792.4278696452177,982.4278696452177,190.0,0.0
S5,continuous,E,24,55,214,takeoff,550.0,580.0,30.0,0.0
S5,continuous,E,26,55,214,landing,770.34033646405,960.34033646405,190.0,100.0
S5,continuous,E,19,56,118,takeoff,717.5348178667991,747.5348178667991,30.0,157.53481786679913
S5,continuous,E,35,56,118,landing,814.710045563508,1004.710045563508,190.0,0.0
S5,continuous,E,2,57,22,takeoff,570.0,600.0,30.0,0.0
S5,continuous,E,35,57,22,landing,1004.710045563508,1194.710045563508,190.0,297.4319395749893
S5,continuous,E,30,58,159,takeoff,580.0,610.0,30.0,0.0
S5,continuous,E,26,58,159,landing,960.34033646405,1150.3403364640499,189.9999999999999,250.5955373343436
S5,continuous,E,26,59,85,takeoff,1150.3403364640499,1180.3403364640499,30.0,560.3403364640499
S5,continuous,E,9,59,85,landing,1254.8499165199994,1444.8499165199994,190.0,0.0
S5,continuous,E,27,60,108,takeoff,600.0,630.0,30.0,0.0
S5,continuous,E,14,60,108,landing,776.391656558544,966.391656558544,190.0,130.94269236022592
S5,continuous,E,1,61,74,takeoff,610.0,640.0,30.0,0.0
S5,continuous,E,26,61,74,landing,1180.3403364640499,1370.3403364640499,190.0,395.00360145101354
S5,continuous,E,25,62,270,takeoff,620.0,650.0,30.0,0.0
S5,continuous,E,24,62,270,landing,697.5604738566733,887.5604738566733,190.0,0.0
S5,continuous,E,10,63,231,takeoff,630.0,660.0,30.0,0.0
S5,continuous,E,16,63,231,landing,1186.7448320021151,1376.7448320021151,190.0,426.8272832871294
S5,continuous,E,26,64,218,takeoff,1370.3403364640499,1400.3403364640499,30.0,730.3403364640499
S5,continuous,E,8,64,218,landing,1473.0470232080079,1663.0470232080079,190.0,0.0
S5,continuous,E,0,65,187,takeoff,1111.230536408513,1141.230536408513,30.0,401.230536408513
S5,continuous,E,15,65,187,landing,1228.997323484836,1418.997323484836,190.0,0.0
S5,continuous,E,15,66,15,takeoff,660.0,690.0,30.0,0.0
S5,continuous,E,2,66,15,landing,792.5562880215783,982.5562880215783,190.0,50.513811745234534
S5,continuous,E,39,67,65,takeoff,670.0,700.0,30.0,0.0
S5,continuous,E,4,67,65,landing,782.4800138409531,972.4800138409531,190.0,36.629697863473666
S5,continuous,E,4,68,71,takeoff,972.4800138409531,1002.4800138409531,30.0,292.4800138409531
S5,continuous,E,20,68,71,landing,1086.040615253095,1276.040615253095,190.0,0.0
S5,continuous,E,12,69,43,takeoff,990.0,1020.0,30.0,0.0
S5,continuous,E,0,69,43,landing,1171.5205572264683,1361.5205572264683,190.0,0.0
S5,continuous,E,1,70,136,takeoff,700.0,730.0,30.0,0.0
S5,continuous,E,38,70,136,landing,955.2822034683677,1145.2822034683677,190.0,143.4198639082358
S5,continuous,E,39,71,152,takeoff,710.0,740.0,30.0,0.0
S5,continuous,E,38,71,152,landing,1145.2822034683677,1335.2822034683677,190.0,346.0361102950509
S5,continuous,E,28,72,26,takeoff,1200.162053264892,1230.162053264892,30.0,480.16205326489194
S5,continuous,E,12,72,26,landing,1288.1835681765979,1478.1835681765979,190.0,0.0
S5,continuous,E,19,73,258,takeoff,747.5348178667991,777.5348178667991,30.0,17.53481786679913
S5,continuous,E,10,73,258,landing,825.9768307104724,1015.9768307104724,190.0,0.0
S5,continuous,E,35,74,50,takeoff,772.8641009362705,802.8641009362705,30.0,32.86410093627046
S5,continuous,E,27,74,50,landing,854.8314136878495,1044.8314136878494,189.9999999999999,0.0
S5,continuous,E,10,75,140,takeoff,750.0,780.0,30.0,0.0
S5,continuous,E,26,75,140,landing,1400.3403364640499,1590.3403364640499,190.0,476.8317829056151
S5,continuous,E,24,76,274,takeoff,887.5604738566733,917.5604738566733,30.0,127.5604738566733
S5,continuous,E,21,76,274,landing,1052.803416334001,1242.803416334001,190.0,47.36218033095918
S5,continuous,E,24,77,247,takeoff,917.5604738566733,947.5604738566733,30.0,147.5604738566733
S5,continuous,E,15,77,247,landing,999.0276271253256,1189.0276271253256,190.0,0.0
S5,continuous,E,29,78,31,takeoff,780.0,810.0,30.0,0.0
S5,continuous,E,25,78,31,landing,885.8336501362306,1075.8336501362305,189.9999999999999,0.0
S5,continuous,E,27,79,79,takeoff,790.0,820.0,30.0,0.0
S5,continuous,E,35,79,79,landing,1194.710045563508,1384.710045563508,190.0,242.74273281192893
S5,continuous,E,3,80,171,takeoff,800.0,830.0,30.0,0.0
S5,continuous,E,32,80,171,landing,940.1511460538014,1130.1511460538013,189.9999999999999,0.0
S5,continuous,E,25,81,108,takeoff,810.0,840.0,30.0,0.0
S5,continuous,E,37,81,108,landing,852.8494930478785,1042.8494930478785,190.0,0.0
S5,continuous,E,14,82,54,takeoff,966.391656558544,996.391656558544,30.0,146.391656558544
S5,continuous,E,25,82,54,landing,1075.8336501362305,1265.8336501362305,190.0,26.493823322954995
S5,continuous,E,36,83,205,takeoff,830.0,860.0,30.0,0.0
S5,continuous,E,23,83,205,landing,885.0642921483579,1075.064292148358,190.0,0.0
S5,continuous,E,14,84,146,takeoff,996.391656558544,1026.3916565585441,30.000000000000114,156.391656558544
S5,continuous,E,12,84,146,landing,1030.9440869132447,1220.9440869132447,190.0,0.0
S5,continuous,E,9,85,132,takeoff,850.0,880.0,30.0,0.0
S5,continuous,E,36,85,132,landing,918.5670435430093,1108.5670435430093,190.0,0.0
S5,continuous,E,1,86,17,takeoff,860.0,890.0,30.0,0.0
S5,continuous,E,32,86,17,landing,1130.1511460538013,1320.1511460538013,190.0,161.52900788210275
S5,continuous,E,3,87,29,takeoff,870.0,900.0,30.0,0.0
S5,continuous,E,33,87,29,landing,1051.8644694147151,1241.8644694147151,190.0,118.14909279871074
S5,continuous,E,14,88,222,takeoff,1026.3916565585441,1056.3916565585441,30.0,146.39165655854413
S5,continuous,E,25,88,222,landing,1265.8336501362305,1455.8336501362305,190.0,156.493823322955
S5,continuous,E,33,89,155,takeoff,1241.8644694147151,1271.8644694147151,30.0,351.86446941471513
S5,continuous,E,18,89,155,landing,1340.813790281137,1530.813790281137,190.0,0.0
S5,continuous,E,12,90,63,takeoff,900.0,930.0,30.0,0.0
S5,continuous,E,27,90,63,landing,1044.8314136878494,1234.8314136878494,190.0,88.42110417022195
S5,continuous,E,31,91,108,takeoff,910.0,940.0,30.0,0.0
S5,continuous,E,1,91,108,landing,1040.276203301091,1230.276203301091,190.0,0.0
S5,continuous,E,14,92,44,takeoff,1056.3916565585441,1086.3916565585441,30.0,136.39165655854413
S5,continuous,E,35,92,44,landing,1384.710045563508,1574.710045563508,190.0,172.19914184988124
S5,continuous,E,39,93,167,takeoff,930.0,960.0,30.0,0.0
S5,continuous,E,28,93,167,landing,1230.162053264892,1420.162053264892,190.0,154.2354415015227
S5,continuous,E,24,94,276,takeoff,947.5604738566733,977.5604738566733,30.0,7.560473856673298
S5,continuous,E,39,94,276,landing,1004.0791409016246,1194.0791409016247,190.0000000000001,0.0
S5,continuous,E,31,95,210,takeoff,950.0,980.0,30.0,0.0
S5,continuous,E,20,95,210,landing,1276.040615253095,1466.040615253095,190.0,168.3798413978809
S5,continuous,E,7,96,207,takeoff,960.0,990.0,30.0,0.0
S5,continuous,E,36,96,207,landing,1108.5670435430093,1298.5670435430093,190.0,62.71819170094477
S5,continuous,E,39,97,258,takeoff,970.0,1000.0,30.0,0.0
S5,continuous,E,5,97,258,landing,1100.8204780550689,1290.8204780550689,190.0,0.0
S5,continuous,E,14,98,5,takeoff,1086.3916565585441,1116.3916565585441,30.0,106.39165655854413
S5,continuous,E,21,98,5,landing,1242.803416334001,1432.803416334001,190.0,23.608343441455872
S5,continuous,E,37,99,97,takeoff,1042.8494930478785,1072.8494930478785,30.0,52.84949304787847
S5,continuous,E,31,99,97,landing,1129.1745256016757,1319.1745256016757,190.0,0.0
S5,continuous,E,32,100,238,takeoff,1320.1511460538013,1350.1511460538013,30.0,320.1511460538013
S5,continuous,E,17,100,238,landing,1464.048214141391,1654.048214141391,190.0,0.0
S5,continuous,E,30,101,165,takeoff,1010.0,1040.0,30.0,0.0
S5,continuous,E,36,101,165,landing,1298.5670435430093,1488.5670435430093,190.0,200.47893482995414
S5,continuous,E,20,102,183,takeoff,1466.040615253095,1496.040615253095,30.0,386.040615253095
S5,continuous,E,11,102,183,landing,1613.580157781148,1803.580157781148,190.0,0.0
S5,continuous,E,29,103,25,takeoff,1030.0,1060.0,30.0,0.0
S5,continuous,E,1,103,25,landing,1230.276203301091,1420.276203301091,190.0,100.13533552300919
S5,continuous,E,10,104,3,takeoff,1040.0,1070.0,30.0,0.0
S5,continuous,E,18,104,3,landing,1530.813790281137,1720.813790281137,190.0,356.1196342312221
S5,continuous,E,19,105,291,takeoff,1050.0,1080.0,30.0,0.0
S5,continuous,E,9,105,291,landing,1444.8499165199994,1634.8499165199994,190.0,277.1412258459791
S5,continuous,E,9,106,247,takeoff,1060.0,1090.0,30.0,0.0
S5,continuous,E,0,106,247,landing,1361.5205572264683,1551.5205572264683,190.0,175.32004280893784
S5,continuous,E,31,107,70,takeoff,1070.0,1100.0,30.0,0.0
S5,continuous,E,24,107,70,landing,1190.216236990033,1380.216236990033,190.0,0.0
S5,continuous,E,15,108,257,takeoff,1418.997323484836,1448.997323484836,30.0,218.997323484836
S5,continuous,E,9,108,257,landing,1634.8499165199994,1824.8499165199994,190.0,149.12546828634777
S5,continuous,E,21,109,94,takeoff,1432.803416334001,1462.803416334001,30.0,342.803416334001
S5,continuous,E,12,109,94,landing,1568.644856922359,1758.644856922359,190.0,0.0
S5,continuous,E,14,110,116,takeoff,1116.3916565585441,1146.3916565585441,30.0,16.391656558544128
S5,continuous,E,7,110,116,landing,1198.7811099043658,1388.7811099043658,190.0,0.0
S5,continuous,E,38,111,204,takeoff,1335.2822034683677,1365.2822034683677,30.0,225.2822034683677
S5,continuous,E,35,111,204,landing,1574.710045563508,1764.710045563508,190.0,128.80037179767146
S5,continuous,E,11,112,8,takeoff,1120.0,1150.0,30.0,0.0
S5,continuous,E,30,112,8,landing,1194.2454274424929,1384.2454274424929,190.0,0.0
S5,continuous,E,19,113,62,takeoff,1130.0,1160.0,30.0,0.0
S5,continuous,E,17,113,62,landing,1236.954501377378,1426.954501377378,190.0,0.0
S5,continuous,E,33,114,98,takeoff,1271.8644694147151,1301.8644694147151,30.0,131.86446941471513
S5,continuous,E,5,114,98,landing,1383.7289388294303,1573.7289388294303,190.0,0.0
S5,continuous,E,12,115,23,takeoff,1478.1835681765979,1508.1835681765979,30.0,208.18356817659787
S5,continuous,E,21,115,23,landing,1614.025008764956,1804.025008764956,190.0,0.0
S5,continuous,E,36,116,13,takeoff,1488.5670435430093,1518.5670435430093,30.0,328.5670435430093
S5,continuous,E,15,116,13,landing,1566.0335579846972,1756.0335579846972,190.0,0.0
S5,continuous,E,6,117,144,takeoff,1170.0,1200.0,30.0,0.0
S5,continuous,E,17,117,144,landing,1654.048214141391,1844.048214141391,190.0,356.4684914026693
S5,continuous,E,29,118,214,takeoff,1180.0,1210.0,30.0,0.0
S5,continuous,E,1,118,214,landing,1420.276203301091,1610.276203301091,190.0,140.1353355230092
S5,continuous,E,28,119,195,takeoff,1420.162053264892,1450.162053264892,30.0,230.16205326489194
S5,continuous,E,21,119,195,landing,1804.025008764956,1994.025008764956,190.0,238.3370162504125
S5,continuous,E,1,120,128,takeoff,1610.276203301091,1640.276203301091,30.0,410.2762033010911
S5,continuous,E,18,120,128,landing,1743.3043006531711,1933.3043006531711,190.0,0.0
S5,continuous,E,8,121,190,takeoff,1210.0,1240.0,30.0,0.0
S5,continuous,E,22,121,190,landing,1299.9236141943668,1489.9236141943668,190.0,0.0
S5,continuous,E,11,122,86,takeoff,1220.0,1250.0,30.0,0.0
S5,continuous,E,3,122,86,landing,1341.9987199938469,1531.9987199938469,190.0,0.0
S5,continuous,E,0,123,246,takeoff,1551.5205572264683,1581.5205572264683,30.0,321.5205572264683
S5,continuous,E,35,123,246,landing,1764.710045563508,1954.710045563508,190.0,108.58559835298911
S5,continuous,E,34,124,68,takeoff,1240.0,1270.0,30.0,0.0
S5,continuous,E,11,124,68,landing,1311.3753827338203,1501.3753827338203,190.0,0.0
S5,continuous,E,21,125,30,takeoff,1462.803416334001,1492.803416334001,30.0,212.80341633400099
S5,continuous,E,3,125,30,landing,1615.0522771430897,1805.0522771430897,190.0,0.0
S5,continuous,E,26,126,163,takeoff,1590.3403364640499,1620.3403364640499,30.0,330.34033646404987
S5,continuous,E,30,126,163,landing,1680.0851355937561,1870.0851355937561,190.0,0.0
S5,continuous,E,30,127,229,takeoff,1384.2454274424929,1414.2454274424929,30.0,114.24542744249288
S5,continuous,E,2,127,229,landing,1450.281693646146,1640.281693646146,190.0,0.0
S5,continuous,E,8,128,250,takeoff,1280.0,1310.0,30.0,0.0
S5,continuous,E,15,128,250,landing,1756.0335579846972,1946.0335579846972,190.0,389.09176202775484
S5,continuous,E,32,129,217,takeoff,1350.1511460538013,1380.1511460538013,30.0,60.15114605380131
S5,continuous,E,21,129,217,landing,1994.025008764956,2184.025008764956,190.0,483.3906133928606
S5,continuous,E,32,130,248,takeoff,1380.1511460538013,1410.1511460538013,30.0,80.15114605380131
S5,continuous,E,0,130,248,landing,1604.973114216324,1794.973114216324,190.0,0.0
S5,continuous,E,1,131,181,takeoff,1640.276203301091,1670.276203301091,30.0,330.2762033010911
S5,continuous,E,8,131,181,landing,1708.9185590900827,1898.9185590900827,190.0,0.0
S5,continuous,E,16,132,194,takeoff,1376.7448320021151,1406.7448320021151,30.0,56.74483200211512
S5,continuous,E,31,132,194,landing,1534.8599480791804,1724.8599480791804,190.0,0.0
S5,continuous,E,30,133,32,takeoff,1414.2454274424929,1444.2454274424929,30.0,84.24542744249288
S5,continuous,E,18,133,32,landing,1933.3043006531711,2123.304300653171,190.0,372.23007111252946
S5,continuous,E,28,134,88,takeoff,1450.162053264892,1480.162053264892,30.0,110.16205326489194
S5,continuous,E,25,134,88,landing,1509.2358997896918,1699.2358997896918,190.0,0.0
S5,continuous,E,39,135,112,takeoff,1350.0,1380.0,30.0,0.0
S5,continuous,E,33,135,112,landing,1406.222980549621,1596.222980549621,190.0,0.0
S5,continuous,E,38,136,200,takeoff,1365.2822034683677,1395.2822034683677,30.0,5.2822034683676975
S5,continuous,E,24,136,200,landing,1467.1120912077474,1657.1120912077474,190.0,0.0
S5,continuous,E,29,137,60,takeoff,1370.0,1400.0,30.0,0.0
S5,continuous,E,5,137,60,landing,1573.7289388294303,1763.7289388294303,190.0,33.17621851719832
S5,continuous,E,3,138,222,takeoff,1560.0,1590.0,30.0,0.0
S5,continuous,E,1,138,222,landing,1714.7258225355029,1904.7258225355029,190.0,0.0
S5,continuous,E,29,139,237,takeoff,1400.0,1430.0,30.0,10.0
S5,continuous,E,7,139,237,landing,1559.4132243176932,1749.4132243176932,190.0,0.0
S5,continuous,E,7,140,299,takeoff,1400.0,1430.0,30.0,0.0
S5,continuous,E,6,140,299,landing,1499.6016327613997,1689.6016327613997,190.0,0.0
S5,continuous,E,10,141,4,takeoff,1410.0,1440.0,30.0,0.0
S5,continuous,E,18,141,4,landing,2123.304300653171,2313.304300653171,190.0,558.6101446032562
S5,continuous,E,3,142,295,takeoff,1805.0522771430897,1835.0522771430897,30.0,385.05227714308967
S5,continuous,E,6,142,295,landing,1952.2478214138619,2142.247821413862,190.0,0.0
S5,continuous,E,12,143,269,takeoff,1508.1835681765979,1538.1835681765979,30.0,78.18356817659787
S5,continuous,E,15,143,269,landing,1946.0335579846972,2136.033557984697,189.99999999999977,298.5568764742691
S5,continuous,E,9,144,105,takeoff,1824.8499165199994,1854.8499165199994,30.0,384.8499165199994
S5,continuous,E,35,144,105,landing,1954.710045563508,2144.710045563508,190.00000000000023,115.98609113121529
S5,continuous,E,3,145,56,takeoff,1835.0522771430897,1865.0522771430897,30.0,385.05227714308967
S5,continuous,E,39,145,56,landing,1934.9728883756304,2124.9728883756306,190.00000000000023,0.0
S5,continuous,E,11,146,8,takeoff,1501.3753827338203,1531.3753827338203,30.0,41.37538273382029
S5,continuous,E,14,146,8,landing,1622.861985279955,1812.861985279955,190.0,0.0
S5,continuous,E,35,147,127,takeoff,2144.710045563508,2174.710045563508,30.0,674.7100455635082
S5,continuous,E,6,147,127,landing,2267.0894177037044,2457.0894177037044,190.0,0.0
S5,continuous,E,24,148,125,takeoff,1657.1120912077474,1687.1120912077474,30.0,177.11209120774743
S5,continuous,E,10,148,125,landing,1747.4231747913923,1937.4231747913923,190.0,0.0
S5,continuous,E,21,149,117,takeoff,1550.0,1580.0,30.0,0.0
S5,continuous,E,6,149,117,landing,1728.5274271925873,1918.5274271925873,190.0,0.0
S5,continuous,E,10,150,211,takeoff,1500.0,1530.0,30.0,0.0
S5,continuous,E,13,150,211,landing,1538.7997726248077,1728.7997726248077,190.0,0.0
S5,continuous,E,27,151,208,takeoff,1510.0,1540.0,30.0,0.0
S5,continuous,E,37,151,208,landing,1641.2584223797471,1831.2584223797471,190.0,0.0
S5,continuous,E,36,152,129,takeoff,1520.0,1550.0,30.0,0.0
S5,continuous,E,26,152,129,landing,1620.3403364640499,1810.3403364640499,190.0,19.908082244598518
S5,continuous,E,16,153,279,takeoff,1530.0,1560.0,30.0,0.0
S5,continuous,E,31,153,279,landing,1724.8599480791804,1914.8599480791804,190.0,36.74483200211512
S5,continuous,E,0,154,146,takeoff,1794.973114216324,1824.973114216324,30.0,254.9731142163239
S5,continuous,E,1,154,146,landing,1913.2057355981992,2103.205735598199,190.0,0.0
S5,continuous,E,39,155,39,takeoff,1550.0,1580.0,30.0,0.0
S5,continuous,E,19,155,39,landing,1603.2923453970577,1793.2923453970577,190.0,0.0
S5,continuous,E,6,156,231,takeoff,1689.6016327613997,1719.6016327613997,30.0,129.60163276139974
S5,continuous,E,39,156,231,landing,2124.9728883756306,2314.9728883756306,190.0,274.1222482993294
S5,continuous,E,27,157,87,takeoff,1570.0,1600.0,30.0,0.0
S5,continuous,E,28,157,87,landing,1680.1914668183117,1870.1914668183117,190.0,0.0
S5,continuous,E,25,158,287,takeoff,1699.2358997896918,1729.2358997896918,30.0,119.23589978969176
S5,continuous,E,15,158,287,landing,2136.033557984697,2326.033557984697,190.0,303.67918486748613
S5,continuous,E,7,159,7,takeoff,1749.4132243176932,1779.4132243176932,30.0,159.41322431769322
S5,continuous,E,31,159,7,landing,1945.1858936458307,2135.1858936458307,190.0,0.0
S5,continuous,E,15,160,77,takeoff,2326.033557984697,2356.033557984697,30.0,726.0335579846969
S5,continuous,E,38,160,77,landing,2448.9179288342293,2638.9179288342293,190.0,0.0
S5,continuous,E,18,161,53,takeoff,2313.304300653171,2343.304300653171,30.0,703.3043006531711
S5,continuous,E,14,161,53,landing,2386.9522803288833,2576.9522803288833,190.0,0.0
S5,continuous,E,6,162,216,takeoff,1918.5274271925873,1948.5274271925873,30.0,298.5274271925873
S5,continuous,E,11,162,216,landing,2085.7354163877003,2275.7354163877003,190.0,0.0
S5,continuous,E,15,163,91,takeoff,2356.033557984697,2386.033557984697,30.0,726.0335579846969
S5,continuous,E,37,163,91,landing,2496.0252203864598,2686.0252203864598,190.0,0.0
S5,continuous,E,12,164,48,takeoff,1758.644856922359,1788.644856922359,30.0,118.64485692235894
S5,continuous,E,0,164,48,landing,1840.1654141488273,2030.1654141488273,190.0,0.0
S5,continuous,E,19,165,16,takeoff,1793.2923453970577,1823.2923453970577,30.0,143.29234539705772
S5,continuous,E,38,165,16,landing,1866.4760634711695,2056.4760634711693,189.99999999999977,0.0
S5,continuous,E,14,166,192,takeoff,1812.861985279955,1842.861985279955,30.0,152.86198527995498
S5,continuous,E,25,166,192,landing,1895.8101555346864,2085.8101555346866,190.00000000000023,0.0
S5,continuous,E,6,167,116,takeoff,2142.247821413862,2172.247821413862,30.0,472.24782141386186
S5,continuous,E,25,167,116,landing,2269.7250856456526,2459.7250856456526,190.0,0.0
S5,continuous,E,28,168,11,takeoff,1870.1914668183117,1900.1914668183117,30.0,190.1914668183117
S5,continuous,E,26,168,11,landing,1923.3198800114192,2113.319880011419,190.0,0.0
S5,continuous,E,28,169,67,takeoff,1900.1914668183117,1930.1914668183117,30.0,210.1914668183117
S5,continuous,E,21,169,67,landing,2184.025008764956,2374.025008764956,190.0,178.29537105276881
S5,continuous,E,6,170,122,takeoff,2172.247821413862,2202.247821413862,30.0,472.24782141386186
S5,continuous,E,4,170,122,landing,2278.7698156746333,2468.7698156746333,190.0,0.0
S5,continuous,E,9,171,27,takeoff,1854.8499165199994,1884.8499165199994,30.0,144.8499165199994
S5,continuous,E,3,171,27,landing,1914.8607820477978,2104.860782047798,190.0,0.0
S5,continuous,E,21,172,243,takeoff,2374.025008764956,2404.025008764956,30.0,654.025008764956
S5,continuous,E,28,172,243,landing,2479.563179658832,2669.563179658832,190.0,0.0
S5,continuous,E,26,173,255,takeoff,1810.3403364640499,1840.3403364640499,30.0,80.34033646404987
S5,continuous,E,17,173,255,landing,1940.2678460066984,2130.267846006698,189.99999999999977,0.0
S5,continuous,E,17,174,12,takeoff,1844.048214141391,1874.048214141391,30.0,104.0482141413911
S5,continuous,E,25,174,12,landing,2459.7250856456526,2649.7250856456526,190.0,503.1059434897252
S5,continuous,E,29,175,290,takeoff,1750.0,1780.0,30.0,0.0
S5,continuous,E,23,175,290,landing,1841.4914294767011,2031.4914294767011,190.0,0.0
S5,continuous,E,13,176,219,takeoff,1760.0,1790.0,30.0,0.0
S5,continuous,E,15,176,219,landing,2386.033557984697,2576.033557984697,190.0,481.2673230173059
S5,continuous,E,7,177,204,takeoff,1779.4132243176932,1809.4132243176932,30.0,9.41322431769322
S5,continuous,E,14,177,204,landing,1861.802677663515,2051.802677663515,190.00000000000023,0.0
S5,continuous,E,21,178,167,takeoff,2404.025008764956,2434.025008764956,30.0,624.025008764956
S5,continuous,E,5,178,167,landing,2558.4070222252103,2748.4070222252103,190.0,0.0
S5,continuous,E,30,179,143,takeoff,1870.0851355937561,1900.0851355937561,30.0,80.08513559375615
S5,continuous,E,22,179,143,landing,1989.2985251975786,2179.298525197579,190.00000000000023,0.0
S5,continuous,E,1,180,75,takeoff,2103.205735598199,2133.205735598199,30.0,303.2057355981992
S5,continuous,E,12,180,75,landing,2226.4940254254516,2416.4940254254516,190.0,0.0
S5,continuous,E,1,181,2,takeoff,2133.205735598199,2163.205735598199,30.0,323.2057355981992
S5,continuous,E,11,181,2,landing,2275.7354163877003,2465.7354163877003,190.0,22.350948428002084
S5,continuous,E,12,182,19,takeoff,1820.0,1850.0,30.0,0.0
S5,continuous,E,2,182,19,landing,1944.4969890023765,2134.4969890023767,190.00000000000023,0.0
S5,continuous,E,17,183,31,takeoff,1874.048214141391,1904.048214141391,30.0,44.0482141413911
S5,continuous,E,5,183,31,landing,2014.8318129161942,2204.8318129161944,190.00000000000023,0.0
S5,continuous,E,7,184,178,takeoff,1840.0,1870.0,30.0,0.0
S5,continuous,E,34,184,178,landing,1997.6085411587644,2187.6085411587646,190.00000000000023,0.0
S5,continuous,E,7,185,279,takeoff,1870.0,1900.0,30.0,20.0
S5,continuous,E,31,185,279,landing,2135.1858936458307,2325.1858936458307,190.0,69.41322431769322
S5,continuous,E,21,186,277,takeoff,2434.025008764956,2464.025008764956,30.0,574.025008764956
S5,continuous,E,14,186,277,landing,2576.9522803288833,2766.9522803288833,190.0,10.123855229926448
S5,continuous,E,7,187,183,takeoff,1900.0,1930.0,30.0,30.0
S5,continuous,E,35,187,183,landing,2174.710045563508,2364.710045563508,190.0,110.75836953406588
S5,continuous,E,2,188,42,takeoff,2134.4969890023767,2164.4969890023767,30.0,194.49698900237672
S5,continuous,E,23,188,42,landing,2209.5850767511647,2399.5850767511647,190.0,0.0
S5,continuous,E,31,189,215,takeoff,2325.1858936458307,2355.1858936458307,30.0,375.1858936458307
S5,continuous,E,37,189,215,landing,2686.0252203864598,2876.0252203864598,190.0,234.5142941868321
S5,continuous,E,25,190,87,takeoff,2085.8101555346866,2115.8101555346866,30.0,185.8101555346866
S5,continuous,E,12,190,87,landing,2416.4940254254516,2606.4940254254516,190.0,246.7394697780269
S5,continuous,E,37,191,281,takeoff,1910.0,1940.0,30.0,0.0
S5,continuous,E,26,191,281,landing,2113.319880011419,2303.319880011419,190.0,148.7600129160005
S5,continuous,E,2,192,229,takeoff,2164.4969890023767,2194.4969890023767,30.0,244.49698900237672
S5,continuous,E,39,192,229,landing,2314.9728883756306,2504.9728883756306,190.0,100.06763834101594
S5,continuous,E,11,193,244,takeoff,1930.0,1960.0,30.0,0.0
S5,continuous,E,30,193,244,landing,2004.2454274424929,2194.2454274424927,189.99999999999977,0.0
S5,continuous,E,5,194,275,takeoff,2204.8318129161944,2234.8318129161944,30.0,204.8318129161944
S5,continuous,E,9,194,275,landing,2343.7552091439525,2533.7552091439525,190.0,0.0
S5,continuous,E,24,195,196,takeoff,1950.0,1980.0,30.0,0.0
S5,continuous,E,11,195,196,landing,2465.7354163877003,2655.7354163877003,190.0,386.55734494776243
S5,continuous,E,39,196,208,takeoff,2504.9728883756306,2534.9728883756306,30.0,544.9728883756306
S5,continuous,E,7,196,208,landing,2659.8712137516227,2849.8712137516227,190.0,0.0
S5,continuous,E,0,197,247,takeoff,2030.1654141488273,2060.165414148827,29.999999999999773,60.16541414882727
S5,continuous,E,20,197,247,landing,2172.5085381717317,2362.5085381717317,190.0,0.0
S5,continuous,E,11,198,278,takeoff,2655.7354163877003,2685.7354163877003,30.0,555.7354163877003
S5,continuous,E,18,198,278,landing,2813.7045867039305,3003.7045867039305,190.0,0.0
S5,continuous,E,15,199,158,takeoff,2576.033557984697,2606.033557984697,30.0,586.0335579846969
S5,continuous,E,36,199,158,landing,2657.426952918253,2847.426952918253,190.0,0.0
S5,continuous,E,1,200,290,takeoff,2163.205735598199,2193.205735598199,30.0,163.20573559819923
S5,continuous,E,39,200,290,landing,2534.9728883756306,2724.9728883756306,190.0,284.6814997825627
S5,continuous,E,7,201,168,takeoff,2010.0,2040.0,30.0,0.0
S5,continuous,E,17,201,168,landing,2158.4018959762443,2348.4018959762443,190.0,0.0
S5,continuous,E,32,202,272,takeoff,2020.0,2050.0,30.0,0.0
S5,continuous,E,0,202,272,landing,2144.8219681625224,2334.8219681625224,190.0,0.0
S5,continuous,E,4,203,253,takeoff,2030.0,2060.0,30.0,0.0
S5,continuous,E,28,203,253,landing,2121.910890193589,2311.910890193589,190.0,0.0
S5,continuous,E,31,204,238,takeoff,2355.1858936458307,2385.1858936458307,30.0,315.1858936458307
S5,continuous,E,22,204,238,landing,2519.872536371022,2709.872536371022,190.0,0.0
S5,continuous,E,25,205,119,takeoff,2649.7250856456526,2679.7250856456526,30.0,359.7250856456526
S5,continuous,E,21,205,119,landing,2699.203852839518,2889.203852839518,190.0,0.0
S5,continuous,E,30,206,299,takeoff,2194.2454274424927,2224.2454274424927,30.0,134.24542744249266
S5,continuous,E,35,206,299,landing,2364.710045563508,2554.710045563508,190.0,90.621738344812
S5,continuous,E,14,207,273,takeoff,2070.0,2100.0,30.0,0.0
S5,continuous,E,2,207,273,landing,2194.4969890023767,2384.4969890023767,190.0,11.411581607182598
S5,continuous,E,32,208,100,takeoff,2080.0,2110.0,30.0,0.0
S5,continuous,E,34,208,100,landing,2187.6085411587646,2377.6085411587646,190.0,49.77130320275546
S5,continuous,E,30,209,228,takeoff,2224.2454274424927,2254.2454274424927,30.0,134.24542744249266
S5,continuous,E,9,209,228,landing,2533.7552091439525,2723.7552091439525,190.0,249.62677202385157
S5,continuous,E,5,210,179,takeoff,2234.8318129161944,2264.8318129161944,30.0,134.8318129161944
S5,continuous,E,37,210,179,landing,2876.0252203864598,3066.0252203864598,190.0,468.6582163900539
S5,continuous,E,27,211,226,takeoff,2110.0,2140.0,30.0,0.0
S5,continuous,E,4,211,226,landing,2468.7698156746333,2658.7698156746333,190.0,277.41348305846395
S5,continuous,E,33,212,14,takeoff,2120.0,2150.0,30.0,0.0
S5,continuous,E,35,212,14,landing,2554.710045563508,2744.710045563508,190.0,354.7394558247488
S5,continuous,E,36,213,240,takeoff,2250.0,2280.0,30.0,0.0
S5,continuous,E,31,213,240,landing,2443.020427547475,2633.020427547475,190.0,0.0
S5,continuous,E,9,214,253,takeoff,2140.0,2170.0,30.0,0.0
S5,continuous,E,3,214,253,landing,2200.010865527798,2390.010865527798,190.0,0.0
S5,continuous,E,1,215,7,takeoff,2193.205735598199,2223.205735598199,30.0,43.205735598199226
S5,continuous,E,37,215,7,landing,3066.0252203864598,3256.0252203864598,190.0,677.1866807695292
S5,continuous,E,14,216,44,takeoff,2160.0,2190.0,30.0,0.0
S5,continuous,E,20,216,44,landing,2362.5085381717317,2552.5085381717317,190.0,79.65366766643183
S5,continuous,E,2,217,164,takeoff,2384.4969890023767,2414.4969890023767,30.0,214.49698900237672
S5,continuous,E,34,217,164,landing,2479.647397699854,2669.647397699854,190.0,0.0
S5,continuous,E,27,218,86,takeoff,2180.0,2210.0,30.0,0.0
S5,continuous,E,38,218,86,landing,2638.9179288342293,2828.9179288342293,190.0,310.5156675406588
S5,continuous,E,25,219,4,takeoff,2679.7250856456526,2709.7250856456526,30.0,429.7250856456526
S5,continuous,E,6,219,4,landing,2807.2023498774433,2997.2023498774433,190.0,0.0
S5,continuous,E,10,220,133,takeoff,2200.0,2230.0,30.0,0.0
S5,continuous,E,8,220,133,landing,2275.5661951875218,2465.5661951875218,190.0,0.0
S5,continuous,E,34,221,90,takeoff,2377.6085411587646,2407.6085411587646,30.0,167.60854115876464
S5,continuous,E,29,221,90,landing,2487.731721382896,2677.731721382896,190.0,0.0
S5,continuous,E,34,222,244,takeoff,2669.647397699854,2699.647397699854,30.0,209.64739769985408
S5,continuous,E,36,222,244,landing,2847.426952918253,3037.426952918253,190.0,83.21902647301204
S5,continuous,E,20,223,36,takeoff,2552.5085381717317,2582.5085381717317,30.0,322.50853817173174
S5,continuous,E,14,223,36,landing,2766.9522803288833,2956.9522803288833,190.0,91.5888716518516
S5,continuous,E,0,224,140,takeoff,2334.8219681625224,2364.8219681625224,30.0,94.82196816252235
S5,continuous,E,4,224,140,landing,2658.7698156746333,2848.7698156746333,190.0,266.28733103152626
S5,continuous,E,17,225,69,takeoff,2348.4018959762443,2378.4018959762443,30.0,98.4018959762443
S5,continuous,E,35,225,69,landing,2744.710045563508,2934.710045563508,190.0,302.3029163157162
S5,continuous,E,23,226,71,takeoff,2399.5850767511647,2429.5850767511647,30.0,139.5850767511647
S5,continuous,E,6,226,71,landing,2531.5799944666037,2721.5799944666037,190.0,0.0
S5,continuous,E,12,227,101,takeoff,2606.4940254254516,2636.4940254254516,30.0,336.4940254254516
S5,continuous,E,29,227,101,landing,2711.3648404270707,2901.3648404270707,190.0,0.0
S5,continuous,E,1,228,257,takeoff,2280.0,2310.0,30.0,0.0
S5,continuous,E,2,228,257,landing,2414.4969890023767,2604.4969890023767,190.0,72.30034160488913
S5,continuous,E,33,229,8,takeoff,2530.0,2560.0,30.0,0.0
S5,continuous,E,11,229,8,landing,2699.98239080665,2889.98239080665,190.0,0.0
S5,continuous,E,0,230,220,takeoff,2364.8219681625224,2394.8219681625224,30.0,64.82196816252235
S5,continuous,E,9,230,220,landing,2723.7552091439525,2913.7552091439525,190.0,252.7327265639001
S5,continuous,E,19,231,200,takeoff,2310.0,2340.0,30.0,0.0
S5,continuous,E,28,231,200,landing,2669.563179658832,2859.563179658832,190.0,287.917055727155
S5,continuous,E,19,232,245,takeoff,2340.0,2370.0,30.0,20.0
S5,continuous,E,12,232,245,landing,2636.4940254254516,2826.4940254254516,190.0,204.925078718647
S5,continuous,E,36,233,287,takeoff,2330.0,2360.0,30.0,0.0
S5,continuous,E,23,233,287,landing,2445.064292148358,2635.064292148358,190.0,0.0
S5,continuous,E,2,234,280,takeoff,2604.4969890023767,2634.4969890023767,30.0,264.4969890023767
S5,continuous,E,10,234,280,landing,2723.9184464890177,2913.9184464890177,190.0,0.0
S5,continuous,E,34,235,129,takeoff,2699.647397699854,2729.647397699854,30.0,229.64739769985408
S5,continuous,E,35,235,129,landing,2934.710045563508,3124.710045563508,190.0,160.17644356364144
S5,continuous,E,22,236,64,takeoff,2360.0,2390.0,30.0,0.0
S5,continuous,E,1,236,64,landing,2473.201387311187,2663.201387311187,190.0,0.0
S5,continuous,E,14,237,180,takeoff,2956.9522803288833,2986.9522803288833,30.0,586.9522803288833
S5,continuous,E,20,237,180,landing,3079.807150834183,3269.807150834183,190.0,0.0
S5,continuous,E,10,238,47,takeoff,2440.0,2470.0,30.0,0.0
S5,continuous,E,15,238,47,landing,2614.059215255496,2804.059215255496,190.0,0.0
S5,continuous,E,35,239,199,takeoff,3124.710045563508,3154.710045563508,30.0,734.7100455635082
S5,continuous,E,20,239,199,landing,3269.807150834183,3459.807150834183,190.0,90.44211247416752
S5,continuous,E,34,240,165,takeoff,2729.647397699854,2759.647397699854,30.0,269.6473976998541
S5,continuous,E,39,240,165,landing,2781.9638714846196,2971.9638714846196,190.0,0.0
S5,continuous,E,39,241,292,takeoff,2724.9728883756306,2754.9728883756306,30.0,314.97288837563065
S5,continuous,E,35,241,292,landing,3154.710045563508,3344.710045563508,190.0,363.27031409041
S5,continuous,E,18,242,107,takeoff,2420.0,2450.0,30.0,0.0
S5,continuous,E,30,242,107,landing,2526.828802098149,2716.828802098149,190.0,0.0
S5,continuous,E,31,243,230,takeoff,2633.020427547475,2663.020427547475,30.0,203.0204275474748
S5,continuous,E,23,243,230,landing,2759.5622357584107,2949.5622357584107,190.0,0.0
S5,continuous,E,3,244,139,takeoff,2440.0,2470.0,30.0,0.0
S5,continuous,E,28,244,139,landing,2859.563179658832,3049.563179658832,190.0,256.8632714464734
S5,continuous,E,6,245,15,takeoff,2457.0894177037044,2487.0894177037044,30.0,7.089417703704385
S5,continuous,E,3,245,15,landing,2604.284961974476,2794.284961974476,190.0,0.0
S5,continuous,E,28,246,104,takeoff,3049.563179658832,3079.563179658832,30.0,589.5631796588318
S5,continuous,E,34,246,104,landing,3127.2822046386664,3317.2822046386664,190.0,0.0
S5,continuous,E,1,247,11,takeoff,2663.201387311187,2693.201387311187,30.0,193.20138731118686
S5,continuous,E,36,247,11,landing,3037.426952918253,3227.426952918253,190.0,253.28244615119502
S5,continuous,E,38,248,296,takeoff,2828.9179288342293,2858.9179288342293,30.0,348.9179288342293
S5,continuous,E,39,248,296,landing,2971.9638714846196,3161.9638714846196,190.0,90.5680663209364
S5,continuous,E,11,249,155,takeoff,2889.98239080665,2919.98239080665,30.0,399.9823908066501
S5,continuous,E,21,249,155,landing,2970.679929952773,3160.679929952773,190.0,0.0
S5,continuous,E,32,250,187,takeoff,2500.0,2530.0,30.0,0.0
S5,continuous,E,17,250,187,landing,2643.897068087589,2833.897068087589,190.0,0.0
S5,continuous,E,37,251,23,takeoff,3256.0252203864598,3286.0252203864598,30.0,746.0252203864598
S5,continuous,E,16,251,23,landing,3411.4680514867337,3601.4680514867337,190.0,0.0
S5,continuous,E,8,252,262,takeoff,2520.0,2550.0,30.0,0.0
S5,continuous,E,16,252,262,landing,2591.834113527579,2781.834113527579,190.0,0.0
S5,continuous,E,33,253,134,takeoff,2560.0,2590.0,30.0,30.0
S5,continuous,E,29,253,134,landing,2901.3648404270707,3091.3648404270707,190.0,246.20407937016944
S5,continuous,E,31,254,243,takeoff,2663.020427547475,2693.020427547475,30.0,123.02042754747481
S5,continuous,E,5,254,243,landing,2824.205744989671,3014.205744989671,190.0,0.0
S5,continuous,E,0,255,273,takeoff,2550.0,2580.0,30.0,0.0
S5,continuous,E,34,255,273,landing,2759.647397699854,2949.647397699854,190.0,115.2768331414768
S5,continuous,E,4,256,40,takeoff,2848.7698156746333,2878.7698156746333,30.0,288.76981567463326
S5,continuous,E,11,256,40,landing,2952.645883066376,3142.645883066376,190.0,0.0
S5,continuous,E,39,257,154,takeoff,3161.9638714846196,3191.9638714846196,30.0,591.9638714846196
S5,continuous,E,9,257,154,landing,3227.8628579741303,3417.8628579741303,190.0,0.0
S5,continuous,E,35,258,131,takeoff,3344.710045563508,3374.710045563508,30.0,764.7100455635082
S5,continuous,E,9,258,131,landing,3417.8628579741303,3607.8628579741303,190.0,61.94148116682982
S5,continuous,E,13,259,41,takeoff,2590.0,2620.0,30.0,0.0
S5,continuous,E,35,259,41,landing,3374.710045563508,3564.710045563508,190.0,668.985303362891
S5,continuous,E,0,260,161,takeoff,2600.0,2630.0,30.0,0.0
S5,continuous,E,26,260,161,landing,2626.22641563117,2816.22641563117,190.0,0.0
S5,continuous,E,20,261,168,takeoff,2610.0,2640.0,30.0,0.0
S5,continuous,E,8,261,168,landing,2693.4896465899806,2883.4896465899806,190.0,0.0
S5,continuous,E,28,262,241,takeoff,3079.563179658832,3109.563179658832,30.0,459.5631796588318
S5,continuous,E,19,262,241,landing,3139.776786133735,3329.776786133735,190.0,0.0
S5,continuous,E,1,263,137,takeoff,2693.201387311187,2723.201387311187,30.0,63.20138731118686
S5,continuous,E,0,263,137,landing,2811.4340086930624,3001.4340086930624,190.0,0.0
S5,continuous,E,12,264,150,takeoff,2826.4940254254516,2856.4940254254516,30.0,186.49402542545158
S5,continuous,E,1,264,150,landing,2949.782315252704,3139.782315252704,190.0,0.0
S5,continuous,E,27,265,89,takeoff,2650.0,2680.0,30.0,0.0
S5,continuous,E,24,265,89,landing,2722.837319409569,2912.837319409569,190.0,0.0
S5,continuous,E,8,266,192,takeoff,2883.4896465899806,2913.4896465899806,30.0,163.48964658998057
S5,continuous,E,25,266,192,landing,2952.6292845528856,3142.6292845528856,190.0,0.0
S5,continuous,E,29,267,196,takeoff,3091.3648404270707,3121.3648404270707,30.0,361.3648404270707
S5,continuous,E,22,267,196,landing,3208.646798375953,3398.646798375953,190.0,0.0
S5,continuous,E,4,268,63,takeoff,2878.7698156746333,2908.7698156746333,30.0,198.76981567463326
S5,continuous,E,2,268,63,landing,2957.4709184529415,3147.4709184529415,190.0,0.0
S5,continuous,E,34,269,282,takeoff,2949.647397699854,2979.647397699854,30.0,259.6473976998541
S5,continuous,E,7,269,282,landing,3107.2559388586187,3297.2559388586187,190.0,0.0
S5,continuous,E,11,270,184,takeoff,3142.645883066376,3172.645883066376,30.0,202.64588306637597
S5,continuous,E,5,270,184,landing,3286.7784497020907,3476.7784497020907,190.0,0.0
S5,continuous,E,38,271,149,takeoff,2858.9179288342293,2888.9179288342293,30.0,148.91792883422931
S5,continuous,E,11,271,149,landing,3172.645883066376,3362.645883066376,190.0,196.20341526452512
S5,continuous,E,12,272,77,takeoff,2856.4940254254516,2886.4940254254516,30.0,136.49402542545158
S5,continuous,E,6,272,77,landing,2997.2023498774433,3187.2023498774433,190.0,95.65718287164646
S5,continuous,E,0,273,298,takeoff,3001.4340086930624,3031.4340086930624,30.0,211.43400869306242
S5,continuous,E,29,273,298,landing,3180.8241735102347,3370.8241735102347,190.0,0.0
S5,continuous,E,0,274,123,takeoff,2740.0,2770.0,30.0,0.0
S5,continuous,E,14,274,123,landing,2986.9522803288833,3176.9522803288833,190.0,119.12137333592727
S5,continuous,E,27,275,276,takeoff,2750.0,2780.0,30.0,0.0
S5,continuous,E,22,275,276,landing,2822.5367575139126,3012.5367575139126,190.0,0.0
S5,continuous,E,36,276,1,takeoff,3227.426952918253,3257.426952918253,30.0,467.42695291825294
S5,continuous,E,25,276,1,landing,3302.431515591333,3492.431515591333,190.0,0.0
S5,continuous,E,15,277,46,takeoff,2804.059215255496,2834.059215255496,30.0,34.05921525549593
S5,continuous,E,14,277,46,landing,3176.9522803288833,3366.9522803288833,190.0,204.36139193710824
S5,continuous,E,16,278,260,takeoff,2781.834113527579,2811.834113527579,30.0,1.8341135275791203
S5,continuous,E,22,278,260,landing,3012.5367575139126,3202.5367575139126,190.0,107.49116555221417
S5,continuous,E,34,279,174,takeoff,2979.647397699854,3009.647397699854,30.0,189.64739769985408
S5,continuous,E,32,279,174,landing,3034.152398952862,3224.152398952862,190.0,0.0
S5,continuous,E,19,280,262,takeoff,2800.0,2830.0,30.0,0.0
S5,continuous,E,30,280,262,landing,2877.0221548080135,3067.0221548080135,190.0,0.0
S5,continuous,E,1,281,299,takeoff,2810.0,2840.0,30.0,0.0
S5,continuous,E,22,281,299,landing,3398.646798375953,3588.646798375953,190.0,435.4454110647662
S5,continuous,E,13,282,67,takeoff,2820.0,2850.0,30.0,0.0
S5,continuous,E,0,282,67,landing,3031.4340086930624,3221.4340086930624,190.0,136.64311385072733
S5,continuous,E,31,283,18,takeoff,2830.0,2860.0,30.0,0.0
S5,continuous,E,18,283,18,landing,3006.0805008486036,3196.0805008486036,190.0,0.0
S5,continuous,E,12,284,284,takeoff,2886.4940254254516,2916.4940254254516,30.0,46.49402542545158
S5,continuous,E,7,284,284,landing,3297.2559388586187,3487.2559388586187,190.0,319.3378208040144
S5,continuous,E,1,285,119,takeoff,2850.0,2880.0,30.0,0.0
S5,continuous,E,16,285,119,landing,2940.872838991522,3130.872838991522,190.0,0.0
S5,continuous,E,27,286,147,takeoff,2860.0,2890.0,30.0,0.0
S5,continuous,E,10,286,147,landing,2914.728077091392,3104.728077091392,190.0,0.0
S5,continuous,E,37,287,116,takeoff,3286.0252203864598,3316.0252203864598,30.0,416.02522038645975
S5,continuous,E,25,287,116,landing,3492.431515591333,3682.431515591333,190.0,156.53842041242797
S5,continuous,E,20,288,166,takeoff,2880.0,2910.0,30.0,0.0
S5,continuous,E,18,288,166,landing,3196.0805008486036,3386.0805008486036,190.0,160.7330308083906
S5,continuous,E,10,289,10,takeoff,3104.728077091392,3134.728077091392,30.0,214.72807709139215
S5,continuous,E,2,289,10,landing,3224.149534578033,3414.149534578033,190.0,0.0
S5,continuous,E,34,290,19,takeoff,3009.647397699854,3039.647397699854,30.0,109.64739769985408
S5,continuous,E,22,290,19,landing,3588.646798375953,3778.646798375953,190.0,412.7208424759938
S5,continuous,E,4,291,202,takeoff,2910.0,2940.0,30.0,0.0
S5,continuous,E,28,291,202,landing,3109.563179658832,3299.563179658832,190.0,87.65228946524303
S5,continuous,E,22,292,47,takeoff,3778.646798375953,3808.646798375953,30.0,858.646798375953
S5,continuous,E,20,292,47,landing,3905.3513254053582,4095.3513254053582,190.0,0.0
S5,continuous,E,30,293,295,takeoff,3067.0221548080135,3097.0221548080135,30.0,137.0221548080135
S5,continuous,E,11,293,295,landing,3362.645883066376,3552.645883066376,190.0,161.3783008158698
S5,continuous,E,34,294,16,takeoff,3039.647397699854,3069.647397699854,30.0,99.64739769985408
S5,continuous,E,20,294,16,landing,3459.807150834183,3649.807150834183,190.0,298.3072254241479
S5,continuous,E,7,295,120,takeoff,2950.0,2980.0,30.0,0.0
S5,continuous,E,8,295,120,landing,3084.005027121908,3274.005027121908,190.0,0.0
S5,continuous,E,30,296,5,takeoff,3097.0221548080135,3127.0221548080135,30.0,137.0221548080135
S5,continuous,E,38,296,5,landing,3166.884104383168,3356.884104383168,190.0,0.0
S5,continuous,E,17,297,42,takeoff,2970.0,3000.0,30.0,0.0
S5,continuous,E,30,297,42,landing,3127.0221548080135,3317.0221548080135,190.0,43.93263371356397
S5,continuous,E,38,298,78,takeoff,2980.0,3010.0,30.0,0.0
S5,continuous,E,29,298,78,landing,3370.8241735102347,3560.8241735102347,190.0,221.61017035402483
S5,continuous,E,7,299,173,takeoff,3050.0,3080.0,30.0,0.0
S5,continuous,E,0,299,173,landing,3221.4340086930624,3411.4340086930624,190.0,40.55642721535196
S5,continuous,E,22,300,283,takeoff,3808.646798375953,3838.646798375953,30.0,808.646798375953
S5,continuous,E,8,300,283,landing,3898.57041257032,4088.57041257032,190.0,0.0
S5,continuous,E,33,301,96,takeoff,3010.0,3040.0,30.0,0.0
S5,continuous,E,0,301,96,landing,3411.4340086930624,3601.4340086930624,190.0,305.6033620556768
S5,continuous,E,33,302,63,takeoff,3040.0,3070.0,30.0,20.0
S5,continuous,E,16,302,63,landing,3130.872838991522,3320.872838991522,190.0,26.3143895537969
S5,continuous,E,22,303,286,takeoff,3838.646798375953,3868.646798375953,30.0,808.646798375953
S5,continuous,E,14,303,286,landing,3910.2347096243684,4100.234709624368,190.0,0.0
S5,continuous,E,22,304,90,takeoff,3868.646798375953,3898.646798375953,30.0,828.646798375953
S5,continuous,E,7,304,90,landing,4004.9910278734656,4194.991027873466,190.00000000000045,0.0
S5,continuous,E,16,305,33,takeoff,3320.872838991522,3350.872838991522,30.0,270.8728389915218
S5,continuous,E,4,305,33,landing,3413.380565712918,3603.380565712918,190.0,0.0
S5,continuous,E,0,306,177,takeoff,3601.4340086930624,3631.4340086930624,30.0,541.4340086930624
S5,continuous,E,1,306,177,landing,3719.666630074938,3909.666630074938,190.0,0.0
S5,continuous,E,18,307,82,takeoff,3386.0805008486036,3416.0805008486036,30.0,316.0805008486036
S5,continuous,E,13,307,82,landing,3452.019279149407,3642.019279149407,190.0,0.0
S5,continuous,E,12,308,182,takeoff,3080.0,3110.0,30.0,0.0
S5,continuous,E,36,308,182,landing,3257.426952918253,3447.426952918253,190.0,110.22488490979504
S5,continuous,E,22,309,240,takeoff,3898.646798375953,3928.646798375953,30.0,808.646798375953
S5,continuous,E,17,309,240,landing,4005.8662336652324,4195.866233665232,190.0,0.0
S5,continuous,E,24,310,200,takeoff,3100.0,3130.0,30.0,0.0
S5,continuous,E,17,310,200,landing,3136.058035670845,3326.058035670845,190.0,0.0
S5,continuous,E,2,311,256,takeoff,3170.0,3200.0,30.0,0.0
S5,continuous,E,21,311,256,landing,3299.714991170434,3489.714991170434,190.0,0.0
S5,continuous,E,20,312,271,takeoff,3649.807150834183,3679.807150834183,30.0,529.8071508341832
S5,continuous,E,39,312,271,landing,3743.6524911740166,3933.6524911740166,190.0,0.0
S5,continuous,E,9,313,278,takeoff,3130.0,3160.0,30.0,0.0
S5,continuous,E,35,313,278,landing,3564.710045563508,3754.710045563508,190.0,323.4987143197159
S5,continuous,E,36,314,192,takeoff,3447.426952918253,3477.426952918253,30.0,307.42695291825294
S5,continuous,E,32,314,192,landing,3585.9234475856956,3775.9234475856956,190.0,0.0
S5,continuous,E,8,315,83,takeoff,3274.005027121908,3304.005027121908,30.0,124.00502712190791
S5,continuous,E,23,315,83,landing,3335.846373725776,3525.846373725776,190.0,0.0
S5,continuous,E,4,316,76,takeoff,3160.0,3190.0,30.0,0.0
S5,continuous,E,22,316,76,landing,3928.646798375953,4118.646798375953,190.0,605.7209055444828
S5,continuous,E,19,317,188,takeoff,3329.776786133735,3359.776786133735,30.0,159.7767861337352
S5,continuous,E,33,317,188,landing,3399.4217122094174,3589.4217122094174,190.0,0.0
S5,continuous,E,15,318,109,takeoff,3180.0,3210.0,30.0,0.0
S5,continuous,E,38,318,109,landing,3356.884104383168,3546.884104383168,190.0,53.99973353363566
S5,continuous,E,15,319,281,takeoff,3210.0,3240.0,30.0,20.0
S5,continuous,E,19,319,281,landing,3359.776786133735,3549.776786133735,190.0,22.24196826693651
S5,continuous,E,25,320,213,takeoff,3200.0,3230.0,30.0,0.0
S5,continuous,E,3,320,213,landing,3308.0095245768543,3498.0095245768543,190.0,0.0
S5,continuous,E,38,321,106,takeoff,3546.884104383168,3576.884104383168,30.0,336.88410438316805
S5,continuous,E,13,321,106,landing,3651.6411008922614,3841.6411008922614,190.0,0.0
S5,continuous,E,3,322,39,takeoff,3220.0,3250.0,30.0,0.0
S5,continuous,E,15,322,39,landing,3314.635763779938,3504.635763779938,190.0,0.0
S5,continuous,E,13,323,211,takeoff,3230.0,3260.0,30.0,0.0
S5,continuous,E,27,323,211,landing,3254.373242973472,3444.373242973472,190.0,0.0
S5,continuous,E,13,324,246,takeoff,3260.0,3290.0,30.0,20.0
S5,continuous,E,12,324,246,landing,3300.286816494486,3490.286816494486,190.0,0.0
S5,continuous,E,34,325,189,takeoff,3317.2822046386664,3347.2822046386664,30.0,67.28220463866637
S5,continuous,E,39,325,189,landing,3369.598678423432,3559.598678423432,190.0,0.0
S5,continuous,E,21,326,274,takeoff,3260.0,3290.0,30.0,0.0
S5,continuous,E,16,326,274,landing,3601.4680514867337,3791.4680514867337,190.0,169.12176161453317
S5,continuous,E,22,327,162,takeoff,4118.646798375953,4148.646798375953,30.0,848.646798375953
S5,continuous,E,36,327,162,landing,4183.7014023309275,4373.7014023309275,190.0,0.0
S5,continuous,E,38,328,3,takeoff,3576.884104383168,3606.884104383168,30.0,296.88410438316805
S5,continuous,E,9,328,3,landing,3687.1847802641278,3877.1847802641278,190.0,0.0
S5,continuous,E,22,329,71,takeoff,4148.646798375953,4178.646798375953,30.0,858.646798375953
S5,continuous,E,1,329,71,landing,4261.848185687139,4451.848185687139,190.0,0.0
S5,continuous,E,7,330,200,takeoff,3487.2559388586187,3517.2559388586187,30.0,187.25593885861872
S5,continuous,E,23,330,200,landing,3622.0056461186186,3812.0056461186186,190.0,0.0
S5,continuous,E,30,331,260,takeoff,3317.0221548080135,3347.0221548080135,30.0,7.022154808013511
S5,continuous,E,8,331,260,landing,3398.41291809717,3588.41291809717,190.0,0.0
S5,continuous,E,25,332,206,takeoff,3682.431515591333,3712.431515591333,30.0,362.4315155913332
S5,continuous,E,18,332,206,landing,3805.100076996161,3995.100076996161,190.0,0.0
S5,continuous,E,28,333,234,takeoff,3330.0,3360.0,30.0,0.0
S5,continuous,E,29,333,234,landing,3560.8241735102347,3750.8241735102347,190.0,75.4025827786204
S5,continuous,E,1,334,10,takeoff,3340.0,3370.0,30.0,0.0
S5,continuous,E,5,334,10,landing,3478.2752730761745,3668.2752730761745,190.0,0.0
S5,continuous,E,34,335,243,takeoff,3350.0,3380.0,30.0,0.0
S5,continuous,E,4,335,243,landing,3603.380565712918,3793.380565712918,190.0,167.78895024847634
S5,continuous,E,4,336,55,takeoff,3360.0,3390.0,30.0,0.0
S5,continuous,E,35,336,55,landing,3754.710045563508,3944.710045563508,190.0,223.5080564498453
S5,continuous,E,37,337,235,takeoff,3370.0,3400.0,30.0,0.0
S5,continuous,E,26,337,235,landing,3424.5598670954187,3614.5598670954187,190.0,0.0
S5,continuous,E,25,338,210,takeoff,3712.431515591333,3742.431515591333,30.0,332.4315155913332
S5,continuous,E,36,338,210,landing,3787.4360782644135,3977.4360782644135,190.0,0.0
S5,continuous,E,9,339,228,takeoff,3607.8628579741303,3637.8628579741303,30.0,217.8628579741303
S5,continuous,E,17,339,228,landing,3645.949785809453,3835.949785809453,190.0,0.0
S5,continuous,E,6,340,45,takeoff,3400.0,3430.0,30.0,0.0
S5,continuous,E,19,340,45,landing,3549.776786133735,3739.776786133735,190.0,13.146035281846707
S5,continuous,E,20,341,74,takeoff,3679.807150834183,3709.807150834183,30.0,269.8071508341832
S5,continuous,E,6,341,74,landing,3849.966829518226,4039.966829518226,190.0,0.0
S5,continuous,E,7,342,287,takeoff,3517.2559388586187,3547.2559388586187,30.0,97.25593885861872
S5,continuous,E,33,342,287,landing,3647.6140707171553,3837.6140707171553,190.0,0.0
S5,continuous,E,32,343,259,takeoff,3430.0,3460.0,30.0,0.0
S5,continuous,E,7,343,259,landing,3635.288478324627,3825.288478324627,190.0,0.0
S5,continuous,E,11,344,182,takeoff,3552.645883066376,3582.645883066376,30.0,112.64588306637597
S5,continuous,E,5,344,182,landing,3696.7784497020907,3886.7784497020907,190.0,0.0
S5,continuous,E,8,345,229,takeoff,3588.41291809717,3618.41291809717,30.0,138.41291809716995
S5,continuous,E,10,345,229,landing,3663.9791132846917,3853.9791132846917,190.0,0.0
S5,continuous,E,8,346,264,takeoff,3618.41291809717,3648.41291809717,30.0,158.41291809716995
S5,continuous,E,23,346,264,landing,3812.0056461186186,4002.0056461186186,190.0,131.75138141758043
S5,continuous,E,35,347,232,takeoff,3944.710045563508,3974.710045563508,30.0,474.7100455635082
S5,continuous,E,10,347,232,landing,4034.164448788837,4224.164448788837,190.0,0.0
S5,continuous,E,35,348,239,takeoff,3974.710045563508,4004.710045563508,30.0,494.7100455635082
S5,continuous,E,19,348,239,landing,4071.8852732602168,4261.885273260217,190.00000000000045,0.0
S5,continuous,E,5,349,211,takeoff,3886.7784497020907,3916.7784497020907,30.0,396.7784497020907
S5,continuous,E,38,349,211,landing,4039.050342852531,4229.050342852531,190.0,0.0
S5,continuous,E,28,350,168,takeoff,3500.0,3530.0,30.0,0.0
S5,continuous,E,38,350,168,landing,3623.731798150312,3813.731798150312,190.0,0.0
S5,continuous,E,19,351,104,takeoff,3739.776786133735,3769.776786133735,30.0,229.7767861337352
S5,continuous,E,11,351,104,landing,3812.0263164449766,4002.0263164449766,190.0,0.0
S5,continuous,E,25,352,128,takeoff,3742.431515591333,3772.431515591333,30.0,222.4315155913332
S5,continuous,E,18,352,128,landing,3995.100076996161,4185.100076996161,190.0,130.0
S5,continuous,E,23,353,132,takeoff,3530.0,3560.0,30.0,0.0
S5,continuous,E,36,353,132,landing,3588.991172640226,3778.991172640226,190.0,0.0
S5,continuous,E,24,354,57,takeoff,3660.0,3690.0,30.0,0.0
S5,continuous,E,35,354,57,landing,4004.710045563508,4194.710045563508,190.0,237.0832003847231
S5,continuous,E,28,355,60,takeoff,3550.0,3580.0,30.0,0.0
S5,continuous,E,7,355,60,landing,4194.991027873466,4384.991027873466,190.0,508.45121064363275
S5,continuous,E,20,356,37,takeoff,3709.807150834183,3739.807150834183,30.0,149.80715083418318
S5,continuous,E,0,356,37,landing,3852.150274857088,4042.150274857088,190.0,0.0
S5,continuous,E,29,357,68,takeoff,3750.8241735102347,3780.8241735102347,30.0,180.8241735102347
S5,continuous,E,19,357,68,landing,4261.885273260217,4451.885273260217,190.0,357.7760640342058
S5,continuous,E,5,358,143,takeoff,3916.7784497020907,3946.7784497020907,30.0,336.7784497020907
S5,continuous,E,11,358,143,landing,4060.9110163378054,4250.911016337805,190.0,0.0
S5,continuous,E,21,359,204,takeoff,3590.0,3620.0,30.0,0.0
S5,continuous,E,24,359,204,landing,3707.880762146369,3897.880762146369,190.0,0.0
S5,continuous,E,22,360,120,takeoff,4178.646798375953,4208.646798375953,30.0,578.646798375953
S5,continuous,E,36,360,120,landing,4373.7014023309275,4563.7014023309275,190.0,130.0
S5,continuous,E,31,361,173,takeoff,3610.0,3640.0,30.0,0.0
S5,continuous,E,29,361,173,landing,3837.41548794951,4027.41548794951,190.0,0.0
S5,continuous,E,13,362,110,takeoff,3841.6411008922614,3871.6411008922614,30.0,221.64110089226142
S5,continuous,E,34,362,110,landing,3924.0913976609672,4114.091397660967,190.0,0.0
S5,continuous,E,32,363,35,takeoff,3775.9234475856956,3805.9234475856956,30.0,145.9234475856956
S5,continuous,E,19,363,35,landing,3856.1304487061184,4046.1304487061184,190.0,0.0
S5,continuous,E,23,364,176,takeoff,4002.0056461186186,4032.0056461186186,30.0,362.00564611861864
S5,continuous,E,29,364,176,landing,4093.4970755953195,4283.49707559532,190.00000000000045,0.0
S5,continuous,E,22,365,251,takeoff,4208.646798375953,4238.646798375953,30.0,558.646798375953
S5,continuous,E,2,365,251,landing,4342.938436311342,4532.938436311342,190.0,0.0
S5,continuous,E,11,366,107,takeoff,3660.0,3690.0,30.0,0.0
S5,continuous,E,39,366,107,landing,3933.6524911740166,4123.652491174016,189.99999999999955,171.07488556985118
S5,continuous,E,17,367,111,takeoff,3835.949785809453,3865.949785809453,30.0,165.9497858094528
S5,continuous,E,30,367,111,landing,3929.0393069039023,4119.039306903902,189.99999999999955,0.0
S5,continuous,E,6,368,115,takeoff,3680.0,3710.0,30.0,0.0
S5,continuous,E,4,368,115,landing,3793.380565712918,3983.380565712918,190.0,6.858571452146407
S5,continuous,E,3,369,132,takeoff,3690.0,3720.0,30.0,0.0
S5,continuous,E,11,369,132,landing,4250.911016337805,4440.911016337805,190.0,398.91229634395904
S5,continuous,E,39,370,28,takeoff,3700.0,3730.0,30.0,0.0
S5,continuous,E,12,370,28,landing,3802.104786460099,3992.104786460099,190.0,0.0
S5,continuous,E,18,371,130,takeoff,3710.0,3740.0,30.0,0.0
S5,continuous,E,21,371,130,landing,3878.660461263282,4068.660461263282,190.0,0.0
S5,continuous,E,31,372,102,takeoff,3720.0,3750.0,30.0,0.0
S5,continuous,E,28,372,102,landing,3851.0734503474996,4041.0734503474996,190.0,0.0
S5,continuous,E,11,373,191,takeoff,3730.0,3760.0,30.0,0.0
S5,continuous,E,30,373,191,landing,4119.039306903902,4309.039306903902,190.0,314.79387946140923
S5,continuous,E,36,374,51,takeoff,3977.4360782644135,4007.4360782644135,30.0,237.43607826441348
S5,continuous,E,23,374,51,landing,4032.5003704127716,4222.500370412772,190.00000000000045,0.0
S5,continuous,E,31,375,96,takeoff,3750.0,3780.0,30.0,0.0
S5,continuous,E,0,375,96,landing,4042.150274857088,4232.150274857087,189.99999999999955,180.87833565196115
S5,continuous,E,24,376,108,takeoff,3897.880762146369,3927.880762146369,30.0,137.88076214636885
S5,continuous,E,3,376,108,landing,3955.7100838079255,4145.710083807926,190.00000000000045,0.0
S5,continuous,E,15,377,161,takeoff,3770.0,3800.0,30.0,0.0
S5,continuous,E,27,377,161,landing,3859.6358353210226,4049.6358353210226,190.0,0.0
S5,continuous,E,23,378,166,takeoff,4222.500370412772,4252.500370412772,30.0,442.5003704127721
S5,continuous,E,13,378,166,landing,4290.63463749275,4480.63463749275,190.0,0.0
S5,continuous,E,33,379,244,takeoff,3837.6140707171553,3867.6140707171553,30.0,47.6140707171553
S5,continuous,E,1,379,244,landing,3915.602148701037,4105.602148701037,189.99999999999955,0.0
S5,continuous,E,10,380,265,takeoff,3853.9791132846917,3883.9791132846917,30.0,53.97911328469172
S5,continuous,E,24,380,265,landing,3944.2901968683364,4134.290196868336,190.0,0.0
S5,continuous,E,15,381,140,takeoff,3810.0,3840.0,30.0,0.0
S5,continuous,E,25,381,140,landing,3903.118473327519,4093.118473327519,190.0,0.0
S5,continuous,E,7,382,45,takeoff,3825.288478324627,3855.288478324627,30.0,5.288478324626794
S5,continuous,E,26,382,45,landing,3950.8412655640336,4140.841265564033,189.99999999999955,0.0
S5,continuous,E,20,383,59,takeoff,4095.3513254053582,4125.351325405358,29.999999999999545,205.35132540535824
S5,continuous,E,17,383,59,landing,4196.269366321702,4386.269366321702,190.0,0.0
S5,continuous,E,5,384,226,takeoff,3946.7784497020907,3976.7784497020907,30.0,106.77844970209071
S5,continuous,E,11,384,226,landing,4440.911016337805,4630.911016337805,190.0,310.0
S5,continuous,E,16,385,10,takeoff,3850.0,3880.0,30.0,0.0
S5,continuous,E,13,385,10,landing,3925.6586984381747,4115.658698438175,190.0,0.0
S5,continuous,E,23,386,141,takeoff,4252.500370412772,4282.500370412772,30.0,392.5003704127721
S5,continuous,E,30,386,141,landing,4349.612938390134,4539.612938390134,190.0,0.0
S5,continuous,E,28,387,292,takeoff,4041.0734503474996,4071.0734503474996,30.0,171.0734503474996
S5,continuous,E,4,387,292,landing,4132.984340541088,4322.984340541088,190.0,0.0
S5,continuous,E,3,388,61,takeoff,3880.0,3910.0,30.0,0.0
S5,continuous,E,0,388,61,landing,4232.150274857087,4422.150274857087,190.0,205.1569191299709
S5,continuous,E,25,389,83,takeoff,4093.118473327519,4123.118473327519,29.999999999999545,203.11847332751904
S5,continuous,E,14,389,83,landing,4176.06664358225,4366.06664358225,190.0,0.0
S5,continuous,E,36,390,113,takeoff,4007.4360782644135,4037.4360782644135,30.0,107.43607826441348
S5,continuous,E,18,390,113,landing,4185.100076996161,4375.100076996161,190.0,115.33994727867139
S5,continuous,E,14,391,70,takeoff,4100.234709624368,4130.234709624368,30.0,190.2347096243684
S5,continuous,E,24,391,70,landing,4178.699196266782,4368.699196266782,190.0,0.0
S5,continuous,E,7,392,208,takeoff,4384.991027873466,4414.991027873466,30.0,404.991027873466
S5,continuous,E,18,392,208,landing,4526.076619355117,4716.076619355117,190.0,0.0
S5,continuous,E,2,393,295,takeoff,3930.0,3960.0,30.0,0.0
S5,continuous,E,24,393,295,landing,4368.699196266782,4558.699196266782,190.0,382.36128244734255
S5,continuous,E,4,394,286,takeoff,3983.380565712918,4013.380565712918,30.0,43.380565712917814
S5,continuous,E,13,394,286,landing,4480.63463749275,4670.63463749275,190.0,438.6219055099423
S5,continuous,E,21,395,78,takeoff,4068.660461263282,4098.660461263282,30.0,118.66046126328183
S5,continuous,E,8,395,78,landing,4193.877514427794,4383.877514427794,190.0,0.0
S5,continuous,E,3,396,91,takeoff,4145.710083807926,4175.710083807926,30.0,185.7100838079259
S5,continuous,E,10,396,91,landing,4256.637667114869,4446.637667114869,190.0,0.0
S5,continuous,E,14,397,233,takeoff,4130.234709624368,4160.234709624368,30.0,160.2347096243684
S5,continuous,E,9,397,233,landing,4210.727379693401,4400.727379693401,190.0,0.0
S5,continuous,E,22,398,200,takeoff,4238.646798375953,4268.646798375953,30.0,258.64679837595304
S5,continuous,E,35,398,200,landing,4341.359751463806,4531.359751463806,190.0,0.0
S5,continuous,E,0,399,187,takeoff,4422.150274857087,4452.150274857087,30.0,432.1502748570874
S5,continuous,E,33,399,187,landing,4477.9809214944735,4667.9809214944735,190.0,0.0
S5,continuous,E,1,400,186,takeoff,4105.602148701037,4135.602148701037,30.0,105.60214870103664
S5,continuous,E,36,400,186,landing,4563.7014023309275,4753.7014023309275,190.0,357.15613417402074
S5,continuous,E,0,401,36,takeoff,4452.150274857087,4482.150274857087,30.0,442.1502748570874
S5,continuous,E,27,401,36,landing,4529.121141753575,4719.121141753575,190.0,0.0
S5,continuous,E,5,402,153,takeoff,4020.0,4050.0,30.0,0.0
S5,continuous,E,16,402,153,landing,4176.787745261673,4366.787745261673,190.0,0.0
S5,continuous,E,17,403,261,takeoff,4386.269366321702,4416.269366321702,30.0,356.26936632170236
S5,continuous,E,2,403,261,landing,4532.938436311342,4722.938436311342,190.0,69.93760805970305
S5,continuous,E,36,404,283,takeoff,4040.0,4070.0,30.0,0.0
S5,continuous,E,20,404,283,landing,4190.970733488937,4380.970733488937,190.0,0.0
S5,continuous,E,10,405,247,takeoff,4224.164448788837,4254.164448788837,30.0,174.16444878883703
S5,continuous,E,8,405,247,landing,4383.877514427794,4573.877514427794,190.0,84.14687045143455
S5,continuous,E,5,406,255,takeoff,4060.0,4090.0,30.0,0.0
S5,continuous,E,2,406,255,landing,4722.938436311342,4912.938436311342,190.0,482.7405123892704
S5,continuous,E,14,407,137,takeoff,4366.06664358225,4396.06664358225,30.0,296.06664358225044
S5,continuous,E,6,407,137,landing,4448.897789716469,4638.897789716469,190.0,0.0
S5,continuous,E,29,408,95,takeoff,4283.49707559532,4313.49707559532,30.0,203.49707559531998
S5,continuous,E,35,408,95,landing,4531.359751463806,4721.359751463806,190.0,171.37058814989814
S5,continuous,E,15,409,57,takeoff,4090.0,4120.0,30.0,0.0
S5,continuous,E,20,409,57,landing,4380.970733488937,4570.970733488937,190.0,169.83964188886057
S5,continuous,E,6,410,86,takeoff,4100.0,4130.0,30.0,0.0
S5,continuous,E,30,410,86,landing,4539.612938390134,4729.612938390134,190.0,273.3494285887473
S5,continuous,E,21,411,241,takeoff,4110.0,4140.0,30.0,0.0
S5,continuous,E,2,411,241,landing,4912.938436311342,5102.938436311342,190.0,633.2234451409095
S5,continuous,E,4,412,39,takeoff,4322.984340541088,4352.984340541088,30.0,202.9843405410884
S5,continuous,E,6,412,39,landing,4638.897789716469,4828.897789716469,190.0,189.3914549146093
S5,continuous,E,21,413,236,takeoff,4140.0,4170.0,30.0,10.0
S5,continuous,E,38,413,236,landing,4239.185840483854,4429.185840483854,190.0,0.0
S5,continuous,E,32,414,99,takeoff,4140.0,4170.0,30.0,0.0
S5,continuous,E,5,414,99,landing,4313.912432899415,4503.912432899415,190.0,0.0
S5,continuous,E,11,415,112,takeoff,4630.911016337805,4660.911016337805,30.0,480.91101633780545
S5,continuous,E,29,415,112,landing,4782.982634757235,4972.982634757235,190.0,0.0
S5,continuous,E,8,416,276,takeoff,4573.877514427794,4603.877514427794,30.0,353.87751442779427
S5,continuous,E,6,416,276,landing,4828.897789716469,5018.897789716469,190.0,118.24082447858564
S5,continuous,E,3,417,94,takeoff,4175.710083807926,4205.710083807926,30.0,5.710083807925912
S5,continuous,E,23,417,94,landing,4306.755270954008,4496.755270954008,190.0,0.0
S5,continuous,E,36,418,260,takeoff,4753.7014023309275,4783.7014023309275,30.0,573.7014023309275
S5,continuous,E,18,418,260,landing,4816.025453784003,5006.025453784003,190.0,0.0
S5,continuous,E,38,419,1,takeoff,4429.185840483854,4459.185840483854,30.0,239.185840483854
S5,continuous,E,36,419,1,landing,4783.7014023309275,4973.7014023309275,190.0,217.21122026125704
S5,continuous,E,38,420,259,takeoff,4459.185840483854,4489.185840483854,30.0,259.185840483854
S5,continuous,E,6,420,259,landing,5018.897789716469,5208.897789716469,190.0,366.26292121562983
S5,continuous,E,29,421,33,takeoff,4313.49707559532,4343.49707559532,30.0,103.49707559531998
S5,continuous,E,19,421,33,landing,4451.885273260217,4641.885273260217,190.0,5.1031619491204765
S5,continuous,E,38,422,108,takeoff,4489.185840483854,4519.185840483854,30.0,269.185840483854
S5,continuous,E,30,422,108,landing,4729.612938390134,4919.612938390134,190.0,170.56514833112578
S5,continuous,E,28,423,234,takeoff,4230.0,4260.0,30.0,0.0
S5,continuous,E,17,423,234,landing,4416.269366321702,4606.269366321702,190.0,59.48778780403518
S5,continuous,E,38,424,97,takeoff,4519.185840483854,4549.185840483854,30.0,279.185840483854
S5,continuous,E,9,424,97,landing,4629.486516364814,4819.486516364814,190.0,0.0
S5,continuous,E,2,425,11,takeoff,5102.938436311342,5132.938436311342,30.0,732.9384363113422
S5,continuous,E,8,425,11,landing,5192.243759641931,5382.243759641931,190.0,0.0
S5,continuous,E,32,426,231,takeoff,4260.0,4290.0,30.0,0.0
S5,continuous,E,15,426,231,landing,4382.064307686594,4572.064307686594,190.0,0.0
S5,continuous,E,6,427,284,takeoff,4270.0,4300.0,30.0,0.0
S5,continuous,E,24,427,284,landing,4558.699196266782,4748.699196266782,190.0,163.582976626657
S5,continuous,E,3,428,169,takeoff,4280.0,4310.0,30.0,0.0
S5,continuous,E,23,428,169,landing,4496.755270954008,4686.755270954008,190.0,125.71008380792591
S5,continuous,E,22,429,53,takeoff,4290.0,4320.0,30.0,0.0
S5,continuous,E,33,429,53,landing,4667.9809214944735,4857.9809214944735,190.0,289.26165872013826
S5,continuous,E,39,430,91,takeoff,4300.0,4330.0,30.0,0.0
S5,continuous,E,32,430,91,landing,4365.074335041182,4555.074335041182,190.0,0.0
S5,continuous,E,35,431,242,takeoff,4310.0,4340.0,30.0,0.0
S5,continuous,E,25,431,242,landing,4392.718805869734,4582.718805869734,190.0,0.0
S5,continuous,E,29,432,88,takeoff,4343.49707559532,4373.49707559532,30.0,23.497075595319984
S5,continuous,E,6,432,88,landing,5208.897789716469,5398.897789716469,190.0,666.5368211569994
S5,continuous,E,6,433,280,takeoff,4330.0,4360.0,30.0,0.0
S5,continuous,E,4,433,280,landing,4436.521994260771,4626.521994260771,190.0,0.0
S5,continuous,E,8,434,48,takeoff,4603.877514427794,4633.877514427794,30.0,263.87751442779427
S5,continuous,E,36,434,48,landing,4973.7014023309275,5163.7014023309275,190.0,252.73084975214988
S5,continuous,E,38,435,210,takeoff,4549.185840483854,4579.185840483854,30.0,199.185840483854
S5,continuous,E,31,435,210,landing,4620.899686761236,4810.899686761236,190.0,0.0
S5,continuous,E,9,436,183,takeoff,4400.727379693401,4430.727379693401,30.0,40.72737969340142
S5,continuous,E,25,436,183,landing,4582.718805869734,4772.718805869734,190.0,98.69240765664108
S5,continuous,E,33,437,75,takeoff,4857.9809214944735,4887.9809214944735,30.0,367.9809214944735
S5,continuous,E,4,437,75,landing,4908.736258302163,5098.736258302163,190.0,0.0
S5,continuous,E,28,438,188,takeoff,4380.0,4410.0,30.0,0.0
S5,continuous,E,29,438,188,landing,4535.421590731614,4725.421590731614,190.0,0.0
S5,continuous,E,38,439,265,takeoff,4579.185840483854,4609.185840483854,30.0,189.185840483854
S5,continuous,E,22,439,265,landing,4727.792478173955,4917.792478173955,190.0,0.0
S5,continuous,E,36,440,158,takeoff,5163.7014023309275,5193.7014023309275,30.0,763.7014023309275
S5,continuous,E,26,440,158,landing,5229.469872237086,5419.469872237086,190.0,0.0
S5,continuous,E,34,441,176,takeoff,4530.0,4560.0,30.0,0.0
S5,continuous,E,11,441,176,landing,4681.3753827338205,4871.3753827338205,190.0,0.0
S5,continuous,E,12,442,35,takeoff,4420.0,4450.0,30.0,0.0
S5,continuous,E,3,442,35,landing,4532.49335072859,4722.49335072859,190.0,0.0
S5,continuous,E,26,443,123,takeoff,4430.0,4460.0,30.0,0.0
S5,continuous,E,22,443,123,landing,4528.278082291335,4718.278082291335,190.0,0.0
S5,continuous,E,15,444,228,takeoff,4572.064307686594,4602.064307686594,30.0,132.06430768659357
S5,continuous,E,17,444,228,landing,4690.662599739403,4880.662599739403,190.0,0.0
S5,continuous,E,0,445,223,takeoff,4482.150274857087,4512.150274857087,30.0,32.150274857087425
S5,continuous,E,39,445,223,landing,4568.471604474365,4758.471604474365,190.0,0.0
S5,continuous,E,16,446,100,takeoff,4460.0,4490.0,30.0,0.0
S5,continuous,E,23,446,100,landing,4686.755270954008,4876.755270954008,190.0,174.31574338703194
S5,continuous,E,37,447,21,takeoff,4470.0,4500.0,30.0,0.0
S5,continuous,E,36,447,21,landing,5193.7014023309275,5383.7014023309275,190.0,545.1152864198921
S5,continuous,E,22,448,268,takeoff,4480.0,4510.0,30.0,0.0
S5,continuous,E,11,448,268,landing,4871.3753827338205,5061.3753827338205,190.0,166.5376144842976
S5,continuous,E,14,449,209,takeoff,4490.0,4520.0,30.0,0.0
S5,continuous,E,12,449,209,landing,4524.552430354701,4714.552430354701,190.0,0.0
S5,continuous,E,20,450,148,takeoff,4570.970733488937,4600.970733488937,30.0,70.97073348893719
S5,continuous,E,15,450,148,landing,4672.101825089014,4862.101825089014,190.0,0.0
S5,continuous,E,4,451,9,takeoff,4626.521994260771,4656.521994260771,30.0,116.52199426077095
S5,continuous,E,24,451,9,landing,4748.699196266782,4938.699196266782,190.0,50.828118469893525
S5,continuous,E,10,452,132,takeoff,4520.0,4550.0,30.0,0.0
S5,continuous,E,38,452,132,landing,4669.619150218618,4859.619150218618,190.0,0.0
S5,continuous,E,27,453,147,takeoff,4719.121141753575,4749.121141753575,30.0,189.1211417535751
S5,continuous,E,9,453,147,landing,4819.486516364814,5009.486516364814,190.0,14.927513811703648
S5,continuous,E,24,454,189,takeoff,4938.699196266782,4968.699196266782,30.0,398.69919626678166
S5,continuous,E,36,454,189,landing,5383.7014023309275,5573.7014023309275,190.0,298.4636392715656
S5,continuous,E,25,455,70,takeoff,4772.718805869734,4802.718805869734,30.0,222.71880586973384
S5,continuous,E,1,455,70,landing,4862.188800735411,5052.188800735411,190.0,0.0
S5,continuous,E,2,456,213,takeoff,5132.938436311342,5162.938436311342,30.0,572.9384363113422
S5,continuous,E,6,456,213,landing,5398.897789716469,5588.897789716469,190.0,104.57547127096495
S5,continuous,E,0,457,244,takeoff,4570.0,4600.0,30.0,0.0
S5,continuous,E,25,457,244,landing,4802.718805869734,4992.718805869734,190.0,180.81580240957464
S5,continuous,E,14,458,246,takeoff,4580.0,4610.0,30.0,0.0
S5,continuous,E,4,458,246,landing,4656.521994260771,4846.521994260771,190.0,17.47313967487571
S5,continuous,E,25,459,205,takeoff,4992.718805869734,5022.718805869734,30.0,402.71880586973384
S5,continuous,E,13,459,205,landing,5056.673137804866,5246.673137804866,190.0,0.0
S5,continuous,E,30,460,43,takeoff,4919.612938390134,4949.612938390134,30.0,319.61293839013433
S5,continuous,E,28,460,43,landing,5011.899799955254,5201.899799955254,190.0,0.0
S5,continuous,E,17,461,29,takeoff,4880.662599739403,4910.662599739403,30.0,210.66259973940305
S5,continuous,E,27,461,29,landing,4966.975769239043,5156.975769239043,190.0,0.0
S5,continuous,E,6,462,162,takeoff,5588.897789716469,5618.897789716469,30.0,968.8977897164687
S5,continuous,E,27,462,162,landing,5702.577238181427,5892.577238181427,190.0,0.0
S5,continuous,E,26,463,131,takeoff,4630.0,4660.0,30.0,0.0
S5,continuous,E,3,463,131,landing,4755.581865253202,4945.581865253202,190.0,0.0
S5,continuous,E,35,464,106,takeoff,4721.359751463806,4751.359751463806,30.0,81.35975146380588
S5,continuous,E,29,464,106,landing,4972.982634757235,5162.982634757235,190.0,195.1307955748416
S5,continuous,E,32,465,245,takeoff,4650.0,4680.0,30.0,0.0
S5,continuous,E,6,465,245,landing,5618.897789716469,5808.897789716469,190.0,713.7779439356273
S5,continuous,E,27,466,141,takeoff,4840.0,4870.0,30.0,0.0
S5,continuous,E,24,466,141,landing,4983.264527937467,5173.264527937467,190.0,0.0
S5,continuous,E,17,467,295,takeoff,4910.662599739403,4940.662599739403,30.0,240.66259973940305
S5,continuous,E,28,467,295,landing,5201.899799955254,5391.899799955254,190.0,164.45562169818368
S5,continuous,E,8,468,257,takeoff,4680.0,4710.0,30.0,0.0
S5,continuous,E,3,468,257,landing,4945.581865253202,5135.581865253202,190.0,193.2052293060624
S5,continuous,E,21,469,253,takeoff,4690.0,4720.0,30.0,0.0
S5,continuous,E,24,469,253,landing,5173.264527937467,5363.264527937467,190.0,285.383765791099
S5,continuous,E,2,470,98,takeoff,5162.938436311342,5192.938436311342,30.0,462.93843631134223
S5,continuous,E,12,470,98,landing,5287.435425313719,5477.435425313719,190.0,0.0
S5,continuous,E,29,471,168,takeoff,5162.982634757235,5192.982634757235,30.0,392.98263475723525
S5,continuous,E,9,471,168,landing,5222.715422685973,5412.715422685973,190.0,0.0
S5,continuous,E,22,472,17,takeoff,4917.792478173955,4947.792478173955,30.0,197.7924781739548
S5,continuous,E,21,472,17,landing,5053.791228724275,5243.791228724275,190.0,0.0
S5,continuous,E,38,473,92,takeoff,4859.619150218618,4889.619150218618,30.0,129.61915021861842
S5,continuous,E,32,473,92,landing,4954.853365807978,5144.853365807978,190.0,0.0
S5,continuous,E,32,474,291,takeoff,4740.0,4770.0,30.0,0.0
S5,continuous,E,24,474,291,landing,5363.264527937467,5553.264527937467,190.0,405.4792808092152
S5,continuous,E,20,475,171,takeoff,4750.0,4780.0,30.0,0.0
S5,continuous,E,1,475,171,landing,5052.188800735411,5242.188800735411,190.0,174.30958153221582
S5,continuous,E,38,476,275,takeoff,4889.619150218618,4919.619150218618,30.0,129.61915021861842
S5,continuous,E,37,476,275,landing,4995.193639548008,5185.193639548008,190.0,0.0
S5,continuous,E,14,477,193,takeoff,4770.0,4800.0,30.0,0.0
S5,continuous,E,22,477,193,landing,4947.792478173955,5137.792478173955,190.0,46.20456692553944
S5,continuous,E,1,478,271,takeoff,4780.0,4810.0,30.0,0.0
S5,continuous,E,11,478,271,landing,5061.3753827338205,5251.3753827338205,190.0,161.19665037232153
S5,continuous,E,22,479,33,takeoff,5137.792478173955,5167.792478173955,30.0,347.7924781739548
S5,continuous,E,23,479,33,landing,5253.510328990382,5443.510328990382,190.0,0.0
S5,continuous,E,26,480,231,takeoff,4800.0,4830.0,30.0,0.0
S5,continuous,E,7,480,231,landing,4925.552787239407,5115.552787239407,190.0,0.0
S5,continuous,E,24,481,183,takeoff,5553.264527937467,5583.264527937467,30.0,743.2645279374674
S5,continuous,E,33,481,183,landing,5610.701412749251,5800.701412749251,190.0,0.0
S5,continuous,E,28,482,90,takeoff,4820.0,4850.0,30.0,0.0
S5,continuous,E,20,482,90,landing,4979.866279384904,5169.866279384904,190.0,0.0
S5,continuous,E,13,483,3,takeoff,4830.0,4860.0,30.0,0.0
S5,continuous,E,30,483,3,landing,4949.612938390134,5139.612938390134,190.0,24.42746993441324
S5,continuous,E,37,484,299,takeoff,4840.0,4870.0,30.0,0.0
S5,continuous,E,5,484,299,landing,4972.535191080212,5162.535191080212,190.0,0.0
S5,continuous,E,10,485,260,takeoff,4850.0,4880.0,30.0,0.0
S5,continuous,E,33,485,260,landing,4921.954083320935,5111.954083320935,190.0,0.0
S5,continuous,E,10,486,279,takeoff,4880.0,4910.0,30.0,20.0
S5,continuous,E,7,486,279,landing,5115.552787239407,5305.552787239407,190.0,124.32961197001441
S5,continuous,E,25,487,96,takeoff,5022.718805869734,5052.718805869734,30.0,152.71880586973384
S5,continuous,E,32,487,96,landing,5144.853365807978,5334.853365807978,190.0,33.12317504571001
S5,continuous,E,4,488,209,takeoff,5098.736258302163,5128.736258302163,30.0,218.73625830216315
S5,continuous,E,22,488,209,landing,5181.662151133633,5371.662151133633,190.0,0.0
S5,continuous,E,31,489,261,takeoff,4890.0,4920.0,30.0,0.0
S5,continuous,E,33,489,261,landing,5111.954083320935,5301.954083320935,190.0,133.4489099543589
S5,continuous,E,22,490,27,takeoff,5371.662151133633,5401.662151133633,30.0,471.6621511336334
S5,continuous,E,36,490,27,landing,5573.7014023309275,5763.7014023309275,190.0,136.98464724231962
S5,continuous,E,33,491,172,takeoff,5301.954083320935,5331.954083320935,30.0,391.95408332093484
S5,continuous,E,0,491,172,landing,5357.784729958321,5547.784729958321,190.0,0.0
S5,continuous,E,20,492,243,takeoff,5169.866279384904,5199.866279384904,30.0,189.86627938490437
S5,continuous,E,30,492,243,landing,5281.15189584932,5471.15189584932,190.0,0.0
S5,continuous,E,7,493,61,takeoff,5305.552787239407,5335.552787239407,30.0,375.5527872394068
S5,continuous,E,12,493,61,landing,5477.435425313719,5667.435425313719,190.0,113.53092075166114
S5,continuous,E,10,494,12,takeoff,4940.0,4970.0,30.0,0.0
S5,continuous,E,14,494,12,landing,5009.602973405325,5199.602973405325,190.0,0.0
S5,continuous,E,22,495,10,takeoff,5401.662151133633,5431.662151133633,30.0,451.6621511336334
S5,continuous,E,16,495,10,landing,5524.873629567754,5714.873629567754,190.0,0.0
S5,continuous,E,38,496,126,takeoff,5080.0,5110.0,30.0,0.0
S5,continuous,E,24,496,126,landing,5583.264527937467,5773.264527937467,190.0,361.43464019808744
S5,continuous,E,32,497,134,takeoff,5334.853365807978,5364.853365807978,30.0,364.85336580797775
S5,continuous,E,35,497,134,landing,5462.839229952763,5652.839229952763,190.0,0.0
S5,continuous,E,26,498,1,takeoff,4980.0,5010.0,30.0,0.0
S5,continuous,E,6,498,1,landing,5808.897789716469,5998.897789716469,190.0,625.1088038795751
S5,continuous,E,19,499,71,takeoff,4990.0,5020.0,30.0,0.0
S5,continuous,E,10,499,71,landing,5068.442012843674,5258.442012843674,190.0,0.0
S5,continuous,E,5,500,191,takeoff,5162.535191080212,5192.535191080212,30.0,162.53519108021192
S5,continuous,E,11,500,191,landing,5306.667757715928,5496.667757715928,190.0,0.0
S5,continuous,E,16,501,182,takeoff,5010.0,5040.0,30.0,0.0
S5,continuous,E,8,501,182,landing,5382.243759641931,5572.243759641931,190.0,260.40964611435174
S5,continuous,E,23,502,192,takeoff,5020.0,5050.0,30.0,0.0
S5,continuous,E,4,502,192,landing,5144.930254910072,5334.930254910072,190.0,0.0
S5,continuous,E,15,503,184,takeoff,5030.0,5060.0,30.0,0.0
S5,continuous,E,29,503,184,landing,5192.982634757235,5382.982634757235,190.0,59.53895757240025
S5,continuous,E,24,504,248,takeoff,5773.264527937467,5803.264527937467,30.0,733.2645279374674
S5,continuous,E,31,504,248,landing,5893.480764927501,6083.480764927501,190.0,0.0
S5,continuous,E,22,505,93,takeoff,5431.662151133633,5461.662151133633,30.0,381.6621511336334
S5,continuous,E,29,505,93,landing,5548.944109082516,5738.944109082516,190.0,0.0
S5,continuous,E,7,506,6,takeoff,5335.552787239407,5365.552787239407,30.0,275.5527872394068
S5,continuous,E,39,506,6,landing,5490.451112615399,5680.451112615399,190.0,0.0
S5,continuous,E,13,507,8,takeoff,5246.673137804866,5276.673137804866,30.0,176.6731378048662
S5,continuous,E,1,507,8,landing,5335.138406744681,5525.138406744681,190.0,0.0
S5,continuous,E,32,508,51,takeoff,5364.853365807978,5394.853365807978,30.0,284.85336580797775
S5,continuous,E,23,508,51,landing,5510.572146481132,5700.572146481132,190.0,0.0
S5,continuous,E,28,509,76,takeoff,5391.899799955254,5421.899799955254,30.0,301.8997999552539
S5,continuous,E,7,509,76,landing,5528.439617185088,5718.439617185088,190.0,0.0
S5,continuous,E,37,510,19,takeoff,5185.193639548008,5215.193639548008,30.0,85.19363954800792
S5,continuous,E,1,510,19,landing,5525.138406744681,5715.138406744681,190.0,204.31196317794092
S5,continuous,E,17,511,281,takeoff,5110.0,5140.0,30.0,0.0
S5,continuous,E,39,511,281,landing,5176.530029489316,5366.530029489316,190.0,0.0
S5,continuous,E,20,512,218,takeoff,5199.866279384904,5229.866279384904,30.0,79.86627938490437
S5,continuous,E,16,512,218,landing,5310.32503563335,5500.32503563335,190.0,0.0
S5,continuous,E,31,513,108,takeoff,5130.0,5160.0,30.0,0.0
S5,continuous,E,20,513,108,landing,5307.660773855214,5497.660773855214,190.0,0.0
S5,continuous,E,1,514,206,takeoff,5242.188800735411,5272.188800735411,30.0,102.18880073541095
S5,continuous,E,24,514,206,landing,5803.264527937467,5993.264527937467,190.0,430.91749684799925
S5,continuous,E,38,515,136,takeoff,5150.0,5180.0,30.0,0.0
S5,continuous,E,6,515,136,landing,5998.897789716469,6188.897789716469,190.0,575.4487616994838
S5,continuous,E,39,516,250,takeoff,5366.530029489316,5396.530029489316,30.0,206.5300294893159
S5,continuous,E,5,516,250,landing,5497.350507544385,5687.350507544385,190.0,0.0
S5,continuous,E,37,517,140,takeoff,5215.193639548008,5245.193639548008,30.0,45.19363954800792
S5,continuous,E,10,517,140,landing,5345.309395645803,5535.309395645803,190.0,0.0
S5,continuous,E,34,518,290,takeoff,5180.0,5210.0,30.0,0.0
S5,continuous,E,32,518,290,landing,5394.853365807978,5584.853365807978,190.0,140.34836455497043
S5,continuous,E,23,519,175,takeoff,5190.0,5220.0,30.0,0.0
S5,continuous,E,31,519,175,landing,5316.541808210936,5506.541808210936,190.0,0.0
S5,continuous,E,34,520,246,takeoff,5210.0,5240.0,30.0,10.0
S5,continuous,E,21,520,246,landing,5281.630591884185,5471.630591884185,190.0,0.0
S5,continuous,E,12,521,129,takeoff,5210.0,5240.0,30.0,0.0
S5,continuous,E,37,521,129,landing,5332.349196455741,5522.349196455741,190.0,0.0
S5,continuous,E,21,522,171,takeoff,5243.791228724275,5273.791228724275,30.0,23.791228724275243
S5,continuous,E,25,522,171,landing,5373.26999591814,5563.26999591814,190.0,0.0
S5,continuous,E,3,523,12,takeoff,5230.0,5260.0,30.0,0.0
S5,continuous,E,7,523,12,landing,5718.439617185088,5908.439617185088,190.0,301.5493153318648
S5,continuous,E,24,524,188,takeoff,5993.264527937467,6023.264527937467,30.0,753.2645279374674
S5,continuous,E,2,524,188,landing,6040.029650284805,6230.029650284805,190.0,0.0
S5,continuous,E,29,525,34,takeoff,5382.982634757235,5412.982634757235,30.0,132.98263475723525
S5,continuous,E,3,525,34,landing,5474.342926990588,5664.342926990588,190.0,0.0
S5,continuous,E,6,526,170,takeoff,6188.897789716469,6218.897789716469,30.0,928.8977897164687
S5,continuous,E,30,526,170,landing,6335.161299517856,6525.161299517856,190.0,0.0
S5,continuous,E,34,527,3,takeoff,5270.0,5300.0,30.0,0.0
S5,continuous,E,20,527,3,landing,5497.660773855214,5687.660773855214,190.0,125.80824614503308
S5,continuous,E,27,528,73,takeoff,5280.0,5310.0,30.0,0.0
S5,continuous,E,33,528,73,landing,5331.954083320935,5521.954083320935,190.0,3.08388414680212
S5,continuous,E,8,529,274,takeoff,5572.243759641931,5602.243759641931,30.0,282.2437596419313
S5,continuous,E,0,529,274,landing,5656.721088486247,5846.721088486247,190.0,0.0
S5,continuous,E,13,530,60,takeoff,5360.0,5390.0,30.0,0.0
S5,continuous,E,26,530,60,landing,5433.4081020159665,5623.4081020159665,190.0,0.0
S5,continuous,E,18,531,258,takeoff,5310.0,5340.0,30.0,0.0
S5,continuous,E,25,531,258,landing,5563.26999591814,5753.26999591814,190.0,143.54743481089372
S5,continuous,E,28,532,72,takeoff,5421.899799955254,5451.899799955254,30.0,101.89979995525391
S5,continuous,E,17,532,72,landing,5548.681378472921,5738.681378472921,190.0,0.0
S5,continuous,E,0,533,65,takeoff,5547.784729958321,5577.784729958321,30.0,217.7847299583209
S5,continuous,E,11,533,65,landing,5643.653393510472,5833.653393510472,190.0,0.0
S5,continuous,E,19,534,292,takeoff,5340.0,5370.0,30.0,0.0
S5,continuous,E,7,534,292,landing,5908.439617185088,6098.439617185088,190.0,387.0639108532214
S5,continuous,E,5,535,2,takeoff,5350.0,5380.0,30.0,0.0
S5,continuous,E,37,535,2,landing,5522.349196455741,5712.349196455741,190.0,39.81400537552872
S5,continuous,E,3,536,164,takeoff,5360.0,5390.0,30.0,0.0
S5,continuous,E,23,536,164,landing,5700.572146481132,5890.572146481132,190.0,229.52695933505038
S5,continuous,E,5,537,118,takeoff,5380.0,5410.0,30.0,10.0
S5,continuous,E,31,537,118,landing,5561.185317442197,5751.185317442197,190.0,0.0
S5,continuous,E,32,538,246,takeoff,5584.853365807978,5614.853365807978,30.0,204.85336580797775
S5,continuous,E,20,538,246,landing,5719.831590825925,5909.831590825925,190.0,0.0
S5,continuous,E,31,539,165,takeoff,5751.185317442197,5781.185317442197,30.0,181.18531744219672
S5,continuous,E,17,539,165,landing,5894.112644212458,6084.112644212458,190.0,0.0
S5,continuous,E,25,540,46,takeoff,5753.26999591814,5783.26999591814,30.0,353.26999591814
S5,continuous,E,0,540,46,landing,5846.721088486247,6036.721088486247,190.0,61.54808910794782
S5,continuous,E,37,541,163,takeoff,5712.349196455741,5742.349196455741,30.0,302.34919645574064
S5,continuous,E,24,541,163,landing,6023.264527937467,6213.264527937467,190.0,186.63301162563857
S5,continuous,E,22,542,24,takeoff,5461.662151133633,5491.662151133633,30.0,41.662151133633415
S5,continuous,E,17,542,24,landing,6084.112644212458,6274.112644212458,190.0,495.23105778954505
S5,continuous,E,11,543,150,takeoff,5496.667757715928,5526.667757715928,30.0,66.66775771592802
S5,continuous,E,38,543,150,landing,5574.19229668355,5764.19229668355,190.0,0.0
S5,continuous,E,11,544,185,takeoff,5526.667757715928,5556.667757715928,30.0,86.66775771592802
S5,continuous,E,2,544,185,landing,5648.520621262472,5838.520621262472,190.0,0.0
S5,continuous,E,13,545,145,takeoff,5450.0,5480.0,30.0,0.0
S5,continuous,E,22,545,145,landing,5538.408852273393,5728.408852273393,190.0,0.0
S5,continuous,E,7,546,42,takeoff,6098.439617185088,6128.439617185088,30.0,578.4396171850876
S5,continuous,E,23,546,42,landing,6233.1893244450885,6423.1893244450885,190.0,0.0
S5,continuous,E,27,547,182,takeoff,5470.0,5500.0,30.0,0.0
S5,continuous,E,19,547,182,landing,5569.476357334452,5759.476357334452,190.0,0.0
S5,continuous,E,36,548,158,takeoff,5763.7014023309275,5793.7014023309275,30.0,283.7014023309275
S5,continuous,E,8,548,158,landing,5820.794440481911,6010.794440481911,190.0,0.0
S5,continuous,E,21,549,166,takeoff,5490.0,5520.0,30.0,0.0
S5,continuous,E,14,549,166,landing,5622.803416334001,5812.803416334001,190.0,0.0
S5,continuous,E,35,550,186,takeoff,5652.839229952763,5682.839229952763,30.0,152.83922995276316
S5,continuous,E,13,550,186,landing,5708.563972153381,5898.563972153381,190.0,0.0
S5,continuous,E,10,551,68,takeoff,5535.309395645803,5565.309395645803,30.0,25.309395645803306
S5,continuous,E,32,551,68,landing,5686.402468973742,5876.402468973742,190.0,0.0
S5,continuous,E,23,552,244,takeoff,5890.572146481132,5920.572146481132,30.0,370.5721464811322
S5,continuous,E,15,552,244,landing,5993.717539802495,6183.717539802495,190.0,0.0
S5,continuous,E,11,553,41,takeoff,5556.667757715928,5586.667757715928,30.0,26.66775771592802
S5,continuous,E,21,553,41,landing,5637.365296862051,5827.365296862051,190.0,0.0
S5,continuous,E,27,554,255,takeoff,5540.0,5570.0,30.0,0.0
S5,continuous,E,1,554,255,landing,5715.138406744681,5905.138406744681,190.0,81.64695290299369
S5,continuous,E,38,555,225,takeoff,5764.19229668355,5794.19229668355,30.0,214.19229668355
S5,continuous,E,34,555,225,landing,5821.1076083366415,6011.1076083366415,190.0,0.0
S5,continuous,E,11,556,75,takeoff,5833.653393510472,5863.653393510472,30.0,213.6533935104717
S5,continuous,E,6,556,75,landing,6218.897789716469,6408.897789716469,190.0,218.03640701088352
S5,continuous,E,16,557,131,takeoff,5714.873629567754,5744.873629567754,30.0,144.8736295677536
S5,continuous,E,31,557,131,landing,6083.480764927501,6273.480764927501,190.0,190.49201928268212
S5,continuous,E,21,558,22,takeoff,5827.365296862051,5857.365296862051,30.0,187.36529686205085
S5,continuous,E,0,558,22,landing,6036.721088486247,6226.721088486247,190.0,103.97520062880812
S5,continuous,E,30,559,105,takeoff,5770.0,5800.0,30.0,0.0
S5,continuous,E,23,559,105,landing,5947.112567977362,6137.112567977362,190.0,0.0
S5,continuous,E,9,560,191,takeoff,5600.0,5630.0,30.0,0.0
S5,continuous,E,5,560,191,landing,5738.9233962277585,5928.9233962277585,190.0,0.0
S5,continuous,E,0,561,152,takeoff,5610.0,5640.0,30.0,0.0
S5,continuous,E,1,561,152,landing,5905.138406744681,6095.138406744681,190.0,176.90578536280555
S5,continuous,E,19,562,190,takeoff,5759.476357334452,5789.476357334452,30.0,139.47635733445168
S5,continuous,E,38,562,190,landing,5832.660075408563,6022.660075408563,190.0,0.0
S5,continuous,E,11,563,147,takeoff,5863.653393510472,5893.653393510472,30.0,233.6533935104717
S5,continuous,E,18,563,147,landing,6021.6225638267015,6211.6225638267015,190.0,0.0
S5,continuous,E,27,564,285,takeoff,5640.0,5670.0,30.0,0.0
S5,continuous,E,21,564,285,landing,5857.365296862051,6047.365296862051,190.0,101.94384054022521
S5,continuous,E,17,565,233,takeoff,5830.0,5860.0,30.0,0.0
S5,continuous,E,1,565,233,landing,6095.138406744681,6285.138406744681,190.0,167.7015950962059
S5,continuous,E,8,566,281,takeoff,5660.0,5690.0,30.0,0.0
S5,continuous,E,39,566,281,landing,5732.538407110363,5922.538407110363,190.0,0.0
S5,continuous,E,33,567,124,takeoff,5800.701412749251,5830.701412749251,30.0,130.70141274925118
S5,continuous,E,3,567,124,landing,5864.416789365256,6054.416789365256,190.0,0.0
S5,continuous,E,24,568,13,takeoff,6213.264527937467,6243.264527937467,30.0,533.2645279374674
S5,continuous,E,28,568,13,landing,6332.564815315638,6522.564815315638,190.0,0.0
S5,continuous,E,28,569,103,takeoff,5690.0,5720.0,30.0,0.0
S5,continuous,E,7,569,103,landing,6128.439617185088,6318.439617185088,190.0,241.8997999552539
S5,continuous,E,10,570,183,takeoff,5700.0,5730.0,30.0,0.0
S5,continuous,E,35,570,183,landing,5789.45440322533,5979.45440322533,190.0,0.0
S5,continuous,E,39,571,155,takeoff,5922.538407110363,5952.538407110363,30.0,212.53840711036264
S5,continuous,E,20,571,155,landing,6016.383747450196,6206.383747450196,190.0,0.0
S5,continuous,E,14,572,299,takeoff,5812.803416334001,5842.803416334001,30.0,92.80341633400076
S5,continuous,E,23,572,299,landing,6423.1893244450885,6613.1893244450885,190.0,463.51834821024295
S5,continuous,E,11,573,226,takeoff,5893.653393510472,5923.653393510472,30.0,163.6533935104717
S5,continuous,E,25,573,226,landing,5941.0233510796925,6131.0233510796925,190.0,0.0
S5,continuous,E,12,574,297,takeoff,5740.0,5770.0,30.0,0.0
S5,continuous,E,27,574,297,landing,5892.577238181427,6082.577238181427,190.0,96.1669286637989
S5,continuous,E,27,575,245,takeoff,6082.577238181427,6112.577238181427,30.0,332.57723818142676
S5,continuous,E,11,575,245,landing,6186.779387691743,6376.779387691743,190.0,0.0
S5,continuous,E,11,576,77,takeoff,5923.653393510472,5953.653393510472,30.0,163.6533935104717
S5,continuous,E,28,576,77,landing,6039.65100736074,6229.65100736074,190.0,0.0
S5,continuous,E,24,577,90,takeoff,6243.264527937467,6273.264527937467,30.0,473.2645279374674
S5,continuous,E,10,577,90,landing,6333.5756115211125,6523.5756115211125,190.0,0.0
S5,continuous,E,29,578,139,takeoff,5780.0,5810.0,30.0,0.0
S5,continuous,E,26,578,139,landing,5917.8951646989135,6107.8951646989135,190.0,0.0
S5,continuous,E,38,579,205,takeoff,6022.660075408563,6052.660075408563,30.0,172.660075408563
S5,continuous,E,5,579,205,landing,6174.9319685590035,6364.9319685590035,190.0,0.0
S5,continuous,E,18,580,184,takeoff,5800.0,5830.0,30.0,0.0
S5,continuous,E,8,580,184,landing,6010.794440481911,6200.794440481911,190.0,120.17601963326524
S5,continuous,E,18,581,135,takeoff,5830.0,5860.0,30.0,20.0
S5,continuous,E,29,581,135,landing,5934.908954837109,6124.908954837109,190.0,0.0
S5,continuous,E,1,582,109,takeoff,6285.138406744681,6315.138406744681,30.0,465.13840674468065
S5,continuous,E,10,582,109,landing,6523.5756115211125,6713.5756115211125,190.0,140.35401151848964
S5,continuous,E,21,583,110,takeoff,6047.365296862051,6077.365296862051,30.0,217.36529686205085
S5,continuous,E,4,583,110,landing,6142.496538519029,6332.496538519029,190.0,0.0
S5,continuous,E,18,584,133,takeoff,5860.0,5890.0,30.0,20.0
S5,continuous,E,1,584,133,landing,6315.138406744681,6505.138406744681,190.0,302.11030939260036
S5,continuous,E,31,585,121,takeoff,6273.480764927501,6303.480764927501,30.0,363.4807649275008
S5,continuous,E,30,585,121,landing,6525.161299517856,6715.161299517856,190.0,143.82252759756557
S5,continuous,E,20,586,9,takeoff,5909.831590825925,5939.831590825925,30.0,49.83159082592465
S5,continuous,E,8,586,9,landing,6200.794440481911,6390.794440481911,190.0,187.47320306600614
S5,continuous,E,21,587,212,takeoff,6077.365296862051,6107.365296862051,30.0,207.36529686205085
S5,continuous,E,17,587,212,landing,6274.112644212458,6464.112644212458,190.0,60.08583907756474
S5,continuous,E,27,588,59,takeoff,6112.577238181427,6142.577238181427,30.0,232.57723818142676
S5,continuous,E,37,588,59,landing,6243.835660561174,6433.835660561174,190.0,0.0
S5,continuous,E,17,589,253,takeoff,6464.112644212458,6494.112644212458,30.0,574.1126442124578
S5,continuous,E,4,589,253,landing,6540.336045754628,6730.336045754628,190.0,0.0
S5,continuous,E,37,590,50,takeoff,5900.0,5930.0,30.0,0.0
S5,continuous,E,24,590,50,landing,6273.264527937467,6463.264527937467,190.0,228.9822080813792
S5,continuous,E,15,591,120,takeoff,6183.717539802495,6213.717539802495,30.0,213.71753980249468
S5,continuous,E,19,591,120,landing,6291.252357669295,6481.252357669295,190.0,0.0
S5,continuous,E,23,592,132,takeoff,6137.112567977362,6167.112567977362,30.0,217.11256797736223
S5,continuous,E,15,592,132,landing,6260.257961298725,6450.257961298725,190.0,0.0
S5,continuous,E,35,593,148,takeoff,5979.45440322533,6009.45440322533,30.0,49.45440322532977
S5,continuous,E,12,593,148,landing,6068.709653384152,6258.709653384152,190.0,0.0
S5,continuous,E,26,594,139,takeoff,6107.8951646989135,6137.8951646989135,30.0,167.8951646989135
S5,continuous,E,35,594,139,landing,6210.925371349849,6400.925371349849,190.0,0.0
S5,continuous,E,13,595,30,takeoff,5950.0,5980.0,30.0,0.0
S5,continuous,E,33,595,30,landing,5974.703574572074,6164.703574572074,190.0,0.0
S5,continuous,E,27,596,257,takeoff,6142.577238181427,6172.577238181427,30.0,182.57723818142676
S5,continuous,E,37,596,257,landing,6433.835660561174,6623.835660561174,190.0,160.0
S5,continuous,E,3,597,107,takeoff,6054.416789365256,6084.416789365256,30.0,84.41678936525568
S5,continuous,E,19,597,107,landing,6481.252357669295,6671.252357669295,190.0,284.4485812524417
S5,continuous,E,29,598,127,takeoff,6124.908954837109,6154.908954837109,30.0,144.90895483710938
S5,continuous,E,21,598,127,landing,6286.8406505455405,6476.8406505455405,190.0,0.0
S5,continuous,E,33,599,88,takeoff,6164.703574572074,6194.703574572074,30.0,174.7035745720741
S5,continuous,E,34,599,88,landing,6235.008802811041,6425.008802811041,190.0,0.0
S5,continuous,E,17,600,171,takeoff,6494.112644212458,6524.112644212458,30.0,494.1126442124578
S5,continuous,E,35,600,171,landing,6530.780584152506,6720.780584152506,190.0,0.0
S5,continuous,E,27,601,292,takeoff,6172.577238181427,6202.577238181427,30.0,162.57723818142676
S5,continuous,E,4,601,292,landing,6332.496538519029,6522.496538519029,190.0,98.56296772143378
S5,continuous,E,27,602,234,takeoff,6202.577238181427,6232.577238181427,30.0,182.57723818142676
S5,continuous,E,38,602,234,landing,6330.979499474996,6520.979499474996,190.0,0.0
S5,continuous,E,6,603,225,takeoff,6408.897789716469,6438.897789716469,30.0,378.89778971646865
S5,continuous,E,36,603,225,landing,6490.7828925991735,6680.7828925991735,190.0,0.0
S5,continuous,E,34,604,91,takeoff,6040.0,6070.0,30.0,0.0
S5,continuous,E,32,604,91,landing,6094.505001253007,6284.505001253007,190.0,0.0
S5,continuous,E,29,605,254,takeoff,6154.908954837109,6184.908954837109,30.0,104.90895483710938
S5,continuous,E,34,605,254,landing,6425.008802811041,6615.008802811041,190.0,156.64443104679867
S5,continuous,E,11,606,194,takeoff,6060.0,6090.0,30.0,0.0
S5,continuous,E,19,606,194,landing,6671.252357669295,6861.252357669295,190.0,499.00282735805285
S5,continuous,E,24,607,244,takeoff,6463.264527937467,6493.264527937467,30.0,393.2645279374674
S5,continuous,E,16,607,244,landing,6507.496321974824,6697.496321974824,190.0,0.0
S5,continuous,E,9,608,198,takeoff,6080.0,6110.0,30.0,0.0
S5,continuous,E,22,608,198,landing,6165.951248394398,6355.951248394398,190.0,0.0
S5,continuous,E,2,609,220,takeoff,6230.029650284805,6260.029650284805,30.0,140.02965028480503
S5,continuous,E,14,609,220,landing,6343.115057679999,6533.115057679999,190.0,0.0
S5,continuous,E,36,610,124,takeoff,6100.0,6130.0,30.0,0.0
S5,continuous,E,13,610,124,landing,6116.85342381622,6306.85342381622,190.0,0.0
S5,continuous,E,0,611,145,takeoff,6226.721088486247,6256.721088486247,30.0,116.72108848624703
S5,continuous,E,35,611,145,landing,6720.780584152506,6910.780584152506,190.0,389.45560568220844
S5,continuous,E,20,612,87,takeoff,6206.383747450196,6236.383747450196,30.0,86.3837474501961
S5,continuous,E,2,612,87,landing,6330.560122753092,6520.560122753092,190.0,0.0
S5,continuous,E,25,613,130,takeoff,6131.0233510796925,6161.0233510796925,30.0,1.0233510796924747
S5,continuous,E,39,613,130,landing,6184.240483539488,6374.240483539488,190.0,0.0
S5,continuous,E,2,614,199,takeoff,6520.560122753092,6550.560122753092,30.0,200.5601227530924
S5,continuous,E,10,614,199,landing,6713.5756115211125,6903.5756115211125,190.0,73.5940312813791
S5,continuous,E,11,615,123,takeoff,6150.0,6180.0,30.0,0.0
S5,continuous,E,26,615,123,landing,6259.590761116265,6449.590761116265,190.0,0.0
S5,continuous,E,27,616,61,takeoff,6232.577238181427,6262.577238181427,30.0,72.57723818142676
S5,continuous,E,23,616,61,landing,6613.1893244450885,6803.1893244450885,190.0,206.08074091261915
S5,continuous,E,1,617,22,takeoff,6505.138406744681,6535.138406744681,30.0,335.13840674468065
S5,continuous,E,20,617,22,landing,6593.017625947876,6783.017625947876,190.0,0.0
S5,continuous,E,37,618,154,takeoff,6623.835660561174,6653.835660561174,30.0,383.83566056117434
S5,continuous,E,19,618,154,landing,6861.252357669295,7051.252357669295,190.0,171.9452041892837
S5,continuous,E,15,619,219,takeoff,6213.717539802495,6243.717539802495,30.0,23.717539802494684
S5,continuous,E,36,619,219,landing,6295.110934736051,6485.110934736051,190.0,0.0
S5,continuous,E,0,620,186,takeoff,6256.721088486247,6286.721088486247,30.0,56.72108848624703
S5,continuous,E,14,620,186,landing,6533.115057679999,6723.115057679999,190.0,168.5630622007966
S5,continuous,E,1,621,38,takeoff,6535.138406744681,6565.138406744681,30.0,325.13840674468065
S5,continuous,E,36,621,38,landing,6680.7828925991735,6870.7828925991735,190.0,44.70136639862267
S5,continuous,E,1,622,158,takeoff,6565.138406744681,6595.138406744681,30.0,345.13840674468065
S5,continuous,E,0,622,158,landing,6683.371028126556,6873.371028126556,190.0,0.0
S5,continuous,E,10,623,284,takeoff,6903.5756115211125,6933.5756115211125,30.0,553.5756115211125
S5,continuous,E,21,623,284,landing,7039.356572696916,7229.356572696916,190.0,0.0
S5,continuous,E,32,624,185,takeoff,6284.505001253007,6314.505001253007,30.0,44.50500125300732
S5,continuous,E,19,624,185,landing,7051.252357669295,7241.252357669295,190.0,615.1078378390912
S5,continuous,E,37,625,138,takeoff,6653.835660561174,6683.835660561174,30.0,403.83566056117434
S5,continuous,E,5,625,138,landing,6786.370851641386,6976.370851641386,190.0,0.0
S5,continuous,E,25,626,239,takeoff,6260.0,6290.0,30.0,0.0
S5,continuous,E,0,626,239,landing,6291.903003460159,6481.903003460159,190.0,0.0
S5,continuous,E,34,627,152,takeoff,6615.008802811041,6645.008802811041,30.0,345.0088028110413
S5,continuous,E,15,627,152,landing,6698.485197167407,6888.485197167407,190.0,0.0
S5,continuous,E,24,628,230,takeoff,6493.264527937467,6523.264527937467,30.0,213.2645279374674
S5,continuous,E,13,628,230,landing,6550.449420545764,6740.449420545764,190.0,0.0
S5,continuous,E,33,629,69,takeoff,6290.0,6320.0,30.0,0.0
S5,continuous,E,13,629,69,landing,6320.771858345829,6510.771858345829,190.0,0.0
S5,continuous,E,16,630,50,takeoff,6300.0,6330.0,30.0,0.0
S5,continuous,E,26,630,50,landing,6449.590761116265,6639.590761116265,190.0,23.18626557819971
S5,continuous,E,39,631,97,takeoff,6374.240483539488,6404.240483539488,30.0,64.2404835394882
S5,continuous,E,0,631,97,landing,6481.903003460159,6671.903003460159,190.0,21.341190303392978
S5,continuous,E,35,632,57,takeoff,6910.780584152506,6940.780584152506,30.0,350.780584152506
S5,continuous,E,37,632,57,landing,7040.385623951076,7230.385623951076,190.0,0.0
S5,continuous,E,32,633,56,takeoff,6330.0,6360.0,30.0,0.0
S5,continuous,E,23,633,56,landing,6803.1893244450885,6993.1893244450885,190.0,227.470543771934
S5,continuous,E,14,634,282,takeoff,6723.115057679999,6753.115057679999,30.0,383.11505767999915
S5,continuous,E,5,634,282,landing,6976.370851641386,7166.370851641386,190.0,150.14452762146266
S5,continuous,E,14,635,260,takeoff,6753.115057679999,6783.115057679999,30.0,403.11505767999915
S5,continuous,E,16,635,260,landing,6848.151837121385,7038.151837121385,190.0,0.0
S5,continuous,E,39,636,86,takeoff,6404.240483539488,6434.240483539488,30.0,44.240483539488196
S5,continuous,E,15,636,86,landing,6466.731256619284,6656.731256619284,190.0,0.0
S5,continuous,E,15,637,274,takeoff,6656.731256619284,6686.731256619284,30.0,286.73125661928407
S5,continuous,E,37,637,274,landing,6796.722919021048,6986.722919021048,190.0,0.0
S5,continuous,E,18,638,165,takeoff,6380.0,6410.0,30.0,0.0
S5,continuous,E,26,638,165,landing,6639.590761116265,6829.590761116265,190.0,139.01608293722438
S5,continuous,E,18,639,130,takeoff,6410.0,6440.0,30.0,20.0
S5,continuous,E,15,639,130,landing,6888.485197167407,7078.485197167407,190.0,325.7062872884462
S5,continuous,E,39,640,212,takeoff,6434.240483539488,6464.240483539488,30.0,34.240483539488196
S5,continuous,E,22,640,212,landing,6528.055084576851,6718.055084576851,190.0,0.0
S5,continuous,E,28,641,58,takeoff,6522.564815315638,6552.564815315638,30.0,112.56481531563804
S5,continuous,E,25,641,58,landing,6581.6386618404385,6771.6386618404385,190.0,0.0
S5,continuous,E,33,642,287,takeoff,6420.0,6450.0,30.0,0.0
S5,continuous,E,15,642,287,landing,7078.485197167407,7268.485197167407,190.0,544.0938764529164
S5,continuous,E,2,643,202,takeoff,6550.560122753092,6580.560122753092,30.0,120.5601227530924
S5,continuous,E,21,643,202,landing,6680.275113923525,6870.275113923525,190.0,0.0
S5,continuous,E,22,644,143,takeoff,6440.0,6470.0,30.0,0.0
S5,continuous,E,3,644,143,landing,6584.223102520465,6774.223102520465,190.0,0.0
S5,continuous,E,25,645,111,takeoff,6450.0,6480.0,30.0,0.0
S5,continuous,E,18,645,111,landing,6572.668561404828,6762.668561404828,190.0,0.0
S5,continuous,E,24,646,245,takeoff,6523.264527937467,6553.264527937467,30.0,63.26452793746739
S5,continuous,E,26,646,245,landing,6829.590761116265,7019.590761116265,190.0,205.98589671474747
S5,continuous,E,33,647,164,takeoff,6470.0,6500.0,30.0,0.0
S5,continuous,E,32,647,164,landing,6582.276017956195,6772.276017956195,190.0,0.0
S5,continuous,E,8,648,64,takeoff,6480.0,6510.0,30.0,0.0
S5,continuous,E,19,648,64,landing,7241.252357669295,7431.252357669295,190.0,584.6551267497989
S5,continuous,E,3,649,7,takeoff,6490.0,6520.0,30.0,0.0
S5,continuous,E,4,649,7,landing,6730.336045754628,6920.336045754628,190.0,167.75200682479408
S5,continuous,E,25,650,231,takeoff,6771.6386618404385,6801.6386618404385,30.0,211.63866184043854
S5,continuous,E,14,650,231,landing,6854.58683209517,7044.58683209517,190.0,0.0
S5,continuous,E,8,651,115,takeoff,6510.0,6540.0,30.0,0.0
S5,continuous,E,34,651,115,landing,6645.008802811041,6835.008802811041,190.0,41.33105894974506
S5,continuous,E,18,652,89,takeoff,6520.0,6550.0,30.0,0.0
S5,continuous,E,6,652,89,landing,6697.456019147969,6887.456019147969,190.0,0.0
S5,continuous,E,36,653,0,takeoff,6870.7828925991735,6900.7828925991735,30.0,340.78289259917346
S5,continuous,E,0,653,0,landing,6933.00514487998,7123.00514487998,190.0,0.0
S5,continuous,E,33,654,244,takeoff,6540.0,6570.0,30.0,0.0
S5,continuous,E,25,654,244,landing,6801.6386618404385,6991.6386618404385,190.0,206.3126069615564
S5,continuous,E,14,655,55,takeoff,6783.115057679999,6813.115057679999,30.0,233.11505767999915
S5,continuous,E,29,655,55,landing,6874.922614808631,7064.922614808631,190.0,0.0
S5,continuous,E,20,656,240,takeoff,6783.017625947876,6813.017625947876,30.0,163.01762594787579
S5,continuous,E,26,656,240,landing,7019.590761116265,7209.590761116265,190.0,96.3809410618951
S5,continuous,E,16,657,201,takeoff,6697.496321974824,6727.496321974824,30.0,127.49632197482424
S5,continuous,E,1,657,201,landing,6788.3691609663465,6978.3691609663465,190.0,0.0
S5,continuous,E,37,658,46,takeoff,6683.835660561174,6713.835660561174,30.0,103.83566056117434
S5,continuous,E,35,658,46,landing,6940.780584152506,7130.780584152506,190.0,127.33988379276161
S5,continuous,E,11,659,120,takeoff,6590.0,6620.0,30.0,0.0
S5,continuous,E,35,659,120,landing,7130.780584152506,7320.780584152506,190.0,405.4560257442881
S5,continuous,E,16,660,68,takeoff,6727.496321974824,6757.496321974824,30.0,127.49632197482424
S5,continuous,E,22,660,68,landing,6850.707800408944,7040.707800408944,190.0,0.0
S5,continuous,E,2,661,271,takeoff,6610.0,6640.0,30.0,0.0
S5,continuous,E,13,661,271,landing,6740.449420545764,6930.449420545764,190.0,41.0421343472608
S5,continuous,E,8,662,34,takeoff,6620.0,6650.0,30.0,0.0
S5,continuous,E,33,662,34,landing,6659.6022768142175,6849.6022768142175,190.0,0.0
S5,continuous,E,13,663,76,takeoff,6930.449420545764,6960.449420545764,30.0,300.44942054576404
S5,continuous,E,23,663,76,landing,6998.583687625742,7188.583687625742,190.0,0.0
S5,continuous,E,1,664,256,takeoff,6640.0,6670.0,30.0,0.0
S5,continuous,E,17,664,256,landing,6737.436811648475,6927.436811648475,190.0,0.0
S5,continuous,E,29,665,147,takeoff,6650.0,6680.0,30.0,0.0
S5,continuous,E,10,665,147,landing,6933.5756115211125,7123.5756115211125,190.0,159.5738003698798
S5,continuous,E,22,666,67,takeoff,6718.055084576851,6748.055084576851,30.0,58.055084576851186
S5,continuous,E,20,666,67,landing,6884.739356806898,7074.739356806898,190.0,0.0
S5,continuous,E,31,667,156,takeoff,6670.0,6700.0,30.0,0.0
S5,continuous,E,32,667,156,landing,6772.276017956195,6962.276017956195,190.0,0.16806989353426616
S5,continuous,E,10,668,10,takeoff,7123.5756115211125,7153.5756115211125,30.0,443.5756115211125
S5,continuous,E,18,668,10,landing,7238.269767571028,7428.269767571028,190.0,0.0
S5,continuous,E,23,669,254,takeoff,7188.583687625742,7218.583687625742,30.0,498.58368762574173
S5,continuous,E,22,669,254,landing,7304.301538442169,7494.301538442169,190.0,0.0
S5,continuous,E,21,670,272,takeoff,6870.275113923525,6900.275113923525,30.0,170.27511392352517
S5,continuous,E,7,670,272,landing,7057.319121475108,7247.319121475108,190.0,0.0
S5,continuous,E,21,671,290,takeoff,6900.275113923525,6930.275113923525,30.0,190.27511392352517
S5,continuous,E,4,671,290,landing,6995.406355580503,7185.406355580503,190.0,0.0
S5,continuous,E,11,672,137,takeoff,6720.0,6750.0,30.0,0.0
S5,continuous,E,26,672,137,landing,7209.590761116265,7399.590761116265,190.0,380.0
S5,continuous,E,10,673,188,takeoff,7153.5756115211125,7183.5756115211125,30.0,423.5756115211125
S5,continuous,E,0,673,188,landing,7248.548210984869,7438.548210984869,190.0,0.0
S5,continuous,E,30,674,172,takeoff,6740.0,6770.0,30.0,0.0
S5,continuous,E,38,674,172,landing,6809.8619495751545,6999.8619495751545,190.0,0.0
S5,continuous,E,39,675,48,takeoff,6750.0,6780.0,30.0,0.0
S5,continuous,E,33,675,48,landing,6849.6022768142175,7039.6022768142175,190.0,43.37929626459572
S5,continuous,E,36,676,118,takeoff,6900.7828925991735,6930.7828925991735,30.0,140.78289259917346
S5,continuous,E,22,676,118,landing,7040.707800408944,7230.707800408944,190.0,78.79718434666484
S5,continuous,E,30,677,180,takeoff,6770.0,6800.0,30.0,0.0
S5,continuous,E,14,677,180,landing,7044.58683209517,7234.58683209517,190.0,176.22037910578183
S5,continuous,E,7,678,238,takeoff,6780.0,6810.0,30.0,0.0
S5,continuous,E,32,678,238,landing,6985.288478324627,7175.288478324627,190.0,0.0
S5,continuous,E,9,679,122,takeoff,6790.0,6820.0,30.0,0.0
S5,continuous,E,7,679,122,landing,7247.319121475108,7437.319121475108,190.0,289.1481043243175
S5,continuous,E,23,680,52,takeoff,7218.583687625742,7248.583687625742,30.0,418.58368762574173
S5,continuous,E,38,680,52,landing,7346.762273540281,7536.762273540281,190.0,0.0
S5,continuous,E,35,681,146,takeoff,7320.780584152506,7350.780584152506,30.0,510.780584152506
S5,continuous,E,34,681,146,landing,7396.3363184870195,7586.3363184870195,190.0,0.0
S5,continuous,E,35,682,277,takeoff,7350.780584152506,7380.780584152506,30.0,530.780584152506
S5,continuous,E,1,682,277,landing,7430.298735583648,7620.298735583648,190.0,0.0
S5,continuous,E,30,683,218,takeoff,6830.0,6860.0,30.0,0.0
S5,continuous,E,18,683,218,landing,6936.828802098149,7126.828802098149,190.0,0.0
S5,continuous,E,34,684,283,takeoff,6840.0,6870.0,30.0,0.0
S5,continuous,E,30,684,283,landing,6910.527683782797,7100.527683782797,190.0,0.0
S5,continuous,E,16,685,65,takeoff,7038.151837121385,7068.151837121385,30.0,188.15183712138514
S5,continuous,E,9,685,65,landing,7104.866826662677,7294.866826662677,190.0,0.0
S5,continuous,E,0,686,82,takeoff,6873.371028126556,6903.371028126556,30.0,13.371028126555757
S5,continuous,E,9,686,82,landing,7294.866826662677,7484.866826662677,190.0,295.29528411859155
S5,continuous,E,8,687,70,takeoff,6870.0,6900.0,30.0,0.0
S5,continuous,E,33,687,70,landing,7039.6022768142175,7229.6022768142175,190.0,130.0
S5,continuous,E,0,688,127,takeoff,7123.00514487998,7153.00514487998,30.0,243.00514487998043
S5,continuous,E,13,688,127,landing,7197.796039722315,7387.796039722315,190.0,0.0
S5,continuous,E,22,689,211,takeoff,7230.707800408944,7260.707800408944,30.0,340.7078004089444
S5,continuous,E,32,689,211,landing,7400.390261542704,7590.390261542704,190.0,0.0
S5,continuous,E,14,690,190,takeoff,7234.58683209517,7264.58683209517,30.0,334.5868320951704
S5,continuous,E,21,690,190,landing,7367.390248429171,7557.390248429171,190.0,0.0
S5,continuous,E,22,691,261,takeoff,7260.707800408944,7290.707800408944,30.0,350.7078004089444
S5,continuous,E,23,691,261,landing,7376.425651225371,7566.425651225371,190.0,0.0
S5,continuous,E,30,692,50,takeoff,7100.527683782797,7130.527683782797,30.0,180.52768378279688
S5,continuous,E,10,692,50,landing,7202.495916033287,7392.495916033287,190.0,0.0
S5,continuous,E,15,693,55,takeoff,7268.485197167407,7298.485197167407,30.0,338.485197167407
S5,continuous,E,35,693,55,landing,7380.780584152506,7570.780584152506,190.0,26.045219812745017
S5,continuous,E,6,694,181,takeoff,6940.0,6970.0,30.0,0.0
S5,continuous,E,11,694,181,landing,7107.207989195113,7297.207989195113,190.0,0.0
S5,continuous,E,6,695,283,takeoff,6970.0,7000.0,30.0,20.0
S5,continuous,E,37,695,283,landing,7230.385623951076,7420.385623951076,190.0,92.72294814610268
S5,continuous,E,24,696,113,takeoff,6960.0,6990.0,30.0,0.0
S5,continuous,E,5,696,113,landing,7166.370851641386,7356.370851641386,190.0,70.08152367622006
S5,continuous,E,24,697,212,takeoff,6990.0,7020.0,30.0,20.0
S5,continuous,E,0,697,212,landing,7438.548210984869,7628.548210984869,190.0,326.3055300910628
S5,continuous,E,17,698,149,takeoff,6980.0,7010.0,30.0,0.0
S5,continuous,E,30,698,149,landing,7130.527683782797,7320.527683782797,190.0,17.438162688346893
S5,continuous,E,6,699,199,takeoff,7000.0,7030.0,30.0,10.0
S5,continuous,E,23,699,199,landing,7566.425651225371,7756.425651225371,190.0,414.4307335099311
S5,continuous,E,27,700,151,takeoff,7000.0,7030.0,30.0,0.0
S5,continuous,E,3,700,151,landing,7083.709922529844,7273.709922529844,190.0,0.0
S5,continuous,E,36,701,205,takeoff,7010.0,7040.0,30.0,0.0
S5,continuous,E,9,701,205,landing,7484.866826662677,7674.866826662677,190.0,366.29978311966806
S5,continuous,E,1,702,278,takeoff,7020.0,7050.0,30.0,0.0
S5,continuous,E,28,702,278,landing,7156.779867534782,7346.779867534782,190.0,0.0
S5,continuous,E,24,703,98,takeoff,7030.0,7060.0,30.0,0.0
S5,continuous,E,22,703,98,landing,7494.301538442169,7684.301538442169,190.0,340.61440503817903
S5,continuous,E,17,704,155,takeoff,7040.0,7070.0,30.0,0.0
S5,continuous,E,37,704,155,landing,7420.385623951076,7610.385623951076,190.0,221.14987071472478
S5,continuous,E,19,705,220,takeoff,7431.252357669295,7461.252357669295,30.0,381.2523576692947
S5,continuous,E,25,705,220,landing,7448.709987489609,7638.709987489609,190.0,0.0
S5,continuous,E,20,706,94,takeoff,7074.739356806898,7104.739356806898,30.0,14.739356806898286
S5,continuous,E,8,706,94,landing,7158.229003396878,7348.229003396878,190.0,0.0
S5,continuous,E,14,707,219,takeoff,7264.58683209517,7294.58683209517,30.0,194.5868320951704
S5,continuous,E,5,707,219,landing,7367.698098435095,7557.698098435095,190.0,0.0
S5,continuous,E,7,708,298,takeoff,7437.319121475108,7467.319121475108,30.0,357.31912147510775
S5,continuous,E,30,708,298,landing,7596.754777780997,7786.754777780997,190.0,0.0
S5,continuous,E,11,709,245,takeoff,7297.207989195113,7327.207989195113,30.0,207.20798919511344
S5,continuous,E,0,709,245,landing,7628.548210984869,7818.548210984869,190.0,195.47155823760477
S5,continuous,E,13,710,105,takeoff,7100.0,7130.0,30.0,0.0
S5,continuous,E,24,710,105,landing,7157.184892608297,7347.184892608297,190.0,0.0
S5,continuous,E,10,711,86,takeoff,7392.495916033287,7422.495916033287,30.0,282.49591603328736
S5,continuous,E,24,711,86,landing,7482.806999616932,7672.806999616932,190.0,0.0
S5,continuous,E,13,712,93,takeoff,7130.0,7160.0,30.0,10.0
S5,continuous,E,3,712,93,landing,7273.709922529844,7463.709922529844,190.0,66.07681720563141
S5,continuous,E,0,713,163,takeoff,7153.00514487998,7183.00514487998,30.0,23.005144879980435
S5,continuous,E,39,713,163,landing,7239.3264744972585,7429.3264744972585,190.0,0.0
S5,continuous,E,9,714,253,takeoff,7674.866826662677,7704.866826662677,30.0,534.8668266626773
S5,continuous,E,18,714,253,landing,7766.499076040608,7956.499076040608,190.0,0.0
S5,continuous,E,7,715,223,takeoff,7467.319121475108,7497.319121475108,30.0,317.31912147510775
S5,continuous,E,22,715,223,landing,7684.301538442169,7874.301538442169,190.0,80.63818746954894
S5,continuous,E,17,716,46,takeoff,7160.0,7190.0,30.0,0.0
S5,continuous,E,1,716,46,landing,7620.298735583648,7810.298735583648,190.0,342.86192393517285
S5,continuous,E,28,717,71,takeoff,7346.779867534782,7376.779867534782,30.0,176.77986753478217
S5,continuous,E,27,717,71,landing,7456.971334353094,7646.971334353094,190.0,0.0
S5,continuous,E,29,718,297,takeoff,7240.0,7270.0,30.0,0.0
S5,continuous,E,9,718,297,landing,7704.866826662677,7894.866826662677,190.0,405.13403873393963
S5,continuous,E,37,719,229,takeoff,7610.385623951076,7640.385623951076,30.0,420.385623951076
S5,continuous,E,29,719,229,landing,7756.032599551402,7946.032599551402,190.0,0.0
S5,continuous,E,2,720,42,takeoff,7200.0,7230.0,30.0,0.0
S5,continuous,E,22,720,42,landing,7874.301538442169,8064.301538442169,190.0,500.00990050677956
S5,continuous,E,15,721,68,takeoff,7298.485197167407,7328.485197167407,30.0,88.48519716740702
S5,continuous,E,24,721,68,landing,7672.806999616932,7862.806999616932,190.0,292.8546491808729
S5,continuous,E,29,722,119,takeoff,7270.0,7300.0,30.0,50.0
S5,continuous,E,26,722,119,landing,7407.8951646989135,7597.8951646989135,190.0,0.0
S5,continuous,E,29,723,154,takeoff,7300.0,7330.0,30.0,70.0
S5,continuous,E,12,723,154,landing,7411.798439695117,7601.798439695117,190.0,0.0
S5,continuous,E,0,724,57,takeoff,7818.548210984869,7848.548210984869,30.0,578.548210984869
S5,continuous,E,31,724,57,landing,7929.820150189996,8119.820150189996,190.0,0.0
S5,continuous,E,29,725,248,takeoff,7330.0,7360.0,30.0,80.0
S5,continuous,E,1,725,248,landing,7810.298735583648,8000.298735583648,190.0,320.15786780556573
S5,continuous,E,38,726,142,takeoff,7260.0,7290.0,30.0,0.0
S5,continuous,E,14,726,142,landing,7386.708687030473,7576.708687030473,190.0,0.0
S5,continuous,E,21,727,121,takeoff,7270.0,7300.0,30.0,0.0
S5,continuous,E,38,727,121,landing,7536.762273540281,7726.762273540281,190.0,167.57643305642705
S5,continuous,E,38,728,58,takeoff,7290.0,7320.0,30.0,10.0
S5,continuous,E,6,728,58,landing,7463.449028016985,7653.449028016985,190.0,0.0
S5,continuous,E,35,729,294,takeoff,7570.780584152506,7600.780584152506,30.0,280.780584152506
S5,continuous,E,30,729,294,landing,7786.754777780997,7976.754777780997,190.0,136.13131385228644
S5,continuous,E,6,730,134,takeoff,7300.0,7330.0,30.0,0.0
S5,continuous,E,8,730,134,landing,7456.779450810089,7646.779450810089,190.0,0.0
S5,continuous,E,10,731,16,takeoff,7422.495916033287,7452.495916033287,30.0,112.49591603328736
S5,continuous,E,26,731,16,landing,7597.8951646989135,7787.8951646989135,190.0,81.89069510719128
S5,continuous,E,14,732,63,takeoff,7320.0,7350.0,30.0,0.0
S5,continuous,E,12,732,63,landing,7601.798439695117,7791.798439695117,190.0,234.1736340339139
S5,continuous,E,28,733,172,takeoff,7376.779867534782,7406.779867534782,30.0,46.77986753478217
S5,continuous,E,29,733,172,landing,7532.201458266396,7722.201458266396,190.0,0.0
S5,continuous,E,36,734,17,takeoff,7340.0,7370.0,30.0,0.0
S5,continuous,E,11,734,17,landing,7452.842425456257,7642.842425456257,190.0,0.0
S5,continuous,E,19,735,237,takeoff,7461.252357669295,7491.252357669295,30.0,111.25235766929472
S5,continuous,E,24,735,237,landing,7862.806999616932,8052.806999616932,190.0,289.79763061934773
S5,continuous,E,2,736,238,takeoff,7360.0,7390.0,30.0,0.0
S5,continuous,E,21,736,238,landing,7557.390248429171,7747.390248429171,190.0,67.67525725873838
S5,continuous,E,22,737,191,takeoff,8064.301538442169,8094.301538442169,30.0,694.3015384421687
S5,continuous,E,4,737,191,landing,8127.227431273639,8317.227431273639,190.0,0.0
S5,continuous,E,37,738,218,takeoff,7640.385623951076,7670.385623951076,30.0,260.385623951076
S5,continuous,E,39,738,218,landing,7737.707959865928,7927.707959865928,190.0,0.0
S5,continuous,E,35,739,279,takeoff,7600.780584152506,7630.780584152506,30.0,210.78058415250598
S5,continuous,E,6,739,279,landing,7723.159956292703,7913.159956292703,190.0,0.0
S5,continuous,E,36,740,69,takeoff,7400.0,7430.0,30.0,0.0
S5,continuous,E,29,740,69,landing,7946.032599551402,8136.032599551402,190.0,426.1434649988814
S5,continuous,E,20,741,137,takeoff,7410.0,7440.0,30.0,0.0
S5,continuous,E,19,741,137,landing,7540.292243482615,7730.292243482615,190.0,0.0
S5,continuous,E,36,742,28,takeoff,7430.0,7460.0,30.0,10.0
S5,continuous,E,23,742,28,landing,7756.425651225371,7946.425651225371,190.0,211.36135907701373
S5,continuous,E,30,743,35,takeoff,7430.0,7460.0,30.0,0.0
S5,continuous,E,10,743,35,landing,7531.9682322504905,7721.9682322504905,190.0,0.0
S5,continuous,E,38,744,143,takeoff,7726.762273540281,7756.762273540281,30.0,286.76227354028106
S5,continuous,E,24,744,143,landing,8052.806999616932,8242.806999616932,190.0,224.21483833727143
S5,continuous,E,31,745,235,takeoff,7450.0,7480.0,30.0,0.0
S5,continuous,E,16,745,235,landing,7608.115116077065,7798.115116077065,190.0,0.0
S5,continuous,E,4,746,149,takeoff,7460.0,7490.0,30.0,0.0
S5,continuous,E,5,746,149,landing,7565.87269481154,7755.87269481154,190.0,0.0
S5,continuous,E,15,747,257,takeoff,7470.0,7500.0,30.0,0.0
S5,continuous,E,27,747,257,landing,7646.971334353094,7836.971334353094,190.0,87.33549903207131
S5,continuous,E,30,748,210,takeoff,7480.0,7510.0,30.0,0.0
S5,continuous,E,9,748,210,landing,7894.866826662677,8084.866826662677,190.0,295.0135378943578
S5,continuous,E,16,749,164,takeoff,7490.0,7520.0,30.0,0.0
S5,continuous,E,32,749,164,landing,7648.437190471619,7838.437190471619,190.0,0.0
S5,continuous,E,30,750,215,takeoff,7560.0,7590.0,30.0,0.0
S5,continuous,E,33,750,215,landing,7621.441905583187,7811.441905583187,190.0,0.0
S5,continuous,E,23,751,54,takeoff,7946.425651225371,7976.425651225371,30.0,436.42565122537144
S5,continuous,E,10,751,54,landing,8048.851448928533,8238.851448928534,190.0000000000009,0.0
S5,continuous,E,18,752,95,takeoff,7520.0,7550.0,30.0,0.0
S5,continuous,E,7,752,95,landing,7661.085591481651,7851.085591481651,190.0,0.0
S5,continuous,E,30,753,13,takeoff,7530.0,7560.0,30.0,0.0
S5,continuous,E,23,753,13,landing,7976.425651225371,8166.425651225371,190.0,289.3130832480092
S5,continuous,E,8,754,83,takeoff,7646.779450810089,7676.779450810089,30.0,106.77945081008875
S5,continuous,E,23,754,83,landing,8166.425651225371,8356.42565122537,189.9999999999991,357.8048538114135
S5,continuous,E,8,755,32,takeoff,7676.779450810089,7706.779450810089,30.0,126.77945081008875
S5,continuous,E,28,755,32,landing,7778.230486423472,7968.230486423472,190.0,0.0
S5,continuous,E,31,756,116,takeoff,7560.0,7590.0,30.0,0.0
S5,continuous,E,15,756,116,landing,7700.916478413189,7890.916478413189,190.0,0.0
S5,continuous,E,2,757,113,takeoff,7570.0,7600.0,30.0,0.0
S5,continuous,E,26,757,113,landing,7787.8951646989135,7977.8951646989135,190.0,100.52151419776601
S5,continuous,E,7,758,81,takeoff,7580.0,7610.0,30.0,0.0
S5,continuous,E,35,758,81,landing,7723.951676029443,7913.951676029443,190.0,0.0
S5,continuous,E,8,759,275,takeoff,7706.779450810089,7736.779450810089,30.0,116.77945081008875
S5,continuous,E,7,759,275,landing,7851.085591481651,8041.085591481651,190.0,10.301113549654474
S5,continuous,E,25,760,9,takeoff,7638.709987489609,7668.709987489609,30.0,38.709987489609375
S5,continuous,E,24,760,9,landing,8242.806999616932,8432.806999616932,190.0,486.53653827064954
S5,continuous,E,34,761,267,takeoff,7610.0,7640.0,30.0,0.0
S5,continuous,E,2,761,267,landing,7705.150408697476,7895.150408697476,190.0,0.0
S5,continuous,E,8,762,79,takeoff,7736.779450810089,7766.779450810089,30.0,116.77945081008875
S5,continuous,E,1,762,79,landing,8000.298735583648,8190.298735583648,190.0,174.8769289845668
S5,continuous,E,28,763,26,takeoff,7630.0,7660.0,30.0,0.0
S5,continuous,E,14,763,26,landing,7708.29539413286,7898.29539413286,190.0,0.0
S5,continuous,E,29,764,278,takeoff,7722.201458266396,7752.201458266396,30.0,82.201458266396
S5,continuous,E,9,764,278,landing,8084.866826662677,8274.866826662677,190.0,282.93258046754363
S5,continuous,E,0,765,239,takeoff,7848.548210984869,7878.548210984869,30.0,198.548210984869
S5,continuous,E,28,765,239,landing,7968.230486423472,8158.230486423472,190.0,77.34225212640922
S5,continuous,E,3,766,131,takeoff,7660.0,7690.0,30.0,0.0
S5,continuous,E,1,766,131,landing,8190.298735583648,8380.298735583649,190.0000000000009,375.572913048145
S5,continuous,E,6,767,140,takeoff,7670.0,7700.0,30.0,0.0
S5,continuous,E,0,767,140,landing,7878.548210984869,8068.548210984869,190.0,61.025533318440466
S5,continuous,E,13,768,48,takeoff,7680.0,7710.0,30.0,0.0
S5,continuous,E,23,768,48,landing,8356.42565122537,8546.42565122537,190.0,508.29138414539284
S5,continuous,E,35,769,178,takeoff,7690.0,7720.0,30.0,0.0
S5,continuous,E,30,769,178,landing,7976.754777780997,8166.754777780997,190.0,186.91189800479242
S5,continuous,E,20,770,125,takeoff,7700.0,7730.0,30.0,0.0
S5,continuous,E,17,770,125,landing,7800.918040916344,7990.918040916344,190.0,0.0
S5,continuous,E,10,771,89,takeoff,7721.9682322504905,7751.9682322504905,30.0,11.968232250490473
S5,continuous,E,15,771,89,landing,7890.916478413189,8080.916478413189,190.0,74.88903090720214
S5,continuous,E,27,772,156,takeoff,7836.971334353094,7866.971334353094,30.0,116.97133435309388
S5,continuous,E,32,772,156,landing,7986.559197626812,8176.559197626812,190.0,0.0
S5,continuous,E,4,773,265,takeoff,7730.0,7760.0,30.0,0.0
S5,continuous,E,34,773,265,landing,7815.591615464441,8005.591615464441,190.0,0.0
S5,continuous,E,7,774,134,takeoff,8041.085591481651,8071.085591481651,30.0,301.08559148165114
S5,continuous,E,17,774,134,landing,8189.4874874578945,8379.487487457895,190.0,0.0
S5,continuous,E,33,775,296,takeoff,7811.441905583187,7841.441905583187,30.0,61.44190558318678
S5,continuous,E,32,775,296,landing,8176.559197626812,8366.559197626812,189.9999999999991,232.84127408743097
S5,continuous,E,18,776,71,takeoff,7956.499076040608,7986.499076040608,30.0,196.4990760406081
S5,continuous,E,12,776,71,landing,8062.516094402153,8252.516094402152,189.9999999999991,0.0
S5,continuous,E,37,777,86,takeoff,7770.0,7800.0,30.0,0.0
S5,continuous,E,30,777,86,landing,8166.754777780997,8356.754777780996,189.9999999999991,247.16567982301785
S5,continuous,E,16,778,233,takeoff,7798.115116077065,7828.115116077065,30.0,18.115116077065068
S5,continuous,E,27,778,233,landing,7920.155974870104,8110.155974870104,190.0,0.0
S5,continuous,E,25,779,163,takeoff,7790.0,7820.0,30.0,0.0
S5,continuous,E,16,779,163,landing,7898.7066203633085,8088.7066203633085,190.0,0.0
S5,continuous,E,14,780,37,takeoff,7898.29539413286,7928.29539413286,30.0,98.29539413285966
S5,continuous,E,6,780,37,landing,7981.126540267078,8171.126540267078,190.0,0.0
S5,continuous,E,2,781,188,takeoff,7895.150408697476,7925.150408697476,30.0,85.15040869747645
S5,continuous,E,23,781,188,landing,8546.42565122537,8736.42565122537,190.0,456.1871547791061
S5,continuous,E,28,782,168,takeoff,8158.230486423472,8188.230486423472,30.0,338.23048642347203
S5,continuous,E,20,782,168,landing,8318.096765808375,8508.096765808375,190.0,0.0
S5,continuous,E,24,783,82,takeoff,8432.806999616932,8462.806999616932,30.0,602.8069996169324
S5,continuous,E,21,783,82,landing,8550.6877617633,8740.6877617633,190.0,0.0
S5,continuous,E,3,784,35,takeoff,7840.0,7870.0,30.0,0.0
S5,continuous,E,21,784,35,landing,7992.248860809088,8182.248860809088,190.0,0.0
S5,continuous,E,36,785,225,takeoff,7850.0,7880.0,30.0,0.0
S5,continuous,E,21,785,225,landing,8182.248860809088,8372.248860809088,190.0,188.14435111068633
S5,continuous,E,24,786,234,takeoff,8462.806999616932,8492.806999616932,30.0,602.8069996169324
S5,continuous,E,27,786,234,landing,8526.0715275544,8716.0715275544,190.0,0.0
S5,continuous,E,14,787,240,takeoff,7928.29539413286,7958.29539413286,30.0,58.295394132859656
S5,continuous,E,35,787,240,landing,8004.414641287943,8194.414641287942,189.9999999999991,0.0
S5,continuous,E,14,788,177,takeoff,7958.29539413286,7988.29539413286,30.0,78.29539413285966
S5,continuous,E,17,788,177,landing,8379.487487457895,8569.487487457895,190.0,320.5049963844467
S5,continuous,E,9,789,80,takeoff,8274.866826662677,8304.866826662677,30.0,384.86682666267734
S5,continuous,E,19,789,80,landing,8372.575517336696,8562.575517336696,190.0,0.0
S5,continuous,E,28,790,149,takeoff,8188.230486423472,8218.230486423472,30.0,288.23048642347203
S5,continuous,E,8,790,149,landing,8289.681522036855,8479.681522036855,190.0,0.0
S5,continuous,E,30,791,27,takeoff,8356.754777780996,8386.754777780996,30.0,446.75477778099594
S5,continuous,E,12,791,27,landing,8463.477873893313,8653.477873893313,190.0,0.0
S5,continuous,E,17,792,272,takeoff,8569.487487457895,8599.487487457895,30.0,409.48748745789453
S5,continuous,E,21,792,272,landing,8740.6877617633,8930.6877617633,190.0,34.53876603256322
S5,continuous,E,30,793,103,takeoff,8386.754777780996,8416.754777780996,30.0,456.75477778099594
S5,continuous,E,7,793,103,landing,8546.190434086884,8736.190434086884,190.0,0.0
S5,continuous,E,21,794,271,takeoff,8372.248860809088,8402.248860809088,30.0,372.248860809088
S5,continuous,E,30,794,271,landing,8455.271074457072,8645.271074457072,190.0,0.0
S5,continuous,E,34,795,197,takeoff,8005.591615464441,8035.591615464441,30.0,55.59161546444102
S5,continuous,E,39,795,197,landing,8057.9080892492075,8247.908089249207,190.0,0.0
S5,continuous,E,28,796,53,takeoff,8218.230486423472,8248.230486423472,30.0,258.23048642347203
S5,continuous,E,29,796,53,landing,8373.652077155086,8563.652077155086,190.0,0.0
S5,continuous,E,17,797,111,takeoff,7990.918040916344,8020.918040916344,30.0,20.91804091634367
S5,continuous,E,14,797,111,landing,8071.605137856932,8261.605137856932,190.0,0.0
S5,continuous,E,17,798,19,takeoff,8020.918040916344,8050.918040916344,30.0,40.91804091634367
S5,continuous,E,15,798,19,landing,8119.516332969153,8309.516332969153,190.0,0.0
S5,continuous,E,25,799,262,takeoff,7990.0,8020.0,30.0,0.0
S5,continuous,E,29,799,262,landing,8136.032599551402,8326.032599551403,190.0000000000009,47.21733115973802
S5,continuous,E,37,800,181,takeoff,8000.0,8030.0,30.0,0.0
S5,continuous,E,34,800,181,landing,8056.201757767208,8246.201757767209,190.0000000000009,0.0
S5,continuous,E,9,801,252,takeoff,8304.866826662677,8334.866826662677,30.0,294.86682666267734
S5,continuous,E,22,801,252,landing,8390.818075057075,8580.818075057075,190.0,0.0
S5,continuous,E,12,802,40,takeoff,8020.0,8050.0,30.0,0.0
S5,continuous,E,4,802,40,landing,8317.227431273639,8507.227431273639,190.0,249.8976361768473
S5,continuous,E,8,803,144,takeoff,8030.0,8060.0,30.0,0.0
S5,continuous,E,28,803,144,landing,8251.451035613383,8441.451035613383,190.0,0.0
S5,continuous,E,6,804,108,takeoff,8171.126540267078,8201.126540267078,30.0,131.12654026707787
S5,continuous,E,25,804,108,landing,8298.603804498869,8488.603804498869,190.0,0.0
S5,continuous,E,4,805,64,takeoff,8050.0,8080.0,30.0,0.0
S5,continuous,E,34,805,64,landing,8246.201757767209,8436.201757767209,190.0,110.6101423027676
S5,continuous,E,0,806,287,takeoff,8068.548210984869,8098.548210984869,30.0,8.548210984869002
S5,continuous,E,38,806,287,landing,8172.128373086996,8362.128373086996,190.0,0.0
S5,continuous,E,17,807,132,takeoff,8070.0,8100.0,30.0,0.0
S5,continuous,E,0,807,132,landing,8181.306772524023,8371.306772524022,189.9999999999991,0.0
S5,continuous,E,22,808,28,takeoff,8094.301538442169,8124.301538442169,30.0,14.301538442168749
S5,continuous,E,8,808,28,landing,8479.681522036855,8669.681522036855,190.0,275.4563694003209
S5,continuous,E,39,809,169,takeoff,8247.908089249207,8277.908089249207,30.0,157.90808924920748
S5,continuous,E,29,809,169,landing,8563.652077155086,8753.652077155086,190.0,189.19887977808867
S5,continuous,E,33,810,261,takeoff,8100.0,8130.0,30.0,0.0
S5,continuous,E,26,810,261,landing,8174.10779700935,8364.10779700935,190.0,0.0
S5,continuous,E,12,811,47,takeoff,8252.516094402152,8282.516094402152,30.0,142.5160944021518
S5,continuous,E,25,811,47,landing,8488.603804498869,8678.603804498869,190.0,152.14330998397963
S5,continuous,E,20,812,117,takeoff,8120.0,8150.0,30.0,0.0
S5,continuous,E,29,812,117,landing,8753.652077155086,8943.652077155086,190.0,471.40936797041104
S5,continuous,E,28,813,112,takeoff,8441.451035613383,8471.451035613383,30.0,311.4510356133833
S5,continuous,E,36,813,112,landing,8535.181010407283,8725.181010407283,190.0,0.0
S5,continuous,E,39,814,256,takeoff,8277.908089249207,8307.908089249207,30.0,137.90808924920748
S5,continuous,E,15,814,256,landing,8340.398862329002,8530.398862329002,190.0,0.0
S5,continuous,E,35,815,160,takeoff,8194.414641287942,8224.414641287942,30.0,44.41464128794178
S5,continuous,E,27,815,160,landing,8276.381954039522,8466.381954039522,190.0,0.0
S5,continuous,E,5,816,133,takeoff,8160.0,8190.0,30.0,0.0
S5,continuous,E,38,816,133,landing,8362.128373086996,8552.128373086996,190.0,49.85647993655584
S5,continuous,E,25,817,211,takeoff,8170.0,8200.0,30.0,0.0
S5,continuous,E,8,817,211,landing,8669.681522036855,8859.681522036855,190.0,397.5602658185162
S5,continuous,E,28,818,110,takeoff,8471.451035613383,8501.451035613383,30.0,291.4510356133833
S5,continuous,E,10,818,110,landing,8579.426112281888,8769.426112281888,190.0,0.0
S5,continuous,E,33,819,78,takeoff,8190.0,8220.0,30.0,0.0
S5,continuous,E,34,819,78,landing,8436.201757767209,8626.201757767209,190.0,175.89652952824144
S5,continuous,E,16,820,295,takeoff,8200.0,8230.0,30.0,0.0
S5,continuous,E,22,820,295,landing,8580.818075057075,8770.818075057075,190.0,257.6065966229544
S5,continuous,E,28,821,20,takeoff,8501.451035613383,8531.451035613383,30.0,291.4510356133833
S5,continuous,E,27,821,20,landing,8716.0715275544,8906.0715275544,190.0,104.42902512270484
S5,continuous,E,21,822,190,takeoff,8402.248860809088,8432.248860809088,30.0,182.248860809088
S5,continuous,E,38,822,190,landing,8552.128373086996,8742.128373086996,190.0,50.693671794053444
S5,continuous,E,16,823,223,takeoff,8230.0,8260.0,30.0,0.0
S5,continuous,E,24,823,223,landing,8492.806999616932,8682.806999616932,190.0,198.59197321756074
S5,continuous,E,29,824,279,takeoff,8943.652077155086,8973.652077155086,30.0,583.6520771550859
S5,continuous,E,35,824,279,landing,9002.806871542174,9192.806871542174,190.0,0.0
S5,continuous,E,29,825,179,takeoff,8973.652077155086,9003.652077155086,30.0,603.6520771550859
S5,continuous,E,28,825,179,landing,9129.0736678867,9319.0736678867,190.0,0.0
S5,continuous,E,28,826,46,takeoff,8531.451035613383,8561.451035613383,30.0,271.4510356133833
S5,continuous,E,11,826,46,landing,8647.44864946365,8837.44864946365,190.0,0.0
S5,continuous,E,6,827,215,takeoff,8270.0,8300.0,30.0,0.0
S5,continuous,E,39,827,215,landing,8411.249007314902,8601.249007314902,190.0,0.0
S5,continuous,E,35,828,8,takeoff,8280.0,8310.0,30.0,0.0
S5,continuous,E,13,828,8,landing,8335.724742200617,8525.724742200617,190.0,0.0
S5,continuous,E,36,829,254,takeoff,8290.0,8320.0,30.0,0.0
S5,continuous,E,11,829,254,landing,8402.842425456256,8592.842425456256,190.0,0.0
S5,continuous,E,30,830,182,takeoff,8416.754777780996,8446.754777780996,30.0,116.75477778099594
S5,continuous,E,12,830,182,landing,8653.477873893313,8843.477873893313,190.0,130.0
S5,continuous,E,38,831,146,takeoff,8742.128373086996,8772.128373086996,30.0,432.12837308699636
S5,continuous,E,6,831,146,landing,8915.577401103983,9105.577401103983,190.0,0.0
S5,continuous,E,37,832,262,takeoff,8320.0,8350.0,30.0,0.0
S5,continuous,E,9,832,262,landing,8450.170890902522,8640.170890902522,190.0,0.0
S5,continuous,E,0,833,10,takeoff,8450.0,8480.0,30.0,0.0
S5,continuous,E,17,833,10,landing,8621.306772524023,8811.306772524023,190.0,0.0
S5,continuous,E,8,834,219,takeoff,8859.681522036855,8889.681522036855,30.0,519.6815220368553
S5,continuous,E,24,834,219,landing,8922.237012458478,9112.237012458478,190.0,0.0
S5,continuous,E,23,835,127,takeoff,8736.42565122537,8766.42565122537,30.0,386.42565122537053
S5,continuous,E,18,835,127,landing,8811.183033346506,9001.183033346506,190.0,0.0
S5,continuous,E,34,836,202,takeoff,8626.201757767209,8656.201757767209,30.0,266.2017577672086
S5,continuous,E,36,836,202,landing,8725.181010407283,8915.181010407283,190.0,4.41872389468881
S5,continuous,E,0,837,212,takeoff,8371.306772524022,8401.306772524022,30.0,1.3067725240216532
S5,continuous,E,38,837,212,landing,8772.128373086996,8962.128373086996,190.0,277.24143846084553
S5,continuous,E,21,838,251,takeoff,8432.248860809088,8462.248860809088,30.0,52.248860809088
S5,continuous,E,0,838,251,landing,8537.629451804476,8727.629451804476,190.0,0.0
S5,continuous,E,30,839,35,takeoff,8645.271074457072,8675.271074457072,30.0,255.27107445707225
S5,continuous,E,34,839,35,landing,8715.79875823987,8905.79875823987,190.0,0.0
S5,continuous,E,39,840,181,takeoff,8601.249007314902,8631.249007314902,30.0,201.24900731490197
S5,continuous,E,29,840,181,landing,9003.652077155086,9193.652077155086,190.0,235.85796171239417
S5,continuous,E,27,841,268,takeoff,8466.381954039522,8496.381954039522,30.0,56.38195403952159
S5,continuous,E,25,841,268,landing,8678.603804498869,8868.603804498869,190.0,125.37509836085519
S5,continuous,E,10,842,270,takeoff,8420.0,8450.0,30.0,0.0
S5,continuous,E,30,842,270,landing,8675.271074457072,8865.271074457072,190.0,153.3028422065836
S5,continuous,E,34,843,218,takeoff,8656.201757767209,8686.201757767209,30.0,226.20175776720862
S5,continuous,E,4,843,218,landing,8741.79337323165,8931.79337323165,190.0,0.0
S5,continuous,E,10,844,123,takeoff,8450.0,8480.0,30.0,10.0
S5,continuous,E,9,844,123,landing,8640.170890902522,8830.170890902522,190.0,97.54102691516528
S5,continuous,E,39,845,296,takeoff,8631.249007314902,8661.249007314902,30.0,181.24900731490197
S5,continuous,E,20,845,296,landing,8725.094347654735,8915.094347654735,190.0,0.0
S5,continuous,E,5,846,257,takeoff,8460.0,8490.0,30.0,0.0
S5,continuous,E,8,846,257,landing,8889.681522036855,9079.681522036855,190.0,250.29096459224274
S5,continuous,E,25,847,166,takeoff,8868.603804498869,8898.603804498869,30.0,398.60380449886907
S5,continuous,E,37,847,166,landing,8911.453297546748,9101.453297546748,190.0,0.0
S5,continuous,E,26,848,124,takeoff,8480.0,8510.0,30.0,0.0
S5,continuous,E,38,848,124,landing,8962.128373086996,9152.128373086996,190.0,346.1062324867962
S5,continuous,E,21,849,275,takeoff,8490.0,8520.0,30.0,0.0
S5,continuous,E,26,849,275,landing,8587.891525338839,8777.891525338839,190.0,0.0
S5,continuous,E,4,850,174,takeoff,8507.227431273639,8537.227431273639,30.0,7.227431273639013
S5,continuous,E,21,850,174,landing,8930.6877617633,9120.6877617633,190.0,288.3290888326828
S5,continuous,E,18,851,225,takeoff,8510.0,8540.0,30.0,0.0
S5,continuous,E,3,851,225,landing,8626.72519945874,8816.72519945874,190.0,0.0
S5,continuous,E,3,852,184,takeoff,8520.0,8550.0,30.0,0.0
S5,continuous,E,21,852,184,landing,9120.6877617633,9310.6877617633,190.0,408.43890095421193
S5,continuous,E,8,853,72,takeoff,9079.681522036855,9109.681522036855,30.0,549.6815220368553
S5,continuous,E,17,853,72,landing,9156.087298683358,9346.087298683358,190.0,0.0
S5,continuous,E,18,854,297,takeoff,8540.0,8570.0,30.0,0.0
S5,continuous,E,29,854,297,landing,9193.652077155086,9383.652077155086,190.0,448.7431223179756
S5,continuous,E,18,855,213,takeoff,8570.0,8600.0,30.0,20.0
S5,continuous,E,36,855,213,landing,8915.181010407283,9105.181010407283,190.0,242.85695895420758
S5,continuous,E,20,856,201,takeoff,8560.0,8590.0,30.0,0.0
S5,continuous,E,14,856,201,landing,8682.8548705053,8872.8548705053,190.0,0.0
S5,continuous,E,32,857,294,takeoff,8570.0,8600.0,30.0,0.0
S5,continuous,E,25,857,294,landing,8898.603804498869,9088.603804498869,190.0,219.59241960633517
S5,continuous,E,14,858,223,takeoff,8580.0,8610.0,30.0,0.0
S5,continuous,E,10,858,223,landing,8769.426112281888,8959.426112281888,190.0,119.82313887656346
S5,continuous,E,24,859,142,takeoff,8682.806999616932,8712.806999616932,30.0,92.80699961693244
S5,continuous,E,20,859,142,landing,8915.094347654735,9105.094347654735,190.0,172.215392666536
S5,continuous,E,13,860,114,takeoff,8600.0,8630.0,30.0,0.0
S5,continuous,E,19,860,114,landing,8665.3863790535,8855.3863790535,190.0,0.0
S5,continuous,E,14,861,281,takeoff,8610.0,8640.0,30.0,0.0
S5,continuous,E,1,861,281,landing,8722.2104497204,8912.2104497204,190.0,0.0
S5,continuous,E,39,862,12,takeoff,8661.249007314902,8691.249007314902,30.0,41.249007314901974
S5,continuous,E,37,862,12,landing,9101.453297546748,9291.453297546748,190.0,342.8819543169957
S5,continuous,E,23,863,101,takeoff,8766.42565122537,8796.42565122537,30.0,136.42565122537053
S5,continuous,E,5,863,101,landing,8915.721647769204,9105.721647769204,190.0,0.0
S5,continuous,E,10,864,259,takeoff,8959.426112281888,8989.426112281888,30.0,319.426112281888
S5,continuous,E,27,864,259,landing,9014.15418937328,9204.15418937328,190.0,0.0
S5,continuous,E,39,865,278,takeoff,8691.249007314902,8721.249007314902,30.0,41.249007314901974
S5,continuous,E,2,865,278,landing,8738.425485191003,8928.425485191003,190.0,0.0
S5,continuous,E,1,866,230,takeoff,8912.2104497204,8942.2104497204,30.0,192.2104497204
S5,continuous,E,37,866,230,landing,9291.453297546748,9481.453297546748,190.0,223.6100438076155
S5,continuous,E,30,867,55,takeoff,8865.271074457072,8895.271074457072,30.0,195.27107445707225
S5,continuous,E,0,867,55,landing,8938.450424101064,9128.450424101064,190.0,0.0
S5,continuous,E,13,868,122,takeoff,8680.0,8710.0,30.0,0.0
S5,continuous,E,29,868,122,landing,9383.652077155086,9573.652077155086,190.0,513.1305266735071
S5,continuous,E,36,869,160,takeoff,9105.181010407283,9135.181010407283,30.0,415.1810104072829
S5,continuous,E,22,869,160,landing,9166.30873387039,9356.30873387039,190.0,0.0
S5,continuous,E,38,870,251,takeoff,9152.128373086996,9182.128373086996,30.0,452.12837308699636
S5,continuous,E,21,870,251,landing,9310.6877617633,9500.6877617633,190.0,59.37354819244865
S5,continuous,E,30,871,151,takeoff,8895.271074457072,8925.271074457072,30.0,185.27107445707225
S5,continuous,E,29,871,151,landing,9573.652077155086,9763.652077155086,190.0,540.780353437025
S5,continuous,E,25,872,266,takeoff,9088.603804498869,9118.603804498869,30.0,368.60380449886907
S5,continuous,E,28,872,266,landing,9319.0736678867,9509.0736678867,190.0,178.41439860759783
S5,continuous,E,35,873,61,takeoff,8730.0,8760.0,30.0,0.0
S5,continuous,E,11,873,61,landing,8845.324558408216,9035.324558408216,190.0,0.0
S5,continuous,E,7,874,27,takeoff,8740.0,8770.0,30.0,0.0
S5,continuous,E,18,874,27,landing,9001.183033346506,9191.183033346506,190.0,120.09744186485477
S5,continuous,E,5,875,172,takeoff,8750.0,8780.0,30.0,0.0
S5,continuous,E,10,875,172,landing,8989.426112281888,9179.426112281888,190.0,100.06272441491274
S5,continuous,E,17,876,207,takeoff,8811.306772524023,8841.306772524023,30.0,51.30677252402347
S5,continuous,E,37,876,207,landing,9481.453297546748,9671.453297546748,190.0,490.9107717863735
S5,continuous,E,6,877,144,takeoff,8770.0,8800.0,30.0,0.0
S5,continuous,E,17,877,144,landing,8897.579722738723,9087.579722738723,190.0,0.0
S5,continuous,E,34,878,103,takeoff,8905.79875823987,8935.79875823987,30.0,125.79875823986913
S5,continuous,E,7,878,103,landing,9063.407299398634,9253.407299398634,190.0,0.0
S5,continuous,E,8,879,30,takeoff,9109.681522036855,9139.681522036855,30.0,319.6815220368553
S5,continuous,E,13,879,30,landing,9160.607290371408,9350.607290371408,190.0,0.0
S5,continuous,E,27,880,274,takeoff,8906.0715275544,8936.0715275544,30.0,106.07152755440075
S5,continuous,E,23,880,274,landing,9000.602872905443,9190.602872905443,190.0,0.0
S5,continuous,E,24,881,102,takeoff,8810.0,8840.0,30.0,0.0
S5,continuous,E,15,881,102,landing,8891.467153268652,9081.467153268652,190.0,0.0
S5,continuous,E,16,882,22,takeoff,8820.0,8850.0,30.0,0.0
S5,continuous,E,10,882,22,landing,9179.426112281888,9369.426112281888,190.0,209.508563566902
S5,continuous,E,11,883,2,takeoff,9035.324558408216,9065.324558408216,30.0,205.32455840821603
S5,continuous,E,12,883,2,landing,9159.945186857176,9349.945186857176,190.0,0.0
S5,continuous,E,9,884,170,takeoff,8840.0,8870.0,30.0,0.0
S5,continuous,E,30,884,170,landing,8939.85328876832,9129.85328876832,190.0,0.0
S5,continuous,E,31,885,204,takeoff,8850.0,8880.0,30.0,0.0
S5,continuous,E,10,885,204,landing,9369.426112281888,9559.426112281888,190.0,314.6132869113717
S5,continuous,E,29,886,235,takeoff,9763.652077155086,9793.652077155086,30.0,903.6520771550859
S5,continuous,E,32,886,235,landing,9931.269312602628,10121.269312602628,190.0,0.0
S5,continuous,E,21,887,268,takeoff,9500.6877617633,9530.6877617633,30.0,630.6877617632999
S5,continuous,E,35,887,268,landing,9625.444238487447,9815.444238487447,190.0,0.0
S5,continuous,E,14,888,168,takeoff,8880.0,8910.0,30.0,0.0
S5,continuous,E,25,888,168,landing,9118.603804498869,9308.603804498869,190.0,135.6556342441363
S5,continuous,E,30,889,47,takeoff,9129.85328876832,9159.85328876832,30.0,239.85328876831954
S5,continuous,E,22,889,47,landing,9356.30873387039,9546.30873387039,190.0,107.24205549824728
S5,continuous,E,31,890,42,takeoff,8900.0,8930.0,30.0,0.0
S5,continuous,E,9,890,42,landing,9028.713770389082,9218.713770389082,190.0,0.0
S5,continuous,E,2,891,218,takeoff,8928.425485191003,8958.425485191003,30.0,18.425485191002736
S5,continuous,E,37,891,218,landing,9671.453297546748,9861.453297546748,190.0,545.699793032727
S5,continuous,E,28,892,243,takeoff,8920.0,8950.0,30.0,0.0
S5,continuous,E,4,892,243,landing,9031.910890193587,9221.910890193587,190.0,0.0
S5,continuous,E,39,893,217,takeoff,8930.0,8960.0,30.0,0.0
S5,continuous,E,6,893,217,landing,9105.577401103983,9295.577401103983,190.0,34.32839378908102
S5,continuous,E,13,894,129,takeoff,9000.0,9030.0,30.0,0.0
S5,continuous,E,21,894,129,landing,9530.6877617633,9720.6877617633,190.0,358.52538851706413
S5,continuous,E,25,895,174,takeoff,9308.603804498869,9338.603804498869,30.0,358.60380449886907
S5,continuous,E,7,895,174,landing,9443.358313689609,9633.358313689609,190.0,0.0
S5,continuous,E,32,896,269,takeoff,8960.0,8990.0,30.0,0.0
S5,continuous,E,19,896,269,landing,9040.207001120423,9230.207001120423,190.0,0.0
S5,continuous,E,18,897,166,takeoff,9191.183033346506,9221.183033346506,30.0,221.1830333465059
S5,continuous,E,15,897,166,landing,9303.961943225468,9493.961943225468,190.0,0.0
S5,continuous,E,39,898,50,takeoff,8980.0,9010.0,30.0,0.0
S5,continuous,E,5,898,50,landing,9110.820478055068,9300.820478055068,190.0,0.0
S5,continuous,E,27,899,186,takeoff,9204.15418937328,9234.15418937328,30.0,214.15418937327922
S5,continuous,E,20,899,186,landing,9330.67672772072,9520.67672772072,190.0,0.0
S5,continuous,E,15,900,241,takeoff,9081.467153268652,9111.467153268652,30.0,81.4671532686516
S5,continuous,E,10,900,241,landing,9559.426112281888,9749.426112281888,190.0,283.8997437577418
S5,continuous,E,13,901,295,takeoff,9030.0,9060.0,30.0,20.0
S5,continuous,E,20,901,295,landing,9130.644310728452,9320.644310728452,190.0,0.0
S5,continuous,E,21,902,43,takeoff,9720.6877617633,9750.6877617633,30.0,700.6877617632999
S5,continuous,E,11,902,43,landing,9801.385300909422,9991.385300909422,190.0,0.0
S5,continuous,E,35,903,77,takeoff,9192.806871542174,9222.806871542174,30.0,162.80687154217412
S5,continuous,E,10,903,77,landing,9749.426112281888,9939.426112281888,190.0,367.164837514385
S5,continuous,E,36,904,259,takeoff,9135.181010407283,9165.181010407283,30.0,95.18101040728288
S5,continuous,E,39,904,259,landing,9217.719521526387,9407.719521526387,190.0,0.0
S5,continuous,E,32,905,58,takeoff,9050.0,9080.0,30.0,0.0
S5,continuous,E,10,905,58,landing,9939.426112281888,10129.426112281888,190.0,638.3330389539497
S5,continuous,E,25,906,20,takeoff,9338.603804498869,9368.603804498869,30.0,278.60380449886907
S5,continuous,E,29,906,20,landing,9793.652077155086,9983.652077155086,190.0,296.23300426455353
S5,continuous,E,9,907,197,takeoff,9218.713770389082,9248.713770389082,30.0,148.71377038908213
S5,continuous,E,34,907,197,landing,9294.10405872549,9484.10405872549,190.0,0.0
S5,continuous,E,2,908,185,takeoff,9080.0,9110.0,30.0,0.0
S5,continuous,E,31,908,185,landing,9210.905670828495,9400.905670828495,190.0,0.0
S5,continuous,E,39,909,136,takeoff,9090.0,9120.0,30.0,0.0
S5,continuous,E,2,909,136,landing,9157.1764778761,9347.1764778761,190.0,0.0
S5,continuous,E,2,910,191,takeoff,9347.1764778761,9377.1764778761,30.0,187.17647787610076
S5,continuous,E,35,910,191,landing,9407.11729053312,9597.11729053312,190.0,0.0
S5,continuous,E,17,911,102,takeoff,9346.087298683358,9376.087298683358,30.0,176.0872986833583
S5,continuous,E,4,911,102,landing,9422.31070022553,9612.31070022553,190.0,0.0
S5,continuous,E,19,912,219,takeoff,9230.207001120423,9260.207001120423,30.0,110.20700112042323
S5,continuous,E,9,912,219,landing,9327.915691794442,9517.915691794442,190.0,0.0
S5,continuous,E,3,913,80,takeoff,9130.0,9160.0,30.0,0.0
S5,continuous,E,21,913,80,landing,9750.6877617633,9940.6877617633,190.0,388.43890095421193
S5,continuous,E,11,914,50,takeoff,9140.0,9170.0,30.0,0.0
S5,continuous,E,7,914,50,landing,9633.358313689609,9823.358313689609,190.0,297.44499126751543
S5,continuous,E,23,915,203,takeoff,9190.602872905443,9220.602872905443,30.0,40.60287290544329
S5,continuous,E,18,915,203,landing,9285.360255026579,9475.360255026579,190.0,0.0
S5,continuous,E,20,916,131,takeoff,9520.67672772072,9550.67672772072,30.0,360.67672772072
S5,continuous,E,25,916,131,landing,9636.976200242168,9826.976200242168,190.0,0.0
S5,continuous,E,38,917,124,takeoff,9182.128373086996,9212.128373086996,30.0,12.128373086996362
S5,continuous,E,5,917,124,landing,9334.400266237437,9524.400266237437,190.0,0.0
S5,continuous,E,34,918,160,takeoff,9180.0,9210.0,30.0,0.0
S5,continuous,E,29,918,160,landing,9983.652077155086,10173.652077155086,190.0,593.5335937426134
S5,continuous,E,10,919,217,takeoff,10129.426112281888,10159.426112281888,30.0,939.426112281888
S5,continuous,E,0,919,217,landing,10224.398711745644,10414.398711745644,190.0,0.0
S5,continuous,E,5,920,284,takeoff,9300.820478055068,9330.820478055068,30.0,100.82047805506772
S5,continuous,E,28,920,284,landing,9509.0736678867,9699.0736678867,190.0,113.12244870510222
S5,continuous,E,0,921,286,takeoff,9210.0,9240.0,30.0,0.0
S5,continuous,E,26,921,286,landing,9236.22641563117,9426.22641563117,190.0,0.0
S5,continuous,E,20,922,293,takeoff,9550.67672772072,9580.67672772072,30.0,330.67672772072
S5,continuous,E,16,922,293,landing,9661.135483969167,9851.135483969167,190.0,0.0
S5,continuous,E,37,923,287,takeoff,9861.453297546748,9891.453297546748,30.0,631.4532975467482
S5,continuous,E,1,923,287,landing,9997.086101565481,10187.086101565481,190.0,0.0
S5,continuous,E,20,924,263,takeoff,9580.67672772072,9610.67672772072,30.0,340.67672772072
S5,continuous,E,19,924,263,landing,9710.968971203334,9900.968971203334,190.0,0.0
S5,continuous,E,27,925,226,takeoff,9250.0,9280.0,30.0,0.0
S5,continuous,E,34,925,226,landing,9484.10405872549,9674.10405872549,190.0,128.3010640328339
S5,continuous,E,1,926,265,takeoff,9260.0,9290.0,30.0,0.0
S5,continuous,E,39,926,265,landing,9407.719521526387,9597.719521526387,190.0,97.40208537538092
S5,continuous,E,24,927,290,takeoff,9270.0,9300.0,30.0,0.0
S5,continuous,E,33,927,290,landing,9327.436884811783,9517.436884811783,190.0,0.0
S5,continuous,E,2,928,233,takeoff,9377.1764778761,9407.1764778761,30.0,97.17647787610076
S5,continuous,E,21,928,233,landing,9940.6877617633,10130.6877617633,190.0,333.7962927167646
S5,continuous,E,10,929,236,takeoff,10159.426112281888,10189.426112281888,30.0,869.426112281888
S5,continuous,E,12,929,236,landing,10224.166880464849,10414.166880464849,190.0,0.0
S5,continuous,E,11,930,89,takeoff,9300.0,9330.0,30.0,0.0
S5,continuous,E,39,930,89,landing,9597.719521526387,9787.719521526387,190.0,215.14191592222232
S5,continuous,E,4,931,216,takeoff,9310.0,9340.0,30.0,0.0
S5,continuous,E,5,931,216,landing,9524.400266237437,9714.400266237437,190.0,108.5275714258969
S5,continuous,E,9,932,239,takeoff,9517.915691794442,9547.915691794442,30.0,197.91569179444195
S5,continuous,E,2,932,239,landing,9574.485580815955,9764.485580815955,190.0,0.0
S5,continuous,E,27,933,253,takeoff,9330.0,9360.0,30.0,0.0
S5,continuous,E,16,933,253,landing,9432.04085879304,9622.04085879304,190.0,0.0
S5,continuous,E,6,934,78,takeoff,9340.0,9370.0,30.0,0.0
S5,continuous,E,12,934,78,landing,9391.978766273844,9581.978766273844,190.0,0.0
S5,continuous,E,31,935,292,takeoff,9400.905670828495,9430.905670828495,30.0,50.905670828495204
S5,continuous,E,36,935,292,landing,9553.92609837597,9743.92609837597,190.0,0.0
S5,continuous,E,32,936,136,takeoff,9360.0,9390.0,30.0,0.0
S5,continuous,E,29,936,136,landing,10173.652077155086,10363.652077155086,190.0,546.0348417075438
S5,continuous,E,35,937,79,takeoff,9370.0,9400.0,30.0,0.0
S5,continuous,E,5,937,79,landing,9714.400266237437,9904.400266237437,190.0,188.302398085194
S5,continuous,E,25,938,288,takeoff,9380.0,9410.0,30.0,0.0
S5,continuous,E,6,938,288,landing,9507.477264231791,9697.477264231791,190.0,0.0
S5,continuous,E,1,939,167,takeoff,9390.0,9420.0,30.0,0.0
S5,continuous,E,25,939,167,landing,9826.976200242168,10016.976200242168,190.0,327.50620537649047
S5,continuous,E,15,940,65,takeoff,9493.961943225468,9523.961943225468,30.0,93.96194322546762
S5,continuous,E,35,940,65,landing,9815.444238487447,10005.444238487447,190.0,215.2321280896267
S5,continuous,E,0,941,275,takeoff,9410.0,9440.0,30.0,0.0
S5,continuous,E,29,941,275,landing,10363.652077155086,10553.652077155086,190.0,714.2619123379136
S5,continuous,E,27,942,219,takeoff,9420.0,9450.0,30.0,0.0
S5,continuous,E,38,942,219,landing,9548.402261293571,9738.402261293571,190.0,0.0
S5,continuous,E,14,943,109,takeoff,9430.0,9460.0,30.0,0.0
S5,continuous,E,0,943,109,landing,9517.830906992956,9707.830906992956,190.0,0.0
S5,continuous,E,13,944,13,takeoff,9740.0,9770.0,30.0,0.0
S5,continuous,E,29,944,13,landing,10553.652077155086,10743.652077155086,190.0,703.1305266735071
S5,continuous,E,36,945,23,takeoff,9450.0,9480.0,30.0,0.0
S5,continuous,E,20,945,23,landing,9660.970733488937,9850.970733488937,190.0,0.0
S5,continuous,E,25,946,17,takeoff,9460.0,9490.0,30.0,0.0
S5,continuous,E,17,946,17,landing,9552.570928014537,9742.570928014537,190.0,0.0
S5,continuous,E,7,947,181,takeoff,9823.358313689609,9853.358313689609,30.0,353.3583136896086
S5,continuous,E,2,947,181,landing,10001.49057381125,10191.49057381125,190.0,0.0
S5,continuous,E,22,948,1,takeoff,9780.0,9810.0,30.0,0.0
S5,continuous,E,10,948,1,landing,10189.426112281888,10379.426112281888,190.0,250.44054662668168
S5,continuous,E,18,949,291,takeoff,9490.0,9520.0,30.0,0.0
S5,continuous,E,1,949,291,landing,9623.028097352082,9813.028097352082,190.0,0.0
S5,continuous,E,19,950,161,takeoff,9500.0,9530.0,30.0,0.0
S5,continuous,E,17,950,161,landing,9742.570928014537,9932.570928014537,190.0,135.61642663715793
S5,continuous,E,26,951,154,takeoff,9510.0,9540.0,30.0,0.0
S5,continuous,E,13,951,154,landing,9770.0,9960.0,190.0,126.5918979840335
S5,continuous,E,34,952,146,takeoff,9674.10405872549,9704.10405872549,30.0,154.10405872549018
S5,continuous,E,3,952,146,landing,9795.171636137355,9985.171636137355,190.0,0.0
S5,continuous,E,39,953,147,takeoff,9787.719521526387,9817.719521526387,30.0,257.7195215263873
S5,continuous,E,23,953,147,landing,9851.93739060292,10041.93739060292,190.0,0.0
S5,continuous,E,1,954,144,takeoff,9540.0,9570.0,30.0,0.0
S5,continuous,E,11,954,144,landing,9991.385300909422,10181.385300909422,190.0,331.20656854792287
S5,continuous,E,9,955,254,takeoff,9550.0,9580.0,30.0,0.0
S5,continuous,E,31,955,254,landing,9678.713770389082,9868.713770389082,190.0,0.0
S5,continuous,E,33,956,193,takeoff,9560.0,9590.0,30.0,0.0
S5,continuous,E,29,956,193,landing,10743.652077155086,10933.652077155086,190.0,988.491316098185
S5,continuous,E,38,957,255,takeoff,9738.402261293571,9768.402261293571,30.0,168.40226129357143
S5,continuous,E,7,957,255,landing,9941.762493411743,10131.762493411743,190.0,0.0
S5,continuous,E,1,958,297,takeoff,9580.0,9610.0,30.0,0.0
S5,continuous,E,3,958,297,landing,9985.171636137355,10175.171636137355,190.0,270.4458136018511
S5,continuous,E,25,959,226,takeoff,9590.0,9620.0,30.0,0.0
S5,continuous,E,39,959,226,landing,9817.719521526387,10007.719521526387,190.0,174.5023890665925
S5,continuous,E,38,960,14,takeoff,9768.402261293571,9798.402261293571,30.0,168.40226129357143
S5,continuous,E,35,960,14,landing,10005.444238487447,10195.444238487447,190.0,126.41450689640624
S5,continuous,E,15,961,203,takeoff,9610.0,9640.0,30.0,0.0
S5,continuous,E,7,961,203,landing,10131.762493411743,10321.762493411743,190.0,308.97430749890736
S5,continuous,E,31,962,125,takeoff,9868.713770389082,9898.713770389082,30.0,188.71377038908213
S5,continuous,E,20,962,125,landing,10026.374544244296,10216.374544244296,190.0,0.0
S5,continuous,E,27,963,198,takeoff,9630.0,9660.0,30.0,0.0
S5,continuous,E,26,963,198,landing,9725.559590291114,9915.559590291114,190.0,0.0
S5,continuous,E,28,964,104,takeoff,9699.0736678867,9729.0736678867,30.0,59.073667886699695
S5,continuous,E,20,964,104,landing,10216.374544244296,10406.374544244296,190.0,337.4345969726928
S5,continuous,E,39,965,249,takeoff,10007.719521526387,10037.719521526387,30.0,357.7195215263873
S5,continuous,E,27,965,249,landing,10081.76352679305,10271.76352679305,190.0,0.0
S5,continuous,E,11,966,25,takeoff,10181.385300909422,10211.385300909422,30.0,401.38530090942186
S5,continuous,E,4,966,25,landing,10285.261368301164,10475.261368301164,190.0,0.0
S5,continuous,E,29,967,239,takeoff,10933.652077155086,10963.652077155086,30.0,1263.6520771550859
S5,continuous,E,38,967,239,landing,11082.866080311296,11272.866080311296,190.0,0.0
S5,continuous,E,31,968,259,takeoff,9898.713770389082,9928.713770389082,30.0,218.71377038908213
S5,continuous,E,8,968,259,landing,10029.93665013968,10219.93665013968,190.0,0.0
S5,continuous,E,8,969,35,takeoff,9690.0,9720.0,30.0,0.0
S5,continuous,E,25,969,35,landing,10016.976200242168,10206.976200242168,190.0,204.85494402382938
S5,continuous,E,6,970,112,takeoff,9700.0,9730.0,30.0,0.0
S5,continuous,E,24,970,112,landing,9845.116219640124,10035.116219640124,190.0,0.0
S5,continuous,E,17,971,230,takeoff,9932.570928014537,9962.570928014537,30.0,222.57092801453655
S5,continuous,E,39,971,230,landing,10037.719521526387,10227.719521526387,190.0,21.85889028800011
S5,continuous,E,32,972,293,takeoff,9780.0,9810.0,30.0,0.0
S5,continuous,E,17,972,293,landing,9983.897068087592,10173.897068087592,190.0,0.0
S5,continuous,E,16,973,206,takeoff,9851.135483969167,9881.135483969167,30.0,121.13548396916667
S5,continuous,E,11,973,206,landing,10211.385300909422,10401.385300909422,190.0,197.92066434413573
S5,continuous,E,20,974,81,takeoff,9850.970733488937,9880.970733488937,30.0,110.97073348893719
S5,continuous,E,21,974,81,landing,10130.6877617633,10320.6877617633,190.0,123.77104146760757
S5,continuous,E,25,975,267,takeoff,10206.976200242168,10236.976200242168,30.0,456.9762002421685
S5,continuous,E,21,975,267,landing,10320.6877617633,10510.6877617633,190.0,64.23279432726667
S5,continuous,E,37,976,274,takeoff,9891.453297546748,9921.453297546748,30.0,131.45329754674822
S5,continuous,E,16,976,274,landing,10046.896128647022,10236.896128647022,190.0,0.0
S5,continuous,E,30,977,272,takeoff,9770.0,9800.0,30.0,0.0
S5,continuous,E,34,977,272,landing,9840.527683782797,10030.527683782797,190.0,0.0
S5,continuous,E,36,978,135,takeoff,9780.0,9810.0,30.0,0.0
S5,continuous,E,30,978,135,landing,9868.088108713055,10058.088108713055,190.0,0.0
S5,continuous,E,28,979,80,takeoff,9790.0,9820.0,30.0,0.0
S5,continuous,E,19,979,80,landing,9900.968971203334,10090.968971203334,190.0,50.75536472843123
S5,continuous,E,7,980,240,takeoff,9860.0,9890.0,30.0,0.0
S5,continuous,E,19,980,240,landing,10090.968971203334,10280.968971203334,190.0,89.59326487146791
S5,continuous,E,27,981,108,takeoff,9810.0,9840.0,30.0,0.0
S5,continuous,E,8,981,108,landing,10219.93665013968,10409.93665013968,190.0,299.7982621674473
S5,continuous,E,25,982,11,takeoff,10236.976200242168,10266.976200242168,30.0,416.9762002421685
S5,continuous,E,22,982,11,landing,10344.879865576935,10534.879865576935,190.0,0.0
S5,continuous,E,27,983,271,takeoff,9840.0,9870.0,30.0,10.0
S5,continuous,E,2,983,271,landing,10191.49057381125,10381.49057381125,190.0,196.9304743753346
S5,continuous,E,30,984,26,takeoff,10058.088108713055,10088.088108713055,30.0,218.08810871305468
S5,continuous,E,4,984,26,landing,10475.261368301164,10665.261368301164,190.0,316.5006719347166
S5,continuous,E,30,985,296,takeoff,10088.088108713055,10118.088108713055,30.0,238.08810871305468
S5,continuous,E,19,985,296,landing,10280.968971203334,10470.968971203334,190.0,115.85870768226596
S5,continuous,E,5,986,88,takeoff,9904.400266237437,9934.400266237437,30.0,44.40026623743688
S5,continuous,E,8,986,88,landing,10409.93665013968,10599.93665013968,190.0,326.1458264576304
S5,continuous,E,20,987,40,takeoff,10406.374544244296,10436.374544244296,30.0,356.374544244296
S5,continuous,E,7,987,40,landing,10596.500548540354,10786.500548540354,190.0,0.0
S5,continuous,E,0,988,278,takeoff,9880.0,9910.0,30.0,0.0
S5,continuous,E,27,988,278,landing,10271.76352679305,10461.76352679305,190.0,294.79500235702653
S5,continuous,E,0,989,273,takeoff,9910.0,9940.0,30.0,20.0
S5,continuous,E,22,989,273,landing,10009.607755688306,10199.607755688306,190.0,0.0
S5,continuous,E,19,990,33,takeoff,10470.968971203334,10500.968971203334,30.0,570.9689712033341
S5,continuous,E,11,990,33,landing,10543.218501514575,10733.218501514575,190.0,0.0
S5,continuous,E,2,991,55,takeoff,9910.0,9940.0,30.0,0.0
S5,continuous,E,1,991,55,landing,10187.086101565481,10377.086101565481,190.0,174.88945416799288
S5,continuous,E,12,992,12,takeoff,9920.0,9950.0,30.0,0.0
S5,continuous,E,34,992,12,landing,10046.485471024831,10236.485471024831,190.0,0.0
S5,continuous,E,36,993,19,takeoff,9930.0,9960.0,30.0,0.0
S5,continuous,E,39,993,19,landing,10227.719521526387,10417.719521526387,190.0,195.18101040728288
S5,continuous,E,11,994,290,takeoff,10401.385300909422,10431.385300909422,30.0,461.38530090942186
S5,continuous,E,30,994,290,landing,10475.630728351915,10665.630728351915,190.0,0.0
S5,continuous,E,27,995,298,takeoff,9950.0,9980.0,30.0,0.0
S5,continuous,E,14,995,298,landing,9995.448964198318,10185.448964198318,190.0,0.0
S5,continuous,E,14,996,87,takeoff,9960.0,9990.0,30.0,0.0
S5,continuous,E,36,996,87,landing,9977.99930725786,10167.99930725786,190.0,0.0
S5,continuous,E,22,997,41,takeoff,10199.607755688306,10229.607755688306,30.0,169.6077556883065
S5,continuous,E,26,997,41,landing,10303.222053666348,10493.222053666348,190.0,0.0
S5,continuous,E,19,998,210,takeoff,10500.968971203334,10530.968971203334,30.0,520.9689712033341
S5,continuous,E,38,998,210,landing,10574.152689277445,10764.152689277445,190.0,0.0
S5,continuous,E,27,999,292,takeoff,9990.0,10020.0,30.0,0.0
S5,continuous,E,1,999,292,landing,10377.086101565481,10567.086101565481,190.0,293.59464772379215
S5,continuous,E,1,1000,176,takeoff,10567.086101565481,10597.086101565481,30.0,567.0861015654809
S5,continuous,E,29,1000,176,landing,10963.652077155086,11153.652077155086,190.0,256.42510781152123
S5,continuous,E,22,1001,160,takeoff,10229.607755688306,10259.607755688306,30.0,219.6077556883065
S5,continuous,E,27,1001,160,landing,10461.76352679305,10651.76352679305,190.0,159.61901359082913
S5,continuous,E,16,1002,220,takeoff,10236.896128647022,10266.896128647022,30.0,216.89612864702212
S5,continuous,E,14,1002,220,landing,10331.932908088407,10521.932908088407,190.0,0.0
S5,continuous,E,32,1003,111,takeoff,10121.269312602628,10151.269312602628,30.0,91.2693126026279
S5,continuous,E,30,1003,111,landing,10230.782948554614,10420.782948554614,190.0,0.0
S5,continuous,E,15,1004,277,takeoff,10040.0,10070.0,30.0,0.0
S5,continuous,E,5,1004,277,landing,10195.283153397624,10385.283153397624,190.0,0.0
S5,continuous,E,25,1005,158,takeoff,10266.976200242168,10296.976200242168,30.0,216.9762002421685
S5,continuous,E,12,1005,158,landing,10414.166880464849,10604.166880464849,190.0,63.246280109942745
S5,continuous,E,8,1006,215,takeoff,10599.93665013968,10629.93665013968,30.0,539.9366501396798
S5,continuous,E,30,1006,215,landing,10681.327413428835,10871.327413428835,190.0,0.0
S5,continuous,E,21,1007,96,takeoff,10510.6877617633,10540.6877617633,30.0,440.68776176329993
S5,continuous,E,35,1007,96,landing,10635.444238487447,10825.444238487447,190.0,0.0
S5,continuous,E,23,1008,80,takeoff,10080.0,10110.0,30.0,0.0
S5,continuous,E,33,1008,80,landing,10155.728611672195,10345.728611672195,190.0,0.0
S5,continuous,E,27,1009,74,takeoff,10651.76352679305,10681.76352679305,30.0,561.7635267930491
S5,continuous,E,34,1009,74,landing,10757.566521485705,10947.566521485705,190.0,0.0
S5,continuous,E,10,1010,281,takeoff,10379.426112281888,10409.426112281888,30.0,279.426112281888
S5,continuous,E,30,1010,281,landing,10871.327413428835,11061.327413428835,190.0,389.9330688964583
S5,continuous,E,15,1011,179,takeoff,10110.0,10140.0,30.0,0.0
S5,continuous,E,36,1011,179,landing,10191.393394933555,10381.393394933555,190.0,0.0
S5,continuous,E,10,1012,31,takeoff,10409.426112281888,10439.426112281888,30.0,289.426112281888
S5,continuous,E,0,1012,31,landing,10504.398711745644,10694.398711745644,190.0,0.0
S5,continuous,E,12,1013,232,takeoff,10130.0,10160.0,30.0,0.0
S5,continuous,E,14,1013,232,landing,10521.932908088407,10711.932908088407,190.0,344.3081024272051
S5,continuous,E,3,1014,283,takeoff,10175.171636137355,10205.171636137355,30.0,35.17163613735465
S5,continuous,E,1,1014,283,landing,10597.086101565481,10787.086101565481,190.0,307.18864289262274
S5,continuous,E,0,1015,285,takeoff,10150.0,10180.0,30.0,0.0
S5,continuous,E,20,1015,285,landing,10436.374544244296,10626.374544244296,190.0,144.03142022139218
S5,continuous,E,10,1016,95,takeoff,10439.426112281888,10469.426112281888,30.0,279.426112281888
S5,continuous,E,22,1016,95,landing,10538.411677937094,10728.411677937094,190.0,0.0
S5,continuous,E,26,1017,107,takeoff,10170.0,10200.0,30.0,0.0
S5,continuous,E,27,1017,107,landing,10681.76352679305,10871.76352679305,190.0,396.20393650193546
S5,continuous,E,17,1018,233,takeoff,10180.0,10210.0,30.0,0.0
S5,continuous,E,19,1018,233,landing,10530.968971203334,10720.968971203334,190.0,224.01446982595553
S5,continuous,E,32,1019,143,takeoff,10190.0,10220.0,30.0,0.0
S5,continuous,E,34,1019,143,landing,10247.83723795601,10437.83723795601,190.0,0.0
S5,continuous,E,25,1020,89,takeoff,10296.976200242168,10326.976200242168,30.0,96.97620024216849
S5,continuous,E,28,1020,89,landing,10349.031665022401,10539.031665022401,190.0,0.0
S5,continuous,E,16,1021,140,takeoff,10266.896128647022,10296.896128647022,30.0,56.896128647022124
S5,continuous,E,5,1021,140,landing,10423.683873908694,10613.683873908694,190.0,0.0
S5,continuous,E,31,1022,268,takeoff,10220.0,10250.0,30.0,0.0
S5,continuous,E,32,1022,268,landing,10322.107948062661,10512.107948062661,190.0,0.0
S5,continuous,E,10,1023,293,takeoff,10469.426112281888,10499.426112281888,30.0,239.42611228188798
S5,continuous,E,21,1023,293,landing,10625.20707345769,10815.20707345769,190.0,0.0
S5,continuous,E,1,1024,76,takeoff,10787.086101565481,10817.086101565481,30.0,547.0861015654809
S5,continuous,E,18,1024,76,landing,10920.114198917563,11110.114198917563,190.0,0.0
S5,continuous,E,5,1025,262,takeoff,10385.283153397624,10415.283153397624,30.0,135.28315339762412
S5,continuous,E,8,1025,262,landing,10629.93665013968,10819.93665013968,190.0,45.262939297443154
S5,continuous,E,39,1026,221,takeoff,10417.719521526387,10447.719521526387,30.0,157.71952152638733
S5,continuous,E,23,1026,221,landing,10481.93739060292,10671.93739060292,190.0,0.0
S5,continuous,E,32,1027,151,takeoff,10512.107948062661,10542.107948062661,30.0,182.1079480626613
S5,continuous,E,37,1027,151,landing,10615.834307412066,10805.834307412066,190.0,0.0
S5,continuous,E,17,1028,216,takeoff,10340.0,10370.0,30.0,0.0
S5,continuous,E,10,1028,216,landing,10533.96594047062,10723.96594047062,190.0,0.0
S5,continuous,E,2,1029,108,takeoff,10381.49057381125,10411.49057381125,30.0,91.49057381125021
S5,continuous,E,39,1029,108,landing,10447.719521526387,10637.719521526387,190.0,15.820686682898668
S5,continuous,E,20,1030,234,takeoff,10626.374544244296,10656.374544244296,30.0,326.374544244296
S5,continuous,E,22,1030,234,landing,10753.079071273702,10943.079071273702,190.0,0.0
S5,continuous,E,29,1031,226,takeoff,11153.652077155086,11183.652077155086,30.0,843.6520771550859
S5,continuous,E,33,1031,226,landing,11228.812838211987,11418.812838211987,190.0,0.0
S5,continuous,E,24,1032,244,takeoff,10320.0,10350.0,30.0,0.0
S5,continuous,E,8,1032,244,landing,10819.93665013968,11009.93665013968,190.0,357.38115971805746
S5,continuous,E,6,1033,167,takeoff,10330.0,10360.0,30.0,0.0
S5,continuous,E,17,1033,167,landing,10457.579722738723,10647.579722738723,190.0,0.0
S5,continuous,E,4,1034,263,takeoff,10665.261368301164,10695.261368301164,30.0,325.2613683011641
S5,continuous,E,30,1034,263,landing,11061.327413428835,11251.327413428835,190.0,295.39345747427797
S5,continuous,E,23,1035,2,takeoff,10350.0,10380.0,30.0,0.0
S5,continuous,E,39,1035,2,landing,10637.719521526387,10827.719521526387,190.0,203.5016524498551
S5,continuous,E,10,1036,18,takeoff,10723.96594047062,10753.96594047062,30.0,183.9659404706199
S5,continuous,E,30,1036,18,landing,11251.327413428835,11441.327413428835,190.0,385.39324070772636
S5,continuous,E,8,1037,112,takeoff,11009.93665013968,11039.93665013968,30.0,639.9366501396798
S5,continuous,E,22,1037,112,landing,11099.860264334047,11289.860264334047,190.0,0.0
S5,continuous,E,33,1038,78,takeoff,10380.0,10410.0,30.0,0.0
S5,continuous,E,15,1038,78,landing,10434.391320714489,10624.391320714489,190.0,0.0
S5,continuous,E,0,1039,80,takeoff,10414.398711745644,10444.398711745644,30.0,24.398711745643595
S5,continuous,E,39,1039,80,landing,10827.719521526387,11017.719521526387,190.0,306.9994801634675
S5,continuous,E,35,1040,60,takeoff,10400.0,10430.0,30.0,0.0
S5,continuous,E,14,1040,60,landing,10711.932908088407,10901.932908088407,190.0,215.81366093332508
S5,continuous,E,2,1041,130,takeoff,10411.49057381125,10441.49057381125,30.0,1.490573811250215
S5,continuous,E,28,1041,130,landing,10550.327071080561,10740.327071080561,190.0,0.0
S5,continuous,E,25,1042,27,takeoff,10420.0,10450.0,30.0,0.0
S5,continuous,E,1,1042,27,landing,10817.086101565481,11007.086101565481,190.0,267.6161066998029
S5,continuous,E,23,1043,101,takeoff,10430.0,10460.0,30.0,0.0
S5,continuous,E,20,1043,101,landing,10656.374544244296,10846.374544244296,190.0,134.66224322419293
S5,continuous,E,28,1044,131,takeoff,10740.327071080561,10770.327071080561,30.0,300.3270710805609
S5,continuous,E,20,1044,131,landing,10900.193350465464,11090.193350465464,190.0,0.0
S5,continuous,E,19,1045,295,takeoff,10720.968971203334,10750.968971203334,30.0,270.96897120333415
S5,continuous,E,7,1045,295,landing,10862.3446775352,11052.3446775352,190.0,0.0
S5,continuous,E,35,1046,181,takeoff,10460.0,10490.0,30.0,0.0
S5,continuous,E,1,1046,181,landing,11007.086101565481,11197.086101565481,190.0,407.5679501343384
S5,continuous,E,20,1047,257,takeoff,10846.374544244296,10876.374544244296,30.0,376.374544244296
S5,continuous,E,21,1047,257,landing,11002.320531051051,11192.320531051051,190.0,0.0
S5,continuous,E,7,1048,22,takeoff,10480.0,10510.0,30.0,0.0
S5,continuous,E,0,1048,22,landing,10694.398711745644,10884.398711745644,190.0,83.52113026793268
S5,continuous,E,26,1049,150,takeoff,10493.222053666348,10523.222053666348,30.0,3.2220536663480743
S5,continuous,E,5,1049,150,landing,10613.683873908694,10803.683873908694,190.0,36.87335207036449
S5,continuous,E,5,1050,116,takeoff,10803.683873908694,10833.683873908694,30.0,303.6838739086943
S5,continuous,E,30,1050,116,landing,11441.327413428835,11631.327413428835,190.0,441.7040482736702
S5,continuous,E,21,1051,77,takeoff,10540.6877617633,10570.6877617633,30.0,30.68776176329993
S5,continuous,E,1,1051,77,landing,11197.086101565481,11387.086101565481,190.0,448.118874423315
S5,continuous,E,22,1052,276,takeoff,10943.079071273702,10973.079071273702,30.0,423.07907127370163
S5,continuous,E,34,1052,276,landing,11069.357629473807,11259.357629473807,190.0,0.0
S5,continuous,E,20,1053,120,takeoff,11090.193350465464,11120.193350465464,30.0,560.1933504654644
S5,continuous,E,14,1053,120,landing,11213.048220970764,11403.048220970764,190.0,0.0
S5,continuous,E,26,1054,165,takeoff,10540.0,10570.0,30.0,0.0
S5,continuous,E,25,1054,165,landing,10572.222721241538,10762.222721241538,190.0,0.0
S5,continuous,E,8,1055,111,takeoff,11039.93665013968,11069.93665013968,30.0,489.93665013967984
S5,continuous,E,25,1055,111,landing,11109.076288102586,11299.076288102586,190.0,0.0
S5,continuous,E,8,1056,142,takeoff,11069.93665013968,11099.93665013968,30.0,509.93665013967984
S5,continuous,E,4,1056,142,landing,11125.298668142606,11315.298668142606,190.0,0.0
S5,continuous,E,38,1057,187,takeoff,10764.152689277445,10794.152689277445,30.0,194.15268927744546
S5,continuous,E,22,1057,187,landing,11289.860264334047,11479.860264334047,190.0,357.10093736650015
S5,continuous,E,22,1058,159,takeoff,10973.079071273702,11003.079071273702,30.0,393.07907127370163
S5,continuous,E,34,1058,159,landing,11259.357629473807,11449.357629473807,190.0,160.0
S5,continuous,E,8,1059,152,takeoff,11099.93665013968,11129.93665013968,30.0,509.93665013967984
S5,continuous,E,24,1059,152,landing,11182.492140561302,11372.492140561302,190.0,0.0
S5,continuous,E,19,1060,185,takeoff,10750.968971203334,10780.968971203334,30.0,150.96897120333415
S5,continuous,E,31,1060,185,landing,10805.586574933617,10995.586574933617,190.0,0.0
S5,continuous,E,2,1061,172,takeoff,10610.0,10640.0,30.0,0.0
S5,continuous,E,38,1061,172,landing,10794.152689277445,10984.152689277445,190.0,71.5964012558652
S5,continuous,E,24,1062,51,takeoff,10620.0,10650.0,30.0,0.0
S5,continuous,E,26,1062,51,landing,10720.34033646405,10910.34033646405,190.0,0.0
S5,continuous,E,14,1063,178,takeoff,10901.932908088407,10931.932908088407,30.0,271.9329080884072
S5,continuous,E,23,1063,178,landing,10968.800467989251,11158.800467989251,190.0,0.0
S5,continuous,E,16,1064,20,takeoff,10640.0,10670.0,30.0,0.0
S5,continuous,E,0,1064,20,landing,10884.398711745644,11074.398711745644,190.0,116.6155974955509
S5,continuous,E,0,1065,162,takeoff,11074.398711745644,11104.398711745644,30.0,424.3987117456436
S5,continuous,E,14,1065,162,landing,11403.048220970764,11593.048220970764,190.0,240.81860223216427
S5,continuous,E,0,1066,99,takeoff,11104.398711745644,11134.398711745644,30.0,444.3987117456436
S5,continuous,E,14,1066,99,landing,11593.048220970764,11783.048220970764,190.0,380.81860223216427
S5,continuous,E,39,1067,183,takeoff,11017.719521526387,11047.719521526387,30.0,347.7195215263873
S5,continuous,E,18,1067,183,landing,11136.077357321545,11326.077357321545,190.0,0.0
S5,continuous,E,29,1068,213,takeoff,11183.652077155086,11213.652077155086,30.0,503.65207715508586
S5,continuous,E,19,1068,213,landing,11316.937112870863,11506.937112870863,190.0,0.0
S5,continuous,E,33,1069,114,takeoff,10690.0,10720.0,30.0,0.0
S5,continuous,E,15,1069,114,landing,10744.391320714489,10934.391320714489,190.0,0.0
S5,continuous,E,6,1070,55,takeoff,10700.0,10730.0,30.0,0.0
S5,continuous,E,12,1070,55,landing,10751.978766273844,10941.978766273844,190.0,0.0
S5,continuous,E,39,1071,275,takeoff,11047.719521526387,11077.719521526387,30.0,337.7195215263873
S5,continuous,E,29,1071,275,landing,11213.652077155086,11403.652077155086,190.0,59.38744750090882
S5,continuous,E,28,1072,200,takeoff,10770.327071080561,10800.327071080561,30.0,50.32707108056093
S5,continuous,E,27,1072,200,landing,10880.518537898874,11070.518537898874,190.0,0.0
S5,continuous,E,24,1073,28,takeoff,10730.0,10760.0,30.0,0.0
S5,continuous,E,28,1073,28,landing,10849.30028737817,11039.30028737817,190.0,0.0
S5,continuous,E,8,1074,94,takeoff,11129.93665013968,11159.93665013968,30.0,389.93665013967984
S5,continuous,E,29,1074,94,landing,11403.652077155086,11593.652077155086,190.0,152.22134623369675
S5,continuous,E,22,1075,265,takeoff,11003.079071273702,11033.079071273702,30.0,253.07907127370163
S5,continuous,E,1,1075,265,landing,11387.086101565481,11577.086101565481,190.0,250.80564298059107
S5,continuous,E,32,1076,262,takeoff,10760.0,10790.0,30.0,0.0
S5,continuous,E,30,1076,262,landing,11631.327413428835,11821.327413428835,190.0,681.8137774768493
S5,continuous,E,35,1077,41,takeoff,10825.444238487447,10855.444238487447,30.0,55.444238487447365
S5,continuous,E,34,1077,41,landing,11449.357629473807,11639.357629473807,190.0,511.69756920484724
S5,continuous,E,18,1078,299,takeoff,10780.0,10810.0,30.0,0.0
S5,continuous,E,24,1078,299,landing,10858.574374784392,11048.574374784392,190.0,0.0
S5,continuous,E,19,1079,253,takeoff,10790.0,10820.0,30.0,0.0
S5,continuous,E,10,1079,253,landing,10868.442012843672,11058.442012843672,190.0,0.0
