scenario_id,sweep,model,flight_id,aircraft_id,planned_start_time,start_time,cruise_arrival_time,descent_start_time,end_time,delay_s,takeoff_pad_delay_s,landing_pad_delay_s,pad_delay_s,takeoff_pad_start_s,takeoff_pad_end_s,landing_pad_start_s,landing_pad_end_s,cruise_altitude,distance_m,detour_distance_m,building_risks,building_collisions,path_changes,altitude_changes
S5,continuous,D,0,140,0.0,0.0,80.50723181967572,80.50723181967572,119.0372809685587,0.0,0.0,0.0,0.0,0.0,0.0,109.0372809685587,109.0372809685587,350.0,1898.9081232616336,0.0,0,0,0,1
S5,continuous,D,1,236,10.0,10.0,105.30946765798538,105.30946765798538,164.18374302390555,0.0,0.0,0.0,0.0,10.0,10.0,154.18374302390555,154.18374302390555,350.0,5384.310323184264,0.0,0,0,0,1
S5,continuous,D,2,275,20.0,20.0,98.6161593100975,98.6161593100975,122.30587014427638,0.0,0.0,0.0,0.0,20.0,20.0,112.30587014427637,112.30587014427637,300.0,2331.843894785878,0.0,0,0,0,0
S5,continuous,D,3,155,30.0,30.0,152.32570866460787,152.32570866460787,202.94787288822775,0.0,0.0,0.0,0.0,30.0,30.0,192.94787288822775,192.94787288822775,300.0,7357.48987990827,0.0,0,0,0,0
S5,continuous,D,4,277,40.0,40.0,121.60342954221676,121.60342954221676,180.4777049081369,0.0,0.0,0.0,0.0,40.0,40.0,170.4777049081369,170.4777049081369,350.0,3857.101044859007,0.0,0,0,0,1
S5,continuous,D,5,2,50.0,50.0,133.7498751822542,133.7498751822542,166.25042809964896,0.0,0.0,0.0,0.0,50.0,50.0,156.25042809964896,156.25042809964896,350.0,4867.3138541505,0.0,0,0,0,1
S5,continuous,D,6,146,60.0,60.0,168.26130889432676,168.26130889432676,201.95101972850563,0.0,0.0,0.0,0.0,60.0,60.0,191.95101972850563,191.95101972850563,350.0,5147.575420431299,0.0,0,0,0,1
S5,continuous,D,7,70,70.0,70.0,172.0813951086592,172.0813951086592,231.44719365667805,0.0,0.0,0.0,0.0,70.0,70.0,221.44719365667805,221.44719365667805,350.0,5608.450415505904,0.0,0,0,0,1
S5,continuous,D,8,90,80.0,80.0,207.00761899844719,207.00761899844719,234.0454814662908,0.0,0.0,0.0,0.0,80.0,80.0,224.0454814662908,224.0454814662908,350.0,6364.0701855409825,0.0,0,0,0,1
S5,continuous,D,9,34,90.0,210.0,327.6590355442137,327.6590355442137,363.9556905716955,120.0,0.0,0.0,0.0,210.0,210.0,353.9556905716955,353.9556905716955,350.0,4394.838663853248,0.0,0,0,0,1
S5,continuous,D,10,103,100.0,100.0,201.47507691300353,201.47507691300353,229.10833709932197,0.0,0.0,0.0,0.0,100.0,100.0,219.10833709932197,219.10833709932197,350.0,4122.68663384811,0.0,0,0,0,1
S5,continuous,D,11,109,110.0,170.0,264.3191717563133,264.3191717563133,289.96180398213136,60.0,0.0,0.0,0.0,170.0,170.0,279.96180398213136,279.96180398213136,350.0,3091.84104733258,0.0,0,0,0,1
S5,continuous,D,12,46,120.0,120.0,233.9581302350533,233.9581302350533,267.6478410692322,0.0,0.0,0.0,0.0,120.0,120.0,257.6478410692322,257.6478410692322,350.0,4625.889062139827,0.0,0,0,0,1
S5,continuous,D,13,85,130.0,130.0,200.33683026141208,200.33683026141208,241.25198984575727,0.0,0.0,0.0,0.0,130.0,130.0,231.25198984575727,231.25198984575727,300.0,4690.2658981968725,0.0,0,0,0,0
S5,continuous,D,14,228,140.0,140.0,197.73220419516431,197.73220419516431,239.0586252034908,0.0,0.0,0.0,0.0,140.0,140.0,229.05862520349083,229.05862520349083,350.0,3176.931795465833,0.0,0,0,0,1
S5,continuous,D,15,54,150.0,270.0,370.50150407102467,370.50150407102467,420.35999136152526,120.0,0.0,0.0,0.0,270.0,270.0,410.35999136152526,410.35999136152526,300.0,3827.692580730923,0.0,0,0,0,0
S5,continuous,D,16,45,160.0,160.0,289.2969539750776,289.2969539750776,316.3348164429212,0.0,0.0,0.0,0.0,160.0,160.0,306.3348164429212,306.3348164429212,350.0,5974.501449394008,0.0,0,0,0,1
S5,continuous,D,17,169,170.0,170.0,208.41512796365552,208.41512796365552,248.7147255745072,0.0,0.0,0.0,0.0,170.0,170.0,238.7147255745072,238.7147255745072,300.0,1711.8383334476046,0.0,0,0,0,0
S5,continuous,D,18,248,180.0,180.0,271.4826415130852,271.4826415130852,318.7141660826611,0.0,0.0,0.0,0.0,180.0,180.0,308.7141660826611,308.7141660826611,450.0,2553.204428206757,0.0,0,0,0,1
S5,continuous,D,19,294,190.0,190.0,275.64395410990306,275.64395410990306,292.00184791472117,0.0,0.0,0.0,0.0,190.0,190.0,282.00184791472117,282.00184791472117,350.0,3010.9016150672437,0.0,0,0,0,1
S5,continuous,D,20,17,200.0,200.0,255.1477832064512,255.1477832064512,296.4742042147777,0.0,0.0,0.0,0.0,200.0,200.0,286.4742042147777,286.4742042147777,350.0,2389.3460676602417,0.0,0,0,0,1
S5,continuous,D,21,187,210.0,210.0,288.95107319490523,288.95107319490523,306.5843333812237,0.0,0.0,0.0,0.0,210.0,210.0,296.5843333812237,296.5843333812237,300.0,3729.944120563894,0.0,0,0,0,0
S5,continuous,D,22,6,220.0,220.0,323.27365888776535,323.27365888776535,346.04530801660144,0.0,0.0,0.0,0.0,220.0,220.0,336.04530801660144,336.04530801660144,350.0,3307.4954552476656,0.0,0,0,0,1
S5,continuous,D,23,59,230.0,230.0,279.4402058875422,279.4402058875422,293.68637760516526,0.0,0.0,0.0,0.0,230.0,230.0,283.68637760516526,283.68637760516526,350.0,1962.9928881460364,0.0,0,0,0,1
S5,continuous,D,24,260,240.0,360.0,409.37685797730154,409.37685797730154,447.03584801173866,120.0,0.0,0.0,0.0,360.0,360.0,437.03584801173866,437.03584801173866,350.0,931.6228531454855,0.0,0,0,0,1
S5,continuous,D,25,79,250.0,310.0,367.2781727998471,367.2781727998471,382.9208050256651,60.0,0.0,0.0,0.0,310.0,310.0,372.9208050256651,372.9208050256651,300.0,1964.9620522720948,1.7134422666067621,1,0,1,0
S5,continuous,D,26,102,260.0,320.0,397.74141461997726,397.74141461997726,458.3635788435971,60.0,0.0,0.0,0.0,320.0,320.0,448.3635788435971,448.3635788435971,350.0,4477.135011152803,0.0,0,0,0,1
S5,continuous,D,27,108,270.0,270.0,350.77733764599236,350.77733764599236,386.68708270126587,0.0,0.0,0.0,0.0,270.0,270.0,376.68708270126587,376.68708270126587,300.0,4477.320190186221,0.0,0,0,0,0
S5,continuous,D,28,41,280.0,280.0,401.31533746533785,401.31533746533785,459.2099766159882,0.0,0.0,0.0,0.0,280.0,280.0,449.2099766159882,449.2099766159882,350.0,5547.731578111844,0.0,0,0,0,1
S5,continuous,D,29,204,290.0,290.0,327.5827282240722,327.5827282240722,376.8532531283219,0.0,0.0,0.0,0.0,290.0,290.0,366.8532531283219,366.8532531283219,300.0,2104.5089419483643,0.07249023934878096,1,0,1,0
S5,continuous,D,30,270,300.0,300.0,415.601499882492,415.601499882492,439.8253634145699,0.0,0.0,0.0,0.0,300.0,300.0,429.8253634145699,429.8253634145699,350.0,4136.612593578987,0.0,0,0,0,1
S5,continuous,D,31,209,310.0,430.0,493.19320139862924,493.19320139862924,505.96485052746533,120.0,0.0,0.0,0.0,430.0,430.0,495.96485052746533,495.96485052746533,300.0,1238.3893031240646,0.0,0,0,0,0
S5,continuous,D,32,67,320.0,320.0,376.838356390042,376.838356390042,399.6100055188781,0.0,0.0,0.0,0.0,320.0,320.0,389.6100055188781,389.6100055188781,350.0,2833.9575984441576,0.0,0,0,0,1
S5,continuous,D,33,105,330.0,330.0,370.6406857945375,370.6406857945375,391.08661500726794,0.0,0.0,0.0,0.0,330.0,330.0,381.08661500726794,381.08661500726794,300.0,2549.7614431127326,0.0,0,0,0,0
S5,continuous,D,34,115,340.0,340.0,404.102081374587,404.102081374587,453.46787992260585,0.0,0.0,0.0,0.0,340.0,340.0,443.46787992260585,443.46787992260585,300.0,1492.619137654379,0.0,0,0,0,0
S5,continuous,D,35,283,350.0,350.0,444.35018172949077,444.35018172949077,458.5963534471138,0.0,0.0,0.0,0.0,350.0,350.0,448.5963534471138,448.5963534471138,350.0,4283.270767640048,0.0,0,0,0,1
S5,continuous,D,36,242,360.0,360.0,401.18261185932545,401.18261185932545,422.8053798194501,0.0,0.0,0.0,0.0,360.0,360.0,412.8053798194501,412.8053798194501,300.0,883.311038545933,0.0,0,0,0,0
S5,continuous,D,37,152,370.0,370.0,437.85075701059463,437.85075701059463,460.3513099279894,0.0,0.0,0.0,0.0,370.0,370.0,450.3513099279894,450.3513099279894,300.0,4243.816447329499,0.0,0,0,0,0
S5,continuous,D,38,263,380.0,380.0,474.2040150380135,474.2040150380135,533.3015601200381,0.0,0.0,0.0,0.0,380.0,380.0,523.3015601200381,523.3015601200381,350.0,5081.950476799553,0.0,0,0,0,1
S5,continuous,D,39,69,390.0,390.0,493.27365888776535,493.27365888776535,516.0453080166014,0.0,0.0,0.0,0.0,390.0,390.0,506.04530801660144,506.04530801660144,350.0,3307.4954552476656,0.0,0,0,0,1
S5,continuous,D,40,83,400.0,400.0,518.6079724762169,518.6079724762169,552.3048190640135,0.0,0.0,0.0,0.0,400.0,400.0,542.3048190640135,542.3048190640135,350.0,5527.219769173311,0.0,0,0,0,1
S5,continuous,D,41,193,410.0,410.0,440.7300062585722,440.7300062585722,470.0155314469784,0.0,0.0,0.0,0.0,410.0,410.0,460.0155314469784,460.0155314469784,300.0,1230.465722588067,0.0,0,0,0,0
S5,continuous,D,42,131,420.0,420.0,460.35431705437725,460.35431705437725,496.17622130084794,0.0,0.0,0.0,0.0,420.0,420.0,486.17622130084794,486.17622130084794,300.0,1782.0129467011975,0.0,0,0,0,0
S5,continuous,D,43,95,430.0,490.0,521.344236652302,521.344236652302,538.9774968386205,60.0,0.0,0.0,0.0,490.0,490.0,528.9774968386205,528.9774968386205,300.0,1300.6438266069226,0.0,0,0,0,0
S5,continuous,D,44,20,440.0,440.0,514.1997213786132,514.1997213786132,560.0823827082986,0.0,0.0,0.0,0.0,440.0,440.0,550.0823827082986,550.0823827082986,350.0,3098.089192308519,0.0,0,0,0,1
S5,continuous,D,45,118,450.0,450.0,546.0975114761305,546.0975114761305,587.423932484457,0.0,0.0,0.0,0.0,450.0,450.0,577.423932484457,577.423932484457,350.0,2921.859487202801,0.0,0,0,0,1
S5,continuous,D,46,140,460.0,460.0,562.4676915005792,562.4676915005792,592.9136207133097,0.0,0.0,0.0,0.0,460.0,460.0,582.9136207133097,582.9136207133097,350.0,4153.978297438337,0.0,0,0,0,1
S5,continuous,D,47,3,470.0,470.0,544.5340637823797,544.5340637823797,561.5719262502233,0.0,0.0,0.0,0.0,470.0,470.0,551.5719262502233,551.5719262502233,300.0,2100.6241502077623,0.0,0,0,0,0
S5,continuous,D,48,181,480.0,480.0,547.473113291943,547.473113291943,567.9190425046735,0.0,0.0,0.0,0.0,480.0,480.0,557.9190425046735,557.9190425046735,300.0,3267.0331746521683,0.0,0,0,0,0
S5,continuous,D,49,287,490.0,490.0,637.0672727419341,637.0672727419341,669.5678256593288,0.0,0.0,0.0,0.0,490.0,490.0,659.5678256593288,659.5678256593288,350.0,7186.5028194321985,0.0,0,0,0,1
S5,continuous,D,50,248,500.0,500.0,554.4267879817947,554.4267879817947,567.7256839356162,0.0,0.0,0.0,0.0,500.0,500.0,557.7256839356162,557.7256839356162,350.0,2686.2102272583065,0.0,0,0,0,1
S5,continuous,D,51,21,510.0,510.0,616.887724948107,616.887724948107,676.1582498523568,0.0,0.0,0.0,0.0,510.0,510.0,666.1582498523568,666.1582498523568,350.0,3791.6206401633035,0.0,0,0,0,1
S5,continuous,D,52,70,520.0,520.0,598.1305070642004,598.1305070642004,647.1963445028568,0.0,0.0,0.0,0.0,520.0,520.0,637.1963445028568,637.1963445028568,300.0,2415.680622377908,0.0,0,0,0,0
S5,continuous,D,53,286,530.0,530.0,633.2736588877652,633.2736588877652,656.0453080166013,0.0,0.0,0.0,0.0,530.0,530.0,646.0453080166013,646.0453080166013,350.0,3307.4954552476656,0.0,0,0,0,1
S5,continuous,D,54,63,540.0,540.0,649.0240919739867,649.0240919739867,663.2702636916098,0.0,0.0,0.0,0.0,540.0,540.0,653.2702636916098,653.2702636916098,350.0,4963.4839593394445,0.0,0,0,0,1
S5,continuous,D,55,206,550.0,550.0,587.0417549567057,587.0417549567057,616.327280145112,0.0,0.0,0.0,0.0,550.0,550.0,606.327280145112,606.327280145112,300.0,1553.267274598562,0.0,0,0,0,0
S5,continuous,D,56,49,560.0,620.0,695.4249827407049,695.4249827407049,701.782876545523,60.0,0.0,0.0,0.0,620.0,620.0,695.4249827407049,695.4249827407049,300.0,3128.3256895576114,0.0,0,0,0,0
S5,continuous,D,57,29,570.0,570.0,685.4611558129774,685.4611558129774,744.3354311788976,0.0,0.0,0.0,0.0,570.0,570.0,734.3354311788976,734.3354311788976,350.0,4889.97324502557,0.0,0,0,0,1
S5,continuous,D,58,213,580.0,580.0,665.2224405861183,665.2224405861183,690.8650728119363,0.0,0.0,0.0,0.0,580.0,580.0,680.8650728119363,680.8650728119363,350.0,4132.8360962800425,0.0,0,0,0,1
S5,continuous,D,59,208,590.0,590.0,718.1368633966154,718.1368633966154,763.958767643086,0.0,0.0,0.0,0.0,590.0,590.0,753.958767643086,753.958767643086,350.0,5942.136299009449,0.0,0,0,0,1
S5,continuous,D,60,269,600.0,600.0,692.9256436435996,692.9256436435996,719.2835374484177,0.0,0.0,0.0,0.0,600.0,600.0,709.2835374484177,709.2835374484177,400.0,4042.8308597470395,0.0,0,0,0,1
S5,continuous,D,61,283,610.0,610.0,740.9106599478694,740.9106599478694,782.8616371134324,0.0,0.0,0.0,0.0,610.0,610.0,772.8616371134324,772.8616371134324,350.0,6156.647421068723,0.0,0,0,0,1
S5,continuous,D,62,214,620.0,620.0,688.9560539687875,688.9560539687875,748.814541259288,0.0,0.0,0.0,0.0,620.0,620.0,738.814541259288,738.814541259288,350.0,2574.0583155813765,0.0,0,0,0,1
S5,continuous,D,63,244,630.0,630.0,689.0020800367072,689.0020800367072,709.4997918882374,0.0,0.0,0.0,0.0,630.0,630.0,699.4997918882374,699.4997918882374,350.0,2454.6649077793545,0.0,0,0,0,1
S5,continuous,D,64,199,640.0,640.0,701.4698241687673,701.4698241687673,707.8277179735854,0.0,0.0,0.0,0.0,640.0,640.0,701.4698241687673,701.4698241687673,300.0,2508.1506869138666,0.4601035860337106,1,0,1,0
S5,continuous,D,65,278,650.0,710.0,779.155651880192,779.155651880192,833.0634934620957,60.0,0.0,0.0,0.0,710.0,710.0,823.0634934620957,823.0634934620957,350.0,3475.6643036440905,0.0,0,0,0,1
S5,continuous,D,66,125,660.0,660.0,723.5480776922257,723.5480776922257,752.8336028806319,0.0,0.0,0.0,0.0,660.0,660.0,742.8336028806319,742.8336028806319,300.0,1344.6171029950056,0.0,0,0,0,0
S5,continuous,D,67,65,670.0,670.0,802.3156494856534,802.3156494856534,816.5618212032764,0.0,0.0,0.0,0.0,670.0,670.0,806.5618212032764,806.5618212032764,350.0,5231.3832471705155,0.0,0,0,0,1
S5,continuous,D,68,288,680.0,680.0,744.783453856811,744.783453856811,772.014978426387,0.0,0.0,0.0,0.0,680.0,680.0,762.014978426387,762.014978426387,350.0,3097.3298231585195,0.0,0,0,0,1
S5,continuous,D,69,287,690.0,690.0,771.9158519558048,771.9158519558048,822.2154495666565,0.0,0.0,0.0,0.0,690.0,690.0,812.2154495666565,812.2154495666565,350.0,4892.456201288916,0.0,0,0,0,1
S5,continuous,D,70,41,700.0,700.0,786.6769460341203,786.6769460341203,808.2997139942449,0.0,0.0,0.0,0.0,700.0,700.0,798.2997139942449,798.2997139942449,300.0,4799.192530585672,0.0,0,0,0,0
S5,continuous,D,71,297,710.0,710.0,792.7444728419081,792.7444728419081,819.9370096622908,0.0,0.0,0.0,0.0,710.0,710.0,809.9370096622908,809.9370096622908,350.0,3276.2411760480036,0.0,0,0,0,1
S5,continuous,D,72,110,720.0,720.0,825.1827639430792,825.1827639430792,883.0774030937295,0.0,0.0,0.0,0.0,720.0,720.0,873.0774030937295,873.0774030937295,350.0,4521.172664008148,0.0,0,0,0,1
S5,continuous,D,73,204,730.0,730.0,837.3371735860504,837.3371735860504,873.6338286135323,0.0,0.0,0.0,0.0,730.0,730.0,863.6338286135323,863.6338286135323,350.0,4511.610752341748,0.0,0,0,0,1
S5,continuous,D,74,123,740.0,800.0,865.323464902091,865.323464902091,882.554989471667,60.0,0.0,0.0,0.0,800.0,800.0,872.554989471667,872.554989471667,300.0,2232.0378544549253,1.0580869983575667,1,0,1,0
S5,continuous,D,75,294,750.0,750.0,812.5570473087034,812.5570473087034,854.5080244742664,0.0,0.0,0.0,0.0,750.0,750.0,844.5080244742664,844.5080244742664,350.0,2302.252500160588,0.0,0,0,0,1
S5,continuous,D,76,105,760.0,760.0,802.6841264886535,802.6841264886535,809.0420202934716,0.0,0.0,0.0,0.0,760.0,760.0,802.6841264886535,802.6841264886535,300.0,1616.5656001492798,0.0,0,0,0,0
S5,continuous,D,77,98,770.0,830.0,912.7233994539115,912.7233994539115,935.4950485827476,60.0,0.0,0.0,0.0,830.0,830.0,925.4950485827476,925.4950485827476,350.0,3751.2525744532377,0.0,0,0,0,1
S5,continuous,D,78,90,780.0,780.0,852.6215376538179,852.6215376538179,868.2641698796359,0.0,0.0,0.0,0.0,780.0,780.0,858.2641698796359,858.2641698796359,300.0,3160.295973869167,0.048757366135760094,1,0,1,0
S5,continuous,D,79,121,790.0,790.0,895.3619706138827,895.3619706138827,954.4278080525391,0.0,0.0,0.0,0.0,790.0,790.0,944.4278080525391,944.4278080525391,350.0,4732.48363624241,0.0,0,0,0,1
S5,continuous,D,80,197,800.0,800.0,889.3499775664108,889.3499775664108,906.5255126952196,0.0,0.0,0.0,0.0,800.0,800.0,896.5255126952196,896.5255126952196,350.0,3964.57064049064,0.0,0,0,0,1
S5,continuous,D,81,50,810.0,810.0,891.332737480977,891.332737480977,912.9555054411016,0.0,0.0,0.0,0.0,810.0,810.0,902.9555054411016,902.9555054411016,300.0,4069.4308370913964,0.40011748135611924,1,0,2,0
S5,continuous,D,82,214,820.0,820.0,876.9902476930918,876.9902476930918,902.6328799189098,0.0,0.0,0.0,0.0,820.0,820.0,892.6328799189098,892.6328799189098,350.0,3107.4644235162114,0.0,0,0,0,1
S5,continuous,D,83,254,830.0,830.0,927.9347063934872,927.9347063934872,978.8498659778325,0.0,0.0,0.0,0.0,830.0,830.0,968.8498659778325,968.8498659778325,350.0,4779.35546091486,0.0,0,0,0,1
S5,continuous,D,84,275,840.0,840.0,951.1318528016866,951.1318528016866,1010.197690240343,0.0,0.0,0.0,0.0,840.0,840.0,1000.197690240343,1000.197690240343,350.0,6027.246270048781,0.0,0,0,0,1
S5,continuous,D,85,264,850.0,910.0,952.334793862582,952.334793862582,969.5273306829648,60.0,0.0,0.0,0.0,910.0,910.0,959.5273306829648,959.5273306829648,300.0,1520.748178368043,0.0,0,0,0,0
S5,continuous,D,86,79,860.0,920.0,1033.0922610781465,1033.0922610781465,1066.7819719123254,60.0,0.0,0.0,0.0,920.0,920.0,1056.7819719123254,1056.7819719123254,350.0,4137.763211757236,0.0,0,0,0,1
S5,continuous,D,87,137,870.0,870.0,990.531264739923,990.531264739923,1004.7774364575461,0.0,0.0,0.0,0.0,870.0,870.0,994.7774364575461,994.7774364575461,350.0,4415.375125002121,0.0,0,0,0,1
S5,continuous,D,88,229,880.0,880.0,984.2218792409416,984.2218792409416,1001.2597417087852,0.0,0.0,0.0,0.0,880.0,880.0,991.2597417087852,991.2597417087852,300.0,4325.664364184594,0.0,0,0,0,0
S5,continuous,D,89,87,890.0,950.0,1004.7747652497158,1004.7747652497158,1042.4337552841528,60.0,0.0,0.0,0.0,950.0,950.0,1032.4337552841528,1032.4337552841528,350.0,2780.787967210021,0.0,0,0,0,1
S5,continuous,D,90,282,900.0,900.0,984.8450742208332,984.8450742208332,1001.2029680256513,0.0,0.0,0.0,0.0,900.0,900.0,991.2029680256513,991.2029680256513,350.0,3660.595582305274,0.0,0,0,0,1
S5,continuous,D,91,34,910.0,910.0,968.051822007594,968.051822007594,1003.1407646230056,0.0,0.0,0.0,0.0,910.0,910.0,993.1407646230056,993.1407646230056,300.0,2423.939120221942,0.0,0,0,0,0
S5,continuous,D,92,184,920.0,920.0,987.5132571914725,987.5132571914725,1021.2029680256513,0.0,0.0,0.0,0.0,920.0,920.0,1011.2029680256513,1011.2029680256513,350.0,3660.595582305274,0.0,0,0,0,1
S5,continuous,D,93,193,930.0,930.0,1025.773823262246,1025.773823262246,1063.432813296683,0.0,0.0,0.0,0.0,930.0,930.0,1053.432813296683,1053.432813296683,350.0,4197.196803474132,0.0,0,0,0,1
S5,continuous,D,94,40,940.0,940.0,1062.3257086646079,1062.3257086646079,1112.9478728882277,0.0,0.0,0.0,0.0,940.0,940.0,1102.9478728882277,1102.9478728882277,300.0,7357.48987990827,0.0,0,0,0,0
S5,continuous,D,95,183,950.0,950.0,1080.0944465852806,1080.0944465852806,1097.4315991237047,0.0,0.0,0.0,0.0,950.0,950.0,1087.4315991237047,1087.4315991237047,350.0,6172.671943167777,0.0,0,0,0,1
S5,continuous,D,96,6,960.0,960.0,1049.3699850988496,1049.3699850988496,1097.0289751332866,0.0,0.0,0.0,0.0,960.0,960.0,1087.0289751332866,1087.0289751332866,400.0,2255.3103925447595,0.0,0,0,0,1
S5,continuous,D,97,108,970.0,1030.0,1127.7018402662638,1127.7018402662638,1148.1995521177942,60.0,0.0,0.0,0.0,1030.0,1030.0,1138.1995521177942,1138.1995521177942,350.0,2973.5512682914264,0.0,0,0,0,1
S5,continuous,D,98,223,980.0,980.0,1060.4278714876127,1060.4278714876127,1106.2497757340834,0.0,0.0,0.0,0.0,980.0,980.0,1096.2497757340834,1096.2497757340834,350.0,3713.468652288151,0.0,0,0,0,1
S5,continuous,D,99,201,990.0,990.0,1058.133844478522,1058.133844478522,1085.1717069463655,0.0,0.0,0.0,0.0,990.0,990.0,1075.1717069463655,1075.1717069463655,350.0,2973.3945660843783,0.0,0,0,0,1
S5,continuous,D,100,56,1000.0,1000.0,1061.034959456171,1061.034959456171,1097.3316144836529,0.0,0.0,0.0,0.0,1000.0,1000.0,1087.3316144836529,1087.3316144836529,350.0,3181.3561656793177,0.0,0,0,0,1
S5,continuous,D,101,274,1010.0,1010.0,1154.1904772776256,1154.1904772776256,1212.085116428276,0.0,0.0,0.0,0.0,1010.0,1010.0,1202.085116428276,1202.085116428276,350.0,6163.804887138398,0.0,0,0,0,1
S5,continuous,D,102,130,1020.0,1020.0,1123.7973364663806,1123.7973364663806,1182.8948815484052,0.0,0.0,0.0,0.0,1020.0,1020.0,1172.8948815484052,1172.8948815484052,350.0,4666.847527655366,0.0,0,0,0,1
S5,continuous,D,103,174,1030.0,1030.0,1137.2468113266518,1137.2468113266518,1169.7473642440466,0.0,0.0,0.0,0.0,1030.0,1030.0,1159.7473642440466,1159.7473642440466,350.0,5362.2194954894,0.0,0,0,0,1
S5,continuous,D,104,118,1040.0,1040.0,1091.5152050068693,1091.5152050068693,1117.1578372326874,0.0,0.0,0.0,0.0,1040.0,1040.0,1107.1578372326874,1107.1578372326874,350.0,2068.755243775565,0.0,0,0,0,1
S5,continuous,D,105,65,1050.0,1050.0,1139.298925105277,1139.298925105277,1185.1815864349624,0.0,0.0,0.0,0.0,1050.0,1050.0,1175.1815864349624,1175.1815864349624,350.0,3351.574035258361,0.0,0,0,0,1
S5,continuous,D,106,262,1060.0,1120.0,1214.9027641478,1214.9027641478,1253.432813296683,60.0,0.0,0.0,0.0,1120.0,1120.0,1243.432813296683,1243.432813296683,350.0,4197.196803474132,0.0,0,0,0,1
S5,continuous,D,107,227,1070.0,1070.0,1156.385536120502,1156.385536120502,1190.0823827082984,0.0,0.0,0.0,0.0,1070.0,1070.0,1180.0823827082984,1180.0823827082984,350.0,3098.089192308519,0.0,0,0,0,1
S5,continuous,D,108,110,1080.0,1140.0,1230.559278682092,1230.559278682092,1276.4690237373657,60.0,0.0,0.0,0.0,1140.0,1140.0,1266.4690237373657,1266.4690237373657,350.0,2528.467176959285,0.0,0,0,0,1
S5,continuous,D,109,180,1090.0,1090.0,1190.755852789368,1190.755852789368,1249.8216902280244,0.0,0.0,0.0,0.0,1090.0,1090.0,1239.8216902280244,1239.8216902280244,350.0,5008.18527657847,0.0,0,0,0,1
S5,continuous,D,110,169,1100.0,1100.0,1180.7773376459925,1180.7773376459925,1216.687082701266,0.0,0.0,0.0,0.0,1100.0,1100.0,1206.687082701266,1206.687082701266,300.0,4477.320190186221,0.0,0,0,0,0
S5,continuous,D,111,205,1110.0,1110.0,1180.4195157807474,1180.4195157807474,1214.1092266149262,0.0,0.0,0.0,0.0,1110.0,1110.0,1204.1092266149262,1204.1092266149262,350.0,3159.031894731076,0.0,0,0,0,1
S5,continuous,D,112,10,1120.0,1120.0,1224.2575185103271,1224.2575185103271,1283.623317058346,0.0,0.0,0.0,0.0,1120.0,1120.0,1273.623317058346,1273.623317058346,350.0,4824.72284014353,0.0,0,0,0,1
S5,continuous,D,113,198,1130.0,1130.0,1202.7508118373346,1202.7508118373346,1271.816649275991,0.0,0.0,0.0,0.0,1130.0,1130.0,1261.816649275991,1261.816649275991,400.0,2340.42291632087,0.0,0,0,0,1
S5,continuous,D,114,181,1140.0,1140.0,1236.527753402511,1236.527753402511,1295.6252984845357,0.0,0.0,0.0,0.0,1140.0,1140.0,1285.6252984845357,1285.6252984845357,350.0,5466.645721399818,0.0,0,0,0,1
S5,continuous,D,115,39,1150.0,1150.0,1244.5299573203472,1244.5299573203472,1271.7224941407299,0.0,0.0,0.0,0.0,1150.0,1150.0,1261.7224941407299,1261.7224941407299,350.0,5429.2230541612835,0.0,0,0,0,1
S5,continuous,D,116,230,1160.0,1160.0,1235.8468595137458,1235.8468595137458,1296.4690237373657,0.0,0.0,0.0,0.0,1160.0,1160.0,1286.4690237373657,1286.4690237373657,350.0,2528.4671769592856,0.0,0,0,0,1
S5,continuous,D,117,140,1170.0,1170.0,1264.7709166891138,1264.7709166891138,1291.9634535094965,0.0,0.0,0.0,0.0,1170.0,1170.0,1281.9634535094965,1281.9634535094965,350.0,4749.97275188653,0.0,0,0,0,1
S5,continuous,D,118,49,1180.0,1180.0,1287.9231473369177,1287.9231473369177,1347.7816346274183,0.0,0.0,0.0,0.0,1180.0,1180.0,1337.7816346274183,1337.7816346274183,350.0,5255.87519888564,0.0,0,0,0,1
S5,continuous,D,119,129,1190.0,1190.0,1256.7883632922208,1256.7883632922208,1264.1255158306449,0.0,0.0,0.0,0.0,1190.0,1190.0,1256.7883632922208,1256.7883632922208,300.0,1966.1418078055542,0.0,0,0,0,0
S5,continuous,D,120,269,1200.0,1200.0,1322.4521271319331,1322.4521271319331,1368.3618721872067,0.0,0.0,0.0,0.0,1200.0,1200.0,1358.3618721872067,1358.3618721872067,350.0,6070.719481948302,0.0,0,0,0,1
S5,continuous,D,121,281,1210.0,1210.0,1255.1181317182522,1255.1181317182522,1286.4445527265786,0.0,0.0,0.0,0.0,1210.0,1210.0,1276.4445527265786,1276.4445527265786,300.0,2517.1486554140765,0.0,0,0,0,0
S5,continuous,D,122,22,1220.0,1340.0,1453.6699782371265,1453.6699782371265,1535.2927461972513,120.0,0.0,0.0,0.0,1340.0,1340.0,1525.2927461972513,1525.2927461972513,600.0,2071.6781105338614,0.0,0,0,0,1
S5,continuous,D,123,25,1230.0,1230.0,1348.8550900832877,1348.8550900832877,1382.5519366710841,0.0,0.0,0.0,0.0,1230.0,1230.0,1372.5519366710841,1372.5519366710841,350.0,4400.883522243958,0.0,0,0,0,1
S5,continuous,D,124,87,1240.0,1360.0,1481.7502601447047,1481.7502601447047,1527.5721643911754,120.0,0.0,0.0,0.0,1360.0,1360.0,1517.5721643911754,1517.5721643911754,350.0,4654.520147965134,0.0,0,0,0,1
S5,continuous,D,125,169,1250.0,1250.0,1358.0159583774307,1358.0159583774307,1399.9669355429937,0.0,0.0,0.0,0.0,1250.0,1250.0,1389.9669355429937,1389.9669355429937,350.0,5406.618014417186,0.0,0,0,0,1
S5,continuous,D,126,262,1260.0,1260.0,1388.945888138584,1388.945888138584,1410.5686560987087,0.0,0.0,0.0,0.0,1260.0,1260.0,1400.5686560987087,1400.5686560987087,300.0,6181.404874671592,0.0,0,0,0,0
S5,continuous,D,127,32,1270.0,1270.0,1324.7269752627433,1324.7269752627433,1351.7648377305868,0.0,0.0,0.0,0.0,1270.0,1270.0,1341.7648377305868,1341.7648377305868,350.0,2289.84941204396,0.0,0,0,0,1
S5,continuous,D,128,235,1280.0,1340.0,1398.725982181442,1398.725982181442,1457.7918196200985,60.0,0.0,0.0,0.0,1340.0,1340.0,1447.7918196200985,1447.7918196200985,350.0,2716.5897481446173,0.0,0,0,0,1
S5,continuous,D,129,244,1290.0,1350.0,1434.754873242647,1434.754873242647,1488.6627148245507,60.0,0.0,0.0,0.0,1350.0,1350.0,1478.6627148245507,1478.6627148245507,350.0,4426.059172941174,0.0,0,0,0,1
S5,continuous,D,130,163,1300.0,1300.0,1325.8735899469414,1325.8735899469414,1343.5068501332598,0.0,0.0,0.0,0.0,1300.0,1300.0,1333.5068501332598,1333.5068501332598,300.0,1025.4872677827964,0.0,0,0,0,0
S5,continuous,D,131,50,1310.0,1310.0,1416.604779485962,1416.604779485962,1485.6706169246183,0.0,0.0,0.0,0.0,1310.0,1310.0,1475.6706169246183,1475.6706169246183,400.0,3733.8393002549005,0.0,0,0,0,1
S5,continuous,D,132,30,1320.0,1320.0,1409.4808380283619,1409.4808380283619,1458.766363216768,0.0,0.0,0.0,0.0,1320.0,1320.0,1448.766363216768,1448.766363216768,400.0,2769.4660659671304,0.0,0,0,0,1
S5,continuous,D,133,103,1330.0,1330.0,1423.6480945845908,1423.6480945845908,1484.2702588082107,0.0,0.0,0.0,0.0,1330.0,1330.0,1474.2702588082107,1474.2702588082107,350.0,4869.444022833896,0.0,0,0,0,1
S5,continuous,D,134,297,1340.0,1400.0,1494.7709166891138,1494.7709166891138,1521.9634535094965,60.0,0.0,0.0,0.0,1400.0,1400.0,1511.9634535094965,1511.9634535094965,350.0,4749.97275188653,0.0,0,0,0,1
S5,continuous,D,135,55,1350.0,1350.0,1436.128184100093,1436.128184100093,1481.9500883465637,0.0,0.0,0.0,0.0,1350.0,1350.0,1471.9500883465637,1471.9500883465637,350.0,2315.9727588098276,0.0,0,0,0,1
S5,continuous,D,136,264,1360.0,1360.0,1460.8525890414473,1460.8525890414473,1488.0841136110232,0.0,0.0,0.0,0.0,1360.0,1360.0,1478.0841136110232,1478.0841136110232,350.0,4079.178764327307,0.0,0,0,0,1
S5,continuous,D,137,255,1370.0,1370.0,1496.076269552424,1496.076269552424,1553.9709087030744,0.0,0.0,0.0,0.0,1370.0,1370.0,1543.9709087030744,1543.9709087030744,350.0,5063.977518349776,0.0,0,0,0,1
S5,continuous,D,138,290,1380.0,1380.0,1460.4121908269278,1460.4121908269278,1506.2340950733985,0.0,0.0,0.0,0.0,1380.0,1380.0,1496.2340950733985,1496.2340950733985,350.0,4769.823659208544,0.0,0,0,0,1
S5,continuous,D,139,257,1390.0,1390.0,1484.274286775824,1484.274286775824,1543.3401242144805,0.0,0.0,0.0,0.0,1390.0,1390.0,1533.3401242144805,1533.3401242144805,350.0,4204.261941400438,0.0,0,0,0,1
S5,continuous,D,140,79,1400.0,1400.0,1507.173690003025,1507.173690003025,1532.816322228843,0.0,0.0,0.0,0.0,1400.0,1400.0,1522.816322228843,1522.816322228843,350.0,4492.64103338037,0.0,0,0,0,1
S5,continuous,D,141,100,1410.0,1410.0,1533.4979687771704,1533.4979687771704,1565.9985216945652,0.0,0.0,0.0,0.0,1410.0,1410.0,1555.9985216945652,1555.9985216945652,350.0,6157.4069563702815,0.0,0,0,0,1
S5,continuous,D,142,67,1420.0,1420.0,1531.9700889718865,1531.9700889718865,1569.6290790063235,0.0,0.0,0.0,0.0,1420.0,1420.0,1559.6290790063235,1559.6290790063235,350.0,5574.995342050511,0.0,0,0,0,1
S5,continuous,D,143,282,1430.0,1430.0,1465.5975459445215,1465.5975459445215,1516.2197101681413,0.0,0.0,0.0,0.0,1430.0,1430.0,1506.2197101681413,1506.2197101681413,300.0,1292.876526545168,0.0,0,0,0,0
S5,continuous,D,144,186,1440.0,1440.0,1535.2491123962704,1535.2491123962704,1594.6149109442892,0.0,0.0,0.0,0.0,1440.0,1440.0,1584.6149109442892,1584.6149109442892,350.0,5577.645412621964,0.0,0,0,0,1
S5,continuous,D,145,20,1450.0,1630.0,1732.004256382026,1732.004256382026,1746.250428099649,180.0,0.0,0.0,0.0,1630.0,1630.0,1736.250428099649,1736.250428099649,350.0,4867.3138541505,0.0,0,0,0,1
S5,continuous,D,146,256,1460.0,1460.0,1501.2140019727578,1501.2140019727578,1514.5128979265794,0.0,0.0,0.0,0.0,1460.0,1460.0,1504.5128979265794,1504.5128979265794,350.0,1456.369887809541,0.0,0,0,0,1
S5,continuous,D,147,279,1470.0,1470.0,1542.1099716238164,1542.1099716238164,1589.7689616582534,0.0,0.0,0.0,0.0,1470.0,1470.0,1579.7689616582534,1579.7689616582534,400.0,2761.6248729095964,0.0,0,0,0,1
S5,continuous,D,148,13,1480.0,1540.0,1661.9675227462728,1661.9675227462728,1698.2641777737547,60.0,0.0,0.0,0.0,1540.0,1540.0,1688.2641777737547,1688.2641777737547,350.0,4742.482043932154,0.0,0,0,0,1
S5,continuous,D,149,153,1490.0,1490.0,1594.9662064324873,1594.9662064324873,1622.15874325287,0.0,0.0,0.0,0.0,1490.0,1490.0,1612.15874325287,1612.15874325287,350.0,3503.129465369323,0.0,0,0,0,1
S5,continuous,D,150,23,1500.0,1500.0,1570.2876783537417,1570.2876783537417,1596.5843333812236,0.0,0.0,0.0,0.0,1500.0,1500.0,1586.5843333812236,1586.5843333812236,300.0,3729.944120563894,0.0,0,0,0,0
S5,continuous,D,151,149,1510.0,1510.0,1593.3039469128796,1593.3039469128796,1639.1258511593503,0.0,0.0,0.0,0.0,1510.0,1510.0,1629.1258511593503,1629.1258511593503,350.0,4723.54798248111,0.0,0,0,0,1
S5,continuous,D,152,217,1520.0,1520.0,1650.1580422832799,1650.1580422832799,1710.7802065068997,0.0,0.0,0.0,0.0,1520.0,1520.0,1700.7802065068997,1700.7802065068997,350.0,6199.828845386371,0.0,0,0,0,1
S5,continuous,D,153,293,1530.0,1590.0,1725.4516661475548,1725.4516661475548,1742.7888186859789,60.0,0.0,0.0,0.0,1590.0,1590.0,1732.7888186859789,1732.7888186859789,350.0,5792.479941645037,0.0,0,0,0,1
S5,continuous,D,154,138,1540.0,1540.0,1640.0806946470045,1640.0806946470045,1679.3662198354107,0.0,0.0,0.0,0.0,1540.0,1540.0,1669.3662198354107,1669.3662198354107,350.0,4790.501729494882,0.0,0,0,0,1
S5,continuous,D,155,265,1550.0,1550.0,1590.8013721717714,1590.8013721717714,1608.0328967413473,0.0,0.0,0.0,0.0,1550.0,1550.0,1598.0328967413473,1598.0328967413473,300.0,2158.8902034549424,0.0,0,0,0,0
S5,continuous,D,156,266,1560.0,1620.0,1676.8403721815505,1676.8403721815505,1717.7555317658957,60.0,0.0,0.0,0.0,1620.0,1620.0,1707.7555317658957,1707.7555317658957,300.0,1040.4311957349794,0.0,0,0,0,0
S5,continuous,D,157,22,1570.0,1690.0,1784.8331172158792,1784.8331172158792,1844.198915763898,120.0,0.0,0.0,0.0,1690.0,1690.0,1834.198915763898,1834.198915763898,350.0,4614.836043892701,0.0,0,0,0,1
S5,continuous,D,158,259,1580.0,1580.0,1688.7686755527013,1688.7686755527013,1725.0653305801832,0.0,0.0,0.0,0.0,1580.0,1580.0,1715.0653305801832,1715.0653305801832,350.0,4603.2975299869095,0.0,0,0,0,1
S5,continuous,D,159,90,1590.0,1770.0,1918.5310050786782,1918.5310050786782,1969.4461646630234,180.0,0.0,0.0,0.0,1770.0,1770.0,1959.4461646630234,1959.4461646630234,350.0,6418.2760093770485,0.0,0,0,0,1
S5,continuous,D,160,239,1600.0,1600.0,1710.9958857515921,1710.9958857515921,1770.361684299611,0.0,0.0,0.0,0.0,1600.0,1600.0,1760.361684299611,1760.361684299611,350.0,5374.250324055951,0.0,0,0,0,1
S5,continuous,D,161,227,1610.0,1670.0,1742.1089726116097,1742.1089726116097,1775.7986834457886,60.0,0.0,0.0,0.0,1670.0,1670.0,1765.7986834457886,1765.7986834457886,350.0,2653.4090094879216,0.0,0,0,0,1
S5,continuous,D,162,263,1620.0,1620.0,1713.5057380621026,1713.5057380621026,1747.202584649899,0.0,0.0,0.0,0.0,1620.0,1620.0,1737.202584649899,1737.202584649899,350.0,2757.851490354303,0.0,0,0,0,1
S5,continuous,D,163,2,1630.0,1630.0,1732.4745645565836,1732.4745645565836,1801.8403631046024,0.0,0.0,0.0,0.0,1630.0,1630.0,1791.8403631046024,1791.8403631046024,400.0,4884.9268592554,0.0,0,0,0,1
S5,continuous,D,164,147,1640.0,1640.0,1771.6284801583304,1771.6284801583304,1813.5794573238934,0.0,0.0,0.0,0.0,1640.0,1640.0,1803.5794573238934,1803.5794573238934,350.0,5329.971193954446,0.0,0,0,0,1
S5,continuous,D,165,32,1650.0,1650.0,1701.367790130798,1701.367790130798,1717.7256839356162,0.0,0.0,0.0,0.0,1650.0,1650.0,1707.7256839356162,1707.7256839356162,350.0,2686.2102272583065,0.0,0,0,0,1
S5,continuous,D,166,48,1660.0,1660.0,1748.1613219351605,1748.1613219351605,1784.4579769626423,0.0,0.0,0.0,0.0,1660.0,1660.0,1774.4579769626423,1774.4579769626423,350.0,4654.653041203222,0.0,0,0,0,1
S5,continuous,D,167,218,1670.0,1670.0,1738.4693493032953,1738.4693493032953,1764.7660043307772,0.0,0.0,0.0,0.0,1670.0,1670.0,1754.7660043307772,1754.7660043307772,300.0,3731.477574764988,0.0,0,0,0,0
S5,continuous,D,168,283,1680.0,1680.0,1727.3877450743346,1727.3877450743346,1758.714166082661,0.0,0.0,0.0,0.0,1680.0,1680.0,1748.714166082661,1748.714166082661,300.0,2253.204428206757,0.0,0,0,0,0
S5,continuous,D,169,72,1690.0,1690.0,1755.9468408750483,1755.9468408750483,1766.4445527265784,0.0,0.0,0.0,0.0,1690.0,1690.0,1756.4445527265784,1756.4445527265784,300.0,2517.1486554140765,0.0,0,0,0,0
S5,continuous,D,170,202,1700.0,1700.0,1769.984807641801,1769.984807641801,1802.4853605591957,0.0,0.0,0.0,0.0,1700.0,1700.0,1792.4853605591957,1792.4853605591957,350.0,3423.9049110954684,0.0,0,0,0,1
S5,continuous,D,171,63,1710.0,1710.0,1832.2220159608441,1832.2220159608441,1845.5209119146657,0.0,0.0,0.0,0.0,1710.0,1710.0,1835.5209119146657,1835.5209119146657,350.0,4890.311979607978,0.0,0,0,0,1
S5,continuous,D,172,114,1720.0,1720.0,1832.3692691614815,1832.3692691614815,1911.4668142435062,0.0,0.0,0.0,0.0,1720.0,1720.0,1901.4668142435062,1901.4668142435062,450.0,5584.314596306064,0.0,0,0,0,1
S5,continuous,D,173,15,1730.0,1730.0,1778.3430402963822,1778.3430402963822,1812.0398868841787,0.0,0.0,0.0,0.0,1730.0,1730.0,1802.0398868841787,1802.0398868841787,350.0,2033.6288625543793,0.0,0,0,0,1
S5,continuous,D,174,80,1740.0,1740.0,1786.9303149242537,1786.9303149242537,1834.824954074904,0.0,0.0,0.0,0.0,1740.0,1740.0,1824.824954074904,1824.824954074904,300.0,1159.1434288378075,0.0,0,0,0,0
S5,continuous,D,175,193,1750.0,1810.0,1879.8789368104585,1879.8789368104585,1906.916799278302,60.0,0.0,0.0,0.0,1810.0,1810.0,1896.916799278302,1896.916799278302,350.0,2245.3224708563253,0.0,0,0,0,1
S5,continuous,D,176,286,1760.0,1880.0,1935.5657173973755,1935.5657173973755,1986.1878816209953,120.0,0.0,0.0,0.0,1880.0,1880.0,1976.1878816209953,1976.1878816209953,300.0,913.2677371486409,0.0,0,0,0,0
S5,continuous,D,177,89,1770.0,1770.0,1847.034768691913,1847.034768691913,1895.9090440578332,0.0,0.0,0.0,0.0,1770.0,1770.0,1885.9090440578332,1885.9090440578332,300.0,2305.4159067096143,0.0,0,0,0,0
S5,continuous,D,178,46,1780.0,1780.0,1910.9106599478694,1910.9106599478694,1952.8616371134324,0.0,0.0,0.0,0.0,1780.0,1780.0,1942.8616371134324,1942.8616371134324,350.0,6156.647421068723,0.0,0,0,0,1
S5,continuous,D,179,224,1790.0,1790.0,1912.6105557738979,1912.6105557738979,1926.8344193059759,0.0,0.0,0.0,0.0,1790.0,1790.0,1916.8344193059759,1916.8344193059759,300.0,6274.846110710529,0.0,0,0,0,0
S5,continuous,D,180,85,1800.0,1800.0,1853.801789749449,1853.801789749449,1871.4350499357674,0.0,0.0,0.0,0.0,1800.0,1800.0,1861.4350499357674,1861.4350499357674,300.0,636.6032484661254,0.0,0,0,0,0
S5,continuous,D,181,171,1810.0,1810.0,1887.842830926539,1887.842830926539,1891.1417268803605,0.0,0.0,0.0,0.0,1810.0,1810.0,1887.842830926539,1887.842830926539,300.0,4328.878290393552,0.0,0,0,0,0
S5,continuous,D,182,160,1820.0,1820.0,1938.2828577116422,1938.2828577116422,1980.2338348772053,0.0,0.0,0.0,0.0,1820.0,1820.0,1970.2338348772053,1970.2338348772053,350.0,5672.671346652249,0.0,0,0,0,1
S5,continuous,D,183,81,1830.0,1830.0,1913.6725359915536,1913.6725359915536,1940.8650728119362,0.0,0.0,0.0,0.0,1830.0,1830.0,1930.8650728119362,1930.8650728119362,350.0,4132.8360962800425,0.0,0,0,0,1
S5,continuous,D,184,256,1840.0,1840.0,1893.0007681219367,1893.0007681219367,1900.3379206603609,0.0,0.0,0.0,0.0,1840.0,1840.0,1893.0007681219367,1893.0007681219367,300.0,2507.4596223640597,0.0,0,0,0,0
S5,continuous,D,185,279,1850.0,1850.0,1939.1972477270974,1939.1972477270974,1999.055735017598,0.0,0.0,0.0,0.0,1850.0,1850.0,1989.055735017598,1989.055735017598,350.0,5176.651211722845,0.0,0,0,0,1
S5,continuous,D,186,140,1860.0,1860.0,1908.5849167937358,1908.5849167937358,1922.8310885113588,0.0,0.0,0.0,0.0,1860.0,1860.0,1912.8310885113588,1912.8310885113588,350.0,1606.174266680866,0.0,0,0,0,1
S5,continuous,D,187,138,1870.0,1990.0,2090.0434022598206,2090.0434022598206,2096.4012960646387,120.0,0.0,0.0,0.0,1990.0,1990.0,2090.0434022598206,2090.0434022598206,300.0,3673.667672953947,0.23132621767945238,1,0,1,0
S5,continuous,D,188,262,1880.0,1940.0,2063.588139903105,2063.588139903105,2117.4959814850085,60.0,0.0,0.0,0.0,1940.0,1940.0,2107.4959814850085,2107.4959814850085,350.0,4847.857624322014,0.0,0,0,0,1
S5,continuous,D,189,201,1890.0,1890.0,1949.2701870182236,1949.2701870182236,1966.903447204542,0.0,0.0,0.0,0.0,1890.0,1890.0,1956.903447204542,1956.903447204542,300.0,2333.874383356214,0.0,0,0,0,0
S5,continuous,D,190,169,1900.0,1900.0,2047.3641067853428,2047.3641067853428,2101.2719483672463,0.0,0.0,0.0,0.0,1900.0,1900.0,2091.2719483672463,2091.2719483672463,350.0,7313.328198981982,0.0,0,0,0,1
S5,continuous,D,191,68,1910.0,1910.0,1998.8247293777208,1998.8247293777208,2054.7073907074064,0.0,0.0,0.0,0.0,1910.0,1910.0,2044.7073907074061,2044.7073907074061,400.0,1846.0284713732572,0.0,0,0,0,1
S5,continuous,D,192,60,1920.0,1920.0,1992.2636873290335,1992.2636873290335,2019.896947515352,0.0,0.0,0.0,0.0,1920.0,1920.0,2009.896947515352,2009.896947515352,350.0,3598.020732723735,0.0,0,0,0,1
S5,continuous,D,193,187,1930.0,1930.0,1987.5988395976412,1987.5988395976412,2005.2320997839597,0.0,0.0,0.0,0.0,1930.0,1930.0,1995.2320997839597,1995.2320997839597,300.0,1996.292978594211,0.0,0,0,0,0
S5,continuous,D,194,37,1940.0,1940.0,2025.759217248805,2025.759217248805,2052.990741818381,0.0,0.0,0.0,0.0,1940.0,1940.0,2042.990741818381,2042.990741818381,350.0,3477.4190752537693,0.0,0,0,0,1
S5,continuous,D,195,179,1950.0,1950.0,2051.948270692818,2051.948270692818,2083.2746917011445,0.0,0.0,0.0,0.0,1950.0,1950.0,2073.2746917011445,2073.2746917011445,300.0,3927.4568425123452,0.0,0,0,0,0
S5,continuous,D,196,152,1960.0,1960.0,2037.7673918942498,2037.7673918942498,2068.2133211069804,0.0,0.0,0.0,0.0,1960.0,1960.0,2058.2133211069804,2058.2133211069804,350.0,2505.621493938436,0.0,0,0,0,1
S5,continuous,D,197,230,1970.0,2030.0,2174.7001977147365,2174.7001977147365,2192.0373502531606,60.0,0.0,0.0,0.0,2030.0,2030.0,2182.0373502531606,2182.0373502531606,350.0,5994.998816551326,0.0,0,0,0,1
S5,continuous,D,198,182,1980.0,1980.0,2010.7654482714502,2010.7654482714502,2059.862993353475,0.0,0.0,0.0,0.0,1980.0,1980.0,2049.862993353475,2049.862993353475,300.0,2093.0856930211394,0.0,0,0,0,0
S5,continuous,D,199,19,1990.0,1990.0,2022.495740248578,2022.495740248578,2044.5128979265794,0.0,0.0,0.0,0.0,1990.0,1990.0,2034.5128979265794,2034.5128979265794,350.0,1456.369887809541,0.0,0,0,0,1
S5,continuous,D,200,75,2000.0,2000.0,2042.334793862582,2042.334793862582,2059.527330682965,0.0,0.0,0.0,0.0,2000.0,2000.0,2049.527330682965,2049.527330682965,300.0,1520.748178368043,0.0,0,0,0,0
S5,continuous,D,201,100,2010.0,2190.0,2288.0194905966887,2288.0194905966887,2326.5495397455716,180.0,0.0,0.0,0.0,2190.0,2190.0,2316.5495397455716,2316.5495397455716,350.0,3402.9660546396162,0.0,0,0,0,1
S5,continuous,D,202,252,2020.0,2020.0,2097.036180854843,2097.036180854843,2156.4019794028623,0.0,0.0,0.0,0.0,2020.0,2020.0,2146.4019794028623,2146.4019794028623,350.0,3555.0754149446175,0.0,0,0,0,1
S5,continuous,D,203,131,2030.0,2030.0,2093.4885905865867,2093.4885905865867,2125.4395677521497,0.0,0.0,0.0,0.0,2030.0,2030.0,2115.4395677521497,2115.4395677521497,300.0,1348.1033478057418,0.0,0,0,0,0
S5,continuous,D,204,142,2040.0,2040.0,2080.354317054377,2080.354317054377,2116.176221300848,0.0,0.0,0.0,0.0,2040.0,2040.0,2106.176221300848,2106.176221300848,300.0,1782.0129467011975,0.0,0,0,0,0
S5,continuous,D,205,4,2050.0,2050.0,2165.5797257900535,2165.5797257900535,2219.487567371957,0.0,0.0,0.0,0.0,2050.0,2050.0,2209.487567371957,2209.487567371957,350.0,4835.086086211809,0.0,0,0,0,1
S5,continuous,D,206,94,2060.0,2060.0,2136.355541276792,2136.355541276792,2146.853253128322,0.0,0.0,0.0,0.0,2060.0,2060.0,2136.853253128322,2136.853253128322,300.0,2104.5089419483647,0.07249023934878096,1,0,1,0
S5,continuous,D,207,174,2070.0,2070.0,2139.112175688128,2139.112175688128,2198.2097207701527,0.0,0.0,0.0,0.0,2070.0,2070.0,2188.2097207701527,2188.2097207701527,350.0,3321.670450693197,0.0,0,0,0,1
S5,continuous,D,208,52,2080.0,2080.0,2189.224204549796,2189.224204549796,2215.520859577278,0.0,0.0,0.0,0.0,2080.0,2080.0,2205.520859577278,2205.520859577278,300.0,5707.459193000183,0.0,0,0,0,0
S5,continuous,D,209,85,2090.0,2150.0,2225.639844712675,2225.639844712675,2271.5225060423604,60.0,0.0,0.0,0.0,2150.0,2150.0,2261.5225060423604,2261.5225060423604,350.0,3690.77396690132,0.0,0,0,0,1
S5,continuous,D,210,223,2100.0,2100.0,2197.7018402662634,2197.7018402662634,2218.1995521177937,0.0,0.0,0.0,0.0,2100.0,2100.0,2208.1995521177937,2208.1995521177937,350.0,2973.5512682914264,0.0,0,0,0,1
S5,continuous,D,211,45,2110.0,2110.0,2177.2362501995653,2177.2362501995653,2216.5217753879715,0.0,0.0,0.0,0.0,2110.0,2110.0,2206.5217753879715,2206.5217753879715,350.0,2601.312137805329,0.0,0,0,0,1
S5,continuous,D,212,175,2120.0,2180.0,2307.917403014986,2307.917403014986,2365.8120421656363,60.0,0.0,0.0,0.0,2180.0,2180.0,2355.8120421656363,2355.8120421656363,350.0,5172.951450027468,0.0,0,0,0,1
S5,continuous,D,213,238,2130.0,2130.0,2194.581799709545,2194.581799709545,2232.240789743982,0.0,0.0,0.0,0.0,2130.0,2130.0,2222.240789743982,2222.240789743982,350.0,3615.23434155512,0.0,0,0,0,1
S5,continuous,D,214,190,2140.0,2140.0,2250.755852789368,2250.755852789368,2319.821690228024,0.0,0.0,0.0,0.0,2140.0,2140.0,2309.821690228024,2309.821690228024,400.0,5108.18527657847,0.0,0,0,0,1
S5,continuous,D,215,216,2150.0,2270.0,2350.448443401184,2350.448443401184,2396.3311047308694,120.0,0.0,0.0,0.0,2270.0,2270.0,2386.3311047308694,2386.3311047308694,350.0,3588.442103487991,0.0,0,0,0,1
S5,continuous,D,216,182,2160.0,2160.0,2181.3414496166843,2181.3414496166843,2191.8391614682146,0.0,0.0,0.0,0.0,2160.0,2160.0,2181.8391614682146,2181.8391614682146,300.0,1213.4046111165144,0.0,0,0,0,0
S5,continuous,D,217,290,2170.0,2170.0,2285.0712076798613,2285.0712076798613,2307.0883653578626,0.0,0.0,0.0,0.0,2170.0,2170.0,2297.0883653578626,2297.0883653578626,350.0,6114.164781530401,0.0,0,0,0,1
S5,continuous,D,218,260,2180.0,2240.0,2326.4541889910406,2326.4541889910406,2343.6297241198495,60.0,0.0,0.0,0.0,2240.0,2240.0,2333.6297241198495,2333.6297241198495,350.0,4585.464710869059,0.0,0,0,0,1
S5,continuous,D,219,166,2190.0,2190.0,2278.1729570752423,2278.1729570752423,2306.703006224125,0.0,0.0,0.0,0.0,2190.0,2190.0,2296.703006224125,2296.703006224125,300.0,4399.220324065855,0.0,0,0,0,0
S5,continuous,D,220,62,2200.0,2260.0,2364.3206224650608,2364.3206224650608,2403.606147653467,60.0,0.0,0.0,0.0,2260.0,2260.0,2393.606147653467,2393.606147653467,350.0,4321.705008282131,0.0,0,0,0,1
S5,continuous,D,221,235,2210.0,2210.0,2299.1145280431742,2299.1145280431742,2358.4803265911933,0.0,0.0,0.0,0.0,2210.0,2210.0,2348.4803265911933,2348.4803265911933,350.0,4533.746484128762,0.0,0,0,0,1
S5,continuous,D,222,265,2220.0,2220.0,2351.718582479174,2351.718582479174,2369.055735017598,0.0,0.0,0.0,0.0,2220.0,2220.0,2359.055735017598,2359.055735017598,350.0,5176.651211722845,0.0,0,0,0,1
S5,continuous,D,223,279,2230.0,2230.0,2279.1737057229348,2279.1737057229348,2294.816337948753,0.0,0.0,0.0,0.0,2230.0,2230.0,2284.816337948753,2284.816337948753,300.0,2904.002469455244,0.0,0,0,0,0
S5,continuous,D,224,36,2240.0,2240.0,2367.0863103723586,2367.0863103723586,2408.4127313806853,0.0,0.0,0.0,0.0,2240.0,2240.0,2398.4127313806853,2398.4127313806853,350.0,5898.568001915167,0.0,0,0,0,1
S5,continuous,D,225,25,2250.0,2310.0,2385.2582201553437,2385.2582201553437,2402.4337552841525,60.0,0.0,0.0,0.0,2310.0,2310.0,2392.4337552841525,2392.4337552841525,350.0,2780.787967210021,0.0,0,0,0,1
S5,continuous,D,226,198,2260.0,2260.0,2375.5182868154398,2375.5182868154398,2411.8149418429216,0.0,0.0,0.0,0.0,2260.0,2260.0,2401.8149418429216,2401.8149418429216,350.0,4144.335602376818,0.0,0,0,0,1
S5,continuous,D,227,74,2270.0,2270.0,2395.109508786347,2395.109508786347,2437.06048595191,0.0,0.0,0.0,0.0,2270.0,2270.0,2427.06048595191,2427.06048595191,350.0,6228.084419460653,0.0,0,0,0,1
S5,continuous,D,228,178,2280.0,2280.0,2388.1613219351607,2388.1613219351607,2444.4579769626425,0.0,0.0,0.0,0.0,2280.0,2280.0,2434.4579769626425,2434.4579769626425,450.0,4854.653041203222,0.0,0,0,0,1
S5,continuous,D,229,272,2290.0,2290.0,2377.264480500885,2377.264480500885,2436.550005689291,0.0,0.0,0.0,0.0,2290.0,2290.0,2426.550005689291,2426.550005689291,450.0,3811.6019194648757,0.0,0,0,0,1
S5,continuous,D,230,297,2300.0,2300.0,2346.4537251678157,2346.4537251678157,2373.6462619881986,0.0,0.0,0.0,0.0,2300.0,2300.0,2363.6462619881986,2363.6462619881986,350.0,2173.719695679754,0.0,0,0,0,1
S5,continuous,D,231,144,2310.0,2310.0,2355.7677500331797,2355.7677500331797,2396.6829096175247,0.0,0.0,0.0,0.0,2310.0,2310.0,2386.6829096175247,2386.6829096175247,300.0,2193.1484516765163,0.0,0,0,0,0
S5,continuous,D,232,54,2320.0,2320.0,2364.3814279353396,2364.3814279353396,2392.0404179697766,0.0,0.0,0.0,0.0,2320.0,2320.0,2382.0404179697766,2382.0404179697766,300.0,2132.4278252693866,0.0,0,0,0,0
S5,continuous,D,233,101,2330.0,2390.0,2527.2233301246,2527.2233301246,2551.447193656678,60.0,0.0,0.0,0.0,2390.0,2390.0,2541.447193656678,2541.447193656678,350.0,5608.450415505904,0.0,0,0,0,1
S5,continuous,D,234,283,2340.0,2400.0,2471.360406265323,2471.360406265323,2502.6868272736497,60.0,0.0,0.0,0.0,2400.0,2400.0,2492.6868272736497,2492.6868272736497,300.0,3853.786085472885,0.9372305712267917,1,0,1,0
S5,continuous,D,235,166,2350.0,2350.0,2390.6946119438862,2390.6946119438862,2439.7604493825424,0.0,0.0,0.0,0.0,2350.0,2350.0,2429.7604493825424,2429.7604493825424,300.0,1895.6926349951725,0.0,0,0,0,0
S5,continuous,D,236,85,2360.0,2360.0,2395.5975459445212,2395.5975459445212,2446.2197101681413,0.0,0.0,0.0,0.0,2360.0,2360.0,2436.2197101681413,2436.2197101681413,300.0,1292.876526545168,0.0,0,0,0,0
S5,continuous,D,237,88,2370.0,2370.0,2488.8962591962827,2488.8962591962827,2529.1958568071345,0.0,0.0,0.0,0.0,2370.0,2370.0,2519.1958568071345,2519.1958568071345,300.0,5913.480989397913,0.0,0,0,0,0
S5,continuous,D,238,297,2380.0,2380.0,2506.2776231113644,2506.2776231113644,2533.315485579208,0.0,0.0,0.0,0.0,2380.0,2380.0,2523.315485579208,2523.315485579208,350.0,6177.677822249062,0.0,0,0,0,1
S5,continuous,D,239,61,2390.0,2450.0,2513.1211335513826,2513.1211335513826,2567.028975133286,60.0,0.0,0.0,0.0,2450.0,2450.0,2557.028975133286,2557.028975133286,350.0,2155.3103925447595,0.0,0,0,0,1
S5,continuous,D,240,169,2400.0,2400.0,2526.7144970836116,2526.7144970836116,2585.8120421656363,0.0,0.0,0.0,0.0,2400.0,2400.0,2575.8120421656363,2575.8120421656363,350.0,5172.951450027468,0.0,0,0,0,1
S5,continuous,D,241,239,2410.0,2410.0,2510.980690278489,2510.980690278489,2571.602854502109,0.0,0.0,0.0,0.0,2410.0,2410.0,2561.602854502109,2561.602854502109,350.0,5630.90514340581,0.0,0,0,0,1
S5,continuous,D,242,16,2420.0,2420.0,2506.649227269782,2506.649227269782,2528.666384947783,0.0,0.0,0.0,0.0,2420.0,2420.0,2518.666384947783,2518.666384947783,350.0,4817.5765331726525,0.0,0,0,0,1
S5,continuous,D,243,293,2430.0,2430.0,2479.244457170105,2479.244457170105,2506.903447204542,0.0,0.0,0.0,0.0,2430.0,2430.0,2496.903447204542,2496.903447204542,300.0,2333.874383356214,0.0,0,0,0,0
S5,continuous,D,244,26,2440.0,2440.0,2474.5243012678184,2474.5243012678184,2532.4189404184685,0.0,0.0,0.0,0.0,2440.0,2440.0,2522.4189404184685,2522.4189404184685,350.0,1712.5793576877347,0.0,0,0,0,1
S5,continuous,D,245,191,2450.0,2450.0,2474.352122982973,2474.352122982973,2523.2263983488933,0.0,0.0,0.0,0.0,2450.0,2450.0,2513.2263983488933,2513.2263983488933,300.0,1126.7881855510668,0.0,0,0,0,0
S5,continuous,D,246,99,2460.0,2460.0,2534.007611616747,2534.007611616747,2587.9154531986505,0.0,0.0,0.0,0.0,2460.0,2460.0,2577.9154531986505,2577.9154531986505,350.0,3524.1026339021273,0.0,0,0,0,1
S5,continuous,D,247,253,2470.0,2470.0,2486.581124452684,2486.581124452684,2500.8049879847617,0.0,0.0,0.0,0.0,2470.0,2470.0,2490.8049879847617,2490.8049879847617,300.0,529.1687169949423,0.0,0,0,0,0
S5,continuous,D,248,231,2480.0,2480.0,2510.661374915,2510.661374915,2517.9985274534242,0.0,0.0,0.0,0.0,2480.0,2480.0,2510.661374915,2510.661374915,300.0,1688.707305728353,0.0,0,0,0,0
S5,continuous,D,249,89,2490.0,2490.0,2587.3305519835635,2587.3305519835635,2633.240297038837,0.0,0.0,0.0,0.0,2490.0,2490.0,2623.240297038837,2623.240297038837,350.0,4640.7200227395615,0.0,0,0,0,1
S5,continuous,D,250,246,2500.0,2560.0,2621.676863106664,2621.676863106664,2638.7147255745076,60.0,0.0,0.0,0.0,2560.0,2560.0,2628.7147255745076,2628.7147255745076,300.0,1711.8383334476046,0.0,0,0,0,0
S5,continuous,D,251,201,2510.0,2510.0,2593.330277435281,2593.330277435281,2618.972909661099,0.0,0.0,0.0,0.0,2510.0,2510.0,2608.972909661099,2608.972909661099,350.0,2113.395575857732,0.0,0,0,0,1
S5,continuous,D,252,48,2520.0,2520.0,2547.936482996829,2547.936482996829,2563.579115222647,0.0,0.0,0.0,0.0,2520.0,2520.0,2553.579115222647,2553.579115222647,300.0,1548.5752429539011,0.0,0,0,0,0
S5,continuous,D,253,282,2530.0,2530.0,2640.8464323686476,2640.8464323686476,2663.6180814974837,0.0,0.0,0.0,0.0,2530.0,2530.0,2653.6180814974837,2653.6180814974837,350.0,4723.13560893695,0.0,0,0,0,1
S5,continuous,D,254,38,2540.0,2540.0,2664.4491437115785,2664.4491437115785,2710.358888766852,0.0,0.0,0.0,0.0,2540.0,2540.0,2700.358888766852,2700.358888766852,350.0,4834.884923134058,0.0,0,0,0,1
S5,continuous,D,255,173,2550.0,2550.0,2635.207505594775,2635.207505594775,2676.5339266031015,0.0,0.0,0.0,0.0,2550.0,2550.0,2666.5339266031015,2666.5339266031015,350.0,4529.40775454988,0.0,0,0,0,1
S5,continuous,D,256,163,2560.0,2560.0,2641.1803683070666,2641.1803683070666,2700.5461668550856,0.0,0.0,0.0,0.0,2560.0,2560.0,2690.5461668550856,2690.5461668550856,350.0,4029.5761980873426,0.0,0,0,0,1
S5,continuous,D,257,144,2570.0,2630.0,2733.922461856555,2733.922461856555,2779.8051231862405,60.0,0.0,0.0,0.0,2630.0,2630.0,2769.8051231862405,2769.8051231862405,350.0,3833.2605328680456,0.0,0,0,0,1
S5,continuous,D,258,206,2580.0,2580.0,2695.4611558129773,2695.4611558129773,2754.3354311788976,0.0,0.0,0.0,0.0,2580.0,2580.0,2744.3354311788976,2744.3354311788976,350.0,4889.97324502557,0.0,0,0,0,1
S5,continuous,D,259,122,2590.0,2590.0,2652.766053579683,2652.766053579683,2690.42504361412,0.0,0.0,0.0,0.0,2590.0,2590.0,2680.42504361412,2680.42504361412,350.0,2878.8936043395875,0.0,0,0,0,1
S5,continuous,D,260,154,2600.0,2600.0,2700.852589041447,2700.852589041447,2728.084113611023,0.0,0.0,0.0,0.0,2600.0,2600.0,2718.084113611023,2718.084113611023,350.0,4079.178764327307,0.0,0,0,0,1
S5,continuous,D,261,131,2610.0,2610.0,2745.4516661475545,2745.4516661475545,2762.7888186859786,0.0,0.0,0.0,0.0,2610.0,2610.0,2752.7888186859786,2752.7888186859786,350.0,5792.479941645037,0.0,0,0,0,1
S5,continuous,D,262,238,2620.0,2620.0,2734.563817337284,2734.563817337284,2767.0643702546786,0.0,0.0,0.0,0.0,2620.0,2620.0,2757.0643702546786,2757.0643702546786,350.0,4229.921172782479,0.0,0,0,0,1
S5,continuous,D,263,4,2630.0,2690.0,2764.5340637823797,2764.5340637823797,2781.5719262502234,60.0,0.0,0.0,0.0,2690.0,2690.0,2771.5719262502234,2771.5719262502234,300.0,2100.6241502077623,0.0,0,0,0,0
S5,continuous,D,264,250,2640.0,2640.0,2699.6714824205396,2699.6714824205396,2759.0372809685587,0.0,0.0,0.0,0.0,2640.0,2640.0,2749.0372809685587,2749.0372809685587,350.0,1898.9081232616336,0.0,0,0,0,1
S5,continuous,D,265,71,2650.0,2650.0,2704.426787981795,2704.426787981795,2717.7256839356164,0.0,0.0,0.0,0.0,2650.0,2650.0,2707.7256839356164,2707.7256839356164,350.0,2686.2102272583065,0.0,0,0,0,1
S5,continuous,D,266,246,2660.0,2660.0,2676.581124452684,2676.581124452684,2690.8049879847617,0.0,0.0,0.0,0.0,2660.0,2660.0,2680.8049879847617,2680.8049879847617,300.0,529.1687169949423,0.0,0,0,0,0
S5,continuous,D,267,286,2670.0,2670.0,2767.7234863237813,2767.7234863237813,2813.606147653467,0.0,0.0,0.0,0.0,2670.0,2670.0,2803.606147653467,2803.606147653467,350.0,4321.705008282131,0.0,0,0,0,1
S5,continuous,D,268,279,2680.0,2680.0,2778.824729377721,2778.824729377721,2844.7073907074064,0.0,0.0,0.0,0.0,2680.0,2680.0,2834.7073907074064,2834.7073907074064,450.0,1946.0284713732572,0.0,0,0,0,1
S5,continuous,D,269,174,2690.0,2690.0,2804.840003056976,2804.840003056976,2863.905840495632,0.0,0.0,0.0,0.0,2690.0,2690.0,2853.905840495632,2853.905840495632,350.0,4260.05600807747,0.0,0,0,0,1
S5,continuous,D,270,99,2700.0,2760.0,2849.169731104029,2849.169731104029,2907.064370254679,60.0,0.0,0.0,0.0,2760.0,2760.0,2897.064370254679,2897.064370254679,350.0,4229.921172782479,0.0,0,0,0,1
S5,continuous,D,271,254,2710.0,2710.0,2776.0539624002276,2776.0539624002276,2829.961803982131,0.0,0.0,0.0,0.0,2710.0,2710.0,2819.961803982131,2819.961803982131,350.0,3091.84104733258,0.0,0,0,0,1
S5,continuous,D,272,101,2720.0,2720.0,2837.02200905208,2837.02200905208,2887.321606662932,0.0,0.0,0.0,0.0,2720.0,2720.0,2877.321606662932,2877.321606662932,350.0,5272.48046357587,0.0,0,0,0,1
S5,continuous,D,273,111,2730.0,2790.0,2914.3377918699402,2914.3377918699402,2953.6233170583464,60.0,0.0,0.0,0.0,2790.0,2790.0,2943.6233170583464,2943.6233170583464,350.0,4824.72284014353,0.0,0,0,0,1
S5,continuous,D,274,229,2740.0,2740.0,2827.047198642921,2827.047198642921,2850.744045230718,0.0,0.0,0.0,0.0,2740.0,2740.0,2840.744045230718,2840.744045230718,300.0,2895.9041670832594,0.0,0,0,0,0
S5,continuous,D,275,133,2750.0,2750.0,2817.4091121803976,2817.4091121803976,2876.283387546318,0.0,0.0,0.0,0.0,2750.0,2750.0,2866.283387546318,2866.283387546318,350.0,3207.016534930652,0.0,0,0,0,1
S5,continuous,D,276,221,2760.0,2760.0,2778.46736791798,2778.46736791798,2814.3771129732536,0.0,0.0,0.0,0.0,2760.0,2760.0,2804.3771129732536,2804.3771129732536,300.0,1207.274669322715,0.0,0,0,0,0
S5,continuous,D,277,230,2770.0,2770.0,2824.427444655882,2824.427444655882,2883.4932820945382,0.0,0.0,0.0,0.0,2770.0,2770.0,2873.4932820945382,2873.4932820945382,350.0,2219.7744527624745,0.0,0,0,0,1
S5,continuous,D,278,8,2780.0,2780.0,2846.30342295885,2846.30342295885,2892.2131680141238,0.0,0.0,0.0,0.0,2780.0,2780.0,2882.2131680141238,2882.2131680141238,350.0,3641.0401379026016,0.0,0,0,0,1
S5,continuous,D,279,36,2790.0,2790.0,2916.3493130604375,2916.3493130604375,2958.8498659778325,0.0,0.0,0.0,0.0,2790.0,2790.0,2948.8498659778325,2948.8498659778325,400.0,4879.35546091486,0.0,0,0,0,1
S5,continuous,D,280,161,2800.0,2800.0,2868.159762883687,2868.159762883687,2912.0676044655906,0.0,0.0,0.0,0.0,2800.0,2800.0,2902.0676044655906,2902.0676044655906,300.0,1688.9166839077866,0.0,0,0,0,0
S5,continuous,D,281,235,2810.0,2810.0,2851.5310629461037,2851.5310629461037,2877.8277179735855,0.0,0.0,0.0,0.0,2810.0,2810.0,2867.8277179735855,2867.8277179735855,300.0,2508.150686913866,0.4601035860337106,1,0,1,0
S5,continuous,D,282,252,2820.0,2820.0,2928.364176084235,2928.364176084235,2955.402038552079,0.0,0.0,0.0,0.0,2820.0,2820.0,2945.402038552079,2945.402038552079,350.0,5682.594614031274,0.0,0,0,0,1
S5,continuous,D,283,14,2830.0,2830.0,2878.7697941248125,2878.7697941248125,2928.1355926728315,0.0,0.0,0.0,0.0,2830.0,2830.0,2918.1355926728315,2918.1355926728315,300.0,2036.843061480117,0.0,0,0,0,0
S5,continuous,D,284,262,2840.0,2840.0,2922.9256436436,2922.9256436436,2939.283537448418,0.0,0.0,0.0,0.0,2840.0,2840.0,2929.283537448418,2929.283537448418,350.0,3942.8308597470395,0.0,0,0,0,1
S5,continuous,D,285,125,2850.0,2850.0,2948.626219363582,2948.626219363582,2970.248987323707,0.0,0.0,0.0,0.0,2850.0,2850.0,2960.248987323707,2960.248987323707,300.0,5806.056879561309,0.0,0,0,0,0
S5,continuous,D,286,1,2860.0,2920.0,3009.8584569070304,3009.8584569070304,3068.9242943456866,60.0,0.0,0.0,0.0,2920.0,2920.0,3058.9242943456866,3058.9242943456866,350.0,3454.7920359201157,0.0,0,0,0,1
S5,continuous,D,287,119,2870.0,2870.0,2896.903442888535,2896.903442888535,2946.761930179036,0.0,0.0,0.0,0.0,2870.0,2870.0,2936.761930179036,2936.761930179036,300.0,581.9897942471375,0.0,0,0,0,0
S5,continuous,D,288,134,2880.0,2880.0,2966.4541889910406,2966.4541889910406,2983.6297241198495,0.0,0.0,0.0,0.0,2880.0,2880.0,2973.6297241198495,2973.6297241198495,350.0,4585.464710869059,0.0,0,0,0,1
S5,continuous,D,289,240,2890.0,2890.0,2998.4195672038873,2998.4195672038873,3044.302228533573,0.0,0.0,0.0,0.0,2890.0,2890.0,3034.302228533573,3034.302228533573,350.0,4908.921824727443,0.0,0,0,0,1
S5,continuous,D,290,176,2900.0,2900.0,3055.9100104203844,3055.9100104203844,3072.947872888228,0.0,0.0,0.0,0.0,2900.0,2900.0,3062.947872888228,3062.947872888228,300.0,7357.48987990827,0.0,0,0,0,0
S5,continuous,D,291,163,2910.0,2910.0,2986.19802391117,2986.19802391117,3013.3735590399788,0.0,0.0,0.0,0.0,2910.0,2910.0,3003.3735590399788,3003.3735590399788,400.0,2919.8019212648746,0.0,0,0,0,1
S5,continuous,D,292,25,2920.0,2920.0,3050.8534393634154,3050.8534393634154,3090.1389645518216,0.0,0.0,0.0,0.0,2920.0,2920.0,3080.1389645518216,3080.1389645518216,350.0,5181.623456379829,0.0,0,0,0,1
S5,continuous,D,293,273,2930.0,2930.0,3048.464947240034,3048.464947240034,3075.6574840604167,0.0,0.0,0.0,0.0,2930.0,2930.0,3065.6574840604167,3065.6574840604167,350.0,5446.648908227778,0.0,0,0,0,1
S5,continuous,D,294,225,2940.0,2940.0,3001.034959456171,3001.034959456171,3037.3316144836526,0.0,0.0,0.0,0.0,2940.0,2940.0,3027.3316144836526,3027.3316144836526,350.0,3181.3561656793177,0.0,0,0,0,1
S5,continuous,D,295,70,2950.0,2950.0,3087.2777584058654,3087.2777584058654,3104.6149109442895,0.0,0.0,0.0,0.0,2950.0,2950.0,3094.6149109442895,3094.6149109442895,350.0,5577.645412621964,0.0,0,0,0,1
S5,continuous,D,296,290,2960.0,2960.0,3012.9096218281074,3012.9096218281074,3060.8042609787576,0.0,0.0,0.0,0.0,2960.0,2960.0,3050.8042609787576,3050.8042609787576,300.0,1281.6394649578933,0.0,0,0,0,0
S5,continuous,D,297,8,2970.0,2970.0,3063.4731262107957,3063.4731262107957,3085.9736791281903,0.0,0.0,0.0,0.0,2970.0,2970.0,3075.9736791281903,3075.9736791281903,300.0,3305.695476211279,0.0,0,0,0,0
S5,continuous,D,298,44,2980.0,2980.0,3127.3641067853428,3127.3641067853428,3181.2719483672463,0.0,0.0,0.0,0.0,2980.0,2980.0,3171.2719483672463,3171.2719483672463,350.0,7313.328198981982,0.0,0,0,0,1
S5,continuous,D,299,107,2990.0,2990.0,3043.181911025632,3043.181911025632,3063.6278402383623,0.0,0.0,0.0,0.0,2990.0,2990.0,3053.6278402383623,3053.6278402383623,300.0,2906.6323242956933,0.0,0,0,0,0
S5,continuous,D,300,229,3000.0,3000.0,3103.511335955338,3103.511335955338,3161.405975105988,0.0,0.0,0.0,0.0,3000.0,3000.0,3151.405975105988,3151.405975105988,350.0,5513.355822185513,0.0,0,0,0,1
S5,continuous,D,301,188,3010.0,3010.0,3061.041521370805,3061.041521370805,3111.341118981657,0.0,0.0,0.0,0.0,3010.0,3010.0,3101.341118981657,3101.341118981657,350.0,2072.9704255158244,0.0,0,0,0,1
S5,continuous,D,302,103,3020.0,3020.0,3084.3703348405816,3084.3703348405816,3133.4678799226062,0.0,0.0,0.0,0.0,3020.0,3020.0,3123.4678799226062,3123.4678799226062,300.0,1492.619137654379,0.0,0,0,0,0
S5,continuous,D,303,295,3030.0,3030.0,3115.4984882829403,3115.4984882829403,3139.195334870737,0.0,0.0,0.0,0.0,3030.0,3030.0,3129.195334870737,3129.195334870737,300.0,5171.024554290625,0.0,0,0,0,0
S5,continuous,D,304,59,3040.0,3040.0,3140.505352181477,3140.505352181477,3158.1386123677953,0.0,0.0,0.0,0.0,3040.0,3040.0,3148.1386123677953,3148.1386123677953,300.0,3774.6094654649723,0.8873966457226743,1,0,1,0
S5,continuous,D,305,218,3050.0,3050.0,3130.1511688675937,3130.1511688675937,3147.784429053912,0.0,0.0,0.0,0.0,3050.0,3050.0,3137.784429053912,3137.784429053912,300.0,3970.27201919039,0.0,0,0,0,0
S5,continuous,D,306,257,3060.0,3180.0,3254.5340637823797,3254.5340637823797,3271.5719262502234,120.0,0.0,0.0,0.0,3180.0,3180.0,3261.5719262502234,3261.5719262502234,300.0,2100.6241502077623,0.0,0,0,0,0
S5,continuous,D,307,271,3070.0,3070.0,3129.6714824205396,3129.6714824205396,3189.0372809685587,0.0,0.0,0.0,0.0,3070.0,3070.0,3179.0372809685587,3179.0372809685587,350.0,1898.9081232616336,0.0,0,0,0,1
S5,continuous,D,308,136,3080.0,3080.0,3145.9709474056544,3145.9709474056544,3181.059890021066,0.0,0.0,0.0,0.0,3080.0,3080.0,3171.059890021066,3171.059890021066,300.0,3926.1489759429905,0.0,0,0,0,0
S5,continuous,D,309,66,3090.0,3090.0,3146.3631474452663,3146.3631474452663,3150.6093191628893,0.0,0.0,0.0,0.0,3090.0,3090.0,3146.3631474452663,3146.3631474452663,300.0,1255.6725139046002,0.0,0,0,0,0
S5,continuous,D,310,69,3100.0,3100.0,3221.918577846565,3221.918577846565,3249.1111146669477,0.0,0.0,0.0,0.0,3100.0,3100.0,3239.1111146669477,3239.1111146669477,350.0,4608.852171444187,0.0,0,0,0,1
S5,continuous,D,311,104,3110.0,3110.0,3141.8607752211115,3141.8607752211115,3152.3584870726418,0.0,0.0,0.0,0.0,3110.0,3110.0,3142.3584870726418,3142.3584870726418,300.0,1388.9552110535333,0.0,0,0,0,0
S5,continuous,D,312,83,3120.0,3120.0,3178.836816876902,3178.836816876902,3224.6587211233727,0.0,0.0,0.0,0.0,3120.0,3120.0,3214.6587211233727,3214.6587211233727,350.0,2484.2291275087837,0.0,0,0,0,1
S5,continuous,D,313,252,3130.0,3130.0,3192.332377824852,3192.332377824852,3236.2402194067554,0.0,0.0,0.0,0.0,3130.0,3130.0,3226.2402194067554,3226.2402194067554,300.0,2569.090342947929,0.0,0,0,0,0
S5,continuous,D,314,78,3140.0,3200.0,3278.4299309746725,3278.4299309746725,3308.875860187403,60.0,0.0,0.0,0.0,3200.0,3200.0,3298.875860187403,3298.875860187403,350.0,2600.4069164247503,0.0,0,0,0,1
S5,continuous,D,315,157,3150.0,3150.0,3176.5969618074787,3176.5969618074787,3225.8674867117284,0.0,0.0,0.0,0.0,3150.0,3150.0,3215.8674867117284,3215.8674867117284,300.0,1627.4132937227146,0.0,0,0,0,0
S5,continuous,D,316,234,3160.0,3160.0,3224.0852264837863,3224.0852264837863,3284.7073907074064,0.0,0.0,0.0,0.0,3160.0,3160.0,3274.7073907074064,3274.7073907074064,350.0,1746.0284713732572,0.0,0,0,0,1
S5,continuous,D,317,30,3170.0,3170.0,3279.224204549796,3279.224204549796,3305.520859577278,0.0,0.0,0.0,0.0,3170.0,3170.0,3295.520859577278,3295.520859577278,300.0,5707.459193000183,0.0,0,0,0,0
S5,continuous,D,318,270,3180.0,3180.0,3259.853976212078,3259.853976212078,3293.550822799875,0.0,0.0,0.0,0.0,3180.0,3180.0,3283.550822799875,3283.550822799875,350.0,3116.062949563085,0.0,0,0,0,1
S5,continuous,D,319,226,3190.0,3250.0,3316.844109595524,3316.844109595524,3343.140764623006,60.0,0.0,0.0,0.0,3250.0,3250.0,3333.140764623006,3333.140764623006,300.0,2423.939120221942,0.0,0,0,0,0
S5,continuous,D,320,94,3200.0,3200.0,3252.2416467091616,3252.2416467091616,3291.5271718975678,0.0,0.0,0.0,0.0,3200.0,3200.0,3281.5271718975678,3281.5271718975678,350.0,1130.7414443726598,0.0,0,0,0,1
S5,continuous,D,321,112,3210.0,3210.0,3325.7583455363206,3325.7583455363206,3384.8558906183453,0.0,0.0,0.0,0.0,3210.0,3210.0,3374.8558906183453,3374.8558906183453,350.0,6345.375908981124,0.0,0,0,0,1
S5,continuous,D,322,146,3220.0,3280.0,3378.7972272119882,3378.7972272119882,3399.2949390635185,60.0,0.0,0.0,0.0,3280.0,3280.0,3389.2949390635185,3389.2949390635185,350.0,4684.769610150843,0.0,0,0,0,1
S5,continuous,D,323,170,3230.0,3230.0,3335.542071085339,3335.542071085339,3385.841668696191,0.0,0.0,0.0,0.0,3230.0,3230.0,3375.841668696191,3375.841668696191,350.0,4911.616362895768,0.0,0,0,0,1
S5,continuous,D,324,3,3240.0,3240.0,3358.4637759341454,3358.4637759341454,3404.346437263831,0.0,0.0,0.0,0.0,3240.0,3240.0,3394.346437263831,3394.346437263831,350.0,4484.605060207664,0.0,0,0,0,1
S5,continuous,D,325,202,3250.0,3250.0,3304.726975262743,3304.726975262743,3331.764837730587,0.0,0.0,0.0,0.0,3250.0,3250.0,3321.764837730587,3321.764837730587,350.0,2289.84941204396,0.0,0,0,0,1
S5,continuous,D,326,208,3260.0,3320.0,3439.965236203716,3439.965236203716,3499.031073642372,60.0,0.0,0.0,0.0,3320.0,3320.0,3489.031073642372,3489.031073642372,350.0,4554.644806984428,0.0,0,0,0,1
S5,continuous,D,327,19,3270.0,3330.0,3409.369985098849,3409.369985098849,3447.028975133286,60.0,0.0,0.0,0.0,3330.0,3330.0,3437.028975133286,3437.028975133286,350.0,2155.3103925447595,0.0,0,0,0,1
S5,continuous,D,328,156,3280.0,3340.0,3449.796402285813,3449.796402285813,3480.2423314985435,60.0,0.0,0.0,0.0,3340.0,3340.0,3470.2423314985435,3470.2423314985435,350.0,4370.181279115347,0.0,0,0,0,1
S5,continuous,D,329,229,3290.0,3290.0,3347.1141965848074,3347.1141965848074,3382.996857914493,0.0,0.0,0.0,0.0,3290.0,3290.0,3372.996857914493,3372.996857914493,300.0,973.1127647371518,0.0,0,0,0,0
S5,continuous,D,330,210,3300.0,3300.0,3353.181911025632,3353.181911025632,3373.6278402383623,0.0,0.0,0.0,0.0,3300.0,3300.0,3363.6278402383623,3363.6278402383623,300.0,2906.6323242956933,0.0,0,0,0,0
S5,continuous,D,331,86,3310.0,3310.0,3403.027955207598,3403.027955207598,3453.943114791943,0.0,0.0,0.0,0.0,3310.0,3310.0,3443.943114791943,3443.943114791943,350.0,5098.714754951511,0.0,0,0,0,1
S5,continuous,D,332,144,3320.0,3320.0,3436.925476123433,3436.925476123433,3481.1493396555106,0.0,0.0,0.0,0.0,3320.0,3320.0,3471.1493396555106,3471.1493396555106,450.0,4544.523999194535,0.0,0,0,0,1
S5,continuous,D,333,34,3330.0,3330.0,3381.041521370805,3381.041521370805,3431.341118981657,0.0,0.0,0.0,0.0,3330.0,3330.0,3421.341118981657,3421.341118981657,350.0,2072.9704255158244,0.0,0,0,0,1
S5,continuous,D,334,129,3340.0,3400.0,3509.0594184032734,3509.0594184032734,3536.7184084377104,60.0,0.0,0.0,0.0,3400.0,3400.0,3526.7184084377104,3526.7184084377104,300.0,4381.240896998888,0.0,0,0,0,0
S5,continuous,D,335,192,3350.0,3350.0,3426.050556767333,3426.050556767333,3475.909044057834,0.0,0.0,0.0,0.0,3350.0,3350.0,3465.909044057834,3465.909044057834,300.0,2305.4159067096143,0.0,0,0,0,0
S5,continuous,D,336,197,3360.0,3360.0,3458.2785516983795,3458.2785516983795,3481.9682625325586,0.0,0.0,0.0,0.0,3360.0,3360.0,3471.9682625325586,3471.9682625325586,300.0,3548.6518736062912,0.0,0,0,0,0
S5,continuous,D,337,242,3370.0,3430.0,3502.5918540356743,3502.5918540356743,3531.8773792240804,60.0,0.0,0.0,0.0,3430.0,3430.0,3521.8773792240804,3521.8773792240804,300.0,2462.783053952374,0.0,0,0,0,0
S5,continuous,D,338,296,3380.0,3380.0,3523.0196132878364,3523.0196132878364,3568.108555903248,0.0,0.0,0.0,0.0,3380.0,3380.0,3558.108555903248,3558.108555903248,350.0,6129.505284701058,0.0,0,0,0,1
S5,continuous,D,339,280,3390.0,3390.0,3511.3387885240613,3511.3387885240613,3571.9609527476814,0.0,0.0,0.0,0.0,3390.0,3390.0,3561.9609527476814,3561.9609527476814,350.0,5843.900760542057,0.0,0,0,0,1
S5,continuous,D,340,18,3400.0,3400.0,3493.5679560880203,3493.5679560880203,3517.791819620098,0.0,0.0,0.0,0.0,3400.0,3400.0,3507.791819620098,3507.791819620098,350.0,2716.5897481446173,0.0,0,0,0,1
S5,continuous,D,341,267,3410.0,3410.0,3469.2701870182236,3469.2701870182236,3486.903447204542,0.0,0.0,0.0,0.0,3410.0,3410.0,3476.903447204542,3476.903447204542,300.0,2333.874383356214,0.0,0,0,0,0
S5,continuous,D,342,259,3420.0,3420.0,3563.0196132878364,3563.0196132878364,3608.108555903248,0.0,0.0,0.0,0.0,3420.0,3420.0,3598.108555903248,3598.108555903248,350.0,6129.505284701058,0.0,0,0,0,1
S5,continuous,D,343,94,3430.0,3550.0,3655.654364701024,3655.654364701024,3691.951019728506,120.0,0.0,0.0,0.0,3550.0,3550.0,3681.951019728506,3681.951019728506,350.0,5147.575420431299,0.0,0,0,0,1
S5,continuous,D,344,281,3440.0,3440.0,3505.739578644141,3505.739578644141,3528.240131561536,0.0,0.0,0.0,0.0,3440.0,3440.0,3518.240131561536,3518.240131561536,300.0,2563.3453786828977,0.0,0,0,0,0
S5,continuous,D,345,155,3450.0,3450.0,3575.86002190822,3575.86002190822,3643.4932820945382,0.0,0.0,0.0,0.0,3450.0,3450.0,3633.4932820945382,3633.4932820945382,550.0,2619.774452762474,0.0,0,0,0,1
S5,continuous,D,346,168,3460.0,3460.0,3494.3457182340267,3494.3457182340267,3504.843430085557,0.0,0.0,0.0,0.0,3460.0,3460.0,3494.843430085557,3494.843430085557,300.0,1889.745368323287,0.0,0,0,0,0
S5,continuous,D,347,289,3470.0,3470.0,3580.249158972455,3580.249158972455,3593.5480549262766,0.0,0.0,0.0,0.0,3470.0,3470.0,3583.5480549262766,3583.5480549262766,350.0,4867.975782419304,0.0,0,0,0,1
S5,continuous,D,348,26,3480.0,3540.0,3603.786917571991,3603.786917571991,3648.875860187403,60.0,0.0,0.0,0.0,3540.0,3540.0,3638.875860187403,3638.875860187403,350.0,2600.4069164247503,0.0,0,0,0,1
S5,continuous,D,349,4,3490.0,3490.0,3616.7910331947237,3616.7910331947237,3676.1568317427427,0.0,0.0,0.0,0.0,3490.0,3490.0,3666.1568317427427,3666.1568317427427,350.0,7082.229686871316,0.0,0,0,0,1
S5,continuous,D,350,56,3500.0,3500.0,3569.112175688128,3569.112175688128,3628.2097207701527,0.0,0.0,0.0,0.0,3500.0,3500.0,3618.2097207701527,3618.2097207701527,350.0,3321.670450693197,0.0,0,0,0,1
S5,continuous,D,351,206,3510.0,3510.0,3607.9347063934874,3607.9347063934874,3658.8498659778325,0.0,0.0,0.0,0.0,3510.0,3510.0,3648.8498659778325,3648.8498659778325,350.0,4779.35546091486,0.0,0,0,0,1
S5,continuous,D,352,138,3520.0,3520.0,3576.990247693092,3576.990247693092,3602.63287991891,0.0,0.0,0.0,0.0,3520.0,3520.0,3592.63287991891,3592.63287991891,350.0,3107.4644235162114,0.0,0,0,0,1
S5,continuous,D,353,55,3530.0,3530.0,3558.6926644624104,3558.6926644624104,3607.5669398283308,0.0,0.0,0.0,0.0,3530.0,3530.0,3597.5669398283308,3597.5669398283308,300.0,1714.724341380415,0.0,0,0,0,0
S5,continuous,D,354,223,3540.0,3540.0,3592.0584429294904,3592.0584429294904,3604.0756006074917,0.0,0.0,0.0,0.0,3540.0,3540.0,3594.0756006074917,3594.0756006074917,300.0,3138.5785323922596,0.5951997454053526,1,0,1,0
S5,continuous,D,355,20,3550.0,3550.0,3616.207732363762,3616.207732363762,3638.7082852811563,0.0,0.0,0.0,0.0,3550.0,3550.0,3628.7082852811563,3628.7082852811563,300.0,3438.967210681467,0.0,0,0,0,0
S5,continuous,D,356,186,3560.0,3620.0,3672.078246686806,3672.078246686806,3700.6082958356888,60.0,0.0,0.0,0.0,3620.0,3620.0,3690.6082958356888,3690.6082958356888,300.0,600.6197106330482,0.0,0,0,0,0
S5,continuous,D,357,212,3570.0,3570.0,3636.0737692041307,3636.0737692041307,3705.4395677521497,0.0,0.0,0.0,0.0,3570.0,3570.0,3695.4395677521497,3695.4395677521497,400.0,1548.1033478057418,0.0,0,0,0,1
S5,continuous,D,358,163,3580.0,3580.0,3629.164685326539,3629.164685326539,3680.079844910884,0.0,0.0,0.0,0.0,3580.0,3580.0,3670.079844910884,3670.079844910884,350.0,1828.1704415346794,0.0,0,0,0,1
S5,continuous,D,359,85,3590.0,3650.0,3793.0196132878364,3793.0196132878364,3838.108555903248,60.0,0.0,0.0,0.0,3650.0,3650.0,3828.108555903248,3828.108555903248,350.0,6129.505284701058,0.0,0,0,0,1
S5,continuous,D,360,215,3600.0,3600.0,3695.773823262246,3695.773823262246,3733.432813296683,0.0,0.0,0.0,0.0,3600.0,3600.0,3723.432813296683,3723.432813296683,350.0,4197.196803474132,0.0,0,0,0,1
S5,continuous,D,361,245,3610.0,3610.0,3679.7189404839396,3679.7189404839396,3739.5774277744404,0.0,0.0,0.0,0.0,3610.0,3610.0,3729.5774277744404,3729.5774277744404,350.0,2524.6144154301073,0.0,0,0,0,1
S5,continuous,D,362,280,3620.0,3620.0,3724.157098066076,3724.157098066076,3746.174255744077,0.0,0.0,0.0,0.0,3620.0,3620.0,3736.174255744077,3736.174255744077,350.0,3411.499017411268,0.0,0,0,0,1
S5,continuous,D,363,184,3630.0,3630.0,3653.5416889551325,3653.5416889551325,3702.812213859382,0.0,0.0,0.0,0.0,3630.0,3630.0,3692.812213859382,3692.812213859382,300.0,753.1878730728996,0.0,0,0,0,0
S5,continuous,D,364,145,3640.0,3640.0,3756.36966524533,3756.36966524533,3794.028655279767,0.0,0.0,0.0,0.0,3640.0,3640.0,3784.028655279767,3784.028655279767,350.0,5996.201942319836,0.0,0,0,0,1
S5,continuous,D,365,139,3650.0,3650.0,3714.7747652497155,3714.7747652497155,3762.4337552841525,0.0,0.0,0.0,0.0,3650.0,3650.0,3752.4337552841525,3752.4337552841525,400.0,2880.787967210021,0.0,0,0,0,1
S5,continuous,D,366,220,3660.0,3660.0,3784.589953831719,3784.589953831719,3843.955752379738,0.0,0.0,0.0,0.0,3660.0,3660.0,3833.955752379738,3833.955752379738,350.0,5822.341120237627,0.0,0,0,0,1
S5,continuous,D,367,274,3670.0,3670.0,3780.2757087918053,3780.2757087918053,3840.8978730154254,0.0,0.0,0.0,0.0,3670.0,3670.0,3830.8978730154254,3830.8978730154254,350.0,6390.799176394082,0.0,0,0,0,1
S5,continuous,D,368,182,3680.0,3680.0,3810.9106599478696,3810.9106599478696,3852.8616371134326,0.0,0.0,0.0,0.0,3680.0,3680.0,3842.8616371134326,3842.8616371134326,350.0,6156.647421068723,0.0,0,0,0,1
S5,continuous,D,369,206,3690.0,3690.0,3812.005685038779,3812.005685038779,3828.363578843597,0.0,0.0,0.0,0.0,3690.0,3690.0,3818.363578843597,3818.363578843597,350.0,4477.135011152803,0.0,0,0,0,1
S5,continuous,D,370,171,3700.0,3760.0,3852.6104526397394,3852.6104526397394,3880.2437128260576,60.0,0.0,0.0,0.0,3760.0,3760.0,3870.2437128260576,3870.2437128260576,350.0,3936.176779399768,0.0,0,0,0,1
S5,continuous,D,371,62,3710.0,3710.0,3786.5640973996533,3786.5640973996533,3789.862993353475,0.0,0.0,0.0,0.0,3710.0,3710.0,3786.5640973996533,3786.5640973996533,300.0,2093.085693021139,0.0,0,0,0,0
S5,continuous,D,372,250,3720.0,3780.0,3881.440126743414,3881.440126743414,3927.3227880730997,60.0,0.0,0.0,0.0,3780.0,3780.0,3917.3227880730997,3917.3227880730997,350.0,4669.784037419075,0.0,0,0,0,1
S5,continuous,D,373,269,3730.0,3730.0,3828.2785516983795,3828.2785516983795,3851.9682625325586,0.0,0.0,0.0,0.0,3730.0,3730.0,3841.9682625325586,3841.9682625325586,300.0,3548.6518736062912,0.0,0,0,0,0
S5,continuous,D,374,146,3740.0,3740.0,3824.740214542727,3824.740214542727,3863.2702636916097,0.0,0.0,0.0,0.0,3740.0,3740.0,3853.2702636916097,3853.2702636916097,350.0,4963.4839593394445,0.0,0,0,0,1
S5,continuous,D,375,223,3750.0,3750.0,3801.041521370805,3801.041521370805,3851.341118981657,0.0,0.0,0.0,0.0,3750.0,3750.0,3841.341118981657,3841.341118981657,350.0,2072.9704255158244,0.0,0,0,0,1
S5,continuous,D,376,262,3760.0,3760.0,3876.63326141673,3876.63326141673,3934.52790056738,0.0,0.0,0.0,0.0,3760.0,3760.0,3924.52790056738,3924.52790056738,350.0,6114.953265994237,0.0,0,0,0,1
S5,continuous,D,377,116,3770.0,3770.0,3820.4564555371962,3820.4564555371962,3851.782876545523,0.0,0.0,0.0,0.0,3770.0,3770.0,3841.782876545523,3841.782876545523,300.0,3128.3256895576114,0.0,0,0,0,0
S5,continuous,D,378,266,3780.0,3780.0,3883.178440312212,3883.178440312212,3942.2759853942366,0.0,0.0,0.0,0.0,3780.0,3780.0,3932.2759853942366,3932.2759853942366,350.0,3849.733515340193,0.0,0,0,0,1
S5,continuous,D,379,31,3790.0,3790.0,3885.1754552730704,3885.1754552730704,3920.264397888482,0.0,0.0,0.0,0.0,3790.0,3790.0,3910.264397888482,3910.264397888482,300.0,3997.373556913809,0.5932625694772469,3,0,2,0
S5,continuous,D,380,197,3800.0,3860.0,3933.35518040851,3933.35518040851,3982.2294557744303,60.0,0.0,0.0,0.0,3860.0,3860.0,3972.2294557744303,3972.2294557744303,300.0,2013.016610273699,0.0,0,0,0,0
S5,continuous,D,381,240,3810.0,3870.0,3957.994618026359,3957.994618026359,3972.240789743982,60.0,0.0,0.0,0.0,3870.0,3870.0,3962.240789743982,3962.240789743982,350.0,3615.23434155512,0.0,0,0,0,1
S5,continuous,D,382,164,3820.0,3820.0,3906.73398931055,3906.73398931055,3954.6286284612,0.0,0.0,0.0,0.0,3820.0,3820.0,3944.6286284612,3944.6286284612,300.0,2996.012507739447,0.0,0,0,0,0
S5,continuous,D,383,267,3830.0,3830.0,3908.0878214693757,3908.0878214693757,3967.1853665514004,0.0,0.0,0.0,0.0,3830.0,3830.0,3957.1853665514004,3957.1853665514004,350.0,3824.469386111557,0.0,0,0,0,1
S5,continuous,D,384,54,3840.0,3900.0,3937.0267777655704,3937.0267777655704,3959.527330682965,60.0,0.0,0.0,0.0,3900.0,3900.0,3949.527330682965,3949.527330682965,300.0,1520.748178368043,0.0,0,0,0,0
S5,continuous,D,385,201,3850.0,3850.0,3996.7144970836116,3996.7144970836116,4075.8120421656363,0.0,0.0,0.0,0.0,3850.0,3850.0,4065.8120421656363,4065.8120421656363,450.0,5372.951450027468,0.0,0,0,0,1
S5,continuous,D,386,182,3860.0,3860.0,3974.840003056976,3974.840003056976,4033.905840495632,0.0,0.0,0.0,0.0,3860.0,3860.0,4023.905840495632,4023.905840495632,350.0,4260.05600807747,0.0,0,0,0,1
S5,continuous,D,387,258,3870.0,3990.0,4068.1727687008456,4068.1727687008456,4082.4189404184685,120.0,0.0,0.0,0.0,3990.0,3990.0,4072.4189404184685,4072.4189404184685,350.0,1712.5793576877345,0.0,0,0,0,1
S5,continuous,D,388,297,3880.0,3880.0,3957.757333241331,3957.757333241331,3961.0562291951524,0.0,0.0,0.0,0.0,3880.0,3880.0,3957.757333241331,3957.757333241331,300.0,2078.6165687345792,0.0,0,0,0,0
S5,continuous,D,389,37,3890.0,3890.0,3986.514946269788,3986.514946269788,4031.6038888852,0.0,0.0,0.0,0.0,3890.0,3890.0,4021.6038888852,4021.6038888852,350.0,5302.049740919531,0.0,0,0,0,1
S5,continuous,D,390,117,3900.0,3960.0,4132.9997562293975,4132.9997562293975,4218.821660475868,60.0,0.0,0.0,0.0,3960.0,3960.0,4208.821660475868,4208.821660475868,550.0,5865.179622293795,0.0,0,0,0,1
S5,continuous,D,391,248,3910.0,3910.0,3959.8258736757307,3959.8258736757307,3967.0014088045396,0.0,0.0,0.0,0.0,3910.0,3910.0,3959.8258736757307,3959.8258736757307,300.0,1598.2495565116574,0.0,0,0,0,0
S5,continuous,D,392,23,3920.0,3920.0,3988.725982181442,3988.725982181442,4057.791819620098,0.0,0.0,0.0,0.0,3920.0,3920.0,4047.791819620098,4047.791819620098,400.0,2816.5897481446173,0.0,0,0,0,1
S5,continuous,D,393,75,3930.0,3930.0,3980.8185896321966,3980.8185896321966,4006.4612218580146,0.0,0.0,0.0,0.0,3930.0,3930.0,3996.4612218580146,3996.4612218580146,350.0,2456.961136998983,0.0,0,0,0,1
S5,continuous,D,394,162,3940.0,3940.0,4038.5003738329133,4038.5003738329133,4097.374649198833,0.0,0.0,0.0,0.0,3940.0,3940.0,4087.3746491988336,4087.3746491988336,350.0,3536.7460681397774,0.0,0,0,0,1
S5,continuous,D,395,187,3950.0,3950.0,4010.0227292061777,4010.0227292061777,4032.039886884179,0.0,0.0,0.0,0.0,3950.0,3950.0,4022.039886884179,4022.039886884179,350.0,2033.6288625543793,0.0,0,0,0,1
S5,continuous,D,396,215,3960.0,3960.0,3995.0573263476754,3995.0573263476754,4024.3428515360815,0.0,0.0,0.0,0.0,3960.0,3960.0,4014.3428515360815,4014.3428515360815,300.0,1396.1983376307758,0.0,0,0,0,0
S5,continuous,D,397,202,3970.0,4030.0,4062.053028019701,4062.053028019701,4088.3496830471827,60.0,0.0,0.0,0.0,4030.0,4030.0,4078.3496830471827,4078.3496830471827,300.0,2064.919892631812,0.0,0,0,0,0
S5,continuous,D,398,166,3980.0,4040.0,4140.505352181477,4140.505352181477,4158.138612367796,60.0,0.0,0.0,0.0,4040.0,4040.0,4148.138612367796,4148.138612367796,300.0,3774.6094654649723,0.8873966457226743,1,0,1,0
S5,continuous,D,399,167,3990.0,3990.0,4135.691263891488,4135.691263891488,4180.7802065069,0.0,0.0,0.0,0.0,3990.0,3990.0,4170.7802065069,4170.7802065069,350.0,6199.828845386371,0.0,0,0,0,1
S5,continuous,D,400,72,4000.0,4000.0,4131.718582479174,4131.718582479174,4149.055735017599,0.0,0.0,0.0,0.0,4000.0,4000.0,4139.055735017599,4139.055735017599,350.0,5176.651211722845,0.0,0,0,0,1
S5,continuous,D,401,20,4010.0,4010.0,4105.126891792234,4105.126891792234,4125.572821004965,0.0,0.0,0.0,0.0,4010.0,4010.0,4115.572821004965,4115.572821004965,300.0,5393.354246695591,0.0,0,0,0,0
S5,continuous,D,402,129,4020.0,4080.0,4223.00515341996,4223.00515341996,4250.197690240343,60.0,0.0,0.0,0.0,4080.0,4080.0,4240.197690240343,4240.197690240343,350.0,6027.24627004878,0.0,0,0,0,1
S5,continuous,D,403,89,4030.0,4030.0,4091.610682560361,4091.610682560361,4103.627840238362,0.0,0.0,0.0,0.0,4030.0,4030.0,4093.6278402383623,4093.6278402383623,300.0,2906.6323242956933,0.0,0,0,0,0
S5,continuous,D,404,275,4040.0,4040.0,4135.803846521353,4135.803846521353,4166.249775734083,0.0,0.0,0.0,0.0,4040.0,4040.0,4156.249775734083,4156.249775734083,350.0,3713.468652288151,0.0,0,0,0,1
S5,continuous,D,405,57,4050.0,4050.0,4137.437141233932,4137.437141233932,4183.3198025636175,0.0,0.0,0.0,0.0,4050.0,4050.0,4173.3198025636175,4173.3198025636175,350.0,4354.505010754286,0.0,0,0,0,1
S5,continuous,D,406,187,4060.0,4060.0,4144.852684628029,4144.852684628029,4181.1493396555115,0.0,0.0,0.0,0.0,4060.0,4060.0,4171.1493396555115,4171.1493396555115,350.0,4344.5239991945355,0.0,0,0,0,1
S5,continuous,D,407,138,4070.0,4070.0,4199.653496514363,4199.653496514363,4260.568656098708,0.0,0.0,0.0,0.0,4070.0,4070.0,4250.568656098708,4250.568656098708,400.0,6381.404874671592,0.0,0,0,0,1
S5,continuous,D,408,260,4080.0,4080.0,4163.685223433201,4163.685223433201,4185.702381111202,0.0,0.0,0.0,0.0,4080.0,4080.0,4175.702381111202,4175.702381111202,350.0,4284.848987658505,0.0,0,0,0,1
S5,continuous,D,409,11,4090.0,4150.0,4256.73860188746,4256.73860188746,4296.024127075867,60.0,0.0,0.0,0.0,4150.0,4150.0,4286.024127075867,4286.024127075867,350.0,5362.263727565034,0.0,0,0,0,1
S5,continuous,D,410,227,4100.0,4100.0,4147.526195617627,4147.526195617627,4160.297844746464,0.0,0.0,0.0,0.0,4100.0,4100.0,4150.297844746464,4150.297844746464,300.0,747.1294341501606,0.0,0,0,0,0
S5,continuous,D,411,95,4110.0,4170.0,4304.250749140336,4304.250749140336,4364.872913363955,60.0,0.0,0.0,0.0,4170.0,4170.0,4354.872913363955,4354.872913363955,350.0,6151.3522444713,0.0,0,0,0,1
S5,continuous,D,412,58,4120.0,4120.0,4219.378204142191,4219.378204142191,4239.824133354921,0.0,0.0,0.0,0.0,4120.0,4120.0,4229.824133354921,4229.824133354921,300.0,3773.9405079195712,0.0,0,0,0,0
S5,continuous,D,413,65,4130.0,4130.0,4199.264337001876,4199.264337001876,4248.138612367796,0.0,0.0,0.0,0.0,4130.0,4130.0,4238.138612367796,4238.138612367796,300.0,3774.609465464973,0.8873966457226743,1,0,1,0
S5,continuous,D,414,14,4140.0,4140.0,4249.094912736766,4249.094912736766,4276.326437306342,0.0,0.0,0.0,0.0,4140.0,4140.0,4266.326437306342,4266.326437306342,350.0,4822.1748800892055,0.0,0,0,0,1
S5,continuous,D,415,131,4150.0,4150.0,4241.1927776193015,4241.1927776193015,4301.814941842921,0.0,0.0,0.0,0.0,4150.0,4150.0,4291.814941842921,4291.814941842921,350.0,4144.335602376817,0.0,0,0,0,1
S5,continuous,D,416,6,4160.0,4160.0,4270.978398055687,4270.978398055687,4312.304819064013,0.0,0.0,0.0,0.0,4160.0,4160.0,4302.304819064013,4302.304819064013,350.0,5527.219769173311,0.0,0,0,0,1
S5,continuous,D,417,84,4170.0,4170.0,4297.77269449802,4297.77269449802,4342.861637113432,0.0,0.0,0.0,0.0,4170.0,4170.0,4332.861637113432,4332.861637113432,350.0,6156.647421068723,0.0,0,0,0,1
S5,continuous,D,418,86,4180.0,4180.0,4202.231890705614,4202.231890705614,4250.126529856265,0.0,0.0,0.0,0.0,4180.0,4180.0,4240.126529856265,4240.126529856265,300.0,934.0142131825826,0.0,0,0,0,0
S5,continuous,D,419,12,4190.0,4190.0,4228.415127963655,4228.415127963655,4268.714725574507,0.0,0.0,0.0,0.0,4190.0,4190.0,4258.714725574507,4258.714725574507,300.0,1711.8383334476046,0.0,0,0,0,0
S5,continuous,D,420,259,4200.0,4200.0,4264.5817997095455,4264.5817997095455,4302.2407897439825,0.0,0.0,0.0,0.0,4200.0,4200.0,4292.2407897439825,4292.2407897439825,350.0,3615.23434155512,0.0,0,0,0,1
S5,continuous,D,421,158,4210.0,4210.0,4311.524164288506,4311.524164288506,4344.024717205901,0.0,0.0,0.0,0.0,4210.0,4210.0,4334.024717205901,4334.024717205901,350.0,3300.2000695889765,0.0,0,0,0,1
S5,continuous,D,422,54,4220.0,4220.0,4283.649250946934,4283.649250946934,4319.471155193405,0.0,0.0,0.0,0.0,4220.0,4220.0,4309.471155193405,4309.471155193405,300.0,1937.2510650254817,0.0,0,0,0,0
S5,continuous,D,423,97,4230.0,4230.0,4320.035185931882,4320.035185931882,4357.2277227522645,0.0,0.0,0.0,0.0,4230.0,4230.0,4347.2277227522645,4347.2277227522645,400.0,4213.917022750607,0.0,0,0,0,1
S5,continuous,D,424,214,4240.0,4240.0,4348.709474564561,4348.709474564561,4407.979999468811,0.0,0.0,0.0,0.0,4240.0,4240.0,4397.979999468811,4397.979999468811,350.0,3899.3023154338157,0.0,0,0,0,1
S5,continuous,D,425,90,4250.0,4250.0,4289.039594707206,4289.039594707206,4316.271119276782,0.0,0.0,0.0,0.0,4250.0,4250.0,4306.271119276782,4306.271119276782,350.0,1860.2833474081776,0.0,0,0,0,1
S5,continuous,D,426,150,4260.0,4260.0,4295.071873102522,4295.071873102522,4330.954534432207,0.0,0.0,0.0,0.0,4260.0,4260.0,4320.954534432207,4320.954534432207,300.0,758.1851493020481,0.0,0,0,0,0
S5,continuous,D,427,74,4270.0,4270.0,4354.091412428629,4354.091412428629,4400.001157483903,0.0,0.0,0.0,0.0,4270.0,4270.0,4390.001157483903,4390.001157483903,350.0,4254.347233259538,0.0,0,0,0,1
S5,continuous,D,428,212,4280.0,4280.0,4404.180997799123,4404.180997799123,4471.373534619506,0.0,0.0,0.0,0.0,4280.0,4280.0,4461.373534619506,4461.373534619506,550.0,3825.724818586533,0.0,0,0,0,1
S5,continuous,D,429,201,4290.0,4290.0,4317.184558173305,4317.184558173305,4331.408421705383,0.0,0.0,0.0,0.0,4290.0,4290.0,4321.408421705383,4321.408421705383,300.0,1095.83816626912,0.0,0,0,0,0
S5,continuous,D,430,93,4300.0,4300.0,4419.384885813271,4419.384885813271,4455.681540840753,0.0,0.0,0.0,0.0,4300.0,4300.0,4445.681540840753,4445.681540840753,350.0,5592.013033841988,0.0,0,0,0,1
S5,continuous,D,431,82,4310.0,4310.0,4485.211844885169,4485.211844885169,4560.300787500581,0.0,0.0,0.0,0.0,4310.0,4310.0,4550.300787500581,4550.300787500581,500.0,8529.36126816468,0.0,0,0,0,1
S5,continuous,D,432,107,4320.0,4320.0,4355.597545944521,4355.597545944521,4406.21971016814,0.0,0.0,0.0,0.0,4320.0,4320.0,4396.21971016814,4396.21971016814,300.0,1292.876526545168,0.0,0,0,0,0
S5,continuous,D,433,79,4330.0,4390.0,4455.73957864414,4455.73957864414,4478.240131561535,60.0,0.0,0.0,0.0,4390.0,4390.0,4468.240131561535,4468.240131561535,300.0,2563.3453786828977,0.0,0,0,0,0
S5,continuous,D,434,11,4340.0,4340.0,4440.525926293217,4440.525926293217,4461.023638144747,0.0,0.0,0.0,0.0,4340.0,4340.0,4451.023638144747,4451.023638144747,350.0,4565.9232521107,0.0,0,0,0,1
S5,continuous,D,435,115,4350.0,4350.0,4404.7747652497155,4404.7747652497155,4442.4337552841525,0.0,0.0,0.0,0.0,4350.0,4350.0,4432.4337552841525,4432.4337552841525,350.0,2780.787967210021,0.0,0,0,0,1
S5,continuous,D,436,98,4360.0,4360.0,4450.158824608865,4450.158824608865,4475.8014568346825,0.0,0.0,0.0,0.0,4360.0,4360.0,4465.8014568346825,4465.8014568346825,350.0,2447.5280854725556,0.0,0,0,0,1
S5,continuous,D,437,174,4370.0,4430.0,4539.833940229158,4539.833940229158,4571.784917394721,60.0,0.0,0.0,0.0,4430.0,4430.0,4561.784917394721,4561.784917394721,300.0,4407.410851524113,0.0,0,0,0,0
S5,continuous,D,438,256,4380.0,4380.0,4507.607457728018,4507.607457728018,4531.831321260096,0.0,0.0,0.0,0.0,4380.0,4380.0,4521.831321260096,4521.831321260096,350.0,4997.702851963191,0.0,0,0,0,1
S5,continuous,D,439,257,4390.0,4510.0,4624.355119832427,4624.355119832427,4665.681540840753,120.0,0.0,0.0,0.0,4510.0,4510.0,4655.681540840753,4655.681540840753,350.0,5592.013033841988,0.0,0,0,0,1
S5,continuous,D,440,297,4400.0,4400.0,4523.115129010158,4523.115129010158,4537.361300727781,0.0,0.0,0.0,0.0,4400.0,4400.0,4527.361300727781,4527.361300727781,350.0,4954.589228381248,0.0,0,0,0,1
S5,continuous,D,441,236,4410.0,4410.0,4475.942969544182,4475.942969544182,4545.8014568346825,0.0,0.0,0.0,0.0,4410.0,4410.0,4535.8014568346825,4535.8014568346825,400.0,2547.528085472555,0.0,0,0,0,1
S5,continuous,D,442,64,4420.0,4420.0,4492.960933061809,4492.960933061809,4552.058478143833,0.0,0.0,0.0,0.0,4420.0,4420.0,4542.058478143833,4542.058478143833,350.0,3480.2725810735205,0.0,0,0,0,1
S5,continuous,D,443,95,4430.0,4430.0,4483.524230539481,4483.524230539481,4573.382717829982,0.0,0.0,0.0,0.0,4430.0,4430.0,4563.382717829982,4563.382717829982,500.0,1108.4164728080566,0.0,0,0,0,1
S5,continuous,D,444,263,4440.0,4440.0,4506.903442888535,4506.903442888535,4596.7619301790355,0.0,0.0,0.0,0.0,4440.0,4440.0,4586.7619301790355,4586.7619301790355,500.0,981.9897942471375,0.0,0,0,0,1
S5,continuous,D,445,94,4450.0,4450.0,4513.452330552963,4513.452330552963,4572.818129100981,0.0,0.0,0.0,0.0,4450.0,4450.0,4562.818129100981,4562.818129100981,350.0,1697.5535809403452,0.0,0,0,0,1
S5,continuous,D,446,290,4460.0,4460.0,4555.042143223948,4555.042143223948,4615.664307447568,0.0,0.0,0.0,0.0,4460.0,4460.0,4605.664307447568,4605.664307447568,350.0,4935.202657891665,0.0,0,0,0,1
S5,continuous,D,447,147,4470.0,4470.0,4571.549699250323,4571.549699250323,4601.995628463053,0.0,0.0,0.0,0.0,4470.0,4470.0,4591.995628463053,4591.995628463053,350.0,3782.441421717232,0.0,0,0,0,1
S5,continuous,D,448,106,4480.0,4480.0,4585.654364701024,4585.654364701024,4621.951019728506,0.0,0.0,0.0,0.0,4480.0,4480.0,4611.951019728506,4611.951019728506,350.0,5147.575420431299,0.0,0,0,0,1
S5,continuous,D,449,282,4490.0,4490.0,4552.557047308703,4552.557047308703,4594.508024474266,0.0,0.0,0.0,0.0,4490.0,4490.0,4584.508024474266,4584.508024474266,350.0,2302.252500160588,0.0,0,0,0,1
S5,continuous,D,450,169,4500.0,4500.0,4567.111246207024,4567.111246207024,4584.3427707766,0.0,0.0,0.0,0.0,4500.0,4500.0,4574.3427707766,4574.3427707766,300.0,2075.098850647007,0.0,0,0,0,0
S5,continuous,D,451,19,4510.0,4510.0,4608.35845558226,4608.35845558226,4654.180359828731,0.0,0.0,0.0,0.0,4510.0,4510.0,4644.180359828731,4644.180359828731,350.0,4708.807725275285,0.0,0,0,0,1
S5,continuous,D,452,274,4520.0,4520.0,4562.625719274682,4562.625719274682,4586.322565862478,0.0,0.0,0.0,0.0,4520.0,4520.0,4576.322565862478,4576.322565862478,300.0,745.7645728425504,0.0,0,0,0,0
S5,continuous,D,453,78,4530.0,4530.0,4610.778819577351,4610.778819577351,4644.46853041153,0.0,0.0,0.0,0.0,4530.0,4530.0,4634.46853041153,4634.46853041153,350.0,3005.2405638141577,0.0,0,0,0,1
S5,continuous,D,454,204,4540.0,4600.0,4639.656112993282,4639.656112993282,4698.926637897532,60.0,0.0,0.0,0.0,4600.0,4600.0,4688.926637897532,4688.926637897532,350.0,2061.5795681532495,0.0,0,0,0,1
S5,continuous,D,455,162,4550.0,4550.0,4645.423849659848,4645.423849659848,4683.9538988087315,0.0,0.0,0.0,0.0,4550.0,4550.0,4673.9538988087315,4673.9538988087315,350.0,5060.435305256155,0.0,0,0,0,1
S5,continuous,D,456,207,4560.0,4560.0,4683.968026562018,4683.968026562018,4744.590190785638,0.0,0.0,0.0,0.0,4560.0,4560.0,4734.590190785638,4734.590190785638,350.0,4912.630222823864,0.0,0,0,0,1
S5,continuous,D,457,73,4570.0,4570.0,4604.524301267818,4604.524301267818,4662.418940418469,0.0,0.0,0.0,0.0,4570.0,4570.0,4652.418940418469,4652.418940418469,350.0,1712.5793576877347,0.0,0,0,0,1
S5,continuous,D,458,170,4580.0,4580.0,4662.612544340715,4662.612544340715,4676.858716058338,0.0,0.0,0.0,0.0,4580.0,4580.0,4666.858716058338,4666.858716058338,350.0,2476.925295299948,0.0,0,0,0,1
S5,continuous,D,459,298,4590.0,4590.0,4715.109508786347,4715.109508786347,4757.06048595191,0.0,0.0,0.0,0.0,4590.0,4590.0,4747.06048595191,4747.06048595191,350.0,6228.084419460653,0.0,0,0,0,1
S5,continuous,D,460,111,4600.0,4660.0,4782.610555773897,4782.610555773897,4796.834419305976,60.0,0.0,0.0,0.0,4660.0,4660.0,4786.834419305976,4786.834419305976,300.0,6274.846110710529,0.0,0,0,0,0
S5,continuous,D,461,105,4610.0,4610.0,4726.930241795841,4726.930241795841,4731.176413513464,0.0,0.0,0.0,0.0,4610.0,4610.0,4726.930241795841,4726.930241795841,300.0,4788.898364919341,0.0,0,0,0,0
S5,continuous,D,462,94,4620.0,4680.0,4854.190477277625,4854.190477277625,4942.085116428276,60.0,0.0,0.0,0.0,4680.0,4680.0,4932.085116428276,4932.085116428276,500.0,6463.804887138398,0.0,0,0,0,1
S5,continuous,D,463,9,4630.0,4630.0,4749.586731207199,4749.586731207199,4771.6038888852,0.0,0.0,0.0,0.0,4630.0,4630.0,4761.6038888852,4761.6038888852,350.0,5302.049740919531,0.0,0,0,0,1
S5,continuous,D,464,8,4640.0,4640.0,4785.211844885169,4785.211844885169,4830.300787500581,0.0,0.0,0.0,0.0,4640.0,4640.0,4820.300787500581,4820.300787500581,350.0,8229.36126816468,0.0,0,0,0,1
S5,continuous,D,465,182,4650.0,4650.0,4781.389697812024,4781.389697812024,4823.340674977587,0.0,0.0,0.0,0.0,4650.0,4650.0,4813.340674977587,4813.340674977587,350.0,5644.751175745303,0.0,0,0,0,1
S5,continuous,D,466,12,4660.0,4660.0,4727.264480500886,4727.264480500886,4766.550005689292,0.0,0.0,0.0,0.0,4660.0,4660.0,4756.550005689292,4756.550005689292,350.0,3611.6019194648757,0.0,0,0,0,1
S5,continuous,D,467,43,4670.0,4670.0,4779.224204549796,4779.224204549796,4805.520859577278,0.0,0.0,0.0,0.0,4670.0,4670.0,4795.520859577278,4795.520859577278,300.0,5707.459193000183,0.0,0,0,0,0
S5,continuous,D,468,42,4680.0,4680.0,4775.8040606817285,4775.8040606817285,4826.7192202660735,0.0,0.0,0.0,0.0,4680.0,4680.0,4816.7192202660735,4816.7192202660735,350.0,2999.119867986443,0.0,0,0,0,1
S5,continuous,D,469,234,4690.0,4690.0,4752.657577873723,4752.657577873723,4773.103507086454,0.0,0.0,0.0,0.0,4690.0,4690.0,4763.103507086454,4763.103507086454,300.0,3402.2632531670547,0.0,0,0,0,0
S5,continuous,D,470,167,4700.0,4700.0,4790.689417208202,4790.689417208202,4850.547904498702,0.0,0.0,0.0,0.0,4700.0,4700.0,4840.547904498702,4840.547904498702,350.0,4467.754615547572,0.0,0,0,0,1
S5,continuous,D,471,270,4710.0,4710.0,4782.679563442314,4782.679563442314,4841.950088346564,0.0,0.0,0.0,0.0,4710.0,4710.0,4831.950088346564,4831.950088346564,350.0,2315.9727588098276,0.0,0,0,0,1
S5,continuous,D,472,216,4720.0,4720.0,4795.143303306478,4795.143303306478,4831.43995833396,0.0,0.0,0.0,0.0,4720.0,4720.0,4821.43995833396,4821.43995833396,350.0,3511.759480445397,0.0,0,0,0,1
S5,continuous,D,473,294,4730.0,4730.0,4818.895398404626,4818.895398404626,4878.165923308876,0.0,0.0,0.0,0.0,4730.0,4730.0,4868.165923308876,4868.165923308876,350.0,3846.6928206485163,0.0,0,0,0,1
S5,continuous,D,474,107,4740.0,4800.0,4872.83506836798,4872.83506836798,4923.4572325916,60.0,0.0,0.0,0.0,4800.0,4800.0,4913.4572325916,4913.4572325916,300.0,3847.949744198429,0.0,0,0,0,0
S5,continuous,D,475,31,4750.0,4750.0,4825.962910352765,4825.962910352765,4879.870751934669,0.0,0.0,0.0,0.0,4750.0,4750.0,4869.870751934669,4869.870751934669,350.0,3629.682186604205,0.0,0,0,0,1
S5,continuous,D,476,188,4760.0,4760.0,4859.297800640005,4859.297800640005,4892.987511474184,0.0,0.0,0.0,0.0,4760.0,4760.0,4882.987511474184,4882.987511474184,350.0,3686.4934108354,0.0,0,0,0,1
S5,continuous,D,477,123,4770.0,4770.0,4878.8868745603995,4878.8868745603995,4920.8378517259625,0.0,0.0,0.0,0.0,4770.0,4770.0,4910.8378517259625,4910.8378517259625,350.0,6064.628160242886,0.0,0,0,0,1
S5,continuous,D,478,269,4780.0,4780.0,4907.146266255625,4907.146266255625,4958.06142583997,0.0,0.0,0.0,0.0,4780.0,4780.0,4948.06142583997,4948.06142583997,350.0,5901.562766299488,0.0,0,0,0,1
S5,continuous,D,479,3,4790.0,4790.0,4858.139693411352,4858.139693411352,4895.798683445789,0.0,0.0,0.0,0.0,4790.0,4790.0,4885.798683445789,4885.798683445789,350.0,2653.4090094879216,0.0,0,0,0,1
S5,continuous,D,480,58,4800.0,4800.0,4908.368143812332,4908.368143812332,4962.275985394236,0.0,0.0,0.0,0.0,4800.0,4800.0,4952.275985394236,4952.275985394236,350.0,3849.733515340193,0.0,0,0,0,1
S5,continuous,D,481,223,4810.0,4810.0,4913.618930666409,4913.618930666409,4937.842794198487,0.0,0.0,0.0,0.0,4810.0,4810.0,4927.842794198487,4927.842794198487,350.0,4951.0758225069085,0.0,0,0,0,1
S5,continuous,D,482,141,4820.0,4820.0,4921.923540892865,4921.923540892865,4967.833285948139,0.0,0.0,0.0,0.0,4820.0,4820.0,4957.833285948139,4957.833285948139,350.0,5760.425887289724,0.0,0,0,0,1
S5,continuous,D,483,86,4830.0,4830.0,4941.720237116427,4941.720237116427,4959.057389654851,0.0,0.0,0.0,0.0,4830.0,4830.0,4949.057389654851,4949.057389654851,350.0,5584.6308795796,0.0,0,0,0,1
S5,continuous,D,484,11,4840.0,4840.0,4923.72992372812,4923.72992372812,4961.388913762557,0.0,0.0,0.0,0.0,4840.0,4840.0,4951.388913762557,4951.388913762557,350.0,4412.565141903493,0.0,0,0,0,1
S5,continuous,D,485,279,4850.0,4850.0,4898.713765939985,4898.713765939985,4934.535670186456,0.0,0.0,0.0,0.0,4850.0,4850.0,4924.535670186456,4924.535670186456,300.0,2462.0649299726156,0.835138695243586,1,0,1,0
S5,continuous,D,486,256,4860.0,4860.0,4873.54878939821,4873.54878939821,4909.370693644681,0.0,0.0,0.0,0.0,4860.0,4860.0,4899.370693644681,4899.370693644681,300.0,435.0032502686661,0.0,0,0,0,0
S5,continuous,D,487,248,4870.0,4870.0,4917.470749921689,4917.470749921689,4956.000799070573,0.0,0.0,0.0,0.0,4870.0,4870.0,4946.000799070573,4946.000799070573,350.0,2537.268323371372,0.0,0,0,0,1
S5,continuous,D,488,6,4880.0,4880.0,4920.694611943886,4920.694611943886,4969.760449382543,0.0,0.0,0.0,0.0,4880.0,4880.0,4959.760449382543,4959.760449382543,300.0,1895.6926349951725,0.0,0,0,0,0
S5,continuous,D,489,225,4890.0,4890.0,5016.893888543564,5016.893888543564,5048.516656503688,0.0,0.0,0.0,0.0,4890.0,4890.0,5038.516656503688,5038.516656503688,350.0,6069.243780524726,0.0,0,0,0,1
S5,continuous,D,490,99,4900.0,4960.0,4978.7401929012085,4978.7401929012085,5019.6553524855535,60.0,0.0,0.0,0.0,4960.0,4960.0,5009.6553524855535,5009.6553524855535,300.0,576.7837401907991,0.0,0,0,0,0
S5,continuous,D,491,220,4910.0,5030.0,5106.374125478762,5106.374125478762,5128.391283156763,120.0,0.0,0.0,0.0,5030.0,5030.0,5118.391283156763,5118.391283156763,350.0,2370.5932085656214,0.0,0,0,0,1
S5,continuous,D,492,85,4920.0,4920.0,5026.704455868219,5026.704455868219,5048.72161354622,0.0,0.0,0.0,0.0,4920.0,4920.0,5038.72161354622,5038.72161354622,350.0,3568.7004771758498,0.0,0,0,0,1
S5,continuous,D,493,206,4930.0,4990.0,5122.7544678960485,5122.7544678960485,5182.120266444067,60.0,0.0,0.0,0.0,4990.0,4990.0,5172.120266444067,5172.120266444067,350.0,6007.358678108736,0.0,0,0,0,1
S5,continuous,D,494,256,4940.0,4940.0,4988.239514979346,4988.239514979346,5001.011164108182,0.0,0.0,0.0,0.0,4940.0,4940.0,4991.011164108182,4991.011164108182,300.0,1348.029948753783,0.0,0,0,0,0
S5,continuous,D,495,169,4950.0,5010.0,5063.300397266952,5063.300397266952,5086.990108101131,60.0,0.0,0.0,0.0,5010.0,5010.0,5076.990108101131,5076.990108101131,300.0,1912.455341119878,0.0,0,0,0,0
S5,continuous,D,496,127,4960.0,5020.0,5099.1545562270185,5099.1545562270185,5132.851402814815,60.0,0.0,0.0,0.0,5020.0,5020.0,5122.851402814815,5122.851402814815,350.0,4376.330241537394,0.0,0,0,0,1
S5,continuous,D,497,10,4970.0,5030.0,5122.8233411595065,5122.8233411595065,5139.181234964325,60.0,0.0,0.0,0.0,5030.0,5030.0,5129.181234964325,5129.181234964325,350.0,3893.992515476708,0.0,0,0,0,1
S5,continuous,D,498,116,4980.0,5040.0,5147.33717358605,5147.33717358605,5183.633828613532,60.0,0.0,0.0,0.0,5040.0,5040.0,5173.633828613532,5173.633828613532,350.0,4511.610752341748,0.0,0,0,0,1
S5,continuous,D,499,60,4990.0,4990.0,5053.452330552963,5053.452330552963,5112.818129100981,0.0,0.0,0.0,0.0,4990.0,4990.0,5102.818129100981,5102.818129100981,350.0,1697.5535809403452,0.0,0,0,0,1
S5,continuous,D,500,178,5000.0,5000.0,5094.869800698076,5094.869800698076,5115.367512549606,0.0,0.0,0.0,0.0,5000.0,5000.0,5105.367512549606,5105.367512549606,350.0,5069.417215652615,0.0,0,0,0,1
S5,continuous,D,501,8,5010.0,5010.0,5125.633915841721,5125.633915841721,5171.543660896995,0.0,0.0,0.0,0.0,5010.0,5010.0,5161.543660896995,5161.543660896995,350.0,6261.603344134192,0.0,0,0,0,1
S5,continuous,D,502,290,5020.0,5020.0,5053.105716402657,5053.105716402657,5067.329579934735,0.0,0.0,0.0,0.0,5020.0,5020.0,5057.329579934735,5057.329579934735,300.0,1886.0969598737322,0.0,0,0,0,0
S5,continuous,D,503,69,5030.0,5030.0,5101.876844046723,5101.876844046723,5160.751119412643,0.0,0.0,0.0,0.0,5030.0,5030.0,5150.751119412643,5150.751119412643,350.0,3406.883631487243,0.0,0,0,0,1
S5,continuous,D,504,177,5040.0,5040.0,5133.743263936394,5133.743263936394,5157.967127468472,0.0,0.0,0.0,0.0,5040.0,5040.0,5147.967127468472,5147.967127468472,350.0,4366.469483513986,0.0,0,0,0,1
S5,continuous,D,505,32,5050.0,5050.0,5153.011303378869,5153.011303378869,5173.4572325916,0.0,0.0,0.0,0.0,5050.0,5050.0,5163.4572325916,5163.4572325916,300.0,3847.949744198429,0.0,0,0,0,0
S5,continuous,D,506,133,5060.0,5060.0,5167.283974486437,5167.283974486437,5226.158249852357,0.0,0.0,0.0,0.0,5060.0,5060.0,5216.158249852357,5216.158249852357,350.0,3791.6206401633035,0.0,0,0,0,1
S5,continuous,D,507,61,5070.0,5070.0,5152.682801378135,5152.682801378135,5178.325433603953,0.0,0.0,0.0,0.0,5070.0,5070.0,5168.325433603953,5168.325433603953,350.0,2500.6317453034717,0.0,0,0,0,1
S5,continuous,D,508,186,5080.0,5080.0,5108.636772576547,5108.636772576547,5121.408421705383,0.0,0.0,0.0,0.0,5080.0,5080.0,5111.408421705383,5111.408421705383,300.0,1095.83816626912,0.0,0,0,0,0
S5,continuous,D,509,189,5090.0,5090.0,5167.243328153831,5167.243328153831,5191.467191685909,0.0,0.0,0.0,0.0,5090.0,5090.0,5181.467191685909,5181.467191685909,350.0,4211.516528305903,0.0,0,0,0,1
S5,continuous,D,510,277,5100.0,5100.0,5219.432833395683,5219.432833395683,5273.340674977587,0.0,0.0,0.0,0.0,5100.0,5100.0,5263.340674977587,5263.340674977587,350.0,5644.751175745303,0.0,0,0,0,1
S5,continuous,D,511,42,5110.0,5110.0,5191.513976789374,5191.513976789374,5223.464953954937,0.0,0.0,0.0,0.0,5110.0,5110.0,5213.464953954937,5213.464953954937,300.0,4133.154503678405,0.0,0,0,0,0
S5,continuous,D,512,37,5120.0,5120.0,5192.387652237714,5192.387652237714,5219.425514705557,0.0,0.0,0.0,0.0,5120.0,5120.0,5209.425514705557,5209.425514705557,350.0,3379.737140928075,0.0,0,0,0,1
S5,continuous,D,513,5,5130.0,5130.0,5157.066355852955,5157.066355852955,5185.596405001838,0.0,0.0,0.0,0.0,5130.0,5130.0,5175.596405001838,5175.596405001838,300.0,1206.0159124646534,0.0,0,0,0,0
S5,continuous,D,514,286,5140.0,5140.0,5175.057326347676,5175.057326347676,5204.342851536083,0.0,0.0,0.0,0.0,5140.0,5140.0,5194.342851536083,5194.342851536083,300.0,1396.1983376307758,0.0,0,0,0,0
S5,continuous,D,515,1,5150.0,5150.0,5253.706506894853,5253.706506894853,5295.657484060416,0.0,0.0,0.0,0.0,5150.0,5150.0,5285.657484060416,5285.657484060416,350.0,5446.648908227778,0.0,0,0,0,1
S5,continuous,D,516,179,5160.0,5160.0,5244.799154422146,5244.799154422146,5283.329203571029,0.0,0.0,0.0,0.0,5160.0,5160.0,5273.329203571029,5273.329203571029,350.0,3968.4282391024303,0.0,0,0,0,1
S5,continuous,D,517,78,5170.0,5170.0,5215.709427003412,5215.709427003412,5257.035848011738,0.0,0.0,0.0,0.0,5170.0,5170.0,5247.035848011738,5247.035848011738,350.0,931.6228531454854,0.0,0,0,0,1
S5,continuous,D,518,38,5180.0,5180.0,5327.818028150501,5327.818028150501,5354.855890618344,0.0,0.0,0.0,0.0,5180.0,5180.0,5344.855890618344,5344.855890618344,350.0,6345.375908981124,0.0,0,0,0,1
S5,continuous,D,519,55,5190.0,5190.0,5280.562178169536,5280.562178169536,5291.059890021066,0.0,0.0,0.0,0.0,5190.0,5190.0,5281.059890021066,5281.059890021066,300.0,3926.1489759429905,0.0,0,0,0,0
S5,continuous,D,520,210,5200.0,5200.0,5311.662795701964,5311.662795701964,5370.5370710678835,0.0,0.0,0.0,0.0,5200.0,5200.0,5360.5370710678835,5360.5370710678835,350.0,4096.164448243327,0.0,0,0,0,1
S5,continuous,D,521,26,5210.0,5270.0,5384.810075065598,5384.810075065598,5423.340124214481,60.0,0.0,0.0,0.0,5270.0,5270.0,5413.340124214481,5413.340124214481,350.0,4204.261941400438,0.0,0,0,0,1
S5,continuous,D,522,68,5220.0,5220.0,5296.935467771296,5296.935467771296,5342.818129100981,0.0,0.0,0.0,0.0,5220.0,5220.0,5332.818129100981,5332.818129100981,350.0,1697.5535809403452,0.0,0,0,0,1
S5,continuous,D,523,33,5230.0,5230.0,5368.120650971886,5368.120650971886,5420.137808649887,0.0,0.0,0.0,0.0,5230.0,5230.0,5410.137808649887,5410.137808649887,500.0,4293.81228896497,0.0,0,0,0,1
S5,continuous,D,524,262,5240.0,5240.0,5399.1189692748985,5399.1189692748985,5426.156831742742,0.0,0.0,0.0,0.0,5240.0,5240.0,5416.156831742742,5416.156831742742,350.0,7082.229686871316,0.0,0,0,0,1
S5,continuous,D,525,36,5250.0,5310.0,5412.23749174835,5412.23749174835,5439.870751934669,60.0,0.0,0.0,0.0,5310.0,5310.0,5429.870751934669,5429.870751934669,350.0,3629.682186604205,0.0,0,0,0,1
S5,continuous,D,526,75,5260.0,5260.0,5374.401359115743,5374.401359115743,5406.024127075867,0.0,0.0,0.0,0.0,5260.0,5260.0,5396.024127075867,5396.024127075867,350.0,5362.263727565034,0.0,0,0,0,1
S5,continuous,D,527,241,5270.0,5270.0,5386.73860188746,5386.73860188746,5436.024127075867,0.0,0.0,0.0,0.0,5270.0,5270.0,5426.024127075867,5426.024127075867,400.0,5462.263727565034,0.0,0,0,0,1
S5,continuous,D,528,31,5280.0,5340.0,5412.528924812967,5412.528924812967,5429.760449382543,60.0,0.0,0.0,0.0,5340.0,5340.0,5419.760449382543,5419.760449382543,300.0,1895.6926349951725,0.0,0,0,0,0
S5,continuous,D,529,104,5290.0,5350.0,5482.770607542967,5482.770607542967,5540.6652466936175,60.0,0.0,0.0,0.0,5350.0,5350.0,5530.6652466936175,5530.6652466936175,350.0,6553.870106741297,0.0,0,0,0,1
S5,continuous,D,530,113,5300.0,5300.0,5388.698864352128,5388.698864352128,5438.9984619629795,0.0,0.0,0.0,0.0,5300.0,5300.0,5428.9984619629795,5428.9984619629795,350.0,4807.030888052749,0.0,0,0,0,1
S5,continuous,D,531,160,5310.0,5310.0,5382.992155648946,5382.992155648946,5442.057993087603,0.0,0.0,0.0,0.0,5310.0,5310.0,5432.057993087603,5432.057993087603,350.0,4102.314897513203,0.0,0,0,0,1
S5,continuous,D,532,186,5320.0,5320.0,5385.1231312708305,5385.1231312708305,5397.894780399667,0.0,0.0,0.0,0.0,5320.0,5320.0,5387.894780399667,5387.894780399667,300.0,4201.968413213904,0.0,0,0,0,0
S5,continuous,D,533,189,5330.0,5330.0,5428.951073194906,5428.951073194906,5466.5843333812245,0.0,0.0,0.0,0.0,5330.0,5330.0,5456.5843333812245,5456.5843333812245,400.0,3929.944120563894,0.0,0,0,0,1
S5,continuous,D,534,39,5340.0,5400.0,5451.378126724486,5451.378126724486,5485.074973312282,60.0,0.0,0.0,0.0,5400.0,5400.0,5475.074973312282,5475.074973312282,350.0,1643.6219903637023,0.0,0,0,0,1
S5,continuous,D,535,264,5350.0,5350.0,5376.59696180748,5376.59696180748,5425.86748671173,0.0,0.0,0.0,0.0,5350.0,5350.0,5415.86748671173,5415.86748671173,300.0,1627.4132937227146,0.0,0,0,0,0
S5,continuous,D,536,119,5360.0,5360.0,5403.162975272085,5403.162975272085,5438.984879518555,0.0,0.0,0.0,0.0,5360.0,5360.0,5428.984879518555,5428.984879518555,300.0,533.539698336716,0.0,0,0,0,0
S5,continuous,D,537,69,5370.0,5370.0,5464.350181729491,5464.350181729491,5478.596353447114,0.0,0.0,0.0,0.0,5370.0,5370.0,5468.596353447114,5468.596353447114,350.0,4283.270767640048,0.0,0,0,0,1
S5,continuous,D,538,12,5380.0,5380.0,5485.654364701024,5485.654364701024,5521.951019728506,0.0,0.0,0.0,0.0,5380.0,5380.0,5511.951019728506,5511.951019728506,350.0,5147.575420431299,0.0,0,0,0,1
S5,continuous,D,539,263,5390.0,5390.0,5470.778819577351,5470.778819577351,5504.46853041153,0.0,0.0,0.0,0.0,5390.0,5390.0,5494.46853041153,5494.46853041153,350.0,3005.2405638141577,0.0,0,0,0,1
S5,continuous,D,540,150,5400.0,5400.0,5471.542945213832,5471.542945213832,5530.908743761851,0.0,0.0,0.0,0.0,5400.0,5400.0,5520.908743761851,5520.908743761851,350.0,4057.6218890317655,0.0,0,0,0,1
S5,continuous,D,541,37,5410.0,5470.0,5525.143902182202,5525.143902182202,5547.161059860203,60.0,0.0,0.0,0.0,5470.0,5470.0,5537.161059860203,5537.161059860203,350.0,1836.275242995794,0.0,0,0,0,1
S5,continuous,D,542,49,5420.0,5420.0,5503.699582628065,5503.699582628065,5525.716740306067,0.0,0.0,0.0,0.0,5420.0,5420.0,5515.716740306067,5515.716740306067,350.0,3451.764236899651,0.0,0,0,0,1
S5,continuous,D,543,133,5430.0,5490.0,5588.213942516908,5588.213942516908,5610.9855916457445,60.0,0.0,0.0,0.0,5490.0,5490.0,5600.9855916457445,5600.9855916457445,350.0,3019.061104720881,0.0,0,0,0,1
S5,continuous,D,544,254,5440.0,5560.0,5626.38268305948,5626.38268305948,5652.025315285297,120.0,0.0,0.0,0.0,5560.0,5560.0,5642.025315285297,5642.025315285297,350.0,2476.193196986728,0.0,0,0,0,1
S5,continuous,D,545,238,5450.0,5510.0,5622.935199119577,5622.935199119577,5636.234095073399,60.0,0.0,0.0,0.0,5510.0,5510.0,5626.234095073399,5626.234095073399,350.0,4769.823659208544,0.0,0,0,0,1
S5,continuous,D,546,17,5460.0,5460.0,5550.666453807926,5550.666453807926,5568.2997139942445,0.0,0.0,0.0,0.0,5460.0,5460.0,5558.2997139942445,5558.2997139942445,300.0,4799.192530585672,0.0,0,0,0,0
S5,continuous,D,547,220,5470.0,5470.0,5523.025188695569,5523.025188695569,5562.310713883976,0.0,0.0,0.0,0.0,5470.0,5470.0,5552.310713883976,5552.310713883976,350.0,2672.282206036798,0.0,0,0,0,1
S5,continuous,D,548,236,5480.0,5540.0,5597.732204195164,5597.732204195164,5639.05862520349,60.0,0.0,0.0,0.0,5540.0,5540.0,5629.05862520349,5629.05862520349,350.0,3176.931795465833,0.0,0,0,0,1
S5,continuous,D,549,44,5490.0,5490.0,5550.887365452776,5550.887365452776,5582.838342618339,0.0,0.0,0.0,0.0,5490.0,5490.0,5572.838342618339,5572.838342618339,300.0,1097.2124555563378,0.0,0,0,0,0
S5,continuous,D,550,157,5500.0,5500.0,5616.981304284978,5616.981304284978,5638.9984619629795,0.0,0.0,0.0,0.0,5500.0,5500.0,5628.9984619629795,5628.9984619629795,350.0,4807.030888052749,0.0,0,0,0,1
S5,continuous,D,551,11,5510.0,5510.0,5597.047198642922,5597.047198642922,5620.744045230718,0.0,0.0,0.0,0.0,5510.0,5510.0,5610.744045230718,5610.744045230718,300.0,2895.9041670832594,0.0,0,0,0,0
S5,continuous,D,552,217,5520.0,5520.0,5605.041511034931,5605.041511034931,5654.107348473588,0.0,0.0,0.0,0.0,5520.0,5520.0,5644.107348473588,5644.107348473588,300.0,4209.125537398434,0.0,0,0,0,0
S5,continuous,D,553,120,5530.0,5530.0,5581.438442980885,5581.438442980885,5593.455600658886,0.0,0.0,0.0,0.0,5530.0,5530.0,5583.455600658886,5583.455600658886,300.0,1276.5512051184273,0.0,0,0,0,0
S5,continuous,D,554,119,5540.0,5540.0,5646.807975896692,5646.807975896692,5663.983511025501,0.0,0.0,0.0,0.0,5540.0,5540.0,5653.983511025501,5653.983511025501,350.0,4375.308457014989,0.0,0,0,0,1
S5,continuous,D,555,16,5550.0,5610.0,5673.799883607027,5673.799883607027,5680.157777411846,60.0,0.0,0.0,0.0,5610.0,5610.0,5673.799883607027,5673.799883607027,300.0,2479.1743228741543,0.0,0,0,0,0
S5,continuous,D,556,7,5560.0,5560.0,5642.995170995612,5642.995170995612,5688.084113611024,0.0,0.0,0.0,0.0,5560.0,5560.0,5678.084113611024,5678.084113611024,350.0,4079.178764327307,0.0,0,0,0,1
S5,continuous,D,557,130,5570.0,5570.0,5663.022823509654,5663.022823509654,5700.681813544091,0.0,0.0,0.0,0.0,5570.0,5570.0,5690.681813544091,5690.681813544091,350.0,3250.0483431145058,0.0,0,0,0,1
S5,continuous,D,558,1,5580.0,5580.0,5657.538446760047,5657.538446760047,5695.171706946366,0.0,0.0,0.0,0.0,5580.0,5580.0,5685.171706946366,5685.171706946366,400.0,3073.3945660843783,0.0,0,0,0,1
S5,continuous,D,559,36,5590.0,5650.0,5782.758135732501,5782.758135732501,5809.950672552884,60.0,0.0,0.0,0.0,5650.0,5650.0,5799.950672552884,5799.950672552884,350.0,6160.820971069595,0.0,0,0,0,1
S5,continuous,D,560,154,5600.0,5600.0,5655.911118742122,5655.911118742122,5716.826278326467,0.0,0.0,0.0,0.0,5600.0,5600.0,5706.826278326467,5706.826278326467,400.0,2406.5802627660573,0.0,0,0,0,1
S5,continuous,D,561,257,5610.0,5610.0,5741.389697812024,5741.389697812024,5783.340674977587,0.0,0.0,0.0,0.0,5610.0,5610.0,5773.340674977587,5773.340674977587,350.0,5644.751175745303,0.0,0,0,0,1
S5,continuous,D,562,271,5620.0,5620.0,5675.143902182202,5675.143902182202,5697.161059860203,0.0,0.0,0.0,0.0,5620.0,5620.0,5687.161059860203,5687.161059860203,350.0,1836.275242995794,0.0,0,0,0,1
S5,continuous,D,563,263,5630.0,5630.0,5720.999510378168,5720.999510378168,5759.529559527052,0.0,0.0,0.0,0.0,5630.0,5630.0,5749.529559527052,5749.529559527052,350.0,3428.1833258804454,0.0,0,0,0,1
S5,continuous,D,564,44,5640.0,5700.0,5813.17352959403,5813.17352959403,5830.510682132454,60.0,0.0,0.0,0.0,5700.0,5700.0,5820.510682132454,5820.510682132454,350.0,4800.486790552247,0.0,0,0,0,1
S5,continuous,D,565,280,5650.0,5650.0,5713.72702940327,5713.72702940327,5737.416740237449,0.0,0.0,0.0,0.0,5650.0,5650.0,5727.416740237449,5727.416740237449,300.0,1659.2669501714843,0.0,0,0,0,0
S5,continuous,D,566,233,5660.0,5660.0,5753.6480945845915,5753.6480945845915,5814.270258808211,0.0,0.0,0.0,0.0,5660.0,5660.0,5804.270258808211,5804.270258808211,350.0,4869.444022833896,0.0,0,0,0,1
S5,continuous,D,567,269,5670.0,5670.0,5787.988460478318,5787.988460478318,5833.07740309373,0.0,0.0,0.0,0.0,5670.0,5670.0,5823.07740309373,5823.07740309373,350.0,4521.172664008148,0.0,0,0,0,1
S5,continuous,D,568,64,5680.0,5680.0,5762.930731982366,5762.930731982366,5785.702381111202,0.0,0.0,0.0,0.0,5680.0,5680.0,5775.702381111202,5775.702381111202,350.0,4284.848987658505,0.0,0,0,0,1
S5,continuous,D,569,193,5690.0,5690.0,5783.350354871604,5783.350354871604,5805.367512549606,0.0,0.0,0.0,0.0,5690.0,5690.0,5795.367512549606,5795.367512549606,350.0,5069.417215652615,0.0,0,0,0,1
S5,continuous,D,570,107,5700.0,5700.0,5798.2785516983795,5798.2785516983795,5821.968262532559,0.0,0.0,0.0,0.0,5700.0,5700.0,5811.968262532559,5811.968262532559,300.0,3548.6518736062912,0.0,0,0,0,0
S5,continuous,D,571,242,5710.0,5710.0,5763.81595617323,5763.81595617323,5814.115553784081,0.0,0.0,0.0,0.0,5710.0,5710.0,5804.115553784081,5804.115553784081,350.0,2830.491614972434,0.0,0,0,0,1
S5,continuous,D,572,131,5720.0,5720.0,5861.462952204656,5861.462952204656,5922.085116428276,0.0,0.0,0.0,0.0,5720.0,5720.0,5912.085116428276,5912.085116428276,350.0,6163.804887138398,0.0,0,0,0,1
S5,continuous,D,573,39,5730.0,5730.0,5778.282651544034,5778.282651544034,5832.190493125938,0.0,0.0,0.0,0.0,5730.0,5730.0,5822.190493125938,5822.190493125938,350.0,1811.5095402548518,0.0,0,0,0,1
S5,continuous,D,574,17,5740.0,5740.0,5835.969317178776,5835.969317178776,5899.87715876068,0.0,0.0,0.0,0.0,5740.0,5740.0,5889.87715876068,5889.87715876068,400.0,4836.80145565024,0.0,0,0,0,1
S5,continuous,D,575,166,5750.0,5750.0,5848.429930974672,5848.429930974672,5898.875860187402,0.0,0.0,0.0,0.0,5750.0,5750.0,5888.875860187402,5888.875860187402,450.0,2800.4069164247503,0.0,0,0,0,1
S5,continuous,D,576,254,5760.0,5760.0,5908.7142695280545,5908.7142695280545,5950.6652466936175,0.0,0.0,0.0,0.0,5760.0,5760.0,5940.6652466936175,5940.6652466936175,350.0,6553.870106741297,0.0,0,0,0,1
S5,continuous,D,577,31,5770.0,5770.0,5861.536654188548,5861.536654188548,5878.873806726972,0.0,0.0,0.0,0.0,5770.0,5770.0,5868.873806726972,5868.873806726972,350.0,5129.97137565213,0.0,0,0,0,1
S5,continuous,D,578,164,5780.0,5780.0,5903.991982850874,5903.991982850874,5937.68882943867,0.0,0.0,0.0,0.0,5780.0,5780.0,5927.68882943867,5927.68882943867,350.0,6767.281570813572,0.0,0,0,0,1
S5,continuous,D,579,236,5790.0,5790.0,5898.812719045538,5898.812719045538,5924.4553512713555,0.0,0.0,0.0,0.0,5790.0,5790.0,5914.4553512713555,5914.4553512713555,350.0,4795.417505621899,0.0,0,0,0,1
S5,continuous,D,580,16,5800.0,5800.0,5931.86839235012,5931.86839235012,5954.640041478957,0.0,0.0,0.0,0.0,5800.0,5800.0,5944.640041478957,5944.640041478957,350.0,5244.193491857714,0.0,0,0,0,1
S5,continuous,D,581,104,5810.0,5810.0,5891.476480948555,5891.476480948555,5940.574026030579,0.0,0.0,0.0,0.0,5810.0,5810.0,5930.574026030579,5930.574026030579,300.0,2602.646405732946,0.0,0,0,0,0
S5,continuous,D,582,158,5820.0,5820.0,5878.542961114529,5878.542961114529,5896.176221300848,0.0,0.0,0.0,0.0,5820.0,5820.0,5886.176221300848,5886.176221300848,300.0,1782.0129467011975,0.0,0,0,0,0
S5,continuous,D,583,57,5830.0,5890.0,6001.950316030541,6001.950316030541,6019.12585115935,60.0,0.0,0.0,0.0,5890.0,5890.0,6009.12585115935,6009.12585115935,350.0,4723.54798248111,0.0,0,0,0,1
S5,continuous,D,584,124,5840.0,5840.0,5946.016067895745,5946.016067895745,5976.461997108476,0.0,0.0,0.0,0.0,5840.0,5840.0,5966.461997108476,5966.461997108476,350.0,4897.66312032308,0.0,0,0,0,1
S5,continuous,D,585,207,5850.0,5850.0,5940.254980637871,5940.254980637871,5999.525505542121,0.0,0.0,0.0,0.0,5850.0,5850.0,5989.525505542121,5989.525505542121,350.0,4075.0576070179236,0.0,0,0,0,1
S5,continuous,D,586,99,5860.0,5920.0,6023.96641105238,6023.96641105238,6122.8406864183,60.0,0.0,0.0,0.0,5920.0,5920.0,6112.8406864183,6112.8406864183,550.0,1314.4501669300807,0.0,0,0,0,1
S5,continuous,D,587,262,5870.0,5870.0,5943.142109403204,5943.142109403204,5984.46853041153,0.0,0.0,0.0,0.0,5870.0,5870.0,5974.46853041153,5974.46853041153,350.0,3005.2405638141577,0.0,0,0,0,1
S5,continuous,D,588,259,5880.0,5880.0,5954.007611616747,5954.007611616747,6007.915453198651,0.0,0.0,0.0,0.0,5880.0,5880.0,5997.915453198651,5997.915453198651,350.0,3524.1026339021273,0.0,0,0,0,1
S5,continuous,D,589,147,5890.0,5890.0,5970.507231819675,5970.507231819675,6009.037280968559,0.0,0.0,0.0,0.0,5890.0,5890.0,5999.037280968559,5999.037280968559,350.0,1898.9081232616336,0.0,0,0,0,1
S5,continuous,D,590,39,5900.0,5900.0,5943.508898655545,5943.508898655545,5987.416740237449,0.0,0.0,0.0,0.0,5900.0,5900.0,5977.416740237449,5977.416740237449,300.0,1659.2669501714843,0.0,0,0,0,0
S5,continuous,D,591,107,5910.0,5910.0,6006.09751147613,6006.09751147613,6047.423932484457,0.0,0.0,0.0,0.0,5910.0,5910.0,6037.423932484457,6037.423932484457,350.0,2921.859487202801,0.0,0,0,0,1
S5,continuous,D,592,25,5920.0,5920.0,6033.314642285509,6033.314642285509,6060.546166855085,0.0,0.0,0.0,0.0,5920.0,5920.0,6050.546166855085,6050.546166855085,350.0,4029.5761980873426,0.0,0,0,0,1
S5,continuous,D,593,144,5930.0,5930.0,6061.94642002603,6061.94642002603,6094.7180691548665,0.0,0.0,0.0,0.0,5930.0,5930.0,6084.7180691548665,6084.7180691548665,400.0,5512.518635637647,0.0,0,0,0,1
S5,continuous,D,594,179,5940.0,5940.0,5968.596091080742,5968.596091080742,5989.042020293472,0.0,0.0,0.0,0.0,5940.0,5940.0,5979.042020293472,5979.042020293472,300.0,1616.5656001492798,0.0,0,0,0,0
S5,continuous,D,595,55,5950.0,5950.0,5994.381427935339,5994.381427935339,6022.040417969776,0.0,0.0,0.0,0.0,5950.0,5950.0,6012.040417969776,6012.040417969776,300.0,2132.4278252693866,0.0,0,0,0,0
S5,continuous,D,596,11,5960.0,5960.0,6054.375460140779,6054.375460140779,6096.326437306342,0.0,0.0,0.0,0.0,5960.0,5960.0,6086.326437306342,6086.326437306342,350.0,4822.1748800892055,0.0,0,0,0,1
S5,continuous,D,597,240,5970.0,5970.0,6011.214001972758,6011.214001972758,6024.512897926579,0.0,0.0,0.0,0.0,5970.0,5970.0,6014.512897926579,6014.512897926579,350.0,1456.369887809541,0.0,0,0,0,1
S5,continuous,D,598,185,5980.0,5980.0,6031.566274932206,6031.566274932206,6048.758811752589,0.0,0.0,0.0,0.0,5980.0,5980.0,6038.758811752589,6038.758811752589,300.0,2062.8488448079615,0.0,0,0,0,0
S5,continuous,D,599,247,5990.0,5990.0,6080.667920794483,6080.667920794483,6125.756863409894,0.0,0.0,0.0,0.0,5990.0,5990.0,6115.756863409894,6115.756863409894,350.0,4192.000559795135,0.0,0,0,0,1
S5,continuous,D,600,104,6000.0,6000.0,6086.454188991041,6086.454188991041,6103.629724119849,0.0,0.0,0.0,0.0,6000.0,6000.0,6093.629724119849,6093.629724119849,350.0,4585.464710869059,0.0,0,0,0,1
S5,continuous,D,601,288,6010.0,6010.0,6107.5331536554,6107.5331536554,6141.230000243197,0.0,0.0,0.0,0.0,6010.0,6010.0,6131.230000243197,6131.230000243197,350.0,3040.114162400609,0.0,0,0,0,1
S5,continuous,D,602,69,6020.0,6020.0,6087.538446760047,6087.538446760047,6115.171706946366,0.0,0.0,0.0,0.0,6020.0,6020.0,6105.171706946366,6105.171706946366,350.0,2973.3945660843783,0.0,0,0,0,1
S5,continuous,D,603,126,6030.0,6030.0,6121.726805037712,6121.726805037712,6181.585292328213,0.0,0.0,0.0,0.0,6030.0,6030.0,6171.585292328213,6171.585292328213,350.0,4747.07792011633,0.0,0,0,0,1
S5,continuous,D,604,78,6040.0,6040.0,6175.4516661475545,6175.4516661475545,6192.788818685979,0.0,0.0,0.0,0.0,6040.0,6040.0,6182.788818685979,6182.788818685979,350.0,5792.479941645037,0.0,0,0,0,1
S5,continuous,D,605,4,6050.0,6050.0,6159.663798038662,6159.663798038662,6197.322788073099,0.0,0.0,0.0,0.0,6050.0,6050.0,6187.322788073099,6187.322788073099,350.0,4669.784037419075,0.0,0,0,0,1
S5,continuous,D,606,228,6060.0,6060.0,6146.73398931055,6146.73398931055,6194.628628461201,0.0,0.0,0.0,0.0,6060.0,6060.0,6184.628628461201,6184.628628461201,300.0,2996.012507739447,0.0,0,0,0,0
S5,continuous,D,607,33,6070.0,6070.0,6082.178452247086,6082.178452247086,6105.875298834882,0.0,0.0,0.0,0.0,6070.0,6070.0,6095.875298834882,6095.875298834882,300.0,726.9491322590446,0.0,0,0,0,0
S5,continuous,D,608,115,6080.0,6080.0,6125.431488953475,6125.431488953475,6139.6553524855535,0.0,0.0,0.0,0.0,6080.0,6080.0,6129.6553524855535,6129.6553524855535,300.0,576.783740190799,0.0,0,0,0,0
S5,continuous,D,609,207,6090.0,6090.0,6212.79362538984,6212.79362538984,6237.017488921918,0.0,0.0,0.0,0.0,6090.0,6090.0,6227.017488921918,6227.017488921918,350.0,5477.930228319098,0.0,0,0,0,1
S5,continuous,D,610,284,6100.0,6100.0,6267.02200905208,6267.02200905208,6367.321606662931,0.0,0.0,0.0,0.0,6100.0,6100.0,6357.321606662931,6357.321606662931,600.0,5772.48046357587,0.0,0,0,0,1
S5,continuous,D,611,33,6110.0,6110.0,6219.094912736766,6219.094912736766,6246.326437306342,0.0,0.0,0.0,0.0,6110.0,6110.0,6236.326437306342,6236.326437306342,350.0,4822.1748800892055,0.0,0,0,0,1
S5,continuous,D,612,74,6120.0,6180.0,6309.2969539750775,6309.2969539750775,6336.334816442921,60.0,0.0,0.0,0.0,6180.0,6180.0,6326.334816442921,6326.334816442921,350.0,5974.501449394008,0.0,0,0,0,1
S5,continuous,D,613,248,6130.0,6130.0,6183.729661281553,6183.729661281553,6200.905196410361,0.0,0.0,0.0,0.0,6130.0,6130.0,6190.905196410361,6190.905196410361,350.0,1663.6543311748528,0.0,0,0,0,1
S5,continuous,D,614,148,6140.0,6140.0,6248.768675552701,6248.768675552701,6285.065330580183,0.0,0.0,0.0,0.0,6140.0,6140.0,6275.065330580183,6275.065330580183,350.0,4603.2975299869095,0.0,0,0,0,1
S5,continuous,D,615,186,6150.0,6150.0,6255.2230171669535,6255.2230171669535,6313.117656317604,0.0,0.0,0.0,0.0,6150.0,6150.0,6303.117656317604,6303.117656317604,350.0,5226.368800636075,0.0,0,0,0,1
S5,continuous,D,616,23,6160.0,6160.0,6205.911118742122,6205.911118742122,6256.826278326467,0.0,0.0,0.0,0.0,6160.0,6160.0,6246.826278326467,6246.826278326467,350.0,2306.5802627660573,0.0,0,0,0,1
S5,continuous,D,617,178,6170.0,6230.0,6286.397785743959,6286.397785743959,6302.040417969776,60.0,0.0,0.0,0.0,6230.0,6230.0,6292.040417969776,6292.040417969776,300.0,2132.4278252693866,0.0,0,0,0,0
S5,continuous,D,618,235,6180.0,6180.0,6294.550849957032,6294.550849957032,6310.908743761851,0.0,0.0,0.0,0.0,6180.0,6180.0,6300.908743761851,6300.908743761851,350.0,4057.6218890317655,0.0,0,0,0,1
S5,continuous,D,619,262,6190.0,6190.0,6252.5449804443515,6252.5449804443515,6301.91077899237,0.0,0.0,0.0,0.0,6190.0,6190.0,6291.91077899237,6291.91077899237,300.0,2202.0600772883145,0.0,0,0,0,0
S5,continuous,D,620,84,6200.0,6200.0,6299.969662900076,6299.969662900076,6340.269260510928,0.0,0.0,0.0,0.0,6200.0,6200.0,6330.269260510928,6330.269260510928,300.0,5404.836641811936,0.0,0,0,0,0
S5,continuous,D,621,190,6210.0,6270.0,6338.105039567874,6338.105039567874,6397.202584649898,60.0,0.0,0.0,0.0,6270.0,6270.0,6387.202584649898,6387.202584649898,350.0,2757.851490354303,0.0,0,0,0,1
S5,continuous,D,622,64,6220.0,6220.0,6300.8111778864695,6300.8111778864695,6344.508024474266,0.0,0.0,0.0,0.0,6220.0,6220.0,6334.508024474266,6334.508024474266,400.0,2402.252500160588,0.0,0,0,0,1
S5,continuous,D,623,295,6230.0,6230.0,6273.9056787756335,6273.9056787756335,6305.23209978396,0.0,0.0,0.0,0.0,6230.0,6230.0,6295.23209978396,6295.23209978396,300.0,1996.2929785942113,0.0,0,0,0,0
S5,continuous,D,624,185,6240.0,6240.0,6315.020773650992,6315.020773650992,6353.550822799875,0.0,0.0,0.0,0.0,6240.0,6240.0,6343.550822799875,6343.550822799875,350.0,3116.062949563085,0.0,0,0,0,1
S5,continuous,D,625,212,6250.0,6250.0,6291.407397427244,6291.407397427244,6320.692922615651,0.0,0.0,0.0,0.0,6250.0,6250.0,6310.692922615651,6310.692922615651,300.0,2645.0735318382167,0.0,0,0,0,0
S5,continuous,D,626,76,6260.0,6260.0,6388.066202597126,6388.066202597126,6410.8378517259625,0.0,0.0,0.0,0.0,6260.0,6260.0,6400.8378517259625,6400.8378517259625,350.0,6064.628160242886,0.0,0,0,0,1
S5,continuous,D,627,24,6270.0,6270.0,6390.531264739923,6390.531264739923,6404.777436457546,0.0,0.0,0.0,0.0,6270.0,6270.0,6394.777436457546,6394.777436457546,350.0,4415.375125002121,0.0,0,0,0,1
S5,continuous,D,628,129,6280.0,6280.0,6352.83506836798,6352.83506836798,6403.4572325916,0.0,0.0,0.0,0.0,6280.0,6280.0,6393.4572325916,6393.4572325916,300.0,3847.949744198429,0.0,0,0,0,0
S5,continuous,D,629,158,6290.0,6290.0,6325.489324349385,6325.489324349385,6374.5868694314095,0.0,0.0,0.0,0.0,6290.0,6290.0,6364.5868694314095,6364.5868694314095,300.0,852.0896511880273,0.0,0,0,0,0
S5,continuous,D,630,55,6300.0,6300.0,6432.758135732501,6432.758135732501,6459.950672552884,0.0,0.0,0.0,0.0,6300.0,6300.0,6449.950672552884,6449.950672552884,350.0,6160.820971069595,0.0,0,0,0,1
S5,continuous,D,631,202,6310.0,6310.0,6409.969662900076,6409.969662900076,6450.269260510928,0.0,0.0,0.0,0.0,6310.0,6310.0,6440.269260510928,6440.269260510928,300.0,5404.836641811936,0.0,0,0,0,0
S5,continuous,D,632,214,6320.0,6320.0,6421.590575642309,6421.590575642309,6448.628438110152,0.0,0.0,0.0,0.0,6320.0,6320.0,6438.628438110152,6438.628438110152,350.0,4830.362187052075,0.0,0,0,0,1
S5,continuous,D,633,108,6330.0,6330.0,6393.452330552963,6393.452330552963,6452.818129100981,0.0,0.0,0.0,0.0,6330.0,6330.0,6442.818129100981,6442.818129100981,350.0,1697.5535809403452,0.0,0,0,0,1
S5,continuous,D,634,133,6340.0,6340.0,6391.784158698647,6391.784158698647,6442.406322922267,0.0,0.0,0.0,0.0,6340.0,6340.0,6432.406322922267,6432.406322922267,300.0,1946.035036846782,0.0,0,0,0,0
S5,continuous,D,635,111,6350.0,6410.0,6578.866809764326,6578.866809764326,6653.9557523797375,60.0,0.0,0.0,0.0,6410.0,6410.0,6643.9557523797375,6643.9557523797375,500.0,6122.341120237627,0.0,0,0,0,1
S5,continuous,D,636,4,6360.0,6360.0,6430.391404699521,6430.391404699521,6437.56693982833,0.0,0.0,0.0,0.0,6360.0,6360.0,6430.391404699521,6430.391404699521,300.0,1714.724341380415,0.0,0,0,0,0
S5,continuous,D,637,21,6370.0,6370.0,6484.45751965546,6484.45751965546,6507.229168784296,0.0,0.0,0.0,0.0,6370.0,6370.0,6497.229168784296,6497.229168784296,350.0,4914.928774010887,0.0,0,0,0,1
S5,continuous,D,638,155,6380.0,6380.0,6453.367673067553,6453.367673067553,6484.990441027678,0.0,0.0,0.0,0.0,6380.0,6380.0,6474.990441027678,6474.990441027678,350.0,2673.2723467897295,0.0,0,0,0,1
S5,continuous,D,639,285,6390.0,6390.0,6475.969317178776,6475.969317178776,6529.87715876068,0.0,0.0,0.0,0.0,6390.0,6390.0,6519.87715876068,6519.87715876068,350.0,4736.80145565024,0.0,0,0,0,1
S5,continuous,D,640,286,6400.0,6400.0,6459.285686729206,6459.285686729206,6476.461221858014,0.0,0.0,0.0,0.0,6400.0,6400.0,6466.461221858014,6466.461221858014,350.0,2456.961136998983,0.0,0,0,0,1
S5,continuous,D,641,179,6410.0,6410.0,6557.067272741934,6557.067272741934,6589.567825659329,0.0,0.0,0.0,0.0,6410.0,6410.0,6579.567825659329,6579.567825659329,350.0,7186.5028194321985,0.0,0,0,0,1
S5,continuous,D,642,294,6420.0,6420.0,6491.982877706682,6491.982877706682,6496.229049424305,0.0,0.0,0.0,0.0,6420.0,6420.0,6491.982877706682,6491.982877706682,300.0,1794.3627303164258,0.0,0,0,0,0
S5,continuous,D,643,61,6430.0,6550.0,6606.142034470403,6606.142034470403,6633.373559039979,120.0,0.0,0.0,0.0,6550.0,6550.0,6623.373559039979,6623.373559039979,350.0,2819.8019212648746,0.0,0,0,0,1
S5,continuous,D,644,50,6440.0,6440.0,6562.338520311904,6562.338520311904,6586.562383843982,0.0,0.0,0.0,0.0,6440.0,6440.0,6576.562383843982,6576.562383843982,350.0,5445.91972671213,0.0,0,0,0,1
S5,continuous,D,645,120,6450.0,6450.0,6501.784158698647,6501.784158698647,6552.406322922267,0.0,0.0,0.0,0.0,6450.0,6450.0,6542.406322922267,6542.406322922267,300.0,1946.035036846782,0.0,0,0,0,0
S5,continuous,D,646,89,6460.0,6520.0,6590.894969358521,6590.894969358521,6594.1938653123425,60.0,0.0,0.0,0.0,6520.0,6520.0,6590.894969358521,6590.894969358521,300.0,1698.601526542698,0.0,0,0,0,0
S5,continuous,D,647,65,6470.0,6470.0,6554.726983117264,6554.726983117264,6591.023638144747,0.0,0.0,0.0,0.0,6470.0,6470.0,6581.023638144747,6581.023638144747,350.0,4565.9232521107,0.0,0,0,0,1
S5,continuous,D,648,229,6480.0,6480.0,6573.505738062102,6573.505738062102,6607.202584649898,0.0,0.0,0.0,0.0,6480.0,6480.0,6597.202584649898,6597.202584649898,350.0,2757.851490354303,0.0,0,0,0,1
S5,continuous,D,649,103,6490.0,6490.0,6569.209832529706,6569.209832529706,6628.30737761173,0.0,0.0,0.0,0.0,6490.0,6490.0,6618.30737761173,6618.30737761173,350.0,3698.644259272144,0.0,0,0,0,1
S5,continuous,D,650,70,6500.0,6500.0,6632.438251802454,6632.438251802454,6670.968300951337,0.0,0.0,0.0,0.0,6500.0,6500.0,6660.968300951337,6660.968300951337,350.0,6241.382237957618,0.0,0,0,0,1
S5,continuous,D,651,136,6510.0,6630.0,6738.015958377431,6738.015958377431,6779.966935542994,120.0,0.0,0.0,0.0,6630.0,6630.0,6769.966935542994,6769.966935542994,350.0,5406.618014417186,0.0,0,0,0,1
S5,continuous,D,652,264,6520.0,6580.0,6677.783396180615,6677.783396180615,6738.405560404234,60.0,0.0,0.0,0.0,6580.0,6580.0,6728.405560404234,6728.405560404234,350.0,4817.80313658636,0.0,0,0,0,1
S5,continuous,D,653,42,6530.0,6530.0,6625.578148662258,6625.578148662258,6684.848673566508,0.0,0.0,0.0,0.0,6530.0,6530.0,6674.848673566508,6674.848673566508,350.0,2976.955819090915,0.0,0,0,0,1
S5,continuous,D,654,225,6540.0,6540.0,6640.507231819675,6640.507231819675,6699.037280968559,0.0,0.0,0.0,0.0,6540.0,6540.0,6689.037280968559,6689.037280968559,450.0,2098.9081232616336,0.0,0,0,0,1
S5,continuous,D,655,97,6550.0,6550.0,6589.656112993282,6589.656112993282,6648.926637897532,0.0,0.0,0.0,0.0,6550.0,6550.0,6638.926637897532,6638.926637897532,350.0,2061.5795681532495,0.0,0,0,0,1
S5,continuous,D,656,159,6560.0,6560.0,6617.479185410328,6617.479185410328,6624.816337948752,0.0,0.0,0.0,0.0,6560.0,6560.0,6617.479185410328,6617.479185410328,300.0,2904.002469455244,0.0,0,0,0,0
S5,continuous,D,657,224,6570.0,6570.0,6637.513257191473,6637.513257191473,6671.202968025652,0.0,0.0,0.0,0.0,6570.0,6570.0,6661.202968025652,6661.202968025652,350.0,3660.595582305274,0.0,0,0,0,1
S5,continuous,D,658,260,6580.0,6580.0,6640.504663367907,6640.504663367907,6680.804260978758,0.0,0.0,0.0,0.0,6580.0,6580.0,6670.804260978758,6670.804260978758,300.0,1281.6394649578933,0.0,0,0,0,0
S5,continuous,D,659,7,6590.0,6590.0,6651.034959456171,6651.034959456171,6687.3316144836535,0.0,0.0,0.0,0.0,6590.0,6590.0,6677.3316144836535,6677.3316144836535,350.0,3181.3561656793177,0.0,0,0,0,1
S5,continuous,D,660,89,6600.0,6600.0,6718.896259196283,6718.896259196283,6759.195856807134,0.0,0.0,0.0,0.0,6600.0,6600.0,6749.195856807134,6749.195856807134,300.0,5913.480989397913,0.0,0,0,0,0
S5,continuous,D,661,154,6610.0,6670.0,6745.143303306478,6745.143303306478,6781.43995833396,60.0,0.0,0.0,0.0,6670.0,6670.0,6771.43995833396,6771.43995833396,350.0,3511.759480445397,0.0,0,0,0,1
S5,continuous,D,662,196,6620.0,6620.0,6684.476443222369,6684.476443222369,6706.976996139764,0.0,0.0,0.0,0.0,6620.0,6620.0,6696.976996139764,6696.976996139764,300.0,3669.874255934871,0.0,0,0,0,0
S5,continuous,D,663,177,6630.0,6630.0,6698.035283443021,6698.035283443021,6745.929922593672,0.0,0.0,0.0,0.0,6630.0,6630.0,6735.929922593672,6735.929922593672,300.0,4571.726841468986,0.0,0,0,0,0
S5,continuous,D,664,143,6640.0,6640.0,6714.246098906877,6714.246098906877,6756.19707607244,0.0,0.0,0.0,0.0,6640.0,6640.0,6746.19707607244,6746.19707607244,350.0,2330.0640309556734,0.0,0,0,0,1
S5,continuous,D,665,255,6650.0,6650.0,6715.73957864414,6715.73957864414,6738.240131561535,0.0,0.0,0.0,0.0,6650.0,6650.0,6728.240131561535,6728.240131561535,300.0,2563.3453786828977,0.0,0,0,0,0
S5,continuous,D,666,251,6660.0,6720.0,6873.092261078147,6873.092261078147,6946.781971912326,60.0,0.0,0.0,0.0,6720.0,6720.0,6936.781971912326,6936.781971912326,550.0,4537.763211757236,0.0,0,0,0,1
S5,continuous,D,667,78,6670.0,6730.0,6848.156311948375,6848.156311948375,6907.522110496394,60.0,0.0,0.0,0.0,6730.0,6730.0,6897.522110496394,6897.522110496394,350.0,4518.900753536332,0.0,0,0,0,1
S5,continuous,D,668,271,6680.0,6680.0,6712.067540522813,6712.067540522813,6727.710172748631,0.0,0.0,0.0,0.0,6680.0,6680.0,6717.710172748631,6717.710172748631,300.0,1428.4641663716827,0.0,0,0,0,0
S5,continuous,D,669,1,6690.0,6690.0,6776.453581459432,6776.453581459432,6796.899510672162,0.0,0.0,0.0,0.0,6690.0,6690.0,6786.899510672162,6786.899510672162,300.0,3895.4914848160715,0.0,0,0,0,0
S5,continuous,D,670,55,6700.0,6760.0,6850.406351196644,6850.406351196644,6876.7030062241265,60.0,0.0,0.0,0.0,6760.0,6760.0,6866.7030062241265,6866.7030062241265,300.0,4399.220324065855,0.0,0,0,0,0
S5,continuous,D,671,142,6710.0,6710.0,6778.529169883516,6778.529169883516,6828.828767494368,0.0,0.0,0.0,0.0,6710.0,6710.0,6818.828767494368,6818.828767494368,350.0,3760.951314012177,0.0,0,0,0,1
S5,continuous,D,672,205,6720.0,6720.0,6825.669373247614,6825.669373247614,6859.36621983541,0.0,0.0,0.0,0.0,6720.0,6720.0,6849.36621983541,6849.36621983541,350.0,4790.501729494882,0.0,0,0,0,1
S5,continuous,D,673,93,6730.0,6730.0,6786.559118447487,6786.559118447487,6846.858716058338,0.0,0.0,0.0,0.0,6730.0,6730.0,6836.858716058338,6836.858716058338,400.0,2576.9252952999477,0.0,0,0,0,1
S5,continuous,D,674,138,6740.0,6800.0,6876.355541276792,6876.355541276792,6886.853253128322,60.0,0.0,0.0,0.0,6800.0,6800.0,6876.853253128322,6876.853253128322,300.0,2104.5089419483647,0.07249023934878096,1,0,1,0
S5,continuous,D,675,9,6750.0,6750.0,6840.158824608865,6840.158824608865,6865.8014568346825,0.0,0.0,0.0,0.0,6750.0,6750.0,6855.8014568346825,6855.8014568346825,350.0,2447.5280854725556,0.0,0,0,0,1
S5,continuous,D,676,229,6760.0,6760.0,6788.636772576547,6788.636772576547,6801.408421705383,0.0,0.0,0.0,0.0,6760.0,6760.0,6791.408421705383,6791.408421705383,300.0,1095.83816626912,0.0,0,0,0,0
S5,continuous,D,677,56,6770.0,6770.0,6860.666453807926,6860.666453807926,6878.2997139942445,0.0,0.0,0.0,0.0,6770.0,6770.0,6868.2997139942445,6868.2997139942445,300.0,4799.192530585672,0.0,0,0,0,0
S5,continuous,D,678,193,6780.0,6780.0,6899.541169423383,6899.541169423383,6925.1838016492,0.0,0.0,0.0,0.0,6780.0,6780.0,6915.1838016492,6915.1838016492,350.0,4359.257662231398,0.0,0,0,0,1
S5,continuous,D,679,176,6790.0,6790.0,6820.730006258572,6820.730006258572,6850.0155314469785,0.0,0.0,0.0,0.0,6790.0,6790.0,6840.0155314469785,6840.0155314469785,300.0,1230.465722588067,0.0,0,0,0,0
S5,continuous,D,680,172,6800.0,6800.0,6877.262021130375,6877.262021130375,6910.951731964554,0.0,0.0,0.0,0.0,6800.0,6800.0,6900.951731964554,6900.951731964554,350.0,4440.736040275768,0.0,0,0,0,1
S5,continuous,D,681,38,6810.0,6810.0,6910.583952005705,6910.583952005705,6969.458227371625,0.0,0.0,0.0,0.0,6810.0,6810.0,6959.458227371625,6959.458227371625,350.0,4451.505548363141,0.0,0,0,0,1
S5,continuous,D,682,165,6820.0,6820.0,6868.713765939985,6868.713765939985,6904.535670186456,0.0,0.0,0.0,0.0,6820.0,6820.0,6894.535670186456,6894.535670186456,300.0,2462.0649299726156,0.835138695243586,1,0,1,0
S5,continuous,D,683,39,6830.0,6830.0,6896.303422958851,6896.303422958851,6942.213168014125,0.0,0.0,0.0,0.0,6830.0,6830.0,6932.213168014125,6932.213168014125,350.0,3641.0401379026016,0.0,0,0,0,1
S5,continuous,D,684,107,6840.0,6840.0,6911.115637260413,6911.115637260413,6970.386162164663,0.0,0.0,0.0,0.0,6840.0,6840.0,6960.386162164663,6960.386162164663,350.0,3159.8961404304227,0.0,0,0,0,1
S5,continuous,D,685,103,6850.0,6850.0,6920.5082126515645,6920.5082126515645,6974.197923485744,0.0,0.0,0.0,0.0,6850.0,6850.0,6964.197923485744,6964.197923485744,450.0,1731.4619677024712,0.0,0,0,0,1
S5,continuous,D,686,190,6860.0,6860.0,6905.431488953475,6905.431488953475,6919.6553524855535,0.0,0.0,0.0,0.0,6860.0,6860.0,6909.6553524855535,6909.6553524855535,300.0,576.783740190799,0.0,0,0,0,0
S5,continuous,D,687,17,6870.0,6870.0,6954.113991702814,6954.113991702814,6994.413589313665,0.0,0.0,0.0,0.0,6870.0,6870.0,6984.413589313665,6984.413589313665,300.0,4748.8909976516,0.0024690259269846138,1,0,1,0
S5,continuous,D,688,132,6880.0,6880.0,6943.642183074156,6943.642183074156,6969.284815299973,0.0,0.0,0.0,0.0,6880.0,6880.0,6959.284815299973,6959.284815299973,350.0,3013.3006425960693,0.0,0,0,0,1
S5,continuous,D,689,296,6890.0,6890.0,6969.853976212079,6969.853976212079,7003.550822799875,0.0,0.0,0.0,0.0,6890.0,6890.0,6993.550822799875,6993.550822799875,350.0,3116.062949563085,0.0,0,0,0,1
S5,continuous,D,690,5,6900.0,6900.0,7024.547429860369,7024.547429860369,7051.585292328213,0.0,0.0,0.0,0.0,6900.0,6900.0,7041.585292328213,7041.585292328213,350.0,4747.07792011633,0.0,0,0,0,1
S5,continuous,D,691,13,6910.0,6910.0,7002.3692691614815,7002.3692691614815,7061.466814243506,0.0,0.0,0.0,0.0,6910.0,6910.0,7051.466814243506,7051.466814243506,350.0,5384.314596306064,0.0,0,0,0,1
S5,continuous,D,692,164,6920.0,6920.0,7039.37944690915,7039.37944690915,7059.87715876068,0.0,0.0,0.0,0.0,6920.0,6920.0,7049.87715876068,7049.87715876068,350.0,4736.80145565024,0.0,0,0,0,1
S5,continuous,D,693,74,6930.0,6930.0,7048.2828577116425,7048.2828577116425,7090.2338348772055,0.0,0.0,0.0,0.0,6930.0,6930.0,7080.2338348772055,7080.2338348772055,350.0,5672.671346652249,0.0,0,0,0,1
S5,continuous,D,694,96,6940.0,6940.0,7030.291902586034,7030.291902586034,7069.57742777444,0.0,0.0,0.0,0.0,6940.0,6940.0,7059.57742777444,7059.57742777444,350.0,2524.6144154301073,0.0,0,0,0,1
S5,continuous,D,695,201,6950.0,6950.0,7062.574036766901,7062.574036766901,7088.216668992719,0.0,0.0,0.0,0.0,6950.0,6950.0,7078.216668992719,7078.216668992719,350.0,3972.258035128041,0.0,0,0,0,1
S5,continuous,D,696,51,6960.0,6960.0,7042.770085254375,7042.770085254375,7076.459796088554,0.0,0.0,0.0,0.0,6960.0,6960.0,7066.459796088554,7066.459796088554,350.0,4192.649319984423,0.0,0,0,0,1
S5,continuous,D,697,14,6970.0,6970.0,7104.960833093037,7104.960833093037,7150.843494422722,0.0,0.0,0.0,0.0,6970.0,6970.0,7140.843494422722,7140.843494422722,350.0,6446.31738490052,0.0,0,0,0,1
S5,continuous,D,698,119,6980.0,6980.0,7116.430240635946,7116.430240635946,7167.345400220291,0.0,0.0,0.0,0.0,6980.0,6980.0,7157.345400220291,7157.345400220291,350.0,6762.948248441701,0.0,0,0,0,1
S5,continuous,D,699,167,6990.0,6990.0,7068.00062085717,7068.00062085717,7085.176155985979,0.0,0.0,0.0,0.0,6990.0,6990.0,7075.176155985979,7075.176155985979,350.0,4407.405143535347,0.0,0,0,0,1
S5,continuous,D,700,58,7000.0,7000.0,7144.7001977147365,7144.7001977147365,7162.037350253161,0.0,0.0,0.0,0.0,7000.0,7000.0,7152.037350253161,7152.037350253161,350.0,5994.998816551326,0.0,0,0,0,1
S5,continuous,D,701,262,7010.0,7010.0,7106.527753402511,7106.527753402511,7165.625298484535,0.0,0.0,0.0,0.0,7010.0,7010.0,7155.625298484535,7155.625298484535,350.0,5466.645721399818,0.0,0,0,0,1
S5,continuous,D,702,204,7020.0,7020.0,7170.353775002056,7170.353775002056,7207.391637469899,0.0,0.0,0.0,0.0,7020.0,7020.0,7197.391637469899,7197.391637469899,400.0,7642.036954935307,0.0,0,0,0,1
S5,continuous,D,703,103,7030.0,7030.0,7167.721593982716,7167.721593982716,7199.34436194284,0.0,0.0,0.0,0.0,7030.0,7030.0,7189.34436194284,7189.34436194284,350.0,6237.744919312489,0.0,0,0,0,1
S5,continuous,D,704,249,7040.0,7040.0,7115.150441839981,7115.150441839981,7174.024717205901,0.0,0.0,0.0,0.0,7040.0,7040.0,7164.024717205901,7164.024717205901,350.0,3300.200069588977,0.0,0,0,0,1
S5,continuous,D,705,230,7050.0,7050.0,7074.281618694785,7074.281618694785,7091.9148788811035,0.0,0.0,0.0,0.0,7050.0,7050.0,7081.9148788811035,7081.9148788811035,300.0,1314.8707626201117,0.0,0,0,0,0
S5,continuous,D,706,294,7060.0,7060.0,7140.803454940648,7140.803454940648,7172.754432106211,0.0,0.0,0.0,0.0,7060.0,7060.0,7162.754432106211,7162.754432106211,300.0,3925.0248218429624,0.0,0,0,0,0
S5,continuous,D,707,126,7070.0,7070.0,7101.309596442927,7101.309596442927,7137.131500689397,0.0,0.0,0.0,0.0,7070.0,7070.0,7127.131500689397,7127.131500689397,300.0,1813.9582108912755,0.0,0,0,0,0
S5,continuous,D,708,4,7080.0,7080.0,7162.752936793799,7162.752936793799,7180.090089332223,0.0,0.0,0.0,0.0,7080.0,7080.0,7170.090089332223,7170.090089332223,350.0,3936.213363428375,0.0,0,0,0,1
S5,continuous,D,709,253,7090.0,7090.0,7155.632956777462,7155.632956777462,7196.548116361807,0.0,0.0,0.0,0.0,7090.0,7090.0,7186.548116361807,7186.548116361807,300.0,2648.3102875723785,0.0,0,0,0,0
S5,continuous,D,710,13,7100.0,7160.0,7240.151168867594,7240.151168867594,7257.784429053912,60.0,0.0,0.0,0.0,7160.0,7160.0,7247.784429053912,7247.784429053912,300.0,3970.27201919039,0.0,0,0,0,0
S5,continuous,D,711,214,7110.0,7110.0,7181.406960513408,7181.406960513408,7219.9370096622915,0.0,0.0,0.0,0.0,7110.0,7110.0,7209.9370096622915,7209.9370096622915,350.0,3276.2411760480036,0.0,0,0,0,1
S5,continuous,D,712,279,7120.0,7120.0,7151.640633648607,7151.640633648607,7157.998527453426,0.0,0.0,0.0,0.0,7120.0,7120.0,7151.640633648607,7151.640633648607,300.0,1688.707305728353,0.0,0,0,0,0
S5,continuous,D,713,266,7130.0,7130.0,7167.923993154199,7167.923993154199,7208.22359076505,0.0,0.0,0.0,0.0,7130.0,7130.0,7198.22359076505,7198.22359076505,300.0,1642.3798201778711,0.0,0,0,0,0
S5,continuous,D,714,264,7140.0,7200.0,7328.066202597126,7328.066202597126,7350.8378517259625,60.0,0.0,0.0,0.0,7200.0,7200.0,7340.8378517259625,7340.8378517259625,350.0,6064.628160242886,0.0,0,0,0,1
S5,continuous,D,715,9,7150.0,7150.0,7199.095755575537,7199.095755575537,7216.327280145113,0.0,0.0,0.0,0.0,7150.0,7150.0,7206.327280145113,7206.327280145113,300.0,1553.267274598562,0.0,0,0,0,0
S5,continuous,D,716,128,7160.0,7160.0,7245.204770040548,7245.204770040548,7304.3023151225725,0.0,0.0,0.0,0.0,7160.0,7160.0,7294.3023151225725,7294.3023151225725,350.0,4571.554031835097,0.0,0,0,0,1
S5,continuous,D,717,280,7170.0,7170.0,7247.1097009315245,7247.1097009315245,7306.380225835775,0.0,0.0,0.0,0.0,7170.0,7170.0,7296.380225835775,7296.380225835775,350.0,1866.8299389994318,0.0,0,0,0,1
S5,continuous,D,718,267,7180.0,7240.0,7349.024091973987,7349.024091973987,7363.27026369161,60.0,0.0,0.0,0.0,7240.0,7240.0,7353.27026369161,7353.27026369161,350.0,4963.4839593394445,0.0,0,0,0,1
S5,continuous,D,719,104,7190.0,7190.0,7314.046498060593,7314.046498060593,7371.941137211244,0.0,0.0,0.0,0.0,7190.0,7190.0,7361.941137211244,7361.941137211244,350.0,5728.138788050935,0.0,0,0,0,1
S5,continuous,D,720,182,7200.0,7200.0,7291.997374731403,7291.997374731403,7361.855862021904,0.0,0.0,0.0,0.0,7200.0,7200.0,7351.855862021904,7351.855862021904,400.0,4601.758521035084,0.0,0,0,0,1
S5,continuous,D,721,120,7210.0,7270.0,7293.59757805006,7293.59757805006,7309.240210275878,60.0,0.0,0.0,0.0,7270.0,7270.0,7299.240210275878,7299.240210275878,300.0,588.77434934257,0.0,0,0,0,0
S5,continuous,D,722,21,7220.0,7220.0,7276.913710553209,7276.913710553209,7308.240131561535,0.0,0.0,0.0,0.0,7220.0,7220.0,7298.240131561535,7298.240131561535,300.0,2563.3453786828977,0.0,0,0,0,0
S5,continuous,D,723,141,7230.0,7230.0,7287.479185410328,7287.479185410328,7294.816337948752,0.0,0.0,0.0,0.0,7230.0,7230.0,7287.479185410328,7287.479185410328,300.0,2904.002469455244,0.0,0,0,0,0
S5,continuous,D,724,107,7240.0,7240.0,7290.162312507298,7290.162312507298,7339.259857589323,0.0,0.0,0.0,0.0,7240.0,7240.0,7329.259857589323,7329.259857589323,300.0,2256.2378683556813,0.0,0,0,0,0
S5,continuous,D,725,204,7250.0,7310.0,7418.031732231927,7418.031732231927,7475.926371382578,60.0,0.0,0.0,0.0,7310.0,7310.0,7465.926371382578,7465.926371382578,350.0,5115.568980367251,0.0,0,0,0,1
S5,continuous,D,726,84,7260.0,7260.0,7286.59696180748,7286.59696180748,7335.86748671173,0.0,0.0,0.0,0.0,7260.0,7260.0,7325.86748671173,7325.86748671173,300.0,1627.4132937227146,0.0,0,0,0,0
S5,continuous,D,727,289,7270.0,7270.0,7351.915851955805,7351.915851955805,7402.215449566656,0.0,0.0,0.0,0.0,7270.0,7270.0,7392.215449566656,7392.215449566656,350.0,4892.456201288916,0.0,0,0,0,1
S5,continuous,D,728,215,7280.0,7280.0,7341.598596410064,7341.598596410064,7373.549573575627,0.0,0.0,0.0,0.0,7280.0,7280.0,7363.549573575627,7363.549573575627,300.0,3823.8366468889017,0.0,0,0,0,0
S5,continuous,D,729,106,7290.0,7290.0,7339.586616860461,7339.586616860461,7370.032546073191,0.0,0.0,0.0,0.0,7290.0,7290.0,7360.032546073191,7360.032546073191,350.0,1219.710376732937,0.0,0,0,0,1
S5,continuous,D,730,40,7300.0,7300.0,7435.2051190877955,7435.2051190877955,7501.027023334266,0.0,0.0,0.0,0.0,7300.0,7300.0,7491.027023334266,7491.027023334266,450.0,5733.431096237595,0.0,0,0,0,1
S5,continuous,D,731,109,7310.0,7310.0,7438.868354609452,7438.868354609452,7459.3660664609815,0.0,0.0,0.0,0.0,7310.0,7310.0,7449.3660664609815,7449.3660664609815,350.0,5864.281417890497,0.0,0,0,0,1
S5,continuous,D,732,41,7320.0,7320.0,7428.889487459007,7428.889487459007,7479.189085069858,0.0,0.0,0.0,0.0,7320.0,7320.0,7469.189085069858,7469.189085069858,350.0,5272.503425293316,0.0,0,0,0,1
S5,continuous,D,733,287,7330.0,7330.0,7392.109971623816,7392.109971623816,7429.768961658253,0.0,0.0,0.0,0.0,7330.0,7330.0,7419.768961658253,7419.768961658253,350.0,2661.6248729095964,0.0,0,0,0,1
S5,continuous,D,734,119,7340.0,7340.0,7371.309596442927,7371.309596442927,7407.131500689397,0.0,0.0,0.0,0.0,7340.0,7340.0,7397.131500689397,7397.131500689397,300.0,1813.9582108912755,0.0,0,0,0,0
S5,continuous,D,735,206,7350.0,7350.0,7437.620863355685,7437.620863355685,7486.7184084377095,0.0,0.0,0.0,0.0,7350.0,7350.0,7476.7184084377095,7476.7184084377095,300.0,4381.240896998888,0.0,0,0,0,0
S5,continuous,D,736,184,7360.0,7360.0,7490.910659947869,7490.910659947869,7532.861637113432,0.0,0.0,0.0,0.0,7360.0,7360.0,7522.861637113432,7522.861637113432,350.0,6156.647421068723,0.0,0,0,0,1
S5,continuous,D,737,8,7370.0,7370.0,7461.132186832377,7461.132186832377,7477.490080637195,0.0,0.0,0.0,0.0,7370.0,7370.0,7467.490080637195,7467.490080637195,350.0,4207.197900308219,0.0,0,0,0,1
S5,continuous,D,738,5,7380.0,7440.0,7485.911118742122,7485.911118742122,7536.826278326467,60.0,0.0,0.0,0.0,7440.0,7440.0,7526.826278326467,7526.826278326467,350.0,2306.5802627660573,0.0,0,0,0,1
S5,continuous,D,739,219,7390.0,7390.0,7476.649227269782,7476.649227269782,7498.666384947784,0.0,0.0,0.0,0.0,7390.0,7390.0,7488.666384947784,7488.666384947784,350.0,4817.5765331726525,0.0,0,0,0,1
S5,continuous,D,740,125,7400.0,7400.0,7449.586616860461,7449.586616860461,7480.032546073191,0.0,0.0,0.0,0.0,7400.0,7400.0,7470.032546073191,7470.032546073191,350.0,1219.710376732937,0.0,0,0,0,1
S5,continuous,D,741,85,7410.0,7410.0,7451.407397427244,7451.407397427244,7480.692922615651,0.0,0.0,0.0,0.0,7410.0,7410.0,7470.692922615651,7470.692922615651,300.0,2645.0735318382167,0.0,0,0,0,0
S5,continuous,D,742,67,7420.0,7420.0,7533.0905395739455,7533.0905395739455,7578.179482189357,0.0,0.0,0.0,0.0,7420.0,7420.0,7568.179482189357,7568.179482189357,350.0,5342.2066313883415,0.0,0,0,0,1
S5,continuous,D,743,138,7430.0,7430.0,7536.609313456165,7536.609313456165,7582.431217702636,0.0,0.0,0.0,0.0,7430.0,7430.0,7572.431217702636,7572.431217702636,350.0,5258.424878729277,0.0,0,0,0,1
S5,continuous,D,744,134,7440.0,7500.0,7585.171727491962,7585.171727491962,7592.5088800303865,60.0,0.0,0.0,0.0,7500.0,7500.0,7585.171727491962,7585.171727491962,300.0,3229.659076153766,0.0,0,0,0,0
S5,continuous,D,745,266,7450.0,7450.0,7533.699582628065,7533.699582628065,7555.716740306067,0.0,0.0,0.0,0.0,7450.0,7450.0,7545.716740306067,7545.716740306067,350.0,3451.764236899651,0.0,0,0,0,1
S5,continuous,D,746,31,7460.0,7520.0,7647.33717358605,7647.33717358605,7703.633828613532,60.0,0.0,0.0,0.0,7520.0,7520.0,7693.633828613532,7693.633828613532,450.0,4711.610752341748,0.0,0,0,0,1
S5,continuous,D,747,268,7470.0,7470.0,7533.548077692226,7533.548077692226,7562.8336028806325,0.0,0.0,0.0,0.0,7470.0,7470.0,7552.8336028806325,7552.8336028806325,300.0,1344.6171029950056,0.0,0,0,0,0
S5,continuous,D,748,139,7480.0,7480.0,7507.184558173305,7507.184558173305,7521.408421705383,0.0,0.0,0.0,0.0,7480.0,7480.0,7511.408421705383,7511.408421705383,300.0,1095.83816626912,0.0,0,0,0,0
S5,continuous,D,749,172,7490.0,7550.0,7585.698613065392,7585.698613065392,7621.520517311863,60.0,0.0,0.0,0.0,7550.0,7550.0,7611.520517311863,7611.520517311863,300.0,2166.946940961367,0.0,0,0,0,0
S5,continuous,D,750,259,7500.0,7500.0,7609.024091973987,7609.024091973987,7623.27026369161,0.0,0.0,0.0,0.0,7500.0,7500.0,7613.27026369161,7613.27026369161,350.0,4963.4839593394445,0.0,0,0,0,1
S5,continuous,D,751,201,7510.0,7510.0,7580.314414742755,7580.314414742755,7626.19707607244,0.0,0.0,0.0,0.0,7510.0,7510.0,7616.19707607244,7616.19707607244,350.0,2330.0640309556734,0.0,0,0,0,1
S5,continuous,D,752,33,7520.0,7520.0,7655.768869509775,7655.768869509775,7687.391637469899,0.0,0.0,0.0,0.0,7520.0,7520.0,7677.391637469899,7677.391637469899,350.0,7542.036954935307,0.0,0,0,0,1
S5,continuous,D,753,80,7530.0,7530.0,7645.518286815439,7645.518286815439,7681.814941842921,0.0,0.0,0.0,0.0,7530.0,7530.0,7671.814941842921,7671.814941842921,350.0,4144.335602376818,0.0,0,0,0,1
S5,continuous,D,754,169,7540.0,7540.0,7642.004256382026,7642.004256382026,7656.250428099649,0.0,0.0,0.0,0.0,7540.0,7540.0,7646.250428099649,7646.250428099649,350.0,4867.3138541505,0.0,0,0,0,1
S5,continuous,D,755,17,7550.0,7550.0,7608.335604451118,7608.335604451118,7642.025315285297,0.0,0.0,0.0,0.0,7550.0,7550.0,7632.025315285297,7632.025315285297,350.0,2476.193196986728,0.0,0,0,0,1
S5,continuous,D,756,140,7560.0,7560.0,7607.012203074513,7607.012203074513,7644.67119310895,0.0,0.0,0.0,0.0,7560.0,7560.0,7634.67119310895,7634.67119310895,350.0,1918.190125528156,0.0,0,0,0,1
S5,continuous,D,757,25,7570.0,7570.0,7673.273658887765,7673.273658887765,7696.045308016602,0.0,0.0,0.0,0.0,7570.0,7570.0,7686.045308016602,7686.045308016602,350.0,3307.4954552476656,0.0,0,0,0,1
S5,continuous,D,758,8,7580.0,7580.0,7663.179179508317,7663.179179508317,7680.410704077894,0.0,0.0,0.0,0.0,7580.0,7580.0,7670.410704077894,7670.410704077894,300.0,4298.032232528006,0.0,0,0,0,0
S5,continuous,D,759,120,7590.0,7590.0,7746.1830057518355,7746.1830057518355,7791.271948367247,0.0,0.0,0.0,0.0,7590.0,7590.0,7781.271948367247,7781.271948367247,350.0,7313.328198981982,0.0,0,0,0,1
S5,continuous,D,760,43,7600.0,7600.0,7684.680466179909,7684.680466179909,7698.926637897532,0.0,0.0,0.0,0.0,7600.0,7600.0,7688.926637897532,7688.926637897532,350.0,2061.579568153249,0.0,0,0,0,1
S5,continuous,D,761,131,7610.0,7610.0,7723.092261078147,7723.092261078147,7756.781971912326,0.0,0.0,0.0,0.0,7610.0,7610.0,7746.781971912326,7746.781971912326,350.0,4137.763211757236,0.0,0,0,0,1
S5,continuous,D,762,102,7620.0,7620.0,7687.3936120407325,7687.3936120407325,7711.090458628529,0.0,0.0,0.0,0.0,7620.0,7620.0,7701.090458628529,7701.090458628529,300.0,3646.7627150624003,0.0,0,0,0,0
S5,continuous,D,763,46,7630.0,7630.0,7661.7207378640005,7661.7207378640005,7702.020335474852,0.0,0.0,0.0,0.0,7630.0,7630.0,7692.020335474852,7692.020335474852,300.0,1668.854948143293,0.0,0,0,0,0
S5,continuous,D,764,28,7640.0,7640.0,7671.09528828491,7671.09528828491,7712.010447869255,0.0,0.0,0.0,0.0,7640.0,7640.0,7702.010447869255,7702.010447869255,300.0,1490.009987304135,0.0,0,0,0,0
S5,continuous,D,765,20,7650.0,7650.0,7744.83311721588,7744.83311721588,7804.198915763898,0.0,0.0,0.0,0.0,7650.0,7650.0,7794.198915763898,7794.198915763898,350.0,4614.836043892701,0.0,0,0,0,1
S5,continuous,D,766,222,7660.0,7660.0,7787.077721987828,7787.077721987828,7814.270258808211,0.0,0.0,0.0,0.0,7660.0,7660.0,7804.270258808211,7804.270258808211,350.0,4869.444022833896,0.0,0,0,0,1
S5,continuous,D,767,91,7670.0,7670.0,7727.278172799847,7727.278172799847,7742.920805025665,0.0,0.0,0.0,0.0,7670.0,7670.0,7732.920805025665,7732.920805025665,300.0,1964.9620522720948,1.7134422666067621,1,0,1,0
S5,continuous,D,768,175,7680.0,7680.0,7815.541052376096,7815.541052376096,7874.906850924114,0.0,0.0,0.0,0.0,7680.0,7680.0,7864.906850924114,7864.906850924114,350.0,5762.7297368563695,0.0,0,0,0,1
S5,continuous,D,769,158,7690.0,7690.0,7758.940490789215,7758.940490789215,7808.038035871239,0.0,0.0,0.0,0.0,7690.0,7690.0,7798.038035871239,7798.038035871239,300.0,1719.820317567936,0.0,0,0,0,0
S5,continuous,D,770,201,7700.0,7700.0,7753.300397266952,7753.300397266952,7776.990108101131,0.0,0.0,0.0,0.0,7700.0,7700.0,7766.990108101131,7766.990108101131,300.0,1912.455341119878,0.0,0,0,0,0
S5,continuous,D,771,207,7710.0,7770.0,7865.973929761857,7865.973929761857,7886.419858974587,60.0,0.0,0.0,0.0,7770.0,7770.0,7876.419858974587,7876.419858974587,300.0,3456.2673863930136,1.1919714483965436,2,0,2,0
S5,continuous,D,772,178,7720.0,7720.0,7806.374038446818,7806.374038446818,7813.549573575627,0.0,0.0,0.0,0.0,7720.0,7720.0,7806.374038446818,7806.374038446818,300.0,3823.8366468889017,0.0,0,0,0,0
S5,continuous,D,773,112,7730.0,7730.0,7828.753760064509,7828.753760064509,7845.929295193318,0.0,0.0,0.0,0.0,7730.0,7730.0,7835.929295193318,7835.929295193318,350.0,3014.4459775158857,0.0,0,0,0,1
S5,continuous,D,774,225,7740.0,7740.0,7835.51425027639,7835.51425027639,7852.851402814815,0.0,0.0,0.0,0.0,7740.0,7740.0,7842.851402814815,7842.851402814815,350.0,4376.330241537394,0.0,0,0,0,1
S5,continuous,D,775,289,7750.0,7750.0,7874.035833568046,7874.035833568046,7924.335431178897,0.0,0.0,0.0,0.0,7750.0,7750.0,7914.335431178897,7914.335431178897,350.0,4889.97324502557,0.0,0,0,0,1
S5,continuous,D,776,11,7760.0,7760.0,7869.516800328202,7869.516800328202,7930.138964551822,0.0,0.0,0.0,0.0,7760.0,7760.0,7920.138964551822,7920.138964551822,350.0,5181.623456379829,0.0,0,0,0,1
S5,continuous,D,777,162,7770.0,7770.0,7908.340404982323,7908.340404982323,7928.838116833853,0.0,0.0,0.0,0.0,7770.0,7770.0,7918.838116833853,7918.838116833853,350.0,6738.205299536103,0.0,0,0,0,1
S5,continuous,D,778,191,7780.0,7900.0,7963.488590586586,7963.488590586586,7995.439567752149,120.0,0.0,0.0,0.0,7900.0,7900.0,7985.439567752149,7985.439567752149,300.0,1348.1033478057418,0.0,0,0,0,0
S5,continuous,D,779,223,7790.0,7790.0,7830.872252223439,7830.872252223439,7860.157777411846,0.0,0.0,0.0,0.0,7790.0,7790.0,7850.157777411846,7850.157777411846,300.0,2479.1743228741543,0.0,0,0,0,0
S5,continuous,D,780,292,7800.0,7800.0,7851.566274932206,7851.566274932206,7868.758811752589,0.0,0.0,0.0,0.0,7800.0,7800.0,7858.758811752589,7858.758811752589,300.0,2062.8488448079615,0.0,0,0,0,0
S5,continuous,D,781,76,7810.0,7810.0,7861.515205006869,7861.515205006869,7887.157837232687,0.0,0.0,0.0,0.0,7810.0,7810.0,7877.157837232687,7877.157837232687,350.0,2068.755243775565,0.0,0,0,0,1
S5,continuous,D,782,9,7820.0,7820.0,7910.0733898678645,7910.0733898678645,7927.248924996673,0.0,0.0,0.0,0.0,7820.0,7820.0,7917.248924996673,7917.248924996673,350.0,4213.271365383303,0.0,0,0,0,1
S5,continuous,D,783,71,7830.0,7830.0,7877.526195617627,7877.526195617627,7890.297844746464,0.0,0.0,0.0,0.0,7830.0,7830.0,7880.297844746464,7880.297844746464,300.0,747.1294341501606,0.0,0,0,0,0
S5,continuous,D,784,188,7840.0,7840.0,7941.549699250323,7941.549699250323,7971.995628463053,0.0,0.0,0.0,0.0,7840.0,7840.0,7961.995628463053,7961.995628463053,350.0,3782.441421717232,0.0,0,0,0,1
S5,continuous,D,785,159,7850.0,7910.0,7956.930314924254,7956.930314924254,8004.824954074905,60.0,0.0,0.0,0.0,7910.0,7910.0,7994.824954074905,7994.824954074905,300.0,1159.1434288378075,0.0,0,0,0,0
S5,continuous,D,786,58,7860.0,7920.0,7980.887365452776,7980.887365452776,8012.838342618339,60.0,0.0,0.0,0.0,7920.0,7920.0,8002.838342618339,8002.838342618339,300.0,1097.2124555563378,0.0,0,0,0,0
S5,continuous,D,787,227,7870.0,7870.0,7964.869800698076,7964.869800698076,7985.367512549606,0.0,0.0,0.0,0.0,7870.0,7870.0,7975.367512549606,7975.367512549606,350.0,5069.417215652615,0.0,0,0,0,1
S5,continuous,D,788,203,7880.0,7880.0,7942.766053579683,7942.766053579683,7980.42504361412,0.0,0.0,0.0,0.0,7880.0,7880.0,7970.42504361412,7970.42504361412,350.0,2878.8936043395875,0.0,0,0,0,1
S5,continuous,D,789,265,7890.0,7950.0,8041.346507454611,8041.346507454611,8087.229168784296,60.0,0.0,0.0,0.0,7950.0,7950.0,8077.229168784296,8077.229168784296,350.0,4914.928774010887,0.0,0,0,0,1
S5,continuous,D,790,21,7900.0,7900.0,7991.859305421371,7991.859305421371,8050.956850503395,0.0,0.0,0.0,0.0,7900.0,7900.0,8040.956850503395,8040.956850503395,350.0,4181.1476934734455,0.0,0,0,0,1
S5,continuous,D,791,230,7910.0,7970.0,8101.86839235012,8101.86839235012,8124.640041478957,60.0,0.0,0.0,0.0,7970.0,7970.0,8114.640041478957,8114.640041478957,350.0,5244.193491857714,0.0,0,0,0,1
S5,continuous,D,792,74,7920.0,7920.0,7982.272852980454,7982.272852980454,7999.610005518879,0.0,0.0,0.0,0.0,7920.0,7920.0,7989.610005518879,7989.610005518879,350.0,2833.9575984441576,0.0,0,0,0,1
S5,continuous,D,793,186,7930.0,7930.0,8002.28374533613,8002.28374533613,8012.78145718766,0.0,0.0,0.0,0.0,7930.0,7930.0,8002.78145718766,8002.78145718766,300.0,4667.972997847338,0.0,0,0,0,0
S5,continuous,D,794,282,7940.0,7940.0,8057.7488264388085,8057.7488264388085,8094.045481466291,0.0,0.0,0.0,0.0,7940.0,7940.0,8084.045481466291,8084.045481466291,350.0,6364.0701855409825,0.0,0,0,0,1
S5,continuous,D,795,185,7950.0,7950.0,8050.094816679003,8050.094816679003,8077.728076865322,0.0,0.0,0.0,0.0,7950.0,7950.0,8067.728076865322,8067.728076865322,350.0,3119.880696617638,0.0,0,0,0,1
S5,continuous,D,796,148,7960.0,7960.0,8041.603429542217,8041.603429542217,8100.477704908137,0.0,0.0,0.0,0.0,7960.0,7960.0,8090.477704908137,8090.477704908137,350.0,3857.101044859007,0.0,0,0,0,1
S5,continuous,D,797,88,7970.0,7970.0,8074.910086284363,8074.910086284363,8098.60693287216,0.0,0.0,0.0,0.0,7970.0,7970.0,8088.60693287216,8088.60693287216,300.0,4074.1409494677555,0.0,0,0,0,0
S5,continuous,D,798,198,7980.0,7980.0,8117.19774717389,8117.19774717389,8164.390283994273,0.0,0.0,0.0,0.0,7980.0,7980.0,8154.390283994273,8154.390283994273,450.0,7080.021422491752,0.0,0,0,0,1
S5,continuous,D,799,207,7990.0,8050.0,8145.22106819467,8145.22106819467,8191.042972441141,60.0,0.0,0.0,0.0,8050.0,8050.0,8181.042972441141,8181.042972441141,350.0,2934.787425493191,0.0,0,0,0,1
S5,continuous,D,800,240,8000.0,8000.0,8075.867312677071,8075.867312677071,8107.490080637195,0.0,0.0,0.0,0.0,8000.0,8000.0,8097.490080637195,8097.490080637195,350.0,4207.197900308219,0.0,0,0,0,1
S5,continuous,D,801,20,8010.0,8010.0,8081.548363707459,8081.548363707459,8098.723898836268,0.0,0.0,0.0,0.0,8010.0,8010.0,8088.723898836268,8088.723898836268,350.0,3151.717544651656,0.0,0,0,0,1
S5,continuous,D,802,19,8020.0,8020.0,8076.709591349764,8076.709591349764,8104.342851536083,0.0,0.0,0.0,0.0,8020.0,8020.0,8094.342851536083,8094.342851536083,350.0,1496.1983376307758,0.0,0,0,0,1
S5,continuous,D,803,120,8030.0,8030.0,8069.164685326539,8069.164685326539,8110.079844910884,0.0,0.0,0.0,0.0,8030.0,8030.0,8100.079844910884,8100.079844910884,300.0,1728.1704415346794,0.0,0,0,0,0
S5,continuous,D,804,108,8040.0,8040.0,8105.946840875048,8105.946840875048,8116.444552726578,0.0,0.0,0.0,0.0,8040.0,8040.0,8106.444552726578,8106.444552726578,300.0,2517.1486554140765,0.0,0,0,0,0
S5,continuous,D,805,224,8050.0,8110.0,8226.369665245329,8226.369665245329,8264.028655279766,60.0,0.0,0.0,0.0,8110.0,8110.0,8254.028655279766,8254.028655279766,350.0,5996.201942319836,0.0,0,0,0,1
S5,continuous,D,806,57,8060.0,8060.0,8174.6491102017535,8174.6491102017535,8191.841647022136,0.0,0.0,0.0,0.0,8060.0,8060.0,8181.841647022136,8181.841647022136,300.0,4685.0124537576385,0.08559450223947351,1,0,1,0
S5,continuous,D,807,84,8070.0,8070.0,8123.81595617323,8123.81595617323,8174.115553784081,0.0,0.0,0.0,0.0,8070.0,8070.0,8164.115553784081,8164.115553784081,350.0,2830.491614972434,0.0,0,0,0,1
S5,continuous,D,808,98,8080.0,8080.0,8129.376857977301,8129.376857977301,8167.035848011738,0.0,0.0,0.0,0.0,8080.0,8080.0,8157.035848011738,8157.035848011738,350.0,931.6228531454855,0.0,0,0,0,1
S5,continuous,D,809,186,8090.0,8090.0,8205.205119087796,8205.205119087796,8251.027023334265,0.0,0.0,0.0,0.0,8090.0,8090.0,8241.027023334265,8241.027023334265,350.0,5533.431096237595,0.0,0,0,0,1
S5,continuous,D,810,23,8100.0,8160.0,8239.336407967909,8239.336407967909,8288.606932872159,60.0,0.0,0.0,0.0,8160.0,8160.0,8278.606932872159,8278.606932872159,300.0,4074.1409494677555,0.0,0,0,0,0
S5,continuous,D,811,99,8110.0,8230.0,8324.076287405574,8324.076287405574,8346.84793653441,120.0,0.0,0.0,0.0,8230.0,8230.0,8336.84793653441,8336.84793653441,350.0,4708.7376354255875,0.0,0,0,0,1
S5,continuous,D,812,42,8120.0,8120.0,8234.438851292472,8234.438851292472,8258.66271482455,0.0,0.0,0.0,0.0,8120.0,8120.0,8248.66271482455,8248.66271482455,350.0,4426.0591729411735,0.0,0,0,0,1
S5,continuous,D,813,243,8130.0,8190.0,8286.527753402512,8286.527753402512,8345.625298484536,60.0,0.0,0.0,0.0,8190.0,8190.0,8335.625298484536,8335.625298484536,350.0,5466.645721399818,0.0,0,0,0,1
S5,continuous,D,814,40,8140.0,8140.0,8202.047307521561,8202.047307521561,8233.998284687124,0.0,0.0,0.0,0.0,8140.0,8140.0,8223.998284687124,8223.998284687124,300.0,2536.889023084042,0.0,0,0,0,0
S5,continuous,D,815,133,8150.0,8150.0,8250.525926293218,8250.525926293218,8271.023638144748,0.0,0.0,0.0,0.0,8150.0,8150.0,8261.023638144748,8261.023638144748,350.0,4565.9232521107,0.0,0,0,0,1
S5,continuous,D,816,46,8160.0,8280.0,8379.371756084556,8379.371756084556,8401.388913762557,120.0,0.0,0.0,0.0,8280.0,8280.0,8391.388913762557,8391.388913762557,350.0,4412.565141903493,0.0,0,0,0,1
S5,continuous,D,817,79,8170.0,8170.0,8283.090539573945,8283.090539573945,8328.179482189356,0.0,0.0,0.0,0.0,8170.0,8170.0,8318.179482189356,8318.179482189356,350.0,5342.2066313883415,0.0,0,0,0,1
S5,continuous,D,818,121,8180.0,8180.0,8267.620863355685,8267.620863355685,8316.71840843771,0.0,0.0,0.0,0.0,8180.0,8180.0,8306.71840843771,8306.71840843771,300.0,4381.240896998888,0.0,0,0,0,0
S5,continuous,D,819,127,8190.0,8190.0,8224.919771557543,8224.919771557543,8256.542539517668,0.0,0.0,0.0,0.0,8190.0,8190.0,8246.542539517668,8246.542539517668,350.0,1666.0000264844655,0.0,0,0,0,1
S5,continuous,D,820,3,8200.0,8200.0,8321.31533746534,8321.31533746534,8379.20997661599,0.0,0.0,0.0,0.0,8200.0,8200.0,8369.20997661599,8369.20997661599,350.0,5547.731578111844,0.0,0,0,0,1
S5,continuous,D,821,72,8210.0,8270.0,8415.914986571606,8415.914986571606,8453.10752339199,60.0,0.0,0.0,0.0,8270.0,8270.0,8443.10752339199,8443.10752339199,400.0,6157.1936145077325,0.0,0,0,0,1
S5,continuous,D,822,165,8220.0,8220.0,8278.148570565365,8278.148570565365,8290.165728243366,0.0,0.0,0.0,0.0,8220.0,8220.0,8280.165728243366,8280.165728243366,300.0,2475.791657973383,0.0,0,0,0,0
S5,continuous,D,823,82,8230.0,8230.0,8309.12337210496,8309.12337210496,8324.766004330777,0.0,0.0,0.0,0.0,8230.0,8230.0,8314.766004330777,8314.766004330777,300.0,3731.477574764988,0.0,0,0,0,0
S5,continuous,D,824,287,8240.0,8240.0,8340.683928629074,8340.683928629074,8367.91545319865,0.0,0.0,0.0,0.0,8240.0,8240.0,8357.91545319865,8357.91545319865,350.0,3524.1026339021273,0.0,0,0,0,1
S5,continuous,D,825,103,8250.0,8250.0,8309.003049828434,8309.003049828434,8344.824954074904,0.0,0.0,0.0,0.0,8250.0,8250.0,8334.824954074904,8334.824954074904,300.0,1159.1434288378075,0.0,0,0,0,0
S5,continuous,D,826,188,8260.0,8260.0,8329.021625198688,8329.021625198688,8343.26779691631,0.0,0.0,0.0,0.0,8260.0,8260.0,8333.26779691631,8333.26779691631,350.0,3852.573954681644,0.0,0,0,0,1
S5,continuous,D,827,31,8270.0,8270.0,8347.75733324133,8347.75733324133,8351.056229195152,0.0,0.0,0.0,0.0,8270.0,8270.0,8347.75733324133,8347.75733324133,300.0,2078.6165687345792,0.0,0,0,0,0
S5,continuous,D,828,223,8280.0,8280.0,8341.598596410064,8341.598596410064,8373.549573575627,0.0,0.0,0.0,0.0,8280.0,8280.0,8363.549573575627,8363.549573575627,300.0,3823.8366468889017,0.0,0,0,0,0
S5,continuous,D,829,52,8290.0,8290.0,8324.919771557543,8324.919771557543,8356.542539517668,0.0,0.0,0.0,0.0,8290.0,8290.0,8346.542539517668,8346.542539517668,350.0,1666.0000264844655,0.0,0,0,0,1
S5,continuous,D,830,225,8300.0,8300.0,8404.157098066076,8404.157098066076,8426.174255744078,0.0,0.0,0.0,0.0,8300.0,8300.0,8416.174255744078,8416.174255744078,350.0,3411.499017411268,0.0,0,0,0,1
S5,continuous,D,831,81,8310.0,8310.0,8363.072219344856,8363.072219344856,8386.761930179035,0.0,0.0,0.0,0.0,8310.0,8310.0,8376.761930179035,8376.761930179035,300.0,581.9897942471375,0.0,0,0,0,0
S5,continuous,D,832,109,8320.0,8320.0,8448.464947240034,8448.464947240034,8485.657484060417,0.0,0.0,0.0,0.0,8320.0,8320.0,8475.657484060417,8475.657484060417,400.0,5546.648908227778,0.0,0,0,0,1
S5,continuous,D,833,86,8330.0,8330.0,8391.405730305061,8391.405730305061,8432.320889889406,0.0,0.0,0.0,0.0,8330.0,8330.0,8422.320889889406,8422.320889889406,300.0,1813.1492989232863,0.0,0,0,0,0
S5,continuous,D,834,228,8340.0,8340.0,8433.022823509655,8433.022823509655,8470.681813544092,0.0,0.0,0.0,0.0,8340.0,8340.0,8460.681813544092,8460.681813544092,350.0,3250.0483431145058,0.0,0,0,0,1
S5,continuous,D,835,77,8350.0,8350.0,8452.23749174835,8452.23749174835,8479.870751934668,0.0,0.0,0.0,0.0,8350.0,8350.0,8469.870751934668,8469.870751934668,350.0,3629.682186604205,0.0,0,0,0,1
S5,continuous,D,836,44,8360.0,8360.0,8475.601499882492,8475.601499882492,8499.82536341457,0.0,0.0,0.0,0.0,8360.0,8360.0,8489.82536341457,8489.82536341457,350.0,4136.612593578987,0.0,0,0,0,1
S5,continuous,D,837,199,8370.0,8430.0,8511.613070332762,8511.613070332762,8565.520911914666,60.0,0.0,0.0,0.0,8430.0,8430.0,8555.520911914666,8555.520911914666,350.0,4890.311979607978,0.0,0,0,0,1
S5,continuous,D,838,144,8380.0,8380.0,8451.021121781294,8451.021121781294,8486.930866836567,0.0,0.0,0.0,0.0,8380.0,8380.0,8476.930866836567,8476.930866836567,300.0,4652.442921442544,0.0,0,0,0,0
S5,continuous,D,839,30,8390.0,8390.0,8502.574036766902,8502.574036766902,8528.21666899272,0.0,0.0,0.0,0.0,8390.0,8390.0,8518.21666899272,8518.21666899272,350.0,3972.258035128041,0.0,0,0,0,1
S5,continuous,D,840,135,8400.0,8400.0,8428.621867759166,8428.621867759166,8449.067796971896,0.0,0.0,0.0,0.0,8400.0,8400.0,8439.067796971896,8439.067796971896,300.0,1806.9222461889972,0.0,0,0,0,0
S5,continuous,D,841,95,8410.0,8410.0,8486.138021642939,8486.138021642939,8535.503820190957,0.0,0.0,0.0,0.0,8410.0,8410.0,8525.503820190957,8525.503820190957,300.0,3701.0700422413483,0.0,0,0,0,0
S5,continuous,D,842,111,8420.0,8420.0,8441.695600226049,8441.695600226049,8458.927124795624,0.0,0.0,0.0,0.0,8420.0,8420.0,8448.927124795624,8448.927124795624,300.0,1140.4608532873824,0.0,0,0,0,0
S5,continuous,D,843,84,8430.0,8430.0,8505.020773650991,8505.020773650991,8543.550822799874,0.0,0.0,0.0,0.0,8430.0,8430.0,8533.550822799874,8533.550822799874,350.0,3116.062949563085,0.0,0,0,0,1
S5,continuous,D,844,260,8440.0,8440.0,8539.182669250498,8539.182669250498,8585.065330580184,0.0,0.0,0.0,0.0,8440.0,8440.0,8575.065330580184,8575.065330580184,350.0,4603.2975299869095,0.0,0,0,0,1
S5,continuous,D,845,15,8450.0,8450.0,8534.845074220833,8534.845074220833,8551.202968025651,0.0,0.0,0.0,0.0,8450.0,8450.0,8541.202968025651,8541.202968025651,350.0,3660.595582305274,0.0,0,0,0,1
S5,continuous,D,846,127,8460.0,8460.0,8512.209282419535,8512.209282419535,8552.508880030387,0.0,0.0,0.0,0.0,8460.0,8460.0,8542.508880030387,8542.508880030387,300.0,3229.6590761537664,0.0,0,0,0,0
S5,continuous,D,847,223,8470.0,8530.0,8610.582122627067,8610.582122627067,8669.679667709092,60.0,0.0,0.0,0.0,8530.0,8530.0,8659.679667709092,8659.679667709092,350.0,3963.5781890582907,0.0,0,0,0,1
S5,continuous,D,848,279,8480.0,8540.0,8677.721593982717,8677.721593982717,8709.344361942842,60.0,0.0,0.0,0.0,8540.0,8540.0,8699.344361942842,8699.344361942842,350.0,6237.744919312489,0.0,0,0,0,1
S5,continuous,D,849,296,8490.0,8490.0,8590.852589041448,8590.852589041448,8618.084113611023,0.0,0.0,0.0,0.0,8490.0,8490.0,8608.084113611023,8608.084113611023,350.0,4079.178764327307,0.0,0,0,0,1
S5,continuous,D,850,201,8500.0,8500.0,8583.347840660868,8583.347840660868,8624.674261669195,0.0,0.0,0.0,0.0,8500.0,8500.0,8614.674261669195,8614.674261669195,350.0,2192.985401476089,0.0,0,0,0,1
S5,continuous,D,851,59,8510.0,8510.0,8605.879873816542,8605.879873816542,8631.52250604236,0.0,0.0,0.0,0.0,8510.0,8510.0,8621.52250604236,8621.52250604236,350.0,3690.77396690132,0.0,0,0,0,1
S5,continuous,D,852,67,8520.0,8520.0,8615.423849659848,8615.423849659848,8653.953898808732,0.0,0.0,0.0,0.0,8520.0,8520.0,8643.953898808732,8643.953898808732,350.0,5060.435305256155,0.0,0,0,0,1
S5,continuous,D,853,144,8530.0,8530.0,8613.635880267107,8613.635880267107,8630.811415395916,0.0,0.0,0.0,0.0,8530.0,8530.0,8620.811415395916,8620.811415395916,350.0,3113.140397937731,0.0,0,0,0,1
S5,continuous,D,854,140,8540.0,8540.0,8676.806778686354,8676.806778686354,8722.628682932824,0.0,0.0,0.0,0.0,8540.0,8540.0,8712.628682932824,8712.628682932824,350.0,6762.584508446227,0.0,0,0,0,1
S5,continuous,D,855,182,8550.0,8550.0,8645.207505594775,8645.207505594775,8696.533926603102,0.0,0.0,0.0,0.0,8550.0,8550.0,8686.533926603102,8686.533926603102,400.0,4629.40775454988,0.0,0,0,0,1
S5,continuous,D,856,177,8560.0,8560.0,8631.880076813914,8631.880076813914,8649.217229352338,0.0,0.0,0.0,0.0,8560.0,8560.0,8639.217229352338,8639.217229352338,350.0,4058.5922998007545,0.0,0,0,0,1
S5,continuous,D,857,240,8570.0,8570.0,8713.082441864957,8713.082441864957,8733.580153716488,0.0,0.0,0.0,0.0,8570.0,8570.0,8723.580153716488,8723.580153716488,350.0,5980.427106460273,0.0,0,0,0,1
S5,continuous,D,858,126,8580.0,8580.0,8637.540974198508,8637.540974198508,8661.764837730585,0.0,0.0,0.0,0.0,8580.0,8580.0,8651.764837730585,8651.764837730585,350.0,2289.84941204396,0.0,0,0,0,1
S5,continuous,D,859,166,8590.0,8590.0,8733.019613287837,8733.019613287837,8778.108555903249,0.0,0.0,0.0,0.0,8590.0,8590.0,8768.108555903249,8768.108555903249,350.0,6129.505284701058,0.0,0,0,0,1
S5,continuous,D,860,2,8600.0,8600.0,8734.152644317342,8734.152644317342,8794.011131607844,0.0,0.0,0.0,0.0,8600.0,8600.0,8784.011131607844,8784.011131607844,350.0,6462.317262991644,0.0,0,0,0,1
S5,continuous,D,861,82,8610.0,8610.0,8657.47074992169,8657.47074992169,8696.000799070573,0.0,0.0,0.0,0.0,8610.0,8610.0,8686.000799070573,8686.000799070573,350.0,2537.268323371372,0.0,0,0,0,1
S5,continuous,D,862,254,8620.0,8620.0,8760.584174467553,8760.584174467553,8802.535151633116,0.0,0.0,0.0,0.0,8620.0,8620.0,8792.535151633116,8792.535151633116,350.0,7914.698331481013,0.0,0,0,0,1
S5,continuous,D,863,108,8630.0,8630.0,8699.264337001874,8699.264337001874,8748.138612367795,0.0,0.0,0.0,0.0,8630.0,8630.0,8738.138612367795,8738.138612367795,300.0,3774.609465464973,0.8873966457226743,1,0,1,0
S5,continuous,D,864,90,8640.0,8640.0,8761.131852801687,8761.131852801687,8830.197690240344,0.0,0.0,0.0,0.0,8640.0,8640.0,8820.197690240344,8820.197690240344,400.0,6127.246270048781,0.0,0,0,0,1
S5,continuous,D,865,115,8650.0,8710.0,8799.114528043174,8799.114528043174,8858.480326591192,60.0,0.0,0.0,0.0,8710.0,8710.0,8848.480326591192,8848.480326591192,350.0,4533.746484128762,0.0,0,0,0,1
S5,continuous,D,866,228,8660.0,8660.0,8714.694350800271,8714.694350800271,8750.577012129957,0.0,0.0,0.0,0.0,8660.0,8660.0,8740.577012129957,8740.577012129957,300.0,2364.837858558831,0.0,0,0,0,0
S5,continuous,D,867,24,8670.0,8670.0,8755.498488282941,8755.498488282941,8779.195334870737,0.0,0.0,0.0,0.0,8670.0,8670.0,8769.195334870737,8769.195334870737,300.0,5171.024554290625,0.0,0,0,0,0
S5,continuous,D,868,196,8680.0,8680.0,8743.225297491781,8743.225297491781,8803.8474617154,0.0,0.0,0.0,0.0,8680.0,8680.0,8793.8474617154,8793.8474617154,350.0,2440.158447656111,0.0,0,0,0,1
S5,continuous,D,869,7,8690.0,8750.0,8817.844857169453,8817.844857169453,8853.666761415923,60.0,0.0,0.0,0.0,8750.0,8750.0,8843.666761415923,8843.666761415923,300.0,2770.3040370157023,0.0,0,0,0,0
S5,continuous,D,870,105,8700.0,8700.0,8794.076287405574,8794.076287405574,8816.84793653441,0.0,0.0,0.0,0.0,8700.0,8700.0,8806.84793653441,8806.84793653441,350.0,4708.7376354255875,0.0,0,0,0,1
S5,continuous,D,871,63,8710.0,8710.0,8826.633261416731,8826.633261416731,8884.527900567382,0.0,0.0,0.0,0.0,8710.0,8710.0,8874.527900567382,8874.527900567382,350.0,6114.953265994237,0.0,0,0,0,1
S5,continuous,D,872,190,8720.0,8720.0,8801.915851955804,8801.915851955804,8852.215449566656,0.0,0.0,0.0,0.0,8720.0,8720.0,8842.215449566656,8842.215449566656,350.0,4892.456201288916,0.0,0,0,0,1
S5,continuous,D,873,131,8730.0,8730.0,8807.235648923473,8807.235648923473,8813.593542728291,0.0,0.0,0.0,0.0,8730.0,8730.0,8807.235648923473,8807.235648923473,300.0,2227.329982965557,0.0,0,0,0,0
S5,continuous,D,874,161,8740.0,8740.0,8848.031732231928,8848.031732231928,8905.926371382579,0.0,0.0,0.0,0.0,8740.0,8740.0,8895.926371382579,8895.926371382579,350.0,5115.568980367251,0.0,0,0,0,1
S5,continuous,D,875,255,8750.0,8750.0,8771.341449616684,8771.341449616684,8781.839161468215,0.0,0.0,0.0,0.0,8750.0,8750.0,8771.839161468215,8771.839161468215,300.0,1213.4046111165144,0.0,0,0,0,0
S5,continuous,D,876,6,8760.0,8760.0,8876.36966524533,8876.36966524533,8914.028655279768,0.0,0.0,0.0,0.0,8760.0,8760.0,8904.028655279768,8904.028655279768,350.0,5996.201942319836,0.0,0,0,0,1
S5,continuous,D,877,14,8770.0,8830.0,8897.844857169453,8897.844857169453,8933.666761415923,60.0,0.0,0.0,0.0,8830.0,8830.0,8923.666761415923,8923.666761415923,300.0,2770.3040370157023,0.0,0,0,0,0
S5,continuous,D,878,0,8780.0,8840.0,8870.412820807203,8870.412820807203,8906.322565862476,60.0,0.0,0.0,0.0,8840.0,8840.0,8896.322565862476,8896.322565862476,300.0,745.7645728425504,0.0,0,0,0,0
S5,continuous,D,879,129,8790.0,8790.0,8858.105039567874,8858.105039567874,8917.202584649898,0.0,0.0,0.0,0.0,8790.0,8790.0,8907.202584649898,8907.202584649898,350.0,2757.851490354303,0.0,0,0,0,1
S5,continuous,D,880,235,8800.0,8800.0,8868.097459963512,8868.097459963512,8912.005301545416,0.0,0.0,0.0,0.0,8800.0,8800.0,8902.005301545416,8902.005301545416,300.0,4367.29975417992,0.0,0,0,0,0
S5,continuous,D,881,201,8810.0,8810.0,8964.64782628422,8964.64782628422,9021.840363104602,0.0,0.0,0.0,0.0,8810.0,8810.0,9011.840363104602,9011.840363104602,500.0,5084.9268592554,0.0,0,0,0,1
S5,continuous,D,882,52,8820.0,8820.0,8903.49658653675,8903.49658653675,8939.379247866436,0.0,0.0,0.0,0.0,8820.0,8820.0,8929.379247866436,8929.379247866436,300.0,2671.2456928508245,0.0,0,0,0,0
S5,continuous,D,883,28,8830.0,8830.0,8913.414522236219,8913.414522236219,8959.324267291491,0.0,0.0,0.0,0.0,8830.0,8830.0,8949.324267291491,8949.324267291491,350.0,4111.239525900419,0.0,0,0,0,1
S5,continuous,D,884,128,8840.0,8840.0,8962.325708664608,8962.325708664608,9012.947872888228,0.0,0.0,0.0,0.0,8840.0,8840.0,9002.947872888228,9002.947872888228,300.0,7357.48987990827,0.0,0,0,0,0
S5,continuous,D,885,164,8850.0,8850.0,8899.213307863467,8899.213307863467,8959.071795153968,0.0,0.0,0.0,0.0,8850.0,8850.0,8949.071795153968,8949.071795153968,350.0,1575.978864110955,0.0,0,0,0,1
S5,continuous,D,886,108,8860.0,8860.0,8941.755621125149,8941.755621125149,8992.670780709494,0.0,0.0,0.0,0.0,8860.0,8860.0,8982.670780709494,8982.670780709494,350.0,4645.7925399884125,0.0,0,0,0,1
S5,continuous,D,887,81,8870.0,8870.0,8909.828127580107,8909.828127580107,8957.722766730758,0.0,0.0,0.0,0.0,8870.0,8870.0,8947.722766730758,8947.722766730758,300.0,2442.223961224253,0.0,0,0,0,0
S5,continuous,D,888,36,8880.0,8880.0,9025.754551807311,9025.754551807311,9080.843494422723,0.0,0.0,0.0,0.0,8880.0,8880.0,9070.843494422723,9070.843494422723,400.0,6546.31738490052,0.0,0,0,0,1
S5,continuous,D,889,160,8890.0,8890.0,8970.627666658876,8970.627666658876,9003.12821957627,0.0,0.0,0.0,0.0,8890.0,8890.0,8993.12821957627,8993.12821957627,350.0,3161.660844330986,0.0,0,0,0,1
S5,continuous,D,890,99,8900.0,9020.0,9141.94642002603,9141.94642002603,9164.718069154866,120.0,0.0,0.0,0.0,9020.0,9020.0,9154.718069154866,9154.718069154866,350.0,5412.518635637647,0.0,0,0,0,1
S5,continuous,D,891,12,8910.0,8910.0,9041.476480948557,9041.476480948557,9140.574026030581,0.0,0.0,0.0,0.0,8910.0,8910.0,9130.574026030581,9130.574026030581,550.0,3102.646405732946,0.0,0,0,0,1
S5,continuous,D,892,229,8920.0,8920.0,9047.053131455848,9047.053131455848,9064.390283994273,0.0,0.0,0.0,0.0,8920.0,8920.0,9054.390283994273,9054.390283994273,350.0,6880.021422491752,0.0,0,0,0,1
S5,continuous,D,893,109,8930.0,8990.0,9100.170961089781,9100.170961089781,9160.029448380283,60.0,0.0,0.0,0.0,8990.0,8990.0,9150.029448380283,9150.029448380283,350.0,4073.853761481122,0.0,0,0,0,1
S5,continuous,D,894,115,8940.0,8940.0,9018.787936117767,9018.787936117767,9040.410704077893,0.0,0.0,0.0,0.0,8940.0,8940.0,9030.410704077893,9030.410704077893,300.0,4298.032232528006,0.0,0,0,0,0
S5,continuous,D,895,208,8950.0,8950.0,9063.228850514639,9063.228850514639,9099.52550554212,0.0,0.0,0.0,0.0,8950.0,8950.0,9089.52550554212,9089.52550554212,350.0,4075.0576070179236,0.0,0,0,0,1
S5,continuous,D,896,263,8960.0,8960.0,9100.634531739355,9100.634531739355,9141.960952747682,0.0,0.0,0.0,0.0,8960.0,8960.0,9131.960952747682,9131.960952747682,350.0,5843.900760542057,0.0,0,0,0,1
S5,continuous,D,897,142,8970.0,9030.0,9104.059797306982,9104.059797306982,9131.6930574933,60.0,0.0,0.0,0.0,9030.0,9030.0,9121.6930574933,9121.6930574933,350.0,1505.3167071068542,0.0,0,0,0,1
S5,continuous,D,898,78,8980.0,8980.0,9018.415127963655,9018.415127963655,9058.714725574508,0.0,0.0,0.0,0.0,8980.0,8980.0,9048.714725574508,9048.714725574508,300.0,1711.8383334476046,0.0,0,0,0,0
S5,continuous,D,899,232,8990.0,8990.0,9049.888430933286,9049.888430933286,9067.521691119604,0.0,0.0,0.0,0.0,8990.0,8990.0,9057.521691119604,9057.521691119604,300.0,2819.8960616989657,0.0,0,0,0,0
S5,continuous,D,900,288,9000.0,9000.0,9137.277758405864,9137.277758405864,9154.614910944289,0.0,0.0,0.0,0.0,9000.0,9000.0,9144.614910944289,9144.614910944289,350.0,5577.645412621964,0.0,0,0,0,1
S5,continuous,D,901,81,9010.0,9070.0,9166.030631020205,9166.030631020205,9201.119573635617,60.0,0.0,0.0,0.0,9070.0,9070.0,9191.119573635617,9191.119573635617,300.0,4363.052502682195,0.0,0,0,0,0
S5,continuous,D,902,123,9020.0,9020.0,9095.143303306477,9095.143303306477,9131.439958333958,0.0,0.0,0.0,0.0,9020.0,9020.0,9121.439958333958,9121.439958333958,350.0,3511.759480445397,0.0,0,0,0,1
S5,continuous,D,903,103,9030.0,9030.0,9122.141033199183,9122.141033199183,9151.42655838759,0.0,0.0,0.0,0.0,9030.0,9030.0,9141.42655838759,9141.42655838759,300.0,3263.4365305037463,0.0,0,0,0,0
S5,continuous,D,904,245,9040.0,9040.0,9155.813017786459,9155.813017786459,9176.31072963799,0.0,0.0,0.0,0.0,9040.0,9040.0,9166.31072963799,9166.31072963799,350.0,5447.336714173708,0.0,0,0,0,1
S5,continuous,D,905,151,9050.0,9110.0,9211.41518602954,9211.41518602954,9272.03735025316,60.0,0.0,0.0,0.0,9110.0,9110.0,9262.03735025316,9262.03735025316,350.0,5994.998816551326,0.0,0,0,0,1
S5,continuous,D,906,234,9060.0,9060.0,9175.07120767986,9175.07120767986,9197.088365357862,0.0,0.0,0.0,0.0,9060.0,9060.0,9187.088365357862,9187.088365357862,350.0,6114.164781530401,0.0,0,0,0,1
S5,continuous,D,907,194,9070.0,9070.0,9163.022823509655,9163.022823509655,9200.681813544092,0.0,0.0,0.0,0.0,9070.0,9070.0,9190.681813544092,9190.681813544092,350.0,3250.0483431145058,0.0,0,0,0,1
S5,continuous,D,908,53,9080.0,9080.0,9203.797336466381,9203.797336466381,9282.894881548405,0.0,0.0,0.0,0.0,9080.0,9080.0,9272.894881548405,9272.894881548405,450.0,4866.847527655366,0.0,0,0,0,1
S5,continuous,D,909,32,9090.0,9210.0,9326.349313060437,9326.349313060437,9358.84986597783,120.0,0.0,0.0,0.0,9210.0,9210.0,9348.84986597783,9348.84986597783,350.0,4779.35546091486,0.0,0,0,0,1
S5,continuous,D,910,275,9100.0,9100.0,9127.184558173303,9127.184558173303,9141.40842170538,0.0,0.0,0.0,0.0,9100.0,9100.0,9131.40842170538,9131.40842170538,300.0,1095.83816626912,0.0,0,0,0,0
S5,continuous,D,911,291,9110.0,9110.0,9193.13201226832,9193.13201226832,9213.62972411985,0.0,0.0,0.0,0.0,9110.0,9110.0,9203.62972411985,9203.62972411985,350.0,4585.464710869059,0.0,0,0,0,1
S5,continuous,D,912,165,9120.0,9120.0,9234.308932419644,9234.308932419644,9293.579457323895,0.0,0.0,0.0,0.0,9120.0,9120.0,9283.579457323895,9283.579457323895,350.0,5329.971193954446,0.0,0,0,0,1
S5,continuous,D,913,50,9130.0,9190.0,9210.439256046884,9210.439256046884,9246.261160293354,60.0,0.0,0.0,0.0,9190.0,9190.0,9236.261160293354,9236.261160293354,300.0,664.5883398798653,0.0,0,0,0,0
S5,continuous,D,914,186,9140.0,9140.0,9235.803846521352,9235.803846521352,9266.249775734083,0.0,0.0,0.0,0.0,9140.0,9140.0,9256.249775734083,9256.249775734083,350.0,3713.468652288151,0.0,0,0,0,1
S5,continuous,D,915,289,9150.0,9150.0,9251.590575642307,9251.590575642307,9278.62843811015,0.0,0.0,0.0,0.0,9150.0,9150.0,9268.62843811015,9268.62843811015,350.0,4830.362187052075,0.0,0,0,0,1
S5,continuous,D,916,73,9160.0,9160.0,9244.04319653223,9244.04319653223,9303.140741614254,0.0,0.0,0.0,0.0,9160.0,9160.0,9293.140741614254,9293.140741614254,350.0,3067.2665491503294,0.0,0,0,0,1
S5,continuous,D,917,220,9170.0,9170.0,9268.500373832914,9268.500373832914,9327.374649198835,0.0,0.0,0.0,0.0,9170.0,9170.0,9317.374649198835,9317.374649198835,350.0,3536.7460681397774,0.0,0,0,0,1
S5,continuous,D,918,33,9180.0,9180.0,9235.021413847613,9235.021413847613,9283.895689213534,0.0,0.0,0.0,0.0,9180.0,9180.0,9273.895689213534,9273.895689213534,300.0,2579.061609129392,0.0,0,0,0,0
S5,continuous,D,919,133,9190.0,9190.0,9328.340404982322,9328.340404982322,9348.838116833853,0.0,0.0,0.0,0.0,9190.0,9190.0,9338.838116833853,9338.838116833853,350.0,6738.205299536103,0.0,0,0,0,1
S5,continuous,D,920,64,9200.0,9200.0,9348.714269528055,9348.714269528055,9390.665246693618,0.0,0.0,0.0,0.0,9200.0,9200.0,9380.665246693618,9380.665246693618,350.0,6553.870106741297,0.0,0,0,0,1
S5,continuous,D,921,124,9210.0,9270.0,9322.48153810149,9322.48153810149,9368.391283156763,60.0,0.0,0.0,0.0,9270.0,9270.0,9358.391283156763,9358.391283156763,350.0,2370.5932085656214,0.0,0,0,0,1
S5,continuous,D,922,120,9220.0,9220.0,9296.935467771296,9296.935467771296,9342.818129100982,0.0,0.0,0.0,0.0,9220.0,9220.0,9332.818129100982,9332.818129100982,350.0,1697.5535809403452,0.0,0,0,0,1
S5,continuous,D,923,57,9230.0,9230.0,9269.828127580107,9269.828127580107,9317.722766730758,0.0,0.0,0.0,0.0,9230.0,9230.0,9307.722766730758,9307.722766730758,300.0,2442.223961224253,0.0,0,0,0,0
S5,continuous,D,924,19,9240.0,9240.0,9360.9483096888,9360.9483096888,9400.233834877206,0.0,0.0,0.0,0.0,9240.0,9240.0,9390.233834877206,9390.233834877206,350.0,5672.671346652249,0.0,0,0,0,1
S5,continuous,D,925,66,9250.0,9310.0,9382.340340407596,9382.340340407596,9413.666761415923,60.0,0.0,0.0,0.0,9310.0,9310.0,9403.666761415923,9403.666761415923,300.0,2770.3040370157023,0.0,0,0,0,0
S5,continuous,D,926,90,9260.0,9260.0,9322.021292278554,9322.021292278554,9362.320889889406,0.0,0.0,0.0,0.0,9260.0,9260.0,9352.320889889406,9352.320889889406,300.0,1813.1492989232863,0.0,0,0,0,0
S5,continuous,D,927,38,9270.0,9270.0,9370.755852789367,9370.755852789367,9429.821690228024,0.0,0.0,0.0,0.0,9270.0,9270.0,9419.821690228024,9419.821690228024,350.0,5008.18527657847,0.0,0,0,0,1
S5,continuous,D,928,206,9280.0,9340.0,9454.660195475913,9454.660195475913,9490.956850503395,60.0,0.0,0.0,0.0,9340.0,9340.0,9480.956850503395,9480.956850503395,350.0,4181.1476934734455,0.0,0,0,0,1
S5,continuous,D,929,18,9290.0,9290.0,9352.261169406618,9352.261169406618,9410.155808557269,0.0,0.0,0.0,0.0,9290.0,9290.0,9400.155808557269,9400.155808557269,350.0,2017.6104362427166,0.0,0,0,0,1
S5,continuous,D,930,29,9300.0,9300.0,9402.10151807333,9402.10151807333,9445.798364661126,0.0,0.0,0.0,0.0,9300.0,9300.0,9435.798364661126,9435.798364661126,400.0,5004.333741549465,0.0,0,0,0,1
S5,continuous,D,931,105,9310.0,9310.0,9407.6794389204,9407.6794389204,9424.854974049209,0.0,0.0,0.0,0.0,9310.0,9310.0,9414.854974049209,9414.854974049209,350.0,4930.505418153717,0.0,0,0,0,1
S5,continuous,D,932,142,9320.0,9320.0,9393.548077692227,9393.548077692227,9432.833602880633,0.0,0.0,0.0,0.0,9320.0,9320.0,9422.833602880633,9422.833602880633,350.0,1444.6171029950056,0.0,0,0,0,1
S5,continuous,D,933,73,9330.0,9390.0,9512.79362538984,9512.79362538984,9537.017488921918,60.0,0.0,0.0,0.0,9390.0,9390.0,9527.017488921918,9527.017488921918,350.0,5477.930228319098,0.0,0,0,0,1
S5,continuous,D,934,144,9340.0,9340.0,9461.338788524063,9461.338788524063,9521.960952747682,0.0,0.0,0.0,0.0,9340.0,9340.0,9511.960952747682,9511.960952747682,350.0,5843.900760542057,0.0,0,0,0,1
S5,continuous,D,935,149,9350.0,9350.0,9454.856912572795,9454.856912572795,9543.731187938716,0.0,0.0,0.0,0.0,9350.0,9350.0,9533.731187938716,9533.731187938716,500.0,2997.8552898061916,0.0,0,0,0,1
S5,continuous,D,936,196,9360.0,9360.0,9433.78288247974,9433.78288247974,9459.425514705557,0.0,0.0,0.0,0.0,9360.0,9360.0,9449.425514705557,9449.425514705557,350.0,3379.737140928075,0.0,0,0,0,1
S5,continuous,D,937,124,9370.0,9370.0,9489.21441735982,9489.21441735982,9539.514014970673,0.0,0.0,0.0,0.0,9370.0,9370.0,9529.514014970673,9529.514014970673,350.0,5369.695030044956,0.0,0,0,0,1
S5,continuous,D,938,82,9380.0,9380.0,9523.019613287837,9523.019613287837,9568.108555903249,0.0,0.0,0.0,0.0,9380.0,9380.0,9558.108555903249,9558.108555903249,350.0,6129.505284701058,0.0,0,0,0,1
S5,continuous,D,939,250,9390.0,9390.0,9505.633915841721,9505.633915841721,9551.543660896994,0.0,0.0,0.0,0.0,9390.0,9390.0,9541.543660896994,9541.543660896994,350.0,6261.603344134192,0.0,0,0,0,1
S5,continuous,D,940,63,9400.0,9400.0,9517.190235495362,9517.190235495362,9558.516656503689,0.0,0.0,0.0,0.0,9400.0,9400.0,9548.516656503689,9548.516656503689,350.0,6069.243780524726,0.0,0,0,0,1
S5,continuous,D,941,278,9410.0,9410.0,9490.170518059107,9490.170518059107,9510.668229910638,0.0,0.0,0.0,0.0,9410.0,9410.0,9500.668229910638,9500.668229910638,350.0,3124.88537774119,0.0,0,0,0,1
S5,continuous,D,942,131,9420.0,9420.0,9498.429930974673,9498.429930974673,9528.875860187403,0.0,0.0,0.0,0.0,9420.0,9420.0,9518.875860187403,9518.875860187403,350.0,2600.4069164247503,0.0,0,0,0,1
S5,continuous,D,943,5,9430.0,9430.0,9504.9485335066,9504.9485335066,9536.899510672163,0.0,0.0,0.0,0.0,9430.0,9430.0,9526.899510672163,9526.899510672163,300.0,3895.4914848160715,0.0,0,0,0,0
S5,continuous,D,944,263,9440.0,9500.0,9635.914986571606,9635.914986571606,9663.10752339199,60.0,0.0,0.0,0.0,9500.0,9500.0,9653.10752339199,9653.10752339199,350.0,6057.1936145077325,0.0,0,0,0,1
S5,continuous,D,945,183,9450.0,9450.0,9501.996164663273,9501.996164663273,9518.35405846809,0.0,0.0,0.0,0.0,9450.0,9450.0,9508.35405846809,9508.35405846809,350.0,2284.1748823979224,0.0,0,0,0,1
S5,continuous,D,946,74,9460.0,9460.0,9566.70445586822,9566.70445586822,9588.72161354622,0.0,0.0,0.0,0.0,9460.0,9460.0,9578.72161354622,9578.72161354622,350.0,3568.7004771758498,0.0,0,0,0,1
S5,continuous,D,947,212,9470.0,9470.0,9534.061868950277,9534.061868950277,9589.150811565689,0.0,0.0,0.0,0.0,9470.0,9470.0,9579.150811565689,9579.150811565689,400.0,3051.0553871754346,0.0,0,0,0,1
S5,continuous,D,948,241,9480.0,9600.0,9673.799700490119,9673.799700490119,9697.489411324297,120.0,0.0,0.0,0.0,9600.0,9600.0,9687.489411324297,9687.489411324297,300.0,2024.5149392803185,0.0,0,0,0,0
S5,continuous,D,949,42,9490.0,9550.0,9641.503434879683,9641.503434879683,9673.126202839809,60.0,0.0,0.0,0.0,9550.0,9550.0,9663.126202839809,9663.126202839809,350.0,5379.82890919281,0.0,0,0,0,1
S5,continuous,D,950,163,9500.0,9500.0,9566.262276033976,9566.262276033976,9605.547801222383,0.0,0.0,0.0,0.0,9500.0,9500.0,9595.547801222383,9595.547801222383,350.0,2609.711931634545,0.0,0,0,0,1
S5,continuous,D,951,261,9510.0,9510.0,9641.043807651295,9641.043807651295,9674.74065423909,0.0,0.0,0.0,0.0,9510.0,9510.0,9664.74065423909,9664.74065423909,350.0,5580.421178807852,0.0,0,0,0,1
S5,continuous,D,952,11,9520.0,9520.0,9624.883442140412,9624.883442140412,9656.834419305975,0.0,0.0,0.0,0.0,9520.0,9520.0,9646.834419305975,9646.834419305975,300.0,6274.846110710529,0.0,0,0,0,0
S5,continuous,D,953,23,9530.0,9650.0,9702.078246686806,9702.078246686806,9730.60829583569,120.0,0.0,0.0,0.0,9650.0,9650.0,9720.60829583569,9720.60829583569,300.0,600.6197106330482,0.0,0,0,0,0
S5,continuous,D,954,234,9540.0,9540.0,9579.383008953202,9579.383008953202,9615.292754008475,0.0,0.0,0.0,0.0,9540.0,9540.0,9605.292754008475,9605.292754008475,300.0,1471.6786312821475,0.0005207482861351309,1,0,1,0
S5,continuous,D,955,276,9550.0,9550.0,9647.780680489106,9647.780680489106,9686.31072963799,0.0,0.0,0.0,0.0,9550.0,9550.0,9676.31072963799,9676.31072963799,350.0,5447.336714173708,0.0,0,0,0,1
S5,continuous,D,956,90,9560.0,9560.0,9615.78608767299,9615.78608767299,9636.28379952452,0.0,0.0,0.0,0.0,9560.0,9560.0,9626.28379952452,9626.28379952452,350.0,2154.2262186067037,0.0,0,0,0,1
S5,continuous,D,957,197,9570.0,9570.0,9682.574036766902,9682.574036766902,9708.21666899272,0.0,0.0,0.0,0.0,9570.0,9570.0,9698.21666899272,9698.21666899272,350.0,3972.258035128041,0.0,0,0,0,1
S5,continuous,D,958,144,9580.0,9580.0,9702.23266404752,9702.23266404752,9747.321606662932,0.0,0.0,0.0,0.0,9580.0,9580.0,9737.321606662932,9737.321606662932,350.0,5272.48046357587,0.0,0,0,0,1
S5,continuous,D,959,109,9590.0,9590.0,9648.280275939918,9648.280275939918,9654.638169744736,0.0,0.0,0.0,0.0,9590.0,9590.0,9648.280275939918,9648.280275939918,300.0,3474.6498654087445,0.0,0,0,0,0
S5,continuous,D,960,290,9600.0,9600.0,9657.540974198508,9657.540974198508,9681.764837730585,0.0,0.0,0.0,0.0,9600.0,9600.0,9671.764837730585,9671.764837730585,350.0,2289.84941204396,0.0,0,0,0,1
S5,continuous,D,961,154,9610.0,9610.0,9692.26349140251,9692.26349140251,9706.487354934587,0.0,0.0,0.0,0.0,9610.0,9610.0,9696.487354934587,9696.487354934587,300.0,4094.486576386665,1.837256402242474,1,0,2,0
S5,continuous,D,962,177,9620.0,9620.0,9705.204770040547,9705.204770040547,9764.302315122572,0.0,0.0,0.0,0.0,9620.0,9620.0,9754.302315122572,9754.302315122572,350.0,4571.554031835097,0.0,0,0,0,1
S5,continuous,D,963,43,9630.0,9630.0,9751.967522746272,9751.967522746272,9788.264177773754,0.0,0.0,0.0,0.0,9630.0,9630.0,9778.264177773754,9778.264177773754,350.0,4742.482043932154,0.0,0,0,0,1
S5,continuous,D,964,18,9640.0,9640.0,9760.847066404875,9760.847066404875,9788.480326591192,0.0,0.0,0.0,0.0,9640.0,9640.0,9778.480326591192,9778.480326591192,350.0,4533.746484128762,0.0,0,0,0,1
S5,continuous,D,965,28,9650.0,9650.0,9748.264698218089,9748.264698218089,9797.535223122339,0.0,0.0,0.0,0.0,9650.0,9650.0,9787.535223122339,9787.535223122339,300.0,4582.898227318714,0.0,0,0,0,0
S5,continuous,D,966,110,9660.0,9660.0,9759.635874159992,9759.635874159992,9788.165923308876,0.0,0.0,0.0,0.0,9660.0,9660.0,9778.165923308876,9778.165923308876,300.0,3746.6928206485163,0.0,0,0,0,0
S5,continuous,D,967,210,9670.0,9670.0,9698.447184940367,9698.447184940367,9744.269089186837,0.0,0.0,0.0,0.0,9670.0,9670.0,9734.269089186837,9734.269089186837,350.0,1247.0745946701434,0.0,0,0,0,1
S5,continuous,D,968,134,9680.0,9740.0,9782.866453027218,9782.866453027218,9793.364164878749,60.0,0.0,0.0,0.0,9740.0,9740.0,9783.364164878749,9783.364164878749,300.0,387.1505867042697,0.0,0,0,0,0
S5,continuous,D,969,57,9690.0,9690.0,9756.658770289067,9756.658770289067,9825.929295193317,0.0,0.0,0.0,0.0,9690.0,9690.0,9815.929295193317,9815.929295193317,400.0,3114.4459775158857,0.0,0,0,0,1
S5,continuous,D,970,283,9700.0,9760.0,9884.102681171971,9884.102681171971,9929.191623787383,60.0,0.0,0.0,0.0,9760.0,9760.0,9919.191623787383,9919.191623787383,350.0,6421.424623100769,0.0,0,0,0,1
S5,continuous,D,971,293,9710.0,9710.0,9819.379051381451,9819.379051381451,9851.879604298845,0.0,0.0,0.0,0.0,9710.0,9710.0,9841.879604298845,9841.879604298845,350.0,5376.467317102932,0.0,0,0,0,1
S5,continuous,D,972,247,9720.0,9780.0,9921.099005020518,9921.099005020518,9966.18794763593,60.0,0.0,0.0,0.0,9780.0,9780.0,9956.18794763593,9956.18794763593,350.0,5987.696434386779,0.0,0,0,0,1
S5,continuous,D,973,260,9730.0,9730.0,9861.86839235012,9861.86839235012,9884.640041478955,0.0,0.0,0.0,0.0,9730.0,9730.0,9874.640041478955,9874.640041478955,350.0,5244.193491857714,0.0,0,0,0,1
S5,continuous,D,974,249,9740.0,9740.0,9815.049119370016,9815.049119370016,9845.495048582747,0.0,0.0,0.0,0.0,9740.0,9740.0,9835.495048582747,9835.495048582747,350.0,3751.2525744532377,0.0,0,0,0,1
S5,continuous,D,975,223,9750.0,9810.0,9944.069966941559,9944.069966941559,9975.692734901684,60.0,0.0,0.0,0.0,9810.0,9810.0,9965.692734901684,9965.692734901684,350.0,6270.427540705639,0.0,0,0,0,1
S5,continuous,D,976,118,9760.0,9760.0,9885.188944710932,9885.188944710932,9931.010848957401,0.0,0.0,0.0,0.0,9760.0,9760.0,9921.010848957401,9921.010848957401,350.0,5743.938223552614,0.0,0,0,0,1
S5,continuous,D,977,299,9770.0,9770.0,9925.497289165272,9925.497289165272,9952.535151633116,0.0,0.0,0.0,0.0,9770.0,9770.0,9942.535151633116,9942.535151633116,350.0,7914.698331481013,0.0,0,0,0,1
S5,continuous,D,978,290,9780.0,9840.0,9934.274286775824,9934.274286775824,9993.340124214481,60.0,0.0,0.0,0.0,9840.0,9840.0,9983.340124214481,9983.340124214481,350.0,4204.261941400438,0.0,0,0,0,1
S5,continuous,D,979,266,9790.0,9790.0,9883.64809458459,9883.64809458459,9944.27025880821,0.0,0.0,0.0,0.0,9790.0,9790.0,9934.27025880821,9934.27025880821,350.0,4869.444022833896,0.0,0,0,0,1
S5,continuous,D,980,206,9800.0,9800.0,9893.793459128601,9893.793459128601,9917.48316996278,0.0,0.0,0.0,0.0,9800.0,9800.0,9907.48316996278,9907.48316996278,300.0,3327.121585616485,0.0,0,0,0,0
S5,continuous,D,981,13,9810.0,9870.0,9939.245937056678,9939.245937056678,9986.28379952452,60.0,0.0,0.0,0.0,9870.0,9870.0,9976.28379952452,9976.28379952452,450.0,2354.2262186067032,0.0,0,0,0,1
S5,continuous,D,982,155,9820.0,9820.0,9934.649110201754,9934.649110201754,9951.841647022136,0.0,0.0,0.0,0.0,9820.0,9820.0,9941.841647022136,9941.841647022136,300.0,4685.0124537576385,0.08559450223947351,1,0,1,0
S5,continuous,D,983,124,9830.0,9830.0,9909.209832529707,9909.209832529707,9968.30737761173,0.0,0.0,0.0,0.0,9830.0,9830.0,9958.30737761173,9958.30737761173,350.0,3698.644259272144,0.0,0,0,0,1
S5,continuous,D,984,85,9840.0,9900.0,9982.744472841909,9982.744472841909,10009.937009662292,60.0,0.0,0.0,0.0,9900.0,9900.0,9999.937009662292,9999.937009662292,350.0,3276.2411760480036,0.0,0,0,0,1
S5,continuous,D,985,153,9850.0,9850.0,9960.161164023932,9960.161164023932,9976.51905782875,0.0,0.0,0.0,0.0,9850.0,9850.0,9966.51905782875,9966.51905782875,350.0,3795.286756387693,0.0,0,0,0,1
S5,continuous,D,986,274,9860.0,9920.0,10050.15804228328,10050.15804228328,10110.780206506899,60.0,0.0,0.0,0.0,9920.0,9920.0,10100.780206506899,10100.780206506899,350.0,6199.828845386371,0.0,0,0,0,1
S5,continuous,D,987,98,9870.0,9870.0,9964.529957320347,9964.529957320347,9991.72249414073,0.0,0.0,0.0,0.0,9870.0,9870.0,9981.72249414073,9981.72249414073,350.0,5429.2230541612835,0.0,0,0,0,1
S5,continuous,D,988,133,9880.0,9880.0,10005.101103902129,10005.101103902129,10051.010848957401,0.0,0.0,0.0,0.0,9880.0,9880.0,10041.010848957401,10041.010848957401,350.0,5743.938223552614,0.0,0,0,0,1
S5,continuous,D,989,12,9890.0,9890.0,9969.180677540533,9969.180677540533,9996.412202110108,0.0,0.0,0.0,0.0,9890.0,9890.0,9986.412202110108,9986.412202110108,350.0,3410.6686956441054,0.0,0,0,0,1
S5,continuous,D,990,41,9900.0,9960.0,10059.102978073426,10059.102978073426,10100.429399081753,60.0,0.0,0.0,0.0,9960.0,9960.0,10090.429399081753,10090.429399081753,350.0,4437.477612422235,0.0,0,0,0,1
S5,continuous,D,991,78,9910.0,9910.0,9920.658144485948,9920.658144485948,9944.347855320126,0.0,0.0,0.0,0.0,9910.0,9910.0,9934.347855320126,9934.347855320126,300.0,386.50018695749566,0.0,0,0,0,0
S5,continuous,D,992,171,9920.0,9920.0,10029.550586204658,10029.550586204658,10063.240297038836,0.0,0.0,0.0,0.0,9920.0,9920.0,10053.240297038836,10053.240297038836,350.0,4640.7200227395615,0.0,0,0,0,1
S5,continuous,D,993,178,9930.0,9930.0,9961.720737864001,9961.720737864001,10002.020335474854,0.0,0.0,0.0,0.0,9930.0,9930.0,9992.020335474854,9992.020335474854,300.0,1668.854948143293,0.0,0,0,0,0
S5,continuous,D,994,28,9940.0,10000.0,10062.021292278554,10062.021292278554,10102.320889889406,60.0,0.0,0.0,0.0,10000.0,10000.0,10092.320889889406,10092.320889889406,300.0,1813.1492989232863,0.0,0,0,0,0
S5,continuous,D,995,112,9950.0,9950.0,10058.419567203888,10058.419567203888,10104.302228533574,0.0,0.0,0.0,0.0,9950.0,9950.0,10094.302228533574,10094.302228533574,350.0,4908.921824727443,0.0,0,0,0,1
S5,continuous,D,996,252,9960.0,9960.0,10079.21441735982,10079.21441735982,10129.514014970673,0.0,0.0,0.0,0.0,9960.0,9960.0,10119.514014970673,10119.514014970673,350.0,5369.695030044956,0.0,0,0,0,1
S5,continuous,D,997,199,9970.0,9970.0,10046.83080824038,10046.83080824038,10060.129704194202,0.0,0.0,0.0,0.0,9970.0,9970.0,10050.129704194202,10050.129704194202,350.0,3484.4973176382005,0.0,0,0,0,1
S5,continuous,D,998,51,9980.0,9980.0,10121.742822845912,10121.742822845912,10167.564727092382,0.0,0.0,0.0,0.0,9980.0,9980.0,10157.564727092382,10157.564727092382,350.0,6017.740133832032,0.0,0,0,0,1
S5,continuous,D,999,189,9990.0,9990.0,10056.262276033976,10056.262276033976,10095.547801222383,0.0,0.0,0.0,0.0,9990.0,9990.0,10085.547801222383,10085.547801222383,350.0,2609.711931634545,0.0,0,0,0,1
S5,continuous,D,1000,152,10000.0,10060.0,10187.32113731063,10187.32113731063,10219.821690228024,60.0,0.0,0.0,0.0,10060.0,10060.0,10209.821690228024,10209.821690228024,350.0,5008.18527657847,0.0,0,0,0,1
S5,continuous,D,1001,37,10010.0,10010.0,10050.547546328524,10050.547546328524,10067.585408796367,0.0,0.0,0.0,0.0,10010.0,10010.0,10057.585408796367,10057.585408796367,300.0,2000.7740379626287,0.0,0,0,0,0
S5,continuous,D,1002,204,10020.0,10020.0,10130.161164023932,10130.161164023932,10146.51905782875,0.0,0.0,0.0,0.0,10020.0,10020.0,10136.51905782875,10136.51905782875,350.0,3795.286756387693,0.0,0,0,0,1
S5,continuous,D,1003,45,10030.0,10030.0,10071.706458138322,10071.706458138322,10094.207011055716,0.0,0.0,0.0,0.0,10030.0,10030.0,10084.207011055716,10084.207011055716,300.0,1432.067805700771,0.6058379982998758,1,0,1,0
S5,continuous,D,1004,36,10040.0,10040.0,10158.896259196283,10158.896259196283,10199.195856807135,0.0,0.0,0.0,0.0,10040.0,10040.0,10189.195856807135,10189.195856807135,300.0,5913.480989397913,0.0,0,0,0,0
S5,continuous,D,1005,44,10050.0,10050.0,10169.024091973986,10169.024091973986,10193.27026369161,0.0,0.0,0.0,0.0,10050.0,10050.0,10183.27026369161,10183.27026369161,400.0,5063.4839593394445,0.0,0,0,0,1
S5,continuous,D,1006,56,10060.0,10060.0,10100.28866473665,10100.28866473665,10154.196506318554,0.0,0.0,0.0,0.0,10060.0,10060.0,10144.196506318554,10144.196506318554,350.0,1896.2921907429777,0.0,0,0,0,1
S5,continuous,D,1007,11,10070.0,10070.0,10164.274286775824,10164.274286775824,10223.340124214481,0.0,0.0,0.0,0.0,10070.0,10070.0,10213.340124214481,10213.340124214481,350.0,4204.261941400438,0.0,0,0,0,1
S5,continuous,D,1008,281,10080.0,10080.0,10142.039549732364,10142.039549732364,10175.73639632016,0.0,0.0,0.0,0.0,10080.0,10080.0,10165.73639632016,10165.73639632016,350.0,2066.1604884018834,0.0,0,0,0,1
S5,continuous,D,1009,74,10090.0,10090.0,10188.697623019207,10188.697623019207,10199.195334870737,0.0,0.0,0.0,0.0,10090.0,10090.0,10189.195334870737,10189.195334870737,300.0,5171.024554290625,0.0,0,0,0,0
S5,continuous,D,1010,255,10100.0,10220.0,10337.311619547309,10337.311619547309,10375.841668696192,120.0,0.0,0.0,0.0,10220.0,10220.0,10365.841668696192,10365.841668696192,350.0,4911.616362895768,0.0,0,0,0,1
S5,continuous,D,1011,33,10110.0,10110.0,10137.172320191317,10137.172320191317,10144.347855320126,0.0,0.0,0.0,0.0,10110.0,10110.0,10137.172320191317,10137.172320191317,300.0,386.5001869574957,0.0,0,0,0,0
S5,continuous,D,1012,148,10120.0,10120.0,10184.289626346237,10184.289626346237,10210.586281373719,0.0,0.0,0.0,0.0,10120.0,10120.0,10200.586281373719,10200.586281373719,300.0,2203.0240864780794,0.0,0,0,0,0
S5,continuous,D,1013,91,10130.0,10130.0,10201.360406265323,10201.360406265323,10232.68682727365,0.0,0.0,0.0,0.0,10130.0,10130.0,10222.68682727365,10222.68682727365,300.0,3853.786085472885,0.9372305712267917,1,0,1,0
S5,continuous,D,1014,136,10140.0,10140.0,10209.112175688128,10209.112175688128,10268.209720770152,0.0,0.0,0.0,0.0,10140.0,10140.0,10258.209720770152,10258.209720770152,350.0,3321.670450693197,0.0,0,0,0,1
S5,continuous,D,1015,94,10150.0,10150.0,10208.88062398107,10208.88062398107,10244.790369036342,0.0,0.0,0.0,0.0,10150.0,10150.0,10234.790369036342,10234.790369036342,300.0,2134.613398804574,0.0,0,0,0,0
S5,continuous,D,1016,185,10160.0,10160.0,10262.081395108658,10262.081395108658,10321.447193656677,0.0,0.0,0.0,0.0,10160.0,10160.0,10311.447193656677,10311.447193656677,350.0,5608.450415505904,0.0,0,0,0,1
S5,continuous,D,1017,283,10170.0,10170.0,10266.604779485962,10266.604779485962,10325.670616924619,0.0,0.0,0.0,0.0,10170.0,10170.0,10315.670616924619,10315.670616924619,350.0,3633.8393002549005,0.0,0,0,0,1
S5,continuous,D,1018,206,10180.0,10180.0,10314.298852852728,10314.298852852728,10374.921017076347,0.0,0.0,0.0,0.0,10180.0,10180.0,10364.921017076347,10364.921017076347,350.0,6430.6835827676105,0.0,0,0,0,1
S5,continuous,D,1019,108,10190.0,10250.0,10372.222015960844,10372.222015960844,10385.520911914666,60.0,0.0,0.0,0.0,10250.0,10250.0,10375.520911914666,10375.520911914666,350.0,4890.311979607978,0.0,0,0,0,1
S5,continuous,D,1020,78,10200.0,10200.0,10221.695600226049,10221.695600226049,10238.927124795624,0.0,0.0,0.0,0.0,10200.0,10200.0,10228.927124795624,10228.927124795624,300.0,1140.4608532873824,0.0,0,0,0,0
S5,continuous,D,1021,105,10210.0,10210.0,10357.067272741935,10357.067272741935,10389.56782565933,0.0,0.0,0.0,0.0,10210.0,10210.0,10379.56782565933,10379.56782565933,350.0,7186.5028194321985,0.0,0,0,0,1
S5,continuous,D,1022,106,10220.0,10220.0,10288.725982181442,10288.725982181442,10357.791819620099,0.0,0.0,0.0,0.0,10220.0,10220.0,10347.791819620099,10347.791819620099,400.0,2816.5897481446173,0.0,0,0,0,1
S5,continuous,D,1023,152,10230.0,10290.0,10347.598839597642,10347.598839597642,10365.23209978396,60.0,0.0,0.0,0.0,10290.0,10290.0,10355.23209978396,10355.23209978396,300.0,1996.292978594211,0.0,0,0,0,0
S5,continuous,D,1024,216,10240.0,10240.0,10359.947385109946,10359.947385109946,10418.821660475867,0.0,0.0,0.0,0.0,10240.0,10240.0,10408.821660475867,10408.821660475867,350.0,5465.179622293795,0.0,0,0,0,1
S5,continuous,D,1025,250,10250.0,10250.0,10315.97273916714,10315.97273916714,10348.473292084534,0.0,0.0,0.0,0.0,10250.0,10250.0,10338.473292084534,10338.473292084534,350.0,2979.3897218042875,0.0,0,0,0,1
S5,continuous,D,1026,271,10260.0,10260.0,10390.09444658528,10390.09444658528,10407.431599123705,0.0,0.0,0.0,0.0,10260.0,10260.0,10397.431599123705,10397.431599123705,350.0,6172.671943167777,0.0,0,0,0,1
S5,continuous,D,1027,66,10270.0,10270.0,10342.360720948933,10342.360720948933,10391.42655838759,0.0,0.0,0.0,0.0,10270.0,10270.0,10381.42655838759,10381.42655838759,300.0,3263.4365305037463,0.0,0,0,0,0
S5,continuous,D,1028,79,10280.0,10280.0,10380.094816679004,10380.094816679004,10407.728076865322,0.0,0.0,0.0,0.0,10280.0,10280.0,10397.728076865322,10397.728076865322,350.0,3119.880696617638,0.0,0,0,0,1
S5,continuous,D,1029,171,10290.0,10290.0,10335.709427003412,10335.709427003412,10377.03584801174,0.0,0.0,0.0,0.0,10290.0,10290.0,10367.03584801174,10367.03584801174,350.0,931.6228531454854,0.0,0,0,0,1
S5,continuous,D,1030,165,10300.0,10300.0,10392.873898677912,10392.873898677912,10409.911761145755,0.0,0.0,0.0,0.0,10300.0,10300.0,10399.911761145755,10399.911761145755,300.0,6073.3506403809815,0.0,0,0,0,0
S5,continuous,D,1031,170,10310.0,10310.0,10364.726975262742,10364.726975262742,10391.764837730585,0.0,0.0,0.0,0.0,10310.0,10310.0,10381.764837730585,10381.764837730585,350.0,2289.84941204396,0.0,0,0,0,1
S5,continuous,D,1032,11,10320.0,10320.0,10425.480621958142,10425.480621958142,10467.431599123705,0.0,0.0,0.0,0.0,10320.0,10320.0,10457.431599123705,10457.431599123705,350.0,6172.671943167777,0.0,0,0,0,1
S5,continuous,D,1033,276,10330.0,10330.0,10464.152644317342,10464.152644317342,10524.011131607844,0.0,0.0,0.0,0.0,10330.0,10330.0,10514.011131607844,10514.011131607844,350.0,6462.317262991644,0.0,0,0,0,1
S5,continuous,D,1034,15,10340.0,10340.0,10429.298925105277,10429.298925105277,10475.181586434963,0.0,0.0,0.0,0.0,10340.0,10340.0,10465.181586434963,10465.181586434963,350.0,3351.574035258361,0.0,0,0,0,1
S5,continuous,D,1035,299,10350.0,10350.0,10416.571242236574,10416.571242236574,10439.071795153968,0.0,0.0,0.0,0.0,10350.0,10350.0,10429.071795153968,10429.071795153968,300.0,1475.978864110955,0.0,0,0,0,0
S5,continuous,D,1036,113,10360.0,10360.0,10470.49064899455,10470.49064899455,10504.180359828728,0.0,0.0,0.0,0.0,10360.0,10360.0,10494.180359828728,10494.180359828728,350.0,4708.807725275285,0.0,0,0,0,1
S5,continuous,D,1037,80,10370.0,10370.0,10444.918949167046,10444.918949167046,10504.777436457547,0.0,0.0,0.0,0.0,10370.0,10370.0,10494.777436457547,10494.777436457547,350.0,4415.375125002121,0.0,0,0,0,1
S5,continuous,D,1038,92,10380.0,10380.0,10446.235056028954,10446.235056028954,10490.142897610858,0.0,0.0,0.0,0.0,10380.0,10380.0,10480.142897610858,10480.142897610858,300.0,3894.1515530297725,0.339264064802137,1,0,1,0
S5,continuous,D,1039,227,10390.0,10390.0,10509.77524312076,10509.77524312076,10563.464953954937,0.0,0.0,0.0,0.0,10390.0,10390.0,10553.464953954937,10553.464953954937,450.0,4433.154503678405,0.0,0,0,0,1
S5,continuous,D,1040,191,10400.0,10400.0,10465.632956777463,10465.632956777463,10506.548116361808,0.0,0.0,0.0,0.0,10400.0,10400.0,10496.548116361808,10496.548116361808,300.0,2648.3102875723785,0.0,0,0,0,0
S5,continuous,D,1041,258,10410.0,10470.0,10557.437141233931,10557.437141233931,10603.319802563617,60.0,0.0,0.0,0.0,10470.0,10470.0,10593.319802563617,10593.319802563617,350.0,4354.505010754286,0.0,0,0,0,1
S5,continuous,D,1042,89,10420.0,10420.0,10486.1868207261,10486.1868207261,10546.0453080166,0.0,0.0,0.0,0.0,10420.0,10420.0,10536.0453080166,10536.0453080166,350.0,3307.4954552476656,0.0,0,0,0,1
S5,continuous,D,1043,207,10430.0,10430.0,10523.567956088022,10523.567956088022,10547.791819620099,0.0,0.0,0.0,0.0,10430.0,10430.0,10537.791819620099,10537.791819620099,350.0,2716.5897481446173,0.0,0,0,0,1
S5,continuous,D,1044,255,10440.0,10440.0,10507.513257191473,10507.513257191473,10541.202968025651,0.0,0.0,0.0,0.0,10440.0,10440.0,10531.202968025651,10531.202968025651,350.0,3660.595582305274,0.0,0,0,0,1
S5,continuous,D,1045,25,10450.0,10450.0,10521.115637260413,10521.115637260413,10580.386162164663,0.0,0.0,0.0,0.0,10450.0,10450.0,10570.386162164663,10570.386162164663,350.0,3159.8961404304227,0.0,0,0,0,1
S5,continuous,D,1046,45,10460.0,10520.0,10565.768901018075,10565.768901018075,10569.067796971896,60.0,0.0,0.0,0.0,10520.0,10520.0,10565.768901018075,10565.768901018075,300.0,1806.9222461889972,0.0,0,0,0,0
S5,continuous,D,1047,111,10470.0,10470.0,10618.714269528055,10618.714269528055,10660.665246693618,0.0,0.0,0.0,0.0,10470.0,10470.0,10650.665246693618,10650.665246693618,350.0,6553.870106741297,0.0,0,0,0,1
S5,continuous,D,1048,171,10480.0,10480.0,10600.515543475678,10600.515543475678,10627.747068045253,0.0,0.0,0.0,0.0,10480.0,10480.0,10617.747068045253,10617.747068045253,350.0,4432.160394103232,0.0,0,0,0,1
S5,continuous,D,1049,197,10490.0,10490.0,10615.879358335926,10615.879358335926,10660.968300951337,0.0,0.0,0.0,0.0,10490.0,10490.0,10650.968300951337,10650.968300951337,350.0,6241.382237957618,0.0,0,0,0,1
S5,continuous,D,1050,158,10500.0,10500.0,10615.183861861193,10615.183861861193,10652.84285189563,0.0,0.0,0.0,0.0,10500.0,10500.0,10642.84285189563,10642.84285189563,350.0,4236.63876001995,0.0,0,0,0,1
S5,continuous,D,1051,228,10510.0,10510.0,10583.01807035202,10583.01807035202,10613.46399956475,0.0,0.0,0.0,0.0,10510.0,10510.0,10603.46399956475,10603.46399956475,350.0,3756.075438687289,0.0,0,0,0,1
S5,continuous,D,1052,54,10520.0,10580.0,10615.255548740282,10615.255548740282,10664.526073644533,60.0,0.0,0.0,0.0,10580.0,10580.0,10654.526073644533,10654.526073644533,300.0,1719.584289395289,0.4883259999544407,1,0,1,0
S5,continuous,D,1053,118,10530.0,10530.0,10643.105425941298,10643.105425941298,10701.979701307218,0.0,0.0,0.0,0.0,10530.0,10530.0,10691.979701307218,10691.979701307218,350.0,6167.398254065804,0.0,0,0,0,1
S5,continuous,D,1054,295,10540.0,10540.0,10577.221221417829,10577.221221417829,10583.579115222647,0.0,0.0,0.0,0.0,10540.0,10540.0,10577.221221417829,10577.221221417829,300.0,1548.5752429539011,0.0,0,0,0,0
S5,continuous,D,1055,209,10550.0,10550.0,10629.482561233839,10629.482561233839,10632.78145718766,0.0,0.0,0.0,0.0,10550.0,10550.0,10629.482561233839,10629.482561233839,300.0,4667.972997847338,0.0,0,0,0,0
S5,continuous,D,1056,106,10560.0,10560.0,10660.583952005705,10660.583952005705,10719.458227371626,0.0,0.0,0.0,0.0,10560.0,10560.0,10709.458227371626,10709.458227371626,350.0,4451.505548363141,0.0,0,0,0,1
S5,continuous,D,1057,182,10570.0,10570.0,10681.720237116428,10681.720237116428,10699.057389654852,0.0,0.0,0.0,0.0,10570.0,10570.0,10689.057389654852,10689.057389654852,350.0,5584.6308795796,0.0,0,0,0,1
S5,continuous,D,1058,109,10580.0,10580.0,10685.371019313767,10685.371019313767,10735.670616924619,0.0,0.0,0.0,0.0,10580.0,10580.0,10725.670616924619,10725.670616924619,350.0,3633.839300254901,0.0,0,0,0,1
S5,continuous,D,1059,154,10590.0,10590.0,10681.155551224852,10681.155551224852,10718.81454125929,0.0,0.0,0.0,0.0,10590.0,10590.0,10708.81454125929,10708.81454125929,350.0,2574.0583155813765,0.0,0,0,0,1
S5,continuous,D,1060,18,10600.0,10600.0,10670.287678353741,10670.287678353741,10696.584333381223,0.0,0.0,0.0,0.0,10600.0,10600.0,10686.584333381223,10686.584333381223,300.0,3729.944120563894,0.0,0,0,0,0
S5,continuous,D,1061,9,10610.0,10670.0,10818.922188992432,10818.922188992432,10864.011131607844,60.0,0.0,0.0,0.0,10670.0,10670.0,10854.011131607844,10854.011131607844,350.0,6462.317262991644,0.0,0,0,0,1
S5,continuous,D,1062,87,10620.0,10620.0,10703.71454458507,10703.71454458507,10751.373534619506,0.0,0.0,0.0,0.0,10620.0,10620.0,10741.373534619506,10741.373534619506,400.0,3525.7248185865333,0.0,0,0,0,1
S5,continuous,D,1063,36,10630.0,10630.0,10657.066355852954,10657.066355852954,10685.596405001837,0.0,0.0,0.0,0.0,10630.0,10630.0,10675.596405001837,10675.596405001837,300.0,1206.0159124646534,0.0,0,0,0,0
S5,continuous,D,1064,198,10640.0,10640.0,10775.541052376097,10775.541052376097,10834.906850924115,0.0,0.0,0.0,0.0,10640.0,10640.0,10824.906850924115,10824.906850924115,350.0,5762.7297368563695,0.0,0,0,0,1
S5,continuous,D,1065,96,10650.0,10650.0,10745.22106819467,10745.22106819467,10791.04297244114,0.0,0.0,0.0,0.0,10650.0,10650.0,10781.04297244114,10781.04297244114,350.0,2934.787425493191,0.0,0,0,0,1
S5,continuous,D,1066,169,10660.0,10660.0,10787.146266255626,10787.146266255626,10838.061425839971,0.0,0.0,0.0,0.0,10660.0,10660.0,10828.061425839971,10828.061425839971,350.0,5901.562766299488,0.0,0,0,0,1
S5,continuous,D,1067,127,10670.0,10670.0,10709.164685326537,10709.164685326537,10750.079844910882,0.0,0.0,0.0,0.0,10670.0,10670.0,10740.079844910882,10740.079844910882,300.0,1728.1704415346794,0.0,0,0,0,0
S5,continuous,D,1068,257,10680.0,10680.0,10703.541688955132,10703.541688955132,10752.812213859383,0.0,0.0,0.0,0.0,10680.0,10680.0,10742.812213859383,10742.812213859383,300.0,753.1878730728996,0.0,0,0,0,0
S5,continuous,D,1069,273,10690.0,10750.0,10830.777337645992,10830.777337645992,10866.687082701264,60.0,0.0,0.0,0.0,10750.0,10750.0,10856.687082701264,10856.687082701264,300.0,4477.320190186221,0.0,0,0,0,0
S5,continuous,D,1070,163,10700.0,10700.0,10777.741414619977,10777.741414619977,10838.363578843597,0.0,0.0,0.0,0.0,10700.0,10700.0,10828.363578843597,10828.363578843597,350.0,4477.135011152803,0.0,0,0,0,1
S5,continuous,D,1071,194,10710.0,10710.0,10813.61893066641,10813.61893066641,10837.842794198486,0.0,0.0,0.0,0.0,10710.0,10710.0,10827.842794198486,10827.842794198486,350.0,4951.0758225069085,0.0,0,0,0,1
S5,continuous,D,1072,164,10720.0,10720.0,10825.18276394308,10825.18276394308,10883.07740309373,0.0,0.0,0.0,0.0,10720.0,10720.0,10873.07740309373,10873.07740309373,350.0,4521.172664008148,0.0,0,0,0,1
S5,continuous,D,1073,119,10730.0,10730.0,10805.632956777463,10805.632956777463,10856.548116361808,0.0,0.0,0.0,0.0,10730.0,10730.0,10846.548116361808,10846.548116361808,350.0,2748.3102875723785,0.0,0,0,0,1
S5,continuous,D,1074,154,10740.0,10740.0,10806.844109595524,10806.844109595524,10833.140764623005,0.0,0.0,0.0,0.0,10740.0,10740.0,10823.140764623005,10823.140764623005,300.0,2423.939120221942,0.0,0,0,0,0
S5,continuous,D,1075,73,10750.0,10870.0,10929.171557582553,10929.171557582553,10969.471155193405,120.0,0.0,0.0,0.0,10870.0,10870.0,10959.471155193405,10959.471155193405,300.0,1937.2510650254817,0.0,0,0,0,0
S5,continuous,D,1076,17,10760.0,10760.0,10841.476480948557,10841.476480948557,10890.574026030581,0.0,0.0,0.0,0.0,10760.0,10760.0,10880.574026030581,10880.574026030581,300.0,2602.646405732946,0.0,0,0,0,0
S5,continuous,D,1077,59,10770.0,10830.0,10920.961685320955,10920.961685320955,10937.999547788799,60.0,0.0,0.0,0.0,10830.0,10830.0,10927.999547788799,10927.999547788799,300.0,3110.9526313075075,0.0,0,0,0,0
S5,continuous,D,1078,67,10780.0,10780.0,10912.702694265174,10912.702694265174,10950.36168429961,0.0,0.0,0.0,0.0,10780.0,10780.0,10940.36168429961,10940.36168429961,350.0,5374.250324055951,0.0,0,0,0,1
S5,continuous,D,1079,1,10790.0,10790.0,10927.721593982717,10927.721593982717,10959.344361942842,0.0,0.0,0.0,0.0,10790.0,10790.0,10949.344361942842,10949.344361942842,350.0,6237.744919312489,0.0,0,0,0,1
