scenario_id,sweep,model,flight_id,aircraft_id,planned_start_time,start_time,cruise_arrival_time,descent_start_time,end_time,delay_s,takeoff_pad_delay_s,landing_pad_delay_s,pad_delay_s,takeoff_pad_start_s,takeoff_pad_end_s,landing_pad_start_s,landing_pad_end_s,cruise_altitude,distance_m,detour_distance_m,building_risks,building_collisions,path_changes,altitude_changes
S4,continuous,B,0,198,0.0,0.0,97.56778560791801,97.56778560791801,139.52330970433184,0.0,0.0,0.0,0.0,0.0,30.0,129.52330970433184,319.52330970433184,350.0,3933.3743573219017,0.0,0,0,0,1
S4,continuous,B,1,168,10.0,10.0,109.4272533266314,109.4272533266314,159.2193789455059,0.0,0.0,0.0,0.0,10.0,40.0,149.2193789455059,339.2193789455059,350.0,4352.470093763564,0.0,0,0,0,1
S4,continuous,B,2,43,20.0,20.0,97.22512647403533,97.22512647403533,113.90549813456977,0.0,0.0,0.0,0.0,20.0,50.0,103.90549813456977,293.90549813456977,350.0,2661.907869652164,0.0,0,0,0,1
S4,continuous,B,3,64,30.0,30.0,148.94021788422214,148.94021788422214,191.93883654581583,0.0,0.0,0.0,0.0,30.0,60.0,181.93883654581583,371.93883654581583,350.0,4972.062423789136,0.0,0,0,0,1
S4,continuous,B,4,162,40.0,40.0,111.25757230806856,111.25757230806856,156.35360966517183,0.0,0.0,0.0,0.0,40.0,70.0,146.35360966517183,336.3536096651718,350.0,3873.182811192138,0.0,0,0,0,1
S4,continuous,B,5,31,50.0,50.0,104.62244292089002,104.62244292089002,125.53304175819365,0.0,0.0,0.0,0.0,50.0,80.0,115.53304175819365,305.53304175819363,350.0,3074.3923186574516,0.0,0,0,0,1
S4,continuous,B,6,23,60.0,60.0,150.20165740997186,150.20165740997186,192.69777947065657,0.0,0.0,0.0,0.0,60.0,90.0,182.69777947065657,372.69777947065654,350.0,3656.088684048685,0.0,0,0,0,1
S4,continuous,B,7,70,70.0,70.0,127.95736160604433,294.62244292089,315.53304175819363,0.0,0.0,166.66508131484568,166.66508131484568,70.0,100.0,305.53304175819363,495.53304175819363,350.0,1216.0176946902354,0.0,0,0,0,1
S4,continuous,B,8,111,80.0,80.0,134.27159678401296,134.27159678401296,174.21766423076502,0.0,0.0,0.0,0.0,80.0,110.0,164.21766423076502,354.217664230765,300.0,2779.0105267258705,0.5882011515359409,1,0,1,0
S4,continuous,B,9,178,90.0,90.0,163.95441480656854,163.95441480656854,207.0408955237234,0.0,0.0,0.0,0.0,90.0,120.0,197.0408955237234,387.0408955237234,300.0,2144.329200375765,0.0,0,0,0,0
S4,continuous,B,10,125,100.0,100.0,174.31066823732888,174.31066823732888,212.924857008499,0.0,0.0,0.0,0.0,100.0,130.0,202.924857008499,392.924857008499,350.0,2366.1931893230753,0.0,0,0,0,1
S4,continuous,B,11,133,110.0,495.53304175819363,521.4102802917699,521.4102802917699,531.9376512237742,385.53304175819363,385.53304175819363,0.0,385.53304175819363,495.53304175819363,525.5330417581936,521.9376512237742,711.9376512237742,300.0,1104.965828598049,0.0,0,0,0,0
S4,continuous,B,12,114,120.0,120.0,189.14825248929725,364.31066823732885,402.924857008499,0.0,0.0,175.1624157480316,175.1624157480316,120.0,150.0,392.924857008499,582.924857008499,350.0,1529.2881322511162,0.0,0,0,0,1
S4,continuous,B,13,47,130.0,130.0,218.73608630255282,218.73608630255282,258.61058591403,0.0,0.0,0.0,0.0,130.0,160.0,248.61058591403,438.61058591403,350.0,4428.665418059899,0.0,0,0,0,1
S4,continuous,B,14,164,140.0,140.0,198.6456546916443,198.6456546916443,215.49148597989438,0.0,0.0,0.0,0.0,140.0,170.0,205.49148597989438,395.4914859798944,300.0,2229.3978283287133,0.0,0,0,0,0
S4,continuous,B,15,16,150.0,170.0,216.94020411703553,216.94020411703553,247.88572989173124,20.0,20.0,0.0,20.0,170.0,200.0,237.88572989173124,427.8857298917312,300.0,1519.5329291203568,0.0,0,0,0,0
S4,continuous,B,16,150,160.0,160.0,242.96484013915313,242.96484013915313,253.62018420515474,0.0,0.0,0.0,0.0,160.0,190.0,243.62018420515474,433.6201842051547,350.0,2327.3867125287074,0.0,0,0,0,1
S4,continuous,B,17,34,170.0,582.924857008499,644.8573166391102,644.8573166391102,686.812840735524,412.924857008499,412.924857008499,0.0,412.924857008499,582.924857008499,612.924857008499,676.812840735524,866.812840735524,350.0,1957.3999549673294,0.0,0,0,0,1
S4,continuous,B,18,139,180.0,180.0,244.15222793283033,244.15222793283033,290.80075977831854,0.0,0.0,0.0,0.0,180.0,210.0,280.80075977831854,470.80075977831854,300.0,3662.9542381779397,0.0,0,0,0,0
S4,continuous,B,19,156,190.0,210.0,271.75529525753115,271.75529525753115,314.569554993934,20.0,20.0,0.0,20.0,210.0,240.0,304.569554993934,494.569554993934,300.0,3483.9873659459,0.0,0,0,0,0
S4,continuous,B,20,64,200.0,319.52330970433184,355.959476962001,355.959476962001,363.842755818184,119.52330970433184,119.52330970433184,0.0,119.52330970433184,319.52330970433184,349.52330970433184,355.959476962001,545.959476962001,300.0,497.9035588466775,0.0,0,0,0,0
S4,continuous,B,21,32,210.0,210.0,310.7155872348814,314.27159678401296,364.217664230765,0.0,0.0,3.556009549131545,3.556009549131545,210.0,240.0,354.217664230765,544.217664230765,350.0,5277.656652724846,0.0,0,0,0,1
S4,continuous,B,22,1,220.0,220.0,300.92357555102035,406.94020411703553,437.8857298917312,0.0,0.0,106.01662856601519,106.01662856601519,220.0,250.0,427.8857298917312,617.8857298917312,300.0,4682.120450626295,0.0,0,0,0,0
S4,continuous,B,23,53,230.0,230.0,335.274233104847,335.274233104847,379.90708834645625,0.0,0.0,0.0,0.0,230.0,260.0,369.90708834645625,559.9070883464562,350.0,3623.3822928832665,0.0,0,0,0,1
S4,continuous,B,24,5,240.0,240.0,312.6396255301705,432.9648401391531,443.6201842051547,0.0,0.0,120.3252146089826,120.3252146089826,240.0,270.0,433.6201842051547,623.6201842051547,350.0,2555.518637066554,0.0,0,0,0,1
S4,continuous,B,25,3,250.0,260.0,347.37904402772637,622.9648401391531,633.6201842051547,10.0,10.0,275.58579611142676,285.58579611142676,260.0,290.0,623.6201842051547,813.6201842051547,350.0,2260.4821318638546,0.0,0,0,0,1
S4,continuous,B,26,196,260.0,260.0,295.57518891917954,451.75529525753115,504.569554993934,0.0,0.0,156.1801063383516,156.1801063383516,260.0,290.0,494.569554993934,684.5695549939339,350.0,1964.093689705582,0.0,0,0,0,1
S4,continuous,B,27,107,270.0,270.0,328.298113787171,328.298113787171,329.1898468183343,0.0,0.0,0.0,0.0,270.0,300.0,328.298113787171,518.298113787171,300.0,1986.6195068491022,0.0,0,0,0,0
S4,continuous,B,28,51,280.0,280.0,335.0880268752889,335.0880268752889,376.7610390956056,0.0,0.0,0.0,0.0,280.0,310.0,366.7610390956056,556.7610390956056,350.0,2778.097989989561,0.0,0,0,0,1
S4,continuous,B,29,50,290.0,544.217664230765,602.5593891979136,602.5593891979136,631.1735779690837,254.21766423076497,254.21766423076497,0.0,254.21766423076497,544.217664230765,574.217664230765,621.1735779690837,811.1735779690837,300.0,1569.178449116049,0.0,0,0,0,0
S4,continuous,B,30,172,300.0,387.0408955237234,450.78733903117933,450.78733903117933,501.85742461824657,87.0408955237234,87.0408955237234,0.0,87.0408955237234,387.0408955237234,417.0408955237234,491.85742461824657,681.8574246182466,300.0,1848.1136842078483,0.0,0,0,0,0
S4,continuous,B,31,37,310.0,310.0,340.2029408574021,545.959476962001,553.842755818184,0.0,0.0,205.75653610459887,205.75653610459887,310.0,340.0,545.959476962001,735.959476962001,300.0,1403.7579106341252,0.0,0,0,0,0
S4,continuous,B,32,189,320.0,574.217664230765,698.6201386840014,698.6201386840014,722.6879043323561,254.21766423076497,254.21766423076497,0.0,254.21766423076497,574.217664230765,604.217664230765,712.6879043323561,902.6879043323561,350.0,5333.829632574493,0.0,0,0,0,1
S4,continuous,B,33,130,330.0,330.0,357.51665915037586,651.7552952575311,694.5695549939339,0.0,0.0,294.23863610715523,294.23863610715523,330.0,360.0,684.5695549939339,874.5695549939339,300.0,1181.00302705853,0.0,0,0,0,0
S4,continuous,B,34,24,340.0,340.0,468.39157769233395,468.39157769233395,499.27341678614124,0.0,0.0,0.0,0.0,340.0,370.0,489.27341678614124,679.2734167861413,300.0,6158.235846490992,0.0,0,0,0,0
S4,continuous,B,35,115,350.0,350.0,449.13613683200714,630.7873390311793,691.8574246182466,0.0,0.0,181.6512021991722,181.6512021991722,350.0,380.0,681.8574246182466,871.8574246182466,350.0,3447.1196288341775,0.0,0,0,0,1
S4,continuous,B,36,186,360.0,360.0,458.3949188741958,782.5593891979136,821.1735779690837,0.0,0.0,324.16447032371775,324.16447032371775,360.0,390.0,811.1735779690837,1001.1735779690837,350.0,3682.217788971645,0.0,0,0,0,1
S4,continuous,B,37,95,370.0,438.61058591403,487.08242192126147,487.08242192126147,500.81923732512405,68.61058591403003,68.61058591403003,0.0,68.61058591403003,438.61058591403,468.61058591403,490.81923732512405,680.819237325124,300.0,1457.879001460315,0.0,0,0,0,0
S4,continuous,B,38,69,380.0,395.4914859798944,424.83306614044284,424.83306614044284,456.78859023685663,15.491485979894378,15.491485979894378,0.0,15.491485979894378,395.4914859798944,425.4914859798944,446.78859023685663,636.7885902368566,300.0,1077.0567017432127,0.0,0,0,0,0
S4,continuous,B,39,25,390.0,518.298113787171,558.3689287534436,558.3689287534436,615.0174605989317,128.29811378717102,128.29811378717102,0.0,128.29811378717102,518.298113787171,548.298113787171,605.0174605989317,795.0174605989317,350.0,2282.973453390541,0.0,0,0,0,1
S4,continuous,B,40,33,400.0,400.0,511.71717300789334,511.71717300789334,554.7157916694871,0.0,0.0,0.0,0.0,400.0,430.0,544.7157916694871,734.7157916694871,350.0,4881.88232347949,0.0,0,0,0,1
S4,continuous,B,41,120,410.0,1001.1735779690837,1088.735717104464,1088.735717104464,1126.6881460548664,591.1735779690837,591.1735779690837,0.0,591.1735779690837,1001.1735779690837,1031.1735779690837,1116.6881460548664,1306.6881460548664,350.0,3646.0297795552087,0.0,0,0,0,1
S4,continuous,B,42,86,420.0,420.0,517.8636870433006,517.8636870433006,574.0902803606244,0.0,0.0,0.0,0.0,420.0,450.0,564.0902803606244,754.0902803606244,350.0,4464.978984198502,0.0,0,0,0,1
S4,continuous,B,43,145,430.0,430.0,518.0486541278837,707.8636870433006,764.0902803606244,0.0,0.0,189.81503291541696,189.81503291541696,430.0,460.0,754.0902803606244,944.0902803606244,350.0,2978.7647133118844,0.0,0,0,0,1
S4,continuous,B,44,68,440.0,604.217664230765,701.3923977978209,711.7171730078934,744.7157916694871,164.21766423076497,164.21766423076497,10.324775210072517,174.54243944083748,604.217664230765,634.217664230765,734.7157916694871,924.7157916694871,300.0,4179.967838561983,0.0,0,0,0,0
S4,continuous,B,45,113,450.0,460.0,548.0486541278837,897.8636870433006,954.0902803606244,10.0,10.0,349.81503291541696,359.81503291541696,460.0,490.0,944.0902803606244,1134.0902803606245,350.0,2978.7647133118844,0.0,0,0,0,1
S4,continuous,B,46,27,460.0,559.9070883464562,602.2430094001062,604.2715967840129,644.217664230765,99.90708834645625,99.90708834645625,2.028587383906711,101.93567573036296,559.9070883464562,589.9070883464562,634.217664230765,824.217664230765,300.0,886.432334244518,0.0,0,0,0,0
S4,continuous,B,47,195,470.0,470.0,548.6587017461746,648.391577692334,689.2734167861413,0.0,0.0,99.73287594615931,99.73287594615931,470.0,500.0,679.2734167861413,869.2734167861413,350.0,3792.8297157719257,0.0,0,0,0,1
S4,continuous,B,48,138,480.0,1031.1735779690837,1099.9106672547603,1099.9106672547603,1110.5660113207618,551.1735779690837,551.1735779690837,0.0,551.1735779690837,1031.1735779690837,1061.1735779690837,1100.5660113207618,1290.5660113207618,350.0,2254.5410318196264,0.0,0,0,0,1
S4,continuous,B,49,157,490.0,490.0,568.4646022826894,891.7171730078934,934.7157916694871,0.0,0.0,323.252570725204,323.252570725204,490.0,520.0,924.7157916694871,1114.715791669487,350.0,2375.45216565667,0.0,0,0,0,1
S4,continuous,B,50,49,500.0,1061.1735779690837,1129.9106672547603,1289.9106672547603,1300.5660113207618,561.1735779690837,561.1735779690837,160.0,721.1735779690837,1061.1735779690837,1091.1735779690837,1290.5660113207618,1480.5660113207618,350.0,2254.5410318196264,0.0,0,0,0,1
S4,continuous,B,51,41,510.0,548.298113787171,588.3689287534436,748.3689287534436,805.0174605989317,38.29811378717102,38.29811378717102,160.0,198.29811378717102,548.298113787171,578.298113787171,795.0174605989317,985.0174605989317,350.0,2282.973453390541,0.0,0,0,0,1
S4,continuous,B,52,48,520.0,824.217664230765,897.4963872577595,897.4963872577595,915.3796661139424,304.21766423076497,304.21766423076497,0.0,304.21766423076497,824.217664230765,854.217664230765,905.3796661139424,1095.3796661139424,350.0,1894.6571035308352,0.0,0,0,0,1
S4,continuous,B,53,46,530.0,589.9070883464562,708.034114446908,708.034114446908,735.3818901253028,59.90708834645625,59.90708834645625,0.0,59.90708834645625,589.9070883464562,619.9070883464562,725.3818901253028,915.3818901253028,350.0,5259.514545189518,0.0,0,0,0,1
S4,continuous,B,54,192,540.0,869.2734167861413,931.1559824778401,931.1559824778401,962.8289946981567,329.2734167861413,329.2734167861413,0.0,329.2734167861413,869.2734167861413,899.2734167861413,952.8289946981567,1142.8289946981567,300.0,2379.489363096716,0.0,0,0,0,0
S4,continuous,B,55,52,550.0,550.0,629.9995034119507,629.9995034119507,650.9101022492544,0.0,0.0,0.0,0.0,550.0,580.0,640.9101022492544,830.9101022492544,350.0,2978.92574560881,0.0,0,0,0,1
S4,continuous,B,56,43,560.0,560.0,658.3949188741958,1062.5593891979136,1101.1735779690837,0.0,0.0,404.16447032371775,404.16447032371775,560.0,590.0,1091.1735779690837,1281.1735779690837,350.0,3682.217788971645,0.0,0,0,0,1
S4,continuous,B,57,177,570.0,570.0,676.8156042005155,676.8156042005155,728.2579587161962,0.0,0.0,0.0,0.0,570.0,600.0,718.2579587161962,908.2579587161962,350.0,5894.0731709642305,0.0,0,0,0,1
S4,continuous,B,58,162,580.0,580.0,643.0384541890176,643.0384541890176,669.8842854772677,0.0,0.0,0.0,0.0,580.0,610.0,659.8842854772677,849.8842854772677,350.0,1766.9570154562289,0.0,0,0,0,1
S4,continuous,B,59,36,590.0,590.0,718.391577692334,878.391577692334,909.2734167861413,0.0,0.0,160.0,160.0,590.0,620.0,899.2734167861413,1089.2734167861413,300.0,6158.235846490992,0.0,0,0,0,0
S4,continuous,B,60,90,600.0,610.0,681.1557922061561,831.7552952575311,884.5695549939339,10.0,10.0,150.599503051375,160.599503051375,610.0,640.0,874.5695549939339,1064.569554993934,350.0,2437.9550255062304,0.0,0,0,0,1
S4,continuous,B,61,179,610.0,636.7885902368566,679.1549207364784,679.1549207364784,699.6218383350168,26.788590236856635,26.788590236856635,0.0,26.788590236856635,636.7885902368566,666.7885902368566,689.6218383350168,879.6218383350168,300.0,956.1659686886227,0.0,0,0,0,0
S4,continuous,B,62,24,620.0,866.812840735524,948.4991923531339,948.4991923531339,1009.5692779402012,246.812840735524,246.812840735524,0.0,246.812840735524,866.812840735524,896.812840735524,999.5692779402012,1189.5692779402011,350.0,3163.8498831638144,0.0,0,0,0,1
S4,continuous,B,63,149,630.0,1281.1735779690837,1376.2036091373639,1376.2036091373639,1403.5513848157586,651.1735779690837,651.1735779690837,0.0,651.1735779690837,1281.1735779690837,1311.1735779690837,1393.5513848157586,1583.5513848157586,350.0,4090.865982055154,0.0,0,0,0,1
S4,continuous,B,64,2,640.0,640.0,714.212502690286,714.212502690286,731.811377065055,0.0,0.0,0.0,0.0,640.0,670.0,721.811377065055,911.811377065055,300.0,2899.801811327007,1.7310339168238897,1,0,1,0
S4,continuous,B,65,66,650.0,650.0,726.4623121865587,726.4623121865587,768.9584342472434,0.0,0.0,0.0,0.0,650.0,680.0,758.9584342472434,948.9584342472434,350.0,3825.7892077587985,0.0,0,0,0,1
S4,continuous,B,66,31,660.0,871.8574246182466,965.2833914321254,1095.3796661139424,1103.2629449701253,211.85742461824657,211.85742461824657,130.09627468181702,341.9536993000636,871.8574246182466,901.8574246182466,1095.3796661139424,1285.3796661139424,300.0,3118.492237337018,0.07928968462920238,1,0,1,0
S4,continuous,B,67,76,670.0,680.819237325124,757.340482279006,757.340482279006,798.2860080537017,10.81923732512405,10.81923732512405,0.0,10.81923732512405,680.819237325124,710.819237325124,788.2860080537017,978.2860080537017,350.0,3842.3736758940827,0.0,0,0,0,1
S4,continuous,B,68,162,680.0,1114.715791669487,1190.9140545166047,1190.9140545166047,1201.8246533539084,434.7157916694871,434.7157916694871,0.0,434.7157916694871,1114.715791669487,1144.715791669487,1191.8246533539084,1381.8246533539084,300.0,3099.5223665294147,0.0,0,0,0,0
S4,continuous,B,69,85,690.0,908.2579587161962,1030.995345772084,1030.995345772084,1083.8096055084868,218.25795871619619,218.25795871619619,0.0,218.25795871619619,908.2579587161962,938.2579587161962,1073.8096055084868,1263.8096055084868,350.0,5274.2852406075635,0.0,0,0,0,1
S4,continuous,B,70,164,700.0,830.9101022492544,863.2691172921141,863.2691172921141,880.1149485803642,130.91010224925435,130.91010224925435,0.0,130.91010224925435,830.9101022492544,860.9101022492544,870.1149485803642,1060.1149485803642,300.0,1568.6765643315086,0.0,0,0,0,0
S4,continuous,B,71,19,710.0,710.0,796.9003793146127,1282.5593891979136,1321.1735779690837,0.0,0.0,485.6590098833009,485.6590098833009,710.0,740.0,1311.1735779690837,1501.1735779690837,350.0,3646.0297795552087,0.0,0,0,0,1
S4,continuous,B,72,137,720.0,735.959476962001,791.0475038372899,1111.15598247784,1152.8289946981567,15.959476962000963,15.959476962000963,320.1084786405502,336.06795560255114,735.959476962001,765.959476962001,1142.8289946981567,1332.8289946981567,350.0,2778.097989989561,0.0,0,0,0,1
S4,continuous,B,73,161,730.0,1060.1149485803642,1123.6237176842355,1123.6237176842355,1156.1198397449202,330.11494858036417,330.11494858036417,0.0,330.11494858036417,1060.1149485803642,1090.1149485803642,1146.1198397449202,1336.1198397449202,300.0,3357.5722877860894,0.0,0,0,0,0
S4,continuous,B,74,111,740.0,1144.715791669487,1216.881598023218,1288.735717104464,1316.6881460548664,404.7157916694871,404.7157916694871,71.85411908124593,476.569910750733,1144.715791669487,1174.715791669487,1306.6881460548664,1496.6881460548664,300.0,2915.9010842024654,0.0,0,0,0,0
S4,continuous,B,75,12,750.0,915.3818901253028,982.5851416894478,982.5851416894478,1029.233673534936,165.3818901253028,165.3818901253028,0.0,165.3818901253028,915.3818901253028,945.3818901253028,1019.233673534936,1209.2336735349359,300.0,3643.6799300027665,0.0,0,0,0,0
S4,continuous,B,76,118,760.0,1263.8096055084868,1374.968580085245,1374.968580085245,1402.5674544600142,503.8096055084868,503.8096055084868,0.0,503.8096055084868,1263.8096055084868,1293.8096055084868,1392.5674544600142,1582.5674544600142,350.0,4291.713326579562,0.0,0,0,0,1
S4,continuous,B,77,114,770.0,1089.2734167861413,1125.4697769271281,1125.4697769271281,1142.817552605523,319.2734167861413,319.2734167861413,0.0,319.2734167861413,1089.2734167861413,1119.2734167861413,1132.817552605523,1322.817552605523,300.0,595.4494770063172,0.0,0,0,0,0
S4,continuous,B,78,105,780.0,896.812840735524,945.9420056239488,945.9420056239488,952.6223772844833,116.81284073552399,116.81284073552399,0.0,116.81284073552399,896.812840735524,926.812840735524,945.9420056239488,1135.9420056239487,300.0,1338.0888649188123,0.0,0,0,0,0
S4,continuous,B,79,82,790.0,790.0,867.2251264740353,1129.2616339634142,1145.9420056239487,0.0,0.0,262.036507489379,262.036507489379,790.0,820.0,1135.9420056239487,1325.9420056239487,350.0,2661.907869652164,0.0,0,0,0,1
S4,continuous,B,80,5,800.0,902.6879043323561,989.1327950984618,989.1327950984618,1042.2192758156166,102.68790433235608,102.68790433235608,0.0,102.68790433235608,902.6879043323561,932.6879043323561,1032.2192758156166,1222.2192758156166,350.0,4544.246239677616,0.0,0,0,0,1
S4,continuous,B,81,91,810.0,901.8574246182466,957.6137701136961,957.6137701136961,1006.2850813079865,91.85742461824657,91.85742461824657,0.0,91.85742461824657,901.8574246182466,931.8574246182466,996.2850813079865,1186.2850813079865,300.0,811.1243111322713,0.0,0,0,0,0
S4,continuous,B,82,22,820.0,820.0,936.6621878855251,1566.2036091373639,1593.5513848157586,0.0,0.0,629.5414212518388,629.5414212518388,820.0,850.0,1583.5513848157586,1773.5513848157586,350.0,4640.551759869101,0.0,0,0,0,1
S4,continuous,B,83,101,830.0,854.217664230765,938.0503019446263,1480.5660113207618,1481.2213553867634,24.217664230764967,24.217664230764967,542.5157093761355,566.7333736069005,854.217664230765,884.217664230765,1480.5660113207618,1670.5660113207618,300.0,3128.7784087043865,0.0,0,0,0,0
S4,continuous,B,84,122,840.0,884.217664230765,931.8667974895577,931.8667974895577,966.499652731167,44.21766423076497,44.21766423076497,0.0,44.21766423076497,884.217664230765,914.217664230765,956.499652731167,1146.4996527311669,300.0,886.4323342445181,0.0,0,0,0,0
S4,continuous,B,85,146,850.0,850.0,933.4151531737585,933.4151531737585,954.3257520110621,0.0,0.0,0.0,0.0,850.0,880.0,944.3257520110621,1134.3257520110621,350.0,3095.7274521842305,0.0,0,0,0,1
S4,continuous,B,86,50,860.0,1119.2734167861413,1155.4697769271281,1766.2036091373639,1783.5513848157586,259.2734167861413,259.2734167861413,610.7338322102357,870.007248996377,1119.2734167861413,1149.2734167861413,1773.5513848157586,1963.5513848157586,300.0,595.4494770063172,0.0,0,0,0,0
S4,continuous,B,87,4,870.0,870.0,912.868787671266,912.868787671266,942.7432872827432,0.0,0.0,0.0,0.0,870.0,900.0,932.7432872827432,1122.743287282743,300.0,2966.8787920716886,0.0,0,0,0,0
S4,continuous,B,88,64,880.0,931.8574246182466,1004.6810636119129,1482.5593891979136,1511.1735779690837,51.85742461824657,51.85742461824657,477.87832558600064,529.7357502042472,931.8574246182466,961.8574246182466,1501.1735779690837,1691.1735779690837,300.0,1848.6582655644602,0.0,0,0,0,0
S4,continuous,B,89,159,890.0,890.0,917.8509208719822,1380.9140545166047,1391.8246533539084,0.0,0.0,463.06313364462255,463.06313364462255,890.0,920.0,1381.8246533539084,1571.8246533539084,300.0,1499.3247999190396,0.0,0,0,0,0
S4,continuous,B,90,3,900.0,900.0,947.6396885159402,1128.391577692334,1159.2734167861413,0.0,0.0,180.75188917639377,180.75188917639377,900.0,930.0,1149.2734167861413,1339.2734167861413,300.0,1606.6553112568945,0.0,0,0,0,0
S4,continuous,B,91,81,910.0,914.217664230765,993.7690276387884,1148.4991923531338,1199.5692779402011,4.217664230764967,4.217664230764967,154.7301647143454,158.94782894511036,914.217664230765,944.217664230765,1189.5692779402011,1379.5692779402011,300.0,3095.4338292538555,0.0,0,0,0,0
S4,continuous,B,92,97,920.0,920.0,997.2251264740353,1319.2616339634142,1335.9420056239487,0.0,0.0,322.036507489379,322.036507489379,920.0,950.0,1325.9420056239487,1515.9420056239487,350.0,2661.907869652164,0.0,0,0,0,1
S4,continuous,B,93,9,930.0,930.0,1027.8636870433006,1087.8636870433006,1144.0902803606245,0.0,0.0,60.0,60.0,930.0,960.0,1134.0902803606245,1324.0902803606245,350.0,4464.978984198502,0.0,0,0,0,1
S4,continuous,B,94,144,940.0,1146.4996527311669,1224.7573919045412,1224.7573919045412,1251.6032231927913,206.49965273116686,206.49965273116686,0.0,206.49965273116686,1146.4996527311669,1176.4996527311669,1241.6032231927913,1431.6032231927913,350.0,2599.052361433633,0.0,0,0,0,1
S4,continuous,B,95,15,950.0,985.0174605989317,1047.2505080704593,1570.9140545166047,1581.8246533539084,35.017460598931734,35.017460598931734,523.6635464461453,558.6810070450771,985.0174605989317,1015.0174605989317,1571.8246533539084,1761.8246533539084,300.0,1326.7633618165821,0.0,0,0,0,0
S4,continuous,B,96,172,960.0,960.0,1032.3206536324817,1670.5660113207618,1671.2213553867634,0.0,0.0,638.2453576882801,638.2453576882801,960.0,990.0,1670.5660113207618,1860.5660113207618,300.0,2820.7261020865667,0.0,0,0,0,0
S4,continuous,B,97,59,970.0,970.0,1048.733698966744,1179.1327950984617,1232.2192758156166,0.0,0.0,130.39909613171767,130.39909613171767,970.0,1000.0,1222.2192758156166,1412.2192758156166,350.0,2342.0671395683994,0.0,0,0,0,1
S4,continuous,B,98,98,980.0,980.0,1048.898624619752,1048.898624619752,1062.6354400236144,0.0,0.0,0.0,0.0,980.0,1010.0,1052.6354400236144,1242.6354400236144,300.0,3399.7991330929035,0.0,0,0,0,0
S4,continuous,B,99,8,990.0,1010.0,1090.2096257605692,1946.2036091373639,1973.5513848157586,20.0,20.0,855.9939833767946,875.9939833767946,1010.0,1040.0,1963.5513848157586,2153.551384815759,350.0,3605.2540105200537,0.0,0,0,0,1
S4,continuous,B,100,51,1000.0,1379.5692779402011,1495.7534905575728,1509.2616339634144,1525.9420056239487,379.5692779402011,379.5692779402011,13.508143405841565,393.0774213460427,1379.5692779402011,1409.5692779402011,1515.9420056239487,1705.9420056239487,350.0,4063.0274215916306,0.0,0,0,0,1
S4,continuous,B,101,67,1010.0,1010.0,1102.9303554747216,1137.613770113696,1196.2850813079865,0.0,0.0,34.683414638974455,34.683414638974455,1010.0,1040.0,1186.2850813079865,1376.2850813079865,350.0,3408.7060950698515,0.0,0,0,0,1
S4,continuous,B,102,160,1020.0,1285.3796661139424,1331.7091795723613,1331.7091795723613,1364.7077982339551,265.37966611394245,265.37966611394245,0.0,265.37966611394245,1285.3796661139424,1315.3796661139424,1354.7077982339551,1544.7077982339551,300.0,2767.49179440462,0.0,0,0,0,0
S4,continuous,B,103,56,1030.0,1315.3796661139424,1339.8912937859304,1424.7573919045412,1441.6032231927913,285.37966611394245,285.37966611394245,84.86609811861081,370.24576423255326,1315.3796661139424,1345.3796661139424,1431.6032231927913,1621.6032231927913,300.0,1232.2021384425047,0.0,0,0,0,0
S4,continuous,B,104,179,1040.0,1209.2336735349359,1299.886127290629,1299.886127290629,1339.6782529095035,169.23367353493586,169.23367353493586,0.0,169.23367353493586,1209.2336735349359,1239.2336735349359,1329.6782529095035,1519.6782529095035,300.0,3365.7980813354825,0.0,0,0,0,0
S4,continuous,B,105,178,1050.0,1050.0,1126.17019582825,1126.17019582825,1136.6975667602542,0.0,0.0,0.0,0.0,1050.0,1080.0,1126.6975667602542,1316.6975667602542,300.0,3126.7223828011274,0.0,0,0,0,0
S4,continuous,B,106,16,1060.0,1176.4996527311669,1275.7837786595646,1511.7091795723613,1554.7077982339551,116.49965273116686,116.49965273116686,235.9254009127967,352.42505364396357,1176.4996527311669,1206.4996527311669,1544.7077982339551,1734.7077982339551,350.0,4081.5754153019097,0.0,0,0,0,1
S4,continuous,B,107,33,1070.0,1345.3796661139424,1375.7262450631022,1375.7262450631022,1432.3747769085903,275.37966611394245,275.37966611394245,0.0,275.37966611394245,1345.3796661139424,1375.3796661139424,1422.3747769085903,1612.3747769085903,350.0,1203.545726373481,0.0,0,0,0,1
S4,continuous,B,108,193,1080.0,1376.2850813079865,1474.4464493205649,1604.7573919045412,1631.6032231927913,296.2850813079865,296.2850813079865,130.31094258397638,426.5960238919629,1376.2850813079865,1406.2850813079865,1621.6032231927913,1811.6032231927913,350.0,3060.25616696523,0.0,0,0,0,1
S4,continuous,B,109,74,1090.0,1134.3257520110621,1225.5817209146473,1308.391577692334,1349.2734167861413,44.32575201106215,44.32575201106215,82.80985677768672,127.13560878874887,1134.3257520110621,1164.3257520110621,1339.2734167861413,1529.2734167861413,350.0,4998.653527407656,0.0,0,0,0,1
S4,continuous,B,110,181,1100.0,1293.8096055084868,1404.4557503354426,1404.4557503354426,1445.4012761101383,193.8096055084868,193.8096055084868,0.0,193.8096055084868,1293.8096055084868,1323.8096055084868,1435.4012761101383,1625.4012761101383,350.0,4324.257933592361,0.0,0,0,0,1
S4,continuous,B,111,184,1110.0,1409.5692779402011,1510.8426917312079,1794.7573919045412,1821.6032231927913,299.5692779402011,299.5692779402011,283.91470017333336,583.4839781135345,1409.5692779402011,1439.5692779402011,1811.6032231927913,2001.6032231927913,350.0,3119.801464639217,0.0,0,0,0,1
S4,continuous,B,112,132,1120.0,1120.0,1198.733698966744,1369.1327950984617,1422.2192758156166,0.0,0.0,170.39909613171767,170.39909613171767,1120.0,1150.0,1412.2192758156166,1602.2192758156166,350.0,2342.0671395683994,0.0,0,0,0,1
S4,continuous,B,113,68,1130.0,1130.0,1193.8304012776632,1311.15598247784,1342.8289946981567,0.0,0.0,117.32558120017688,117.32558120017688,1130.0,1160.0,1332.8289946981567,1522.8289946981567,300.0,1959.8773997818694,0.0,0,0,0,0
S4,continuous,B,114,165,1140.0,1323.8096055084868,1401.3073211329058,1401.3073211329058,1412.1990541640691,183.8096055084868,183.8096055084868,0.0,183.8096055084868,1323.8096055084868,1353.8096055084868,1402.1990541640691,1592.1990541640691,350.0,1964.093689705582,0.0,0,0,0,1
S4,continuous,B,115,150,1150.0,1602.2192758156166,1694.7815993831468,1694.7815993831468,1737.5958591195497,452.2192758156166,452.2192758156166,0.0,452.2192758156166,1602.2192758156166,1632.2192758156166,1727.5958591195497,1917.5958591195497,300.0,3727.8932256261387,0.0,0,0,0,0
S4,continuous,B,116,185,1160.0,1206.4996527311669,1329.7307814769379,1498.391577692334,1539.2734167861413,46.49965273116686,46.49965273116686,168.6607962153962,215.16044894656306,1206.4996527311669,1236.4996527311669,1529.2734167861413,1719.2734167861413,350.0,5667.458371954521,0.0,0,0,0,1
S4,continuous,B,117,116,1170.0,1170.0,1242.5723626313843,1589.1327950984617,1642.2192758156166,0.0,0.0,346.56043246707736,346.56043246707736,1170.0,1200.0,1632.2192758156166,1822.2192758156166,350.0,3448.0969829026412,0.0,0,0,0,1
S4,continuous,B,118,152,1180.0,1236.4996527311669,1280.710533708736,1604.4557503354426,1635.4012761101383,56.49965273116686,56.49965273116686,323.7452166267067,380.24486935787354,1236.4996527311669,1266.4996527311669,1625.4012761101383,1815.4012761101383,300.0,966.4269541455119,0.0,0,0,0,0
S4,continuous,B,119,62,1190.0,1336.1198397449202,1431.0105083438089,1431.0105083438089,1455.0782739921635,146.11983974492023,146.11983974492023,0.0,146.11983974492023,1336.1198397449202,1366.1198397449202,1445.0782739921635,1635.0782739921635,350.0,3825.7892077587985,0.0,0,0,0,1
S4,continuous,B,120,21,1200.0,1860.5660113207618,1901.3719357895136,1901.3719357895136,1954.1861955259164,660.5660113207618,660.5660113207618,0.0,660.5660113207618,1860.5660113207618,1890.5660113207618,1944.1861955259164,2134.1861955259164,350.0,2327.386712528707,0.0,0,0,0,1
S4,continuous,B,121,158,1210.0,1890.5660113207618,1938.6520200650807,1938.6520200650807,1979.533859158888,680.5660113207618,680.5660113207618,0.0,680.5660113207618,1890.5660113207618,1920.5660113207618,1969.533859158888,2159.533859158888,350.0,2753.0635610201916,0.0,0,0,0,1
S4,continuous,B,122,120,1220.0,1496.6881460548664,1544.3278345708065,1698.391577692334,1729.2734167861413,276.68814605486637,276.68814605486637,154.06374312152752,430.7518891763939,1496.6881460548664,1526.6881460548664,1719.2734167861413,1909.2734167861413,300.0,1606.6553112568945,0.0,0,0,0,0
S4,continuous,B,123,114,1230.0,1316.6975667602542,1391.8740117823895,1391.8740117823895,1415.610827186252,86.69756676025418,86.69756676025418,0.0,86.69756676025418,1316.6975667602542,1346.6975667602542,1405.610827186252,1595.610827186252,350.0,3864.5925376880737,0.0,0,0,0,1
S4,continuous,B,124,136,1240.0,1240.0,1313.9209977110913,1313.9209977110913,1366.7352574474942,0.0,0.0,0.0,0.0,1240.0,1270.0,1356.7352574474942,1546.7352574474942,350.0,3313.3445608449047,0.0,0,0,0,1
S4,continuous,B,125,61,1250.0,1250.0,1347.063944374456,1591.8740117823895,1605.610827186252,0.0,0.0,244.8100674079335,244.8100674079335,1250.0,1280.0,1595.610827186252,1785.610827186252,300.0,3662.9542381779397,0.0,0,0,0,0
S4,continuous,B,126,126,1260.0,1526.6881460548664,1613.588525369479,1662.5593891979136,1701.1735779690837,266.68814605486637,266.68814605486637,48.97086382843463,315.659009883301,1526.6881460548664,1556.6881460548664,1691.1735779690837,1881.1735779690837,350.0,3646.0297795552087,0.0,0,0,0,1
S4,continuous,B,127,71,1270.0,1270.0,1322.0260040023663,1789.1327950984617,1832.2192758156166,0.0,0.0,467.1067910960953,467.1067910960953,1270.0,1300.0,1822.2192758156166,2012.2192758156166,300.0,3628.8424668217945,0.0,0,0,0,0
S4,continuous,B,128,94,1280.0,1761.8246533539084,1847.8160619944647,2136.203609137364,2163.5513848157584,481.8246533539084,481.8246533539084,288.3875471428994,770.2122004968078,1761.8246533539084,1791.8246533539084,2153.551384815759,2343.551384815759,350.0,4580.01252612867,0.0,0,0,0,1
S4,continuous,B,129,180,1290.0,1290.0,1338.1958918763607,1631.0105083438089,1645.0782739921635,0.0,0.0,292.8146164674481,292.8146164674481,1290.0,1320.0,1635.0782739921635,1825.0782739921635,300.0,829.5505401685643,0.0,0,0,0,0
S4,continuous,B,130,1,1300.0,1324.0902803606245,1426.6796346295885,1426.6796346295885,1469.1757566902731,24.090280360624547,24.090280360624547,0.0,24.090280360624547,1324.0902803606245,1354.0902803606245,1459.1757566902731,1649.1757566902731,350.0,3584.4643069993726,0.0,0,0,0,1
S4,continuous,B,131,177,1310.0,1346.6975667602542,1381.118698358898,1862.5593891979136,1891.1735779690837,36.697566760254176,36.697566760254176,481.4406908390156,518.1382575992698,1346.6975667602542,1376.6975667602542,1881.1735779690837,2071.1735779690835,300.0,1788.6251762918403,0.0,0,0,0,0
S4,continuous,B,132,117,1320.0,1320.0,1394.340041131781,1394.340041131781,1435.7823956474615,0.0,0.0,0.0,0.0,1320.0,1350.0,1425.7823956474615,1615.7823956474615,300.0,2998.9588776757546,0.0,0,0,0,0
S4,continuous,B,133,14,1330.0,2012.2192758156166,2132.870897855906,2132.870897855906,2173.7527369497134,682.2192758156166,682.2192758156166,0.0,682.2192758156166,2012.2192758156166,2042.2192758156166,2163.7527369497134,2353.7527369497134,350.0,4974.184353930478,0.0,0,0,0,1
S4,continuous,B,134,148,1340.0,1376.6975667602542,1451.664248577545,1491.15598247784,1532.8289946981567,36.697566760254176,36.697566760254176,39.491733900295,76.18930066054918,1376.6975667602542,1406.6975667602542,1522.8289946981567,1712.8289946981567,350.0,3940.2893081140473,0.0,0,0,0,1
S4,continuous,B,135,166,1350.0,1350.0,1414.150536573313,2052.5593891979133,2081.1735779690835,0.0,0.0,638.4088526246003,638.4088526246003,1350.0,1380.0,2071.1735779690835,2261.1735779690835,300.0,1543.113918271619,0.0,0,0,0,0
S4,continuous,B,136,93,1360.0,1360.0,1418.4293131570948,1418.4293131570948,1458.375380603847,0.0,0.0,0.0,0.0,1360.0,1390.0,1448.375380603847,1638.375380603847,300.0,2252.7570716656514,0.0,0,0,0,0
S4,continuous,B,137,91,1370.0,1439.5692779402011,1545.6286085644897,1574.340041131781,1625.7823956474617,69.56927794020112,69.56927794020112,28.71143256729124,98.28071050749236,1439.5692779402011,1469.5692779402011,1615.7823956474615,1805.7823956474615,350.0,3561.845202995164,0.0,0,0,0,1
S4,continuous,B,138,167,1380.0,1380.0,1468.2382615162662,1591.3073211329058,1602.1990541640691,0.0,0.0,123.0690596166396,123.0690596166396,1380.0,1410.0,1592.1990541640691,1782.1990541640691,350.0,3316.4152391646758,0.0,0,0,0,1
S4,continuous,B,139,153,1390.0,1782.1990541640691,1832.4986285499313,1832.4986285499313,1850.3819074061141,392.19905416406914,392.19905416406914,0.0,392.19905416406914,1782.1990541640691,1812.1990541640691,1840.3819074061141,2030.3819074061141,350.0,2771.064483083319,0.0,0,0,0,1
S4,continuous,B,140,156,1400.0,1519.6782529095035,1583.5086541871667,1691.15598247784,1722.8289946981567,119.6782529095035,119.6782529095035,107.64732829067339,227.32558120017688,1519.6782529095035,1549.6782529095035,1712.8289946981567,1902.8289946981567,300.0,1959.8773997818694,0.0,0,0,0,0
S4,continuous,B,141,169,1410.0,1612.3747769085903,1695.5015579549524,1695.5015579549524,1716.0289288869567,202.37477690859032,202.37477690859032,0.0,202.37477690859032,1612.3747769085903,1642.3747769085903,1706.0289288869567,1896.0289288869567,350.0,2151.0961272790582,0.0,0,0,0,1
S4,continuous,B,142,32,1420.0,1920.5660113207618,1961.0458869585605,1961.0458869585605,1993.5420090192451,500.56601132076185,500.56601132076185,0.0,500.56601132076185,1920.5660113207618,1950.5660113207618,1983.5420090192451,2173.542009019245,300.0,2820.7261020865667,0.0,0,0,0,0
S4,continuous,B,143,99,1430.0,1556.6881460548664,1598.1848223208588,1821.0105083438089,1835.0782739921635,126.68814605486637,126.68814605486637,222.8256860229501,349.51383207781646,1556.6881460548664,1586.6881460548664,1825.0782739921635,2015.0782739921635,300.0,1113.0507940331088,0.0,0,0,0,0
S4,continuous,B,144,164,1440.0,2343.551384815759,2427.3150028912632,2427.3150028912632,2465.9291916624334,903.5513848157589,903.5513848157589,0.0,903.5513848157589,2343.551384815759,2373.551384815759,2455.9291916624334,2645.9291916624334,350.0,4090.865982055154,0.0,0,0,0,1
S4,continuous,B,145,197,1450.0,1582.5674544600142,1607.0298964053702,1705.9420056239487,1712.6223772844833,132.56745446001423,132.56745446001423,98.91210921857851,231.47956367859274,1582.5674544600142,1612.5674544600142,1705.9420056239487,1895.9420056239487,300.0,578.9674015489944,0.0,0,0,0,0
S4,continuous,B,146,88,1460.0,1902.8289946981567,1980.054121172192,1980.054121172192,1996.7344928327266,442.82899469815675,442.82899469815675,0.0,442.82899469815675,1902.8289946981567,1932.8289946981567,1986.7344928327266,2176.7344928327266,350.0,2661.907869652164,0.0,0,0,0,1
S4,continuous,B,147,179,1470.0,1470.0,1504.125090727648,1504.125090727648,1550.351684044972,0.0,0.0,0.0,0.0,1470.0,1500.0,1540.351684044972,1730.351684044972,300.0,1244.0124298532796,0.0,0,0,0,0
S4,continuous,B,148,154,1480.0,1909.2734167861413,1946.2982719481402,2011.0105083438089,2025.0782739921635,429.2734167861413,429.2734167861413,64.7122363956687,493.98565318181,1909.2734167861413,1939.2734167861413,2015.0782739921635,2205.0782739921633,300.0,634.282428256919,0.0,0,0,0,0
S4,continuous,B,149,30,1490.0,1490.0,1589.1361368320072,1589.1361368320072,1650.2062224190745,0.0,0.0,0.0,0.0,1490.0,1520.0,1640.2062224190745,1830.2062224190745,350.0,3447.1196288341775,0.0,0,0,0,1
S4,continuous,B,150,178,1500.0,1812.1990541640691,1862.5358365967274,2170.054121172192,2186.7344928327266,312.19905416406914,312.19905416406914,307.5182845754648,619.717338739534,1812.1990541640691,1842.1990541640691,2176.7344928327266,2366.7344928327266,350.0,2767.5304835581533,0.0,0,0,0,1
S4,continuous,B,151,67,1510.0,1895.9420056239487,1978.4657893817289,2191.0105083438084,2215.0782739921633,385.9420056239487,385.9420056239487,212.54471896207974,598.4867245860285,1895.9420056239487,1925.9420056239487,2205.0782739921633,2395.0782739921633,350.0,4593.301493027483,0.0,0,0,0,1
S4,continuous,B,152,9,1520.0,1549.6782529095035,1642.206670580227,1984.7573919045412,2011.6032231927913,29.6782529095035,29.6782529095035,342.5507213243143,372.2289742338178,1549.6782529095035,1579.6782529095035,2001.6032231927913,2191.603223192791,350.0,3232.2759213255604,0.0,0,0,0,1
S4,continuous,B,153,35,1530.0,1785.610827186252,1849.7630551190823,1849.7630551190823,1896.4115869645705,255.61082718625198,255.61082718625198,0.0,255.61082718625198,1785.610827186252,1815.610827186252,1886.4115869645705,2076.4115869645702,300.0,3662.9542381779397,0.0,0,0,0,0
S4,continuous,B,154,87,1540.0,1540.0,1638.470330808989,1638.470330808989,1656.353609665172,0.0,0.0,0.0,0.0,1540.0,1570.0,1646.353609665172,1836.353609665172,350.0,3873.1828111921377,0.0,0,0,0,1
S4,continuous,B,155,72,1550.0,2261.1735779690835,2323.106037599695,2323.106037599695,2365.0615616961086,711.1735779690835,711.1735779690835,0.0,711.1735779690835,2261.1735779690835,2291.1735779690835,2355.0615616961086,2545.0615616961086,350.0,1957.3999549673294,0.0,0,0,0,1
S4,continuous,B,156,160,1560.0,1560.0,1602.33592105365,1608.4293131570948,1648.375380603847,0.0,0.0,6.093392103444785,6.093392103444785,1560.0,1590.0,1638.375380603847,1828.375380603847,300.0,886.432334244518,0.0,0,0,0,0
S4,continuous,B,157,141,1570.0,1649.1757566902731,1717.462636225394,2039.763055119082,2086.4115869645702,79.17575669027315,79.17575669027315,322.3004188936882,401.4761755839613,1649.1757566902731,1679.1757566902731,2076.4115869645702,2266.4115869645702,300.0,2781.7737678265985,0.0,0,0,0,0
S4,continuous,B,158,151,1580.0,1580.0,1679.3252318088919,1790.9140545166047,1801.8246533539084,0.0,0.0,111.58882270771278,111.58882270771278,1580.0,1610.0,1791.8246533539084,1981.8246533539084,300.0,4222.38736828205,0.0,0,0,0,0
S4,continuous,B,159,52,1590.0,1590.0,1668.2577391733744,2174.757391904541,2201.6032231927907,0.0,0.0,506.49965273116663,506.49965273116663,1590.0,1620.0,2191.603223192791,2381.603223192791,350.0,2599.052361433633,0.0,0,0,0,1
S4,continuous,B,160,175,1600.0,1600.0,1667.1196166425398,1711.7091795723613,1744.7077982339551,0.0,0.0,44.58956292982157,44.58956292982157,1600.0,1630.0,1734.7077982339551,1924.7077982339551,300.0,2915.9010842024654,0.0,0,0,0,0
S4,continuous,B,161,199,1610.0,1981.8246533539084,2014.183668396768,2374.757391904541,2391.6032231927907,371.8246533539084,371.8246533539084,360.5737235077729,732.3983768616813,1981.8246533539084,2011.8246533539084,2381.603223192791,2571.603223192791,300.0,1568.6765643315086,0.0,0,0,0,0
S4,continuous,B,162,140,1620.0,1620.0,1707.1810725160308,1949.9106672547603,1960.5660113207618,0.0,0.0,242.72959473872947,242.72959473872947,1620.0,1650.0,1950.5660113207618,2140.566011320762,350.0,3112.9888148328127,0.0,0,0,0,1
S4,continuous,B,163,58,1630.0,1630.0,1666.4361672576692,2030.3819074061141,2038.265186262297,0.0,0.0,363.9457401484449,363.9457401484449,1630.0,1660.0,2030.3819074061141,2220.381907406114,300.0,497.9035588466775,0.0,0,0,0,0
S4,continuous,B,164,26,1640.0,1650.0,1748.0497556917237,1841.3073211329058,1852.1990541640691,10.0,10.0,93.25756544118212,103.25756544118212,1650.0,1680.0,1842.1990541640691,2032.1990541640691,350.0,3838.7496380381494,0.0,0,0,0,1
S4,continuous,B,165,165,1650.0,1650.0,1761.1589745767583,1761.1589745767583,1788.7578489515272,0.0,0.0,0.0,0.0,1650.0,1680.0,1778.7578489515272,1968.7578489515272,350.0,4291.713326579562,0.0,0,0,0,1
S4,continuous,B,166,183,1660.0,1932.8289946981567,2035.3175778987943,2035.3175778987943,2080.4136152558976,272.82899469815675,272.82899469815675,0.0,272.82899469815675,1932.8289946981567,1962.8289946981567,2070.4136152558976,2260.4136152558976,350.0,4488.216646575165,0.0,0,0,0,1
S4,continuous,B,167,123,1670.0,1670.0,1765.2746666558212,2141.0458869585605,2183.542009019245,0.0,0.0,375.77122030273927,375.77122030273927,1670.0,1700.0,2173.542009019245,2363.542009019245,350.0,3493.6106408609057,0.0,0,0,0,1
S4,continuous,B,168,180,1680.0,1680.0,1752.3206536324817,2140.566011320762,2141.2213553867637,0.0,0.0,388.24535768828014,388.24535768828014,1680.0,1710.0,2140.566011320762,2330.566011320762,300.0,2820.7261020865667,0.0,0,0,0,0
S4,continuous,B,169,122,1690.0,2291.1735779690835,2375.3726439365614,2375.3726439365614,2428.186903672964,601.1735779690835,601.1735779690835,0.0,601.1735779690835,2291.1735779690835,2321.1735779690835,2418.186903672964,2608.186903672964,350.0,3496.134055625069,0.0,0,0,0,1
S4,continuous,B,170,92,1700.0,1815.4012761101383,1858.2949919528876,1858.2949919528876,1890.2505160493015,115.40127611013827,115.40127611013827,0.0,115.40127611013827,1815.4012761101383,1845.4012761101383,1880.2505160493015,2070.2505160493015,300.0,1111.0512538924636,0.0,0,0,0,0
S4,continuous,B,171,143,1710.0,1805.7823956474615,1857.772891861273,1857.772891861273,1897.718959308025,95.7823956474615,95.7823956474615,0.0,95.7823956474615,1805.7823956474615,1835.7823956474615,1887.718959308025,2077.7189593080248,300.0,1110.1515563542193,0.0,0,0,0,0
S4,continuous,B,172,76,1720.0,2032.1990541640691,2072.90533218214,2627.3150028912632,2655.9291916624334,312.19905416406914,312.19905416406914,554.4096707091235,866.6087248731926,2032.1990541640691,2062.199054164069,2645.9291916624334,2835.9291916624334,300.0,2801.832608138825,0.0,0,0,0,0
S4,continuous,B,173,55,1730.0,1925.9420056239487,1982.0674266859783,2061.3073211329056,2072.199054164069,195.94200562394872,195.94200562394872,79.23989444692734,275.18190007087605,1925.9420056239487,1955.9420056239487,2062.199054164069,2252.199054164069,350.0,2767.5304835581533,0.0,0,0,0,1
S4,continuous,B,174,95,1740.0,1896.0289288869567,1992.2862588656872,2356.203609137364,2383.5513848157584,156.0289288869567,156.0289288869567,363.9173502716769,519.9462791586336,1896.0289288869567,1926.0289288869567,2373.551384815759,2563.551384815759,350.0,5288.039669500415,0.0,0,0,0,1
S4,continuous,B,175,157,1750.0,1835.7823956474615,1958.5197827033494,2091.3719357895134,2144.1861955259164,85.7823956474615,85.7823956474615,132.8521530861642,218.6345487336257,1835.7823956474615,1865.7823956474615,2134.1861955259164,2324.1861955259164,350.0,5274.2852406075635,0.0,0,0,0,1
S4,continuous,B,176,23,1760.0,1760.0,1813.9375652427943,2817.3150028912632,2845.9291916624334,0.0,0.0,1003.3774376484689,1003.3774376484689,1760.0,1790.0,2835.9291916624334,3025.9291916624334,300.0,1734.9810996332444,0.0,0,0,0,0
S4,continuous,B,177,17,1770.0,1939.2734167861413,2058.75352938411,2058.75352938411,2103.3863846257195,169.2734167861413,169.2734167861413,0.0,169.2734167861413,1939.2734167861413,1969.2734167861413,2093.3863846257195,2283.3863846257195,350.0,5667.458371954521,0.0,0,0,0,1
S4,continuous,B,178,27,1780.0,1924.7077982339551,2000.906061081073,2010.9140545166047,2021.8246533539084,144.70779823395515,144.70779823395515,10.007993435531716,154.71579166948686,1924.7077982339551,1954.7077982339551,2011.8246533539084,2201.8246533539086,300.0,3099.5223665294147,0.0,0,0,0,0
S4,continuous,B,179,30,1790.0,2321.1735779690835,2373.681527406893,2373.681527406893,2384.2088983388976,531.1735779690835,531.1735779690835,0.0,531.1735779690835,2321.1735779690835,2351.1735779690835,2374.2088983388976,2564.2088983388976,300.0,1788.6251762918403,0.0,0,0,0,0
S4,continuous,B,180,82,1800.0,1800.0,1914.4647032619528,2322.870897855906,2363.7527369497134,0.0,0.0,408.4061945939534,408.4061945939534,1800.0,1830.0,2353.7527369497134,2543.7527369497134,350.0,5054.467109244511,0.0,0,0,0,1
S4,continuous,B,181,155,1810.0,1810.0,1892.0773103755516,2997.3150028912632,3035.9291916624334,0.0,0.0,1105.2376925157116,1105.2376925157116,1810.0,1840.0,3025.9291916624334,3215.9291916624334,350.0,2197.5850476576575,0.0,0,0,0,1
S4,continuous,B,182,174,1820.0,1954.7077982339551,2026.152651497785,2220.381907406114,2228.265186262297,134.70779823395515,134.70779823395515,194.22925590832892,328.93705414228407,1954.7077982339551,1984.7077982339551,2220.381907406114,2410.381907406114,300.0,2767.49179440462,0.0,0,0,0,0
S4,continuous,B,183,109,1830.0,1830.0,1896.317662735322,1896.317662735322,1916.7845803338605,0.0,0.0,0.0,0.0,1830.0,1860.0,1906.7845803338605,2096.7845803338605,300.0,2519.5845766052703,0.0,0,0,0,0
S4,continuous,B,184,115,1840.0,1955.9420056239487,2012.0674266859783,2251.3073211329056,2262.199054164069,115.94200562394872,115.94200562394872,239.23989444692734,355.18190007087605,1955.9420056239487,1985.9420056239487,2252.199054164069,2442.199054164069,350.0,2767.5304835581533,0.0,0,0,0,1
S4,continuous,B,185,184,1850.0,2395.0782739921633,2496.6297137487777,2553.6815274068936,2574.2088983388976,545.0782739921633,545.0782739921633,57.05181365811586,602.1300876502792,2395.0782739921633,2425.0782739921633,2564.2088983388976,2754.2088983388976,350.0,5388.553956785757,0.0,0,0,0,1
S4,continuous,B,186,111,1860.0,1962.8289946981567,2000.75217953314,2000.75217953314,2033.7507981947338,102.82899469815675,102.82899469815675,0.0,102.82899469815675,1962.8289946981567,1992.8289946981567,2023.7507981947338,2213.7507981947338,300.0,740.0363287206504,0.0,0,0,0,0
S4,continuous,B,187,191,1870.0,2410.381907406114,2423.1352792133252,2423.1352792133252,2434.0458780506287,540.3819074061139,540.3819074061139,0.0,540.3819074061139,2410.381907406114,2440.381907406114,2424.0458780506287,2614.0458780506287,300.0,418.6422518693224,0.0,0,0,0,0
S4,continuous,B,188,13,1880.0,1880.0,1985.9035977886858,2180.7521795331404,2223.750798194734,0.0,0.0,194.84858174445435,194.84858174445435,1880.0,1910.0,2213.7507981947338,2403.7507981947338,350.0,3509.2443346845394,0.0,0,0,0,1
S4,continuous,B,189,45,1890.0,1890.0,2015.9014255495465,2015.9014255495465,2053.853854499949,0.0,0.0,0.0,0.0,1890.0,1920.0,2043.853854499949,2233.853854499949,350.0,5410.911986254814,0.0,0,0,0,1
S4,continuous,B,190,74,1900.0,2077.7189593080248,2143.4529870852516,2523.106037599695,2555.0615616961086,177.71895930802475,177.71895930802475,379.6530505144433,557.372009822468,2077.7189593080248,2107.7189593080248,2545.0615616961086,2735.0615616961086,300.0,2078.7053130808044,0.0,0,0,0,0
S4,continuous,B,191,48,1910.0,1910.0,1963.9976005245194,2200.9140545166047,2211.824653353908,0.0,0.0,236.9164539920855,236.9164539920855,1910.0,1940.0,2201.8246533539086,2391.8246533539086,300.0,803.7531079195041,0.0,0,0,0,0
S4,continuous,B,192,189,1920.0,1920.0,1984.8556625272565,2258.75352938411,2293.3863846257195,0.0,0.0,273.89786685685385,273.89786685685385,1920.0,1950.0,2283.3863846257195,2473.3863846257195,300.0,2654.61430198406,0.0,0,0,0,0
S4,continuous,B,193,92,1930.0,1930.0,1960.2029408574022,2440.381907406114,2448.265186262297,0.0,0.0,480.17896654871174,480.17896654871174,1930.0,1960.0,2440.381907406114,2630.381907406114,300.0,1403.7579106341252,0.0,0,0,0,0
S4,continuous,B,194,84,1940.0,1940.0,2015.8830850307675,2015.8830850307675,2056.828610805463,0.0,0.0,0.0,0.0,1940.0,1970.0,2046.828610805463,2236.828610805463,350.0,2091.3214357910138,0.0,0,0,0,1
S4,continuous,B,195,98,1950.0,1950.0,2049.2841259283978,2370.75217953314,2413.7507981947338,0.0,0.0,321.4680536047422,321.4680536047422,1950.0,1980.0,2403.7507981947338,2593.7507981947338,350.0,4081.5754153019097,0.0,0,0,0,1
S4,continuous,B,196,185,1960.0,1960.0,2054.4921770996616,2613.1352792133252,2624.0458780506287,0.0,0.0,558.6431021136636,558.6431021136636,1960.0,1990.0,2614.0458780506287,2804.0458780506287,300.0,3204.70952296146,0.0,0,0,0,0
S4,continuous,B,197,136,1970.0,2363.542009019245,2405.4139739908755,2405.4139739908755,2435.2884736023525,393.54200901924514,393.54200901924514,0.0,393.54200901924514,2363.542009019245,2393.542009019245,2425.2884736023525,2615.2884736023525,300.0,936.9093024238553,0.0,0,0,0,0
S4,continuous,B,198,28,1980.0,2107.7189593080248,2187.270322716048,2187.270322716048,2238.3404083031155,127.71895930802475,127.71895930802475,0.0,127.71895930802475,2107.7189593080248,2137.7189593080248,2228.3404083031155,2418.3404083031155,300.0,3095.4338292538555,0.0,0,0,0,0
S4,continuous,B,199,85,1990.0,1990.0,2061.8094022630476,2061.8094022630476,2103.482414483364,0.0,0.0,0.0,0.0,1990.0,2020.0,2093.482414483364,2283.482414483364,350.0,2655.258760029951,0.0,0,0,0,1
S4,continuous,B,200,113,2000.0,2000.0,2084.4764815200774,2205.8830850307672,2246.828610805463,0.0,0.0,121.40660351068982,121.40660351068982,2000.0,2030.0,2236.828610805463,2426.828610805463,350.0,3266.6573099591246,0.0,0,0,0,1
S4,continuous,B,201,62,2010.0,2630.381907406114,2707.348289597523,2707.348289597523,2731.0851050013857,620.3819074061139,620.3819074061139,0.0,620.3819074061139,2630.381907406114,2660.381907406114,2721.0851050013857,2911.0851050013857,350.0,4146.97402698197,0.0,0,0,0,1
S4,continuous,B,202,167,2020.0,2543.7527369497134,2639.552795289504,2639.552795289504,2670.0197128880427,523.7527369497134,523.7527369497134,0.0,523.7527369497134,2543.7527369497134,2573.7527369497134,2660.0197128880427,2850.0197128880427,350.0,4017.958399860619,0.0,0,0,0,1
S4,continuous,B,203,100,2030.0,2030.0,2112.197051675548,2793.1352792133252,2814.0458780506287,0.0,0.0,680.938227537777,680.938227537777,2030.0,2060.0,2804.0458780506287,2994.0458780506287,350.0,4120.586155984867,0.0,0,0,0,1
S4,continuous,B,204,163,2040.0,2070.2505160493015,2151.498206670692,2151.498206670692,2204.5846873878468,30.250516049301496,30.250516049301496,0.0,30.250516049301496,2070.2505160493015,2100.2505160493015,2194.5846873878468,2384.5846873878468,350.0,3094.687792399647,0.0,0,0,0,1
S4,continuous,B,205,121,2050.0,2324.1861955259164,2421.2328457346257,2421.2328457346257,2477.881377580114,274.18619552591645,274.18619552591645,0.0,274.18619552591645,2324.1861955259164,2354.1861955259164,2467.881377580114,2657.881377580114,350.0,3496.1399893965468,0.0,0,0,0,1
S4,continuous,B,206,32,2060.0,2366.7344928327266,2449.2582765905067,2449.2582765905067,2473.3260422388616,306.7344928327266,306.7344928327266,0.0,306.7344928327266,2366.7344928327266,2396.7344928327266,2463.3260422388616,2653.3260422388616,350.0,4593.301493027483,0.0,0,0,0,1
S4,continuous,B,207,93,2070.0,2393.542009019245,2482.4008920315696,2482.4008920315696,2538.6274853488935,323.54200901924514,323.54200901924514,0.0,323.54200901924514,2393.542009019245,2423.542009019245,2528.6274853488935,2718.6274853488935,350.0,3584.4643069993726,0.0,0,0,0,1
S4,continuous,B,208,21,2080.0,2423.542009019245,2502.701068895551,2564.7573919045412,2581.603223192791,343.54200901924514,343.54200901924514,62.05632300899015,405.5983320282353,2423.542009019245,2453.542009019245,2571.603223192791,2761.603223192791,300.0,3357.5722877860894,0.0,0,0,0,0
S4,continuous,B,209,19,2090.0,2354.1861955259164,2463.556207824442,2652.498628549931,2670.381907406114,264.18619552591645,264.18619552591645,188.94242072548877,453.1286162514052,2354.1861955259164,2384.1861955259164,2660.381907406114,2850.381907406114,350.0,4123.871197104419,0.0,0,0,0,1
S4,continuous,B,210,119,2100.0,2260.4136152558976,2318.396178734071,2377.270322716048,2428.3404083031155,160.41361525589764,160.41361525589764,58.87414398197734,219.28775923787498,2260.4136152558976,2290.4136152558976,2418.3404083031155,2608.3404083031155,300.0,1956.5990227921639,0.0,0,0,0,0
S4,continuous,B,211,190,2110.0,2425.0782739921633,2531.893878192679,2531.893878192679,2583.3362327083596,315.0782739921633,315.0782739921633,0.0,315.0782739921633,2425.0782739921633,2455.0782739921633,2573.3362327083596,2763.3362327083596,350.0,5894.0731709642305,0.0,0,0,0,1
S4,continuous,B,212,108,2120.0,2120.0,2197.218443705297,2438.75352938411,2483.3863846257195,0.0,0.0,241.53508567881318,241.53508567881318,2120.0,2150.0,2473.3863846257195,2663.3863846257195,350.0,3907.290239989642,0.0,0,0,0,1
S4,continuous,B,213,151,2130.0,2130.0,2193.884302307784,2431.0458869585605,2463.542009019245,0.0,0.0,237.1615846507766,237.1615846507766,2130.0,2160.0,2453.542009019245,2643.542009019245,300.0,1420.0365738410976,0.7234631944204466,1,0,1,0
S4,continuous,B,214,143,2140.0,2140.0,2229.849840453723,2261.8094022630476,2293.482414483364,0.0,0.0,31.95956180932444,31.95956180932444,2140.0,2170.0,2283.482414483364,2473.482414483364,300.0,2999.0324801473084,0.0,0,0,0,0
S4,continuous,B,215,37,2150.0,2150.0,2230.686358290358,2265.3175778987943,2300.4136152558976,0.0,0.0,34.63121960843637,34.63121960843637,2150.0,2180.0,2290.4136152558976,2480.4136152558976,300.0,2998.9588776757546,0.0,0,0,0,0
S4,continuous,B,216,168,2160.0,2426.828610805463,2469.722326648213,2713.106037599695,2745.0615616961086,266.8286108054631,266.8286108054631,243.38371095148204,510.21232175694513,2426.828610805463,2456.828610805463,2735.0615616961086,2925.0615616961086,300.0,1111.0512538924636,0.0,0,0,0,0
S4,continuous,B,217,17,2170.0,2573.7527369497134,2695.4676489115927,2743.681527406893,2764.2088983388976,403.7527369497134,403.7527369497134,48.21387849530038,451.96661544501376,2573.7527369497134,2603.7527369497134,2754.2088983388976,2944.2088983388976,350.0,5695.917574667191,0.0,0,0,0,1
S4,continuous,B,218,172,2180.0,2653.3260422388616,2738.636545541941,2738.636545541941,2766.23541991671,473.32604223886165,473.32604223886165,0.0,473.32604223886165,2653.3260422388616,2683.3260422388616,2756.23541991671,2946.23541991671,350.0,4341.182377097234,0.0,0,0,0,1
S4,continuous,B,219,134,2190.0,2190.0,2291.9836210747585,2390.054121172192,2406.7344928327266,0.0,0.0,98.07050009743352,98.07050009743352,2190.0,2220.0,2396.7344928327266,2586.7344928327266,350.0,3710.031401486275,0.0,0,0,0,1
S4,continuous,B,220,117,2200.0,2442.199054164069,2463.964401789254,2463.964401789254,2474.619745855256,242.1990541640689,242.1990541640689,0.0,242.1990541640689,2442.199054164069,2472.199054164069,2464.619745855256,2654.619745855256,350.0,832.6430250872801,0.0,0,0,0,1
S4,continuous,B,221,127,2210.0,2472.199054164069,2527.248130640109,2527.248130640109,2568.193656414805,262.1990541640689,262.1990541640689,0.0,262.1990541640689,2472.199054164069,2502.199054164069,2558.193656414805,2748.193656414805,350.0,3203.0091903544194,0.0,0,0,0,1
S4,continuous,B,222,63,2220.0,2391.8246533539086,2454.477393144654,2454.477393144654,2496.1504053649705,171.82465335390862,171.82465335390862,0.0,171.82465335390862,2391.8246533539086,2421.8246533539086,2486.1504053649705,2676.1504053649705,350.0,3095.7274521842305,0.0,0,0,0,1
S4,continuous,B,223,133,2230.0,2230.0,2276.058888693248,2586.7344928327266,2593.414864493261,0.0,0.0,310.67560413947876,310.67560413947876,2230.0,2260.0,2586.7344928327266,2776.7344928327266,300.0,2454.8065637122513,0.0,0,0,0,0
S4,continuous,B,224,33,2240.0,2240.0,2347.2339662673053,2628.75352938411,2673.3863846257195,0.0,0.0,281.5195631168049,281.5195631168049,2240.0,2270.0,2663.3863846257195,2853.3863846257195,350.0,5031.695575420244,0.0,0,0,0,1
S4,continuous,B,225,14,2250.0,2563.551384815759,2599.531924694352,2599.531924694352,2627.4843536447543,313.55138481575887,313.55138481575887,0.0,313.55138481575887,2563.551384815759,2593.551384815759,2617.4843536447543,2807.4843536447543,300.0,1468.6853031572157,0.0,0,0,0,0
S4,continuous,B,226,31,2260.0,2603.7527369497134,2654.3218356090583,2789.531924694352,2817.4843536447543,343.7527369497134,343.7527369497134,135.21008908529348,478.96282603500686,2603.7527369497134,2633.7527369497134,2807.4843536447543,2997.4843536447543,300.0,1606.6553112568947,0.0,0,0,0,0
S4,continuous,B,227,147,2270.0,2593.551384815759,2636.675227496662,2654.477393144654,2686.1504053649705,323.55138481575887,323.55138481575887,17.802165647991842,341.3535504637507,2593.551384815759,2623.551384815759,2676.1504053649705,2866.1504053649705,300.0,1963.5084063274605,0.0,0,0,0,0
S4,continuous,B,228,36,2280.0,2853.3863846257195,2927.5988873160054,2938.636545541941,2956.23541991671,573.3863846257195,573.3863846257195,11.037658225935502,584.424042851655,2853.3863846257195,2883.3863846257195,2946.23541991671,3136.23541991671,300.0,2899.801811327007,1.7310339168238897,1,0,1,0
S4,continuous,B,229,68,2290.0,2633.7527369497134,2744.5193505204143,2744.5193505204143,2785.46487629511,343.7527369497134,343.7527369497134,0.0,343.7527369497134,2633.7527369497134,2663.7527369497134,2775.46487629511,2965.46487629511,350.0,5068.121789468758,0.0,0,0,0,1
S4,continuous,B,230,34,2300.0,2456.828610805463,2556.2558641320948,2556.2558641320948,2606.0479897509695,156.8286108054631,156.8286108054631,0.0,156.8286108054631,2456.828610805463,2486.828610805463,2596.0479897509695,2786.0479897509695,350.0,4352.470093763564,0.0,0,0,0,1
S4,continuous,B,231,157,2310.0,2502.199054164069,2542.1580879323865,2969.531924694352,3007.4843536447543,192.1990541640689,192.1990541640689,427.3738367619653,619.5728909260342,2502.199054164069,2532.199054164069,2997.4843536447543,3187.4843536447543,350.0,2182.0408590514585,0.0,0,0,0,1
S4,continuous,B,232,45,2320.0,2480.4136152558976,2523.1568491646976,2523.1568491646976,2536.8936645685603,160.41361525589764,160.41361525589764,0.0,160.41361525589764,2480.4136152558976,2510.4136152558976,2526.8936645685603,2716.8936645685603,300.0,753.9773672512795,0.0,0,0,0,0
S4,continuous,B,233,43,2330.0,2776.7344928327266,2809.657213297192,2839.552795289504,2860.0197128880427,446.7344928327266,446.7344928327266,29.895581992312145,476.6300748250387,2776.7344928327266,2806.7344928327266,2850.0197128880427,3040.0197128880427,300.0,1885.2263665574023,0.0,0,0,0,0
S4,continuous,B,234,146,2340.0,2761.603223192791,2810.337891690574,2810.337891690574,2853.336510352168,421.6032231927911,421.6032231927911,0.0,421.6032231927911,2761.603223192791,2791.603223192791,2843.336510352168,3033.336510352168,350.0,1808.4780637180893,0.0,0,0,0,1
S4,continuous,B,235,187,2350.0,2608.3404083031155,2664.0967537985653,2664.0967537985653,2712.7680649928557,258.3404083031155,258.3404083031155,0.0,258.3404083031155,2608.3404083031155,2638.3404083031155,2702.7680649928557,2892.7680649928557,300.0,811.1243111322713,0.0,0,0,0,0
S4,continuous,B,236,71,2360.0,2360.0,2457.96914819042,2606.2036091373643,2633.551384815759,0.0,0.0,148.23446094694418,148.23446094694418,2360.0,2390.0,2623.551384815759,2813.551384815759,350.0,3049.9512341053924,0.0,0,0,0,1
S4,continuous,B,237,126,2370.0,2370.0,2452.5552032160786,2587.270322716048,2648.3404083031155,0.0,0.0,134.71511949996966,134.71511949996966,2370.0,2400.0,2638.3404083031155,2828.3404083031155,350.0,4107.100055896491,0.0,0,0,0,1
S4,continuous,B,238,143,2380.0,2850.381907406114,2896.711420864533,3010.337891690574,3043.336510352168,470.3819074061139,470.3819074061139,113.62647082604099,584.0083782321549,2850.381907406114,2880.381907406114,3033.336510352168,3223.336510352168,300.0,2767.49179440462,0.0,0,0,0,0
S4,continuous,B,239,59,2390.0,2880.381907406114,2904.893535078102,2904.893535078102,2921.739366366352,490.3819074061139,490.3819074061139,0.0,490.3819074061139,2880.381907406114,2910.381907406114,2911.739366366352,3101.739366366352,300.0,1232.2021384425047,0.0,0,0,0,0
S4,continuous,B,240,170,2400.0,2593.7507981947338,2703.3705525071177,2703.3705525071177,2748.466589864221,193.75079819473376,193.75079819473376,0.0,193.75079819473376,2593.7507981947338,2623.7507981947338,2738.466589864221,2928.466589864221,350.0,4881.88232347949,0.0,0,0,0,1
S4,continuous,B,241,94,2410.0,2791.603223192791,2824.9520147878993,2824.9520147878993,2831.632386448434,381.6032231927911,381.6032231927911,0.0,381.6032231927911,2791.603223192791,2821.603223192791,2824.9520147878993,3014.9520147878993,300.0,1217.8283685344832,0.0,0,0,0,0
S4,continuous,B,242,38,2420.0,2420.0,2482.2330474715277,2993.1352792133252,3004.0458780506287,0.0,0.0,510.90223174179755,510.90223174179755,2420.0,2450.0,2994.0458780506287,3184.0458780506287,300.0,1326.7633618165821,0.0,0,0,0,0
S4,continuous,B,243,13,2430.0,2944.2088983388976,2990.9828196176363,2990.9828196176363,3020.8573192291133,514.2088983388976,514.2088983388976,0.0,514.2088983388976,2944.2088983388976,2974.2088983388976,3010.8573192291133,3200.8573192291133,300.0,2618.4460424996923,0.0,0,0,0,0
S4,continuous,B,244,7,2440.0,3215.9291916624334,3289.452751697191,3289.452751697191,3313.189567101054,775.9291916624334,775.9291916624334,0.0,775.9291916624334,3215.9291916624334,3245.9291916624334,3303.189567101054,3493.189567101054,350.0,2639.046438447688,0.0,0,0,0,1
S4,continuous,B,245,24,2450.0,2813.551384815759,2905.979970297406,3173.1352792133252,3194.0458780506287,363.55138481575887,363.55138481575887,267.15530891591925,630.7066937316781,2813.551384815759,2843.551384815759,3184.0458780506287,3374.0458780506287,350.0,4580.01252612867,0.0,0,0,0,1
S4,continuous,B,246,50,2460.0,2654.619745855256,2699.161660188367,2699.161660188367,2739.1077276351193,194.61974585525604,194.61974585525604,0.0,194.61974585525604,2654.619745855256,2684.619745855256,2729.1077276351193,2919.1077276351193,300.0,3128.7784087043865,0.0,0,0,0,0
S4,continuous,B,247,101,2470.0,2683.3260422388616,2790.1416464393774,2790.1416464393774,2841.584000955058,213.32604223886165,213.32604223886165,0.0,213.32604223886165,2683.3260422388616,2713.3260422388616,2831.584000955058,3021.584000955058,350.0,5894.0731709642305,0.0,0,0,0,1
S4,continuous,B,248,130,2480.0,2910.381907406114,2934.893535078102,3094.893535078102,3111.739366366352,430.3819074061139,430.3819074061139,160.0,590.3819074061139,2910.381907406114,2940.381907406114,3101.739366366352,3291.739366366352,300.0,1232.2021384425047,0.0,0,0,0,0
S4,continuous,B,249,158,2490.0,2490.0,2576.434442696985,2611.2328457346257,2667.881377580114,0.0,0.0,34.79840303764058,34.79840303764058,2490.0,2520.0,2657.881377580114,2847.881377580114,350.0,3705.139053751635,0.0,0,0,0,1
S4,continuous,B,250,11,2500.0,2500.0,2604.1267459828996,3118.636545541941,3146.23541991671,0.0,0.0,514.5097995590413,514.5097995590413,2500.0,2530.0,3136.23541991671,3326.23541991671,350.0,4009.2630242365476,0.0,0,0,0,1
S4,continuous,B,251,102,2510.0,2718.6274853488935,2791.9890488453084,2791.9890488453084,2792.64439291131,208.62748534889352,208.62748534889352,0.0,208.62748534889352,2718.6274853488935,2748.6274853488935,2791.9890488453084,2981.9890488453084,300.0,2043.4076988560146,0.0,0,0,0,0
S4,continuous,B,252,150,2520.0,3245.9291916624334,3296.2969338402027,3296.2969338402027,3347.36701942727,725.9291916624334,725.9291916624334,0.0,725.9291916624334,3245.9291916624334,3275.9291916624334,3337.36701942727,3527.36701942727,300.0,1848.6582655644602,0.0,0,0,0,0
S4,continuous,B,253,148,2530.0,2911.0851050013857,2986.225136344514,2986.225136344514,3000.292901992869,381.0851050013857,381.0851050013857,0.0,381.0851050013857,2911.0851050013857,2941.0851050013857,2990.292901992869,3180.292901992869,300.0,4232.5706345454555,0.0,0,0,0,0
S4,continuous,B,254,144,2540.0,2615.2884736023525,2714.577442779663,3308.636545541941,3336.23541991671,75.2884736023525,75.2884736023525,594.0591027622777,669.3475763646302,2615.2884736023525,2645.2884736023525,3326.23541991671,3516.23541991671,350.0,4298.331507653467,0.0,0,0,0,1
S4,continuous,B,255,104,2550.0,2550.0,2657.917657761118,2746.2558641320948,2796.0479897509695,0.0,0.0,88.33820637097688,88.33820637097688,2550.0,2580.0,2786.0479897509695,2976.0479897509695,350.0,4169.804834611013,0.0,0,0,0,1
S4,continuous,B,256,183,2560.0,2560.0,2657.430949656529,3363.1352792133252,3384.0458780506287,0.0,0.0,705.7043295567964,705.7043295567964,2560.0,2590.0,3374.0458780506287,3564.0458780506287,350.0,3819.027334267068,0.0,0,0,0,1
S4,continuous,B,257,22,2570.0,2828.3404083031155,2915.0464860332945,2915.0464860332945,2915.938219064458,258.3404083031155,258.3404083031155,0.0,258.3404083031155,2828.3404083031155,2858.3404083031155,2915.0464860332945,3105.0464860332945,300.0,2635.541902631924,0.0,0,0,0,0
S4,continuous,B,258,81,2580.0,2645.2884736023525,2732.089837011308,2732.089837011308,2784.9040967477113,65.2884736023525,65.2884736023525,0.0,65.2884736023525,2645.2884736023525,2675.2884736023525,2774.9040967477113,2964.9040967477113,350.0,3591.9013832379487,0.0,0,0,0,1
S4,continuous,B,259,193,2590.0,2748.6274853488935,2806.9702636233537,2811.2328457346257,2857.881377580114,158.62748534889352,158.62748534889352,4.262582111271968,162.89006746016548,2748.6274853488935,2778.6274853488935,2847.881377580114,3037.881377580114,300.0,1272.121289623157,0.0,0,0,0,0
S4,continuous,B,260,197,2600.0,2883.3863846257195,2961.644123799094,3274.893535078102,3301.739366366352,283.38638462571953,283.38638462571953,313.2494112790082,596.6357959047277,2883.3863846257195,2913.3863846257195,3291.739366366352,3481.739366366352,350.0,2599.052361433633,0.0,0,0,0,1
S4,continuous,B,261,180,2610.0,2821.603223192791,2894.953978036795,2894.953978036795,2922.3017537151895,211.60322319279112,211.60322319279112,0.0,211.60322319279112,2821.603223192791,2851.603223192791,2912.3017537151895,3102.3017537151895,350.0,3371.2962718834865,0.0,0,0,0,1
S4,continuous,B,262,9,2620.0,3014.9520147878993,3047.8747352523646,3047.8747352523646,3068.3416528509033,394.9520147878993,394.9520147878993,0.0,394.9520147878993,3014.9520147878993,3044.9520147878993,3058.3416528509033,3248.3416528509033,300.0,1885.2263665574023,0.0,0,0,0,0
S4,continuous,B,263,133,2630.0,2976.0479897509695,3027.434562318365,3169.531924694352,3197.4843536447543,346.04798975096946,346.04798975096946,142.0973623759869,488.14535212695637,2976.0479897509695,3006.0479897509695,3187.4843536447543,3377.4843536447543,300.0,1111.6859027477553,0.0,0,0,0,0
S4,continuous,B,264,135,2640.0,2778.6274853488935,2895.3940580566123,2927.348289597523,2951.0851050013857,138.62748534889352,138.62748534889352,31.95423154091077,170.58171688980428,2778.6274853488935,2808.6274853488935,2941.0851050013857,3131.0851050013857,350.0,4435.815669632257,0.0,0,0,0,1
S4,continuous,B,265,191,2650.0,2650.0,2766.662187885525,3084.953978036795,3112.3017537151895,0.0,0.0,318.2917901512701,318.2917901512701,2650.0,2680.0,3102.3017537151895,3292.3017537151895,350.0,4640.551759869101,0.0,0,0,0,1
S4,continuous,B,266,122,2660.0,2851.603223192791,2882.4901835452333,2882.4901835452333,2928.7167768625573,191.60322319279112,191.60322319279112,0.0,191.60322319279112,2851.603223192791,2881.603223192791,2918.7167768625573,3108.7167768625573,300.0,1251.4373939740206,0.0,0,0,0,0
S4,continuous,B,267,72,2670.0,2940.381907406114,2952.7458294235525,2952.7458294235525,2984.7013535199662,270.3819074061139,270.3819074061139,0.0,270.3819074061139,2940.381907406114,2970.381907406114,2974.7013535199662,3164.7013535199662,300.0,497.9035588466775,0.0,0,0,0,0
S4,continuous,B,268,20,2680.0,3037.881377580114,3108.8032522873527,3108.8032522873527,3143.436107528962,357.8813775801141,357.8813775801141,0.0,357.8813775801141,3037.881377580114,3067.881377580114,3133.436107528962,3323.436107528962,300.0,2024.6297928855156,0.0,0,0,0,0
S4,continuous,B,269,116,2690.0,2690.0,2794.5153344808373,3104.154753002131,3115.0464860332945,0.0,0.0,309.6394185212939,309.6394185212939,2690.0,2720.0,3105.0464860332945,3295.0464860332945,350.0,3942.1401379952335,0.0,0,0,0,1
S4,continuous,B,270,71,2700.0,2700.0,2768.963509730043,2889.161660188367,2929.1077276351193,0.0,0.0,120.19815045832411,120.19815045832411,2700.0,2730.0,2919.1077276351193,3109.1077276351193,300.0,2793.3701254944144,0.0,0,0,0,0
S4,continuous,B,271,69,2710.0,3006.0479897509695,3108.3959751771913,3170.9828196176363,3210.8573192291133,296.04798975096946,296.04798975096946,62.58684444044502,358.6348341914145,3006.0479897509695,3036.0479897509695,3200.8573192291133,3390.8573192291133,350.0,3952.057113308236,0.0,0,0,0,1
S4,continuous,B,272,84,2720.0,3564.0458780506287,3643.4167131596178,3643.4167131596178,3667.1535285634804,844.0458780506287,844.0458780506287,0.0,844.0458780506287,3564.0458780506287,3594.0458780506287,3657.1535285634804,3847.1535285634804,350.0,4120.586155984867,0.0,0,0,0,1
S4,continuous,B,273,179,2730.0,2730.0,2758.9611634607163,3021.2328457346257,3077.881377580114,0.0,0.0,262.2716822739094,262.2716822739094,2730.0,2760.0,3067.881377580114,3257.881377580114,350.0,1556.9073392050923,0.0,0,0,0,1
S4,continuous,B,274,14,2740.0,2965.46487629511,3027.7696902332864,3508.636545541941,3526.23541991671,225.46487629511012,225.46487629511012,480.8668553086545,706.3317316037646,2965.46487629511,2995.46487629511,3516.23541991671,3706.23541991671,300.0,2333.341211646007,0.0,0,0,0,0
S4,continuous,B,275,194,2750.0,3036.0479897509695,3119.4432342121117,3237.8747352523646,3258.3416528509033,286.04798975096946,286.04798975096946,118.4315010402529,404.47949079122236,3036.0479897509695,3066.0479897509695,3248.3416528509033,3438.3416528509033,300.0,3208.169805571566,0.0,0,0,0,0
S4,continuous,B,276,182,2760.0,2760.0,2832.165806353731,3359.531924694352,3387.4843536447543,0.0,0.0,527.3661183406207,527.3661183406207,2760.0,2790.0,3377.4843536447543,3567.4843536447543,300.0,2915.9010842024654,0.0,0,0,0,0
S4,continuous,B,277,105,2770.0,2866.1504053649705,2961.91694675504,2990.1416464393774,3031.584000955058,96.15040536497054,96.15040536497054,28.224699684337338,124.37510504930788,2866.1504053649705,2896.1504053649705,3021.584000955058,3211.584000955058,300.0,4638.478778330174,0.0,0,0,0,0
S4,continuous,B,278,89,2780.0,2780.0,2846.130438976517,2846.130438976517,2907.200524563584,0.0,0.0,0.0,0.0,2780.0,2810.0,2897.200524563584,3087.200524563584,350.0,3229.8674780545643,0.0,0,0,0,1
S4,continuous,B,279,85,2790.0,3567.4843536447543,3665.348040688055,3665.348040688055,3721.574634005379,777.4843536447543,777.4843536447543,0.0,777.4843536447543,3567.4843536447543,3597.4843536447543,3711.574634005379,3901.574634005379,350.0,4464.978984198502,0.0,0,0,0,1
S4,continuous,B,280,163,2800.0,2913.3863846257195,2990.165451135194,2990.165451135194,3022.6615731958786,113.38638462571953,113.38638462571953,0.0,113.38638462571953,2913.3863846257195,2943.3863846257195,3012.6615731958786,3202.6615731958786,300.0,3145.392304369133,0.0,0,0,0,0
S4,continuous,B,281,86,2810.0,2995.46487629511,3098.259534229781,3569.531924694352,3607.4843536447543,185.46487629511012,185.46487629511012,471.2723904645709,656.737266759681,2995.46487629511,3025.46487629511,3597.4843536447543,3787.4843536447543,350.0,4517.765250957155,0.0,0,0,0,1
S4,continuous,B,282,147,2820.0,2820.0,2914.8906685988886,3166.225136344514,3190.292901992869,0.0,0.0,251.33446774562526,251.33446774562526,2820.0,2850.0,3180.292901992869,3370.292901992869,350.0,3825.7892077587985,0.0,0,0,0,1
S4,continuous,B,283,108,2830.0,2943.3863846257195,2994.4426151737807,3180.1416464393774,3221.584000955058,113.38638462571953,113.38638462571953,185.69903126559666,299.0854158913162,2943.3863846257195,2973.3863846257195,3211.584000955058,3401.584000955058,300.0,1475.2677358832507,0.0,0,0,0,0
S4,continuous,B,284,199,2840.0,3438.3416528509033,3469.21937685265,3469.21937685265,3501.1749009490636,598.3416528509033,598.3416528509033,0.0,598.3416528509033,3438.3416528509033,3468.3416528509033,3491.1749009490636,3681.1749009490636,300.0,956.1659686886227,0.0,0,0,0,0
S4,continuous,B,285,198,2850.0,3787.4843536447543,3882.2023463021146,3882.2023463021146,3924.1578703985283,937.4843536447543,937.4843536447543,0.0,937.4843536447543,3787.4843536447543,3817.4843536447543,3914.1578703985283,4104.157870398529,350.0,4183.910679031277,0.0,0,0,0,1
S4,continuous,B,286,161,2860.0,2892.7680649928557,2996.4702229176846,3044.9520147878993,3051.632386448434,32.76806499285567,32.76806499285567,48.48179187021469,81.24985686307036,2892.7680649928557,2922.7680649928557,3044.9520147878993,3234.9520147878993,300.0,3945.4815296433617,0.0,0,0,0,0
S4,continuous,B,287,96,2870.0,3275.9291916624334,3337.861651293045,3649.21937685265,3691.1749009490636,405.92919166243337,405.92919166243337,311.3577255596051,717.2869172220385,3275.9291916624334,3305.9291916624334,3681.1749009490636,3871.1749009490636,350.0,1957.3999549673294,0.0,0,0,0,1
S4,continuous,B,288,118,2880.0,2880.0,2957.1248367812514,3288.8032522873527,3333.436107528962,0.0,0.0,331.6784155061014,331.6784155061014,2880.0,2910.0,3323.436107528962,3513.436107528962,350.0,1897.513473723167,0.0,0,0,0,1
S4,continuous,B,289,3,2890.0,3108.7167768625573,3211.306131131521,3211.306131131521,3253.8022531922056,218.71677686255725,218.71677686255725,0.0,218.71677686255725,3108.7167768625573,3138.7167768625573,3243.8022531922056,3433.8022531922056,350.0,3584.4643069993726,0.0,0,0,0,1
S4,continuous,B,290,87,2900.0,2900.0,2966.022235648625,3457.8747352523646,3478.3416528509033,0.0,0.0,491.8524996037395,491.8524996037395,2900.0,2930.0,3468.3416528509033,3658.3416528509033,300.0,3636.3047495858295,0.0,0,0,0,0
S4,continuous,B,291,164,2910.0,3292.3017537151895,3318.722854625895,3318.722854625895,3358.5149802447695,382.30175371518953,382.30175371518953,0.0,382.30175371518953,3292.3017537151895,3322.3017537151895,3348.5149802447695,3538.5149802447695,300.0,890.5878553070718,0.0,0,0,0,0
S4,continuous,B,292,43,2920.0,2922.7680649928557,3012.584370141758,3012.584370141758,3043.529895916454,2.7680649928556704,2.7680649928556704,0.0,2.7680649928556704,2922.7680649928557,2952.7680649928557,3033.529895916454,3223.529895916454,300.0,3141.0837818190716,0.0,0,0,0,0
S4,continuous,B,293,66,2930.0,3401.584000955058,3527.4854265046047,3789.531924694352,3827.4843536447543,471.58400095505795,471.58400095505795,262.0464981897471,733.6304991448051,3401.584000955058,3431.584000955058,3817.4843536447543,4007.4843536447543,350.0,5410.911986254814,0.0,0,0,0,1
S4,continuous,B,294,80,2940.0,3305.9291916624334,3364.5748463540776,3474.893535078102,3491.739366366352,365.92919166243337,365.92919166243337,110.31868872402447,476.24788038645784,3305.9291916624334,3335.9291916624334,3481.739366366352,3671.739366366352,300.0,2229.3978283287133,0.0,0,0,0,0
S4,continuous,B,295,89,2950.0,3223.336510352168,3301.261327560445,3301.261327560445,3354.0755872968475,273.3365103521678,273.3365103521678,0.0,273.3365103521678,3223.336510352168,3253.336510352168,3344.0755872968475,3534.0755872968475,350.0,2807.4776284355376,0.0,0,0,0,1
S4,continuous,B,296,145,2960.0,2970.381907406114,2997.9407561876947,2997.9407561876947,3008.4681271196987,10.381907406113896,10.381907406113896,0.0,10.381907406113896,2970.381907406114,3000.381907406114,2998.4681271196987,3188.4681271196987,300.0,1403.7579106341252,0.0,0,0,0,0
S4,continuous,B,297,151,2970.0,3234.9520147878993,3292.0960870664726,3307.3150028912632,3345.9291916624334,264.9520147878993,264.9520147878993,15.218915824790656,280.17093061269,3234.9520147878993,3264.9520147878993,3335.9291916624334,3525.9291916624334,350.0,2974.0528433611066,0.0,0,0,0,1
S4,continuous,B,298,172,2980.0,3223.529895916454,3334.3601961680433,3334.3601961680433,3375.2420352618506,243.52989591645382,243.52989591645382,0.0,243.52989591645382,3223.529895916454,3253.529895916454,3365.2420352618506,3555.2420352618506,350.0,5068.121789468758,0.0,0,0,0,1
S4,continuous,B,299,107,2990.0,3322.3017537151895,3410.973623165319,3410.973623165319,3427.6539948258537,332.30175371518953,332.30175371518953,0.0,332.30175371518953,3322.3017537151895,3352.3017537151895,3417.6539948258537,3607.6539948258537,350.0,4308.413654810309,0.0,0,0,0,1
S4,continuous,B,300,34,3000.0,3000.0,3092.4018572436903,3102.4901835452333,3148.7167768625573,0.0,0.0,10.08832630154302,10.08832630154302,3000.0,3030.0,3138.7167768625573,3328.7167768625573,300.0,3389.8592591847314,0.0,0,0,0,0
S4,continuous,B,301,152,3010.0,3010.0,3108.253646381042,3843.4167131596178,3857.1535285634804,0.0,0.0,735.1630667785757,735.1630667785757,3010.0,3040.0,3847.1535285634804,4037.1535285634804,300.0,4714.547091637323,0.0,0,0,0,0
S4,continuous,B,302,37,3020.0,3594.0458780506287,3673.4167131596178,4023.4167131596178,4047.1535285634804,574.0458780506287,574.0458780506287,350.0,924.0458780506287,3594.0458780506287,3624.0458780506287,4037.1535285634804,4227.15352856348,350.0,4120.586155984867,0.0,0,0,0,1
S4,continuous,B,303,176,3030.0,3431.584000955058,3537.1198846404914,3537.1198846404914,3568.792896860808,401.58400095505795,401.58400095505795,0.0,401.58400095505795,3431.584000955058,3461.584000955058,3558.792896860808,3748.792896860808,300.0,4638.478778330174,0.0,0,0,0,0
S4,continuous,B,304,193,3040.0,3040.0,3086.2654677637247,3370.982819617636,3400.8573192291133,0.0,0.0,284.71735185391117,284.71735185391117,3040.0,3070.0,3390.8573192291133,3580.8573192291133,300.0,576.7373714145053,0.0,0,0,0,0
S4,continuous,B,305,6,3050.0,3202.6615731958786,3250.370686370057,3250.370686370057,3299.041997564347,152.66157319587865,152.66157319587865,0.0,152.66157319587865,3202.6615731958786,3232.6615731958786,3289.041997564347,3479.041997564347,300.0,1420.0365738410972,0.7234631944204466,1,0,1,0
S4,continuous,B,306,168,3060.0,3188.4681271196987,3218.671067977101,3218.671067977101,3226.554346833284,128.4681271196987,128.4681271196987,0.0,128.4681271196987,3188.4681271196987,3218.4681271196987,3218.671067977101,3408.671067977101,300.0,1403.7579106341252,0.0,0,0,0,0
S4,continuous,B,307,16,3070.0,3164.7013535199662,3264.4231298922055,4213.416713159617,4237.153528563479,94.70135351996623,94.70135351996623,948.9935832674119,1043.694936787378,3164.7013535199662,3194.7013535199662,4227.15352856348,4417.15352856348,350.0,4179.545182556419,0.0,0,0,0,1
S4,continuous,B,308,128,3080.0,3264.9520147878993,3326.6632331789724,3440.370686370057,3489.041997564347,184.95201478789932,184.95201478789932,113.70745319108437,298.6594679789837,3264.9520147878993,3294.9520147878993,3479.041997564347,3669.041997564347,300.0,3945.4815296433617,0.0,0,0,0,0
S4,continuous,B,309,65,3090.0,3090.0,3163.699532404362,3498.722854625895,3548.5149802447695,0.0,0.0,335.0233222215329,335.0233222215329,3090.0,3120.0,3538.5149802447695,3728.5149802447695,350.0,4059.4605922538867,0.0,0,0,0,1
S4,continuous,B,310,125,3100.0,3100.0,3158.9061981033597,3221.2328457346257,3267.881377580114,0.0,0.0,62.32664763126604,62.32664763126604,3100.0,3130.0,3257.881377580114,3447.881377580114,300.0,2024.6297928855156,0.0,0,0,0,0
S4,continuous,B,311,136,3110.0,3110.0,3189.518911255198,3189.518911255198,3224.6149486123013,0.0,0.0,0.0,0.0,3110.0,3140.0,3214.6149486123013,3404.6149486123013,300.0,3013.4001112489645,2.134492294553638,2,0,2,0
S4,continuous,B,312,158,3120.0,3120.0,3162.788538722903,3334.953978036795,3362.3017537151895,0.0,0.0,172.16543931389197,172.16543931389197,3120.0,3150.0,3352.3017537151895,3542.3017537151895,350.0,2332.228575848736,0.0,0,0,0,1
S4,continuous,B,313,18,3130.0,3461.584000955058,3587.507811873814,3688.722854625895,3738.5149802447695,331.58400095505795,331.58400095505795,101.21504275208099,432.79904370713894,3461.584000955058,3491.584000955058,3728.5149802447695,3918.5149802447695,350.0,5471.602827544461,0.0,0,0,0,1
S4,continuous,B,314,134,3140.0,3140.0,3169.9094073079905,3698.636545541941,3716.23541991671,0.0,0.0,528.7271382339504,528.7271382339504,3140.0,3170.0,3706.23541991671,3896.23541991671,300.0,1595.819329608591,0.0,0,0,0,0
S4,continuous,B,315,112,3150.0,3542.3017537151895,3630.65976418792,3630.65976418792,3648.543043044103,392.30175371518953,392.30175371518953,0.0,392.30175371518953,3542.3017537151895,3572.3017537151895,3638.543043044103,3828.543043044103,350.0,4293.50425896195,0.0,0,0,0,1
S4,continuous,B,316,179,3160.0,3218.4681271196987,3295.7662220418406,3295.7662220418406,3338.7648407034344,58.46812711969869,58.46812711969869,0.0,58.46812711969869,3218.4681271196987,3248.4681271196987,3328.7648407034344,3518.7648407034344,350.0,4102.344880643818,0.0,0,0,0,1
S4,continuous,B,317,67,3170.0,3170.0,3258.380567213555,3476.2969338402027,3537.36701942727,0.0,0.0,217.9163666266477,217.9163666266477,3170.0,3200.0,3527.36701942727,3717.36701942727,350.0,3676.3414980542216,0.0,0,0,0,1
S4,continuous,B,318,20,3180.0,3248.4681271196987,3324.6290173201687,3324.6290173201687,3335.520750351332,68.46812711969869,68.46812711969869,0.0,68.46812711969869,3248.4681271196987,3278.4681271196987,3325.520750351332,3515.520750351332,350.0,3865.9968043802073,0.0,0,0,0,1
S4,continuous,B,319,47,3190.0,3190.0,3283.7157325309295,3623.1352792133252,3634.0458780506287,0.0,0.0,339.4195466823958,339.4195466823958,3190.0,3220.0,3624.0458780506287,3814.0458780506287,300.0,3300.870972600578,0.2511022142925867,1,0,1,0
S4,continuous,B,320,119,3200.0,3328.7167768625573,3440.0076926995453,3440.0076926995453,3485.1037300566486,128.71677686255725,128.71677686255725,0.0,128.71677686255725,3328.7167768625573,3358.7167768625573,3475.1037300566486,3665.1037300566486,350.0,4177.567988016403,0.0,0,0,0,1
S4,continuous,B,321,167,3210.0,3295.0464860332945,3330.338330787422,3654.893535078102,3681.739366366352,85.04648603329451,85.04648603329451,324.5552042906802,409.6016903239747,3295.0464860332945,3325.0464860332945,3671.739366366352,3861.739366366352,350.0,1815.361936461324,0.0,0,0,0,1
S4,continuous,B,322,54,3220.0,3447.881377580114,3537.9346836032582,3537.9346836032582,3591.021164320413,227.88137758011408,227.88137758011408,0.0,227.88137758011408,3447.881377580114,3477.881377580114,3581.021164320413,3771.021164320413,350.0,2775.6600079902723,0.0,0,0,0,1
S4,continuous,B,323,72,3230.0,3814.0458780506287,3846.12702609938,3846.12702609938,3852.8073977599147,584.0458780506287,584.0458780506287,0.0,584.0458780506287,3814.0458780506287,3844.0458780506287,3846.12702609938,4036.12702609938,300.0,1499.3247999190398,0.0,0,0,0,0
S4,continuous,B,324,59,3240.0,3240.0,3315.106761483281,3989.531924694352,4017.4843536447543,0.0,0.0,674.4251632110709,674.4251632110709,3240.0,3270.0,4007.4843536447543,4197.484353644754,300.0,2145.482053322834,0.0,0,0,0,0
S4,continuous,B,325,153,3250.0,3250.0,3361.227209160089,3833.1352792133252,3854.0458780506287,0.0,0.0,471.9080700532363,471.9080700532363,3250.0,3280.0,3844.0458780506287,4034.0458780506287,350.0,4998.653527407656,0.0,0,0,0,1
S4,continuous,B,326,42,3260.0,3260.0,3304.967634207717,3304.967634207717,3344.913701654469,0.0,0.0,0.0,0.0,3260.0,3290.0,3334.913701654469,3524.913701654469,300.0,1289.2651949752938,0.0,0,0,0,0
S4,continuous,B,327,132,3270.0,3280.0,3397.8310622704603,3460.1416464393774,3501.584000955058,10.0,10.0,62.3105841689171,72.3105841689171,3280.0,3310.0,3491.584000955058,3681.584000955058,300.0,6158.235846490992,0.0,0,0,0,0
S4,continuous,B,328,36,3280.0,3358.7167768625573,3457.8529136945644,3666.2969338402027,3727.36701942727,78.71677686255725,78.71677686255725,208.4440201456382,287.16079700819546,3358.7167768625573,3388.7167768625573,3717.36701942727,3907.36701942727,350.0,3447.1196288341775,0.0,0,0,0,1
S4,continuous,B,329,184,3290.0,3513.436107528962,3604.5359215534168,3630.0076926995453,3675.1037300566486,223.4361075289621,223.4361075289621,25.471771146128503,248.90787867509061,3513.436107528962,3543.436107528962,3665.1037300566486,3855.1037300566486,350.0,3546.4417151832376,0.0,0,0,0,1
S4,continuous,B,330,73,3300.0,3433.8022531922056,3515.790519818969,3640.1416464393774,3691.584000955058,133.80225319220563,133.80225319220563,124.3511266204082,258.1533798126138,3433.8022531922056,3463.8022531922056,3681.584000955058,3871.584000955058,350.0,3102.5020206204067,0.0,0,0,0,1
S4,continuous,B,331,38,3310.0,3658.3416528509033,3708.8819730433083,3708.8819730433083,3757.5532842375987,348.3416528509033,348.3416528509033,0.0,348.3416528509033,3658.3416528509033,3688.3416528509033,3747.5532842375987,3937.5532842375987,300.0,2350.5846502218956,0.0,0,0,0,0
S4,continuous,B,332,61,3320.0,3408.671067977101,3471.7001133780623,3471.7001133780623,3514.196235438747,88.67106797710085,88.67106797710085,0.0,88.67106797710085,3408.671067977101,3438.671067977101,3504.196235438747,3694.196235438747,350.0,3311.6147742362164,0.0,0,0,0,1
S4,continuous,B,333,103,3330.0,3518.7648407034344,3586.063016339457,3586.063016339457,3600.130781987812,188.7648407034344,188.7648407034344,0.0,188.7648407034344,3518.7648407034344,3548.7648407034344,3590.130781987812,3780.130781987812,300.0,2521.9690531783467,0.0,0,0,0,0
S4,continuous,B,334,116,3340.0,3871.584000955058,3947.4670859858256,3947.4670859858256,3988.4126117605215,531.584000955058,531.584000955058,0.0,531.584000955058,3871.584000955058,3901.584000955058,3978.4126117605215,4168.412611760521,350.0,2091.3214357910138,0.0,0,0,0,1
S4,continuous,B,335,179,3350.0,3388.7167768625573,3465.8416136438086,3508.8032522873527,3553.436107528962,38.71677686255725,38.71677686255725,42.96163864354412,81.67841550610137,3388.7167768625573,3418.7167768625573,3543.436107528962,3733.436107528962,350.0,1897.513473723167,0.0,0,0,0,1
S4,continuous,B,336,147,3360.0,3477.881377580114,3552.835728820317,3552.835728820317,3563.4910728863188,117.88137758011408,117.88137758011408,0.0,117.88137758011408,3477.881377580114,3507.881377580114,3553.4910728863188,3743.4910728863188,350.0,1556.9073392050923,0.0,0,0,0,1
S4,continuous,B,337,169,3370.0,3463.8022531922056,3556.352093634488,3607.6539948258537,3614.3343664863883,93.80225319220563,93.80225319220563,51.30190119136569,145.1041543835713,3463.8022531922056,3493.8022531922056,3607.6539948258537,3797.6539948258537,300.0,4199.46369404594,0.0,0,0,0,0
S4,continuous,B,338,76,3380.0,3380.0,3461.5159867480265,4033.1352792133252,4044.0458780506287,0.0,0.0,571.6192924652987,571.6192924652987,3380.0,3410.0,4034.0458780506287,4224.045878050629,300.0,2831.952466497093,0.0,0,0,0,0
S4,continuous,B,339,82,3390.0,3580.8573192291133,3661.064351687907,4072.202346302115,4114.157870398529,190.85731922911327,190.85731922911327,411.13799461420786,601.9953138433211,3580.8573192291133,3610.8573192291133,4104.157870398529,4294.157870398529,350.0,3097.9856416938974,0.0,0,0,0,1
S4,continuous,B,340,22,3400.0,3694.196235438747,3763.15974516879,3763.15974516879,3803.105812615542,294.19623543874695,294.19623543874695,0.0,294.19623543874695,3694.196235438747,3724.196235438747,3793.105812615542,3983.105812615542,300.0,2793.3701254944144,0.0,0,0,0,0
S4,continuous,B,341,58,3410.0,3410.0,3502.56232356753,3502.56232356753,3545.3765833039324,0.0,0.0,0.0,0.0,3410.0,3440.0,3535.3765833039324,3725.3765833039324,300.0,3727.8932256261387,0.0,0,0,0,0
S4,continuous,B,342,185,3420.0,3420.0,3519.136136832007,3856.2969338402027,3917.36701942727,0.0,0.0,337.16079700819546,337.16079700819546,3420.0,3450.0,3907.36701942727,4097.36701942727,350.0,3447.1196288341775,0.0,0,0,0,1
S4,continuous,B,343,114,3430.0,3430.0,3470.4798756377986,3701.7001133780623,3734.196235438747,0.0,0.0,231.22023774026366,231.22023774026366,3430.0,3460.0,3724.196235438747,3914.196235438747,300.0,2820.7261020865667,0.0,0,0,0,0
S4,continuous,B,344,165,3440.0,3524.913701654469,3628.5878691281896,3692.5623235675293,3735.3765833039324,84.91370165446915,84.91370165446915,63.97445443933975,148.8881560938089,3524.913701654469,3554.913701654469,3725.3765833039324,3915.3765833039324,300.0,4662.341637713651,0.0,0,0,0,0
S4,continuous,B,345,173,3450.0,3493.189567101054,3577.4663618953114,3855.348040688055,3911.574634005379,43.18956710105385,43.18956710105385,277.8816787927435,321.07124589379737,3493.189567101054,3523.189567101054,3901.574634005379,4091.574634005379,350.0,4435.815669632257,0.0,0,0,0,1
S4,continuous,B,346,20,3460.0,3460.0,3503.7030552885303,4213.135279213326,4234.04587805063,0.0,0.0,709.4322239247949,709.4322239247949,3460.0,3490.0,4224.045878050629,4414.045878050629,350.0,2361.0104626850916,0.0,0,0,0,1
S4,continuous,B,347,24,3470.0,4197.484353644754,4245.124042160694,4245.124042160694,4276.005881254502,727.4843536447543,727.4843536447543,0.0,727.4843536447543,4197.484353644754,4227.484353644754,4266.005881254502,4456.005881254502,300.0,1606.6553112568945,0.0,0,0,0,0
S4,continuous,B,348,64,3480.0,3669.041997564347,3770.6975967866074,3943.15974516879,3993.105812615542,189.04199756434718,189.04199756434718,172.46214838218248,361.50414594652966,3669.041997564347,3699.041997564347,3983.105812615542,4173.105812615542,350.0,3408.7060950698515,0.0,0,0,0,1
S4,continuous,B,349,118,3490.0,3515.520750351332,3561.33963497685,3878.636545541941,3906.23541991671,25.520750351332026,25.520750351332026,317.2969105650909,342.81766091642294,3515.520750351332,3545.520750351332,3896.23541991671,4086.23541991671,350.0,2520.9298099866414,0.0,0,0,0,1
S4,continuous,B,350,144,3500.0,3500.0,3602.794657934671,4199.531924694352,4237.484353644754,0.0,0.0,596.737266759681,596.737266759681,3500.0,3530.0,4227.484353644754,4417.484353644754,350.0,4517.765250957155,0.0,0,0,0,1
S4,continuous,B,351,26,3510.0,3548.7648407034344,3606.9182136135137,3742.835728820317,3753.4910728863188,38.7648407034344,38.7648407034344,135.91751520680327,174.68235591023767,3548.7648407034344,3578.7648407034344,3743.4910728863188,3933.4910728863188,350.0,1278.586763537006,0.0,0,0,0,1
S4,continuous,B,352,57,3520.0,3530.0,3570.2893136809607,3828.543043044103,3836.426321900286,10.0,10.0,258.25372936314216,268.25372936314216,3530.0,3560.0,3828.543043044103,4018.543043044103,300.0,817.0632169053922,0.0,0,0,0,0
S4,continuous,B,353,119,3530.0,3855.1037300566486,3969.7366381492257,4029.4466544388456,4046.12702609938,325.1037300566486,325.1037300566486,59.710016289619944,384.81374634626854,3855.1037300566486,3885.1037300566486,4036.12702609938,4226.127026099381,350.0,4944.673427453104,0.0,0,0,0,1
S4,continuous,B,354,101,3540.0,3610.8573192291133,3710.146288406424,4068.636545541941,4096.23541991671,70.85731922911327,70.85731922911327,358.4902571355169,429.3475763646302,3610.8573192291133,3640.8573192291133,4086.23541991671,4276.235419916709,350.0,4298.331507653467,0.0,0,0,0,1
S4,continuous,B,355,21,3550.0,3550.0,3645.4768448396358,3766.063016339457,3790.130781987812,0.0,0.0,120.58617149982138,120.58617149982138,3550.0,3580.0,3780.130781987812,3970.130781987812,350.0,4104.253509995325,0.0,0,0,0,1
S4,continuous,B,356,3,3560.0,3748.792896860808,3804.5041847399134,3888.722854625895,3928.5149802447695,188.792896860808,188.792896860808,84.2186698859814,273.0115667467894,3748.792896860808,3778.792896860808,3918.5149802447695,4108.5149802447695,300.0,1959.8773997818694,0.0,0,0,0,0
S4,continuous,B,357,71,3570.0,3570.0,3629.8847664464333,3677.8747352523646,3698.3416528509033,0.0,0.0,47.98996880593131,47.98996880593131,3570.0,3600.0,3688.3416528509033,3878.3416528509033,300.0,1244.0124298532796,0.0,0,0,0,0
S4,continuous,B,358,15,3580.0,3771.021164320413,3839.3907486498456,3898.8819730433083,3947.5532842375987,191.02116432041294,191.02116432041294,59.491224393462744,250.51238871387568,3771.021164320413,3801.021164320413,3937.5532842375987,4127.553284237599,300.0,2144.3292003757656,0.0,0,0,0,0
S4,continuous,B,359,8,3590.0,3590.0,3623.185602889193,4055.348040688055,4101.574634005378,0.0,0.0,432.1624377988619,432.1624377988619,3590.0,3620.0,4091.574634005379,4281.574634005379,300.0,1794.3186183925304,0.0,0,0,0,0
S4,continuous,B,360,102,3600.0,3878.3416528509033,3938.1959994932618,4046.2969338402027,4107.36701942727,278.3416528509033,278.3416528509033,108.1009343469409,386.4425871978442,3878.3416528509033,3908.3416528509033,4097.36701942727,4287.36701942727,350.0,2416.8469521826946,0.0,0,0,0,1
S4,continuous,B,361,97,3610.0,3610.0,3654.967634207717,4143.15974516879,4183.105812615542,0.0,0.0,488.192110961073,488.192110961073,3610.0,3640.0,4173.105812615542,4363.105812615542,300.0,1289.2651949752938,0.0,0,0,0,0
S4,continuous,B,362,166,3620.0,4276.235419916709,4322.339109558546,4322.339109558546,4322.9944536245475,656.2354199167094,656.2354199167094,0.0,656.2354199167094,4276.235419916709,4306.235419916709,4322.339109558546,4512.339109558546,300.0,1991.5921100082978,0.0,0,0,0,0
S4,continuous,B,363,186,3630.0,3885.1037300566486,3977.7221801337078,3977.7221801337078,3998.249551065712,255.1037300566486,255.1037300566486,0.0,255.1037300566486,3885.1037300566486,3915.1037300566486,3988.249551065712,4178.249551065712,350.0,3496.2778894425874,0.0,0,0,0,1
S4,continuous,B,364,95,3640.0,3970.130781987812,4057.799670861219,4057.799670861219,4102.895708218322,330.13078198781204,330.13078198781204,0.0,330.13078198781204,3970.130781987812,4000.130781987812,4092.8957082183224,4282.895708218322,350.0,4585.893896697439,0.0,0,0,0,1
S4,continuous,B,365,34,3650.0,4417.15352856348,4505.481355976886,4505.481355976886,4512.161727637421,767.15352856348,767.15352856348,0.0,767.15352856348,4417.15352856348,4447.15352856348,4505.481355976886,4695.481355976886,300.0,5074.820069291564,0.0,0,0,0,0
S4,continuous,B,366,196,3660.0,4108.5149802447695,4215.435802681141,4247.799670861219,4292.895708218322,448.5149802447695,448.5149802447695,32.3638681800785,480.878848424848,4108.5149802447695,4138.5149802447695,4282.895708218322,4472.895708218322,350.0,4283.020602713002,0.0,0,0,0,1
S4,continuous,B,367,47,3670.0,4000.130781987812,4098.654954642651,4323.15974516879,4373.105812615542,330.13078198781204,330.13078198781204,224.504790526139,554.635572513951,4000.130781987812,4030.130781987812,4363.105812615542,4553.105812615542,350.0,5333.829632574493,0.0,0,0,0,1
S4,continuous,B,368,171,3680.0,3901.584000955058,4003.5676220298164,4219.446654438846,4236.127026099381,221.58400095505795,221.58400095505795,215.8790324090296,437.46303336408755,3901.584000955058,3931.584000955058,4226.127026099381,4416.127026099381,350.0,3710.031401486275,0.0,0,0,0,1
S4,continuous,B,369,58,3690.0,4417.484353644754,4504.437740769577,4504.437740769577,4544.312240381055,727.4843536447543,727.4843536447543,0.0,727.4843536447543,4417.484353644754,4447.484353644754,4534.312240381055,4724.312240381055,350.0,3655.865187770778,0.0,0,0,0,1
S4,continuous,B,370,52,3700.0,3915.3765833039324,4033.6697247219404,4033.6697247219404,4078.3025799635498,215.37658330393242,215.37658330393242,0.0,215.37658330393242,3915.3765833039324,3945.3765833039324,4068.3025799635498,4258.30257996355,350.0,4852.494353663707,0.0,0,0,0,1
S4,continuous,B,371,94,3710.0,3915.1037300566486,3989.4143982939777,3989.4143982939777,4028.028587065148,205.1037300566486,205.1037300566486,0.0,205.1037300566486,3915.1037300566486,3945.1037300566486,4018.028587065148,4208.028587065148,350.0,2366.1931893230753,0.0,0,0,0,1
S4,continuous,B,372,130,3720.0,3933.4910728863188,3962.452236347035,3962.452236347035,4019.1007681925234,213.49107288631876,213.49107288631876,0.0,213.49107288631876,3933.4910728863188,3963.4910728863188,4009.1007681925234,4199.100768192524,350.0,1556.9073392050923,0.0,0,0,0,1
S4,continuous,B,373,96,3730.0,3730.0,3809.6977929463387,3809.6977929463387,3810.589525977502,0.0,0.0,0.0,0.0,3730.0,3760.0,3809.6977929463387,3999.6977929463387,300.0,3475.384052203952,0.30254045475521707,1,0,1,0
S4,continuous,B,374,121,3740.0,3740.0,3805.900998176661,4262.202346302115,4304.157870398529,0.0,0.0,456.3013481254543,456.3013481254543,3740.0,3770.0,4294.157870398529,4484.157870398529,350.0,1850.8180923602129,0.0,0,0,0,1
S4,continuous,B,375,150,3750.0,4030.130781987812,4116.575672753918,4116.575672753918,4169.662153471073,280.13078198781204,280.13078198781204,0.0,280.13078198781204,4030.130781987812,4060.130781987812,4159.662153471073,4349.662153471073,350.0,4544.246239677616,0.0,0,0,0,1
S4,continuous,B,376,14,3760.0,3778.792896860808,3882.8476686392314,4433.416713159617,4457.153528563479,18.792896860808014,18.792896860808014,550.5690445203859,569.3619413811939,3778.792896860808,3808.792896860808,4447.15352856348,4637.15352856348,350.0,4485.833108661352,0.0,0,0,0,1
S4,continuous,B,377,54,3770.0,3797.6539948258537,3811.1979340569756,4298.63654554194,4316.235419916709,27.653994825853715,27.653994825853715,487.4386114849649,515.0926063108186,3797.6539948258537,3827.6539948258537,4306.235419916709,4496.235419916709,300.0,578.9674015489944,0.0,0,0,0,0
S4,continuous,B,378,53,3780.0,3780.0,3839.2804498775117,3854.893535078102,3871.739366366352,0.0,0.0,15.613085200590376,15.613085200590376,3780.0,3810.0,3861.739366366352,4051.739366366352,300.0,1159.5996844702402,0.0,0,0,0,0
S4,continuous,B,379,55,3790.0,4416.127026099381,4489.270791398887,4489.270791398887,4542.357272116042,626.1270260993806,626.1270260993806,0.0,626.1270260993806,4416.127026099381,4446.127026099381,4532.357272116042,4722.357272116042,350.0,4113.060504486585,0.0,0,0,0,1
S4,continuous,B,380,41,3800.0,4051.739366366352,4124.005492706314,4124.005492706314,4176.819752442717,251.739366366352,251.739366366352,0.0,251.739366366352,4051.739366366352,4081.739366366352,4166.819752442717,4356.819752442717,350.0,3426.3201252373674,0.0,0,0,0,1
S4,continuous,B,381,67,3810.0,3810.0,3885.2687783305946,3885.2687783305946,3925.143277942072,0.0,0.0,0.0,0.0,3810.0,3840.0,3915.143277942072,4105.143277942072,350.0,2692.3169639907683,0.0,0,0,0,1
S4,continuous,B,382,149,3820.0,4637.15352856348,4725.5818403114845,4725.5818403114845,4752.9296159898795,817.15352856348,817.15352856348,0.0,817.15352856348,4637.15352856348,4667.15352856348,4742.9296159898795,4932.9296159898795,350.0,4568.189378354115,0.0,0,0,0,1
S4,continuous,B,383,98,3830.0,4060.130781987812,4145.441285290891,4478.63654554194,4506.235419916709,230.13078198781204,230.13078198781204,333.19526025104915,563.3260422388612,4060.130781987812,4090.130781987812,4496.235419916709,4686.235419916709,350.0,4341.182377097234,0.0,0,0,0,1
S4,continuous,B,384,159,3840.0,3914.196235438747,4014.659708467801,4014.659708467801,4055.5415475616082,74.19623543874695,74.19623543874695,0.0,74.19623543874695,3914.196235438747,3944.196235438747,4045.5415475616082,4235.541547561608,350.0,4281.3798703304155,0.0,0,0,0,1
S4,continuous,B,385,157,3850.0,4447.484353644754,4559.895853629023,4559.895853629023,4611.3382081447035,597.4843536447543,597.4843536447543,0.0,597.4843536447543,4447.484353644754,4477.484353644754,4601.3382081447035,4791.3382081447035,350.0,5410.911986254814,0.0,0,0,0,1
S4,continuous,B,386,40,3860.0,3963.4910728863188,4004.269317466827,4179.414398293978,4218.028587065148,103.49107288631876,103.49107288631876,175.14508082715065,278.6361537134694,3963.4910728863188,3993.4910728863188,4208.028587065148,4398.028587065148,350.0,2254.5410318196264,0.0,0,0,0,1
S4,continuous,B,387,187,3870.0,3993.4910728863188,4034.2969973550707,4314.005492706314,4366.819752442717,123.49107288631876,123.49107288631876,279.7084953512431,403.19956823756183,3993.4910728863188,4023.4910728863188,4356.819752442717,4546.819752442717,350.0,2327.386712528707,0.0,0,0,0,1
S4,continuous,B,388,84,3880.0,4446.127026099381,4507.838244490454,4507.838244490454,4556.509555684745,566.1270260993806,566.1270260993806,0.0,566.1270260993806,4446.127026099381,4476.127026099381,4546.509555684745,4736.509555684745,300.0,3945.4815296433617,0.0,0,0,0,0
S4,continuous,B,389,78,3890.0,3999.6977929463387,4035.2729818655184,4504.005492706314,4556.819752442717,109.69779294633872,109.69779294633872,468.73251084079584,578.4303037871346,3999.6977929463387,4029.6977929463387,4546.819752442717,4736.819752442717,350.0,1964.093689705582,0.0,0,0,0,1
S4,continuous,B,390,115,3900.0,4127.553284237599,4234.793033920617,4234.793033920617,4255.320404852621,227.55328423759875,227.55328423759875,0.0,227.55328423759875,4127.553284237599,4157.553284237599,4245.320404852621,4435.320404852621,350.0,3633.8893098799845,0.0,0,0,0,1
S4,continuous,B,391,168,3910.0,3931.584000955058,4019.8892549217326,4663.416713159617,4677.153528563479,21.584000955057945,21.584000955057945,643.5274582378847,665.1114591929427,3931.584000955058,3961.584000955058,4667.15352856348,4857.15352856348,300.0,3400.089146330653,0.0,0,0,0,0
S4,continuous,B,392,126,3920.0,4477.484353644754,4536.472823325531,4536.472823325531,4587.542908912598,557.4843536447543,557.4843536447543,0.0,557.4843536447543,4477.484353644754,4507.484353644754,4577.542908912598,4767.542908912598,300.0,2464.1819547122705,0.0,0,0,0,0
S4,continuous,B,393,92,3930.0,4029.6977929463387,4086.331665433084,4086.331665433084,4128.8277874937685,99.69779294633872,99.69779294633872,0.0,99.69779294633872,4029.6977929463387,4059.6977929463387,4118.8277874937685,4308.8277874937685,350.0,3316.4152391646758,0.0,0,0,0,1
S4,continuous,B,394,71,3940.0,4157.553284237599,4255.714652250177,4255.714652250177,4282.560483538427,217.55328423759875,217.55328423759875,0.0,217.55328423759875,4157.553284237599,4187.553284237599,4272.560483538427,4462.560483538427,350.0,3060.25616696523,0.0,0,0,0,1
S4,continuous,B,395,62,3950.0,3950.0,3968.666118092297,4523.15974516879,4563.105812615542,0.0,0.0,554.4936270764929,554.4936270764929,3950.0,3980.0,4553.105812615542,4743.105812615542,300.0,794.950335913268,0.0,0,0,0,0
S4,continuous,B,396,7,3960.0,4138.5149802447695,4187.380431095955,4187.380431095955,4204.72820677435,178.5149802447695,178.5149802447695,0.0,178.5149802447695,4138.5149802447695,4168.5149802447695,4194.72820677435,4384.72820677435,300.0,890.5878553070719,0.0,0,0,0,0
S4,continuous,B,397,129,3970.0,4484.157870398529,4558.867791979886,4558.867791979886,4600.540804200203,514.1578703985288,514.1578703985288,0.0,514.1578703985288,4484.157870398529,4514.157870398529,4590.540804200203,4780.540804200203,350.0,2601.769180579884,0.0,0,0,0,1
S4,continuous,B,398,53,3980.0,4507.484353644754,4579.293755907802,4748.867791979886,4790.540804200203,527.4843536447543,527.4843536447543,169.5740360720838,697.0583897168381,4507.484353644754,4537.484353644754,4780.540804200203,4970.540804200203,350.0,2655.258760029951,0.0,0,0,0,1
S4,continuous,B,399,138,3990.0,4105.143277942072,4204.976011370193,4204.976011370193,4229.043777018548,115.14327794207202,115.14327794207202,0.0,115.14327794207202,4105.143277942072,4135.143277942072,4219.043777018548,4409.043777018548,350.0,4316.926914075383,0.0,0,0,0,1
S4,continuous,B,400,136,4000.0,4000.0,4064.8759257678657,4064.8759257678657,4085.3428433664044,0.0,0.0,0.0,0.0,4000.0,4030.0,4075.3428433664044,4265.342843366405,300.0,2392.481488385467,0.0,0,0,0,0
S4,continuous,B,401,65,4010.0,4695.481355976886,4752.723592603931,4752.723592603931,4802.669660050683,685.4813559768863,685.4813559768863,0.0,685.4813559768863,4695.481355976886,4725.481355976886,4792.669660050683,4982.669660050683,350.0,3037.2565266371416,0.0,0,0,0,1
S4,continuous,B,402,141,4020.0,4686.235419916709,4772.179009131834,4772.179009131834,4824.9932688682375,666.2354199167094,666.2354199167094,0.0,666.2354199167094,4686.235419916709,4716.235419916709,4814.9932688682375,5004.9932688682375,350.0,4291.713326579562,0.0,0,0,0,1
S4,continuous,B,403,27,4030.0,4030.0,4077.709113174178,4148.881973043308,4197.553284237599,0.0,0.0,71.17285986912975,71.17285986912975,4030.0,4060.0,4187.553284237599,4377.553284237599,300.0,1420.0365738410972,0.7234631944204466,1,0,1,0
S4,continuous,B,404,43,4040.0,4040.0,4117.74242220516,4492.202346302115,4524.157870398529,0.0,0.0,374.45992409695464,374.45992409695464,4040.0,4070.0,4514.157870398529,4704.157870398529,300.0,2786.993905692474,0.0,0,0,0,0
S4,continuous,B,405,160,4050.0,4060.0,4132.3206536324815,4132.3206536324815,4132.975997698483,10.0,10.0,0.0,10.0,4060.0,4090.0,4132.3206536324815,4322.3206536324815,300.0,2820.7261020865667,0.0,0,0,0,0
S4,continuous,B,406,57,4060.0,4398.028587065148,4462.493492894546,4462.493492894546,4518.72008621187,338.0285870651478,338.0285870651478,0.0,338.0285870651478,4398.028587065148,4428.028587065148,4508.72008621187,4698.72008621187,350.0,2197.5850476576575,0.0,0,0,0,1
S4,continuous,B,407,59,4070.0,4428.028587065148,4482.70454760846,4679.270791398887,4732.357272116042,358.0285870651478,358.0285870651478,196.5662437904266,554.5948308555744,4428.028587065148,4458.028587065148,4722.357272116042,4912.357272116042,350.0,1529.2881322511162,0.0,0,0,0,1
S4,continuous,B,408,113,4080.0,4080.0,4164.1834749665795,4425.124042160694,4466.005881254502,0.0,0.0,260.9405671941149,260.9405671941149,4080.0,4110.0,4456.005881254502,4646.005881254502,350.0,4713.838663776388,0.0,0,0,0,1
S4,continuous,B,409,186,4090.0,4414.045878050629,4494.716590057594,4962.179009131834,5014.9932688682375,324.04587805062874,324.04587805062874,467.46241907424064,791.5082971248694,4414.045878050629,4444.045878050629,5004.9932688682375,5194.9932688682375,350.0,4352.63183751259,0.0,0,0,0,1
S4,continuous,B,410,70,4100.0,4857.15352856348,4917.753243418336,4917.753243418336,4959.195597934016,757.15352856348,757.15352856348,0.0,757.15352856348,4857.15352856348,4887.15352856348,4949.195597934016,5139.195597934016,300.0,3400.089146330653,0.0,0,0,0,0
S4,continuous,B,411,93,4110.0,4199.100768192524,4261.333815664051,4443.135279213325,4454.045878050629,89.1007681925239,89.1007681925239,181.80146354927365,270.90223174179755,4199.100768192524,4229.100768192524,4444.045878050629,4634.045878050629,300.0,1326.7633618165821,0.0,0,0,0,0
S4,continuous,B,412,19,4120.0,4287.36701942727,4377.824534058157,4377.824534058157,4408.291451656695,167.36701942726995,167.36701942726995,0.0,167.36701942726995,4287.36701942727,4317.36701942727,4398.291451656695,4588.291451656695,350.0,2416.8469521826946,0.0,0,0,0,1
S4,continuous,B,413,195,4130.0,4130.0,4236.815604200516,4236.815604200516,4288.257958716196,0.0,0.0,0.0,0.0,4130.0,4160.0,4278.257958716196,4468.257958716196,350.0,5894.0731709642305,0.0,0,0,0,1
S4,continuous,B,414,56,4140.0,4725.481355976886,4803.4858214091555,4915.5818403114845,4942.9296159898795,585.4813559768863,585.4813559768863,112.09601890232898,697.5773748792153,4725.481355976886,4755.481355976886,4932.9296159898795,5122.9296159898795,350.0,4308.41365481031,0.0,0,0,0,1
S4,continuous,B,415,159,4150.0,4150.0,4201.245943011214,4201.245943011214,4212.137676042377,0.0,0.0,0.0,0.0,4150.0,4180.0,4202.137676042377,4392.137676042377,350.0,1815.361936461324,0.0,0,0,0,1
S4,continuous,B,416,173,4160.0,4755.481355976886,4769.025295208008,4769.025295208008,4786.6241695827775,595.4813559768863,595.4813559768863,0.0,595.4813559768863,4755.481355976886,4785.481355976886,4776.6241695827775,4966.6241695827775,300.0,578.9674015489944,0.0,0,0,0,0
S4,continuous,B,417,165,4170.0,4634.045878050629,4722.757586570835,4722.757586570835,4746.82535221919,464.04587805062874,464.04587805062874,0.0,464.04587805062874,4634.045878050629,4664.045878050629,4736.82535221919,4926.82535221919,350.0,4744.965801288414,0.0,0,0,0,1
S4,continuous,B,418,101,4180.0,4281.574634005379,4330.795058112369,4330.795058112369,4338.678336968552,101.57463400537927,101.57463400537927,0.0,101.57463400537927,4281.574634005379,4311.574634005379,4330.795058112369,4520.795058112369,300.0,470.13808017856877,0.0,0,0,0,0
S4,continuous,B,419,163,4190.0,4349.662153471073,4461.520747046929,4949.025295208008,4976.6241695827775,159.662153471073,159.662153471073,487.5045481610796,647.1667016321526,4349.662153471073,4379.662153471073,4966.6241695827775,5156.6241695827775,350.0,4321.567632706371,0.0,0,0,0,1
S4,continuous,B,420,104,4200.0,4265.342843366405,4315.883163558809,4697.838244490454,4746.509555684745,65.34284336640485,65.34284336640485,381.95508093164426,447.2979242980491,4265.342843366405,4295.342843366405,4736.509555684745,4926.509555684745,300.0,2350.5846502218956,0.0,0,0,0,0
S4,continuous,B,421,36,4210.0,4210.0,4315.735137007791,4392.137676042377,4393.029409073541,0.0,0.0,76.40253903458597,76.40253903458597,4210.0,4240.0,4392.137676042377,4582.137676042377,300.0,4497.855937208249,0.4254176375534371,2,0,2,0
S4,continuous,B,422,152,4220.0,4220.0,4293.350754844004,4367.380431095955,4394.72820677435,0.0,0.0,74.02967625195106,74.02967625195106,4220.0,4250.0,4384.72820677435,4574.72820677435,350.0,3371.2962718834865,0.0,0,0,0,1
S4,continuous,B,423,111,4230.0,4230.0,4341.414485699702,4873.416713159618,4897.15352856348,0.0,0.0,532.002227459916,532.002227459916,4230.0,4260.0,4887.15352856348,5077.15352856348,350.0,4894.734972867829,0.0,0,0,0,1
S4,continuous,B,424,138,4240.0,4582.137676042377,4627.956560667895,5139.025295208008,5166.6241695827775,342.1376760423773,342.1376760423773,511.0687345401129,853.2064105824902,4582.137676042377,4612.137676042377,5156.6241695827775,5346.6241695827775,350.0,2520.9298099866414,0.0,0,0,0,1
S4,continuous,B,425,67,4250.0,4472.895708218322,4584.186742794067,5105.5818403114845,5132.9296159898795,222.8957082183224,222.8957082183224,521.3950975174175,744.2908057357399,4472.895708218322,4502.895708218322,5122.9296159898795,5312.9296159898795,350.0,4775.218879753543,0.0,0,0,0,1
S4,continuous,B,426,190,4260.0,4574.72820677435,4677.805941499471,4677.805941499471,4698.333312431476,314.7282067743499,314.7282067743499,0.0,314.7282067743499,4574.72820677435,4604.72820677435,4688.333312431476,4878.333312431476,350.0,5288.039669500415,0.0,0,0,0,1
S4,continuous,B,427,29,4270.0,4270.0,4369.288969177311,5329.025295208008,5356.6241695827775,0.0,0.0,959.7363260306975,959.7363260306975,4270.0,4300.0,5346.6241695827775,5536.6241695827775,350.0,4298.331507653467,0.0,0,0,0,1
S4,continuous,B,428,170,4280.0,4743.105812615542,4818.486364343027,4818.486364343027,4848.953281941565,463.10581261554216,463.10581261554216,0.0,463.10581261554216,4743.105812615542,4773.105812615542,4838.953281941565,5028.953281941565,350.0,2097.6972106086387,0.0,0,0,0,1
S4,continuous,B,429,143,4290.0,4377.553284237599,4467.3695893865015,4467.3695893865015,4498.315115161197,87.55328423759875,87.55328423759875,0.0,87.55328423759875,4377.553284237599,4407.553284237599,4488.315115161197,4678.315115161197,300.0,3141.0837818190716,0.0,0,0,0,0
S4,continuous,B,430,27,4300.0,4300.0,4355.901401879271,4942.723592603931,4992.669660050683,0.0,0.0,586.8221907246598,586.8221907246598,4300.0,4330.0,4982.669660050683,5172.669660050683,350.0,2097.6972106086387,0.0,0,0,0,1
S4,continuous,B,431,8,4310.0,4310.0,4402.549840442282,4785.481355976886,4792.161727637421,0.0,0.0,382.93151553460393,382.93151553460393,4310.0,4340.0,4785.481355976886,4975.481355976886,300.0,4199.46369404594,0.0,0,0,0,0
S4,continuous,B,432,75,4320.0,4340.0,4393.937565242794,4439.414398293978,4468.028587065148,20.0,20.0,45.47683305118335,65.47683305118335,4340.0,4370.0,4458.028587065148,4648.028587065148,300.0,1734.9810996332444,0.0,0,0,0,0
S4,continuous,B,433,3,4330.0,4704.157870398529,4786.445927342259,4786.445927342259,4826.320426953736,374.15787039852876,374.15787039852876,0.0,374.15787039852876,4704.157870398529,4734.157870398529,4816.320426953736,5006.320426953736,350.0,3097.9856416938974,0.0,0,0,0,1
S4,continuous,B,434,175,4340.0,4340.0,4416.699673890846,4615.124042160694,4656.005881254502,0.0,0.0,198.42436826984886,198.42436826984886,4340.0,4370.0,4646.005881254502,4836.005881254502,350.0,2666.1393040604657,0.0,0,0,0,1
S4,continuous,B,435,5,4350.0,4350.0,4399.220424106989,4520.795058112369,4528.678336968552,0.0,0.0,121.57463400537927,121.57463400537927,4350.0,4380.0,4520.795058112369,4710.795058112369,300.0,470.13808017856877,0.0,0,0,0,0
S4,continuous,B,436,130,4360.0,4664.045878050629,4701.206466951352,5529.025295208008,5546.6241695827775,304.04587805062874,304.04587805062874,827.8188282566562,1131.864706307285,4664.045878050629,4694.045878050629,5536.6241695827775,5726.6241695827775,300.0,1892.54670362168,0.0,0,0,0,0
S4,continuous,B,437,41,4370.0,5172.669660050683,5289.843423942784,5289.843423942784,5327.795852893187,802.669660050683,802.669660050683,0.0,802.669660050683,5172.669660050683,5202.669660050683,5317.795852893187,5507.795852893187,350.0,4921.338911675707,0.0,0,0,0,1
S4,continuous,B,438,86,4380.0,4836.005881254502,4928.371230281967,5719.025295208008,5736.6241695827775,456.0058812545021,456.0058812545021,790.6540649260414,1246.6599461805436,4836.005881254502,4866.005881254502,5726.6241695827775,5916.6241695827775,300.0,4341.304229586657,0.0,0,0,0,0
S4,continuous,B,439,77,4390.0,4390.0,4503.914392558511,4509.531924694352,4547.484353644754,0.0,0.0,5.61753213584052,5.61753213584052,4390.0,4420.0,4537.484353644754,4727.484353644754,350.0,5031.695575420244,0.0,0,0,0,1
S4,continuous,B,440,30,4400.0,4694.045878050629,4785.301846954214,4835.124042160694,4876.005881254502,294.04587805062874,294.04587805062874,49.8221952064805,343.86807325710924,4694.045878050629,4724.045878050629,4866.005881254502,5056.005881254502,350.0,4998.653527407656,0.0,0,0,0,1
S4,continuous,B,441,198,4410.0,4410.0,4476.130438976516,4716.472823325531,4777.542908912598,0.0,0.0,240.34238434901454,240.34238434901454,4410.0,4440.0,4767.542908912598,4957.542908912598,350.0,3229.8674780545643,0.0,0,0,0,1
S4,continuous,B,442,66,4420.0,4502.895708218322,4595.514158295381,4867.805941499471,4888.333312431476,82.8957082183224,82.8957082183224,272.2917832040903,355.1874914224127,4502.895708218322,4532.895708218322,4878.333312431476,5068.333312431476,350.0,3496.2778894425874,0.0,0,0,0,1
S4,continuous,B,443,184,4430.0,4716.235419916709,4752.979778652714,4752.979778652714,4799.206371970038,286.23541991670936,286.23541991670936,0.0,286.23541991670936,4716.235419916709,4746.235419916709,4789.206371970038,4979.206371970038,300.0,1595.4929625428244,0.0,0,0,0,0
S4,continuous,B,444,142,4440.0,4736.819752442717,4857.291060822843,5057.805941499471,5078.333312431476,296.8197524427169,296.8197524427169,200.5148806766283,497.3346331193452,4736.819752442717,4766.819752442717,5068.333312431476,5258.333312431476,350.0,4877.178062923552,0.0,0,0,0,1
S4,continuous,B,445,10,4450.0,4450.0,4480.202940857403,4710.795058112369,4718.678336968552,0.0,0.0,230.59211725496607,230.59211725496607,4450.0,4480.0,4710.795058112369,4900.795058112369,300.0,1403.7579106341252,0.0,0,0,0,0
S4,continuous,B,446,23,4460.0,4468.257958716196,4565.329029789039,5909.025295208008,5926.6241695827775,8.257958716196299,8.257958716196299,1343.6962654189692,1351.9542241351655,4468.257958716196,4498.257958716196,5916.6241695827775,6106.6241695827775,300.0,4003.7872482630596,0.0,0,0,0,0
S4,continuous,B,447,45,4470.0,4734.157870398529,4791.901354825417,5172.723592603931,5212.669660050683,264.15787039852876,264.15787039852876,380.82223777851414,644.9801081770429,4734.157870398529,4764.157870398529,5202.669660050683,5392.669660050683,300.0,2078.705313080805,0.0,0,0,0,0
S4,continuous,B,448,196,4480.0,4648.028587065148,4721.646311318613,4721.646311318613,4754.644929980206,168.0285870651478,168.0285870651478,0.0,168.0285870651478,4648.028587065148,4678.028587065148,4744.644929980206,4934.644929980206,300.0,3308.2997359834635,0.0,0,0,0,0
S4,continuous,B,449,15,4490.0,4490.0,4564.080757584522,5063.416713159618,5087.15352856348,0.0,0.0,499.3359555750958,499.3359555750958,4490.0,4520.0,5077.15352856348,5267.15352856348,350.0,1783.7349384295987,0.0,0,0,0,1
S4,continuous,B,450,125,4500.0,4512.339109558546,4538.1492078730325,4901.646311318613,4944.644929980206,12.339109558545715,12.339109558545715,363.49710344558025,375.83621300412597,4512.339109558546,4542.339109558546,4934.644929980206,5124.644929980206,350.0,1278.586763537006,0.0,0,0,0,1
S4,continuous,B,451,83,4510.0,4510.0,4592.2524206277085,4647.3695893865015,4688.315115161197,0.0,0.0,55.117168758793014,55.117168758793014,4510.0,4540.0,4678.315115161197,4868.315115161197,350.0,3067.6281436451327,0.0,0,0,0,1
S4,continuous,B,452,100,4520.0,4588.291451656695,4647.432088576432,4938.867791979886,4980.540804200203,68.29145165669524,68.29145165669524,291.4357034034538,359.727155060149,4588.291451656695,4618.291451656695,4970.540804200203,5160.540804200203,350.0,2272.280937174182,0.0,0,0,0,1
S4,continuous,B,453,132,4530.0,4542.339109558546,4586.881023891657,5362.723592603931,5402.669660050683,12.339109558545715,12.339109558545715,775.8425687122744,788.1816782708202,4542.339109558546,4572.339109558546,5392.669660050683,5582.669660050683,300.0,3128.7784087043865,0.0,0,0,0,0
S4,continuous,B,454,44,4540.0,4766.819752442717,4890.929044719327,5097.753243418336,5149.195597934016,226.8197524427169,226.8197524427169,206.82419869900878,433.64395114172567,4766.819752442717,4796.819752442717,5139.195597934016,5329.195597934016,350.0,5274.2852406075635,0.0,0,0,0,1
S4,continuous,B,455,167,4550.0,5582.669660050683,5679.385387086741,5679.385387086741,5703.122202490603,1032.669660050683,1032.669660050683,0.0,1032.669660050683,5582.669660050683,5612.669660050683,5693.122202490603,5883.122202490603,350.0,3486.391720206781,0.0,0,0,0,1
S4,continuous,B,456,79,4560.0,4560.0,4660.306085152539,4976.445927342259,5016.320426953736,0.0,0.0,316.1398421897202,316.1398421897202,4560.0,4590.0,5006.320426953736,5196.320426953736,350.0,4234.863357428405,0.0,0,0,0,1
S4,continuous,B,457,4,4570.0,4678.028587065148,4728.084219018428,4728.084219018428,4760.580341079112,108.0285870651478,108.0285870651478,0.0,108.0285870651478,4678.028587065148,4708.028587065148,4750.580341079112,4940.580341079112,300.0,1734.9810996332444,0.0,0,0,0,0
S4,continuous,B,458,7,4580.0,4580.0,4642.532585743957,4642.532585743957,4687.62862310106,0.0,0.0,0.0,0.0,4580.0,4610.0,4677.62862310106,4867.62862310106,350.0,3737.239685645873,0.0,0,0,0,1
S4,continuous,B,459,115,4590.0,4957.542908912598,5013.299254408048,5013.299254408048,5061.970565602339,367.54290891259825,367.54290891259825,0.0,367.54290891259825,4957.542908912598,4987.542908912598,5051.970565602339,5241.970565602339,300.0,811.1243111322713,0.0,0,0,0,0
S4,continuous,B,460,22,4600.0,4727.484353644754,4786.472823325531,4946.472823325531,4997.542908912598,127.48435364475426,127.48435364475426,160.0,287.48435364475426,4727.484353644754,4757.484353644754,4987.542908912598,5177.542908912598,300.0,2464.1819547122705,0.0,0,0,0,0
S4,continuous,B,461,197,4610.0,4610.0,4684.340041131781,5297.753243418336,5339.195597934016,0.0,0.0,613.4132022865551,613.4132022865551,4610.0,4640.0,5329.195597934016,5519.195597934016,300.0,2998.9588776757546,0.0,0,0,0,0
S4,continuous,B,462,194,4620.0,4620.0,4731.488552490143,4731.488552490143,4781.280678109018,0.0,0.0,0.0,0.0,4620.0,4650.0,4771.280678109018,4961.280678109018,350.0,4929.1713875380365,0.0,0,0,0,1
S4,continuous,B,463,32,4630.0,4724.045878050629,4764.3527153166915,5572.723592603931,5622.669660050683,94.04587805062874,94.04587805062874,808.3708772872396,902.4167553378684,4724.045878050629,4754.045878050629,5612.669660050683,5802.669660050683,350.0,1647.3658933375405,0.0,0,0,0,1
S4,continuous,B,464,185,4640.0,5177.542908912598,5264.248986642777,5264.248986642777,5265.14071967394,537.5429089125983,537.5429089125983,0.0,537.5429089125983,5177.542908912598,5207.542908912598,5264.248986642777,5454.248986642777,300.0,2635.541902631924,0.0,0,0,0,0
S4,continuous,B,465,37,4650.0,4650.0,4714.308633481278,4714.308633481278,4758.941488722887,0.0,0.0,0.0,0.0,4650.0,4680.0,4748.941488722887,4938.941488722887,350.0,3838.7496380381494,0.0,0,0,0,1
S4,continuous,B,466,90,4660.0,5267.15352856348,5345.539418057473,5345.539418057473,5366.066788989478,607.15352856348,607.15352856348,0.0,607.15352856348,5267.15352856348,5297.15352856348,5356.066788989478,5546.066788989478,350.0,3864.592537688073,0.0,0,0,0,1
S4,continuous,B,467,123,4670.0,4670.0,4728.906198103359,4728.906198103359,4775.554729948847,0.0,0.0,0.0,0.0,4670.0,4700.0,4765.554729948847,4955.554729948847,300.0,2024.6297928855156,0.0,0,0,0,0
S4,continuous,B,468,178,4680.0,4680.0,4739.480970335297,4739.480970335297,4750.1363144012985,0.0,0.0,0.0,0.0,4680.0,4710.0,4740.1363144012985,4930.1363144012985,350.0,2332.228575848736,0.0,0,0,0,1
S4,continuous,B,469,181,4690.0,4754.045878050629,4833.416713159619,5283.416713159618,5307.15352856348,64.04587805062874,64.04587805062874,449.9999999999991,514.0458780506278,4754.045878050629,4784.045878050629,5297.15352856348,5487.15352856348,350.0,4120.586155984867,0.0,0,0,0,1
S4,continuous,B,470,96,4700.0,4912.357272116042,5011.170284176331,5011.170284176331,5038.016115464581,212.3572721160417,212.3572721160417,0.0,212.3572721160417,4912.357272116042,4942.357272116042,5028.016115464581,5218.016115464581,350.0,3448.0969829026412,0.0,0,0,0,1
S4,continuous,B,471,160,4710.0,4710.0,4789.159059876306,4789.159059876306,4806.004891164556,0.0,0.0,0.0,0.0,4710.0,4740.0,4796.004891164556,4986.004891164556,300.0,3357.5722877860894,0.0,0,0,0,0
S4,continuous,B,472,153,4720.0,5194.9932688682375,5307.567641774302,5307.567641774302,5328.4782406116055,474.99326886823746,474.99326886823746,0.0,474.99326886823746,5194.9932688682375,5224.9932688682375,5318.4782406116055,5508.4782406116055,350.0,4352.63183751259,0.0,0,0,0,1
S4,continuous,B,473,102,4730.0,4730.0,4769.250342522423,4918.084219018428,4950.580341079112,0.0,0.0,148.83387649600445,148.83387649600445,4730.0,4760.0,4940.580341079112,5130.580341079112,300.0,936.9093024238553,0.0,0,0,0,0
S4,continuous,B,474,112,4740.0,5124.644929980206,5236.059415679908,5473.416713159618,5497.15352856348,384.64492998020614,384.64492998020614,237.3572974797098,622.002227459916,5124.644929980206,5154.644929980206,5487.15352856348,5677.15352856348,350.0,4894.734972867829,0.0,0,0,0,1
S4,continuous,B,475,187,4750.0,4938.941488722887,5006.07100885187,5006.07100885187,5049.157489569025,188.9414887228868,188.9414887228868,0.0,188.9414887228868,4938.941488722887,4968.941488722887,5039.157489569025,5229.157489569025,300.0,2555.041005618764,0.0,0,0,0,0
S4,continuous,B,476,91,4760.0,4926.509555684745,5007.427627416843,5007.427627416843,5008.319360448007,166.50955568474456,166.50955568474456,0.0,166.50955568474456,4926.509555684745,4956.509555684745,5007.427627416843,5197.427627416843,300.0,2397.5992569811506,0.0,0,0,0,0
S4,continuous,B,477,73,4770.0,4930.1363144012985,4974.07938997013,4974.07938997013,5015.024915744826,160.13631440129848,160.13631440129848,0.0,160.13631440129848,4930.1363144012985,4960.1363144012985,5005.024915744826,5195.024915744826,350.0,2477.1864493921685,0.0,0,0,0,1
S4,continuous,B,478,114,4780.0,4784.045878050629,4816.404893093489,5211.170284176331,5228.016115464581,4.045878050628744,4.045878050628744,394.76539108284214,398.8112691334709,4784.045878050629,4814.045878050629,5218.016115464581,5408.016115464581,300.0,1568.6765643315086,0.0,0,0,0,0
S4,continuous,B,479,7,4790.0,4975.481355976886,5032.62542825546,5032.62542825546,5071.23961702663,185.48135597688633,185.48135597688633,0.0,185.48135597688633,4975.481355976886,5005.481355976886,5061.23961702663,5251.23961702663,350.0,2974.0528433611066,0.0,0,0,0,1
S4,continuous,B,480,85,4800.0,5207.542908912598,5279.272957289967,5279.272957289967,5322.359438007122,407.54290891259825,407.54290891259825,0.0,407.54290891259825,5207.542908912598,5237.542908912598,5312.359438007122,5502.359438007122,300.0,1848.1136842078483,0.0,0,0,0,0
S4,continuous,B,481,12,4810.0,4968.941488722887,5013.152369700456,5174.07938997013,5205.024915744826,158.9414887228868,158.9414887228868,160.92702026967436,319.86850899256115,4968.941488722887,4998.941488722887,5195.024915744826,5385.024915744826,300.0,966.4269541455119,0.0,0,0,0,0
S4,continuous,B,482,184,4820.0,6106.6241695827775,6189.179372798856,6189.179372798856,6250.249458385923,1286.6241695827775,1286.6241695827775,0.0,1286.6241695827775,6106.6241695827775,6136.6241695827775,6240.249458385923,6430.249458385923,350.0,4107.100055896491,0.0,0,0,0,1
S4,continuous,B,483,51,4830.0,5196.320426953736,5283.121790362692,5283.121790362692,5335.936050099095,366.3204269537364,366.3204269537364,0.0,366.3204269537364,5196.320426953736,5226.320426953736,5325.936050099095,5515.936050099095,350.0,3591.9013832379487,0.0,0,0,0,1
S4,continuous,B,484,107,4840.0,4926.82535221919,5010.851351684189,5196.445927342259,5236.320426953736,86.82535221918988,86.82535221918988,185.59457565807043,272.4199278772603,4926.82535221919,4956.82535221919,5226.320426953736,5416.320426953736,350.0,4316.926914075383,0.0,0,0,0,1
S4,continuous,B,485,199,4850.0,5883.122202490603,5959.643447444484,5959.643447444484,6000.58897321918,1033.1222024906028,1033.1222024906028,0.0,1033.1222024906028,5883.122202490603,5913.122202490603,5990.58897321918,6180.58897321918,350.0,3842.3736758940827,0.0,0,0,0,1
S4,continuous,B,486,110,4860.0,5237.542908912598,5333.52721501472,5333.52721501472,5383.319340633595,377.54290891259825,377.54290891259825,0.0,377.54290891259825,5237.542908912598,5267.542908912598,5373.319340633595,5563.319340633595,350.0,2881.925757033356,0.0,0,0,0,1
S4,continuous,B,487,175,4870.0,4979.206371970038,5072.870054316698,5453.3572536116135,5464.248986642777,109.20637197003816,109.20637197003816,380.4871992949156,489.6935712649538,4979.206371970038,5009.206371970038,5454.248986642777,5644.248986642777,350.0,2831.397567031508,0.0,0,0,0,1
S4,continuous,B,488,88,4880.0,4956.82535221919,4984.342011369566,5483.121790362692,5525.936050099095,76.82535221918988,76.82535221918988,498.77977899312646,575.6051312123163,4956.82535221919,4986.82535221919,5515.936050099095,5705.936050099095,300.0,1181.00302705853,0.0,0,0,0,0
S4,continuous,B,489,8,4890.0,4900.795058112369,4963.82410351333,5098.084219018428,5140.580341079112,10.795058112368679,10.795058112368679,134.26011550509793,145.0551736174666,4900.795058112369,4930.795058112369,5130.580341079112,5320.580341079112,350.0,3311.6147742362164,0.0,0,0,0,1
S4,continuous,B,490,17,4900.0,5416.320426953736,5505.1958847396345,5505.1958847396345,5543.148313690037,516.3204269537364,516.3204269537364,0.0,516.3204269537364,5416.320426953736,5446.320426953736,5533.148313690037,5723.148313690037,350.0,3655.865187770777,0.0,0,0,0,1
S4,continuous,B,491,145,4910.0,5446.320426953736,5511.176089480993,5511.176089480993,5545.808944722602,536.3204269537364,536.3204269537364,0.0,536.3204269537364,5446.320426953736,5476.320426953736,5535.808944722602,5725.808944722602,300.0,2654.61430198406,0.0,0,0,0,0
S4,continuous,B,492,109,4920.0,4920.0,4952.495571790185,5673.121790362692,5715.936050099095,0.0,0.0,720.6262185725072,720.6262185725072,4920.0,4950.0,5705.936050099095,5895.936050099095,300.0,656.7096327528624,0.0,0,0,0,0
S4,continuous,B,493,57,4930.0,5056.005881254502,5114.303995041673,5644.248986642777,5645.14071967394,126.00588125450213,126.00588125450213,529.9449916011035,655.9508728556057,5056.005881254502,5086.005881254502,5644.248986642777,5834.248986642777,300.0,1986.6195068491022,0.0,0,0,0,0
S4,continuous,B,494,13,4940.0,4956.509555684745,5046.325860833647,5364.07938997013,5395.024915744826,16.509555684744555,16.509555684744555,317.75352913648294,334.2630848212275,4956.509555684745,4986.509555684745,5385.024915744826,5575.024915744826,300.0,3141.0837818190716,0.0,0,0,0,0
S4,continuous,B,495,148,4950.0,5086.005881254502,5191.437099874838,5191.437099874838,5247.663693192162,136.00588125450213,136.00588125450213,0.0,136.00588125450213,5086.005881254502,5116.005881254502,5237.663693192162,5427.663693192162,350.0,4788.834130490875,0.0,0,0,0,1
S4,continuous,B,496,61,4960.0,5476.320426953736,5548.4083701704785,5548.4083701704785,5549.06371423648,516.3204269537364,516.3204269537364,0.0,516.3204269537364,5476.320426953736,5506.320426953736,5548.4083701704785,5738.4083701704785,300.0,2966.8787920716886,0.0,0,0,0,0
S4,continuous,B,497,75,4970.0,4970.0,5024.387879239393,5203.299254408048,5251.970565602339,0.0,0.0,178.91137516865456,178.91137516865456,4970.0,5000.0,5241.970565602339,5431.970565602339,300.0,2145.482053322834,0.0,0,0,0,0
S4,continuous,B,498,120,4980.0,5802.669660050683,5868.403687827909,5868.403687827909,5900.359211924323,822.669660050683,822.669660050683,0.0,822.669660050683,5802.669660050683,5832.669660050683,5890.359211924323,6080.359211924323,300.0,2078.7053130808044,0.0,0,0,0,0
S4,continuous,B,499,98,4990.0,4990.0,5075.310503303079,6119.025295208008,6146.6241695827775,0.0,0.0,1043.7147919049294,1043.7147919049294,4990.0,5020.0,6136.6241695827775,6326.6241695827775,350.0,4341.182377097234,0.0,0,0,0,1
S4,continuous,B,500,102,5000.0,5519.195597934016,5607.500851900691,5909.385387086741,5923.122202490603,519.1955979340164,519.1955979340164,301.88453518605,821.0801331200664,5519.195597934016,5549.195597934016,5913.122202490603,6103.122202490603,300.0,3400.089146330653,0.0,0,0,0,0
S4,continuous,B,501,111,5010.0,5160.540804200203,5223.579258389221,5391.170284176331,5418.016115464581,150.54080420020273,150.54080420020273,167.59102578711008,318.1318299873128,5160.540804200203,5190.540804200203,5408.016115464581,5598.016115464581,350.0,1766.9570154562289,0.0,0,0,0,1
S4,continuous,B,502,105,5020.0,5028.953281941565,5063.8570090244775,5591.170284176331,5608.016115464581,8.953281941565365,8.953281941565365,527.3132751518533,536.2665570934187,5028.953281941565,5058.953281941565,5598.016115464581,5788.016115464581,300.0,1149.0177100588437,0.0,0,0,0,0
S4,continuous,B,503,50,5030.0,5267.542908912598,5362.03508601226,5507.567641774302,5518.4782406116055,237.54290891259825,237.54290891259825,145.53255576204174,383.07546467464,5267.542908912598,5297.542908912598,5508.4782406116055,5698.4782406116055,300.0,3204.70952296146,0.0,0,0,0,0
S4,continuous,B,504,27,5040.0,5040.0,5107.11961664254,5131.646311318613,5164.644929980206,0.0,0.0,24.52669467607302,24.52669467607302,5040.0,5070.0,5154.644929980206,5344.644929980206,300.0,2915.9010842024654,0.0,0,0,0,0
S4,continuous,B,505,155,5050.0,5251.23961702663,5303.74756646444,5545.539418057473,5556.066788989478,201.23961702663019,201.23961702663019,241.79185159303324,443.0314686196634,5251.23961702663,5281.23961702663,5546.066788989478,5736.066788989478,300.0,1788.6251762918403,0.0,0,0,0,0
S4,continuous,B,506,65,5060.0,5060.0,5132.421387598809,5132.421387598809,5146.489153247164,0.0,0.0,0.0,0.0,5060.0,5090.0,5136.489153247164,5326.489153247164,300.0,3636.3047495858295,0.0,0,0,0,0
S4,continuous,B,507,18,5070.0,5116.005881254502,5190.588775577562,5311.646311318613,5354.644929980206,46.00588125450213,46.00588125450213,121.05753574105074,167.06341699555287,5116.005881254502,5146.005881254502,5344.644929980206,5534.644929980206,350.0,2666.1393040604657,0.0,0,0,0,1
S4,continuous,B,508,30,5080.0,5224.9932688682375,5276.504068479066,5533.52721501472,5573.319340633595,144.99326886823746,144.99326886823746,257.02314653565463,402.0164154038921,5224.9932688682375,5254.9932688682375,5563.319340633595,5753.319340633595,300.0,992.8012517380535,0.0,0,0,0,0
S4,continuous,B,509,157,5090.0,6326.6241695827775,6399.581424483868,6399.581424483868,6449.52749193062,1236.6241695827775,1236.6241695827775,0.0,1236.6241695827775,6326.6241695827775,6356.6241695827775,6439.52749193062,6629.52749193062,350.0,3411.6167441957336,0.0,0,0,0,1
S4,continuous,B,510,194,5100.0,5197.427627416843,5238.133905434914,5262.62542825546,5291.23961702663,97.42762741684328,97.42762741684328,24.49152282054638,121.91915023738966,5197.427627416843,5227.427627416843,5281.23961702663,5471.23961702663,300.0,2801.832608138825,0.0,0,0,0,0
S4,continuous,B,511,99,5110.0,5110.0,5135.877238533577,5735.539418057473,5746.066788989478,0.0,0.0,599.6621795238962,599.6621795238962,5110.0,5140.0,5736.066788989478,5926.066788989478,300.0,1104.965828598049,0.0,0,0,0,0
S4,continuous,B,512,3,5120.0,5320.580341079112,5417.474643242811,5501.646311318613,5544.644929980206,200.58034107911226,200.58034107911226,84.17166807580179,284.75200915491405,5320.580341079112,5350.580341079112,5534.644929980206,5724.644929980206,350.0,4054.0190438123564,0.0,0,0,0,1
S4,continuous,B,513,180,5130.0,5258.333312431476,5276.999430523772,5802.723592603931,5842.669660050683,128.33331243147586,128.33331243147586,525.7241620801587,654.0574745116346,5258.333312431476,5288.333312431476,5832.669660050683,6022.669660050683,300.0,794.950335913268,0.0,0,0,0,0
S4,continuous,B,514,5,5140.0,5724.644929980206,5814.872214762103,5992.723592603931,6032.669660050683,584.6449299802061,584.6449299802061,177.85137784182825,762.4963078220344,5724.644929980206,5754.644929980206,6022.669660050683,6212.669660050683,300.0,4179.967838561983,0.0,0,0,0,0
S4,continuous,B,515,26,5150.0,5350.580341079112,5432.832761706821,5544.07938997013,5585.024915744826,200.58034107911226,200.58034107911226,111.2466282633095,311.82696934242176,5350.580341079112,5380.580341079112,5575.024915744826,5765.024915744826,350.0,3067.6281436451327,0.0,0,0,0,1
S4,continuous,B,516,92,5160.0,5227.427627416843,5292.888627482092,6172.723592603931,6222.669660050683,67.42762741684328,67.42762741684328,879.8349651218396,947.2625925386828,5227.427627416843,5257.427627416843,6212.669660050683,6402.669660050683,350.0,3942.1401379952335,0.0,0,0,0,1
S4,continuous,B,517,47,5170.0,5170.0,5281.77231296801,5853.121790362692,5905.936050099095,0.0,0.0,571.3494773946823,571.3494773946823,5170.0,5200.0,5895.936050099095,6085.936050099095,350.0,4248.252241980999,0.0,0,0,0,1
S4,continuous,B,518,63,5180.0,5180.0,5265.385136844521,5265.385136844521,5306.266975938329,0.0,0.0,0.0,0.0,5180.0,5210.0,5296.266975938329,5486.266975938329,350.0,4017.958399860619,0.0,0,0,0,1
S4,continuous,B,519,39,5190.0,5506.320426953736,5586.3199303656875,5687.567641774302,5708.4782406116055,316.3204269537364,316.3204269537364,101.24771140861412,417.5681383623505,5506.320426953736,5536.320426953736,5698.4782406116055,5888.4782406116055,350.0,2978.92574560881,0.0,0,0,0,1
S4,continuous,B,520,191,5200.0,5200.0,5221.774255723693,5391.437099874838,5437.663693192162,0.0,0.0,169.66284415114478,169.66284415114478,5200.0,5230.0,5427.663693192162,5617.663693192162,300.0,1270.7937624332203,0.0,0,0,0,0
S4,continuous,B,521,128,5210.0,5297.542908912598,5370.366547906265,5452.62542825546,5481.23961702663,87.54290891259825,87.54290891259825,82.25888034919535,169.8017892617936,5297.542908912598,5327.542908912598,5471.23961702663,5661.23961702663,300.0,1848.6582655644602,0.0,0,0,0,0
S4,continuous,B,522,2,5220.0,5327.542908912598,5412.216712832904,6089.385387086741,6113.122202490603,107.54290891259825,107.54290891259825,677.1686742538368,784.711583166435,5327.542908912598,5357.542908912598,6103.122202490603,6293.122202490603,350.0,1997.6157271705113,0.0,0,0,0,1
S4,continuous,B,523,195,5230.0,5617.663693192162,5666.8841172991515,5666.8841172991515,5674.767396155335,387.6636931921621,387.6636931921621,0.0,387.6636931921621,5617.663693192162,5647.663693192162,5666.8841172991515,5856.8841172991515,300.0,470.13808017856877,0.0,0,0,0,0
S4,continuous,B,524,22,5240.0,6356.6241695827775,6447.107076503428,6447.107076503428,6485.059505453831,1116.6241695827775,1116.6241695827775,0.0,1116.6241695827775,6356.6241695827775,6386.6241695827775,6475.059505453831,6665.059505453831,350.0,4520.025353017964,0.0,0,0,0,1
S4,continuous,B,525,193,5250.0,5250.0,5348.849190062177,5348.849190062177,5391.345312122861,0.0,0.0,0.0,0.0,5250.0,5280.0,5381.345312122861,5571.345312122861,350.0,4281.3798703304155,0.0,0,0,0,1
S4,continuous,B,526,172,5260.0,5571.345312122861,5637.662974858184,5637.662974858184,5658.129892456722,311.3453121228613,311.3453121228613,0.0,311.3453121228613,5571.345312122861,5601.345312122861,5648.129892456722,5838.129892456722,300.0,2519.5845766052703,0.0,0,0,0,0
S4,continuous,B,527,42,5270.0,5270.0,5321.386572567395,5705.1958847396345,5733.148313690037,0.0,0.0,383.8093121722395,383.8093121722395,5270.0,5300.0,5723.148313690037,5913.148313690037,300.0,1111.6859027477553,0.0,0,0,0,0
S4,continuous,B,528,6,5280.0,5300.0,5399.325231808892,5887.567641774302,5898.4782406116055,20.0,20.0,488.24240996540993,508.24240996540993,5300.0,5330.0,5888.4782406116055,6078.4782406116055,300.0,4222.38736828205,0.0,0,0,0,0
S4,continuous,B,529,4,5290.0,5330.0,5435.442444537842,6279.385387086741,6303.122202490603,40.0,40.0,843.9429425488988,883.9429425488988,5330.0,5360.0,6293.122202490603,6483.122202490603,350.0,4077.665966378136,0.0,0,0,0,1
S4,continuous,B,530,162,5300.0,5300.0,5398.721087803372,5885.1958847396345,5923.148313690037,0.0,0.0,486.47479693626246,486.47479693626246,5300.0,5330.0,5913.148313690037,6103.148313690037,350.0,4183.910679031276,0.0,0,0,0,1
S4,continuous,B,531,36,5310.0,5310.0,5385.529985532962,6075.1958847396345,6113.148313690037,0.0,0.0,689.6658992066723,689.6658992066723,5310.0,5340.0,6103.148313690037,6293.148313690037,350.0,2655.258760029951,0.0,0,0,0,1
S4,continuous,B,532,113,5320.0,5549.195597934016,5634.290213306837,5849.000838442968,5866.8841172991515,229.1955979340164,229.1955979340164,214.71062513613106,443.90622307014746,5549.195597934016,5579.195597934016,5856.8841172991515,6046.8841172991515,350.0,2590.1122240020313,0.0,0,0,0,1
S4,continuous,B,533,189,5330.0,5834.248986642777,5898.557620124055,5898.557620124055,5943.190475365664,504.2489866427768,504.2489866427768,0.0,504.2489866427768,5834.248986642777,5864.248986642777,5933.190475365664,6123.190475365664,350.0,3838.7496380381494,0.0,0,0,0,1
S4,continuous,B,534,71,5340.0,5753.319340633595,5858.761785171437,6469.385387086741,6493.122202490603,413.31934063359495,413.31934063359495,610.6236019153039,1023.9429425488988,5753.319340633595,5783.319340633595,6483.122202490603,6673.122202490603,350.0,4077.665966378136,0.0,0,0,0,1
S4,continuous,B,535,122,5350.0,6402.669660050683,6475.948383077677,6475.948383077677,6493.83166193386,1052.669660050683,1052.669660050683,0.0,1052.669660050683,6402.669660050683,6432.669660050683,6483.83166193386,6673.83166193386,350.0,1894.6571035308352,0.0,0,0,0,1
S4,continuous,B,536,134,5360.0,5486.266975938329,5605.747088536298,5691.176089480993,5735.808944722602,126.26697593832887,126.26697593832887,85.42900094469496,211.69597688302383,5486.266975938329,5516.266975938329,5725.808944722602,5915.808944722602,350.0,5667.458371954521,0.0,0,0,0,1
S4,continuous,B,537,19,5370.0,5370.0,5437.221638219613,5537.753243418336,5589.195597934016,0.0,0.0,100.5316051987229,100.5316051987229,5370.0,5400.0,5579.195597934016,5769.195597934016,350.0,3710.031401486275,0.0,0,0,0,1
S4,continuous,B,538,187,5380.0,5516.266975938329,5594.579479710454,5737.753026104477,5748.4083701704785,136.26697593832887,136.26697593832887,143.1735463940231,279.440522332352,5516.266975938329,5546.266975938329,5738.4083701704785,5928.4083701704785,350.0,2753.0635610201916,0.0,0,0,0,1
S4,continuous,B,539,192,5390.0,5390.0,5446.6423317596345,5642.62542825546,5671.23961702663,0.0,0.0,195.98309649582552,195.98309649582552,5390.0,5420.0,5661.23961702663,5851.23961702663,300.0,1783.5336545989303,0.0,0,0,0,0
S4,continuous,B,540,133,5400.0,6085.936050099095,6195.306062397621,6195.306062397621,6213.189341253804,685.9360500990952,685.9360500990952,0.0,685.9360500990952,6085.936050099095,6115.936050099095,6203.189341253804,6393.189341253804,350.0,4123.871197104419,0.0,0,0,0,1
S4,continuous,B,541,193,5410.0,6629.52749193062,6709.078855338644,6709.078855338644,6760.148940925711,1219.5274919306203,1219.5274919306203,0.0,1219.5274919306203,6629.52749193062,6659.52749193062,6750.148940925711,6940.148940925711,300.0,3095.4338292538555,0.0,0,0,0,0
S4,continuous,B,542,24,5420.0,5783.319340633595,5902.1919357859515,5915.539418057473,5936.066788989478,363.31934063359495,363.31934063359495,13.347482271521585,376.66682290511653,5783.319340633595,5813.319340633595,5926.066788989478,6116.066788989478,350.0,4956.962118319862,0.0,0,0,0,1
S4,continuous,B,543,117,5430.0,5430.0,5470.793476262185,5470.793476262185,5517.442008107673,0.0,0.0,0.0,0.0,5430.0,5460.0,5507.442008107673,5697.442008107673,300.0,982.2170907609654,0.0,0,0,0,0
S4,continuous,B,544,185,5440.0,6293.148313690037,6402.540529955721,6402.540529955721,6423.067900887725,853.148313690037,853.148313690037,0.0,853.148313690037,6293.148313690037,6323.148313690037,6413.067900887725,6603.067900887725,350.0,5055.051487097458,0.0,0,0,0,1
S4,continuous,B,545,115,5450.0,5450.0,5547.96914819042,5547.96914819042,5575.316923868815,0.0,0.0,0.0,0.0,5450.0,5480.0,5565.316923868815,5755.316923868815,350.0,3049.9512341053924,0.0,0,0,0,1
S4,continuous,B,546,33,5460.0,5601.345312122861,5692.370079373201,5692.370079373201,5734.0430915935185,141.3453121228613,141.3453121228613,0.0,141.3453121228613,5601.345312122861,5631.345312122861,5724.0430915935185,5914.0430915935185,350.0,3656.088684048685,0.0,0,0,0,1
S4,continuous,B,547,160,5470.0,5647.663693192162,5716.548518466674,6115.539418057473,6126.066788989478,177.6636931921621,177.6636931921621,398.990899590799,576.6545927829611,5647.663693192162,5677.663693192162,6116.066788989478,6306.066788989478,300.0,1794.3186183925304,0.0,0,0,0,0
S4,continuous,B,548,147,5480.0,5480.0,5526.098120597821,5731.646311318613,5764.644929980206,0.0,0.0,205.54819072079135,205.54819072079135,5480.0,5510.0,5754.644929980206,5944.644929980206,300.0,2168.4216329950523,0.0,0,0,0,0
S4,continuous,B,549,159,5490.0,5510.0,5600.923482846765,5600.923482846765,5654.00996356392,20.0,20.0,0.0,20.0,5510.0,5540.0,5644.00996356392,5834.00996356392,350.0,4640.551759869101,0.0,0,0,0,1
S4,continuous,B,550,53,5500.0,6673.122202490603,6705.45635429022,6705.45635429022,6735.330853901697,1173.1222024906028,1173.1222024906028,0.0,1173.1222024906028,6673.122202490603,6703.122202490603,6725.330853901697,6915.330853901697,300.0,1457.879001460315,0.0,0,0,0,0
S4,continuous,B,551,165,5510.0,6386.6241695827775,6431.736336711719,6431.736336711719,6452.203254310257,876.6241695827775,876.6241695827775,0.0,876.6241695827775,6386.6241695827775,6416.6241695827775,6442.203254310257,6632.203254310257,300.0,2024.5484768113479,0.0,0,0,0,0
S4,continuous,B,552,58,5520.0,5520.0,5577.335475122975,5577.335475122975,5617.209974734453,0.0,0.0,0.0,0.0,5520.0,5550.0,5607.209974734453,5797.209974734453,350.0,1240.8152025677232,0.0,0,0,0,1
S4,continuous,B,553,31,5530.0,6703.122202490603,6792.59909056592,6792.59909056592,6810.197964940689,1173.1222024906028,1173.1222024906028,0.0,1173.1222024906028,6703.122202490603,6733.122202490603,6800.197964940689,6990.197964940689,300.0,5206.01662699016,0.0,0,0,0,0
S4,continuous,B,554,178,5540.0,5813.319340633595,5920.240163069966,5920.240163069966,5965.336200427069,273.31934063359495,273.31934063359495,0.0,273.31934063359495,5813.319340633595,5843.319340633595,5955.336200427069,6145.336200427069,350.0,4283.020602713002,0.0,0,0,0,1
S4,continuous,B,555,62,5550.0,5631.345312122861,5722.370079373201,5882.370079373201,5924.0430915935185,81.34531212286129,81.34531212286129,160.0,241.3453121228613,5631.345312122861,5661.345312122861,5914.0430915935185,6104.0430915935185,350.0,3656.088684048685,0.0,0,0,0,1
S4,continuous,B,556,163,5560.0,5560.0,5653.71573253093,6077.567641774302,6088.4782406116055,0.0,0.0,423.85190924337167,423.85190924337167,5560.0,5590.0,6078.4782406116055,6268.4782406116055,300.0,3300.870972600578,0.2511022142925867,1,0,1,0
S4,continuous,B,557,10,5570.0,5570.0,5634.855662527257,6098.557620124055,6133.190475365664,0.0,0.0,463.7019575967979,463.7019575967979,5570.0,5600.0,6123.190475365664,6313.190475365664,300.0,2654.61430198406,0.0,0,0,0,0
S4,continuous,B,558,151,5580.0,6306.066788989478,6394.251208565205,6394.251208565205,6447.065468301608,726.0667889894776,726.0667889894776,0.0,726.0667889894776,6306.066788989478,6336.066788989478,6437.065468301608,6627.065468301608,350.0,4877.178062923552,0.0,0,0,0,1
S4,continuous,B,559,144,5590.0,5590.0,5684.613807384181,5790.923482846765,5844.00996356392,0.0,0.0,106.30967546258398,106.30967546258398,5590.0,5620.0,5834.00996356392,6024.00996356392,350.0,4003.18380894496,0.0,0,0,0,1
S4,continuous,B,560,161,5600.0,5788.016115464581,5855.065274956771,5855.065274956771,5916.135360543838,188.01611546458116,188.01611546458116,0.0,188.01611546458116,5788.016115464581,5818.016115464581,5906.135360543838,6096.135360543838,350.0,3119.801464639217,0.0,0,0,0,1
S4,continuous,B,561,17,5610.0,5818.016115464581,5884.352003571119,5884.352003571119,5943.02331476541,208.01611546458116,208.01611546458116,0.0,208.01611546458116,5818.016115464581,5848.016115464581,5933.02331476541,6123.02331476541,350.0,3060.25616696523,0.0,0,0,0,1
S4,continuous,B,562,153,5620.0,6115.936050099095,6167.446849709923,6167.446849709923,6207.238975328798,495.93605009909516,495.93605009909516,0.0,495.93605009909516,6115.936050099095,6145.936050099095,6197.238975328798,6387.238975328798,300.0,992.8012517380535,0.0,0,0,0,0
S4,continuous,B,563,77,5630.0,5677.663693192162,5751.0252566885765,5928.4083701704785,5929.06371423648,47.6636931921621,47.6636931921621,177.383113481902,225.0468066740641,5677.663693192162,5707.663693192162,5928.4083701704785,6118.4083701704785,300.0,2043.4076988560146,0.0,0,0,0,0
S4,continuous,B,564,117,5640.0,5640.0,5730.675381548339,6629.581424483868,6669.52749193062,0.0,0.0,898.9060429355295,898.9060429355295,5640.0,5670.0,6659.52749193062,6849.52749193062,300.0,3095.4338292538555,0.0,0,0,0,0
S4,continuous,B,565,82,5650.0,5697.442008107673,5756.206724910297,5756.206724910297,5802.433318227621,47.442008107673246,47.442008107673246,0.0,47.442008107673246,5697.442008107673,5727.442008107673,5792.433318227621,5982.433318227621,300.0,1272.121289623157,0.0,0,0,0,0
S4,continuous,B,566,30,5660.0,5660.0,5684.2913365791255,6673.83166193386,6681.714940790043,0.0,0.0,989.5403253547347,989.5403253547347,5660.0,5690.0,6673.83166193386,6863.83166193386,300.0,1246.8825804896485,0.0,0,0,0,0
S4,continuous,B,567,140,5670.0,5670.0,5725.711287879106,5813.52721501472,5853.319340633595,0.0,0.0,87.8159271356144,87.8159271356144,5670.0,5700.0,5843.319340633595,6033.319340633595,300.0,1959.8773997818694,0.0,0,0,0,0
S4,continuous,B,568,73,5680.0,6118.4083701704785,6147.568529503547,6409.025295208008,6426.6241695827775,438.4083701704785,438.4083701704785,261.45676570446085,699.8651358749394,6118.4083701704785,6148.4083701704785,6416.6241695827775,6606.6241695827775,300.0,1991.5921100082974,0.0,0,0,0,0
S4,continuous,B,569,63,5690.0,6849.52749193062,6966.701255822722,6966.701255822722,7004.653684773124,1159.5274919306203,1159.5274919306203,0.0,1159.5274919306203,6849.52749193062,6879.52749193062,6994.653684773124,7184.653684773124,350.0,4921.338911675707,0.0,0,0,0,1
S4,continuous,B,570,59,5700.0,6046.8841172991515,6093.213630757571,6093.213630757571,6126.212249419164,346.8841172991515,346.8841172991515,0.0,346.8841172991515,6046.8841172991515,6076.8841172991515,6116.212249419164,6306.212249419164,300.0,2767.49179440462,0.0,0,0,0,0
S4,continuous,B,571,100,5710.0,6076.8841172991515,6155.77763094967,6155.77763094967,6183.125406628065,366.8841172991515,366.8841172991515,0.0,366.8841172991515,6076.8841172991515,6106.8841172991515,6173.125406628065,6363.125406628065,350.0,4293.50425896195,0.0,0,0,0,1
S4,continuous,B,572,101,5720.0,6313.190475365664,6355.526396419313,6849.581424483868,6889.52749193062,593.1904753656636,593.1904753656636,494.0550280645557,1087.2455034302193,6313.190475365664,6343.190475365664,6879.52749193062,7069.52749193062,300.0,886.432334244518,0.0,0,0,0,0
S4,continuous,B,573,90,5730.0,5730.0,5822.694709551733,5831.170284176331,5858.016115464581,0.0,0.0,8.475574624598266,8.475574624598266,5730.0,5760.0,5848.016115464581,6038.016115464581,350.0,3792.8297157719257,0.0,0,0,0,1
S4,continuous,B,574,74,5740.0,6268.4782406116055,6357.189949131811,6357.189949131811,6381.257714780166,528.4782406116055,528.4782406116055,0.0,528.4782406116055,6268.4782406116055,6298.4782406116055,6371.257714780166,6561.257714780166,350.0,4744.965801288414,0.0,0,0,0,1
S4,continuous,B,575,25,5750.0,6033.319340633595,6140.240163069966,6140.240163069966,6185.336200427069,283.31934063359495,283.31934063359495,0.0,283.31934063359495,6033.319340633595,6063.319340633595,6175.336200427069,6365.336200427069,350.0,4283.020602713002,0.0,0,0,0,1
S4,continuous,B,576,164,5760.0,5760.0,5871.227209160089,6287.567641774302,6308.4782406116055,0.0,0.0,416.34043261421266,416.34043261421266,5760.0,5790.0,6298.4782406116055,6488.4782406116055,350.0,4998.653527407656,0.0,0,0,0,1
S4,continuous,B,577,80,5770.0,5944.644929980206,5988.303795141878,5988.303795141878,5989.195528173042,174.64492998020614,174.64492998020614,0.0,174.64492998020614,5944.644929980206,5974.644929980206,5988.303795141878,6178.303795141878,300.0,880.1348584690384,0.0,0,0,0,0
S4,continuous,B,578,126,5780.0,5780.0,5902.737387055888,6103.121790362692,6155.936050099095,0.0,0.0,200.38440330680442,200.38440330680442,5780.0,5810.0,6145.936050099095,6335.936050099095,350.0,5274.2852406075635,0.0,0,0,0,1
S4,continuous,B,579,168,5790.0,6038.016115464581,6068.903075817024,6068.903075817024,6115.129669134348,248.01611546458116,248.01611546458116,0.0,248.01611546458116,6038.016115464581,6068.016115464581,6105.129669134348,6295.129669134348,300.0,1251.4373939740206,0.0,0,0,0,0
S4,continuous,B,580,72,5800.0,5800.0,5868.963509730043,7039.581424483868,7079.52749193062,0.0,0.0,1170.617914753825,1170.617914753825,5800.0,5830.0,7069.52749193062,7259.52749193062,300.0,2793.3701254944144,0.0,0,0,0,0
S4,continuous,B,581,8,5810.0,5864.248986642777,5929.433439945064,5929.433439945064,5970.875794460744,54.2489866427768,54.2489866427768,0.0,54.2489866427768,5864.248986642777,5894.248986642777,5960.875794460744,6150.875794460744,300.0,4497.851789142453,0.4212695717569659,2,0,1,0
S4,continuous,B,582,14,5820.0,5838.129892456722,5888.670212649126,6084.352003571119,6133.02331476541,18.12989245672179,18.12989245672179,195.68179092199262,213.8116833787144,5838.129892456722,5868.129892456722,6123.02331476541,6313.02331476541,300.0,2350.5846502218956,0.0,0,0,0,0
S4,continuous,B,583,28,5830.0,5894.248986642777,5959.433439945064,6119.433439945064,6160.875794460744,64.2489866427768,64.2489866427768,160.0,224.2489866427768,5894.248986642777,5924.248986642777,6150.875794460744,6340.875794460744,300.0,4497.851789142453,0.4212695717569659,2,0,1,0
S4,continuous,B,584,143,5840.0,6606.6241695827775,6705.459693041265,6705.459693041265,6750.555730398369,766.6241695827775,766.6241695827775,0.0,766.6241695827775,6606.6241695827775,6636.6241695827775,6740.555730398369,6930.555730398369,350.0,5112.58449757391,0.0,0,0,0,1
S4,continuous,B,585,198,5850.0,5850.0,5925.106761483282,6647.107076503428,6675.059505453831,0.0,0.0,722.0003150201464,722.0003150201464,5850.0,5880.0,6665.059505453831,6855.059505453831,300.0,2145.482053322834,0.0,0,0,0,0
S4,continuous,B,586,174,5860.0,6636.6241695827775,6694.896639932191,6694.896639932191,6736.569652152508,776.6241695827775,776.6241695827775,0.0,776.6241695827775,6636.6241695827775,6666.6241695827775,6726.569652152508,6916.569652152508,350.0,2391.265831285005,0.0,0,0,0,1
S4,continuous,B,587,145,5870.0,5870.0,5952.743389173174,6248.903075817024,6305.129669134348,0.0,0.0,296.15968664384945,296.15968664384945,5870.0,5900.0,6295.129669134348,6485.129669134348,350.0,3338.431435423799,0.0,0,0,0,1
S4,continuous,B,588,95,5880.0,5900.0,5960.3032463963655,6309.433439945064,6350.875794460744,20.0,20.0,349.1301935486981,369.1301935486981,5900.0,5930.0,6340.875794460744,6530.875794460744,300.0,2385.167389628323,0.1099600456400367,1,0,1,0
S4,continuous,B,589,152,5890.0,5890.0,5976.217242396008,6330.240163069966,6375.336200427069,0.0,0.0,354.02292067395774,354.02292067395774,5890.0,5920.0,6365.336200427069,6555.336200427069,350.0,4944.673427453104,0.0,0,0,0,1
S4,continuous,B,590,58,5900.0,6336.066788989478,6411.0334708067685,6411.0334708067685,6452.706483027086,436.0667889894776,436.0667889894776,0.0,436.0667889894776,6336.066788989478,6366.066788989478,6442.706483027086,6632.706483027086,350.0,3940.2893081140473,0.0,0,0,0,1
S4,continuous,B,591,112,5910.0,5982.433318227621,6040.776096502082,6040.776096502082,6087.4246283475695,72.43331822762138,72.43331822762138,0.0,72.43331822762138,5982.433318227621,6012.433318227621,6077.4246283475695,6267.4246283475695,300.0,1272.121289623157,0.0,0,0,0,0
S4,continuous,B,592,99,5920.0,6343.190475365664,6417.4029780559495,6982.59909056592,7000.197964940689,423.1904753656636,423.1904753656636,565.1961125099706,988.3865878756342,6343.190475365664,6373.190475365664,6990.197964940689,7180.197964940689,300.0,2899.801811327007,1.7310339168238897,1,0,1,0
S4,continuous,B,593,135,5930.0,7259.52749193062,7375.563336738039,7375.563336738039,7425.355462356913,1329.5274919306203,1329.5274919306203,0.0,1329.5274919306203,7259.52749193062,7289.52749193062,7415.355462356913,7605.355462356913,350.0,4904.676122705922,0.0,0,0,0,1
S4,continuous,B,594,56,5940.0,6335.936050099095,6395.848016928888,6395.848016928888,6413.195792607283,395.93605009909516,395.93605009909516,0.0,395.93605009909516,6335.936050099095,6365.936050099095,6403.195792607283,6593.195792607283,300.0,1440.6573166332823,0.0,0,0,0,0
S4,continuous,B,595,156,5950.0,6530.875794460744,6659.267372153078,6659.267372153078,6690.149211246886,580.8757944607441,580.8757944607441,0.0,580.8757944607441,6530.875794460744,6560.875794460744,6680.149211246886,6870.149211246886,300.0,6158.235846490992,0.0,0,0,0,0
S4,continuous,B,596,43,5960.0,7289.52749193062,7407.769183255635,7407.769183255635,7438.651022349442,1329.5274919306203,1329.5274919306203,0.0,1329.5274919306203,7289.52749193062,7319.52749193062,7428.651022349442,7618.651022349442,300.0,5573.847791253614,0.0,0,0,0,0
S4,continuous,B,597,170,5970.0,5970.0,6066.993905616552,6575.848016928888,6603.195792607283,0.0,0.0,508.8541113123356,508.8541113123356,5970.0,6000.0,6593.195792607283,6783.195792607283,350.0,3982.405059086571,0.0,0,0,0,1
S4,continuous,B,598,85,5980.0,5980.0,6086.134782890351,6086.134782890351,6126.009282501828,0.0,0.0,0.0,0.0,5980.0,6010.0,6116.009282501828,6306.009282501828,350.0,4753.977946629292,0.0,0,0,0,1
S4,continuous,B,599,155,5990.0,6323.148313690037,6428.328439085788,7279.581424483868,7329.52749193062,333.14831369003696,333.14831369003696,851.2529853980805,1184.4012990881174,6323.148313690037,6353.148313690037,7319.52749193062,7509.52749193062,350.0,4921.338911675707,0.0,0,0,0,1
S4,continuous,B,600,33,6000.0,6313.02331476541,6397.417521831147,6894.896639932191,6926.569652152508,313.02331476540985,313.02331476540985,497.47911810104415,810.502432866454,6313.02331476541,6343.02331476541,6916.569652152508,7106.569652152508,300.0,2783.2480085027755,0.0,0,0,0,0
S4,continuous,B,601,35,6010.0,6353.148313690037,6420.168043377594,6420.168043377594,6431.059776408757,343.14831369003696,343.14831369003696,0.0,343.14831369003696,6353.148313690037,6383.148313690037,6421.059776408757,6611.059776408757,350.0,2182.040859051459,0.0,0,0,0,1
S4,continuous,B,602,130,6020.0,6096.135360543838,6202.194691168127,6519.433439945064,6570.875794460744,76.13536054383803,76.13536054383803,317.2387487769365,393.37410932077455,6096.135360543838,6126.135360543838,6560.875794460744,6750.875794460744,350.0,3561.845202995164,0.0,0,0,0,1
S4,continuous,B,603,79,6030.0,6373.190475365664,6464.290289390117,6895.459693041265,6940.555730398369,343.1904753656636,343.1904753656636,431.16940365114806,774.3598790168116,6373.190475365664,6403.190475365664,6930.555730398369,7120.555730398369,350.0,3546.4417151832376,0.0,0,0,0,1
S4,continuous,B,604,32,6040.0,6040.0,6103.904362301578,6230.776096502082,6277.4246283475695,0.0,0.0,126.87173420050385,126.87173420050385,6040.0,6070.0,6267.4246283475695,6457.4246283475695,300.0,2458.6186618677166,0.0,0,0,0,0
S4,continuous,B,605,116,6050.0,6050.0,6105.618492980987,6105.618492980987,6138.114615041672,0.0,0.0,0.0,0.0,6050.0,6080.0,6128.114615041672,6318.114615041672,300.0,1213.3804981446842,0.0,0,0,0,0
S4,continuous,B,606,51,6060.0,6145.336200427069,6256.627235002814,6765.848016928888,6793.195792607283,85.33620042706934,85.33620042706934,509.22078192607387,594.5569823531432,6145.336200427069,6175.336200427069,6783.195792607283,6973.195792607283,350.0,4775.218879753543,0.0,0,0,0,1
S4,continuous,B,607,15,6070.0,6070.0,6109.460656145344,6178.303795141878,6179.195528173042,0.0,0.0,68.84313899653444,68.84313899653444,6070.0,6100.0,6178.303795141878,6368.303795141878,300.0,1565.3895746776996,0.0,0,0,0,0
S4,continuous,B,608,173,6080.0,6080.0,6130.05563195328,6295.618492980987,6328.114615041672,0.0,0.0,165.56286102770719,165.56286102770719,6080.0,6110.0,6318.114615041672,6508.114615041672,300.0,1734.9810996332444,0.0,0,0,0,0
S4,continuous,B,609,112,6090.0,6180.58897321918,6233.225842076045,6592.540529955721,6613.067900887725,90.58897321917993,90.58897321917993,359.31468787967515,449.9036610988551,6180.58897321918,6210.58897321918,6603.067900887725,6793.067900887725,350.0,1086.7873556781208,0.0,0,0,0,1
S4,continuous,B,610,103,6100.0,7509.52749193062,7626.701255822722,7626.701255822722,7664.653684773124,1409.5274919306203,1409.5274919306203,0.0,1409.5274919306203,7509.52749193062,7539.52749193062,7654.653684773124,7844.653684773124,350.0,4921.338911675707,0.0,0,0,0,1
S4,continuous,B,611,8,6110.0,6488.4782406116055,6577.189949131811,6577.189949131811,6601.257714780166,378.47824061160554,378.47824061160554,0.0,378.47824061160554,6488.4782406116055,6518.4782406116055,6591.257714780166,6781.257714780166,350.0,4744.965801288414,0.0,0,0,0,1
S4,continuous,B,612,19,6120.0,6343.02331476541,6441.184682777988,6441.184682777988,6468.0305140662385,223.02331476540985,223.02331476540985,0.0,223.02331476540985,6343.02331476541,6373.02331476541,6458.0305140662385,6648.0305140662385,350.0,3060.25616696523,0.0,0,0,0,1
S4,continuous,B,613,48,6130.0,6365.936050099095,6456.768789689167,6729.385387086741,6743.122202490603,235.93605009909516,235.93605009909516,272.61659739757397,508.5526474966691,6365.936050099095,6395.936050099095,6733.122202490603,6923.122202490603,300.0,3483.9873659458995,0.0,0,0,0,0
S4,continuous,B,614,36,6140.0,6555.336200427069,6671.668886867891,7162.59909056592,7190.197964940689,415.33620042706934,415.33620042706934,490.9302036980289,906.2664041250982,6555.336200427069,6585.336200427069,7180.197964940689,7370.197964940689,350.0,5112.58449757391,0.0,0,0,0,1
S4,continuous,B,615,175,6150.0,6508.114615041672,6555.82372821585,6555.82372821585,6604.495039410141,358.11461504167164,358.11461504167164,0.0,358.11461504167164,6508.114615041672,6538.114615041672,6594.495039410141,6784.495039410141,300.0,1420.0365738410972,0.7234631944204466,1,0,1,0
S4,continuous,B,616,114,6160.0,6160.0,6231.794498690839,6379.179372798856,6440.249458385923,0.0,0.0,147.38487410801736,147.38487410801736,6160.0,6190.0,6430.249458385923,6620.249458385923,350.0,4063.0274215916306,0.0,0,0,0,1
S4,continuous,B,617,75,6170.0,6170.0,6225.711287879106,6357.446849709923,6397.238975328798,0.0,0.0,131.73556183081746,131.73556183081746,6170.0,6200.0,6387.238975328798,6577.238975328798,300.0,1959.8773997818694,0.0,0,0,0,0
S4,continuous,B,618,176,6180.0,6180.0,6200.738757461097,6965.848016928888,6983.195792607283,0.0,0.0,765.1092594677912,765.1092594677912,6180.0,6210.0,6973.195792607283,7163.195792607283,300.0,601.8104941498357,0.0,0,0,0,0
S4,continuous,B,619,168,6190.0,6190.0,6276.4912548948105,6410.776096502082,6467.4246283475695,0.0,0.0,134.28484160727112,134.28484160727112,6190.0,6220.0,6457.4246283475695,6647.4246283475695,350.0,2775.6600079902723,0.0,0,0,0,1
S4,continuous,B,620,109,6200.0,6200.0,6243.70305528853,6507.567641774302,6528.4782406116055,0.0,0.0,263.8645864857717,263.8645864857717,6200.0,6230.0,6518.4782406116055,6708.4782406116055,350.0,2361.0104626850916,0.0,0,0,0,1
S4,continuous,B,621,59,6210.0,6210.0,6326.0264144283765,7352.59909056592,7380.197964940689,0.0,0.0,1026.5726761375436,1026.5726761375436,6210.0,6240.0,7370.197964940689,7560.197964940689,350.0,4107.100055896491,0.0,0,0,0,1
S4,continuous,B,622,7,6220.0,6220.0,6292.090519729308,6334.352003571119,6383.02331476541,0.0,0.0,42.26148384181124,42.26148384181124,6220.0,6250.0,6373.02331476541,6563.02331476541,300.0,3141.0837818190716,0.0,0,0,0,0
S4,continuous,B,623,116,6230.0,6230.0,6276.646261850958,6792.540529955721,6803.067900887725,0.0,0.0,515.8942681047629,515.8942681047629,6230.0,6260.0,6793.067900887725,6983.067900887725,300.0,1900.261059480663,0.0,0,0,0,0
S4,continuous,B,624,76,6240.0,6395.936050099095,6504.296029486184,6504.296029486184,6560.522622803508,155.93605009909516,155.93605009909516,0.0,155.93605009909516,6395.936050099095,6425.936050099095,6550.522622803508,6740.522622803508,350.0,4248.252241980999,0.0,0,0,0,1
S4,continuous,B,625,134,6250.0,6260.0,6310.540320192405,6745.82372821585,6794.495039410141,10.0,10.0,435.2834080234452,445.2834080234452,6260.0,6290.0,6784.495039410141,6974.495039410141,300.0,2350.5846502218956,0.0,0,0,0,0
S4,continuous,B,626,121,6260.0,6383.148313690037,6471.044492753985,6631.184682777988,6658.0305140662385,123.14831369003696,123.14831369003696,160.14019002400346,283.2885037140404,6383.148313690037,6413.148313690037,6648.0305140662385,6838.0305140662385,350.0,3653.574642096313,0.0,0,0,0,1
S4,continuous,B,627,5,6270.0,6563.02331476541,6643.941386497509,6643.941386497509,6644.833119528672,293.02331476540985,293.02331476540985,0.0,293.02331476540985,6563.02331476541,6593.02331476541,6643.941386497509,6833.941386497509,300.0,2397.5992569811506,0.0,0,0,0,0
S4,continuous,B,628,41,6280.0,6280.0,6330.964599939578,6330.964599939578,6371.910125714274,0.0,0.0,0.0,0.0,6280.0,6310.0,6361.910125714274,6551.910125714274,350.0,1946.8746954032276,0.0,0,0,0,1
S4,continuous,B,629,172,6290.0,6577.238975328798,6661.945321462727,6889.078855338644,6950.148940925711,287.238975328798,287.238975328798,227.13353387591633,514.3725092047143,6577.238975328798,6607.238975328798,6940.148940925711,7130.148940925711,350.0,2881.925757033356,0.0,0,0,0,1
S4,continuous,B,630,24,6300.0,6306.212249419164,6367.961213000184,7155.848016928888,7173.195792607283,6.212249419164436,6.212249419164436,787.8868039287036,794.099053347868,6306.212249419164,6336.212249419164,7163.195792607283,7353.195792607283,300.0,2168.421632995052,0.0,0,0,0,0
S4,continuous,B,631,167,6310.0,6310.0,6388.877760239423,6855.948383077677,6873.83166193386,0.0,0.0,467.07062283825417,467.07062283825417,6310.0,6340.0,6863.83166193386,7053.83166193386,350.0,2778.097989989561,0.0,0,0,0,1
S4,continuous,B,632,12,6320.0,6538.114615041672,6583.142749366189,6583.142749366189,6626.229230083343,218.11461504167164,218.11461504167164,0.0,218.11461504167164,6538.114615041672,6568.114615041672,6616.229230083343,6806.229230083343,300.0,1213.3804981446842,0.0,0,0,0,0
S4,continuous,B,633,197,6330.0,6330.0,6391.448731963386,6925.82372821585,6984.495039410141,0.0,0.0,534.3749962524635,534.3749962524635,6330.0,6360.0,6974.495039410141,7164.495039410141,350.0,2905.7598052153035,0.0,0,0,0,1
S4,continuous,B,634,140,6340.0,6340.0,6380.479875637799,6545.618492980987,6578.114615041672,0.0,0.0,165.13861734318834,165.13861734318834,6340.0,6370.0,6568.114615041672,6758.114615041672,300.0,2820.7261020865667,0.0,0,0,0,0
S4,continuous,B,635,29,6350.0,6363.125406628065,6385.78770335364,6385.78770335364,6416.669542447447,13.12540662806532,13.12540662806532,0.0,13.12540662806532,6363.125406628065,6393.125406628065,6406.669542447447,6596.669542447447,300.0,595.4494770063172,0.0,0,0,0,0
S4,continuous,B,636,85,6360.0,6360.0,6427.149184268955,6427.149184268955,6459.104708365368,0.0,0.0,0.0,0.0,6360.0,6390.0,6449.104708365368,6639.104708365368,300.0,2601.475087614136,0.0,0,0,0,0
S4,continuous,B,637,37,6370.0,6403.190475365664,6479.969541875137,6735.618492980987,6768.114615041672,33.19047536566359,33.19047536566359,255.64895110584985,288.83942647151343,6403.190475365664,6433.190475365664,6758.114615041672,6948.114615041672,300.0,3145.392304369133,0.0,0,0,0,0
S4,continuous,B,638,124,6380.0,6948.114615041672,7041.59664628623,7552.59909056592,7570.197964940689,568.1146150416716,568.1146150416716,511.0024442796903,1079.117059321362,6948.114615041672,6978.114615041672,7560.197964940689,7750.197964940689,300.0,4316.202261102149,0.0,0,0,0,0
S4,continuous,B,639,57,6390.0,7164.495039410141,7237.418769544894,7237.418769544894,7280.233029281297,774.4950394101406,774.4950394101406,0.0,774.4950394101406,7164.495039410141,7194.495039410141,7270.233029281297,7460.233029281297,300.0,2074.2557840176332,0.0,0,0,0,0
S4,continuous,B,640,133,6400.0,6433.190475365664,6502.804493523052,6502.804493523052,6532.678993134529,33.19047536566359,33.19047536566359,0.0,33.19047536566359,6433.190475365664,6463.190475365664,6522.678993134529,6712.678993134529,300.0,2654.61430198406,0.0,0,0,0,0
S4,continuous,B,641,123,6410.0,7539.52749193062,7605.798280479156,7605.798280479156,7652.446812324644,1129.5274919306203,1129.5274919306203,0.0,1129.5274919306203,7539.52749193062,7569.52749193062,7642.446812324644,7832.446812324644,300.0,2187.954403246808,0.0,0,0,0,0
S4,continuous,B,642,142,6420.0,6420.0,6494.080757584522,6909.385387086741,6933.122202490603,0.0,0.0,415.30462950221863,415.30462950221863,6420.0,6450.0,6923.122202490603,7113.122202490603,350.0,1783.7349384295987,0.0,0,0,0,1
S4,continuous,B,643,111,6430.0,6632.203254310257,6666.328345037905,6704.296029486184,6750.522622803508,202.20325431025685,202.20325431025685,37.967684448279215,240.17093875853607,6632.203254310257,6662.203254310257,6740.522622803508,6930.522622803508,300.0,1244.0124298532796,0.0,0,0,0,0
S4,continuous,B,644,100,6440.0,6440.0,6545.180125395751,7529.581424483868,7579.52749193062,0.0,0.0,984.4012990881174,984.4012990881174,6440.0,6470.0,7569.52749193062,7759.52749193062,350.0,4921.338911675707,0.0,0,0,0,1
S4,continuous,B,645,157,6450.0,7759.52749193062,7813.495667810393,7813.495667810393,7844.4411935850885,1309.5274919306203,1309.5274919306203,0.0,1309.5274919306203,7759.52749193062,7789.52749193062,7834.4411935850885,8024.4411935850885,300.0,1289.2651949752938,0.0,0,0,0,0
S4,continuous,B,646,73,6460.0,6485.129669134348,6543.582789061416,6543.582789061416,6574.528314836112,25.12966913434775,25.12966913434775,0.0,25.12966913434775,6485.129669134348,6515.129669134348,6564.528314836112,6754.528314836112,300.0,1200.9623694431016,0.0,0,0,0,0
S4,continuous,B,647,20,6470.0,6607.238975328798,6711.412460218451,6884.296029486184,6940.522622803508,137.238975328798,137.238975328798,172.88356926773304,310.12254459653104,6607.238975328798,6637.238975328798,6930.522622803508,7120.522622803508,350.0,4155.517546066205,0.0,0,0,0,1
S4,continuous,B,648,56,6480.0,6637.238975328798,6717.325492704813,7145.82372821585,7204.495039410141,157.238975328798,157.238975328798,428.4982355110369,585.7372108398349,6637.238975328798,6667.238975328798,7194.495039410141,7384.495039410141,350.0,2561.9433012085183,0.0,0,0,0,1
S4,continuous,B,649,114,6490.0,7384.495039410141,7476.657422554067,7476.657422554067,7484.54070141025,894.4950394101406,894.4950394101406,0.0,894.4950394101406,7384.495039410141,7414.495039410141,7476.657422554067,7666.657422554067,300.0,3182.177746894765,0.0,0,0,0,0
S4,continuous,B,650,94,6500.0,6500.0,6575.583145604529,6575.583145604529,6610.216000846138,0.0,0.0,0.0,0.0,6500.0,6530.0,6600.216000846138,6790.216000846138,300.0,2555.041005618764,0.0,0,0,0,0
S4,continuous,B,651,179,6510.0,7414.495039410141,7497.917087027605,7497.917087027605,7536.531275798775,904.4950394101406,904.4950394101406,0.0,904.4950394101406,7414.495039410141,7444.495039410141,7526.531275798775,7716.531275798775,350.0,2136.4765947055166,0.0,0,0,0,1
S4,continuous,B,652,169,6520.0,6708.4782406116055,6757.818345479782,6773.142749366189,6816.229230083343,188.47824061160554,188.47824061160554,15.324403886406799,203.80264449801234,6708.4782406116055,6738.4782406116055,6806.229230083343,6996.229230083343,300.0,2831.952466497093,0.0,0,0,0,0
S4,continuous,B,653,166,6530.0,6662.203254310257,6734.624641909066,6777.189949131811,6791.257714780166,132.20325431025685,132.20325431025685,42.565307222745105,174.76856153300196,6662.203254310257,6692.203254310257,6781.257714780166,6971.257714780166,300.0,3636.3047495858295,0.0,0,0,0,0
S4,continuous,B,654,6,6540.0,6838.0305140662385,6912.831466715827,6912.831466715827,6964.273821231508,298.03051406623854,298.03051406623854,0.0,298.03051406623854,6838.0305140662385,6868.0305140662385,6954.273821231508,7144.273821231508,350.0,3588.449019775562,0.0,0,0,0,1
S4,continuous,B,655,47,6550.0,6978.114615041672,7065.756503647134,7065.756503647134,7083.639782503317,428.11461504167164,428.11461504167164,0.0,428.11461504167164,6978.114615041672,7008.114615041672,7073.639782503317,7263.639782503317,350.0,3311.6147742362164,0.0,0,0,0,1
S4,continuous,B,656,158,6560.0,6750.875794460744,6851.270030041509,7395.82372821585,7454.495039410141,190.87579446074415,190.87579446074415,544.5536981743408,735.4294926350849,6750.875794460744,6780.875794460744,7444.495039410141,7634.495039410141,350.0,3814.0270662221274,0.0,0,0,0,1
S4,continuous,B,657,85,6570.0,6754.528314836112,6799.495949043829,7759.581424483868,7799.52749193062,184.52831483611226,184.52831483611226,960.0854754400398,1144.613790276152,6754.528314836112,6784.528314836112,7789.52749193062,7979.52749193062,300.0,1289.2651949752938,0.0,0,0,0,0
S4,continuous,B,658,34,6580.0,7113.122202490603,7177.274430423433,7177.274430423433,7223.922962268921,533.1222024906028,533.1222024906028,0.0,533.1222024906028,7113.122202490603,7143.122202490603,7213.922962268921,7403.922962268921,300.0,3662.9542381779397,0.0,0,0,0,0
S4,continuous,B,659,181,6590.0,6590.0,6687.396798764607,6975.618492980987,7018.114615041672,0.0,0.0,288.22169421637955,288.22169421637955,6590.0,6620.0,7008.114615041672,7198.114615041672,350.0,4054.0190438123564,0.0,0,0,0,1
S4,continuous,B,660,19,6600.0,6915.330853901697,6967.4447912790465,7085.459693041265,7130.555730398369,315.3308539016971,315.3308539016971,118.01490176221887,433.34575566391595,6915.330853901697,6945.330853901697,7120.555730398369,7310.555730398369,350.0,1240.8152025677232,0.0,0,0,0,1
S4,continuous,B,661,150,6610.0,6610.0,6653.638809930112,6653.638809930112,6693.430935548987,0.0,0.0,0.0,0.0,6610.0,6640.0,6683.430935548987,6873.430935548987,300.0,1203.8345459837233,0.0,0,0,0,0
S4,continuous,B,662,52,6620.0,7263.639782503317,7342.378015211227,7342.378015211227,7380.330444161629,643.6397825033173,643.6397825033173,0.0,643.6397825033173,7263.639782503317,7293.639782503317,7370.330444161629,7560.330444161629,350.0,4336.1754624813575,0.0,0,0,0,1
S4,continuous,B,663,196,6630.0,6632.706483027086,6709.931609501121,6709.931609501121,6726.611981161655,2.7064830270855964,2.7064830270855964,0.0,2.7064830270855964,6632.706483027086,6662.706483027086,6716.611981161655,6906.611981161655,350.0,2661.907869652164,0.0,0,0,0,1
S4,continuous,B,664,144,6640.0,6996.229230083343,7059.9756735907995,7089.078855338644,7140.148940925711,356.2292300833433,356.2292300833433,29.103181747844246,385.3324118311875,6996.229230083343,7026.229230083343,7130.148940925711,7320.148940925711,300.0,1848.1136842078483,0.0,0,0,0,0
S4,continuous,B,665,97,6650.0,6855.059505453831,6914.047975134607,7279.078855338644,7330.148940925711,205.05950545383075,205.05950545383075,365.0308802040363,570.090385657867,6855.059505453831,6885.059505453831,7320.148940925711,7510.148940925711,300.0,2464.1819547122705,0.0,0,0,0,0
S4,continuous,B,666,32,6660.0,6738.4782406116055,6757.159846656105,7084.296029486184,7130.522622803508,78.47824061160554,78.47824061160554,327.1361828300787,405.61442344168427,6738.4782406116055,6768.4782406116055,7120.522622803508,7310.522622803508,300.0,803.7531079195041,0.0,0,0,0,0
S4,continuous,B,667,149,6670.0,7979.52749193062,8045.798280479156,8045.798280479156,8092.446812324644,1309.5274919306203,1309.5274919306203,0.0,1309.5274919306203,7979.52749193062,8009.52749193062,8082.446812324644,8272.446812324644,300.0,2187.954403246808,0.0,0,0,0,0
S4,continuous,B,668,127,6680.0,6780.875794460744,6858.618216665905,6858.618216665905,6890.573740762318,100.87579446074415,100.87579446074415,0.0,100.87579446074415,6780.875794460744,6810.875794460744,6880.573740762318,7070.573740762318,300.0,2786.993905692474,0.0,0,0,0,0
S4,continuous,B,669,177,6690.0,6690.0,6804.464703261952,6839.267372153078,6880.149211246886,0.0,0.0,34.802668891125904,34.802668891125904,6690.0,6720.0,6870.149211246886,7060.149211246886,350.0,5054.467109244511,0.0,0,0,0,1
S4,continuous,B,670,22,6700.0,7353.195792607283,7456.273527332404,7456.273527332404,7476.800898264409,653.1957926072828,653.1957926072828,0.0,653.1957926072828,7353.195792607283,7383.195792607283,7466.800898264409,7656.800898264409,350.0,5288.039669500415,0.0,0,0,0,1
S4,continuous,B,671,76,6710.0,8009.52749193062,8106.7022254976755,8106.7022254976755,8139.700844159269,1299.5274919306203,1299.5274919306203,0.0,1299.5274919306203,8009.52749193062,8039.52749193062,8129.700844159269,8319.70084415927,300.0,4179.967838561983,0.0,0,0,0,0
S4,continuous,B,672,188,6720.0,6720.0,6755.235069155851,7274.296029486184,7320.522622803508,0.0,0.0,519.0609603303328,519.0609603303328,6720.0,6750.0,7310.522622803508,7500.522622803508,300.0,609.5469243645314,0.0,0,0,0,0
S4,continuous,B,673,182,6730.0,7198.114615041672,7298.578088070725,7587.769183255635,7628.651022349442,468.11461504167164,468.11461504167164,289.1910951849095,757.3057102265811,7198.114615041672,7228.114615041672,7618.651022349442,7808.651022349442,350.0,4281.3798703304155,0.0,0,0,0,1
S4,continuous,B,674,165,6740.0,7228.114615041672,7314.0694785211,7314.0694785211,7356.025002617514,488.11461504167164,488.11461504167164,0.0,488.11461504167164,7228.114615041672,7258.114615041672,7346.025002617514,7536.025002617514,350.0,3319.5076587017165,0.0,0,0,0,1
S4,continuous,B,675,25,6750.0,6750.0,6840.227284781897,8009.581424483868,8049.52749193062,0.0,0.0,1169.3541397019717,1169.3541397019717,6750.0,6780.0,8039.52749193062,8229.527491930621,300.0,4179.967838561983,0.0,0,0,0,0
S4,continuous,B,676,122,6760.0,6945.330853901697,7050.458297309718,7050.458297309718,7091.340136403525,185.33085390169708,185.33085390169708,0.0,185.33085390169708,6945.330853901697,6975.330853901697,7081.340136403525,7271.340136403525,350.0,4753.977946629292,0.0,0,0,0,1
S4,continuous,B,677,80,6770.0,6975.330853901697,7033.760167058792,8199.58142448387,8239.527491930621,205.33085390169708,205.33085390169708,1165.8212574250774,1371.1521113267745,6975.330853901697,7005.330853901697,8229.527491930621,8419.527491930621,300.0,2252.7570716656514,0.0,0,0,0,0
S4,continuous,B,678,10,6780.0,7258.114615041672,7305.43266254017,7305.43266254017,7319.169477944032,478.11461504167164,478.11461504167164,0.0,478.11461504167164,7258.114615041672,7288.114615041672,7309.169477944032,7499.169477944032,300.0,1219.29304984367,0.0,0,0,0,0
S4,continuous,B,679,140,6790.0,7383.195792607283,7476.738565504319,7476.738565504319,7521.834602861422,593.1957926072828,593.1957926072828,0.0,593.1957926072828,7383.195792607283,7413.195792607283,7511.834602861422,7701.834602861422,350.0,4775.218879753543,0.0,0,0,0,1
S4,continuous,B,680,151,6800.0,6810.875794460744,6891.562152751102,7285.459693041265,7320.555730398369,10.875794460744146,10.875794460744146,393.8975402901633,404.77333475090745,6810.875794460744,6840.875794460744,7310.555730398369,7500.555730398369,300.0,2998.9588776757546,0.0,0,0,0,0
S4,continuous,B,681,145,6810.0,6810.0,6849.363076899438,7585.82372821585,7644.495039410141,0.0,0.0,736.4606513164117,736.4606513164117,6810.0,6840.0,7634.495039410141,7824.495039410141,350.0,2260.4821318638546,0.0,0,0,0,1
S4,continuous,B,682,3,6820.0,6820.0,6881.925424673014,6983.142749366189,7036.229230083343,0.0,0.0,101.2173246931743,101.2173246931743,6820.0,6850.0,7026.229230083343,7216.229230083343,350.0,2515.0007965435125,0.0,0,0,0,1
S4,continuous,B,683,90,6830.0,6830.0,6879.271541120561,6879.271541120561,6907.885729891731,0.0,0.0,0.0,0.0,6830.0,6860.0,6897.885729891731,7087.885729891731,300.0,1519.5329291203568,0.0,0,0,0,0
S4,continuous,B,684,104,6840.0,6860.0,6904.967634207716,8389.58142448387,8429.527491930621,20.0,20.0,1484.613790276153,1504.613790276153,6860.0,6890.0,8419.527491930621,8609.527491930621,300.0,1289.2651949752938,0.0,0,0,0,0
S4,continuous,B,685,93,6850.0,6850.0,6894.541914333111,8579.58142448387,8619.527491930621,0.0,0.0,1685.0395101507584,1685.0395101507584,6850.0,6880.0,8609.527491930621,8799.527491930621,300.0,3128.7784087043865,0.0,0,0,0,0
S4,continuous,B,686,153,6860.0,7106.569652152508,7144.4928369874915,7144.4928369874915,7177.491455649085,246.56965215250784,246.56965215250784,0.0,246.56965215250784,7106.569652152508,7136.569652152508,7167.491455649085,7357.491455649085,300.0,740.0363287206504,0.0,0,0,0,0
S4,continuous,B,687,0,6870.0,6870.0,6914.419082907721,6914.419082907721,6949.0519381493295,0.0,0.0,0.0,0.0,6870.0,6900.0,6939.0519381493295,7129.0519381493295,300.0,1872.309884812907,0.0,0,0,0,0
S4,continuous,B,688,198,6880.0,8799.527491930621,8903.549376641211,8903.549376641211,8945.222388861528,1919.5274919306212,1919.5274919306212,0.0,1919.5274919306212,8799.527491930621,8829.527491930621,8935.222388861528,9125.222388861528,350.0,4063.14988259116,0.0,0,0,0,1
S4,continuous,B,689,118,6890.0,7087.885729891731,7140.393679329541,7140.393679329541,7150.921050261545,197.885729891731,197.885729891731,0.0,197.885729891731,7087.885729891731,7117.885729891731,7140.921050261545,7330.921050261545,300.0,1788.6251762918403,0.0,0,0,0,0
S4,continuous,B,690,101,6900.0,7070.573740762318,7170.2955171345575,7485.43266254017,7509.169477944032,170.57374076231827,170.57374076231827,315.1371454056125,485.71088616793077,7070.573740762318,7100.573740762318,7499.169477944032,7689.169477944032,350.0,4179.545182556419,0.0,0,0,0,1
S4,continuous,B,691,192,6910.0,6910.0,6975.0642944260235,6975.0642944260235,7001.910125714274,0.0,0.0,0.0,0.0,6910.0,6940.0,6991.910125714274,7181.910125714274,350.0,1946.8746954032276,0.0,0,0,0,1
S4,continuous,B,692,119,6920.0,7293.639782503317,7370.606164694726,7675.43266254017,7699.169477944032,373.6397825033173,373.6397825033173,304.82649784544355,678.4662803487608,7293.639782503317,7323.639782503317,7689.169477944032,7879.169477944032,350.0,4146.97402698197,0.0,0,0,0,1
S4,continuous,B,693,185,6930.0,6930.0,7008.323161480453,7875.43266254017,7889.169477944032,0.0,0.0,867.1095010597173,867.1095010597173,6930.0,6960.0,7879.169477944032,8069.169477944032,300.0,4251.4019129407025,0.0,0,0,0,0
S4,continuous,B,694,53,6940.0,7510.148940925711,7618.717754632526,7777.769183255635,7818.651022349442,570.148940925711,570.148940925711,159.05142862310913,729.2003695488202,7510.148940925711,7540.148940925711,7808.651022349442,7998.651022349442,350.0,3676.3414980542216,0.0,0,0,0,1
S4,continuous,B,695,137,6950.0,6950.0,6981.571362602383,7499.078855338644,7550.148940925711,0.0,0.0,517.5074927362612,517.5074927362612,6950.0,6980.0,7540.148940925711,7730.148940925711,300.0,2319.6950506907465,0.0,0,0,0,0
S4,continuous,B,696,78,6960.0,7100.573740762318,7166.679830466093,7334.4928369874915,7367.491455649085,140.57374076231827,140.57374076231827,167.81300652139817,308.38674728371643,7100.573740762318,7130.573740762318,7357.491455649085,7547.491455649085,300.0,2601.475087614136,0.0,0,0,0,0
S4,continuous,B,697,134,6970.0,7136.569652152508,7231.183459536689,7231.183459536689,7284.269940253844,166.56965215250784,166.56965215250784,0.0,166.56965215250784,7136.569652152508,7166.569652152508,7274.269940253844,7464.269940253844,350.0,4003.18380894496,0.0,0,0,0,1
S4,continuous,B,698,168,6980.0,6980.0,7045.970838597218,7255.618492980987,7298.114615041672,0.0,0.0,209.6476543837689,209.6476543837689,6980.0,7010.0,7288.114615041672,7478.114615041672,350.0,3321.0495884842067,0.0,0,0,0,1
S4,continuous,B,699,113,6990.0,7824.495039410141,7926.007758790764,7967.769183255635,8008.651022349442,834.4950394101406,834.4950394101406,41.7614244648712,876.2564638750118,7824.495039410141,7854.495039410141,7998.651022349442,8188.651022349442,350.0,3353.8596305292676,0.0,0,0,0,1
S4,continuous,B,700,64,7000.0,7000.0,7043.658865161672,7043.658865161672,7044.550598192835,0.0,0.0,0.0,0.0,7000.0,7030.0,7043.658865161672,7233.658865161672,300.0,880.1348584690384,0.0,0,0,0,0
S4,continuous,B,701,42,7010.0,7271.340136403525,7378.773807477531,7378.773807477531,7395.454179138065,261.3401364035253,261.3401364035253,0.0,261.3401364035253,7271.340136403525,7301.340136403525,7385.454179138065,7575.454179138065,350.0,4724.599852451583,0.0,0,0,0,1
S4,continuous,B,702,126,7020.0,7854.495039410141,7930.333332909531,7930.333332909531,7965.429370266635,834.4950394101406,834.4950394101406,0.0,834.4950394101406,7854.495039410141,7884.495039410141,7955.429370266635,8145.429370266635,300.0,2229.9688964302923,1.1745640729072875,1,0,1,0
S4,continuous,B,703,33,7030.0,7030.0,7105.47098158762,8065.43266254017,8079.169477944032,0.0,0.0,959.9616809525496,959.9616809525496,7030.0,7060.0,8069.169477944032,8259.169477944033,300.0,4232.5706345454555,0.0,0,0,0,0
S4,continuous,B,704,116,7040.0,7117.885729891731,7164.825934008766,7164.825934008766,7195.771459783462,77.88572989173099,77.88572989173099,0.0,77.88572989173099,7117.885729891731,7147.885729891731,7185.771459783462,7375.771459783462,300.0,1519.5329291203568,0.0,0,0,0,0
S4,continuous,B,705,17,7050.0,7413.195792607283,7452.656448752627,7452.656448752627,7453.54818178379,363.1957926072828,363.1957926072828,0.0,363.1957926072828,7413.195792607283,7443.195792607283,7452.656448752627,7642.656448752627,300.0,1565.3895746776996,0.0,0,0,0,0
S4,continuous,B,706,5,7060.0,7143.122202490603,7187.853294761832,7421.183459536689,7474.269940253844,83.12220249060283,83.12220249060283,233.3301647748567,316.45236726545954,7143.122202490603,7173.122202490603,7464.269940253844,7654.269940253844,350.0,1783.7349384295985,0.0,0,0,0,1
S4,continuous,B,707,62,7070.0,7166.569652152508,7226.278259165388,7367.274430423433,7413.922962268921,96.56965215250784,96.56965215250784,140.99617125804525,237.5658234105531,7166.569652152508,7196.569652152508,7403.922962268921,7593.922962268921,300.0,2260.647373166568,0.0,0,0,0,0
S4,continuous,B,708,174,7080.0,7080.0,7163.395244461142,7163.395244461142,7183.8621620596805,0.0,0.0,0.0,0.0,7080.0,7110.0,7173.8621620596805,7363.8621620596805,300.0,3208.169805571566,0.0,0,0,0,0
S4,continuous,B,709,14,7090.0,7110.0,7214.1267459829,7732.59909056592,7760.197964940689,20.0,20.0,518.4723445830205,538.4723445830205,7110.0,7140.0,7750.197964940689,7940.197964940689,350.0,4009.2630242365476,0.0,0,0,0,1
S4,continuous,B,710,117,7100.0,7181.910125714274,7255.260880558278,7425.848016928888,7453.195792607283,81.91012571427382,81.91012571427382,170.5871363706101,252.49726208488391,7181.910125714274,7211.910125714274,7443.195792607283,7633.195792607283,350.0,3371.2962718834865,0.0,0,0,0,1
S4,continuous,B,711,121,7110.0,7129.0519381493295,7248.943355923694,7248.943355923694,7273.011121572049,19.051938149329544,19.051938149329544,0.0,19.051938149329544,7129.0519381493295,7159.0519381493295,7263.011121572049,7453.011121572049,350.0,5360.740606633525,0.0,0,0,0,1
S4,continuous,B,712,13,7120.0,7216.229230083343,7327.508463723063,7514.4928369874915,7557.491455649085,96.22923008334328,96.22923008334328,186.98437326442854,283.2136033477718,7216.229230083343,7246.229230083343,7547.491455649085,7737.491455649085,350.0,4359.942358398048,0.0,0,0,0,1
S4,continuous,B,713,150,7130.0,7233.658865161672,7274.3651431797425,7274.3651431797425,7302.979331950913,103.65886516167211,103.65886516167211,0.0,103.65886516167211,7233.658865161672,7263.658865161672,7292.979331950913,7482.979331950913,300.0,2801.832608138825,0.0,0,0,0,0
S4,continuous,B,714,55,7140.0,7140.0,7201.925424673014,7611.183459536689,7664.269940253844,0.0,0.0,409.25803486367477,409.25803486367477,7140.0,7170.0,7654.269940253844,7844.269940253844,350.0,2515.0007965435125,0.0,0,0,0,1
S4,continuous,B,715,75,7150.0,7884.495039410141,7960.333332909531,8120.333332909531,8155.429370266635,734.4950394101406,734.4950394101406,160.0,894.4950394101406,7884.495039410141,7914.495039410141,8145.429370266635,8335.429370266635,300.0,2229.9688964302923,1.1745640729072875,1,0,1,0
S4,continuous,B,716,79,7160.0,7160.0,7244.871334097318,7816.701255822722,7854.653684773124,0.0,0.0,571.8299217254034,571.8299217254034,7160.0,7190.0,7844.653684773124,8034.653684773124,350.0,4558.36415627283,0.0,0,0,0,1
S4,continuous,B,717,9,7170.0,7170.0,7252.439289319924,7455.618492980987,7488.114615041672,0.0,0.0,203.17920366106318,203.17920366106318,7170.0,7200.0,7478.114615041672,7668.114615041672,300.0,2781.7737678265985,0.0,0,0,0,0
S4,continuous,B,718,107,7180.0,7668.114615041672,7712.97713867091,7712.97713867091,7748.073176028013,488.11461504167164,488.11461504167164,0.0,488.11461504167164,7668.114615041672,7698.114615041672,7738.073176028013,7928.073176028013,300.0,1162.3875683258725,0.0,0,0,0,0
S4,continuous,B,719,148,7190.0,7211.910125714274,7243.558036202151,7932.59909056592,7950.197964940689,21.910125714273818,21.910125714273818,689.041054363769,710.9511800780429,7211.910125714274,7241.910125714274,7940.197964940689,8130.197964940689,300.0,1159.0288082902057,0.0,0,0,0,0
S4,continuous,B,720,139,7200.0,7200.0,7211.093169982022,7211.093169982022,7242.766182202339,0.0,0.0,0.0,0.0,7200.0,7230.0,7232.766182202339,7422.766182202339,300.0,857.4968424995998,0.0,0,0,0,0
S4,continuous,B,721,0,7210.0,7844.269940253844,7918.350697838366,8245.43266254017,8269.169477944033,634.2699402538437,634.2699402538437,327.0819647018052,961.3519049556489,7844.269940253844,7874.269940253844,8259.169477944033,8449.169477944033,350.0,1783.7349384295987,0.0,0,0,0,1
S4,continuous,B,722,32,7220.0,7701.834602861422,7818.167289302244,8112.59909056592,8140.197964940689,481.83460286142235,481.83460286142235,294.4318012636759,776.2664041250982,7701.834602861422,7731.834602861422,8130.197964940689,8320.19796494069,350.0,5112.58449757391,0.0,0,0,0,1
S4,continuous,B,723,54,7230.0,7230.0,7354.27358202195,7354.27358202195,7405.71593653763,0.0,0.0,0.0,0.0,7230.0,7260.0,7395.71593653763,7585.71593653763,350.0,5471.602827544461,0.0,0,0,0,1
S4,continuous,B,724,83,7240.0,7263.658865161672,7304.3651431797425,7697.917087027605,7726.531275798775,23.65886516167211,23.65886516167211,393.5519438478623,417.2108090095344,7263.658865161672,7293.658865161672,7716.531275798775,7906.531275798775,300.0,2801.832608138825,0.0,0,0,0,0
S4,continuous,B,725,74,7250.0,7460.233029281297,7558.467584069412,7558.467584069412,7585.313415357662,210.2330292812967,210.2330292812967,0.0,210.2330292812967,7460.233029281297,7490.233029281297,7575.313415357662,7765.313415357662,350.0,3426.320125237368,0.0,0,0,0,1
S4,continuous,B,726,6,7260.0,7260.0,7339.077889389209,7568.773807477531,7585.454179138065,0.0,0.0,229.69591808832138,229.69591808832138,7260.0,7290.0,7575.454179138065,7765.454179138065,350.0,2974.0528433611066,0.0,0,0,0,1
S4,continuous,B,727,195,7270.0,7270.0,7344.709921581357,7391.093169982022,7432.766182202339,0.0,0.0,46.38324840066525,46.38324840066525,7270.0,7300.0,7422.766182202339,7612.766182202339,350.0,2601.769180579884,0.0,0,0,0,1
S4,continuous,B,728,8,7280.0,7293.658865161672,7362.649701563173,8300.333332909531,8345.429370266635,13.65886516167211,13.65886516167211,937.6836313463582,951.3424965080303,7293.658865161672,7323.658865161672,8335.429370266635,8525.429370266635,350.0,4153.21240996382,0.0,0,0,0,1
S4,continuous,B,729,174,7290.0,7874.269940253844,7969.027566528828,7969.027566528828,8025.254159846152,584.2699402538437,584.2699402538437,0.0,584.2699402538437,7874.269940253844,7904.269940253844,8015.254159846152,8205.254159846152,350.0,3324.641740694358,0.0,0,0,0,1
S4,continuous,B,730,147,7300.0,7300.0,7375.844467688276,7375.844467688276,7392.690298976527,0.0,0.0,0.0,0.0,7300.0,7330.0,7382.690298976527,7572.690298976527,300.0,3298.266192951913,0.0,0,0,0,0
S4,continuous,B,731,41,7310.0,8449.169477944033,8531.989396683122,8531.989396683122,8549.872675539305,1139.1694779440331,1139.1694779440331,0.0,1139.1694779440331,8449.169477944033,8479.169477944033,8539.872675539305,8729.872675539305,350.0,4146.97402698197,0.0,0,0,0,1
S4,continuous,B,732,64,7320.0,7330.0,7396.121049958212,7656.273527332404,7666.800898264409,10.0,10.0,260.15247737419213,270.15247737419213,7330.0,7360.0,7656.800898264409,7846.800898264409,300.0,2618.4460424996923,0.0,0,0,0,0
S4,continuous,B,733,144,7330.0,7330.0,7363.474180104055,7666.657422554067,7674.54070141025,0.0,0.0,303.1832424500117,303.1832424500117,7330.0,7360.0,7666.657422554067,7856.657422554067,300.0,1232.2021384425047,0.0,0,0,0,0
S4,continuous,B,734,34,7340.0,7453.011121572049,7519.033357220675,7519.033357220675,7539.500274819213,113.01112157204898,113.01112157204898,0.0,113.01112157204898,7453.011121572049,7483.011121572049,7529.500274819213,7719.500274819213,300.0,3636.3047495858295,0.0,0,0,0,0
S4,continuous,B,735,188,7350.0,7350.0,7401.5355397133235,7544.27358202195,7595.71593653763,0.0,0.0,142.73804230862606,142.73804230862606,7350.0,7380.0,7585.71593653763,7775.71593653763,350.0,2590.112224002032,0.0,0,0,0,1
S4,continuous,B,736,31,7360.0,7765.313415357662,7798.662206952771,7798.662206952771,7805.342578613306,405.31341535766205,405.31341535766205,0.0,405.31341535766205,7765.313415357662,7795.313415357662,7798.662206952771,7988.662206952771,300.0,1217.8283685344832,0.0,0,0,0,0
S4,continuous,B,737,30,7370.0,7730.148940925711,7812.135045049159,7812.135045049159,7812.790389115161,360.14894092571103,360.14894092571103,0.0,360.14894092571103,7730.148940925711,7760.148940925711,7812.135045049159,8002.135045049159,300.0,2319.6950506907465,0.0,0,0,0,0
S4,continuous,B,738,92,7380.0,7380.0,7443.445312451181,7871.183459536689,7914.269940253844,0.0,0.0,427.738147085508,427.738147085508,7380.0,7410.0,7904.269940253844,8094.269940253844,300.0,2536.812477558289,0.0,0,0,0,0
S4,continuous,B,739,170,7390.0,7560.330444161629,7649.485309749044,8490.333332909531,8535.429370266635,170.3304441616292,170.3304441616292,840.8480231604872,1011.1784673221164,7560.330444161629,7590.330444161629,8525.429370266635,8715.429370266635,350.0,3828.7381073383535,0.0,0,0,0,1
S4,continuous,B,740,16,7400.0,7482.979331950913,7551.71642123659,7551.71642123659,7562.3717653025915,82.97933195091264,82.97933195091264,0.0,82.97933195091264,7482.979331950913,7512.979331950913,7552.3717653025915,7742.3717653025915,350.0,2254.5410318196264,0.0,0,0,0,1
S4,continuous,B,741,118,7410.0,8188.651022349442,8225.675877511441,8225.675877511441,8239.743643159796,778.6510223494424,778.6510223494424,0.0,778.6510223494424,8188.651022349442,8218.651022349442,8229.743643159796,8419.743643159796,300.0,634.282428256919,0.0,0,0,0,0
S4,continuous,B,742,71,7420.0,7765.454179138065,7789.745515717191,7856.657422554067,7864.54070141025,345.45417913806523,345.45417913806523,66.91190683687637,412.3660859749416,7765.454179138065,7795.454179138065,7856.657422554067,8046.657422554067,300.0,1246.8825804896485,0.0,0,0,0,0
S4,continuous,B,743,99,7430.0,8829.527491930621,8952.84137093386,8952.84137093386,8980.189146612254,1399.5274919306212,1399.5274919306212,0.0,1399.5274919306212,8829.527491930621,8859.527491930621,8970.189146612254,9160.189146612254,350.0,5277.656652724846,0.0,0,0,0,1
S4,continuous,B,744,57,7440.0,7593.922962268921,7681.750673238952,7709.078855338644,7770.148940925711,153.92296226892086,153.92296226892086,27.32818209969173,181.2511443686126,7593.922962268921,7623.922962268921,7760.148940925711,7950.148940925711,350.0,2667.2050287990105,0.0,0,0,0,1
S4,continuous,B,745,152,7450.0,7633.195792607283,7724.119275454048,8051.183459536689,8104.269940253844,183.19579260728278,183.19579260728278,327.0641840826411,510.25997668992386,7633.195792607283,7663.195792607283,8094.269940253844,8284.269940253844,350.0,4640.551759869101,0.0,0,0,0,1
S4,continuous,B,746,56,7460.0,7832.446812324644,7915.747958827368,7915.747958827368,7957.190313343049,372.44681232464427,372.44681232464427,0.0,372.44681232464427,7832.446812324644,7862.446812324644,7947.190313343049,8137.190313343049,300.0,2883.962075621555,0.0,0,0,0,0
S4,continuous,B,747,91,7470.0,7775.71593653763,7881.251820223063,7881.251820223063,7912.92483244338,305.7159365376301,305.7159365376301,0.0,305.7159365376301,7775.71593653763,7805.71593653763,7902.92483244338,8092.92483244338,300.0,4638.478778330174,0.0,0,0,0,0
S4,continuous,B,748,68,7480.0,8218.651022349442,8329.417635920143,8329.417635920143,8370.363161694839,738.6510223494424,738.6510223494424,0.0,738.6510223494424,8218.651022349442,8248.651022349442,8360.363161694839,8550.363161694839,350.0,5068.121789468758,0.0,0,0,0,1
S4,continuous,B,749,69,7490.0,7642.656448752627,7692.9560231384885,8038.774143697884,8056.657422554067,152.6564487526266,152.6564487526266,345.81812055939554,498.47456931202214,7642.656448752627,7672.656448752627,8046.657422554067,8236.657422554068,350.0,2771.064483083319,0.0,0,0,0,1
S4,continuous,B,750,70,7500.0,7500.0,7548.086008744319,8217.769183255634,8258.65102234944,0.0,0.0,669.6831745113159,669.6831745113159,7500.0,7530.0,8248.651022349442,8438.651022349442,350.0,2753.0635610201916,0.0,0,0,0,1
S4,continuous,B,751,143,7510.0,7742.3717653025915,7797.7901351656365,7836.273527332404,7856.800898264409,232.37176530259148,232.37176530259148,38.48339216676777,270.85515746935926,7742.3717653025915,7772.3717653025915,7846.800898264409,8036.800898264409,350.0,3140.115294792892,0.0,0,0,0,1
S4,continuous,B,752,177,7520.0,7914.495039410141,7978.379341717925,7978.379341717925,8010.87546377861,394.49503941014063,394.49503941014063,0.0,394.49503941014063,7914.495039410141,7944.495039410141,8000.87546377861,8190.87546377861,300.0,1420.0365738410976,0.7234631944204466,1,0,1,0
S4,continuous,B,753,195,7530.0,8036.800898264409,8124.985317840136,8124.985317840136,8177.799577576539,506.8008982644087,506.8008982644087,0.0,506.8008982644087,8036.800898264409,8066.800898264409,8167.799577576539,8357.79957757654,350.0,4877.178062923552,0.0,0,0,0,1
S4,continuous,B,754,102,7540.0,7663.195792607283,7766.273527332404,8056.273527332404,8076.800898264409,123.19579260728278,123.19579260728278,290.0,413.1957926072828,7663.195792607283,7693.195792607283,8066.800898264409,8256.80089826441,350.0,5288.039669500415,0.0,0,0,0,1
S4,continuous,B,755,121,7550.0,8320.19796494069,8402.131459679484,8402.131459679484,8451.923585298358,770.1979649406894,770.1979649406894,0.0,770.1979649406894,8320.19796494069,8350.19796494069,8441.923585298358,8631.923585298358,350.0,4009.2630242365476,0.0,0,0,0,1
S4,continuous,B,756,48,7560.0,7988.662206952771,8026.970048514319,8026.970048514319,8027.625392580321,428.66220695277116,428.66220695277116,0.0,428.66220695277116,7988.662206952771,8018.662206952771,8026.970048514319,8216.970048514318,300.0,2145.176572033596,0.0,0,0,0,0
S4,continuous,B,757,160,7570.0,7570.0,7587.03574312071,7587.03574312071,7617.981268895406,0.0,0.0,0.0,0.0,7570.0,7600.0,7607.981268895406,7797.981268895406,300.0,617.623575287093,0.0,0,0,0,0
S4,continuous,B,758,164,7580.0,7580.0,7656.377685816335,7815.798280479156,7872.446812324644,0.0,0.0,159.4205946628217,159.4205946628217,7580.0,7610.0,7862.446812324644,8052.446812324644,350.0,3890.9094986678815,0.0,0,0,0,1
S4,continuous,B,759,95,7590.0,7590.0,7708.697530217114,7708.697530217114,7732.765295865469,0.0,0.0,0.0,0.0,7590.0,7620.0,7722.765295865469,7912.765295865469,350.0,4566.200921481046,0.0,0,0,0,1
S4,continuous,B,760,49,7600.0,7944.495039410141,7997.852610512814,7997.852610512814,8048.922696099881,344.49503941014063,344.49503941014063,0.0,344.49503941014063,7944.495039410141,7974.495039410141,8038.922696099881,8228.922696099882,300.0,811.1243111322713,0.0,0,0,0,0
S4,continuous,B,761,88,7610.0,7610.0,7677.019729687557,7677.019729687557,7687.91146271872,0.0,0.0,0.0,0.0,7610.0,7640.0,7677.91146271872,7867.91146271872,350.0,2182.040859051459,0.0,0,0,0,1
S4,continuous,B,762,9,7620.0,7719.500274819213,7781.900350366316,7781.900350366316,7821.774849977794,99.50027481921279,99.50027481921279,0.0,99.50027481921279,7719.500274819213,7749.500274819213,7811.774849977794,8001.774849977794,350.0,2480.584282621099,0.0,0,0,0,1
S4,continuous,B,763,154,7630.0,7805.71593653763,7881.599021568398,7993.495667810393,8034.4411935850885,175.7159365376301,175.7159365376301,111.89664624199486,287.612582779625,7805.71593653763,7835.71593653763,8024.4411935850885,8214.441193585088,350.0,2091.3214357910138,0.0,0,0,0,1
S4,continuous,B,764,129,7640.0,7640.0,7712.346608194961,8332.59909056592,8360.19796494069,0.0,0.0,620.2524823709591,620.2524823709591,7640.0,7670.0,8350.19796494069,8540.19796494069,350.0,2391.265831285005,0.0,0,0,0,1
S4,continuous,B,765,27,7650.0,7950.148940925711,8032.135045049159,8216.970048514318,8217.62539258032,300.14894092571103,300.14894092571103,184.8350034651594,484.9839443908704,7950.148940925711,7980.148940925711,8216.970048514318,8406.970048514318,300.0,2319.6950506907465,0.0,0,0,0,0
S4,continuous,B,766,3,7660.0,7660.0,7685.877238533577,8256.273527332405,8266.80089826441,0.0,0.0,570.3962887988282,570.3962887988282,7660.0,7690.0,8256.80089826441,8446.80089826441,300.0,1104.965828598049,0.0,0,0,0,0
S4,continuous,B,767,54,7670.0,8540.19796494069,8584.046829378878,8584.046829378878,8594.957428216181,870.1979649406894,870.1979649406894,0.0,870.1979649406894,8540.19796494069,8570.19796494069,8584.957428216181,8774.957428216181,300.0,1892.5467036216799,0.0,0,0,0,0
S4,continuous,B,768,39,7680.0,7795.313415357662,7844.048083855446,7844.048083855446,7887.046702517039,115.31341535766205,115.31341535766205,0.0,115.31341535766205,7795.313415357662,7825.313415357662,7877.046702517039,8067.046702517039,350.0,1808.4780637180893,0.0,0,0,0,1
S4,continuous,B,769,110,7690.0,8479.169477944033,8561.989396683122,8721.989396683122,8739.872675539305,789.1694779440331,789.1694779440331,160.0,949.1694779440331,8479.169477944033,8509.169477944033,8729.872675539305,8919.872675539305,350.0,4146.97402698197,0.0,0,0,0,1
S4,continuous,B,770,13,7700.0,8284.269940253844,8378.490691942201,8378.490691942201,8379.382424973364,584.2699402538437,584.2699402538437,0.0,584.2699402538437,8284.269940253844,8314.269940253844,8378.490691942201,8568.490691942201,300.0,3628.8424668217945,0.0,0,0,0,0
S4,continuous,B,771,20,7710.0,7710.0,7795.414265515157,8158.379341717925,8200.87546377861,0.0,0.0,362.9650762027677,362.9650762027677,7710.0,7740.0,8190.87546377861,8380.87546377861,350.0,3319.5076587017165,0.0,0,0,0,1
S4,continuous,B,772,42,7720.0,7974.495039410141,8072.464187600561,8072.464187600561,8099.811963278956,254.49503941014063,254.49503941014063,0.0,254.49503941014063,7974.495039410141,8004.495039410141,8089.811963278956,8279.811963278957,350.0,3049.9512341053924,0.0,0,0,0,1
S4,continuous,B,773,153,7730.0,7772.3717653025915,7801.910592242025,8236.657422554068,8244.540701410251,42.371765302591484,42.371765302591484,434.74683031204313,477.1185956146346,7772.3717653025915,7802.3717653025915,8236.657422554068,8426.657422554068,300.0,1968.2586395063533,0.0,0,0,0,0
S4,continuous,B,774,1,7740.0,7912.765295865469,7996.791295330468,7996.791295330468,8036.665794941945,172.76529586546894,172.76529586546894,0.0,172.76529586546894,7912.765295865469,7942.765295865469,8026.665794941945,8216.665794941946,350.0,4316.926914075383,0.0,0,0,0,1
S4,continuous,B,775,60,7750.0,7797.981268895406,7903.634408251638,8262.464187600563,8289.811963278957,47.981268895406174,47.981268895406174,358.8297793489237,406.81104824432987,7797.981268895406,7827.981268895406,8279.811963278957,8469.811963278957,350.0,4655.307412701199,0.0,0,0,0,1
S4,continuous,B,776,144,7760.0,8314.269940253844,8429.73354608875,8429.73354608875,8453.801311737105,554.2699402538437,554.2699402538437,0.0,554.2699402538437,8314.269940253844,8344.269940253844,8443.801311737105,8633.801311737105,350.0,4544.246239677616,0.0,0,0,0,1
S4,continuous,B,777,135,7770.0,8715.429370266635,8806.992366406583,8806.992366406583,8851.625221648192,945.4293702666346,945.4293702666346,0.0,945.4293702666346,8715.429370266635,8745.429370266635,8841.625221648192,9031.625221648192,350.0,3546.4417151832376,0.0,0,0,0,1
S4,continuous,B,778,72,7780.0,7780.0,7857.225126474035,8011.981835292237,8028.662206952771,0.0,0.0,154.75670881820133,154.75670881820133,7780.0,7810.0,8018.662206952771,8208.662206952771,350.0,2661.907869652164,0.0,0,0,0,1
S4,continuous,B,779,11,7790.0,8438.651022349442,8547.098002766385,8547.098002766385,8600.18448348354,648.6510223494424,648.6510223494424,0.0,648.6510223494424,8438.651022349442,8468.651022349442,8590.18448348354,8780.18448348354,350.0,4974.184353930478,0.0,0,0,0,1
S4,continuous,B,780,140,7800.0,8052.446812324644,8142.500118347788,8301.183459536689,8354.269940253844,252.44681232464427,252.44681232464427,158.68334118890107,411.13015351354534,8052.446812324644,8082.446812324644,8344.269940253844,8534.269940253844,350.0,2775.6600079902723,0.0,0,0,0,1
S4,continuous,B,781,136,7810.0,8446.80089826441,8522.96178846488,8567.598958911038,8578.490691942201,636.8008982644096,636.8008982644096,44.63717044615805,681.4380687105677,8446.80089826441,8476.80089826441,8568.490691942201,8758.490691942201,350.0,3865.9968043802073,0.0,0,0,0,1
S4,continuous,B,782,105,7820.0,7906.531275798775,7956.899017976544,8187.852610512815,8238.922696099882,86.53127579877491,86.53127579877491,230.95359253627066,317.4848683350456,7906.531275798775,7936.531275798775,8228.922696099882,8418.922696099882,300.0,1848.6582655644602,0.0,0,0,0,0
S4,continuous,B,783,199,7830.0,7830.0,7913.79604752908,8235.798280479157,8282.446812324646,0.0,0.0,322.0022329500762,322.0022329500762,7830.0,7860.0,8272.446812324644,8462.446812324644,300.0,3365.7980813354825,0.0,0,0,0,0
S4,continuous,B,784,17,7840.0,8004.495039410141,8107.456659129365,8562.59909056592,8580.19796494069,164.49503941014063,164.49503941014063,455.14243143655494,619.6374708466956,8004.495039410141,8034.495039410141,8570.19796494069,8760.19796494069,300.0,3950.7048295075274,0.03705146268066528,1,0,1,0
S4,continuous,B,785,194,7850.0,8034.653684773124,8114.30193831576,8747.098002766385,8790.18448348354,184.65368477312404,184.65368477312404,632.7960644506247,817.4497492237488,8034.653684773124,8064.653684773124,8780.18448348354,8970.18448348354,300.0,3801.5828544866854,0.0,0,0,0,0
S4,continuous,B,786,59,7860.0,7860.0,7961.251781453119,7961.251781453119,8003.207305549533,0.0,0.0,0.0,0.0,7860.0,7890.0,7993.207305549533,8183.207305549533,350.0,3889.381970859401,0.0,0,0,0,1
S4,continuous,B,787,119,7870.0,7870.0,7970.463473029054,8437.769183255634,8478.65102234944,0.0,0.0,467.30571022658114,467.30571022658114,7870.0,7900.0,8468.651022349442,8658.651022349442,350.0,4281.3798703304155,0.0,0,0,0,1
S4,continuous,B,788,141,7880.0,8859.527491930621,8964.042826411458,8964.042826411458,8974.934559442621,979.5274919306212,979.5274919306212,0.0,979.5274919306212,8859.527491930621,8889.527491930621,8964.934559442621,9154.934559442621,350.0,3942.1401379952335,0.0,0,0,0,1
S4,continuous,B,789,186,7890.0,7890.0,8002.574372906064,8002.574372906064,8023.484971743368,0.0,0.0,0.0,0.0,7890.0,7920.0,8013.484971743368,8203.484971743368,350.0,4352.63183751259,0.0,0,0,0,1
S4,continuous,B,790,86,7900.0,8208.662206952771,8222.206146183891,8752.59909056592,8770.19796494069,308.66220695277116,308.66220695277116,530.3929443820289,839.0551513348,8208.662206952771,8238.662206952771,8760.19796494069,8950.19796494069,300.0,578.9674015489944,0.0,0,0,0,0
S4,continuous,B,791,150,7910.0,8476.80089826441,8568.768056511695,8568.768056511695,8606.720485462098,566.8008982644096,566.8008982644096,0.0,566.8008982644096,8476.80089826441,8506.80089826441,8596.720485462098,8786.720485462098,350.0,5055.051487097458,0.0,0,0,0,1
S4,continuous,B,792,53,7920.0,8658.651022349442,8754.605977122475,8754.605977122475,8811.254508967964,738.6510223494424,738.6510223494424,0.0,738.6510223494424,8658.651022349442,8688.651022349442,8801.254508967964,8991.254508967964,350.0,4159.192899978172,0.0,0,0,0,1
S4,continuous,B,793,55,7930.0,7936.531275798775,7982.170820625024,8196.79129533047,8226.665794941946,6.531275798774914,6.531275798774914,214.6204747054444,221.1517505042193,7936.531275798775,7966.531275798775,8216.665794941946,8406.665794941946,300.0,1427.4671789185122,0.0,0,0,0,0
S4,continuous,B,794,193,7940.0,8238.662206952771,8295.904443579815,8849.58142448387,8899.527491930621,298.66220695277116,298.66220695277116,553.6769809040543,852.3391878568254,8238.662206952771,8268.662206952771,8889.527491930621,9079.527491930621,350.0,3037.2565266371416,0.0,0,0,0,1
S4,continuous,B,795,189,7950.0,8064.653684773124,8112.293373289064,8667.769183255634,8698.65102234944,114.65368477312404,114.65368477312404,555.4758099665705,670.1294947396946,8064.653684773124,8094.653684773124,8688.651022349442,8878.651022349442,300.0,1606.6553112568945,0.0,0,0,0,0
S4,continuous,B,796,168,7960.0,7960.0,7994.142204757267,8919.872675539305,8927.755954395489,0.0,0.0,925.7304707820385,925.7304707820385,7960.0,7990.0,8919.872675539305,9109.872675539305,300.0,1053.4367928555007,0.0,0,0,0,0
S4,continuous,B,797,188,7970.0,7970.0,8031.448731963386,8031.448731963386,8090.120043157677,0.0,0.0,0.0,0.0,7970.0,8000.0,8080.120043157677,8270.120043157676,350.0,2905.7598052153035,0.0,0,0,0,1
S4,continuous,B,798,182,7980.0,8406.665794941946,8471.521457469202,8471.521457469202,8506.15431271081,426.66579494194593,426.66579494194593,0.0,426.66579494194593,8406.665794941946,8436.665794941946,8496.15431271081,8686.15431271081,300.0,2654.61430198406,0.0,0,0,0,0
S4,continuous,B,799,67,7990.0,7990.0,8084.8326761461785,8084.8326761461785,8119.465531387787,0.0,0.0,0.0,0.0,7990.0,8020.0,8109.465531387787,8299.465531387788,300.0,3346.020741417495,0.0,0,0,0,0
S4,continuous,B,800,176,8000.0,8000.0,8045.818884625518,8932.59909056592,8960.19796494069,0.0,0.0,886.7802059404021,886.7802059404021,8000.0,8030.0,8950.19796494069,9140.19796494069,350.0,2520.9298099866414,0.0,0,0,0,1
S4,continuous,B,801,111,8010.0,8183.207305549533,8218.442374705386,8218.442374705386,8264.66896802271,173.20730554953298,173.20730554953298,0.0,173.20730554953298,8183.207305549533,8213.207305549533,8254.66896802271,8444.66896802271,300.0,609.5469243645314,0.0,0,0,0,0
S4,continuous,B,802,101,8020.0,8020.0,8071.386572567395,8076.701255822722,8104.653684773124,0.0,0.0,5.3146832553265995,5.3146832553265995,8020.0,8050.0,8094.653684773124,8284.653684773124,300.0,1111.6859027477553,0.0,0,0,0,0
S4,continuous,B,803,43,8030.0,8030.0,8080.05563195328,8358.379341717926,8390.875463778611,0.0,0.0,278.3237097646452,278.3237097646452,8030.0,8060.0,8380.87546377861,8570.87546377861,300.0,1734.9810996332444,0.0,0,0,0,0
S4,continuous,B,804,192,8040.0,8878.651022349442,9000.365934311321,9000.365934311321,9020.893305243326,838.6510223494424,838.6510223494424,0.0,838.6510223494424,8878.651022349442,8908.651022349442,9010.893305243326,9200.893305243326,350.0,5695.917574667191,0.0,0,0,0,1
S4,continuous,B,805,51,8050.0,8050.0,8126.377685816335,8415.798280479157,8472.446812324646,0.0,0.0,289.4205946628217,289.4205946628217,8050.0,8080.0,8462.446812324644,8652.446812324644,350.0,3890.9094986678815,0.0,0,0,0,1
S4,continuous,B,806,106,8060.0,9079.527491930621,9174.831939903695,9174.831939903695,9202.430814278465,1019.5274919306212,1019.5274919306212,0.0,1019.5274919306212,9079.527491930621,9109.527491930621,9192.430814278465,9382.430814278465,350.0,3411.6167441957336,0.0,0,0,0,1
S4,continuous,B,807,146,8070.0,9140.19796494069,9233.536911986914,9233.536911986914,9247.273727390777,1070.1979649406894,1070.1979649406894,0.0,1070.1979649406894,9140.19796494069,9170.19796494069,9237.273727390777,9427.273727390777,300.0,5206.01662699016,0.0,0,0,0,0
S4,continuous,B,808,139,8080.0,8080.0,8179.325231808892,8202.574372906063,8213.484971743366,0.0,0.0,23.24914109717247,23.24914109717247,8080.0,8110.0,8203.484971743368,8393.484971743368,300.0,4222.38736828205,0.0,0,0,0,0
S4,continuous,B,809,58,8090.0,8418.922696099882,8501.028822417324,8768.768056511695,8796.720485462098,328.92269609988216,328.92269609988216,267.73923409437157,596.6619301942537,8418.922696099882,8448.922696099882,8786.720485462098,8976.720485462098,300.0,2464.1819547122705,0.0,0,0,0,0
S4,continuous,B,810,46,8100.0,8745.429370266635,8845.589730143402,8845.589730143402,8901.816323460725,645.4293702666346,645.4293702666346,0.0,645.4293702666346,8745.429370266635,8775.429370266635,8891.816323460725,9081.816323460725,350.0,4177.567988016403,0.0,0,0,0,1
S4,continuous,B,811,162,8110.0,8908.651022349442,9028.13113494741,9028.13113494741,9072.76399018902,798.6510223494424,798.6510223494424,0.0,798.6510223494424,8908.651022349442,8938.651022349442,9062.76399018902,9252.76399018902,350.0,5667.458371954521,0.0,0,0,0,1
S4,continuous,B,812,163,8120.0,8570.87546377861,8639.162343313732,8954.605977122475,9001.254508967964,450.8754637786096,450.8754637786096,315.44363380874347,766.3190975873531,8570.87546377861,8600.87546377861,8991.254508967964,9181.254508967964,300.0,2781.7737678265985,0.0,0,0,0,0
S4,continuous,B,813,91,8130.0,8137.190313343049,8195.056043165181,8274.83267614618,8309.465531387788,7.190313343048729,7.190313343048729,79.77663298099833,86.96694632404706,8137.190313343049,8167.190313343049,8299.465531387788,8489.465531387788,300.0,1475.2677358832507,0.0,0,0,0,0
S4,continuous,B,814,72,8140.0,8393.484971743368,8449.43999191731,8449.43999191731,8498.1113031116,253.48497174336808,253.48497174336808,0.0,253.48497174336808,8393.484971743368,8423.484971743368,8488.1113031116,8678.1113031116,300.0,3300.870972600578,0.2511022142925867,1,0,1,0
S4,continuous,B,815,85,8150.0,8448.922696099882,8554.826293888567,8554.826293888567,8597.82491255016,298.92269609988216,298.92269609988216,0.0,298.92269609988216,8448.922696099882,8478.922696099882,8587.82491255016,8777.82491255016,350.0,3509.2443346845394,0.0,0,0,0,1
S4,continuous,B,816,124,8160.0,8686.15431271081,8751.685411416347,9035.589730143402,9091.816323460725,526.1543127108107,526.1543127108107,283.9043187270545,810.0586314378652,8686.15431271081,8716.15431271081,9081.816323460725,9271.816323460725,350.0,1897.513473723167,0.0,0,0,0,1
S4,continuous,B,817,183,8170.0,8534.269940253844,8642.187598014962,8642.187598014962,8691.979723633836,364.26994025384374,364.26994025384374,0.0,364.26994025384374,8534.269940253844,8564.269940253844,8681.979723633836,8871.979723633836,350.0,4169.804834611013,0.0,0,0,0,1
S4,continuous,B,818,63,8180.0,8180.0,8238.645654691645,8238.645654691645,8255.491485979896,0.0,0.0,0.0,0.0,8180.0,8210.0,8245.491485979896,8435.491485979896,300.0,2229.3978283287133,0.0,0,0,0,0
S4,continuous,B,819,197,8190.0,8319.70084415927,8429.320598471653,8740.333332909531,8785.429370266635,129.70084415926976,129.70084415926976,311.01273443787795,440.7135785971477,8319.70084415927,8349.70084415927,8775.429370266635,8965.429370266635,350.0,4881.88232347949,0.0,0,0,0,1
S4,continuous,B,820,151,8200.0,8426.657422554068,8462.445625730943,9218.13113494741,9262.76399018902,226.65742255406803,226.65742255406803,755.6855092164678,982.3429317705359,8426.657422554068,8456.657422554068,9252.76399018902,9442.76399018902,350.0,1506.2422918684324,0.0,0,0,0,1
S4,continuous,B,821,152,8210.0,8210.0,8263.997600524519,8774.046829378878,8784.957428216181,0.0,0.0,510.04922885435917,510.04922885435917,8210.0,8240.0,8774.957428216181,8964.957428216181,300.0,803.7531079195041,0.0,0,0,0,0
S4,continuous,B,822,179,8220.0,8406.970048514318,8434.76036275941,8434.76036275941,8480.986956076735,186.97004851431848,186.97004851431848,0.0,186.97004851431848,8406.970048514318,8436.970048514318,8470.986956076735,8660.986956076735,300.0,2043.4076988560146,0.0,0,0,0,0
S4,continuous,B,823,77,8230.0,8284.653684773124,8351.673414460682,8757.598958911038,8768.490691942201,54.65368477312404,54.65368477312404,405.925544450356,460.57922922348007,8284.653684773124,8314.653684773124,8758.490691942201,8948.490691942201,350.0,2182.040859051459,0.0,0,0,0,1
S4,continuous,B,824,181,8240.0,8240.0,8362.737387055888,8362.737387055888,8415.55164679229,0.0,0.0,0.0,0.0,8240.0,8270.0,8405.55164679229,8595.55164679229,350.0,5274.2852406075635,0.0,0,0,0,1
S4,continuous,B,825,165,8250.0,8600.87546377861,8695.7661323775,8695.7661323775,8719.833898025854,350.8754637786096,350.8754637786096,0.0,350.8754637786096,8600.87546377861,8630.87546377861,8709.833898025854,8899.833898025854,350.0,3825.7892077587985,0.0,0,0,0,1
S4,continuous,B,826,196,8260.0,8506.80089826441,8562.958427454127,8562.958427454127,8589.804258742377,246.80089826440962,246.80089826440962,0.0,246.80089826440962,8506.80089826441,8536.80089826441,8579.804258742377,8769.804258742377,350.0,2612.2098949487304,0.0,0,0,0,1
S4,continuous,B,827,89,8270.0,8270.0,8337.328288699975,8436.970048514318,8437.62539258032,0.0,0.0,99.64175981434346,99.64175981434346,8270.0,8300.0,8436.970048514318,8626.970048514318,300.0,2037.9815538311145,0.0,0,0,0,0
S4,continuous,B,828,15,8280.0,8536.80089826441,8583.574819543148,8583.574819543148,8613.449319154624,256.8008982644096,256.8008982644096,0.0,256.8008982644096,8536.80089826441,8566.80089826441,8603.449319154624,8793.449319154624,300.0,2618.4460424996923,0.0,0,0,0,0
S4,continuous,B,829,164,8290.0,8633.801311737105,8710.263623923664,8710.263623923664,8752.75974598435,343.8013117371047,343.8013117371047,0.0,343.8013117371047,8633.801311737105,8663.801311737105,8742.75974598435,8932.75974598435,350.0,3825.7892077587985,0.0,0,0,0,1
S4,continuous,B,830,174,8300.0,8300.0,8322.459348962511,9144.605977122475,9191.254508967964,0.0,0.0,822.1466281599642,822.1466281599642,8300.0,8330.0,9181.254508967964,9371.254508967964,300.0,468.4060048183877,0.0,0,0,0,0
S4,continuous,B,831,56,8310.0,8660.986956076735,8726.359033755294,9374.831939903695,9392.430814278465,350.9869560767347,350.9869560767347,648.4729061484013,999.459862225136,8660.986956076735,8690.986956076735,9382.430814278465,9572.430814278465,300.0,1595.4929625428244,0.0,0,0,0,0
S4,continuous,B,832,115,8320.0,8320.0,8387.221638219611,8387.221638219611,8438.663992735292,0.0,0.0,0.0,0.0,8320.0,8350.0,8428.663992735292,8618.663992735292,350.0,3710.031401486275,0.0,0,0,0,1
S4,continuous,B,833,188,8330.0,8423.484971743368,8457.720076945106,9408.13113494741,9452.76399018902,93.48497174336808,93.48497174336808,950.4110580023043,1043.8960297456724,8423.484971743368,8453.484971743368,9442.76399018902,9632.76399018902,350.0,1216.0176946902352,0.0,0,0,0,1
S4,continuous,B,834,78,8340.0,8350.0,8382.922720464465,8382.922720464465,8403.389638063003,10.0,10.0,0.0,10.0,8350.0,8380.0,8393.389638063003,8583.389638063003,300.0,1885.2263665574023,0.0,0,0,0,0
S4,continuous,B,835,70,8350.0,8965.429370266635,9062.997155874553,9062.997155874553,9104.952679970967,615.4293702666346,615.4293702666346,0.0,615.4293702666346,8965.429370266635,8995.429370266635,9094.952679970967,9284.952679970967,350.0,3933.3743573219017,0.0,0,0,0,1
S4,continuous,B,836,139,8360.0,8630.87546377861,8675.903598103128,8937.098002766385,8980.18448348354,270.8754637786096,270.8754637786096,261.19440466325614,532.0698684418658,8630.87546377861,8660.87546377861,8970.18448348354,9160.18448348354,300.0,1213.3804981446842,0.0,0,0,0,0
S4,continuous,B,837,94,8370.0,8550.363161694839,8653.15781962951,8948.768056511695,8986.720485462098,180.3631616948387,180.3631616948387,295.61023688218484,475.97339857702354,8550.363161694839,8580.363161694839,8976.720485462098,9166.720485462098,350.0,4517.765250957155,0.0,0,0,0,1
S4,continuous,B,838,87,8380.0,8380.0,8426.5851931506,8462.464187600563,8479.811963278957,0.0,0.0,35.87899444996219,35.87899444996219,8380.0,8410.0,8469.811963278957,8659.811963278957,300.0,1468.685303157216,0.0,0,0,0,0
S4,continuous,B,839,180,8390.0,8583.389638063003,8643.358829036757,9154.042826411458,9164.934559442621,193.38963806300308,193.38963806300308,510.683997374701,704.0736354377041,8583.389638063003,8613.389638063003,9154.934559442621,9344.934559442621,350.0,2173.6114781628917,0.0,0,0,0,1
S4,continuous,B,840,18,8400.0,8566.80089826441,8641.767580081701,8641.767580081701,8683.440592302019,166.80089826440962,166.80089826440962,0.0,166.80089826440962,8566.80089826441,8596.80089826441,8673.440592302019,8863.440592302019,350.0,3940.2893081140473,0.0,0,0,0,1
S4,continuous,B,841,45,8410.0,8410.0,8486.882736013744,9344.042826411458,9354.934559442621,0.0,0.0,857.1600903977142,857.1600903977142,8410.0,8440.0,9344.934559442621,9534.934559442621,350.0,2592.7170801264792,0.0,0,0,0,1
S4,continuous,B,842,71,8420.0,8436.665794941946,8494.54678633901,8494.54678633901,8555.616871926077,16.665794941945933,16.665794941945933,0.0,16.665794941945933,8436.665794941946,8466.665794941946,8545.616871926077,8735.616871926077,350.0,1705.155711698489,0.0,0,0,0,1
S4,continuous,B,843,147,8430.0,8716.15431271081,8783.283832839794,9127.098002766385,9170.18448348354,286.1543127108107,286.1543127108107,343.8141699265907,629.9684826374014,8716.15431271081,8746.15431271081,9160.18448348354,9350.18448348354,300.0,2555.041005618764,0.0,0,0,0,0
S4,continuous,B,844,61,8440.0,8466.665794941946,8540.451679013097,9324.605977122475,9381.254508967964,26.665794941945933,26.665794941945933,784.1542981093789,810.8200930513249,8466.665794941946,8496.665794941946,9371.254508967964,9561.254508967964,350.0,2743.3741212631016,0.0,0,0,0,1
S4,continuous,B,845,26,8450.0,8496.665794941946,8568.753738158686,8626.970048514318,8627.62539258032,46.66579494194593,46.66579494194593,58.21631035563223,104.88210529757816,8496.665794941946,8526.665794941946,8626.970048514318,8816.970048514318,300.0,2966.8787920716886,0.0,0,0,0,0
S4,continuous,B,846,154,8460.0,8580.363161694839,8686.016301051071,8686.016301051071,8713.364076729466,120.36316169483871,120.36316169483871,0.0,120.36316169483871,8580.363161694839,8610.363161694839,8703.364076729466,8893.364076729466,350.0,4655.307412701199,0.0,0,0,0,1
S4,continuous,B,847,27,8470.0,8470.0,8506.43616725767,9109.872675539305,9117.755954395489,0.0,0.0,603.4365082816348,603.4365082816348,8470.0,8500.0,9109.872675539305,9299.872675539305,300.0,497.9035588466775,0.0,0,0,0,0
S4,continuous,B,848,2,8480.0,8678.1113031116,8771.82703564253,8964.046829378878,8974.957428216181,198.11130311160014,198.11130311160014,192.21979373634895,390.3310968479491,8678.1113031116,8708.1113031116,8964.957428216181,9154.957428216181,300.0,3300.870972600578,0.2511022142925867,1,0,1,0
S4,continuous,B,849,65,8490.0,8690.986956076735,8783.141065420417,8783.141065420417,8826.13968408201,200.9869560767347,200.9869560767347,0.0,200.9869560767347,8690.986956076735,8720.986956076735,8816.13968408201,9006.13968408201,350.0,2891.293794985159,0.0,0,0,0,1
S4,continuous,B,850,195,8500.0,8652.446812324644,8725.420065271917,9079.58142448387,9119.527491930621,152.44681232464427,152.44681232464427,354.161359211952,506.6081715365963,8652.446812324644,8682.446812324644,9109.527491930621,9299.527491930621,300.0,2187.954403246808,0.0,0,0,0,0
S4,continuous,B,851,109,8510.0,8510.0,8573.508769103872,8910.263623923664,8942.75974598435,0.0,0.0,336.75485481979194,336.75485481979194,8510.0,8540.0,8932.75974598435,9122.75974598435,300.0,3357.5722877860894,0.0,0,0,0,0
S4,continuous,B,852,119,8520.0,8735.616871926077,8815.620691966702,8815.620691966702,8858.434951703104,215.61687192607678,215.61687192607678,0.0,215.61687192607678,8735.616871926077,8765.616871926077,8848.434951703104,9038.434951703104,300.0,2398.3373568545358,0.0,0,0,0,0
S4,continuous,B,853,126,8530.0,8659.811963278957,8694.25744605074,9005.620691966702,9048.434951703104,129.81196327895668,129.81196327895668,311.36324591596167,441.17520919491835,8659.811963278957,8689.811963278957,9038.434951703104,9228.434951703104,300.0,1440.6573166332826,0.0,0,0,0,0
S4,continuous,B,854,118,8540.0,9299.527491930621,9353.495667810394,9353.495667810394,9384.44119358509,759.5274919306212,759.5274919306212,0.0,759.5274919306212,9299.527491930621,9329.527491930621,9374.44119358509,9564.44119358509,300.0,1289.2651949752938,0.0,0,0,0,0
S4,continuous,B,855,28,8550.0,8769.804258742377,8799.145838902925,8799.145838902925,8831.10136299934,219.804258742377,219.804258742377,0.0,219.804258742377,8769.804258742377,8799.804258742377,8821.10136299934,9011.10136299934,300.0,1077.0567017432127,0.0,0,0,0,0
S4,continuous,B,856,20,8560.0,8610.363161694839,8713.15781962951,9138.768056511695,9176.720485462098,50.36316169483871,50.36316169483871,425.61023688218484,475.97339857702354,8610.363161694839,8640.363161694839,9166.720485462098,9356.720485462098,350.0,4517.765250957155,0.0,0,0,0,1
S4,continuous,B,857,36,8570.0,8631.923585298358,8750.796180450716,8750.796180450716,8771.32355138272,61.923585298358375,61.923585298358375,0.0,61.923585298358375,8631.923585298358,8661.923585298358,8761.32355138272,8951.32355138272,350.0,4956.962118319862,0.0,0,0,0,1
S4,continuous,B,858,71,8580.0,8613.389638063003,8644.26736206475,9262.997155874553,9294.952679970967,33.389638063003076,33.389638063003076,618.7297938098036,652.1194318728067,8613.389638063003,8643.389638063003,9284.952679970967,9474.952679970967,300.0,956.1659686886227,0.0,0,0,0,0
S4,continuous,B,859,83,8590.0,8590.0,8685.76654139007,8685.76654139007,8727.208895905751,0.0,0.0,0.0,0.0,8590.0,8620.0,8717.208895905751,8907.208895905751,300.0,4638.478778330174,0.0,0,0,0,0
S4,continuous,B,860,87,8600.0,8620.0,8691.155792206157,9185.620691966702,9238.434951703104,20.0,20.0,494.46489976054545,514.4648997605454,8620.0,8650.0,9228.434951703104,9418.434951703104,350.0,2437.9550255062304,0.0,0,0,0,1
S4,continuous,B,861,145,8610.0,8799.804258742377,8829.28200806265,9524.605977122475,9571.254508967964,189.804258742377,189.804258742377,695.3239690598257,885.1282278022027,8799.804258742377,8829.804258742377,9561.254508967964,9751.254508967964,300.0,1159.5996844702402,0.0,0,0,0,0
S4,continuous,B,862,105,8620.0,8640.363161694839,8743.15781962951,9328.768056511695,9366.720485462098,20.36316169483871,20.36316169483871,585.6102368821848,605.9733985770235,8640.363161694839,8670.363161694839,9356.720485462098,9546.720485462098,350.0,4517.765250957155,0.0,0,0,0,1
S4,continuous,B,863,92,8630.0,8708.1113031116,8771.995605419384,9100.263623923664,9132.75974598435,78.11130311160014,78.11130311160014,328.2680185042791,406.37932161587923,8708.1113031116,8738.1113031116,9122.75974598435,9312.75974598435,300.0,1420.0365738410976,0.7234631944204466,1,0,1,0
S4,continuous,B,864,80,8640.0,8670.363161694839,8781.193461946428,8907.769183255636,8948.651022349442,30.36316169483871,30.36316169483871,126.57572130920744,156.93888300404615,8670.363161694839,8700.363161694839,8938.651022349442,9128.651022349442,350.0,5068.121789468758,0.0,0,0,0,1
S4,continuous,B,865,82,8650.0,9154.957428216181,9235.628140223145,9375.620691966702,9428.434951703104,504.95742821618114,504.95742821618114,139.99255174355676,644.9499799597379,9154.957428216181,9184.957428216181,9418.434951703104,9608.434951703104,350.0,4352.63183751259,0.0,0,0,0,1
S4,continuous,B,866,47,8660.0,9546.720485462098,9656.112701727781,9656.112701727781,9676.640072659786,886.7204854620977,886.7204854620977,0.0,886.7204854620977,9546.720485462098,9576.720485462098,9666.640072659786,9856.640072659786,350.0,5055.051487097458,0.0,0,0,0,1
S4,continuous,B,867,129,8670.0,8816.970048514318,8859.75858723722,9142.84137093386,9170.189146612254,146.97004851431848,146.97004851431848,283.08278369664004,430.0528322109585,8816.970048514318,8846.970048514318,9160.189146612254,9350.189146612254,350.0,2332.228575848736,0.0,0,0,0,1
S4,continuous,B,868,13,8680.0,9329.527491930621,9453.929966383857,9453.929966383857,9477.997732032212,649.5274919306212,649.5274919306212,0.0,649.5274919306212,9329.527491930621,9359.527491930621,9467.997732032212,9657.997732032212,350.0,5333.829632574493,0.0,0,0,0,1
S4,continuous,B,869,26,8690.0,8700.363161694839,8753.000030551704,9190.365934311321,9210.893305243326,10.363161694838709,10.363161694838709,437.36590375961714,447.72906545445585,8700.363161694839,8730.363161694839,9200.893305243326,9390.893305243326,350.0,1086.7873556781208,0.0,0,0,0,1
S4,continuous,B,870,10,8700.0,8765.616871926077,8850.290675846381,8850.290675846381,8874.027491250245,65.61687192607678,65.61687192607678,0.0,65.61687192607678,8765.616871926077,8795.616871926077,8864.027491250245,9054.027491250245,350.0,1997.6157271705113,0.0,0,0,0,1
S4,continuous,B,871,170,8710.0,9350.18448348354,9425.77075087718,9543.495667810394,9574.44119358509,640.1844834835392,640.1844834835392,117.72491693321354,757.9094004167528,9350.18448348354,9380.18448348354,9564.44119358509,9754.44119358509,300.0,2536.812477558289,0.0,0,0,0,0
S4,continuous,B,872,44,8720.0,8720.986956076735,8814.650638423394,9534.042826411458,9544.934559442621,0.9869560767347139,0.9869560767347139,719.3921879880636,720.3791440647983,8720.986956076735,8750.986956076735,9534.934559442621,9724.934559442621,350.0,2831.397567031508,0.0,0,0,0,1
S4,continuous,B,873,93,8730.0,8871.979723633836,8950.444325916525,8973.141065420417,9016.13968408201,141.97972363383633,141.97972363383633,22.696739503891877,164.6764631377282,8871.979723633836,8901.979723633836,9006.13968408201,9196.13968408201,350.0,2375.45216565667,0.0,0,0,0,1
S4,continuous,B,874,62,8740.0,8746.15431271081,8811.685411416347,9225.589730143402,9281.816323460725,6.1543127108107,6.1543127108107,413.9043187270545,420.0586314378652,8746.15431271081,8776.15431271081,9271.816323460725,9461.816323460725,350.0,1897.513473723167,0.0,0,0,0,1
S4,continuous,B,875,103,8750.0,8901.979723633836,8985.775771162916,9714.605977122475,9761.254508967964,151.97972363383633,151.97972363383633,728.830205959559,880.8099295933953,8901.979723633836,8931.979723633836,9751.254508967964,9941.254508967964,300.0,3365.7980813354825,0.0,0,0,0,0
S4,continuous,B,876,11,8760.0,8899.833898025854,8940.307128611295,9724.934559442621,9725.826292473785,139.83389802585407,139.83389802585407,784.6274308313259,924.46132885718,8899.833898025854,8929.833898025854,9724.934559442621,9914.934559442621,300.0,1835.1618225366997,0.0,0,0,0,0
S4,continuous,B,877,134,8770.0,8770.0,8881.772312968009,9565.620691966702,9618.434951703104,0.0,0.0,683.8483789986931,683.8483789986931,8770.0,8800.0,9608.434951703104,9798.434951703104,350.0,4248.252241980999,0.0,0,0,0,1
S4,continuous,B,878,171,8780.0,8846.970048514318,8887.449924152117,9290.263623923664,9322.75974598435,66.97004851431848,66.97004851431848,402.81369977154645,469.78374828586493,8846.970048514318,8876.970048514318,9312.75974598435,9502.75974598435,300.0,2820.7261020865667,0.0,0,0,0,0
S4,continuous,B,879,121,8790.0,8931.979723633836,9034.327709060059,9034.327709060059,9074.202208671535,141.97972363383633,141.97972363383633,0.0,141.97972363383633,8931.979723633836,8961.979723633836,9064.202208671535,9254.202208671535,350.0,3952.057113308236,0.0,0,0,0,1
S4,continuous,B,880,76,8800.0,8995.429370266635,9052.76484538961,9224.327709060059,9264.202208671535,195.42937026663458,195.42937026663458,171.56286367044777,366.99223393708235,8995.429370266635,9025.429370266635,9254.202208671535,9444.202208671535,350.0,1240.8152025677232,0.0,0,0,0,1
S4,continuous,B,881,59,8810.0,9502.75974598435,9590.738409081981,9590.738409081981,9640.530534700856,692.7597459843491,692.7597459843491,0.0,692.7597459843491,9502.75974598435,9532.75974598435,9630.530534700856,9820.530534700856,350.0,3493.6106408609057,0.0,0,0,0,1
S4,continuous,B,882,115,8820.0,8951.32355138272,8969.989669475017,9329.58142448387,9369.527491930621,131.32355138272032,131.32355138272032,359.5917550088525,490.9153063915728,8951.32355138272,8981.32355138272,9359.527491930621,9549.527491930621,300.0,794.950335913268,0.0,0,0,0,0
S4,continuous,B,883,156,8830.0,8830.0,8923.425966813878,9299.872675539305,9307.755954395489,0.0,0.0,376.446708725427,376.446708725427,8830.0,8860.0,9299.872675539305,9489.872675539305,300.0,3118.492237337018,0.07928968462920238,1,0,1,0
S4,continuous,B,884,183,8840.0,8840.0,8892.50794943781,9390.365934311321,9400.893305243326,0.0,0.0,497.85798487351167,497.85798487351167,8840.0,8870.0,9390.893305243326,9580.893305243326,300.0,1788.6251762918403,0.0,0,0,0,0
S4,continuous,B,885,68,8850.0,9532.75974598435,9575.954279882937,9575.954279882937,9627.024365470004,682.7597459843491,682.7597459843491,0.0,682.7597459843491,9532.75974598435,9562.75974598435,9617.024365470004,9807.024365470004,300.0,1131.0584940989197,0.0,0,0,0,0
S4,continuous,B,886,95,8860.0,9025.429370266635,9140.062278359212,9140.062278359212,9156.742650019745,165.42937026663458,165.42937026663458,0.0,165.42937026663458,9025.429370266635,9055.429370266635,9146.742650019745,9336.742650019745,350.0,4944.673427453104,0.0,0,0,0,1
S4,continuous,B,887,120,8870.0,9054.027491250245,9126.16805197594,9548.768056511695,9586.720485462098,184.02749125024457,184.02749125024457,422.60000453575594,606.6274957860005,9054.027491250245,9084.027491250245,9576.720485462098,9766.720485462098,350.0,3535.3625765600555,0.0,0,0,0,1
S4,continuous,B,888,199,8880.0,8893.364076729466,8982.100163032017,9414.327709060059,9454.202208671535,13.364076729465523,13.364076729465523,432.2275460280416,445.59162275750714,8893.364076729466,8923.364076729466,9444.202208671535,9634.202208671535,350.0,4428.665418059899,0.0,0,0,0,1
S4,continuous,B,889,4,8890.0,9580.893305243326,9657.054195443796,9914.042826411458,9924.934559442621,690.8933052433258,690.8933052433258,256.9886309676622,947.881936210988,9580.893305243326,9610.893305243326,9914.934559442621,10104.934559442621,350.0,3865.9968043802073,0.0,0,0,0,1
S4,continuous,B,890,113,8900.0,9128.651022349442,9206.963526121566,9206.963526121566,9217.618870187567,228.65102234944243,228.65102234944243,0.0,228.65102234944243,9128.651022349442,9158.651022349442,9207.618870187567,9397.618870187567,350.0,2753.0635610201916,0.0,0,0,0,1
S4,continuous,B,891,186,8910.0,8923.364076729466,8997.216775963614,8997.216775963614,9024.062607251864,13.364076729465523,13.364076729465523,0.0,13.364076729465523,8923.364076729466,8953.364076729466,9014.062607251864,9204.062607251864,350.0,3371.2962718834865,0.0,0,0,0,1
S4,continuous,B,892,191,8920.0,8920.0,8977.144072278572,8977.144072278572,9015.758261049743,0.0,0.0,0.0,0.0,8920.0,8950.0,9005.758261049743,9195.758261049743,350.0,2974.0528433611066,0.0,0,0,0,1
S4,continuous,B,893,30,8930.0,8930.0,9005.754909152267,9423.536911986914,9437.273727390777,0.0,0.0,417.78200283464685,417.78200283464685,8930.0,8960.0,9427.273727390777,9617.273727390777,300.0,2117.6138301892233,0.0,0,0,0,0
S4,continuous,B,894,34,8940.0,9031.625221648192,9118.806294164222,9396.963526121566,9407.618870187567,91.62522164819165,91.62522164819165,278.15723195734427,369.7824536055359,9031.625221648192,9061.625221648192,9397.618870187567,9587.618870187567,350.0,3112.9888148328127,0.0,0,0,0,1
S4,continuous,B,895,8,8950.0,9196.13968408201,9271.029848978918,9271.029848978918,9319.701160173208,246.13968408201072,246.13968408201072,0.0,246.13968408201072,9196.13968408201,9226.13968408201,9309.701160173208,9499.701160173208,300.0,3201.1193983004123,0.0,0,0,0,0
S4,continuous,B,896,64,8960.0,10104.934559442621,10140.226404196748,10140.226404196748,10167.072235484999,1144.9345594426213,1144.9345594426213,0.0,1144.9345594426213,10104.934559442621,10134.934559442621,10157.072235484999,10347.072235484999,350.0,1815.361936461324,0.0,0,0,0,1
S4,continuous,B,897,193,8970.0,9489.872675539305,9552.901720940266,9552.901720940266,9595.397843000952,519.8726755393054,519.8726755393054,0.0,519.8726755393054,9489.872675539305,9519.872675539305,9585.397843000952,9775.397843000952,350.0,3311.6147742362164,0.0,0,0,0,1
S4,continuous,B,898,89,8980.0,8980.0,9066.444890766106,9337.098002766385,9390.18448348354,0.0,0.0,270.65311200027827,270.65311200027827,8980.0,9010.0,9380.18448348354,9570.18448348354,350.0,4544.246239677616,0.0,0,0,0,1
S4,continuous,B,899,196,8990.0,9226.13968408201,9323.789573430393,9598.13113494741,9642.76399018902,236.13968408201072,236.13968408201072,274.3415615170179,510.4812455990286,9226.13968408201,9256.13968408201,9632.76399018902,9822.76399018902,350.0,4081.5754153019097,0.0,0,0,0,1
S4,continuous,B,900,139,9000.0,9775.397843000952,9872.292145164653,9872.292145164653,9915.290763826246,775.397843000952,775.397843000952,0.0,775.397843000952,9775.397843000952,9805.397843000952,9905.290763826246,10095.290763826246,350.0,4054.0190438123564,0.0,0,0,0,1
S4,continuous,B,901,25,9010.0,9610.893305243326,9667.050834433043,9667.050834433043,9693.896665721293,600.8933052433258,600.8933052433258,0.0,600.8933052433258,9610.893305243326,9640.893305243326,9683.896665721293,9873.896665721293,350.0,2612.2098949487304,0.0,0,0,0,1
S4,continuous,B,902,6,9020.0,9766.720485462098,9853.154928159083,9894.605977122475,9951.254508967964,746.7204854620977,746.7204854620977,41.45104896339217,788.1715344254899,9766.720485462098,9796.720485462098,9941.254508967964,10131.254508967964,350.0,3705.139053751635,0.0,0,0,0,1
S4,continuous,B,903,135,9030.0,9350.189146612254,9442.244535872185,9723.495667810394,9764.44119358509,320.18914661225426,320.18914661225426,281.25113193820835,601.4402785504626,9350.189146612254,9380.189146612254,9754.44119358509,9944.44119358509,350.0,4655.307412701199,0.0,0,0,0,1
S4,continuous,B,904,40,9040.0,10131.254508967964,10214.555655470689,10214.555655470689,10255.99800998637,1091.2545089679643,1091.2545089679643,0.0,1091.2545089679643,10131.254508967964,10161.254508967964,10245.99800998637,10435.99800998637,300.0,2883.962075621555,0.0,0,0,0,0
S4,continuous,B,905,23,9050.0,9549.527491930621,9667.769183255636,9667.769183255636,9698.651022349442,499.5274919306212,499.5274919306212,0.0,499.5274919306212,9549.527491930621,9579.527491930621,9688.651022349442,9878.651022349442,300.0,5573.847791253614,0.0,0,0,0,0
S4,continuous,B,906,85,9060.0,9084.027491250245,9172.45580299825,9362.84137093386,9390.189146612254,24.027491250244566,24.027491250244566,190.3855679356093,214.41305918585385,9084.027491250245,9114.027491250245,9380.189146612254,9570.189146612254,350.0,4568.189378354115,0.0,0,0,0,1
S4,continuous,B,907,190,9070.0,10134.934559442621,10171.462284616897,10171.462284616897,10222.532370203964,1064.9345594426213,1064.9345594426213,0.0,1064.9345594426213,10134.934559442621,10164.934559442621,10212.532370203964,10402.532370203964,300.0,2635.541902631924,0.0,0,0,0,0
S4,continuous,B,908,182,9080.0,9080.0,9109.160159333067,9564.831939903695,9582.430814278465,0.0,0.0,455.67178057062847,455.67178057062847,9080.0,9110.0,9572.430814278465,9762.430814278465,300.0,1991.5921100082974,0.0,0,0,0,0
S4,continuous,B,909,123,9090.0,9762.430814278465,9822.75585300213,9822.75585300213,9851.370041773302,672.4308142784648,672.4308142784648,0.0,672.4308142784648,9762.430814278465,9792.430814278465,9841.370041773302,10031.370041773302,300.0,3079.4762723227623,0.0,0,0,0,0
S4,continuous,B,910,161,9100.0,9100.0,9195.220847148616,9587.618870187567,9588.274214253568,0.0,0.0,392.3980230389516,392.3980230389516,9100.0,9130.0,9587.618870187567,9777.618870187567,300.0,3795.7213351041064,0.0,0,0,0,0
S4,continuous,B,911,116,9110.0,9114.027491250245,9196.224542925793,9196.224542925793,9217.135141763096,4.027491250244566,4.027491250244566,0.0,4.027491250244566,9114.027491250245,9144.027491250245,9207.135141763096,9397.135141763096,350.0,4120.586155984867,0.0,0,0,0,1
S4,continuous,B,912,38,9120.0,9120.0,9185.386256289783,9185.386256289783,9236.828610805464,0.0,0.0,0.0,0.0,9120.0,9150.0,9226.828610805464,9416.828610805464,350.0,2091.321435791014,0.0,0,0,0,1
S4,continuous,B,913,43,9130.0,9130.0,9155.810098314487,9223.141065420417,9266.13968408201,0.0,0.0,67.33096710593054,67.33096710593054,9130.0,9160.0,9256.13968408201,9446.13968408201,350.0,1278.586763537006,0.0,0,0,0,1
S4,continuous,B,914,122,9140.0,9579.527491930621,9676.702225497676,9676.702225497676,9709.70084415927,439.5274919306212,439.5274919306212,0.0,439.5274919306212,9579.527491930621,9609.527491930621,9699.70084415927,9889.70084415927,300.0,4179.967838561983,0.0,0,0,0,0
S4,continuous,B,915,121,9150.0,9150.0,9240.934499081759,9772.901720940266,9815.397843000952,0.0,0.0,531.9672218585074,531.9672218585074,9150.0,9180.0,9805.397843000952,9995.397843000952,350.0,3102.5020206204067,0.0,0,0,0,1
S4,continuous,B,916,0,9160.0,9519.872675539305,9532.626047346517,9532.626047346517,9543.53664618382,359.8726755393054,359.8726755393054,0.0,359.8726755393054,9519.872675539305,9549.872675539305,9533.53664618382,9723.53664618382,300.0,418.6422518693224,0.0,0,0,0,0
S4,continuous,B,917,172,9170.0,9549.872675539305,9591.088609975732,9591.088609975732,9641.034677422484,379.8726755393054,379.8726755393054,0.0,379.8726755393054,9549.872675539305,9579.872675539305,9631.034677422484,9821.034677422484,350.0,1894.6571035308352,0.0,0,0,0,1
S4,continuous,B,918,173,9180.0,9180.0,9271.99513482445,9271.99513482445,9300.609323595621,0.0,0.0,0.0,0.0,9180.0,9210.0,9290.609323595621,9480.609323595621,300.0,4371.699854701168,0.0,0,0,0,0
S4,continuous,B,919,17,9190.0,9821.034677422484,9945.43715187572,9945.43715187572,9969.504917524075,631.0346774224836,631.0346774224836,0.0,631.0346774224836,9821.034677422484,9851.034677422484,9959.504917524075,10149.504917524075,350.0,5333.829632574493,0.0,0,0,0,1
S4,continuous,B,920,57,9200.0,9200.0,9300.160359876767,9415.589730143402,9471.816323460725,0.0,0.0,115.42937026663458,115.42937026663458,9200.0,9230.0,9461.816323460725,9651.816323460725,350.0,4177.567988016403,0.0,0,0,0,1
S4,continuous,B,921,54,9210.0,9634.202208671535,9707.988092742686,10114.605977122475,10171.254508967964,424.2022086715351,424.2022086715351,406.61788437978976,830.8200930513249,9634.202208671535,9664.202208671535,10161.254508967964,10351.254508967964,350.0,2743.3741212631016,0.0,0,0,0,1
S4,continuous,B,922,5,9220.0,9220.0,9310.134297241093,9923.495667810394,9954.44119358509,0.0,0.0,613.3613705693006,613.3613705693006,9220.0,9250.0,9944.44119358509,10134.44119358509,300.0,3014.358833743891,0.0,0,0,0,0
S4,continuous,B,923,169,9230.0,9777.618870187567,9821.318089218548,9821.318089218548,9864.404569935703,547.6188701875672,547.6188701875672,0.0,547.6188701875672,9777.618870187567,9807.618870187567,9854.404569935703,10044.404569935703,300.0,3088.3007882477395,0.0,0,0,0,0
S4,continuous,B,924,9,9240.0,9240.0,9313.920997711091,9755.620691966702,9808.434951703104,0.0,0.0,441.69969425561067,441.69969425561067,9240.0,9270.0,9798.434951703104,9988.434951703104,350.0,3313.3445608449047,0.0,0,0,0,1
S4,continuous,B,925,133,9250.0,9250.0,9346.112323105604,9846.112701727781,9866.640072659786,0.0,0.0,500.00037862217687,500.00037862217687,9250.0,9280.0,9856.640072659786,10046.640072659786,350.0,3940.2893081140473,0.0,0,0,0,1
S4,continuous,B,926,86,9260.0,10164.934559442621,10215.649585808647,10215.649585808647,10245.524085420124,904.9345594426213,904.9345594426213,0.0,904.9345594426213,10164.934559442621,10194.934559442621,10235.524085420124,10425.524085420124,300.0,3475.384052203952,0.30254045475521707,1,0,1,0
S4,continuous,B,927,113,9270.0,10351.254508967964,10422.893998021353,10422.893998021353,10463.839523796049,1081.2545089679643,1081.2545089679643,0.0,1081.2545089679643,10351.254508967964,10381.254508967964,10453.839523796049,10643.839523796049,350.0,1487.3674352942212,0.0,0,0,0,1
S4,continuous,B,928,35,9280.0,9280.0,9341.882565691698,9341.882565691698,9373.555577912015,0.0,0.0,0.0,0.0,9280.0,9310.0,9363.555577912015,9553.555577912015,300.0,2379.489363096716,0.0,0,0,0,0
S4,continuous,B,929,77,9290.0,9290.0,9344.271596784014,9821.088609975732,9861.034677422484,0.0,0.0,476.8170131917177,476.8170131917177,9290.0,9320.0,9851.034677422484,10041.034677422484,300.0,2779.0105267258705,0.5882011515359409,1,0,1,0
S4,continuous,B,930,108,9300.0,9300.0,9372.090519729309,9461.029848978918,9509.701160173208,0.0,0.0,88.93932924960973,88.93932924960973,9300.0,9330.0,9499.701160173208,9689.701160173208,300.0,3141.0837818190716,0.0,0,0,0,0
S4,continuous,B,931,166,9310.0,10381.254508967964,10459.615451957896,10459.615451957896,10508.286763152186,1071.2545089679643,1071.2545089679643,0.0,1071.2545089679643,10381.254508967964,10411.254508967964,10498.286763152186,10688.286763152186,300.0,2590.7599581617446,0.0,0,0,0,0
S4,continuous,B,932,71,9320.0,9579.872675539305,9626.202188997724,10072.292145164653,10105.290763826246,259.8726755393054,259.8726755393054,446.08995616692846,705.9626317062339,9579.872675539305,9609.872675539305,10095.290763826246,10285.290763826246,300.0,2767.49179440462,0.0,0,0,0,0
S4,continuous,B,933,53,9330.0,9570.189146612254,9604.634629384038,9955.620691966702,9998.434951703104,240.18914661225426,240.18914661225426,350.9860625826641,591.1752091949184,9570.189146612254,9600.189146612254,9988.434951703104,10178.434951703104,300.0,1440.6573166332826,0.0,0,0,0,0
S4,continuous,B,934,124,9340.0,9340.0,9436.298473994115,9768.768056511695,9806.720485462098,0.0,0.0,332.4695825175804,332.4695825175804,9340.0,9370.0,9796.720485462098,9986.720485462098,350.0,3828.738107338353,0.0,0,0,0,1
S4,continuous,B,935,18,9350.0,10194.934559442621,10251.568431929367,10251.568431929367,10294.064553990052,844.9345594426213,844.9345594426213,0.0,844.9345594426213,10194.934559442621,10224.934559442621,10284.064553990052,10474.064553990052,350.0,3316.4152391646758,0.0,0,0,0,1
S4,continuous,B,936,21,9360.0,10178.434951703104,10270.725054289882,10270.725054289882,10313.811535007037,818.4349517031042,818.4349517031042,0.0,818.4349517031042,10178.434951703104,10208.434951703104,10303.811535007037,10493.811535007037,300.0,3727.8932256261387,0.0,0,0,0,0
S4,continuous,B,937,140,9370.0,10134.44119358509,10174.730507266051,10174.730507266051,10182.613786122234,764.4411935850894,764.4411935850894,0.0,764.4411935850894,10134.44119358509,10164.44119358509,10174.730507266051,10364.730507266051,300.0,817.0632169053922,0.0,0,0,0,0
S4,continuous,B,938,110,9380.0,10224.934559442621,10270.75344406814,10270.75344406814,10298.352318442909,844.9345594426213,844.9345594426213,0.0,844.9345594426213,10224.934559442621,10254.934559442621,10288.352318442909,10478.352318442909,350.0,2520.9298099866414,0.0,0,0,0,1
S4,continuous,B,939,8,9390.0,9390.0,9430.486654357468,9430.486654357468,9463.485273019061,0.0,0.0,0.0,0.0,9390.0,9420.0,9453.485273019061,9643.485273019061,300.0,2452.147131406287,0.0,0,0,0,0
S4,continuous,B,940,143,9400.0,9400.0,9480.20962576057,9582.84137093386,9610.189146612254,0.0,0.0,102.63174517329026,102.63174517329026,9400.0,9430.0,9600.189146612254,9790.189146612254,350.0,3605.2540105200537,0.0,0,0,0,1
S4,continuous,B,941,125,9410.0,9480.609323595621,9542.541783226234,9542.541783226234,9584.497307322648,70.60932359562139,70.60932359562139,0.0,70.60932359562139,9480.609323595621,9510.609323595621,9574.497307322648,9764.497307322648,350.0,1957.3999549673294,0.0,0,0,0,1
S4,continuous,B,942,119,9420.0,9474.952679970967,9518.856394135435,10143.495667810394,10174.44119358509,54.95267997096744,54.95267997096744,624.6392736749585,679.591953645926,9474.952679970967,9504.952679970967,10164.44119358509,10354.44119358509,300.0,1111.0512538924636,0.0,0,0,0,0
S4,continuous,B,943,189,9430.0,9651.816323460725,9772.592296304578,9847.769183255636,9888.651022349442,221.81632346072547,221.81632346072547,75.1768869510579,296.99321041178337,9651.816323460725,9681.816323460725,9878.651022349442,10068.651022349442,350.0,4788.834130490875,0.0,0,0,0,1
S4,continuous,B,944,153,9440.0,9617.273727390777,9664.614261127877,9755.954279882937,9817.024365470004,177.2737273907769,177.2737273907769,91.34001875505965,268.61374614583656,9617.273727390777,9647.273727390777,9807.024365470004,9997.024365470004,350.0,1997.6157271705113,0.0,0,0,0,1
S4,continuous,B,945,176,9450.0,9450.0,9521.730048377369,9537.098002766385,9580.18448348354,0.0,0.0,15.367954389015722,15.367954389015722,9450.0,9480.0,9570.18448348354,9760.18448348354,300.0,1848.1136842078483,0.0,0,0,0,0
S4,continuous,B,946,49,9460.0,9822.76399018902,9873.820220737081,9873.820220737081,9915.262575252762,362.76399018901975,362.76399018901975,0.0,362.76399018901975,9822.76399018902,9852.76399018902,9905.262575252762,10095.262575252762,300.0,1475.2677358832507,0.0,0,0,0,0
S4,continuous,B,947,177,9470.0,9664.202208671535,9761.52788469795,9761.52788469795,9778.208256358485,194.20220867153512,194.20220867153512,0.0,194.20220867153512,9664.202208671535,9694.202208671535,9768.208256358485,9958.208256358485,350.0,4112.852784022729,0.0,0,0,0,1
S4,continuous,B,948,48,9480.0,9643.485273019061,9687.144138180734,10254.934559442621,10255.826292473785,163.48527301906142,163.48527301906142,567.7904212618869,731.2756942809483,9643.485273019061,9673.485273019061,10254.934559442621,10444.934559442621,300.0,880.1348584690384,0.0,0,0,0,0
S4,continuous,B,949,33,9490.0,9995.397843000952,10082.954204821552,10082.954204821552,10103.864803658855,505.397843000952,505.397843000952,0.0,505.397843000952,9995.397843000952,10025.397843000952,10093.864803658855,10283.864803658855,350.0,3321.0495884842067,0.0,0,0,0,1
S4,continuous,B,950,98,9500.0,9500.0,9561.035602637776,9664.327709060059,9704.202208671535,0.0,0.0,103.29210642228281,103.29210642228281,9500.0,9530.0,9694.202208671535,9884.202208671535,350.0,2978.92574560881,0.0,0,0,0,1
S4,continuous,B,951,184,9510.0,10046.640072659786,10065.306190752082,10065.306190752082,10105.252258198834,536.6400726597858,536.6400726597858,0.0,536.6400726597858,10046.640072659786,10076.640072659786,10095.252258198834,10285.252258198834,300.0,794.950335913268,0.0,0,0,0,0
S4,continuous,B,952,167,9520.0,9520.0,9583.364925194344,9641.029848978918,9699.701160173208,0.0,0.0,57.66492378457406,57.66492378457406,9520.0,9550.0,9689.701160173208,9879.701160173208,350.0,2136.4765947055166,0.0,0,0,0,1
S4,continuous,B,953,147,9530.0,9550.0,9600.36774217777,9955.954279882937,10007.024365470004,20.0,20.0,355.58653770516685,375.58653770516685,9550.0,9580.0,9997.024365470004,10187.024365470004,300.0,1848.6582655644602,0.0,0,0,0,0
S4,continuous,B,954,38,9540.0,9792.430814278465,9838.15590201202,10262.292145164653,10295.290763826246,252.43081427846482,252.43081427846482,424.13624315263223,676.567057431097,9792.430814278465,9822.430814278465,10285.290763826246,10475.290763826246,300.0,2128.068355767525,0.0,0,0,0,0
S4,continuous,B,955,13,9550.0,10025.397843000952,10114.256726013278,10114.256726013278,10170.483319330602,475.397843000952,475.397843000952,0.0,475.397843000952,10025.397843000952,10055.397843000952,10160.483319330602,10350.483319330602,350.0,3584.4643069993726,0.0,0,0,0,1
S4,continuous,B,956,109,9560.0,9560.0,9650.201657409973,10022.901720940266,10065.397843000952,0.0,0.0,372.70006353029385,372.70006353029385,9560.0,9590.0,10055.397843000952,10245.397843000952,350.0,3656.088684048685,0.0,0,0,0,1
S4,continuous,B,957,36,9570.0,10475.290763826246,10540.16668959411,10540.16668959411,10560.633607192649,905.2907638262459,905.2907638262459,0.0,905.2907638262459,10475.290763826246,10505.290763826246,10550.633607192649,10740.633607192649,300.0,2392.481488385467,0.0,0,0,0,0
S4,continuous,B,958,101,9580.0,9764.497307322648,9829.771102278504,10002.75585300213,10041.370041773302,184.49730732264834,184.49730732264834,172.98475072362635,357.4820580462747,9764.497307322648,9794.497307322648,10031.370041773302,10221.370041773302,350.0,1957.3999549673294,0.0,0,0,0,1
S4,continuous,B,959,30,9590.0,9794.497307322648,9838.94858029136,9867.050834433043,9883.896665721293,204.49730732264834,204.49730732264834,28.10225414168235,232.5995614643307,9794.497307322648,9824.497307322648,9873.896665721293,10063.896665721293,300.0,1077.0567017432127,0.0,0,0,0,0
S4,continuous,B,960,106,9600.0,9600.0,9697.071071072844,9814.831939903695,9832.430814278465,0.0,0.0,117.7608688308519,117.7608688308519,9600.0,9630.0,9822.430814278465,10012.430814278465,300.0,4003.7872482630596,0.0,0,0,0,0
S4,continuous,B,961,1,9610.0,10411.254508967964,10516.385054560036,10516.385054560036,10554.337483510439,801.2545089679643,801.2545089679643,0.0,801.2545089679643,10411.254508967964,10441.254508967964,10544.337483510439,10734.337483510439,350.0,3705.1390537516354,0.0,0,0,0,1
S4,continuous,B,962,10,9620.0,9620.0,9684.070036440806,9790.738409081981,9830.530534700856,0.0,0.0,106.66837264117567,106.66837264117567,9620.0,9650.0,9820.530534700856,10010.530534700856,300.0,3208.169805571566,0.0,0,0,0,0
S4,continuous,B,963,68,9630.0,9630.0,9755.901425549546,9958.768056511695,9996.720485462098,0.0,0.0,202.86663096214943,202.86663096214943,9630.0,9660.0,9986.720485462098,10176.720485462098,350.0,5410.911986254814,0.0,0,0,0,1
S4,continuous,B,964,157,9640.0,9723.53664618382,9777.494956243652,9806.963526121566,9817.618870187567,83.53664618382027,83.53664618382027,29.46856987791398,113.00521606173425,9723.53664618382,9753.53664618382,9807.618870187567,9997.618870187567,350.0,2361.0104626850916,0.0,0,0,0,1
S4,continuous,B,965,176,9650.0,10402.532370203964,10507.491233890367,10507.491233890367,10534.839009568761,752.5323702039641,752.5323702039641,0.0,752.5323702039641,10402.532370203964,10432.532370203964,10524.839009568761,10714.839009568761,350.0,3368.0078462829624,0.0,0,0,0,1
S4,continuous,B,966,199,9660.0,10010.530534700856,10059.019200194156,10175.620691966702,10218.434951703104,350.53053470085615,350.53053470085615,116.60149177254607,467.1320264734022,10010.530534700856,10040.530534700856,10208.434951703104,10398.434951703104,300.0,992.8012517380535,0.0,0,0,0,0
S4,continuous,B,967,191,9670.0,9753.53664618382,9785.89566122668,10340.226404196748,10357.072235484999,83.53664618382027,83.53664618382027,554.330742970069,637.8673891538892,9753.53664618382,9783.53664618382,10347.072235484999,10537.072235484999,300.0,1568.6765643315086,0.0,0,0,0,0
S4,continuous,B,968,130,9680.0,9884.202208671535,9936.316146048885,9936.316146048885,9981.412183405988,204.20220867153512,204.20220867153512,0.0,204.20220867153512,9884.202208671535,9914.202208671535,9971.412183405988,10161.412183405988,350.0,1240.8152025677232,0.0,0,0,0,1
S4,continuous,B,969,82,9690.0,10441.254508967964,10496.740992979225,10496.740992979225,10528.69651707564,751.2545089679643,751.2545089679643,0.0,751.2545089679643,10441.254508967964,10471.254508967964,10518.69651707564,10708.69651707564,300.0,982.2170907609654,0.0,0,0,0,0
S4,continuous,B,970,91,9700.0,10505.290763826246,10563.444136736325,10563.444136736325,10574.099480802326,805.2907638262459,805.2907638262459,0.0,805.2907638262459,10505.290763826246,10535.290763826246,10564.099480802326,10754.099480802326,350.0,1278.586763537006,0.0,0,0,0,1
S4,continuous,B,971,63,9710.0,10245.397843000952,10331.35270648038,10676.740992979225,10718.69651707564,535.397843000952,535.397843000952,345.38828649884454,880.7861294997965,10245.397843000952,10275.397843000952,10708.69651707564,10898.69651707564,350.0,3319.5076587017165,0.0,0,0,0,1
S4,continuous,B,972,164,9720.0,9720.0,9754.903727082912,10530.226404196748,10547.072235484999,0.0,0.0,775.3226771138361,775.3226771138361,9720.0,9750.0,10537.072235484999,10727.072235484999,300.0,1149.0177100588437,0.0,0,0,0,0
S4,continuous,B,973,58,9730.0,9730.0,9788.45311992707,10622.893998021353,10653.839523796049,0.0,0.0,834.4408780942831,834.4408780942831,9730.0,9760.0,10643.839523796049,10833.839523796049,300.0,1200.9623694431016,0.0,0,0,0,0
S4,continuous,B,974,96,9740.0,9914.202208671535,10001.00357208049,10355.620691966702,10408.434951703104,174.20220867153512,174.20220867153512,354.6171198862121,528.8193285577472,9914.202208671535,9944.202208671535,10398.434951703104,10588.434951703104,350.0,3591.9013832379487,0.0,0,0,0,1
S4,continuous,B,975,156,9750.0,9997.618870187567,10052.052706886503,10404.555655470689,10445.99800998637,247.61887018756715,247.61887018756715,352.502948584186,600.1218187717532,9997.618870187567,10027.618870187567,10435.99800998637,10625.99800998637,300.0,3795.7213351041064,0.0,0,0,0,0
S4,continuous,B,976,148,9760.0,9824.497307322648,9868.94858029136,10720.226404196748,10737.072235484999,64.49730732264834,64.49730732264834,851.2778239053878,915.7751312280361,9824.497307322648,9854.497307322648,10727.072235484999,10917.072235484999,300.0,1077.0567017432127,0.0,0,0,0,0
S4,continuous,B,977,76,9770.0,10535.290763826246,10645.787245856382,10645.787245856382,10697.229600372062,765.2907638262459,765.2907638262459,0.0,765.2907638262459,10535.290763826246,10565.290763826246,10687.229600372062,10877.229600372062,350.0,4972.062423789136,0.0,0,0,0,1
S4,continuous,B,978,179,9780.0,10076.640072659786,10166.247913125273,10166.247913125273,10216.040038744148,296.6400726597858,296.6400726597858,0.0,296.6400726597858,10076.640072659786,10106.640072659786,10206.040038744148,10396.040038744148,350.0,4956.962118319862,0.0,0,0,0,1
S4,continuous,B,979,23,9790.0,10068.651022349442,10178.901527348098,10178.901527348098,10223.997564705202,278.6510223494424,278.6510223494424,0.0,278.6510223494424,10068.651022349442,10098.651022349442,10213.997564705202,10403.997564705202,350.0,5054.467109244511,0.0,0,0,0,1
S4,continuous,B,980,173,9800.0,9800.0,9893.66368234666,10444.042826411458,10454.934559442621,0.0,0.0,550.3791440647983,550.3791440647983,9800.0,9830.0,10444.934559442621,10634.934559442621,350.0,2831.397567031508,0.0,0,0,0,1
S4,continuous,B,981,114,9810.0,9810.0,9867.449079222826,9867.449079222826,9884.79685490122,0.0,0.0,0.0,0.0,9810.0,9840.0,9874.79685490122,10064.79685490122,300.0,1963.5084063274603,0.0,0,0,0,0
S4,continuous,B,982,92,9820.0,9830.0,9879.506138376762,9879.506138376762,9911.461662473177,10.0,10.0,0.0,10.0,9830.0,9860.0,9901.461662473177,10091.461662473177,300.0,609.5469243645314,0.0,0,0,0,0
S4,continuous,B,983,69,9830.0,9830.0,9864.445482771784,10555.620691966702,10598.434951703104,0.0,0.0,691.1752091949184,691.1752091949184,9830.0,9860.0,10588.434951703104,10778.434951703104,300.0,1440.6573166332826,0.0,0,0,0,0
S4,continuous,B,984,107,9840.0,10432.532370203964,10488.288715699413,10649.615451957896,10698.286763152186,592.5323702039641,592.5323702039641,161.32673625848292,753.859106462447,10432.532370203964,10462.532370203964,10688.286763152186,10878.286763152186,300.0,811.1243111322713,0.0,0,0,0,0
S4,continuous,B,985,7,9850.0,9850.0,9909.503987882845,10026.963526121566,10037.618870187567,0.0,0.0,117.4595382387215,117.4595382387215,9850.0,9880.0,10027.618870187567,10217.618870187567,350.0,2536.030364204414,0.0,0,0,0,1
S4,continuous,B,986,137,9860.0,10063.896665721293,10140.686247123089,10148.768056511695,10186.720485462098,203.89666572129318,203.89666572129318,8.081809388606416,211.9784751098996,10063.896665721293,10093.896665721293,10176.720485462098,10366.720485462098,350.0,3653.5746420963133,0.0,0,0,0,1
S4,continuous,B,987,196,9870.0,10040.530534700856,10157.178357568266,10157.178357568266,10201.811212809875,170.53053470085615,170.53053470085615,0.0,170.53053470085615,10040.530534700856,10070.530534700856,10191.811212809875,10381.811212809875,350.0,4929.1713875380365,0.0,0,0,0,1
S4,continuous,B,988,155,9880.0,10221.370041773302,10267.009586599552,10405.649585808647,10435.524085420124,341.37004177330164,341.37004177330164,138.63999920909555,480.0100409823972,10221.370041773302,10251.370041773302,10425.524085420124,10615.524085420124,300.0,1427.4671789185122,0.0,0,0,0,0
S4,continuous,B,989,10,9890.0,9890.0,9968.257739173374,10900.226404196748,10927.072235484999,0.0,0.0,931.9686650233743,931.9686650233743,9890.0,9920.0,10917.072235484999,11107.072235484999,350.0,2599.052361433633,0.0,0,0,0,1
S4,continuous,B,990,129,9900.0,10093.896665721293,10156.712465086342,10595.649585808647,10625.524085420124,193.89666572129318,193.89666572129318,438.9371207223048,632.833786443598,10093.896665721293,10123.896665721293,10615.524085420124,10805.524085420124,300.0,3298.2661929519136,0.0,0,0,0,0
S4,continuous,B,991,144,9910.0,10462.532370203964,10536.488981912102,10536.488981912102,10571.585019269205,552.5323702039641,552.5323702039641,0.0,552.5323702039641,10462.532370203964,10492.532370203964,10561.585019269205,10751.585019269205,300.0,1956.5990227921639,0.0,0,0,0,0
S4,continuous,B,992,60,9920.0,9944.202208671535,10044.034942099655,10135.43715187572,10159.504917524075,24.202208671535118,24.202208671535118,91.40220977606441,115.60441844759953,9944.202208671535,9974.202208671535,10149.504917524075,10339.504917524075,350.0,4316.926914075383,0.0,0,0,0,1
S4,continuous,B,993,172,9930.0,9930.0,10020.201657409973,10441.568431929367,10484.064553990052,0.0,0.0,421.3667745193943,421.3667745193943,9930.0,9960.0,10474.064553990052,10664.064553990052,350.0,3656.088684048685,0.0,0,0,0,1
S4,continuous,B,994,56,9940.0,10217.618870187567,10243.428968502054,10532.292145164653,10575.290763826246,277.61887018756715,277.61887018756715,288.86317666259856,566.4820468501657,10217.618870187567,10247.618870187567,10565.290763826246,10755.290763826246,350.0,1278.586763537006,0.0,0,0,0,1
S4,continuous,B,995,89,9950.0,10123.896665721293,10187.405434825165,10641.568431929367,10674.064553990052,173.89666572129318,173.89666572129318,454.1629971042021,628.0596628254953,10123.896665721293,10153.896665721293,10664.064553990052,10854.064553990052,300.0,3357.5722877860894,0.0,0,0,0,0
S4,continuous,B,996,118,9960.0,10064.79685490122,10165.638801438457,10347.178357568266,10391.811212809875,104.79685490122029,104.79685490122029,181.53955612980826,286.33641103102855,10064.79685490122,10094.79685490122,10381.811212809875,10571.811212809875,350.0,5259.514545189518,0.0,0,0,0,1
S4,continuous,B,997,181,9970.0,10070.530534700856,10174.657280683756,10460.75344406814,10488.352318442909,100.53053470085615,100.53053470085615,286.09616338438354,386.6266980852397,10070.530534700856,10100.530534700856,10478.352318442909,10668.352318442909,350.0,4009.2630242365476,0.0,0,0,0,1
S4,continuous,B,998,168,9980.0,9980.0,10042.551816698178,10042.551816698178,10101.223127892468,0.0,0.0,0.0,0.0,9980.0,10010.0,10091.223127892468,10281.223127892468,350.0,2004.5501931422398,0.0,0,0,0,1
S4,continuous,B,999,94,9990.0,9990.0,10063.245511136729,10716.488981912102,10761.585019269205,0.0,0.0,653.2434707753728,653.2434707753728,9990.0,10020.0,10751.585019269205,10941.585019269205,350.0,3819.027334267068,0.0,0,0,0,1
S4,continuous,B,1000,84,10000.0,10044.404569935703,10112.774154265137,10242.551816698178,10291.223127892468,44.404569935702966,44.404569935702966,129.77766243304177,174.18223236874474,10044.404569935703,10074.404569935703,10281.223127892468,10471.223127892468,300.0,2144.3292003757656,0.0,0,0,0,0
S4,continuous,B,1001,188,10010.0,10010.0,10102.15268244197,10722.292145164653,10765.290763826246,0.0,0.0,620.1394627226819,620.1394627226819,10010.0,10040.0,10755.290763826246,10945.290763826246,350.0,4894.734972867829,0.0,0,0,0,1
S4,continuous,B,1002,51,10020.0,10354.44119358509,10457.235851519761,10706.385054560036,10744.337483510439,334.4411935850894,334.4411935850894,249.1492030402751,583.5903966253645,10354.44119358509,10384.44119358509,10734.337483510439,10924.337483510439,350.0,4517.765250957155,0.0,0,0,0,1
S4,continuous,B,1003,138,10030.0,10030.0,10116.217242396007,10906.488981912102,10951.585019269205,0.0,0.0,790.2717395160944,790.2717395160944,10030.0,10060.0,10941.585019269205,11131.585019269205,350.0,4944.673427453104,0.0,0,0,0,1
S4,continuous,B,1004,142,10040.0,10095.262575252762,10183.567829219437,10183.567829219437,10197.3046446233,55.26257525276196,55.26257525276196,0.0,55.26257525276196,10095.262575252762,10125.262575252762,10187.3046446233,10377.3046446233,300.0,3400.089146330653,0.0,0,0,0,0
S4,continuous,B,1005,101,10050.0,10247.618870187567,10295.704878931885,10295.704878931885,10336.586718025692,197.61887018756715,197.61887018756715,0.0,197.61887018756715,10247.618870187567,10277.618870187567,10326.586718025692,10516.586718025692,350.0,2753.0635610201916,0.0,0,0,0,1
S4,continuous,B,1006,90,10060.0,10060.0,10143.832637713862,10277.618870187567,10278.274214253568,0.0,0.0,133.78623247370524,133.78623247370524,10060.0,10090.0,10277.618870187567,10467.618870187567,300.0,3128.7784087043865,0.0,0,0,0,0
S4,continuous,B,1007,149,10070.0,10091.461662473177,10173.148014090788,10441.462284616897,10502.532370203964,21.461662473177057,21.461662473177057,268.3142705261089,289.77593299928594,10091.461662473177,10121.461662473177,10492.532370203964,10682.532370203964,350.0,3163.8498831638144,0.0,0,0,0,1
S4,continuous,B,1008,112,10080.0,10121.461662473177,10187.567752176954,10922.292145164653,10955.290763826246,41.46166247317706,41.46166247317706,734.7243929876986,776.1860554608757,10121.461662473177,10151.461662473177,10945.290763826246,11135.290763826246,300.0,2601.475087614136,0.0,0,0,0,0
S4,continuous,B,1009,111,10090.0,10098.651022349442,10173.233916672501,11102.292145164653,11145.290763826246,8.651022349442428,8.651022349442428,929.0582284921511,937.7092508415935,10098.651022349442,10128.651022349442,11135.290763826246,11325.290763826246,350.0,2666.1393040604657,0.0,0,0,0,1
S4,continuous,B,1010,6,10100.0,10467.618870187567,10497.157697126999,10497.157697126999,10505.040975983182,367.61887018756715,367.61887018756715,0.0,367.61887018756715,10467.618870187567,10497.618870187567,10497.157697126999,10687.157697126999,300.0,1968.2586395063533,0.0,0,0,0,0
S4,continuous,B,1011,95,10110.0,10125.262575252762,10253.654152945095,10495.704878931885,10526.586718025692,15.262575252761962,15.262575252761962,242.05072598678998,257.31330123955195,10125.262575252762,10155.262575252762,10516.586718025692,10706.586718025692,300.0,6158.235846490992,0.0,0,0,0,0
S4,continuous,B,1012,125,10120.0,10854.064553990052,10941.706442595516,10941.706442595516,10959.589721451699,734.0645539900524,734.0645539900524,0.0,734.0645539900524,10854.064553990052,10884.064553990052,10949.589721451699,11139.589721451699,350.0,3311.6147742362164,0.0,0,0,0,1
S4,continuous,B,1013,193,10130.0,10366.720485462098,10414.360173978037,10685.704878931885,10716.586718025692,236.7204854620977,236.7204854620977,271.3447049538481,508.06519041594584,10366.720485462098,10396.720485462098,10706.586718025692,10896.586718025692,300.0,1606.6553112568945,0.0,0,0,0,0
S4,continuous,B,1014,178,10140.0,10350.483319330602,10411.803796711085,10411.803796711085,10418.484168371619,210.48331933060217,210.48331933060217,0.0,210.48331933060217,10350.483319330602,10380.483319330602,10411.803796711085,10601.803796711085,300.0,1270.7937624332203,0.0,0,0,0,0
S4,continuous,B,1015,75,10150.0,10150.0,10198.958162538249,10812.893998021353,10843.839523796049,0.0,0.0,613.9358354831038,613.9358354831038,10150.0,10180.0,10833.839523796049,11023.839523796049,300.0,2333.341211646007,0.0,0,0,0,0
S4,continuous,B,1016,127,10160.0,10380.483319330602,10479.578802209622,10775.649585808647,10815.524085420124,220.48331933060217,220.48331933060217,296.07078359902516,516.5541029296273,10380.483319330602,10410.483319330602,10805.524085420124,10995.524085420124,350.0,3338.4314354237986,0.0,0,0,0,1
S4,continuous,B,1017,0,10170.0,10180.0,10237.178521823447,10547.178357568266,10581.811212809875,10.0,10.0,309.9998357448185,319.9998357448185,10180.0,10210.0,10571.811212809875,10761.811212809875,300.0,2899.801811327007,1.7310339168238897,1,0,1,0
S4,continuous,B,1018,41,10180.0,10396.040038744148,10444.905489595334,10707.491233890367,10724.839009568761,216.04003874414775,216.04003874414775,262.5857442950328,478.62578303918053,10396.040038744148,10426.040038744148,10714.839009568761,10904.839009568761,300.0,890.5878553070719,0.0,0,0,0,0
S4,continuous,B,1019,5,10190.0,11107.072235484999,11179.644598116383,11179.644598116383,11232.731078833538,917.0722354849986,917.0722354849986,0.0,917.0722354849986,11107.072235484999,11137.072235484999,11222.731078833538,11412.731078833538,350.0,3448.0969829026412,0.0,0,0,0,1
S4,continuous,B,1020,45,10200.0,10403.997564705202,10515.288599280946,10887.491233890367,10914.839009568761,203.9975647052015,203.9975647052015,372.2026346094208,576.2001993146223,10403.997564705202,10433.997564705202,10904.839009568761,11094.839009568761,350.0,4775.218879753543,0.0,0,0,0,1
S4,continuous,B,1021,30,10210.0,10426.040038744148,10489.87044002181,10489.87044002181,10521.543452242127,216.04003874414775,216.04003874414775,0.0,216.04003874414775,10426.040038744148,10456.040038744148,10511.543452242127,10701.543452242127,300.0,1959.8773997818694,0.0,0,0,0,0
S4,continuous,B,1022,61,10220.0,10625.99800998637,10677.988506200181,10677.988506200181,10717.934573646933,405.99800998636965,405.99800998636965,0.0,405.99800998636965,10625.99800998637,10655.99800998637,10707.934573646933,10897.934573646933,300.0,1110.1515563542193,0.0,0,0,0,0
S4,continuous,B,1023,199,10230.0,10230.0,10335.431218620335,10364.256726013278,10420.483319330602,0.0,0.0,28.82550739294311,28.82550739294311,10230.0,10260.0,10410.483319330602,10600.483319330602,350.0,4788.834130490875,0.0,0,0,0,1
S4,continuous,B,1024,19,10240.0,10778.434951703104,10845.50163037997,10845.50163037997,10894.17294157426,538.4349517031042,538.4349517031042,0.0,538.4349517031042,10778.434951703104,10808.434951703104,10884.17294157426,11074.17294157426,300.0,2074.2557840176332,0.0,0,0,0,0
S4,continuous,B,1025,55,10250.0,10285.252258198834,10389.274142909424,10669.87044002181,10711.543452242127,35.25225819883417,35.25225819883417,280.5962971123863,315.8485553112205,10285.252258198834,10315.252258198834,10701.543452242127,10891.543452242127,350.0,4063.14988259116,0.0,0,0,0,1
S4,continuous,B,1026,78,10260.0,11074.17294157426,11164.735799003864,11302.292145164653,11335.290763826246,814.1729415742593,814.1729415742593,137.55634616078896,951.7292877350483,11074.17294157426,11104.17294157426,11325.290763826246,11515.290763826246,300.0,3201.1193983004123,0.0,0,0,0,0
S4,continuous,B,1027,196,10270.0,10270.0,10351.247690621392,10450.725054289882,10503.811535007037,0.0,0.0,99.47736366848949,99.47736366848949,10270.0,10300.0,10493.811535007037,10683.811535007037,350.0,3094.687792399647,0.0,0,0,0,1
S4,continuous,B,1028,16,10280.0,10471.254508967964,10530.01922577059,10564.256726013278,10610.483319330602,191.25450896796428,191.25450896796428,34.23750024268884,225.49200921065312,10471.254508967964,10501.254508967964,10600.483319330602,10790.483319330602,300.0,1272.121289623157,0.0,0,0,0,0
S4,continuous,B,1029,97,10290.0,10683.811535007037,10759.394680611565,10759.394680611565,10794.027535853174,393.8115350070366,393.8115350070366,0.0,393.8115350070366,10683.811535007037,10713.811535007037,10784.027535853174,10974.027535853174,300.0,2555.041005618764,0.0,0,0,0,0
S4,continuous,B,1030,169,10300.0,10790.483319330602,10902.255632298611,10902.255632298611,10955.069892035013,490.48331933060217,490.48331933060217,0.0,490.48331933060217,10790.483319330602,10820.483319330602,10945.069892035013,11135.069892035013,350.0,4248.252241980999,0.0,0,0,0,1
S4,continuous,B,1031,35,10310.0,10339.504917524075,10424.815420827154,10650.75344406814,10678.352318442909,29.5049175240747,29.5049175240747,225.93802324098579,255.44294076506048,10339.504917524075,10369.504917524075,10668.352318442909,10858.352318442909,350.0,4341.182377097234,0.0,0,0,0,1
S4,continuous,B,1032,171,10320.0,10396.720485462098,10500.987337708893,10595.123425050551,10611.803796711085,76.72048546209771,76.72048546209771,94.13608734165791,170.85657280375563,10396.720485462098,10426.720485462098,10601.803796711085,10791.803796711085,350.0,4694.1255561475455,0.0,0,0,0,1
S4,continuous,B,1033,44,10330.0,10634.934559442621,10671.462284616897,10671.462284616897,10722.532370203964,304.9345594426213,304.9345594426213,0.0,304.9345594426213,10634.934559442621,10664.934559442621,10712.532370203964,10902.532370203964,300.0,2635.541902631924,0.0,0,0,0,0
S4,continuous,B,1034,165,10340.0,10340.0,10393.968175879772,11002.893998021353,11033.839523796049,0.0,0.0,608.9258221415803,608.9258221415803,10340.0,10370.0,11023.839523796049,11213.839523796049,300.0,1289.2651949752938,0.0,0,0,0,0
S4,continuous,B,1035,119,10350.0,10350.0,10417.395908091763,11065.50163037997,11114.17294157426,0.0,0.0,648.1057222882064,648.1057222882064,10350.0,10380.0,11104.17294157426,11294.17294157426,300.0,2783.2480085027755,0.0,0,0,0,0
S4,continuous,B,1036,150,10360.0,10995.524085420124,11075.523588832073,11075.523588832073,11096.434187669376,635.5240854201238,635.5240854201238,0.0,635.5240854201238,10995.524085420124,11025.524085420124,11086.434187669376,11276.434187669376,350.0,2978.92574560881,0.0,0,0,0,1
S4,continuous,B,1037,13,10370.0,10370.0,10419.024918531897,11005.649585808647,11035.524085420124,0.0,0.0,586.6246672767502,586.6246672767502,10370.0,10400.0,11025.524085420124,11215.524085420124,300.0,2931.5648707191867,0.0,0,0,0,0
S4,continuous,B,1038,31,10380.0,10380.0,10480.715587234881,10857.988506200181,10907.934573646933,0.0,0.0,377.27291896530005,377.27291896530005,10380.0,10410.0,10897.934573646933,11087.934573646933,350.0,5277.656652724846,0.0,0,0,0,1
S4,continuous,B,1039,65,10390.0,10808.434951703104,10914.977311466475,11057.988506200181,11097.934573646933,418.43495170310416,418.43495170310416,143.01119473370636,561.4461464368105,10808.434951703104,10838.434951703104,11087.934573646933,11277.934573646933,300.0,4662.341637713651,0.0,0,0,0,0
S4,continuous,B,1040,136,10400.0,10820.483319330602,10936.621170740824,10936.621170740824,10974.573599691226,420.48331933060217,420.48331933060217,0.0,420.48331933060217,10820.483319330602,10850.483319330602,10964.573599691226,11154.573599691226,350.0,4464.978984198502,0.0,0,0,0,1
S4,continuous,B,1041,66,10410.0,10410.0,10454.225501506186,10730.16668959411,10750.633607192649,0.0,0.0,275.9411880879252,275.9411880879252,10410.0,10440.0,10740.633607192649,10930.633607192649,300.0,1286.159714182804,0.0,0,0,0,0
S4,continuous,B,1042,12,10420.0,10497.618870187567,10538.397114768075,10538.397114768075,10577.011303539246,77.61887018756715,77.61887018756715,0.0,77.61887018756715,10497.618870187567,10527.618870187567,10567.011303539246,10757.011303539246,350.0,2254.5410318196264,0.0,0,0,0,1
S4,continuous,B,1043,160,10430.0,10456.040038744148,10561.648417911201,10679.274418270816,10697.157697126999,26.04003874414775,26.04003874414775,117.62600035961441,143.66603910376216,10456.040038744148,10486.040038744148,10687.157697126999,10877.157697126999,350.0,4059.4605922538867,0.0,0,0,0,1
S4,continuous,B,1044,182,10440.0,10440.0,10532.15268244197,11482.292145164653,11525.290763826246,0.0,0.0,950.1394627226819,950.1394627226819,10440.0,10470.0,11515.290763826246,11705.290763826246,350.0,4894.734972867829,0.0,0,0,0,1
S4,continuous,B,1045,71,10450.0,10450.0,10477.55884878158,10477.55884878158,10488.086219713585,0.0,0.0,0.0,0.0,10450.0,10480.0,10478.086219713585,10668.086219713585,300.0,1403.7579106341252,0.0,0,0,0,0
S4,continuous,B,1046,98,10460.0,10884.064553990052,10953.028063720096,11247.988506200181,11287.934573646933,424.06455399005245,424.06455399005245,294.9604424800855,719.0249964701379,10884.064553990052,10914.064553990052,11277.934573646933,11467.934573646933,300.0,2793.3701254944144,0.0,0,0,0,0
S4,continuous,B,1047,48,10470.0,10470.0,10522.248129277172,10850.75344406814,10868.352318442909,0.0,0.0,328.50531479096753,328.50531479096753,10470.0,10500.0,10858.352318442909,11048.352318442909,300.0,1600.6123377397262,0.0,0,0,0,0
S4,continuous,B,1048,135,10480.0,10480.0,10520.473230585441,10664.934559442621,10665.826292473785,0.0,0.0,144.46132885717998,144.46132885717998,10480.0,10510.0,10664.934559442621,10854.934559442621,300.0,1835.1618225366997,0.0,0,0,0,0
S4,continuous,B,1049,28,10490.0,10490.0,10606.64782286741,10939.394680611565,10984.027535853174,0.0,0.0,332.74685774415593,332.74685774415593,10490.0,10520.0,10974.027535853174,11164.027535853174,350.0,4929.1713875380365,0.0,0,0,0,1
S4,continuous,B,1050,115,10500.0,10520.0,10624.173484889652,10804.256726013278,10860.483319330602,20.0,20.0,180.08324112362607,200.08324112362607,10520.0,10550.0,10850.483319330602,11040.483319330602,350.0,4155.517546066205,0.0,0,0,0,1
S4,continuous,B,1051,196,10510.0,10510.0,10582.973252947273,11437.988506200181,11477.934573646933,0.0,0.0,855.0152532529082,855.0152532529082,10510.0,10540.0,11467.934573646933,11657.934573646933,300.0,2187.954403246808,0.0,0,0,0,0
S4,continuous,B,1052,106,10520.0,10682.532370203964,10779.23955271782,10779.23955271782,10789.766923649824,162.5323702039641,162.5323702039641,0.0,162.5323702039641,10682.532370203964,10712.532370203964,10779.766923649824,10969.766923649824,300.0,3350.460411047942,0.03827968106224944,1,0,1,0
S4,continuous,B,1053,26,10530.0,11294.17294157426,11384.735799003864,11682.292145164653,11715.290763826246,764.1729415742593,764.1729415742593,297.55634616078896,1061.7292877350483,11294.17294157426,11324.17294157426,11705.290763826246,11895.290763826246,300.0,3201.1193983004123,0.0,0,0,0,0
S4,continuous,B,1054,3,10540.0,10540.0,10602.652739790745,10859.87044002181,10901.543452242127,0.0,0.0,257.21770023106546,257.21770023106546,10540.0,10570.0,10891.543452242127,11081.543452242127,350.0,3095.7274521842305,0.0,0,0,0,1
S4,continuous,B,1055,96,10550.0,10550.0,10578.558740841678,10891.568431929367,10924.064553990052,0.0,0.0,313.00969108768913,313.00969108768913,10550.0,10580.0,10914.064553990052,11104.064553990052,300.0,1219.29304984367,0.0,0,0,0,0
S4,continuous,B,1056,57,10560.0,10896.586718025692,11005.764180997761,11627.988506200181,11667.934573646933,336.5867180256919,336.5867180256919,622.22432520242,958.8110432281119,10896.586718025692,10926.586718025692,11657.934573646933,11847.934573646933,300.0,5573.847791253614,0.0,0,0,0,0
S4,continuous,B,1057,21,10570.0,10668.086219713585,10693.580230341862,10693.580230341862,10704.490829179165,98.0862197135848,98.0862197135848,0.0,98.0862197135848,10668.086219713585,10698.086219713585,10694.490829179165,10884.490829179165,300.0,1104.9658285980493,0.0,0,0,0,0
S4,continuous,B,1058,181,10580.0,10754.099480802326,10798.042556371158,11182.893998021353,11223.839523796049,174.09948080232607,174.09948080232607,384.85144165019483,558.9509224525209,10754.099480802326,10784.099480802326,11213.839523796049,11403.839523796049,350.0,2477.1864493921685,0.0,0,0,0,1
S4,continuous,B,1059,105,10590.0,10926.586718025692,11046.06683062366,11129.394680611565,11174.027535853174,336.5867180256919,336.5867180256919,83.32784998790521,419.9145680135971,10926.586718025692,10956.586718025692,11164.027535853174,11354.027535853174,350.0,5667.458371954521,0.0,0,0,0,1
S4,continuous,B,1060,178,10600.0,11354.027535853174,11445.127349877628,11445.127349877628,11490.223387234731,754.0275358531744,754.0275358531744,0.0,754.0275358531744,11354.027535853174,11384.027535853174,11480.223387234731,11670.223387234731,350.0,3546.4417151832376,0.0,0,0,0,1
S4,continuous,B,1061,191,10610.0,10956.586718025692,11006.822089464516,11102.255632298611,11145.069892035013,346.5867180256919,346.5867180256919,95.43354283409462,442.0202608597865,10956.586718025692,10986.586718025692,11135.069892035013,11325.069892035013,300.0,1658.7159838189284,0.0,0,0,0,0
S4,continuous,B,1062,128,10620.0,10791.803796711085,10847.929217773113,10854.042826411458,10864.934559442621,171.80379671108494,171.80379671108494,6.1136086383448855,177.91740534942983,10791.803796711085,10821.803796711085,10854.934559442621,11044.934559442621,350.0,2767.5304835581533,0.0,0,0,0,1
S4,continuous,B,1063,100,10630.0,10630.0,10711.108622691097,10965.704878931885,10996.586718025692,0.0,0.0,254.59625624078762,254.59625624078762,10630.0,10660.0,10986.586718025692,11176.586718025692,300.0,4714.547091637323,0.0,0,0,0,0
S4,continuous,B,1064,37,10640.0,10640.0,10723.832637713862,10784.099480802326,10784.754824868327,0.0,0.0,60.26684308846416,60.26684308846416,10640.0,10670.0,10784.099480802326,10974.099480802326,300.0,3128.7784087043865,0.0,0,0,0,0
S4,continuous,B,1065,140,10650.0,11384.027535853174,11483.311661781572,11862.292145164653,11905.290763826246,734.0275358531744,734.0275358531744,378.98048338308035,1113.0080192362548,11384.027535853174,11414.027535853174,11895.290763826246,12085.290763826246,350.0,4081.5754153019097,0.0,0,0,0,1
S4,continuous,B,1066,144,10660.0,11215.524085420124,11316.786895655758,11316.786895655758,11344.134671334152,555.5240854201238,555.5240854201238,0.0,555.5240854201238,11215.524085420124,11245.524085420124,11334.134671334152,11524.134671334152,350.0,4428.665418059899,0.0,0,0,0,1
S4,continuous,B,1067,73,10670.0,10670.0,10772.36711881667,11096.488981912102,11141.585019269205,0.0,0.0,324.12186309543176,324.12186309543176,10670.0,10700.0,11131.585019269205,11321.585019269205,350.0,3556.628644091754,0.0,0,0,0,1
S4,continuous,B,1068,82,10680.0,10821.803796711085,10893.598295401924,10893.598295401924,10954.668380988991,141.80379671108494,141.80379671108494,0.0,141.80379671108494,10821.803796711085,10851.803796711085,10944.668380988991,11134.668380988991,350.0,4063.0274215916306,0.0,0,0,0,1
S4,continuous,B,1069,67,10690.0,10974.099480802326,10985.192650784347,11059.87044002181,11091.543452242127,284.09948080232607,284.09948080232607,74.677789237463,358.7772700397891,10974.099480802326,11004.099480802326,11081.543452242127,11271.543452242127,300.0,857.4968424995998,0.0,0,0,0,0
S4,continuous,B,1070,29,10700.0,11321.585019269205,11406.221883050335,11807.988506200181,11857.934573646933,621.5850192692051,621.5850192692051,401.76662314984605,1023.3516424190511,11321.585019269205,11351.585019269205,11847.934573646933,12037.934573646933,350.0,3111.2656189544114,0.0,0,0,0,1
S4,continuous,B,1071,69,10710.0,11271.543452242127,11365.472741237036,11379.394680611565,11424.027535853174,561.5434522421274,561.5434522421274,13.921939374529757,575.4653916166571,11271.543452242127,11301.543452242127,11414.027535853174,11604.027535853174,350.0,3915.281122282346,0.0,0,0,0,1
S4,continuous,B,1072,118,10720.0,12037.934573646933,12153.970418454352,12153.970418454352,12203.762544073226,1317.9345736469331,1317.9345736469331,0.0,1317.9345736469331,12037.934573646933,12067.934573646933,12193.762544073226,12383.762544073226,350.0,4904.676122705922,0.0,0,0,0,1
S4,continuous,B,1073,104,10730.0,10730.0,10806.743756479582,10969.23955271782,10979.766923649824,0.0,0.0,162.49579623823774,162.49579623823774,10730.0,10760.0,10969.766923649824,11159.766923649824,300.0,2511.8876424076243,0.0,0,0,0,0
S4,continuous,B,1074,22,10740.0,11040.483319330602,11157.24989203832,11157.24989203832,11180.986707442184,300.48331933060217,300.48331933060217,0.0,300.48331933060217,11040.483319330602,11070.483319330602,11170.986707442184,11360.986707442184,350.0,4435.815669632257,0.0,0,0,0,1
S4,continuous,B,1075,56,10750.0,11351.585019269205,11444.203469346265,11444.203469346265,11464.73084027827,601.5850192692051,601.5850192692051,0.0,601.5850192692051,11351.585019269205,11381.585019269205,11454.73084027827,11644.73084027827,350.0,3496.2778894425874,0.0,0,0,0,1
S4,continuous,B,1076,21,10760.0,11176.586718025692,11251.16961234875,12052.292145164653,12095.290763826246,416.5867180256919,416.5867180256919,801.1225328159016,1217.7092508415935,11176.586718025692,11206.586718025692,12085.290763826246,12275.290763826246,350.0,2666.1393040604657,0.0,0,0,0,1
S4,continuous,B,1077,183,10770.0,11301.543452242127,11404.032035442766,11635.127349877628,11680.223387234731,531.5434522421274,531.5434522421274,231.0953144348623,762.6387666769897,11301.543452242127,11331.543452242127,11670.223387234731,11860.223387234731,350.0,4488.216646575165,0.0,0,0,0,1
S4,continuous,B,1078,66,10780.0,11245.524085420124,11334.39954320602,11334.39954320602,11372.351972156423,465.5240854201238,465.5240854201238,0.0,465.5240854201238,11245.524085420124,11275.524085420124,11362.351972156423,11552.351972156423,350.0,3655.865187770777,0.0,0,0,0,1
S4,continuous,B,1079,8,10790.0,10790.0,10865.58626739364,11382.893998021353,11413.839523796049,0.0,0.0,517.3077306277119,517.3077306277119,10790.0,10820.0,11403.839523796049,11593.839523796049,300.0,2536.812477558289,0.0,0,0,0,0
