scenario_id,sweep,model,flight_id,aircraft_id,planned_start_time,start_time,cruise_arrival_time,descent_start_time,end_time,delay_s,takeoff_pad_delay_s,landing_pad_delay_s,pad_delay_s,takeoff_pad_start_s,takeoff_pad_end_s,landing_pad_start_s,landing_pad_end_s,cruise_altitude,distance_m,detour_distance_m,building_risks,building_collisions,path_changes,altitude_changes
S6,continuous,B,0,162,0.0,0.0,42.866523663699006,42.866523663699006,102.59190465863384,0.0,0.0,0.0,0.0,0.0,0.0,92.59190465863384,92.59190465863384,350.0,2119.5100523157917,0.0,0,0,0,1
S6,continuous,B,1,111,10.0,10.0,132.88677608774822,132.88677608774822,185.53512903771326,0.0,0.0,0.0,0.0,10.0,10.0,175.53512903771326,175.53512903771326,350.0,6095.551405991948,0.0,0,0,0,1
S6,continuous,B,2,167,20.0,20.0,123.55489759483018,123.55489759483018,151.2309066114721,0.0,0.0,0.0,0.0,20.0,20.0,141.2309066114721,141.2309066114721,350.0,3910.3566622056737,0.0,0,0,0,1
S6,continuous,B,3,199,30.0,30.0,85.41453974190138,85.41453974190138,109.14154682979314,0.0,0.0,0.0,0.0,30.0,30.0,99.14154682979314,99.14154682979314,300.0,1998.4456424808816,0.0,0,0,0,0
S6,continuous,B,4,168,40.0,40.0,115.09075924238111,115.09075924238111,175.26293462654104,0.0,0.0,0.0,0.0,40.0,40.0,165.26293462654104,165.26293462654104,350.0,1606.1510677848228,0.0,0,0,0,1
S6,continuous,B,5,294,50.0,50.0,176.1604868038799,176.1604868038799,195.46467572991025,0.0,0.0,0.0,0.0,50.0,50.0,185.46467572991025,185.46467572991025,350.0,4878.364843445137,0.0,0,0,0,1
S6,continuous,B,6,75,60.0,60.0,108.48520001449417,108.48520001449417,148.88065774917067,0.0,0.0,0.0,0.0,60.0,60.0,138.88065774917067,138.88065774917067,350.0,1076.5165799284782,0.0,0,0,0,1
S6,continuous,B,7,226,70.0,70.0,132.26183504147747,132.26183504147747,192.43401042563738,0.0,0.0,0.0,0.0,70.0,70.0,182.43401042563738,182.43401042563738,350.0,3414.7647827804813,0.0,0,0,0,1
S6,continuous,B,8,110,80.0,80.0,176.8157761542504,176.8157761542504,236.5411571491852,0.0,0.0,0.0,0.0,80.0,80.0,226.5411571491852,226.5411571491852,350.0,3506.3635500101896,0.0,0,0,0,1
S6,continuous,B,9,221,90.0,90.0,173.31141453685842,173.31141453685842,189.134997793019,0.0,0.0,0.0,0.0,90.0,90.0,179.134997793019,179.134997793019,350.0,3142.158991766315,0.0,0,0,0,1
S6,continuous,B,10,188,100.0,100.0,167.4776934611613,167.4776934611613,179.7332037703043,0.0,0.0,0.0,0.0,100.0,100.0,169.7332037703043,169.7332037703043,350.0,3073.912445229052,0.0,0,0,0,1
S6,continuous,B,11,274,110.0,110.0,193.78055801169347,193.78055801169347,236.5254354122044,0.0,0.0,0.0,0.0,110.0,110.0,226.5254354122044,226.5254354122044,300.0,4335.929484028794,0.0,0,0,0,0
S6,continuous,B,12,194,120.0,120.0,192.95833379470736,192.95833379470736,209.77268671749897,0.0,0.0,0.0,0.0,120.0,120.0,199.77268671749897,199.77268671749897,350.0,2590.1533078832654,0.0,0,0,0,1
S6,continuous,B,13,54,130.0,130.0,280.95432033591146,280.95432033591146,339.8006212241873,0.0,0.0,0.0,0.0,130.0,130.0,329.8006212241873,329.8006212241873,350.0,7111.2044282543,0.0,0,0,0,1
S6,continuous,B,14,209,140.0,140.0,203.60418858928475,203.60418858928475,233.99964632396123,0.0,0.0,0.0,0.0,140.0,140.0,223.99964632396123,223.99964632396123,300.0,2631.1521584122147,0.0,0,0,0,0
S6,continuous,B,15,310,150.0,150.0,228.63978291488672,228.63978291488672,247.94397184091707,0.0,0.0,0.0,0.0,150.0,150.0,237.94397184091707,237.94397184091707,350.0,3642.113203162697,0.0,0,0,0,1
S6,continuous,B,16,208,160.0,160.0,196.29093029577726,196.29093029577726,214.48366467382584,0.0,0.0,0.0,0.0,160.0,160.0,204.48366467382584,204.48366467382584,300.0,1207.257085970929,0.139513626323037,1,0,1,0
S6,continuous,B,17,28,170.0,170.0,260.075568881984,260.075568881984,300.4710266166605,0.0,0.0,0.0,0.0,170.0,170.0,290.4710266166605,290.4710266166605,350.0,2530.5069639793855,0.0,0,0,0,1
S6,continuous,B,18,155,180.0,180.0,243.90209288993384,243.90209288993384,246.15760319907685,0.0,0.0,0.0,0.0,180.0,180.0,243.90209288993384,243.90209288993384,300.0,2808.2516404546463,0.0,0,0,0,0
S6,continuous,B,19,229,190.0,190.0,280.04223690127947,280.04223690127947,292.2977472104225,0.0,0.0,0.0,0.0,190.0,190.0,282.2977472104225,282.2977472104225,350.0,2811.4925719328407,0.0,0,0,0,1
S6,continuous,B,20,241,200.0,200.0,253.22008267645933,253.22008267645933,266.2695174492985,0.0,0.0,0.0,0.0,200.0,200.0,256.2695174492985,256.2695174492985,350.0,2983.7181100877897,0.0,0,0,0,1
S6,continuous,B,21,236,210.0,210.0,301.0931518488263,301.0931518488263,325.18847082818985,0.0,0.0,0.0,0.0,210.0,210.0,315.18847082818985,315.18847082818985,350.0,3762.194675733239,0.0,0,0,0,1
S6,continuous,B,22,194,220.0,220.0,279.3921171340493,279.3921171340493,310.2538394711064,0.0,0.0,0.0,0.0,220.0,220.0,300.2538394711064,300.2538394711064,350.0,2627.905083561155,0.0,0,0,0,1
S6,continuous,B,23,278,230.0,230.0,303.614339101649,303.614339101649,315.869849410792,0.0,0.0,0.0,0.0,230.0,230.0,305.869849410792,305.869849410792,350.0,2371.7614728527046,0.0,0,0,0,1
S6,continuous,B,24,87,240.0,240.0,344.95344227856606,344.95344227856606,360.77702553472665,0.0,0.0,0.0,0.0,240.0,240.0,350.77702553472665,350.77702553472665,350.0,5369.32684549229,0.0,0,0,0,1
S6,continuous,B,25,336,250.0,250.0,314.1506771312698,314.1506771312698,364.7446290942339,0.0,0.0,0.0,0.0,250.0,250.0,354.7446290942339,354.7446290942339,350.0,2832.6216327729026,0.0,0,0,0,1
S6,continuous,B,26,205,260.0,260.0,281.6192388819114,281.6192388819114,328.18794195393605,0.0,0.0,0.0,0.0,260.0,260.0,318.18794195393605,318.18794195393605,300.0,1311.6540256998342,0.0,0,0,0,0
S6,continuous,B,27,132,270.0,270.0,365.58859972317794,365.58859972317794,382.40295264596955,0.0,0.0,0.0,0.0,270.0,270.0,372.40295264596955,372.40295264596955,350.0,4553.505535373966,0.0,0,0,0,1
S6,continuous,B,28,288,280.0,280.0,380.58951461566926,380.58951461566926,440.3148956106041,0.0,0.0,0.0,0.0,280.0,280.0,430.3148956106041,430.3148956106041,350.0,5244.2190710491395,0.0,0,0,0,1
S6,continuous,B,29,43,290.0,290.0,393.2171388992998,393.2171388992998,424.07886123635694,0.0,0.0,0.0,0.0,290.0,290.0,414.07886123635694,414.07886123635694,350.0,4604.292495886603,0.0,0,0,0,1
S6,continuous,B,30,70,300.0,300.0,357.78135378929034,357.78135378929034,398.5654060465803,0.0,0.0,0.0,0.0,300.0,300.0,388.5654060465803,388.5654060465803,300.0,1534.5242269553887,0.0,0,0,0,0
S6,continuous,B,31,178,310.0,310.0,417.47613110063674,417.47613110063674,445.15214011727863,0.0,0.0,0.0,0.0,310.0,310.0,435.15214011727863,435.15214011727863,350.0,6113.030468020452,0.0,0,0,0,1
S6,continuous,B,32,164,320.0,320.0,427.1925847403717,427.1925847403717,437.4012535329181,0.0,0.0,0.0,0.0,320.0,320.0,427.4012535329181,427.4012535329181,350.0,3520.7074098279127,0.0,0,0,0,1
S6,continuous,B,33,98,330.0,330.0,406.12121017823176,406.12121017823176,456.7151621411959,0.0,0.0,0.0,0.0,330.0,330.0,446.7151621411959,446.7151621411959,350.0,2013.0458495309288,0.0,0,0,0,1
S6,continuous,B,34,279,340.0,340.0,447.9083214008166,447.9083214008166,490.02408386789136,0.0,0.0,0.0,0.0,340.0,340.0,480.02408386789136,480.02408386789136,350.0,4284.506534673693,0.0,0,0,0,1
S6,continuous,B,35,226,350.0,350.0,445.87435494342037,445.87435494342037,474.0670893214689,0.0,0.0,0.0,0.0,350.0,350.0,464.0670893214689,464.0670893214689,350.0,5342.162351013061,0.0,0,0,0,1
S6,continuous,B,36,119,360.0,360.0,453.00257570121454,453.00257570121454,492.85037521547406,0.0,0.0,0.0,0.0,360.0,360.0,482.85037521547406,482.85037521547406,300.0,3087.9339538820896,0.0,0,0,0,0
S6,continuous,B,37,102,370.0,370.0,444.7533659559332,444.7533659559332,475.88474875005966,0.0,0.0,0.0,0.0,370.0,370.0,465.88474875005966,465.88474875005966,350.0,1892.566212451668,0.0,0,0,0,1
S6,continuous,B,38,124,380.0,380.0,447.0140202646827,447.0140202646827,496.7394012596175,0.0,0.0,0.0,0.0,380.0,380.0,486.7394012596175,486.7394012596175,300.0,1807.4008561714318,0.0,0,0,0,0
S6,continuous,B,39,273,390.0,390.0,505.9584780219403,505.9584780219403,558.7033554224513,0.0,0.0,0.0,0.0,390.0,390.0,548.7033554224513,548.7033554224513,350.0,6803.864604693371,0.0,0,0,0,1
S6,continuous,B,40,77,400.0,400.0,474.3830894397605,474.3830894397605,490.2066726959211,0.0,0.0,0.0,0.0,400.0,400.0,480.2066726959211,480.2066726959211,350.0,1964.0429088855,0.0,0,0,0,1
S6,continuous,B,41,351,410.0,410.0,468.4557130104353,468.4557130104353,492.1827200983271,0.0,0.0,0.0,0.0,410.0,410.0,482.1827200983271,482.1827200983271,300.0,1317.6779806358015,0.0,0,0,0,0
S6,continuous,B,42,327,420.0,420.0,512.7946555187281,512.7946555187281,572.966830902888,0.0,0.0,0.0,0.0,420.0,420.0,562.966830902888,562.966830902888,350.0,3172.49998933666,0.0,0,0,0,1
S6,continuous,B,43,33,430.0,430.0,521.6366083386572,521.6366083386572,530.9407972646875,0.0,0.0,0.0,0.0,430.0,430.0,521.6366083386572,521.6366083386572,300.0,2844.1514101037883,0.6358881238511458,1,0,1,0
S6,continuous,B,44,356,440.0,440.0,512.9583337947074,512.9583337947074,529.772686717499,0.0,0.0,0.0,0.0,440.0,440.0,519.772686717499,519.772686717499,350.0,2590.1533078832654,0.0,0,0,0,1
S6,continuous,B,45,352,450.0,450.0,537.0030278448957,537.0030278448957,587.5969798078597,0.0,0.0,0.0,0.0,450.0,450.0,577.5969798078597,577.5969798078597,350.0,2921.488393608316,0.0,0,0,0,1
S6,continuous,B,46,152,460.0,460.0,524.3742898087077,524.3742898087077,534.5829586012541,0.0,0.0,0.0,0.0,460.0,460.0,524.5829586012541,524.5829586012541,350.0,3305.777567637759,0.0,0,0,0,1
S6,continuous,B,47,10,470.0,470.0,545.8493757123728,545.8493757123728,596.6334279696628,0.0,0.0,0.0,0.0,470.0,470.0,586.6334279696628,586.6334279696628,350.0,4331.406560323583,0.0,0,0,0,1
S6,continuous,B,48,212,480.0,480.0,560.6019152083127,560.6019152083127,584.3289222962044,0.0,0.0,0.0,0.0,480.0,480.0,574.3289222962044,574.3289222962044,300.0,3034.815079280965,0.0,0,0,0,0
S6,continuous,B,49,258,490.0,490.0,563.614339101649,563.614339101649,575.869849410792,0.0,0.0,0.0,0.0,490.0,490.0,565.869849410792,565.869849410792,350.0,2371.7614728527046,0.0,0,0,0,1
S6,continuous,B,50,346,500.0,500.0,616.3978175101282,616.3978175101282,632.2214007662888,0.0,0.0,0.0,0.0,500.0,500.0,622.2214007662888,622.2214007662888,350.0,4008.543432087529,0.0,0,0,0,1
S6,continuous,B,51,79,510.0,510.0,631.3330067866707,631.3330067866707,691.3453380076661,0.0,0.0,0.0,0.0,510.0,510.0,681.3453380076661,681.3453380076661,350.0,4900.525419108168,0.0,0,0,0,1
S6,continuous,B,52,254,520.0,520.0,634.6340700481221,634.6340700481221,647.1938562733092,0.0,0.0,0.0,0.0,520.0,520.0,637.1938562733092,637.1938562733092,350.0,6725.931519213032,0.0,0,0,0,1
S6,continuous,B,53,229,530.0,530.0,599.9489737068072,599.9489737068072,650.5429256697714,0.0,0.0,0.0,0.0,530.0,530.0,640.5429256697714,640.5429256697714,350.0,2117.3581585616716,0.0,0,0,0,1
S6,continuous,B,54,136,540.0,540.0,642.8046136260681,642.8046136260681,681.3630628619624,0.0,0.0,0.0,0.0,540.0,540.0,671.3630628619624,671.3630628619624,350.0,3799.784722669501,0.0,0,0,0,1
S6,continuous,B,55,17,550.0,550.0,608.8604214953583,608.8604214953583,652.6118472602125,0.0,0.0,0.0,0.0,550.0,550.0,642.6118472602125,642.6118472602125,300.0,1621.2989415644058,0.0,0,0,0,0
S6,continuous,B,56,297,560.0,560.0,689.9208809529088,689.9208809529088,748.7671818411845,0.0,0.0,0.0,0.0,560.0,560.0,738.7671818411845,738.7671818411845,350.0,5254.863142673916,0.0,0,0,0,1
S6,continuous,B,57,152,570.0,570.0,649.9720154285136,649.9720154285136,710.1441908126735,0.0,0.0,0.0,0.0,570.0,570.0,700.1441908126735,700.1441908126735,350.0,1955.8203219954457,0.0,0,0,0,1
S6,continuous,B,58,130,580.0,580.0,705.7991793827812,705.7991793827812,764.645480271057,0.0,0.0,0.0,0.0,580.0,580.0,754.645480271057,754.645480271057,350.0,4970.225981270261,0.0,0,0,0,1
S6,continuous,B,59,44,590.0,590.0,646.0948904904021,646.0948904904021,660.1902094697656,0.0,0.0,0.0,0.0,590.0,590.0,650.1902094697656,650.1902094697656,300.0,1352.854990877621,0.0,0,0,0,0
S6,continuous,B,60,146,600.0,600.0,719.975350744353,719.975350744353,748.5219800681933,0.0,0.0,0.0,0.0,600.0,600.0,738.5219800681933,738.5219800681933,350.0,4615.59579646065,0.0,0,0,0,1
S6,continuous,B,61,123,610.0,610.0,717.482259886968,717.482259886968,745.0021507376691,0.0,0.0,0.0,0.0,610.0,610.0,735.0021507376691,735.0021507376691,350.0,4812.030219746322,0.0,0,0,0,1
S6,continuous,B,62,193,620.0,620.0,735.5328456104264,735.5328456104264,773.8054201716334,0.0,0.0,0.0,0.0,620.0,620.0,763.8054201716334,763.8054201716334,350.0,5402.499353196082,0.0,0,0,0,1
S6,continuous,B,63,144,630.0,630.0,762.5218779544879,762.5218779544879,790.7146123325365,0.0,0.0,0.0,0.0,630.0,630.0,780.7146123325365,780.7146123325365,350.0,5346.900314079097,0.0,0,0,0,1
S6,continuous,B,64,188,640.0,640.0,734.3756414402955,734.3756414402955,785.1596936975855,0.0,0.0,0.0,0.0,640.0,640.0,775.1596936975855,775.1596936975855,350.0,2844.8692653447647,0.0,0,0,0,1
S6,continuous,B,65,308,650.0,650.0,714.9075022150838,714.9075022150838,757.0232646821586,0.0,0.0,0.0,0.0,650.0,650.0,747.0232646821586,747.0232646821586,350.0,3347.3206429024267,0.0,0,0,0,1
S6,continuous,B,66,292,660.0,660.0,754.0765402879875,754.0765402879875,782.2692746660362,0.0,0.0,0.0,0.0,660.0,660.0,772.2692746660362,772.2692746660362,350.0,5433.594275968363,0.0,0,0,0,1
S6,continuous,B,67,168,670.0,670.0,743.83599823622,743.83599823622,759.6595814923805,0.0,0.0,0.0,0.0,670.0,670.0,749.6595814923805,749.6595814923805,350.0,3098.3782545769504,0.0,0,0,0,1
S6,continuous,B,68,62,680.0,680.0,762.3788375059387,762.3788375059387,813.1628897632287,0.0,0.0,0.0,0.0,680.0,680.0,803.1628897632287,803.1628897632287,350.0,3564.2420401186077,0.0,0,0,0,1
S6,continuous,B,69,213,690.0,690.0,747.7813537892904,747.7813537892904,788.5654060465804,0.0,0.0,0.0,0.0,690.0,690.0,778.5654060465804,778.5654060465804,300.0,1534.5242269553887,0.0,0,0,0,0
S6,continuous,B,70,18,700.0,700.0,770.1063361467999,770.1063361467999,832.2214007662889,0.0,0.0,0.0,0.0,700.0,700.0,822.2214007662889,822.2214007662889,350.0,4008.543432087529,0.0,0,0,0,1
S6,continuous,B,71,156,710.0,710.0,806.4743045473474,806.4743045473474,866.0933572526382,0.0,0.0,0.0,0.0,710.0,710.0,856.0933572526382,856.0933572526382,350.0,4649.883462929623,0.0,0,0,0,1
S6,continuous,B,72,347,720.0,720.0,785.4442210742211,785.4442210742211,798.0040072994082,0.0,0.0,0.0,0.0,720.0,720.0,788.0040072994082,788.0040072994082,350.0,2505.9783971028746,0.0,0,0,0,1
S6,continuous,B,73,141,730.0,730.0,799.6814921322386,799.6814921322386,833.4084992201304,0.0,0.0,0.0,0.0,730.0,730.0,823.4084992201304,823.4084992201304,350.0,3107.3806215624486,0.0,0,0,0,1
S6,continuous,B,74,68,740.0,740.0,874.9862579512248,874.9862579512248,908.7132650391165,0.0,0.0,0.0,0.0,740.0,740.0,898.7132650391165,898.7132650391165,350.0,5239.575475084274,0.0,0,0,0,1
S6,continuous,B,75,4,750.0,750.0,825.2771545976199,825.2771545976199,867.9255075475849,0.0,0.0,0.0,0.0,750.0,750.0,857.9255075475849,857.9255075475849,300.0,5218.85082905079,0.0,0,0,0,0
S6,continuous,B,76,243,760.0,760.0,805.6318830672927,805.6318830672927,848.2802360172577,0.0,0.0,0.0,0.0,760.0,760.0,838.2802360172577,838.2802360172577,300.0,1380.9807422642941,0.0,0,0,0,0
S6,continuous,B,77,346,770.0,770.0,844.0066868592654,844.0066868592654,867.7336939471572,0.0,0.0,0.0,0.0,770.0,770.0,857.7336939471572,857.7336939471572,300.0,2537.397603524267,0.0,0,0,0,0
S6,continuous,B,78,43,780.0,780.0,889.6062276432269,889.6062276432269,942.2545805931919,0.0,0.0,0.0,0.0,780.0,780.0,932.2545805931919,932.2545805931919,350.0,5873.263671838385,0.0,0,0,0,1
S6,continuous,B,79,197,790.0,790.0,889.6568410830065,889.6568410830065,902.7062758558457,0.0,0.0,0.0,0.0,790.0,790.0,892.7062758558457,892.7062758558457,350.0,4351.229203020113,0.0,0,0,0,1
S6,continuous,B,80,172,800.0,800.0,870.7266846345151,870.7266846345151,890.0308735605454,0.0,0.0,0.0,0.0,800.0,800.0,880.0308735605454,880.0308735605454,350.0,1737.685616885147,0.0,0,0,0,1
S6,continuous,B,81,207,810.0,810.0,862.1466853737835,862.1466853737835,914.8915627742945,0.0,0.0,0.0,0.0,810.0,810.0,904.8915627742945,904.8915627742945,350.0,2703.284981682638,0.0,0,0,0,1
S6,continuous,B,82,241,820.0,820.0,895.7429764440367,895.7429764440367,936.6319432594489,0.0,0.0,0.0,0.0,820.0,820.0,926.6319432594489,926.6319432594489,300.0,3689.042542115752,9.54052153851535,1,0,1,0
S6,continuous,B,83,328,830.0,830.0,909.0578363604005,909.0578363604005,949.8418886176905,0.0,0.0,0.0,0.0,830.0,830.0,939.8418886176905,939.8418886176905,300.0,2260.6803671113344,0.0,0,0,0,0
S6,continuous,B,84,214,840.0,840.0,912.3650627252473,912.3650627252473,965.1099401257582,0.0,0.0,0.0,0.0,840.0,840.0,955.1099401257582,955.1099401257582,350.0,2906.4611804552883,0.0,0,0,0,1
S6,continuous,B,85,330,850.0,850.0,964.9086676079112,964.9086676079112,1015.6927198652012,0.0,0.0,0.0,0.0,850.0,850.0,1005.6927198652012,1005.6927198652012,350.0,4661.897328782359,0.0,0,0,0,1
S6,continuous,B,86,151,860.0,860.0,891.3724552763651,891.3724552763651,943.4875198958541,0.0,0.0,0.0,0.0,860.0,860.0,933.4875198958541,933.4875198958541,300.0,888.9069044351357,0.0,0,0,0,0
S6,continuous,B,87,199,870.0,870.0,966.3894200074711,966.3894200074711,993.9093108581723,0.0,0.0,0.0,0.0,870.0,870.0,983.9093108581723,983.9093108581723,350.0,4643.792182447119,0.0,0,0,0,1
S6,continuous,B,88,294,880.0,880.0,1001.1792354326535,1001.1792354326535,1020.4834243586838,0.0,0.0,0.0,0.0,880.0,880.0,1010.4834243586838,1010.4834243586838,350.0,5055.176269090928,0.0,0,0,0,1
S6,continuous,B,89,97,890.0,890.0,985.8435729687534,985.8435729687534,1021.2208819670846,0.0,0.0,0.0,0.0,890.0,890.0,1011.2208819670846,1011.2208819670846,350.0,4806.082601271729,0.0,0,0,0,1
S6,continuous,B,90,100,900.0,900.0,1001.7972835765081,1001.7972835765081,1061.4163362817987,0.0,0.0,0.0,0.0,900.0,900.0,1051.4163362817987,1051.4163362817987,350.0,3769.909579794315,0.0,0,0,0,1
S6,continuous,B,91,276,910.0,910.0,1010.372026243343,1010.372026243343,1020.5806950358894,0.0,0.0,0.0,0.0,910.0,910.0,1010.5806950358894,1010.5806950358894,350.0,4384.704383807747,0.0,0,0,0,1
S6,continuous,B,92,65,920.0,920.0,997.4310208079977,997.4310208079977,1061.1306438961626,0.0,0.0,0.0,0.0,920.0,920.0,1051.1306438961626,1051.1306438961626,350.0,3560.7975636695423,0.0,0,0,0,1
S6,continuous,B,93,188,930.0,930.0,1025.967374535205,1025.967374535205,1056.3628322698814,0.0,0.0,0.0,0.0,930.0,930.0,1046.3628322698814,1046.3628322698814,300.0,5263.329380235188,1.684515286925489,2,0,2,0
S6,continuous,B,94,116,940.0,940.0,1032.777928064046,1032.777928064046,1063.9093108581724,0.0,0.0,0.0,0.0,940.0,940.0,1053.9093108581724,1053.9093108581724,350.0,4643.792182447119,0.0,0,0,0,1
S6,continuous,B,95,353,950.0,950.0,1039.7382061599842,1039.7382061599842,1068.2848354838245,0.0,0.0,0.0,0.0,950.0,950.0,1058.2848354838245,1058.2848354838245,350.0,4386.728270638479,0.0,0,0,0,1
S6,continuous,B,96,19,960.0,960.0,1043.7805580116933,1043.7805580116933,1086.5254354122042,0.0,0.0,0.0,0.0,960.0,960.0,1076.5254354122042,1076.5254354122042,300.0,4335.929484028794,0.0,0,0,0,0
S6,continuous,B,97,98,970.0,970.0,1089.975350744353,1089.975350744353,1118.5219800681932,0.0,0.0,0.0,0.0,970.0,970.0,1108.5219800681932,1108.5219800681932,350.0,4615.59579646065,0.0,0,0,0,1
S6,continuous,B,98,246,980.0,980.0,1044.9075022150837,1044.9075022150837,1087.0232646821585,0.0,0.0,0.0,0.0,980.0,980.0,1077.0232646821585,1077.0232646821585,350.0,3347.3206429024267,0.0,0,0,0,1
S6,continuous,B,99,234,990.0,990.0,1080.4537711124153,1080.4537711124153,1118.7263456736223,0.0,0.0,0.0,0.0,990.0,990.0,1108.7263456736223,1108.7263456736223,350.0,2510.996798277203,0.0,0,0,0,1
S6,continuous,B,100,238,1000.0,1000.0,1061.6046040893114,1061.6046040893114,1090.1630533252057,0.0,0.0,0.0,0.0,1000.0,1000.0,1080.1630533252057,1080.1630533252057,300.0,3887.2937703458506,0.0,0,0,0,0
S6,continuous,B,101,170,1010.0,1010.0,1101.8357105349662,1101.8357105349662,1102.0443793275126,0.0,0.0,0.0,0.0,1010.0,1010.0,1101.8357105349662,1101.8357105349662,300.0,4249.037485988754,0.3290210994291556,1,0,1,0
S6,continuous,B,102,82,1020.0,1020.0,1101.5155544754748,1101.5155544754748,1125.2425615633665,0.0,0.0,0.0,0.0,1020.0,1020.0,1115.2425615633665,1115.2425615633665,300.0,2644.177934022364,0.0,0,0,0,0
S6,continuous,B,103,194,1030.0,1030.0,1112.337041542532,1112.337041542532,1172.5092169266918,0.0,0.0,0.0,0.0,1030.0,1030.0,1162.5092169266918,1162.5092169266918,350.0,3870.228374118465,0.0,0,0,0,1
S6,continuous,B,104,298,1040.0,1040.0,1139.284701369574,1139.284701369574,1141.5402116787168,0.0,0.0,0.0,0.0,1040.0,1040.0,1139.284701369574,1139.284701369574,300.0,3318.7808857471327,0.0,0,0,0,0
S6,continuous,B,105,166,1050.0,1050.0,1081.9350035428224,1081.9350035428224,1145.6346266309874,0.0,0.0,0.0,0.0,1050.0,1050.0,1135.6346266309874,1135.6346266309874,350.0,1471.710717499076,0.0,0,0,0,1
S6,continuous,B,106,291,1060.0,1060.0,1163.15428584544,1163.15428584544,1182.4584747714703,0.0,0.0,0.0,0.0,1060.0,1060.0,1172.4584747714703,1172.4584747714703,350.0,3658.8020788267963,0.0,0,0,0,1
S6,continuous,B,107,330,1070.0,1070.0,1191.8717253496377,1191.8717253496377,1219.3916162003388,0.0,0.0,0.0,0.0,1070.0,1070.0,1209.3916162003388,1209.3916162003388,350.0,4585.8728940697565,0.0,0,0,0,1
S6,continuous,B,108,350,1080.0,1080.0,1132.1466853737834,1132.1466853737834,1184.8915627742942,0.0,0.0,0.0,0.0,1080.0,1080.0,1174.8915627742942,1174.8915627742942,350.0,2703.284981682638,0.0,0,0,0,1
S6,continuous,B,109,145,1090.0,1090.0,1166.7702349102083,1166.7702349102083,1226.7825661312038,0.0,0.0,0.0,0.0,1090.0,1090.0,1216.7825661312038,1216.7825661312038,350.0,4381.192219880049,0.0,0,0,0,1
S6,continuous,B,110,331,1100.0,1100.0,1244.7251548578447,1244.7251548578447,1304.7374860788402,0.0,0.0,0.0,0.0,1100.0,1100.0,1294.7374860788402,1294.7374860788402,350.0,6265.3401519403105,0.0,0,0,0,1
S6,continuous,B,111,230,1110.0,1110.0,1202.9275814357707,1202.9275814357707,1230.4474722864718,0.0,0.0,0.0,0.0,1110.0,1110.0,1220.4474722864718,1220.4474722864718,350.0,3972.629452030458,0.0,0,0,0,1
S6,continuous,B,112,148,1120.0,1120.0,1188.5681139592477,1188.5681139592477,1212.2951210471394,0.0,0.0,0.0,0.0,1120.0,1120.0,1202.2951210471394,1202.2951210471394,300.0,3820.6312956618885,6.576510243392022,5,0,2,0
S6,continuous,B,113,86,1130.0,1130.0,1174.5592497054843,1174.5592497054843,1209.9365587038155,0.0,0.0,0.0,0.0,1130.0,1130.0,1199.9365587038155,1199.9365587038155,350.0,1440.8159693310176,0.0,0,0,0,1
S6,continuous,B,114,227,1140.0,1140.0,1214.0739241526207,1214.0739241526207,1276.1889887721097,0.0,0.0,0.0,0.0,1140.0,1140.0,1266.1889887721097,1266.1889887721097,350.0,3345.6973891536427,0.0,0,0,0,1
S6,continuous,B,115,66,1150.0,1150.0,1273.0203521771934,1273.0203521771934,1301.213086555242,0.0,0.0,0.0,0.0,1150.0,1150.0,1291.213086555242,1291.213086555242,350.0,4414.177059932965,0.0,0,0,0,1
S6,continuous,B,116,26,1160.0,1160.0,1277.1819205730992,1277.1819205730992,1279.7417067982863,0.0,0.0,0.0,0.0,1160.0,1160.0,1277.1819205730992,1277.1819205730992,300.0,4611.16465113073,0.0,0,0,0,0
S6,continuous,B,117,287,1170.0,1170.0,1260.2554137158374,1260.2554137158374,1291.386796509964,0.0,0.0,0.0,0.0,1170.0,1170.0,1281.386796509964,1281.386796509964,350.0,3041.001272493587,0.0,0,0,0,1
S6,continuous,B,118,155,1180.0,1180.0,1235.6635678265652,1235.6635678265652,1295.2826205318559,0.0,0.0,0.0,0.0,1180.0,1180.0,1285.2826205318559,1285.2826205318559,350.0,2818.574801525608,0.0,0,0,0,1
S6,continuous,B,119,111,1190.0,1190.0,1233.6492839740624,1233.6492839740624,1284.4333362313523,0.0,0.0,0.0,0.0,1190.0,1190.0,1274.4333362313523,1274.4333362313523,350.0,2126.9874293184635,0.0,0,0,0,1
S6,continuous,B,120,122,1200.0,1200.0,1341.484366342774,1341.484366342774,1383.6001288098487,0.0,0.0,0.0,0.0,1200.0,1200.0,1373.6001288098487,1373.6001288098487,350.0,6014.0146804099595,0.0,0,0,0,1
S6,continuous,B,121,216,1210.0,1210.0,1306.8443569471165,1306.8443569471165,1319.0998672562594,0.0,0.0,0.0,0.0,1210.0,1210.0,1309.0998672562594,1309.0998672562594,350.0,2841.05976452723,0.0,0,0,0,1
S6,continuous,B,122,307,1220.0,1220.0,1336.397817510128,1336.397817510128,1352.2214007662888,0.0,0.0,0.0,0.0,1220.0,1220.0,1342.2214007662888,1342.2214007662888,350.0,4008.543432087529,0.0,0,0,0,1
S6,continuous,B,123,262,1230.0,1230.0,1297.948090513825,1297.948090513825,1338.732142771115,0.0,0.0,0.0,0.0,1230.0,1230.0,1328.732142771115,1328.732142771115,300.0,2859.4064019030643,1.1929940145109867,1,0,1,0
S6,continuous,B,124,319,1240.0,1240.0,1256.5020963910276,1256.5020963910276,1285.060545626922,0.0,0.0,0.0,0.0,1240.0,1240.0,1275.060545626922,1275.060545626922,300.0,822.7135753425025,0.0,0,0,0,0
S6,continuous,B,125,18,1250.0,1250.0,1343.1010165180849,1343.1010165180849,1370.7770255347268,0.0,0.0,0.0,0.0,1250.0,1250.0,1360.7770255347268,1360.7770255347268,350.0,5369.32684549229,0.0,0,0,0,1
S6,continuous,B,126,314,1260.0,1260.0,1339.568947886465,1339.568947886465,1390.162899849429,0.0,0.0,0.0,0.0,1260.0,1260.0,1380.162899849429,1380.162899849429,350.0,4581.778651449244,0.0,0,0,0,1
S6,continuous,B,127,221,1270.0,1270.0,1312.3215847984666,1312.3215847984666,1314.8813710236536,0.0,0.0,0.0,0.0,1270.0,1270.0,1312.3215847984666,1312.3215847984666,300.0,1093.0972079791907,0.0,0,0,0,0
S6,continuous,B,128,209,1280.0,1280.0,1358.3859293149285,1358.3859293149285,1412.1373550797828,0.0,0.0,0.0,0.0,1280.0,1280.0,1402.1373550797828,1402.1373550797828,350.0,2420.538113106827,0.0,0,0,0,1
S6,continuous,B,129,324,1290.0,1290.0,1403.824003256805,1403.824003256805,1442.096577818012,0.0,0.0,0.0,0.0,1290.0,1290.0,1432.096577818012,1432.096577818012,350.0,5348.471047507692,0.0,0,0,0,1
S6,continuous,B,130,285,1300.0,1300.0,1322.4000526249474,1322.4000526249474,1350.9585018608418,0.0,0.0,0.0,0.0,1300.0,1300.0,1340.9585018608418,1340.9585018608418,300.0,1448.0806101842052,0.0,0,0,0,0
S6,continuous,B,131,133,1310.0,1310.0,1353.754086943717,1353.754086943717,1395.8698494107919,0.0,0.0,0.0,0.0,1310.0,1310.0,1385.8698494107919,1385.8698494107919,350.0,2371.7614728527046,0.0,0,0,0,1
S6,continuous,B,132,15,1320.0,1320.0,1425.2428221112123,1425.2428221112123,1437.8026083363993,0.0,0.0,0.0,0.0,1320.0,1320.0,1427.8026083363993,1427.8026083363993,350.0,3378.2266465786915,0.0,0,0,0,1
S6,continuous,B,133,41,1330.0,1330.0,1460.5815816289214,1460.5815816289214,1476.459507279533,0.0,0.0,0.0,0.0,1330.0,1330.0,1466.459507279533,1466.459507279533,350.0,6293.775176542772,0.0,0,0,0,1
S6,continuous,B,134,351,1340.0,1340.0,1473.4028250076444,1473.4028250076444,1497.498143987008,0.0,0.0,0.0,0.0,1340.0,1340.0,1487.498143987008,1487.498143987008,350.0,5761.397489041614,0.0,0,0,0,1
S6,continuous,B,135,103,1350.0,1350.0,1407.2852329396223,1407.2852329396223,1419.8450191648094,0.0,0.0,0.0,0.0,1350.0,1350.0,1409.8450191648094,1409.8450191648094,350.0,2395.9364567066696,0.0,0,0,0,1
S6,continuous,B,136,136,1360.0,1360.0,1435.742976444037,1435.742976444037,1476.6319432594491,0.0,0.0,0.0,0.0,1360.0,1360.0,1466.6319432594491,1466.6319432594491,300.0,3689.042542115752,9.54052153851535,1,0,1,0
S6,continuous,B,137,155,1370.0,1370.0,1430.847687390663,1430.847687390663,1466.2249963889942,0.0,0.0,0.0,0.0,1370.0,1370.0,1456.2249963889942,1456.2249963889942,350.0,2153.5669339491915,0.0,0,0,0,1
S6,continuous,B,138,119,1380.0,1380.0,1486.4088171952908,1486.4088171952908,1546.1341981902256,0.0,0.0,0.0,0.0,1380.0,1380.0,1536.1341981902256,1536.1341981902256,350.0,6202.123067555524,0.0,0,0,0,1
S6,continuous,B,139,284,1390.0,1390.0,1420.3424099555061,1420.3424099555061,1460.1902094697657,0.0,0.0,0.0,0.0,1390.0,1390.0,1450.1902094697657,1450.1902094697657,300.0,1352.854990877621,0.0,0,0,0,0
S6,continuous,B,140,225,1400.0,1400.0,1465.3689469986941,1465.3689469986941,1517.484011618183,0.0,0.0,0.0,0.0,1400.0,1400.0,1507.484011618183,1507.484011618183,300.0,2115.211418627599,0.0,0,0,0,0
S6,continuous,B,141,71,1410.0,1410.0,1476.0563177778668,1476.0563177778668,1504.2490521559153,0.0,0.0,0.0,0.0,1410.0,1410.0,1494.2490521559153,1494.2490521559153,350.0,2053.664963442976,0.0,0,0,0,1
S6,continuous,B,142,305,1420.0,1420.0,1524.300040219849,1524.300040219849,1543.6042291458793,0.0,0.0,0.0,0.0,1420.0,1420.0,1533.6042291458793,1533.6042291458793,350.0,4618.698250201417,0.0,0,0,0,1
S6,continuous,B,143,286,1430.0,1430.0,1508.0853885585948,1508.0853885585948,1520.6451747837818,0.0,0.0,0.0,0.0,1430.0,1430.0,1510.6451747837818,1510.6451747837818,350.0,1340.348077928747,0.0,0,0,0,1
S6,continuous,B,144,92,1440.0,1440.0,1536.100713877592,1536.100713877592,1546.3093826701383,0.0,0.0,0.0,0.0,1440.0,1440.0,1536.3093826701383,1536.3093826701383,350.0,4751.070379775938,0.0,0,0,0,1
S6,continuous,B,145,220,1450.0,1450.0,1494.1415244679474,1494.1415244679474,1496.3970347770903,0.0,0.0,0.0,0.0,1450.0,1450.0,1494.1415244679474,1494.1415244679474,300.0,771.8360010352606,0.0,0,0,0,0
S6,continuous,B,146,100,1460.0,1460.0,1534.3830894397606,1534.3830894397606,1550.2066726959213,0.0,0.0,0.0,0.0,1460.0,1460.0,1540.2066726959213,1540.2066726959213,350.0,1964.0429088855,0.0,0,0,0,1
S6,continuous,B,147,55,1470.0,1470.0,1582.2693229472136,1582.2693229472136,1610.462057325262,0.0,0.0,0.0,0.0,1470.0,1470.0,1600.462057325262,1600.462057325262,350.0,5722.445657585971,0.0,0,0,0,1
S6,continuous,B,148,117,1480.0,1480.0,1572.2896464797843,1572.2896464797843,1582.4983152723307,0.0,0.0,0.0,0.0,1480.0,1480.0,1572.4983152723307,1572.4983152723307,350.0,2502.9260173202915,0.0,0,0,0,1
S6,continuous,B,149,200,1490.0,1490.0,1621.392357108707,1621.392357108707,1681.1177381036418,0.0,0.0,0.0,0.0,1490.0,1490.0,1671.1177381036418,1671.1177381036418,350.0,5569.714022780293,0.0,0,0,0,1
S6,continuous,B,150,192,1500.0,1500.0,1582.2595081044433,1582.2595081044433,1610.8061374282836,0.0,0.0,0.0,0.0,1500.0,1500.0,1600.8061374282836,1600.8061374282836,350.0,3248.9293173686065,0.0,0,0,0,1
S6,continuous,B,151,275,1510.0,1510.0,1548.5037627550776,1548.5037627550776,1608.516093976073,0.0,0.0,0.0,0.0,1510.0,1510.0,1598.516093976073,1598.516093976073,350.0,1381.1011693827304,0.0,0,0,0,1
S6,continuous,B,152,2,1520.0,1520.0,1586.9719788107664,1586.9719788107664,1603.786331733558,0.0,0.0,0.0,0.0,1520.0,1520.0,1593.786331733558,1593.786331733558,350.0,2057.817125026659,0.0,0,0,0,1
S6,continuous,B,153,22,1530.0,1530.0,1613.6372656975584,1613.6372656975584,1673.649596918554,0.0,0.0,0.0,0.0,1530.0,1530.0,1663.649596918554,1663.649596918554,350.0,3278.740683805921,0.0,0,0,0,1
S6,continuous,B,154,34,1540.0,1540.0,1622.5986181296296,1622.5986181296296,1669.1673212016542,0.0,0.0,0.0,0.0,1540.0,1540.0,1659.1673212016542,1659.1673212016542,300.0,3236.1243529526337,0.0,0,0,0,0
S6,continuous,B,155,30,1550.0,1550.0,1608.4671060181292,1608.4671060181292,1662.1667291062943,0.0,0.0,0.0,0.0,1550.0,1550.0,1652.1667291062943,1652.1667291062943,300.0,1106.4635998231793,0.0,0,0,0,0
S6,continuous,B,156,196,1560.0,1560.0,1649.732631127427,1649.732631127427,1685.1099401257584,0.0,0.0,0.0,0.0,1560.0,1560.0,1675.1099401257584,1675.1099401257584,350.0,2906.4611804552883,0.0,0,0,0,1
S6,continuous,B,157,133,1570.0,1570.0,1660.488209240522,1660.488209240522,1714.2396350053764,0.0,0.0,0.0,0.0,1570.0,1570.0,1704.2396350053764,1704.2396350053764,350.0,3704.1657260561346,0.0,0,0,0,1
S6,continuous,B,158,281,1580.0,1580.0,1688.3245090239895,1688.3245090239895,1716.0005180406315,0.0,0.0,0.0,0.0,1580.0,1580.0,1706.0005180406315,1706.0005180406315,350.0,3529.5849951473665,0.0,0,0,0,1
S6,continuous,B,159,359,1590.0,1590.0,1645.6175204423594,1645.6175204423594,1661.495446092971,0.0,0.0,0.0,0.0,1590.0,1590.0,1651.495446092971,1651.495446092971,350.0,2090.164388617105,0.0,0,0,0,1
S6,continuous,B,160,347,1600.0,1600.0,1688.7147099119975,1688.7147099119975,1741.3630628619626,0.0,0.0,0.0,0.0,1600.0,1600.0,1731.3630628619626,1731.3630628619626,350.0,3799.784722669501,0.0,0,0,0,1
S6,continuous,B,161,331,1610.0,1610.0,1677.0209769722094,1677.0209769722094,1690.0704117450487,0.0,0.0,0.0,0.0,1610.0,1610.0,1680.0704117450487,1680.0704117450487,350.0,2794.760352031829,0.0,0,0,0,1
S6,continuous,B,162,322,1620.0,1620.0,1645.4461327510933,1645.4461327510933,1692.6163068016135,0.0,0.0,0.0,0.0,1620.0,1620.0,1682.6163068016135,1682.6163068016135,300.0,1744.2112426670603,0.0,0,0,0,0
S6,continuous,B,163,24,1630.0,1630.0,1696.3394080700195,1696.3394080700195,1708.5949183791624,0.0,0.0,0.0,0.0,1630.0,1630.0,1698.5949183791624,1698.5949183791624,350.0,2126.097379835836,0.0,0,0,0,1
S6,continuous,B,164,118,1640.0,1640.0,1723.1094956080221,1723.1094956080221,1779.6781986800468,0.0,0.0,0.0,0.0,1640.0,1640.0,1769.6781986800468,1769.6781986800468,350.0,2685.3236022778397,0.0,0,0,0,1
S6,continuous,B,165,96,1650.0,1650.0,1753.214917039047,1753.214917039047,1781.4874916002539,0.0,0.0,0.0,0.0,1650.0,1650.0,1771.4874916002539,1771.4874916002539,300.0,3710.8805849723153,0.0,0,0,0,0
S6,continuous,B,166,304,1660.0,1660.0,1759.0371186426619,1759.0371186426619,1774.8607018988225,0.0,0.0,0.0,0.0,1660.0,1660.0,1764.8607018988225,1764.8607018988225,350.0,3882.715977417972,0.0,0,0,0,1
S6,continuous,B,167,348,1670.0,1670.0,1806.346687154033,1806.346687154033,1866.0720681489677,0.0,0.0,0.0,0.0,1670.0,1670.0,1856.0720681489677,1856.0720681489677,350.0,7028.263950635766,0.0,0,0,0,1
S6,continuous,B,168,190,1680.0,1680.0,1704.196905752774,1704.196905752774,1728.2922247321376,0.0,0.0,0.0,0.0,1680.0,1680.0,1718.2922247321376,1718.2922247321376,350.0,757.8160109518423,0.0,0,0,0,1
S6,continuous,B,169,83,1690.0,1690.0,1813.5785790450227,1813.5785790450227,1841.2545880616647,0.0,0.0,0.0,0.0,1690.0,1690.0,1831.2545880616647,1831.2545880616647,350.0,4748.096759974384,0.0,0,0,0,1
S6,continuous,B,170,139,1700.0,1700.0,1800.2182466903407,1800.2182466903407,1825.595555688672,0.0,0.0,0.0,0.0,1700.0,1700.0,1815.595555688672,1815.595555688672,300.0,4350.822020968368,0.0,0,0,0,0
S6,continuous,B,171,222,1710.0,1710.0,1788.6397829148866,1788.6397829148866,1807.943971840917,0.0,0.0,0.0,0.0,1710.0,1710.0,1797.943971840917,1797.943971840917,350.0,3642.113203162697,0.0,0,0,0,1
S6,continuous,B,172,71,1720.0,1720.0,1814.5969640429837,1814.5969640429837,1876.7120286624727,0.0,0.0,0.0,0.0,1720.0,1720.0,1866.7120286624727,1866.7120286624727,350.0,3091.5455261809498,0.0,0,0,0,1
S6,continuous,B,173,68,1730.0,1730.0,1775.3999179005264,1775.3999179005264,1820.7871046309094,0.0,0.0,0.0,0.0,1730.0,1730.0,1810.7871046309094,1810.7871046309094,350.0,2448.8819826952513,0.0,0,0,0,1
S6,continuous,B,174,168,1740.0,1740.0,1808.707049006616,1808.707049006616,1862.4584747714703,0.0,0.0,0.0,0.0,1740.0,1740.0,1852.4584747714703,1852.4584747714703,350.0,3658.8020788267963,0.0,0,0,0,1
S6,continuous,B,175,171,1750.0,1750.0,1873.9194008796376,1873.9194008796376,1913.3435961621026,0.0,0.0,0.0,0.0,1750.0,1750.0,1903.3435961621026,1903.3435961621026,350.0,4757.653943093439,0.0,0,0,0,1
S6,continuous,B,176,279,1760.0,1760.0,1909.3991664964208,1909.3991664964208,1928.703355422451,0.0,0.0,0.0,0.0,1760.0,1760.0,1918.703355422451,1918.703355422451,350.0,6803.864604693371,0.0,0,0,0,1
S6,continuous,B,177,11,1770.0,1770.0,1903.8048150007746,1903.8048150007746,1963.5301959957094,0.0,0.0,0.0,0.0,1770.0,1770.0,1953.5301959957094,1953.5301959957094,350.0,5290.804481256141,0.0,0,0,0,1
S6,continuous,B,178,335,1780.0,1780.0,1880.159216222903,1880.159216222903,1913.8862233107948,0.0,0.0,0.0,0.0,1780.0,1780.0,1903.8862233107948,1903.8862233107948,350.0,4354.862889994607,0.0,0,0,0,1
S6,continuous,B,179,218,1790.0,1790.0,1888.1208058815268,1888.1208058815268,1944.6895089535515,0.0,0.0,0.0,0.0,1790.0,1790.0,1934.6895089535515,1934.6895089535515,350.0,5085.67862081559,0.0,0,0,0,1
S6,continuous,B,180,58,1800.0,1800.0,1845.106052687985,1845.106052687985,1880.4932394183681,0.0,0.0,0.0,0.0,1800.0,1800.0,1870.4932394183681,1870.4932394183681,300.0,1422.9017433041113,0.39705325586623985,1,0,1,0
S6,continuous,B,181,90,1810.0,1810.0,1901.6366083386572,1901.6366083386572,1910.9407972646875,0.0,0.0,0.0,0.0,1810.0,1810.0,1901.6366083386572,1901.6366083386572,300.0,2844.1514101037883,0.6358881238511458,1,0,1,0
S6,continuous,B,182,263,1820.0,1820.0,1897.6189833085607,1897.6189833085607,1914.4333362313523,0.0,0.0,0.0,0.0,1820.0,1820.0,1904.4333362313523,1904.4333362313523,350.0,2126.987429318464,0.0,0,0,0,1
S6,continuous,B,183,200,1830.0,1830.0,1881.9347901824738,1881.9347901824738,1910.4932394183681,0.0,0.0,0.0,0.0,1830.0,1830.0,1900.4932394183681,1900.4932394183681,300.0,1422.9017433041113,0.39705325586623985,1,0,1,0
S6,continuous,B,184,240,1840.0,1840.0,1933.9992923115235,1933.9992923115235,1984.5932442744877,0.0,0.0,0.0,0.0,1840.0,1840.0,1974.5932442744877,1974.5932442744877,350.0,4161.781870871867,0.0,0,0,0,1
S6,continuous,B,185,61,1850.0,1850.0,1901.0782981824414,1901.0782981824414,1940.5024934649064,0.0,0.0,0.0,0.0,1850.0,1850.0,1930.5024934649064,1930.5024934649064,350.0,1895.653632548834,0.0,0,0,0,1
S6,continuous,B,186,341,1860.0,1860.0,1897.6468996769206,1897.6468996769206,1943.0340864073037,0.0,0.0,0.0,0.0,1860.0,1860.0,1933.0340864073037,1933.0340864073037,350.0,998.1772921336352,0.0,0,0,0,1
S6,continuous,B,187,12,1870.0,1870.0,1949.9720154285135,1949.9720154285135,2010.1441908126735,0.0,0.0,0.0,0.0,1870.0,1870.0,2000.1441908126735,2000.1441908126735,350.0,1955.8203219954457,0.0,0,0,0,1
S6,continuous,B,188,283,1880.0,1880.0,1954.7533659559333,1954.7533659559333,1985.8847487500598,0.0,0.0,0.0,0.0,1880.0,1880.0,1975.8847487500598,1975.8847487500598,350.0,1892.566212451668,0.0,0,0,0,1
S6,continuous,B,189,27,1890.0,1890.0,1999.2648137694473,1999.2648137694473,2037.5373883306543,0.0,0.0,0.0,0.0,1890.0,1890.0,2027.5373883306543,2027.5373883306543,350.0,5117.876414391342,0.0,0,0,0,1
S6,continuous,B,190,190,1900.0,1900.0,2008.2151590690553,2008.2151590690553,2046.449873280588,0.0,0.0,0.0,0.0,1900.0,1900.0,2036.449873280588,2036.449873280588,350.0,3880.0234425459307,0.0,0,0,0,1
S6,continuous,B,191,46,1910.0,1910.0,2019.0946517083737,2019.0946517083737,2054.471960706705,0.0,0.0,0.0,0.0,1910.0,1910.0,2044.471960706705,2044.471960706705,350.0,4852.724640080292,0.0,0,0,0,1
S6,continuous,B,192,95,1920.0,1920.0,1952.0182961006453,1952.0182961006453,1969.5381869513465,0.0,0.0,0.0,0.0,1920.0,1920.0,1959.5381869513465,1959.5381869513465,300.0,2034.1040499714452,0.0,0,0,0,0
S6,continuous,B,193,195,1930.0,1930.0,2032.8046136260682,2032.8046136260682,2071.3630628619626,0.0,0.0,0.0,0.0,1930.0,1930.0,2061.3630628619626,2061.3630628619626,350.0,3799.784722669501,0.0,0,0,0,1
S6,continuous,B,194,325,1940.0,1940.0,2033.0883912680122,2033.0883912680122,2082.813772262947,0.0,0.0,0.0,0.0,1940.0,1940.0,2072.813772262947,2072.813772262947,300.0,3756.515067342801,0.5376779963939953,1,0,1,0
S6,continuous,B,195,9,1950.0,1950.0,1982.468641475977,1982.468641475977,1998.2922247321376,0.0,0.0,0.0,0.0,1950.0,1950.0,1988.2922247321376,1988.2922247321376,350.0,757.8160109518421,0.0,0,0,0,1
S6,continuous,B,196,100,1960.0,1960.0,2072.67030771326,2072.67030771326,2125.3186606632253,0.0,0.0,0.0,0.0,1960.0,1960.0,2115.3186606632253,2115.3186606632253,350.0,4654.635241251056,0.0,0,0,0,1
S6,continuous,B,197,42,1970.0,1970.0,2090.284782050811,2090.284782050811,2144.036207815665,0.0,0.0,0.0,0.0,1970.0,1970.0,2134.036207815665,2134.036207815665,350.0,4359.599175108163,0.0,0,0,0,1
S6,continuous,B,198,109,1980.0,1980.0,2050.726684634515,2050.726684634515,2070.0308735605454,0.0,0.0,0.0,0.0,1980.0,1980.0,2060.0308735605454,2060.0308735605454,350.0,1737.685616885147,0.0,0,0,0,1
S6,continuous,B,199,6,1990.0,1990.0,2049.7605128079626,2049.7605128079626,2073.4875198958543,0.0,0.0,0.0,0.0,1990.0,1990.0,2063.4875198958543,2063.4875198958543,300.0,888.9069044351356,0.0,0,0,0,0
S6,continuous,B,200,330,2000.0,2000.0,2097.119386052602,2097.119386052602,2122.496695050933,0.0,0.0,0.0,0.0,2000.0,2000.0,2112.496695050933,2112.496695050933,300.0,3589.3237270547797,0.0,0,0,0,0
S6,continuous,B,201,164,2010.0,2010.0,2084.4207749967095,2084.4207749967095,2108.516093976073,0.0,0.0,0.0,0.0,2010.0,2010.0,2098.516093976073,2098.516093976073,350.0,1381.1011693827302,0.0,0,0,0,1
S6,continuous,B,202,182,2020.0,2020.0,2125.1761910474106,2125.1761910474106,2149.271510026774,0.0,0.0,0.0,0.0,2020.0,2020.0,2139.271510026774,2139.271510026774,350.0,4950.621943160449,0.0,0,0,0,1
S6,continuous,B,203,111,2030.0,2030.0,2119.0231163733274,2119.0231163733274,2177.8694172616033,0.0,0.0,0.0,0.0,2030.0,2030.0,2167.8694172616033,2167.8694172616033,350.0,4468.730454359751,0.0,0,0,0,1
S6,continuous,B,204,253,2040.0,2040.0,2100.477206549342,2100.477206549342,2114.5725255287057,0.0,0.0,0.0,0.0,2040.0,2040.0,2104.5725255287057,2104.5725255287057,300.0,2121.818346049998,0.5936321700212375,1,0,1,0
S6,continuous,B,205,312,2050.0,2050.0,2119.4756943356365,2119.4756943356365,2151.5914568027115,0.0,0.0,0.0,0.0,2050.0,2050.0,2141.5914568027115,2141.5914568027115,300.0,2162.3100027966284,0.0,0,0,0,0
S6,continuous,B,206,223,2060.0,2060.0,2134.9780856039433,2134.9780856039433,2173.212799815476,0.0,0.0,0.0,0.0,2060.0,2060.0,2163.212799815476,2163.212799815476,350.0,3429.3371363504116,0.0,0,0,0,1
S6,continuous,B,207,299,2070.0,2070.0,2138.1390552252824,2138.1390552252824,2143.962638481443,0.0,0.0,0.0,0.0,2070.0,2070.0,2138.1390552252824,2138.1390552252824,300.0,1487.6278393382595,0.0,0,0,0,0
S6,continuous,B,208,178,2080.0,2080.0,2182.674252643244,2182.674252643244,2211.220881967084,0.0,0.0,0.0,0.0,2080.0,2080.0,2201.220881967084,2201.220881967084,350.0,4806.082601271729,0.0,0,0,0,1
S6,continuous,B,209,159,2090.0,2090.0,2166.194045581546,2166.194045581546,2175.4982345075764,0.0,0.0,0.0,0.0,2090.0,2090.0,2166.194045581546,2166.194045581546,300.0,2611.107427533676,0.0,0,0,0,0
S6,continuous,B,210,270,2100.0,2100.0,2203.3355952673614,2203.3355952673614,2222.6397841933917,0.0,0.0,0.0,0.0,2100.0,2100.0,2212.6397841933917,2212.6397841933917,350.0,4494.5074021491755,0.0,0,0,0,1
S6,continuous,B,211,216,2110.0,2110.0,2249.267738881747,2249.267738881747,2312.967361969912,0.0,0.0,0.0,0.0,2110.0,2110.0,2302.967361969912,2302.967361969912,350.0,6114.610684782436,0.0,0,0,0,1
S6,continuous,B,212,199,2120.0,2120.0,2181.604604089311,2181.604604089311,2210.1630533252055,0.0,0.0,0.0,0.0,2120.0,2120.0,2200.1630533252055,2200.1630533252055,300.0,3887.2937703458506,0.0,0,0,0,0
S6,continuous,B,213,265,2130.0,2130.0,2228.3667831011367,2228.3667831011367,2266.6014973126694,0.0,0.0,0.0,0.0,2130.0,2130.0,2256.6014973126694,2256.6014973126694,350.0,5051.89917534023,0.0,0,0,0,1
S6,continuous,B,214,252,2140.0,2140.0,2240.159216222903,2240.159216222903,2273.886223310795,0.0,0.0,0.0,0.0,2140.0,2140.0,2263.886223310795,2263.886223310795,350.0,4354.862889994607,0.0,0,0,0,1
S6,continuous,B,215,308,2150.0,2150.0,2284.63048164989,2284.63048164989,2294.839150442436,0.0,0.0,0.0,0.0,2150.0,2150.0,2284.839150442436,2284.839150442436,350.0,5773.80801425721,0.0,0,0,0,1
S6,continuous,B,216,299,2160.0,2160.0,2247.780179194447,2247.780179194447,2263.6037624506075,0.0,0.0,0.0,0.0,2160.0,2160.0,2253.6037624506075,2253.6037624506075,350.0,3553.3588263638,0.0,0,0,0,1
S6,continuous,B,217,88,2170.0,2170.0,2252.8515575368338,2252.8515575368338,2310.021731587354,0.0,0.0,0.0,0.0,2170.0,2170.0,2300.021731587354,2300.021731587354,350.0,4833.500405244969,0.0,0,0,0,1
S6,continuous,B,218,323,2180.0,2180.0,2229.1130299835104,2229.1130299835104,2279.7069819464746,0.0,0.0,0.0,0.0,2180.0,2180.0,2269.7069819464746,2269.7069819464746,350.0,1820.4845360225963,0.0,0,0,0,1
S6,continuous,B,219,106,2190.0,2190.0,2295.2471137471925,2295.2471137471925,2328.9741208350842,0.0,0.0,0.0,0.0,2190.0,2190.0,2318.9741208350842,2318.9741208350842,350.0,4824.967187311202,0.0,0,0,0,1
S6,continuous,B,220,172,2200.0,2200.0,2286.247415283343,2286.247415283343,2314.794044607183,0.0,0.0,0.0,0.0,2200.0,2200.0,2304.794044607183,2304.794044607183,350.0,2216.052582015798,0.0,0,0,0,1
S6,continuous,B,221,355,2210.0,2210.0,2302.3599054354386,2302.3599054354386,2344.4756679025136,0.0,0.0,0.0,0.0,2210.0,2210.0,2334.4756679025136,2334.4756679025136,350.0,4661.2186186717045,0.0,0,0,0,1
S6,continuous,B,222,205,2220.0,2220.0,2308.7536775740464,2308.7536775740464,2347.0262521352533,0.0,0.0,0.0,0.0,2220.0,2220.0,2337.0262521352533,2337.0262521352533,350.0,5303.559566750725,0.0,0,0,0,1
S6,continuous,B,223,269,2230.0,2230.0,2332.503088094316,2332.503088094316,2391.349388982592,0.0,0.0,0.0,0.0,2230.0,2230.0,2381.349388982592,2381.349388982592,350.0,6353.2505601759085,0.0,0,0,0,1
S6,continuous,B,224,119,2240.0,2240.0,2308.7070490066158,2308.7070490066158,2362.45847477147,0.0,0.0,0.0,0.0,2240.0,2240.0,2352.45847477147,2352.45847477147,350.0,3658.8020788267963,0.0,0,0,0,1
S6,continuous,B,225,339,2250.0,2250.0,2258.4618132676455,2258.4618132676455,2299.3507800830575,0.0,0.0,0.0,0.0,2250.0,2250.0,2289.3507800830575,2289.3507800830575,300.0,755.6978097130905,0.0,0,0,0,0
S6,continuous,B,226,13,2260.0,2260.0,2290.3424099555064,2290.3424099555064,2330.1902094697657,0.0,0.0,0.0,0.0,2260.0,2260.0,2320.1902094697657,2320.1902094697657,300.0,1352.854990877621,0.0,0,0,0,0
S6,continuous,B,227,254,2270.0,2270.0,2364.312894620324,2364.312894620324,2402.8713438562186,0.0,0.0,0.0,0.0,2270.0,2270.0,2392.8713438562186,2392.8713438562186,350.0,3227.7177811695765,0.0,0,0,0,1
S6,continuous,B,228,120,2280.0,2280.0,2399.968213208412,2399.968213208412,2416.7825661312036,0.0,0.0,0.0,0.0,2280.0,2280.0,2406.7825661312036,2406.7825661312036,350.0,4381.192219880049,0.0,0,0,0,1
S6,continuous,B,229,112,2290.0,2290.0,2444.606262863871,2444.606262863871,2497.351140264382,0.0,0.0,0.0,0.0,2290.0,2290.0,2487.351140264382,2487.351140264382,350.0,6870.048152632572,0.0,0,0,0,1
S6,continuous,B,230,359,2300.0,2300.0,2413.2497618598654,2413.2497618598654,2432.5539507858957,0.0,0.0,0.0,0.0,2300.0,2300.0,2422.5539507858957,2422.5539507858957,350.0,4847.628553580873,0.0,0,0,0,1
S6,continuous,B,231,346,2310.0,2310.0,2325.6642100141366,2325.6642100141366,2349.3912171020283,0.0,0.0,0.0,0.0,2310.0,2310.0,2339.3912171020283,2339.3912171020283,300.0,974.8672253901702,0.0,0,0,0,0
S6,continuous,B,232,172,2320.0,2320.0,2373.145272282368,2373.145272282368,2418.532459012751,0.0,0.0,0.0,0.0,2320.0,2320.0,2408.532459012751,2408.532459012751,350.0,2063.266863116869,0.0,0,0,0,1
S6,continuous,B,233,64,2330.0,2330.0,2425.843572968753,2425.843572968753,2461.220881967084,0.0,0.0,0.0,0.0,2330.0,2330.0,2451.220881967084,2451.220881967084,350.0,4806.082601271729,0.0,0,0,0,1
S6,continuous,B,234,331,2340.0,2340.0,2444.315309790889,2444.315309790889,2496.963662740854,0.0,0.0,0.0,0.0,2340.0,2340.0,2486.963662740854,2486.963662740854,350.0,5035.995029245331,0.0,0,0,0,1
S6,continuous,B,235,49,2350.0,2350.0,2468.8518052115783,2468.8518052115783,2488.1559941376086,0.0,0.0,0.0,0.0,2350.0,2350.0,2478.1559941376086,2478.1559941376086,350.0,4531.5712692938405,0.0,0,0,0,1
S6,continuous,B,236,2,2360.0,2360.0,2464.7629003954385,2464.7629003954385,2484.0670893214688,0.0,0.0,0.0,0.0,2360.0,2360.0,2474.0670893214688,2474.0670893214688,350.0,5342.162351013061,0.0,0,0,0,1
S6,continuous,B,237,220,2370.0,2370.0,2444.7818253703463,2444.7818253703463,2490.1690121007296,0.0,0.0,0.0,0.0,2370.0,2370.0,2480.1690121007296,2480.1690121007296,350.0,3132.5588545883597,0.0,0,0,0,1
S6,continuous,B,238,164,2380.0,2380.0,2469.68707399392,2469.68707399392,2479.895742786466,0.0,0.0,0.0,0.0,2380.0,2380.0,2469.895742786466,2469.895742786466,350.0,2319.564128200862,0.0,0,0,0,1
S6,continuous,B,239,57,2390.0,2390.0,2493.3355952673614,2493.3355952673614,2512.6397841933917,0.0,0.0,0.0,0.0,2390.0,2390.0,2502.6397841933917,2502.6397841933917,350.0,4494.5074021491755,0.0,0,0,0,1
S6,continuous,B,240,317,2400.0,2400.0,2482.244326458715,2482.244326458715,2522.6397841933913,0.0,0.0,0.0,0.0,2400.0,2400.0,2512.6397841933913,2512.6397841933913,350.0,4494.5074021491755,0.0,0,0,0,1
S6,continuous,B,241,285,2410.0,2410.0,2486.1212101782316,2486.1212101782316,2536.715162141196,0.0,0.0,0.0,0.0,2410.0,2410.0,2526.715162141196,2526.715162141196,350.0,2013.0458495309288,0.0,0,0,0,1
S6,continuous,B,242,356,2420.0,2420.0,2529.524014833669,2529.524014833669,2560.385737170726,0.0,0.0,0.0,0.0,2420.0,2420.0,2550.385737170726,2550.385737170726,350.0,5536.140994958753,0.0,0,0,0,1
S6,continuous,B,243,42,2430.0,2430.0,2535.256478062491,2535.256478062491,2580.6436647928745,0.0,0.0,0.0,0.0,2430.0,2430.0,2570.6436647928745,2570.6436647928745,350.0,3567.5262209917323,0.0,0,0,0,1
S6,continuous,B,244,83,2440.0,2440.0,2486.993796596512,2486.993796596512,2527.882763411924,0.0,0.0,0.0,0.0,2440.0,2440.0,2517.882763411924,2517.882763411924,300.0,2050.8917297259964,0.0,0,0,0,0
S6,continuous,B,245,11,2450.0,2450.0,2533.3691587367066,2533.3691587367066,2593.0945397316414,0.0,0.0,0.0,0.0,2450.0,2450.0,2583.0945397316414,2583.0945397316414,350.0,5227.036245214761,0.0,0,0,0,1
S6,continuous,B,246,185,2460.0,2460.0,2506.47977461079,2506.47977461079,2541.857083609121,0.0,0.0,0.0,0.0,2460.0,2460.0,2531.857083609121,2531.857083609121,350.0,2238.65308880549,0.0,0,0,0,1
S6,continuous,B,247,156,2470.0,2470.0,2534.063503650923,2534.063503650923,2572.2982178624557,0.0,0.0,0.0,0.0,2470.0,2470.0,2562.2982178624557,2562.2982178624557,350.0,2723.5218611395485,0.0,0,0,0,1
S6,continuous,B,248,138,2480.0,2480.0,2530.9897910303753,2530.9897910303753,2573.7346684308864,0.0,0.0,0.0,0.0,2480.0,2480.0,2563.7346684308864,2563.7346684308864,300.0,3424.995311369174,0.0,0,0,0,0
S6,continuous,B,249,308,2490.0,2490.0,2644.606262863871,2644.606262863871,2697.351140264382,0.0,0.0,0.0,0.0,2490.0,2490.0,2687.351140264382,2687.351140264382,350.0,6870.048152632572,0.0,0,0,0,1
S6,continuous,B,250,216,2500.0,2500.0,2628.7680303146562,2628.7680303146562,2678.6158298289156,0.0,0.0,0.0,0.0,2500.0,2500.0,2668.6158298289156,2668.6158298289156,350.0,5150.709190527419,0.0,0,0,0,1
S6,continuous,B,251,314,2510.0,2510.0,2600.4689645514977,2600.4689645514977,2638.7415391127047,0.0,0.0,0.0,0.0,2510.0,2510.0,2628.7415391127047,2628.7415391127047,350.0,3084.474222622138,0.0,0,0,0,1
S6,continuous,B,252,10,2520.0,2520.0,2614.8578071608213,2614.8578071608213,2627.9072419336603,0.0,0.0,0.0,0.0,2520.0,2520.0,2617.9072419336603,2617.9072419336603,350.0,2760.2457631419393,0.0,0,0,0,1
S6,continuous,B,253,310,2530.0,2530.0,2655.5239547256265,2655.5239547256265,2712.694128776147,0.0,0.0,0.0,0.0,2530.0,2530.0,2702.694128776147,2702.694128776147,350.0,6293.972420686598,0.0,0,0,0,1
S6,continuous,B,254,47,2540.0,2540.0,2616.638538741805,2616.638538741805,2640.7338577211685,0.0,0.0,0.0,0.0,2540.0,2540.0,2630.7338577211685,2630.7338577211685,350.0,3532.6525752239236,0.0,0,0,0,1
S6,continuous,B,255,23,2550.0,2550.0,2635.7315474638576,2635.7315474638576,2685.579346978117,0.0,0.0,0.0,0.0,2550.0,2550.0,2675.579346978117,2675.579346978117,350.0,4044.906889524018,0.0,0,0,0,1
S6,continuous,B,256,170,2560.0,2560.0,2624.063503650923,2624.063503650923,2662.2982178624557,0.0,0.0,0.0,0.0,2560.0,2560.0,2652.2982178624557,2652.2982178624557,350.0,2723.5218611395485,0.0,0,0,0,1
S6,continuous,B,257,253,2570.0,2570.0,2680.3365847275,2680.3365847275,2744.036207815665,0.0,0.0,0.0,0.0,2570.0,2570.0,2734.036207815665,2734.036207815665,350.0,4359.599175108163,0.0,0,0,0,1
S6,continuous,B,258,43,2580.0,2580.0,2670.512655102117,2670.512655102117,2724.264080866971,0.0,0.0,0.0,0.0,2580.0,2580.0,2714.264080866971,2714.264080866971,350.0,3945.1267592542185,0.0,0,0,0,1
S6,continuous,B,259,133,2590.0,2590.0,2682.5907778505566,2682.5907778505566,2692.799446643103,0.0,0.0,0.0,0.0,2590.0,2590.0,2682.799446643103,2682.799446643103,350.0,4485.209914020173,0.0,0,0,0,1
S6,continuous,B,260,54,2600.0,2600.0,2668.5541702894625,2668.5541702894625,2728.7263456736223,0.0,0.0,0.0,0.0,2600.0,2600.0,2718.7263456736223,2718.7263456736223,350.0,2510.996798277203,0.0,0,0,0,1
S6,continuous,B,261,198,2610.0,2610.0,2711.066842291225,2711.066842291225,2739.613471615065,0.0,0.0,0.0,0.0,2610.0,2610.0,2729.613471615065,2729.613471615065,350.0,5173.835410007957,0.0,0,0,0,1
S6,continuous,B,262,292,2620.0,2620.0,2749.9208809529086,2749.9208809529086,2808.7671818411845,0.0,0.0,0.0,0.0,2620.0,2620.0,2798.7671818411845,2798.7671818411845,350.0,5254.863142673916,0.0,0,0,0,1
S6,continuous,B,263,223,2630.0,2630.0,2713.6372656975586,2713.6372656975586,2773.649596918554,0.0,0.0,0.0,0.0,2630.0,2630.0,2763.649596918554,2763.649596918554,350.0,3278.740683805921,0.0,0,0,0,1
S6,continuous,B,264,104,2640.0,2640.0,2751.129138986723,2751.129138986723,2767.007064637334,0.0,0.0,0.0,0.0,2640.0,2640.0,2757.007064637334,2757.007064637334,350.0,4414.051257321928,0.0,0,0,0,1
S6,continuous,B,265,354,2650.0,2650.0,2730.5457315143485,2730.5457315143485,2765.932918244732,0.0,0.0,0.0,0.0,2650.0,2650.0,2755.932918244732,2755.932918244732,300.0,2916.6696026939544,0.0,0,0,0,0
S6,continuous,B,266,179,2660.0,2660.0,2766.0293666554385,2766.0293666554385,2804.264080866971,0.0,0.0,0.0,0.0,2660.0,2660.0,2794.264080866971,2794.264080866971,350.0,3945.1267592542185,0.0,0,0,0,1
S6,continuous,B,267,79,2670.0,2670.0,2732.3100163033246,2732.3100163033246,2738.187941953936,0.0,0.0,0.0,0.0,2670.0,2670.0,2732.3100163033246,2732.3100163033246,300.0,1311.6540256998342,0.0,0,0,0,0
S6,continuous,B,268,274,2680.0,2680.0,2762.656060564603,2762.656060564603,2796.383067652495,0.0,0.0,0.0,0.0,2680.0,2680.0,2786.383067652495,2786.383067652495,350.0,4904.518922526474,0.0,0,0,0,1
S6,continuous,B,269,236,2690.0,2690.0,2799.999261102036,2799.999261102036,2831.1306438961624,0.0,0.0,0.0,0.0,2690.0,2690.0,2821.1306438961624,2821.1306438961624,350.0,3560.7975636695423,0.0,0,0,0,1
S6,continuous,B,270,97,2700.0,2700.0,2770.361862268932,2770.361862268932,2794.0888693568236,0.0,0.0,0.0,0.0,2700.0,2700.0,2784.0888693568236,2784.0888693568236,300.0,4235.66753626306,0.0,0,0,0,0
S6,continuous,B,271,50,2710.0,2710.0,2828.2137955632356,2828.2137955632356,2852.309114542599,0.0,0.0,0.0,0.0,2710.0,2710.0,2842.309114542599,2842.309114542599,350.0,4512.992943004345,0.0,0,0,0,1
S6,continuous,B,272,244,2720.0,2720.0,2790.7266846345146,2790.7266846345146,2810.030873560545,0.0,0.0,0.0,0.0,2720.0,2720.0,2800.030873560545,2800.030873560545,350.0,1737.685616885147,0.0,0,0,0,1
S6,continuous,B,273,349,2730.0,2730.0,2738.8756033743325,2738.8756033743325,2745.689956297124,0.0,0.0,0.0,0.0,2730.0,2730.0,2738.8756033743325,2738.8756033743325,300.0,486.6888538389735,0.0,0,0,0,0
S6,continuous,B,274,343,2740.0,2740.0,2799.2149370792545,2799.2149370792545,2830.3463198733807,0.0,0.0,0.0,0.0,2740.0,2740.0,2820.3463198733807,2820.3463198733807,350.0,1745.512009543073,0.0,0,0,0,1
S6,continuous,B,275,175,2750.0,2750.0,2859.6003349882053,2859.6003349882053,2890.4620573252623,0.0,0.0,0.0,0.0,2750.0,2750.0,2880.4620573252623,2880.4620573252623,350.0,5722.445657585971,0.0,0,0,0,1
S6,continuous,B,276,266,2760.0,2760.0,2797.5936626961898,2797.5936626961898,2841.345088461044,0.0,0.0,0.0,0.0,2760.0,2760.0,2831.345088461044,2831.345088461044,300.0,1644.6080394437124,0.0,0,0,0,0
S6,continuous,B,277,256,2770.0,2770.0,2852.8515575368338,2852.8515575368338,2910.021731587354,0.0,0.0,0.0,0.0,2770.0,2770.0,2900.021731587354,2900.021731587354,350.0,4833.500405244969,0.0,0,0,0,1
S6,continuous,B,278,34,2780.0,2780.0,2883.823281427308,2883.823281427308,2896.383067652495,0.0,0.0,0.0,0.0,2780.0,2780.0,2886.383067652495,2886.383067652495,350.0,4904.518922526474,0.0,0,0,0,1
S6,continuous,B,279,37,2790.0,2790.0,2839.4537767287966,2839.4537767287966,2889.0728294340875,0.0,0.0,0.0,0.0,2790.0,2790.0,2879.0728294340875,2879.0728294340875,300.0,3124.7952818740705,0.0,0,0,0,0
S6,continuous,B,280,3,2800.0,2800.0,2902.9666124134856,2902.9666124134856,2938.3439214118166,0.0,0.0,0.0,0.0,2800.0,2800.0,2928.3439214118166,2928.3439214118166,350.0,3552.924016449184,0.0,0,0,0,1
S6,continuous,B,281,135,2810.0,2810.0,2933.0203521771937,2933.0203521771937,2961.213086555242,0.0,0.0,0.0,0.0,2810.0,2810.0,2951.213086555242,2951.213086555242,350.0,4414.177059932965,0.0,0,0,0,1
S6,continuous,B,282,112,2820.0,2820.0,2852.9475750143815,2852.9475750143815,2855.5073612395686,0.0,0.0,0.0,0.0,2820.0,2820.0,2852.9475750143815,2852.9475750143815,300.0,1850.1829646214771,1.0010722125839493,1,0,1,0
S6,continuous,B,283,132,2830.0,2830.0,2966.8587251391027,2966.8587251391027,3026.5841061340375,0.0,0.0,0.0,0.0,2830.0,2830.0,3016.5841061340375,3016.5841061340375,350.0,5793.686692804518,0.0,0,0,0,1
S6,continuous,B,284,356,2840.0,2840.0,2913.6143391016494,2913.6143391016494,2925.8698494107925,0.0,0.0,0.0,0.0,2840.0,2840.0,2915.8698494107925,2915.8698494107925,350.0,2371.7614728527046,0.0,0,0,0,1
S6,continuous,B,285,92,2850.0,2850.0,2967.367897135155,2967.367897135155,2998.229619472212,0.0,0.0,0.0,0.0,2850.0,2850.0,2988.229619472212,2988.229619472212,350.0,5179.958572321992,0.0,0,0,0,1
S6,continuous,B,286,64,2860.0,2860.0,2916.060848656752,2916.060848656752,2926.2695174492983,0.0,0.0,0.0,0.0,2860.0,2860.0,2916.2695174492983,2916.2695174492983,350.0,2983.7181100877892,0.0,0,0,0,1
S6,continuous,B,287,196,2870.0,2870.0,2948.020308205384,2948.020308205384,2986.2550224169167,0.0,0.0,0.0,0.0,2870.0,2870.0,2976.2550224169167,2976.2550224169167,350.0,4202.102467644739,0.0,0,0,0,1
S6,continuous,B,288,145,2880.0,2880.0,3019.324368673545,3019.324368673545,3057.5590828850777,0.0,0.0,0.0,0.0,2880.0,2880.0,3047.5590828850777,3047.5590828850777,350.0,5991.061459852492,0.0,0,0,0,1
S6,continuous,B,289,307,2890.0,2890.0,2977.211988584405,2977.211988584405,3023.7806916564296,0.0,0.0,0.0,0.0,2890.0,2890.0,3013.7806916564296,3013.7806916564296,300.0,5889.122603767252,0.0,0,0,0,0
S6,continuous,B,290,337,2900.0,2900.0,2998.838465773673,2998.838465773673,3001.39825199886,0.0,0.0,0.0,0.0,2900.0,2900.0,2998.838465773673,2998.838465773673,300.0,5037.095927807042,0.0,0,0,0,0
S6,continuous,B,291,280,2910.0,2910.0,2980.3951490671466,2980.3951490671466,3011.526531861273,0.0,0.0,0.0,0.0,2910.0,2910.0,3001.526531861273,3001.526531861273,350.0,2417.5081426950724,0.0,0,0,0,1
S6,continuous,B,292,90,2920.0,2920.0,2981.7548636055913,2981.7548636055913,3041.373916310882,0.0,0.0,0.0,0.0,2920.0,2920.0,3031.373916310882,3031.373916310882,350.0,2057.2787941880288,0.0,0,0,0,1
S6,continuous,B,293,7,2930.0,2930.0,3016.969969330481,3016.969969330481,3066.9823005514763,0.0,0.0,0.0,0.0,2930.0,2930.0,3056.9823005514763,3056.9823005514763,300.0,2736.582854366887,0.2512429232051545,1,0,1,0
S6,continuous,B,294,255,2940.0,2940.0,3062.3494425903627,3062.3494425903627,3121.9684952956536,0.0,0.0,0.0,0.0,2940.0,2940.0,3111.9684952956536,3111.9684952956536,350.0,4771.659608196314,0.0,0,0,0,1
S6,continuous,B,295,147,2950.0,2950.0,3029.908550821655,3029.908550821655,3089.5276035269458,0.0,0.0,0.0,0.0,2950.0,2950.0,3079.5276035269458,3079.5276035269458,350.0,3886.7800316571133,0.0,0,0,0,1
S6,continuous,B,296,246,2960.0,2960.0,3039.0559564449286,3039.0559564449286,3039.264625237475,0.0,0.0,0.0,0.0,2960.0,2960.0,3039.0559564449286,3039.0559564449286,300.0,2399.7037508497924,0.0,0,0,0,0
S6,continuous,B,297,344,2970.0,2970.0,3052.3370415425316,3052.3370415425316,3112.5092169266914,0.0,0.0,0.0,0.0,2970.0,2970.0,3102.5092169266914,3102.5092169266914,350.0,3870.228374118465,0.0,0,0,0,1
S6,continuous,B,298,229,2980.0,2980.0,3025.049702084909,3025.049702084909,3041.8640550077007,0.0,0.0,0.0,0.0,2980.0,2980.0,3031.8640550077007,3031.8640550077007,350.0,1348.8332836282298,0.0,0,0,0,1
S6,continuous,B,299,1,2990.0,2990.0,3135.8116760080534,3135.8116760080534,3188.5565534085645,0.0,0.0,0.0,0.0,2990.0,2990.0,3178.5565534085645,3178.5565534085645,350.0,7624.360689598339,0.0,0,0,0,1
S6,continuous,B,300,6,3000.0,3000.0,3089.858939185273,3089.858939185273,3120.72066152233,0.0,0.0,0.0,0.0,3000.0,3000.0,3110.72066152233,3110.72066152233,350.0,3013.2213348372593,0.0,0,0,0,1
S6,continuous,B,301,338,3010.0,3010.0,3104.902307100029,3104.902307100029,3140.27961609836,0.0,0.0,0.0,0.0,3010.0,3010.0,3130.27961609836,3130.27961609836,350.0,2673.2780334584254,0.0,0,0,0,1
S6,continuous,B,302,330,3020.0,3020.0,3092.982401960873,3092.982401960873,3105.2379122700163,0.0,0.0,0.0,0.0,3020.0,3020.0,3095.2379122700163,3095.2379122700163,350.0,3166.3955406337927,0.0,0,0,0,1
S6,continuous,B,303,143,3030.0,3030.0,3128.744948411676,3128.744948411676,3169.1404061463527,0.0,0.0,0.0,0.0,3030.0,3030.0,3159.1404061463527,3159.1404061463527,350.0,3259.4797830030057,0.0,0,0,0,1
S6,continuous,B,304,197,3040.0,3040.0,3145.901159025313,3145.901159025313,3208.016223644802,0.0,0.0,0.0,0.0,3040.0,3040.0,3198.016223644802,3198.016223644802,350.0,3660.0351094284692,0.0,0,0,0,1
S6,continuous,B,305,199,3050.0,3050.0,3125.764275545725,3125.764275545725,3165.18847082819,0.0,0.0,0.0,0.0,3050.0,3050.0,3155.18847082819,3155.18847082819,350.0,3762.194675733239,0.0,0,0,0,1
S6,continuous,B,306,45,3060.0,3060.0,3068.8756033743325,3068.8756033743325,3075.689956297124,0.0,0.0,0.0,0.0,3060.0,3060.0,3068.8756033743325,3068.8756033743325,300.0,486.6888538389735,0.0,0,0,0,0
S6,continuous,B,307,238,3070.0,3070.0,3174.7532665864974,3174.7532665864974,3227.4981439870085,0.0,0.0,0.0,0.0,3070.0,3070.0,3217.4981439870085,3217.4981439870085,350.0,5761.397489041614,0.0,0,0,0,1
S6,continuous,B,308,170,3080.0,3080.0,3130.641886275148,3130.641886275148,3192.7569508946367,0.0,0.0,0.0,0.0,3080.0,3080.0,3182.7569508946367,3182.7569508946367,350.0,2930.9446057101554,0.0,0,0,0,1
S6,continuous,B,309,349,3090.0,3090.0,3177.420625643875,3177.420625643875,3189.6761359530183,0.0,0.0,0.0,0.0,3090.0,3090.0,3179.6761359530183,3179.6761359530183,350.0,2206.2540997830733,0.0,0,0,0,1
S6,continuous,B,310,272,3100.0,3100.0,3152.111605661848,3152.111605661848,3190.3463198733807,0.0,0.0,0.0,0.0,3100.0,3100.0,3180.3463198733807,3180.3463198733807,350.0,1745.512009543073,0.0,0,0,0,1
S6,continuous,B,311,105,3110.0,3110.0,3195.7404114705746,3195.7404114705746,3252.309114542599,0.0,0.0,0.0,0.0,3110.0,3110.0,3242.309114542599,3242.309114542599,350.0,4512.992943004345,0.0,0,0,0,1
S6,continuous,B,312,307,3120.0,3120.0,3237.7168387550387,3237.7168387550387,3237.925507547585,0.0,0.0,0.0,0.0,3120.0,3120.0,3237.7168387550387,3237.7168387550387,300.0,5218.85082905079,0.0,0,0,0,0
S6,continuous,B,313,230,3130.0,3130.0,3227.2840135472934,3227.2840135472934,3240.3334483201324,0.0,0.0,0.0,0.0,3130.0,3130.0,3230.3334483201324,3230.3334483201324,350.0,3476.90044030442,0.0,0,0,0,1
S6,continuous,B,314,9,3140.0,3140.0,3273.532056350454,3273.532056350454,3289.409982001065,0.0,0.0,0.0,0.0,3140.0,3140.0,3279.409982001065,3279.409982001065,350.0,6384.388032813697,0.0,0,0,0,1
S6,continuous,B,315,353,3150.0,3150.0,3252.35619823963,3252.35619823963,3294.471960706705,0.0,0.0,0.0,0.0,3150.0,3150.0,3284.471960706705,3284.471960706705,350.0,4852.724640080292,0.0,0,0,0,1
S6,continuous,B,316,283,3160.0,3160.0,3227.76330017037,3227.76330017037,3255.4393091870115,0.0,0.0,0.0,0.0,3160.0,3160.0,3245.4393091870115,3245.4393091870115,350.0,1130.4393233257638,0.0,0,0,0,1
S6,continuous,B,317,224,3170.0,3170.0,3276.0080055879466,3276.0080055879466,3315.855805102206,0.0,0.0,0.0,0.0,3170.0,3170.0,3305.855805102206,3305.855805102206,300.0,4636.457604853235,0.6390535837326752,1,0,1,0
S6,continuous,B,318,335,3180.0,3180.0,3255.997647915742,3255.997647915742,3308.7425253162532,0.0,0.0,0.0,0.0,3180.0,3180.0,3298.7425253162532,3298.7425253162532,350.0,2899.07553896669,0.0,0,0,0,1
S6,continuous,B,319,357,3190.0,3190.0,3220.262351210763,3220.262351210763,3266.8310542827876,0.0,0.0,0.0,0.0,3190.0,3190.0,3256.8310542827876,3256.8310542827876,300.0,1169.9403269511022,0.0,0,0,0,0
S6,continuous,B,320,39,3200.0,3200.0,3255.025294038222,3255.025294038222,3304.8730935524814,0.0,0.0,0.0,0.0,3200.0,3200.0,3294.8730935524814,3294.8730935524814,350.0,2014.4523893342634,0.0,0,0,0,1
S6,continuous,B,321,325,3210.0,3210.0,3293.2826774633113,3293.2826774633113,3346.9823005514763,0.0,0.0,0.0,0.0,3210.0,3210.0,3336.9823005514763,3336.9823005514763,300.0,2736.582854366887,0.2512429232051545,1,0,1,0
S6,continuous,B,322,327,3220.0,3220.0,3334.9086676079114,3334.9086676079114,3385.6927198652015,0.0,0.0,0.0,0.0,3220.0,3220.0,3375.6927198652015,3375.6927198652015,350.0,4661.897328782359,0.0,0,0,0,1
S6,continuous,B,323,84,3230.0,3230.0,3337.1563761119974,3337.1563761119974,3396.0026770002733,0.0,0.0,0.0,0.0,3230.0,3230.0,3386.0026770002733,3386.0026770002733,350.0,5077.847813966766,0.0,0,0,0,1
S6,continuous,B,324,54,3240.0,3240.0,3338.744948411676,3338.744948411676,3379.1404061463527,0.0,0.0,0.0,0.0,3240.0,3240.0,3369.1404061463527,3369.1404061463527,350.0,3259.4797830030057,0.0,0,0,0,1
S6,continuous,B,325,260,3250.0,3250.0,3352.188435122363,3352.188435122363,3402.0362346366223,0.0,0.0,0.0,0.0,3250.0,3250.0,3392.0362346366223,3392.0362346366223,350.0,3573.397982953979,0.0,0,0,0,1
S6,continuous,B,326,303,3260.0,3260.0,3386.395880406239,3386.395880406239,3437.284847221651,0.0,0.0,0.0,0.0,3260.0,3260.0,3427.284847221651,3427.284847221651,350.0,5428.236088128137,0.0,0,0,0,1
S6,continuous,B,327,87,3270.0,3270.0,3409.999725657947,3409.999725657947,3440.861447995004,0.0,0.0,0.0,0.0,3270.0,3270.0,3430.861447995004,3430.861447995004,350.0,6240.975223633878,0.0,0,0,0,1
S6,continuous,B,328,118,3280.0,3280.0,3358.633373653496,3358.633373653496,3386.309382670138,0.0,0.0,0.0,0.0,3280.0,3280.0,3376.309382670138,3376.309382670138,350.0,4751.070379775938,0.0,0,0,0,1
S6,continuous,B,329,307,3290.0,3290.0,3400.829186713192,3400.829186713192,3431.690909050249,0.0,0.0,0.0,0.0,3290.0,3290.0,3421.690909050249,3421.690909050249,350.0,5361.320337667676,0.0,0,0,0,1
S6,continuous,B,330,278,3300.0,3300.0,3396.164060380103,3396.164060380103,3438.279822847178,0.0,0.0,0.0,0.0,3300.0,3300.0,3428.279822847178,3428.279822847178,350.0,4261.37407306781,0.0,0,0,0,1
S6,continuous,B,331,285,3310.0,3310.0,3468.0701820503964,3468.0701820503964,3483.9481077010078,0.0,0.0,0.0,0.0,3310.0,3310.0,3473.9481077010078,3473.9481077010078,350.0,7370.753333031646,0.0,0,0,0,1
S6,continuous,B,332,15,3320.0,3320.0,3419.6845517948886,3419.6845517948886,3470.278503757853,0.0,0.0,0.0,0.0,3320.0,3320.0,3460.278503757853,3460.278503757853,350.0,3824.658909428083,0.0,0,0,0,1
S6,continuous,B,333,253,3330.0,3330.0,3366.3417823291893,3366.3417823291893,3369.3912171020283,0.0,0.0,0.0,0.0,3330.0,3330.0,3366.3417823291893,3366.3417823291893,300.0,974.8672253901702,0.0,0,0,0,0
S6,continuous,B,334,31,3340.0,3340.0,3379.479566938748,3379.479566938748,3421.595329405823,0.0,0.0,0.0,0.0,3340.0,3340.0,3411.595329405823,3411.595329405823,350.0,1866.7623074553649,0.0,0,0,0,1
S6,continuous,B,335,28,3350.0,3350.0,3430.25646830471,3430.25646830471,3479.1027691929858,0.0,0.0,0.0,0.0,3350.0,3350.0,3469.1027691929858,3469.1027691929858,300.0,3780.170682336694,0.0,0,0,0,0
S6,continuous,B,336,171,3360.0,3360.0,3403.4358472137114,3403.4358472137114,3437.162854301603,0.0,0.0,0.0,0.0,3360.0,3360.0,3427.162854301603,3427.162854301603,350.0,2434.8236074798847,0.0,0,0,0,1
S6,continuous,B,337,249,3370.0,3370.0,3398.379125151737,3398.379125151737,3429.240847488794,0.0,0.0,0.0,0.0,3370.0,3370.0,3419.240847488794,3419.240847488794,350.0,1416.7157129273994,0.0,0,0,0,1
S6,continuous,B,338,298,3380.0,3380.0,3499.474399881629,3499.474399881629,3556.0431029536535,0.0,0.0,0.0,0.0,3380.0,3380.0,3546.0431029536535,3546.0431029536535,350.0,5650.664821999089,0.0,0,0,0,1
S6,continuous,B,339,65,3390.0,3390.0,3468.633373653496,3468.633373653496,3496.309382670138,0.0,0.0,0.0,0.0,3390.0,3390.0,3486.309382670138,3486.309382670138,350.0,4751.070379775938,0.0,0,0,0,1
S6,continuous,B,340,0,3400.0,3400.0,3516.696276737138,3516.696276737138,3558.812039204213,0.0,0.0,0.0,0.0,3400.0,3400.0,3548.812039204213,3548.812039204213,350.0,4737.729821779726,0.0,0,0,0,1
S6,continuous,B,341,14,3410.0,3410.0,3463.236395800094,3463.236395800094,3515.8847487500593,0.0,0.0,0.0,0.0,3410.0,3410.0,3505.8847487500593,3505.8847487500593,350.0,1892.566212451668,0.0,0,0,0,1
S6,continuous,B,342,143,3420.0,3420.0,3491.4533288408034,3491.4533288408034,3551.178709835738,0.0,0.0,0.0,0.0,3420.0,3420.0,3541.178709835738,3541.178709835738,350.0,4287.66201047502,0.0,0,0,0,1
S6,continuous,B,343,133,3430.0,3430.0,3536.0080055879466,3536.0080055879466,3575.855805102206,0.0,0.0,0.0,0.0,3430.0,3430.0,3565.855805102206,3565.855805102206,300.0,4636.457604853235,0.6390535837326752,1,0,1,0
S6,continuous,B,344,101,3440.0,3440.0,3547.0534457847875,3547.0534457847875,3577.9151681218445,0.0,0.0,0.0,0.0,3440.0,3440.0,3567.9151681218445,3567.9151681218445,350.0,3662.349775894114,0.0,0,0,0,1
S6,continuous,B,345,102,3450.0,3450.0,3567.353642447057,3567.353642447057,3617.9475944100213,0.0,0.0,0.0,0.0,3450.0,3450.0,3607.9475944100213,3607.9475944100213,350.0,5716.4038250108615,0.0,0,0,0,1
S6,continuous,B,346,221,3460.0,3460.0,3609.3812946375806,3609.3812946375806,3625.259220288192,0.0,0.0,0.0,0.0,3460.0,3460.0,3615.259220288192,3615.259220288192,350.0,6361.63435393217,0.0,0,0,0,1
S6,continuous,B,347,104,3470.0,3470.0,3579.462538848264,3579.462538848264,3592.022325073451,0.0,0.0,0.0,0.0,3470.0,3470.0,3582.022325073451,3582.022325073451,350.0,4045.630265510891,0.0,0,0,0,1
S6,continuous,B,348,138,3480.0,3480.0,3589.836674228043,3589.836674228043,3621.952436695118,0.0,0.0,0.0,0.0,3480.0,3480.0,3611.952436695118,3611.952436695118,300.0,4269.261442669785,0.0,0,0,0,0
S6,continuous,B,349,305,3490.0,3490.0,3593.6512573536547,3593.6512573536547,3633.0754526361197,0.0,0.0,0.0,0.0,3490.0,3490.0,3623.0754526361197,3623.0754526361197,350.0,3618.8014438811347,0.0,0,0,0,1
S6,continuous,B,350,95,3500.0,3500.0,3528.0380174503625,3528.0380174503625,3559.1694002444888,0.0,0.0,0.0,0.0,3500.0,3500.0,3549.1694002444888,3549.1694002444888,350.0,1269.1016082643193,0.0,0,0,0,1
S6,continuous,B,351,323,3510.0,3510.0,3594.3718875143563,3594.3718875143563,3645.2608543297683,0.0,0.0,0.0,0.0,3510.0,3510.0,3635.2608543297683,3635.2608543297683,350.0,4140.685381721156,0.0,0,0,0,1
S6,continuous,B,352,125,3520.0,3520.0,3619.2087846034465,3619.2087846034465,3650.3401673975727,0.0,0.0,0.0,0.0,3520.0,3520.0,3640.3401673975727,3640.3401673975727,350.0,3093.067637374128,0.0,0,0,0,1
S6,continuous,B,353,43,3530.0,3530.0,3632.503088094316,3632.503088094316,3691.349388982592,0.0,0.0,0.0,0.0,3530.0,3530.0,3681.349388982592,3681.349388982592,350.0,6353.2505601759085,0.0,0,0,0,1
S6,continuous,B,354,50,3540.0,3540.0,3646.0080055879466,3646.0080055879466,3685.855805102206,0.0,0.0,0.0,0.0,3540.0,3540.0,3675.855805102206,3675.855805102206,300.0,4636.457604853235,0.6390535837326752,1,0,1,0
S6,continuous,B,355,210,3550.0,3550.0,3697.0336341194443,3697.0336341194443,3724.709643136086,0.0,0.0,0.0,0.0,3550.0,3550.0,3714.709643136086,3714.709643136086,350.0,6239.861894418105,0.0,0,0,0,1
S6,continuous,B,356,97,3560.0,3560.0,3667.0534457847875,3667.0534457847875,3697.9151681218445,0.0,0.0,0.0,0.0,3560.0,3560.0,3687.9151681218445,3687.9151681218445,350.0,3662.349775894114,0.0,0,0,0,1
S6,continuous,B,357,185,3570.0,3570.0,3673.8018304656885,3673.8018304656885,3724.3957824286526,0.0,0.0,0.0,0.0,3570.0,3570.0,3714.3957824286526,3714.3957824286526,350.0,3544.2365694170503,0.0,0,0,0,1
S6,continuous,B,358,16,3580.0,3580.0,3656.638538741805,3656.638538741805,3680.7338577211685,0.0,0.0,0.0,0.0,3580.0,3580.0,3670.7338577211685,3670.7338577211685,350.0,3532.6525752239236,0.0,0,0,0,1
S6,continuous,B,359,175,3590.0,3590.0,3666.510728880853,3666.510728880853,3725.357029769129,0.0,0.0,0.0,0.0,3590.0,3590.0,3715.357029769129,3715.357029769129,350.0,4639.190294101091,0.0,0,0,0,1
S6,continuous,B,360,29,3600.0,3600.0,3660.485648805873,3660.485648805873,3710.3334483201324,0.0,0.0,0.0,0.0,3600.0,3600.0,3700.3334483201324,3700.3334483201324,350.0,3476.90044030442,0.0,0,0,0,1
S6,continuous,B,361,144,3610.0,3610.0,3655.1556498361333,3655.1556498361333,3698.9070756009874,0.0,0.0,0.0,0.0,3610.0,3610.0,3688.9070756009874,3688.9070756009874,300.0,1468.0294150196669,0.0,0,0,0,0
S6,continuous,B,362,174,3620.0,3620.0,3675.8458719611376,3675.8458719611376,3735.5712529560724,0.0,0.0,0.0,0.0,3620.0,3620.0,3725.5712529560724,3725.5712529560724,350.0,2101.9164300793973,0.0,0,0,0,1
S6,continuous,B,363,17,3630.0,3630.0,3754.1937975858145,3754.1937975858145,3792.4663721470215,0.0,0.0,0.0,0.0,3630.0,3630.0,3782.4663721470215,3782.4663721470215,350.0,5672.07286348669,0.0,0,0,0,1
S6,continuous,B,364,268,3640.0,3640.0,3719.036340075826,3719.036340075826,3769.820392333116,0.0,0.0,0.0,0.0,3640.0,3640.0,3759.820392333116,3759.820392333116,350.0,2724.133084634563,0.0,0,0,0,1
S6,continuous,B,365,322,3650.0,3650.0,3722.2149636881913,3722.2149636881913,3732.4236324807375,0.0,0.0,0.0,0.0,3650.0,3650.0,3722.4236324807375,3722.4236324807375,350.0,2505.2321585677237,0.0,0,0,0,1
S6,continuous,B,366,46,3660.0,3660.0,3728.889077010318,3728.889077010318,3771.537429960283,0.0,0.0,0.0,0.0,3660.0,3660.0,3761.537429960283,3761.537429960283,300.0,3936.635561710272,0.0,0,0,0,0
S6,continuous,B,367,159,3670.0,3670.0,3725.663567826565,3725.663567826565,3785.282620531856,0.0,0.0,0.0,0.0,3670.0,3670.0,3775.282620531856,3775.282620531856,350.0,2818.574801525608,0.0,0,0,0,1
S6,continuous,B,368,141,3680.0,3680.0,3763.7599825652787,3763.7599825652787,3791.2798734159796,0.0,0.0,0.0,0.0,3680.0,3680.0,3781.2798734159796,3781.2798734159796,350.0,2589.915069405871,0.0,0,0,0,1
S6,continuous,B,369,63,3690.0,3690.0,3825.9574214355393,3825.9574214355393,3841.8353470861507,0.0,0.0,0.0,0.0,3690.0,3690.0,3831.8353470861507,3831.8353470861507,350.0,5432.600241932495,0.0,0,0,0,1
S6,continuous,B,370,9,3700.0,3700.0,3768.9133582045533,3768.9133582045533,3781.4731444297404,0.0,0.0,0.0,0.0,3700.0,3700.0,3771.4731444297404,3771.4731444297404,350.0,3466.597827657626,0.0,0,0,0,1
S6,continuous,B,371,325,3710.0,3710.0,3809.6845517948886,3809.6845517948886,3860.278503757853,0.0,0.0,0.0,0.0,3710.0,3710.0,3850.278503757853,3850.278503757853,350.0,3824.658909428083,0.0,0,0,0,1
S6,continuous,B,372,335,3720.0,3720.0,3792.0271859668446,3792.0271859668446,3848.5958890388692,0.0,0.0,0.0,0.0,3720.0,3720.0,3838.5958890388692,3838.5958890388692,350.0,4328.899444085926,0.0,0,0,0,1
S6,continuous,B,373,38,3730.0,3730.0,3779.1994087054118,3779.1994087054118,3797.746038029252,0.0,0.0,0.0,0.0,3730.0,3730.0,3787.746038029252,3787.746038029252,300.0,2086.220849528146,0.0,0,0,0,0
S6,continuous,B,374,151,3740.0,3740.0,3834.448154226932,3834.448154226932,3847.497588999771,0.0,0.0,0.0,0.0,3740.0,3740.0,3837.497588999771,3837.497588999771,350.0,3870.737562021265,0.0,0,0,0,1
S6,continuous,B,375,258,3750.0,3750.0,3837.435920500779,3837.435920500779,3851.5312394801426,0.0,0.0,0.0,0.0,3750.0,3750.0,3841.5312394801426,3841.5312394801426,300.0,3717.328113241757,0.5590835082007288,1,0,1,0
S6,continuous,B,376,354,3760.0,3760.0,3849.8373720756294,3849.8373720756294,3901.952436695118,0.0,0.0,0.0,0.0,3760.0,3760.0,3891.952436695118,3891.952436695118,300.0,4269.261442669785,0.0,0,0,0,0
S6,continuous,B,377,106,3770.0,3770.0,3797.5679134247885,3797.5679134247885,3818.6992962189147,0.0,0.0,0.0,0.0,3770.0,3770.0,3808.6992962189147,3808.6992962189147,300.0,1523.2993787177077,0.0,0,0,0,0
S6,continuous,B,378,269,3780.0,3780.0,3911.116451546293,3911.116451546293,3960.964251060552,0.0,0.0,0.0,0.0,3780.0,3780.0,3950.964251060552,3950.964251060552,350.0,5737.734994292634,0.0,0,0,0,1
S6,continuous,B,379,81,3790.0,3790.0,3845.4145397419015,3845.4145397419015,3869.1415468297932,0.0,0.0,0.0,0.0,3790.0,3790.0,3859.1415468297932,3859.1415468297932,300.0,1998.4456424808816,0.0,0,0,0,0
S6,continuous,B,380,56,3800.0,3800.0,3846.884315692195,3846.884315692195,3867.746038029252,0.0,0.0,0.0,0.0,3800.0,3800.0,3857.746038029252,3857.746038029252,300.0,2086.220849528146,0.0,0,0,0,0
S6,continuous,B,381,216,3810.0,3810.0,3959.3812946375806,3959.3812946375806,3975.259220288192,0.0,0.0,0.0,0.0,3810.0,3810.0,3965.259220288192,3965.259220288192,350.0,6361.63435393217,0.0,0,0,0,1
S6,continuous,B,382,257,3820.0,3820.0,3894.5398494772503,3894.5398494772503,3939.9270362076336,0.0,0.0,0.0,0.0,3820.0,3820.0,3929.9270362076336,3929.9270362076336,350.0,1670.7651656864955,0.0,0,0,0,1
S6,continuous,B,383,301,3830.0,3830.0,3892.716357952999,3892.716357952999,3946.467783717853,0.0,0.0,0.0,0.0,3830.0,3830.0,3936.467783717853,3936.467783717853,350.0,3474.0600248943138,0.0,0,0,0,1
S6,continuous,B,384,184,3840.0,3840.0,3938.181776609226,3938.181776609226,3966.728405933066,0.0,0.0,0.0,0.0,3840.0,3840.0,3956.728405933066,3956.728405933066,350.0,3889.3084055272893,0.0,0,0,0,1
S6,continuous,B,385,239,3850.0,3850.0,3952.106492011911,3952.106492011911,4002.890544269201,0.0,0.0,0.0,0.0,3850.0,3850.0,3992.890544269201,3992.890544269201,350.0,3572.616372639004,0.0,0,0,0,1
S6,continuous,B,386,84,3860.0,3860.0,3927.2254193842246,3927.2254193842246,3978.1143861996366,0.0,0.0,0.0,0.0,3860.0,3860.0,3968.1143861996366,3968.1143861996366,350.0,3961.6193091388245,0.0,0,0,0,1
S6,continuous,B,387,93,3870.0,3870.0,3943.2139668704676,3943.2139668704676,3970.7338577211685,0.0,0.0,0.0,0.0,3870.0,3870.0,3960.7338577211685,3960.7338577211685,350.0,3532.652575223923,0.0,0,0,0,1
S6,continuous,B,388,300,3880.0,3880.0,4010.581581628922,4010.581581628922,4026.459507279533,0.0,0.0,0.0,0.0,3880.0,3880.0,4016.459507279533,4016.459507279533,350.0,6293.775176542772,0.0,0,0,0,1
S6,continuous,B,389,67,3890.0,3890.0,3963.6882294514226,3963.6882294514226,3987.4152365393143,0.0,0.0,0.0,0.0,3890.0,3890.0,3977.4152365393143,3977.4152365393143,300.0,2018.9951107572692,0.0,0,0,0,0
S6,continuous,B,390,334,3900.0,3900.0,4009.6062276432267,4009.6062276432267,4062.254580593192,0.0,0.0,0.0,0.0,3900.0,3900.0,4052.254580593192,4052.254580593192,350.0,5873.263671838385,0.0,0,0,0,1
S6,continuous,B,391,268,3910.0,3910.0,3955.106052687985,3955.106052687985,3990.4932394183684,0.0,0.0,0.0,0.0,3910.0,3910.0,3980.4932394183684,3980.4932394183684,300.0,1422.9017433041113,0.39705325586623985,1,0,1,0
S6,continuous,B,392,106,3920.0,3920.0,3969.7197172114707,3969.7197172114707,4031.8347818309594,0.0,0.0,0.0,0.0,3920.0,3920.0,4021.8347818309594,4021.8347818309594,350.0,2646.08438874111,0.0,0,0,0,1
S6,continuous,B,393,327,3930.0,3930.0,3947.288202936149,3947.288202936149,3975.8466521720434,0.0,0.0,0.0,0.0,3930.0,3930.0,3965.8466521720434,3965.8466521720434,300.0,1156.249306192259,0.0,0,0,0,0
S6,continuous,B,394,344,3940.0,3940.0,4017.618983308561,4017.618983308561,4034.4333362313528,0.0,0.0,0.0,0.0,3940.0,3940.0,4024.4333362313528,4024.4333362313528,350.0,2126.987429318464,0.0,0,0,0,1
S6,continuous,B,395,123,3950.0,3950.0,4086.0746575124476,4086.0746575124476,4113.750666529089,0.0,0.0,0.0,0.0,3950.0,3950.0,4103.750666529089,4103.750666529089,350.0,6849.881781305299,0.0,0,0,0,1
S6,continuous,B,396,108,3960.0,3960.0,4052.887377235705,4052.887377235705,4069.7017301584965,0.0,0.0,0.0,0.0,3960.0,3960.0,4059.7017301584965,4059.7017301584965,350.0,3202.6159436149837,0.0,0,0,0,1
S6,continuous,B,397,229,3970.0,3970.0,4074.953442278566,4074.953442278566,4090.7770255347264,0.0,0.0,0.0,0.0,3970.0,3970.0,4080.7770255347264,4080.7770255347264,350.0,5369.32684549229,0.0,0,0,0,1
S6,continuous,B,398,225,3980.0,3980.0,4078.634018927181,4078.634018927181,4094.5119445777923,0.0,0.0,0.0,0.0,3980.0,3980.0,4084.5119445777923,4084.5119445777923,350.0,3516.8379364480475,0.0,0,0,0,1
S6,continuous,B,399,274,3990.0,3990.0,4039.7769513152225,4039.7769513152225,4052.3367375404096,0.0,0.0,0.0,0.0,3990.0,3990.0,4042.3367375404096,4042.3367375404096,350.0,2625.5058830769385,0.0,0,0,0,1
S6,continuous,B,400,70,4000.0,4000.0,4030.1554488507236,4030.1554488507236,4039.459637776754,0.0,0.0,0.0,0.0,4000.0,4000.0,4030.1554488507236,4030.1554488507236,300.0,2044.0162924713657,0.0,0,0,0,0
S6,continuous,B,401,97,4010.0,4010.0,4149.999725657946,4149.999725657946,4180.861447995004,0.0,0.0,0.0,0.0,4010.0,4010.0,4170.861447995004,4170.861447995004,350.0,6240.975223633878,0.0,0,0,0,1
S6,continuous,B,402,153,4020.0,4020.0,4136.803213639722,4136.803213639722,4196.975389023883,0.0,0.0,0.0,0.0,4020.0,4020.0,4186.975389023883,4186.975389023883,350.0,4599.338430127443,0.0,0,0,0,1
S6,continuous,B,403,11,4030.0,4030.0,4100.650458093456,4100.650458093456,4117.464811016248,0.0,0.0,0.0,0.0,4030.0,4030.0,4107.464811016248,4107.464811016248,350.0,3308.2243004502934,0.0,0,0,0,1
S6,continuous,B,404,156,4040.0,4040.0,4128.555184715191,4128.555184715191,4167.979379997656,0.0,0.0,0.0,0.0,4040.0,4040.0,4157.979379997656,4157.979379997656,350.0,2962.6470038079797,0.0,0,0,0,1
S6,continuous,B,405,306,4050.0,4050.0,4096.1365600900535,4096.1365600900535,4109.185994862893,0.0,0.0,0.0,0.0,4050.0,4050.0,4099.185994862893,4099.185994862893,350.0,2385.2613774705897,0.0,0,0,0,1
S6,continuous,B,406,219,4060.0,4060.0,4143.759982565279,4143.759982565279,4171.27987341598,0.0,0.0,0.0,0.0,4060.0,4060.0,4161.27987341598,4161.27987341598,350.0,2589.915069405871,0.0,0,0,0,1
S6,continuous,B,407,224,4070.0,4070.0,4129.214937079254,4129.214937079254,4160.346319873381,0.0,0.0,0.0,0.0,4070.0,4070.0,4150.346319873381,4150.346319873381,350.0,1745.512009543073,0.0,0,0,0,1
S6,continuous,B,408,246,4080.0,4080.0,4187.124485040484,4187.124485040484,4193.002410691095,0.0,0.0,0.0,0.0,4080.0,4080.0,4187.124485040484,4187.124485040484,300.0,5867.920025314142,0.0,0,0,0,0
S6,continuous,B,409,254,4090.0,4090.0,4172.705294274839,4172.705294274839,4200.38130329148,0.0,0.0,0.0,0.0,4090.0,4090.0,4190.38130329148,4190.38130329148,350.0,4877.54617951924,0.0,0,0,0,1
S6,continuous,B,410,95,4100.0,4100.0,4234.986257951225,4234.986257951225,4268.713265039117,0.0,0.0,0.0,0.0,4100.0,4100.0,4258.713265039117,4258.713265039117,350.0,5239.575475084274,0.0,0,0,0,1
S6,continuous,B,411,284,4110.0,4110.0,4195.731547463858,4195.731547463858,4245.579346978117,0.0,0.0,0.0,0.0,4110.0,4110.0,4235.579346978117,4235.579346978117,350.0,4044.906889524018,0.0,0,0,0,1
S6,continuous,B,412,141,4120.0,4120.0,4211.60840633052,4211.60840633052,4264.256759280484,0.0,0.0,0.0,0.0,4120.0,4120.0,4254.256759280484,4254.256759280484,350.0,5180.043869679269,0.0,0,0,0,1
S6,continuous,B,413,279,4130.0,4130.0,4233.41509548543,4233.41509548543,4293.427426706426,0.0,0.0,0.0,0.0,4130.0,4130.0,4283.427426706426,4283.427426706426,350.0,3879.730099634305,0.0,0,0,0,1
S6,continuous,B,414,80,4140.0,4140.0,4228.5075219758755,4228.5075219758755,4259.638904770002,0.0,0.0,0.0,0.0,4140.0,4140.0,4249.638904770002,4249.638904770002,350.0,4865.733395257125,0.0,0,0,0,1
S6,continuous,B,415,314,4150.0,4150.0,4248.347865130864,4248.347865130864,4307.966917836155,0.0,0.0,0.0,0.0,4150.0,4150.0,4297.966917836155,4297.966917836155,350.0,5147.932382891157,0.0,0,0,0,1
S6,continuous,B,416,88,4160.0,4160.0,4228.369272789066,4228.369272789066,4256.045281805707,0.0,0.0,0.0,0.0,4160.0,4160.0,4246.045281805707,4246.045281805707,350.0,2318.5605281407757,0.0,0,0,0,1
S6,continuous,B,417,159,4170.0,4170.0,4254.666170491635,4254.666170491635,4283.212799815476,0.0,0.0,0.0,0.0,4170.0,4170.0,4273.212799815476,4273.212799815476,350.0,3429.3371363504116,0.0,0,0,0,1
S6,continuous,B,418,313,4180.0,4180.0,4235.617520442359,4235.617520442359,4251.49544609297,0.0,0.0,0.0,0.0,4180.0,4180.0,4241.49544609297,4241.49544609297,350.0,2090.164388617105,0.0,0,0,0,1
S6,continuous,B,419,48,4190.0,4190.0,4245.0252940382225,4245.0252940382225,4294.873093552482,0.0,0.0,0.0,0.0,4190.0,4190.0,4284.873093552482,4284.873093552482,350.0,2014.4523893342634,0.0,0,0,0,1
S6,continuous,B,420,184,4200.0,4200.0,4276.194045581546,4276.194045581546,4285.498234507576,0.0,0.0,0.0,0.0,4200.0,4200.0,4276.194045581546,4276.194045581546,300.0,2611.107427533676,0.0,0,0,0,0
S6,continuous,B,421,209,4210.0,4210.0,4326.562685305241,4326.562685305241,4345.866874231271,0.0,0.0,0.0,0.0,4210.0,4210.0,4335.866874231271,4335.866874231271,350.0,5685.765910082408,0.0,0,0,0,1
S6,continuous,B,422,233,4220.0,4220.0,4315.344228302754,4315.344228302754,4369.095654067609,0.0,0.0,0.0,0.0,4220.0,4220.0,4359.095654067609,4359.095654067609,350.0,4264.896917733439,0.0,0,0,0,1
S6,continuous,B,423,229,4230.0,4230.0,4325.956856180348,4325.956856180348,4341.834781830959,0.0,0.0,0.0,0.0,4230.0,4230.0,4331.834781830959,4331.834781830959,350.0,2646.08438874111,0.0,0,0,0,1
S6,continuous,B,424,236,4240.0,4240.0,4361.871725349637,4361.871725349637,4389.391616200338,0.0,0.0,0.0,0.0,4240.0,4240.0,4379.391616200338,4379.391616200338,350.0,4585.8728940697565,0.0,0,0,0,1
S6,continuous,B,425,127,4250.0,4250.0,4334.285127674594,4334.285127674594,4340.1630533252055,0.0,0.0,0.0,0.0,4250.0,4250.0,4334.285127674594,4334.285127674594,300.0,3887.2937703458506,0.0,0,0,0,0
S6,continuous,B,426,128,4260.0,4260.0,4345.215252964452,4345.215252964452,4355.423921756998,0.0,0.0,0.0,0.0,4260.0,4260.0,4345.423921756998,4345.423921756998,350.0,3300.9014991741556,0.0,0,0,0,1
S6,continuous,B,427,282,4270.0,4270.0,4375.3272664350525,4375.3272664350525,4406.18898877211,0.0,0.0,0.0,0.0,4270.0,4270.0,4396.18898877211,4396.18898877211,350.0,3345.6973891536427,0.0,0,0,0,1
S6,continuous,B,428,168,4280.0,4280.0,4327.939632187874,4327.939632187874,4380.684509588385,0.0,0.0,0.0,0.0,4280.0,4280.0,4370.684509588385,4370.684509588385,350.0,1753.0126435012485,0.0,0,0,0,1
S6,continuous,B,429,69,4290.0,4290.0,4361.9167658006945,4361.9167658006945,4407.303952531078,0.0,0.0,0.0,0.0,4290.0,4290.0,4397.303952531078,4397.303952531078,350.0,2663.5796106537596,0.0,0,0,0,1
S6,continuous,B,430,359,4300.0,4300.0,4382.563760370852,4382.563760370852,4410.756494748901,0.0,0.0,0.0,0.0,4300.0,4300.0,4400.756494748901,4400.756494748901,350.0,3565.3822595270094,0.0,0,0,0,1
S6,continuous,B,431,246,4310.0,4310.0,4436.496774575503,4436.496774575503,4464.689508953552,0.0,0.0,0.0,0.0,4310.0,4310.0,4454.689508953552,4454.689508953552,350.0,5085.678620815589,0.0,0,0,0,1
S6,continuous,B,432,98,4320.0,4320.0,4372.034715173906,4372.034715173906,4431.6537678791965,0.0,0.0,0.0,0.0,4320.0,4320.0,4421.6537678791965,4421.6537678791965,350.0,1169.937589650558,0.0,0,0,0,1
S6,continuous,B,433,175,4330.0,4330.0,4417.720087412876,4417.720087412876,4441.815406392239,0.0,0.0,0.0,0.0,4330.0,4330.0,4431.815406392239,4431.815406392239,350.0,2040.338998651695,0.0,0,0,0,1
S6,continuous,B,434,135,4340.0,4340.0,4443.125383143393,4443.125383143393,4458.948966399554,0.0,0.0,0.0,0.0,4340.0,4340.0,4448.948966399554,4448.948966399554,350.0,3707.4950272592273,0.0,0,0,0,1
S6,continuous,B,435,307,4350.0,4350.0,4480.290908819513,4480.290908819513,4507.966917836155,0.0,0.0,0.0,0.0,4350.0,4350.0,4497.966917836155,4497.966917836155,350.0,5147.932382891157,0.0,0,0,0,1
S6,continuous,B,436,130,4360.0,4360.0,4411.8374288718815,4411.8374288718815,4453.9531913389565,0.0,0.0,0.0,0.0,4360.0,4360.0,4443.9531913389565,4443.9531913389565,350.0,1308.600027416296,0.0,0,0,0,1
S6,continuous,B,437,120,4370.0,4370.0,4439.320951296832,4439.320951296832,4479.716409031509,0.0,0.0,0.0,0.0,4370.0,4370.0,4469.716409031509,4469.716409031509,350.0,3337.496038068135,0.0,0,0,0,1
S6,continuous,B,438,239,4380.0,4380.0,4451.162784205269,4451.162784205269,4486.540093203601,0.0,0.0,0.0,0.0,4380.0,4380.0,4476.540093203601,4476.540093203601,350.0,3224.012222883033,0.0,0,0,0,1
S6,continuous,B,439,332,4390.0,4390.0,4476.442005012838,4476.442005012838,4510.1690121007305,0.0,0.0,0.0,0.0,4390.0,4390.0,4500.1690121007305,4500.1690121007305,350.0,3132.5588545883597,0.0,0,0,0,1
S6,continuous,B,440,287,4400.0,4400.0,4533.325693109337,4533.325693109337,4590.495867159858,0.0,0.0,0.0,0.0,4400.0,4400.0,4580.495867159858,4580.495867159858,350.0,5246.086987104897,0.0,0,0,0,1
S6,continuous,B,441,34,4410.0,4410.0,4487.8359795762935,4487.8359795762935,4490.395765801481,0.0,0.0,0.0,0.0,4410.0,4410.0,4487.8359795762935,4487.8359795762935,300.0,3440.7598666653703,0.03759695294729681,1,0,1,0
S6,continuous,B,442,91,4420.0,4420.0,4561.958270927993,4561.958270927993,4602.35372866267,0.0,0.0,0.0,0.0,4420.0,4420.0,4592.35372866267,4592.35372866267,350.0,6037.00679576262,0.0,0,0,0,1
S6,continuous,B,443,93,4430.0,4430.0,4444.874441488645,4444.874441488645,4484.722241002904,0.0,0.0,0.0,0.0,4430.0,4430.0,4474.722241002904,4474.722241002904,300.0,1178.0005212738956,0.0,0,0,0,0
S6,continuous,B,444,100,4440.0,4440.0,4517.618983308561,4517.618983308561,4534.433336231353,0.0,0.0,0.0,0.0,4440.0,4440.0,4524.433336231353,4524.433336231353,350.0,2126.987429318464,0.0,0,0,0,1
S6,continuous,B,445,200,4450.0,4450.0,4495.724193427328,4495.724193427328,4523.40020244397,0.0,0.0,0.0,0.0,4450.0,4450.0,4513.40020244397,4513.40020244397,350.0,2430.9031378412633,0.0,0,0,0,1
S6,continuous,B,446,359,4460.0,4460.0,4503.390873998882,4503.390873998882,4543.786331733559,0.0,0.0,0.0,0.0,4460.0,4460.0,4533.786331733559,4533.786331733559,350.0,2057.817125026659,0.0,0,0,0,1
S6,continuous,B,447,146,4470.0,4470.0,4570.742096461508,4570.742096461508,4630.914271845668,0.0,0.0,0.0,0.0,4470.0,4470.0,4620.914271845668,4620.914271845668,350.0,5310.313418328371,0.0,0,0,0,1
S6,continuous,B,448,149,4480.0,4480.0,4595.796895475873,4595.796895475873,4655.522276470808,0.0,0.0,0.0,0.0,4480.0,4480.0,4645.522276470808,4645.522276470808,350.0,4880.266983082441,0.0,0,0,0,1
S6,continuous,B,449,172,4490.0,4490.0,4577.720087412876,4577.720087412876,4601.815406392239,0.0,0.0,0.0,0.0,4490.0,4490.0,4591.815406392239,4591.815406392239,350.0,2040.338998651695,0.0,0,0,0,1
S6,continuous,B,450,316,4500.0,4500.0,4560.04672814939,4560.04672814939,4589.470923431855,0.0,0.0,0.0,0.0,4500.0,4500.0,4579.470923431855,4579.470923431855,300.0,1241.4087865895506,0.0,0,0,0,0
S6,continuous,B,451,55,4510.0,4510.0,4594.415193111277,4594.415193111277,4647.160070511788,0.0,0.0,0.0,0.0,4510.0,4510.0,4637.160070511788,4637.160070511788,350.0,3400.350700782678,0.0,0,0,0,1
S6,continuous,B,452,292,4520.0,4520.0,4595.27715459762,4595.27715459762,4637.925507547585,0.0,0.0,0.0,0.0,4520.0,4520.0,4627.925507547585,4627.925507547585,300.0,5218.85082905079,0.0,0,0,0,0
S6,continuous,B,453,85,4530.0,4530.0,4565.6745372710575,4565.6745372710575,4614.520838159333,0.0,0.0,0.0,0.0,4530.0,4530.0,4604.520838159333,4604.520838159333,300.0,1542.140720051963,0.0,0,0,0,0
S6,continuous,B,454,60,4540.0,4540.0,4645.115458650715,4645.115458650715,4683.6739078866085,0.0,0.0,0.0,0.0,4540.0,4540.0,4673.6739078866085,4673.6739078866085,350.0,3523.981239400867,0.0,0,0,0,1
S6,continuous,B,455,34,4550.0,4550.0,4684.592991747149,4684.592991747149,4741.161694819174,0.0,0.0,0.0,0.0,4550.0,4550.0,4731.161694819174,4731.161694819174,350.0,5579.201381677154,0.0,0,0,0,1
S6,continuous,B,456,331,4560.0,4560.0,4641.422001154278,4641.422001154278,4653.677511463421,0.0,0.0,0.0,0.0,4560.0,4560.0,4643.677511463421,4643.677511463421,350.0,1963.916895382208,0.0,0,0,0,1
S6,continuous,B,457,240,4570.0,4570.0,4650.6925413633235,4650.6925413633235,4710.311594068614,0.0,0.0,0.0,0.0,4570.0,4570.0,4700.311594068614,4700.311594068614,350.0,2545.9147985484638,0.0,0,0,0,1
S6,continuous,B,458,110,4580.0,4580.0,4689.462538848265,4689.462538848265,4702.022325073452,0.0,0.0,0.0,0.0,4580.0,4580.0,4692.022325073452,4692.022325073452,350.0,4045.630265510891,0.0,0,0,0,1
S6,continuous,B,459,358,4590.0,4590.0,4638.568935651038,4638.568935651038,4687.415236539314,0.0,0.0,0.0,0.0,4590.0,4590.0,4677.415236539314,4677.415236539314,300.0,2018.9951107572692,0.0,0,0,0,0
S6,continuous,B,460,50,4600.0,4600.0,4652.897378288365,4652.897378288365,4703.786345103777,0.0,0.0,0.0,0.0,4600.0,4600.0,4693.786345103777,4693.786345103777,350.0,3025.1802509042554,0.0,0,0,0,1
S6,continuous,B,461,136,4610.0,4610.0,4722.539602372602,4722.539602372602,4773.323654629891,0.0,0.0,0.0,0.0,4610.0,4610.0,4763.323654629891,4763.323654629891,350.0,4073.4952581055622,0.0,0,0,0,1
S6,continuous,B,462,93,4620.0,4620.0,4732.920497706007,4732.920497706007,4775.036260173082,0.0,0.0,0.0,0.0,4620.0,4620.0,4765.036260173082,4765.036260173082,350.0,4213.117926287068,0.0,0,0,0,1
S6,continuous,B,463,326,4630.0,4630.0,4727.169303104806,4727.169303104806,4743.047228755418,0.0,0.0,0.0,0.0,4630.0,4630.0,4733.047228755418,4733.047228755418,350.0,3242.671913074117,0.0,0,0,0,1
S6,continuous,B,464,284,4640.0,4640.0,4754.59959095385,4754.59959095385,4805.488557769262,0.0,0.0,0.0,0.0,4640.0,4640.0,4795.488557769262,4795.488557769262,350.0,3966.2741405635225,0.0,0,0,0,1
S6,continuous,B,465,4,4650.0,4650.0,4704.099293332812,4704.099293332812,4742.371867894019,0.0,0.0,0.0,0.0,4650.0,4650.0,4732.371867894019,4732.371867894019,350.0,2312.1044245994117,0.0,0,0,0,1
S6,continuous,B,466,181,4660.0,4660.0,4755.588599723178,4755.588599723178,4772.40295264597,0.0,0.0,0.0,0.0,4660.0,4660.0,4762.40295264597,4762.40295264597,350.0,4553.505535373966,0.0,0,0,0,1
S6,continuous,B,467,188,4670.0,4670.0,4712.321584798467,4712.321584798467,4714.881371023654,0.0,0.0,0.0,0.0,4670.0,4670.0,4712.321584798467,4712.321584798467,300.0,1093.0972079791907,0.0,0,0,0,0
S6,continuous,B,468,84,4680.0,4680.0,4806.022455432418,4806.022455432418,4834.215189810467,0.0,0.0,0.0,0.0,4680.0,4680.0,4824.215189810467,4824.215189810467,350.0,6182.318602777016,0.0,0,0,0,1
S6,continuous,B,469,269,4690.0,4690.0,4715.446132751093,4715.446132751093,4762.616306801613,0.0,0.0,0.0,0.0,4690.0,4690.0,4752.616306801613,4752.616306801613,300.0,1744.2112426670603,0.0,0,0,0,0
S6,continuous,B,470,152,4700.0,4700.0,4775.7642755457255,4775.7642755457255,4815.1884708281905,0.0,0.0,0.0,0.0,4700.0,4700.0,4805.1884708281905,4805.1884708281905,350.0,3762.194675733239,0.0,0,0,0,1
S6,continuous,B,471,216,4710.0,4710.0,4775.240757104081,4775.240757104081,4813.4754713156135,0.0,0.0,0.0,0.0,4710.0,4710.0,4803.4754713156135,4803.4754713156135,350.0,3054.679374268963,0.0,0,0,0,1
S6,continuous,B,472,16,4720.0,4720.0,4777.781353789291,4777.781353789291,4818.56540604658,0.0,0.0,0.0,0.0,4720.0,4720.0,4808.56540604658,4808.56540604658,300.0,1534.5242269553887,0.0,0,0,0,0
S6,continuous,B,473,121,4730.0,4730.0,4761.372455276366,4761.372455276366,4813.487519895855,0.0,0.0,0.0,0.0,4730.0,4730.0,4803.487519895855,4803.487519895855,300.0,888.9069044351357,0.0,0,0,0,0
S6,continuous,B,474,223,4740.0,4740.0,4827.981404474426,4827.981404474426,4878.57535643739,0.0,0.0,0.0,0.0,4740.0,4740.0,4868.57535643739,4868.57535643739,350.0,3627.3434978048635,0.0,0,0,0,1
S6,continuous,B,475,32,4750.0,4750.0,4860.181734763994,4860.181734763994,4913.933160528849,0.0,0.0,0.0,0.0,4750.0,4750.0,4903.933160528849,4903.933160528849,350.0,4361.605340059071,0.0,0,0,0,1
S6,continuous,B,476,302,4760.0,4760.0,4846.247415283343,4846.247415283343,4874.794044607183,0.0,0.0,0.0,0.0,4760.0,4760.0,4864.794044607183,4864.794044607183,350.0,2216.052582015798,0.0,0,0,0,1
S6,continuous,B,477,81,4770.0,4770.0,4847.287419993888,4847.287419993888,4887.135219508147,0.0,0.0,0.0,0.0,4770.0,4770.0,4877.135219508147,4877.135219508147,300.0,4229.848377184146,0.0,0,0,0,0
S6,continuous,B,478,80,4780.0,4780.0,4904.198148331194,4904.198148331194,4920.021731587354,0.0,0.0,0.0,0.0,4780.0,4780.0,4910.021731587354,4910.021731587354,350.0,4833.500405244969,0.0,0,0,0,1
S6,continuous,B,479,146,4790.0,4790.0,4835.123398795046,4835.123398795046,4862.799407811688,0.0,0.0,0.0,0.0,4790.0,4790.0,4852.799407811688,4852.799407811688,350.0,2109.7215345141053,0.0,0,0,0,1
S6,continuous,B,480,54,4800.0,4800.0,4950.3606928911895,4950.3606928911895,4981.222415228247,0.0,0.0,0.0,0.0,4800.0,4800.0,4971.222415228247,4971.222415228247,350.0,6495.289643076927,0.0,0,0,0,1
S6,continuous,B,481,119,4810.0,4810.0,4853.687394564361,4853.687394564361,4884.5491169014185,0.0,0.0,0.0,0.0,4810.0,4810.0,4874.5491169014185,4874.5491169014185,350.0,1876.3765988707937,0.0,0,0,0,1
S6,continuous,B,482,67,4820.0,4820.0,4899.787950988751,4899.787950988751,4902.83738576159,0.0,0.0,0.0,0.0,4820.0,4820.0,4899.787950988751,4899.787950988751,300.0,2462.7072170060846,0.0,0,0,0,0
S6,continuous,B,483,49,4830.0,4830.0,4885.032216603755,4885.032216603755,4928.783642368609,0.0,0.0,0.0,0.0,4830.0,4830.0,4918.783642368609,4918.783642368609,300.0,2743.8627607710905,0.0,0,0,0,0
S6,continuous,B,484,322,4840.0,4840.0,4914.2722367276965,4914.2722367276965,4956.3879991947715,0.0,0.0,0.0,0.0,4840.0,4840.0,4946.3879991947715,4946.3879991947715,350.0,4357.34611652341,0.0,0,0,0,1
S6,continuous,B,485,329,4850.0,4850.0,4954.680695232022,4954.680695232022,4992.915409443554,0.0,0.0,0.0,0.0,4850.0,4850.0,4982.915409443554,4982.915409443554,350.0,5266.747042407266,0.0,0,0,0,1
S6,continuous,B,486,148,4860.0,4860.0,4889.69780902902,4889.69780902902,4929.122004311485,0.0,0.0,0.0,0.0,4860.0,4860.0,4919.122004311485,4919.122004311485,350.0,1421.218442616561,0.0,0,0,0,1
S6,continuous,B,487,193,4870.0,4870.0,4993.578579045023,4993.578579045023,5021.254588061664,0.0,0.0,0.0,0.0,4870.0,4870.0,5011.254588061664,5011.254588061664,350.0,4748.096759974384,0.0,0,0,0,1
S6,continuous,B,488,128,4880.0,4880.0,4987.426626803438,4987.426626803438,5044.5968008539585,0.0,0.0,0.0,0.0,4880.0,4880.0,5034.5968008539585,5034.5968008539585,350.0,4373.678353769168,0.0,0,0,0,1
S6,continuous,B,489,10,4890.0,4890.0,4958.568113959248,4958.568113959248,4982.29512104714,0.0,0.0,0.0,0.0,4890.0,4890.0,4972.29512104714,4972.29512104714,300.0,3820.6312956618885,6.576510243392022,5,0,2,0
S6,continuous,B,490,194,4900.0,4900.0,4952.146685373784,4952.146685373784,5004.8915627742945,0.0,0.0,0.0,0.0,4900.0,4900.0,4994.8915627742945,4994.8915627742945,350.0,2703.284981682638,0.0,0,0,0,1
S6,continuous,B,491,167,4910.0,4910.0,4959.22515457195,4959.22515457195,5010.00920682924,0.0,0.0,0.0,0.0,4910.0,4910.0,5000.00920682924,5000.00920682924,350.0,1775.2217577796232,0.0,0,0,0,1
S6,continuous,B,492,15,4920.0,4920.0,5008.7892318646345,5008.7892318646345,5059.678198680047,0.0,0.0,0.0,0.0,4920.0,4920.0,5049.678198680047,5049.678198680047,350.0,2685.3236022778397,0.0,0,0,0,1
S6,continuous,B,493,259,4930.0,4930.0,5013.311414536859,5013.311414536859,5029.1349977930195,0.0,0.0,0.0,0.0,4930.0,4930.0,5019.1349977930195,5019.1349977930195,350.0,3142.158991766315,0.0,0,0,0,1
S6,continuous,B,494,242,4940.0,4940.0,5048.133461766982,5048.133461766982,5076.691911002876,0.0,0.0,0.0,0.0,4940.0,4940.0,5066.691911002876,5066.691911002876,300.0,4040.2129402080836,6.986348998456833,2,0,2,0
S6,continuous,B,495,202,4950.0,4950.0,5059.462538848265,5059.462538848265,5072.022325073452,0.0,0.0,0.0,0.0,4950.0,4950.0,5062.022325073452,5062.022325073452,350.0,4045.630265510891,0.0,0,0,0,1
S6,continuous,B,496,266,4960.0,4960.0,5049.819707434051,5049.819707434051,5088.054421645584,0.0,0.0,0.0,0.0,4960.0,4960.0,5078.054421645584,5078.054421645584,350.0,3047.4708441282214,0.0,0,0,0,1
S6,continuous,B,497,31,4970.0,4970.0,5078.553436443085,5078.553436443085,5117.111885678979,0.0,0.0,0.0,0.0,4970.0,4970.0,5107.111885678979,5107.111885678979,350.0,3800.8327876081307,0.0,0,0,0,1
S6,continuous,B,498,248,4980.0,4980.0,5066.781297484279,5066.781297484279,5084.457306500921,0.0,0.0,0.0,0.0,4980.0,4980.0,5074.457306500921,5074.457306500921,300.0,4132.65916765733,0.7509310583668594,1,0,2,0
S6,continuous,B,499,206,4990.0,4990.0,5039.453776728797,5039.453776728797,5089.072829434087,0.0,0.0,0.0,0.0,4990.0,4990.0,5079.072829434087,5079.072829434087,300.0,3124.7952818740705,0.0,0,0,0,0
S6,continuous,B,500,37,5000.0,5000.0,5049.127067719709,5049.127067719709,5074.5043767180405,0.0,0.0,0.0,0.0,5000.0,5000.0,5064.5043767180405,5064.5043767180405,300.0,1587.5323505535487,0.0,0,0,0,0
S6,continuous,B,501,310,5010.0,5010.0,5114.778353293205,5114.778353293205,5154.20254857567,0.0,0.0,0.0,0.0,5010.0,5010.0,5144.20254857567,5144.20254857567,350.0,3935.6960973781943,0.0,0,0,0,1
S6,continuous,B,502,279,5020.0,5020.0,5074.86749874417,5074.86749874417,5085.076167536717,0.0,0.0,0.0,0.0,5020.0,5020.0,5075.076167536717,5075.076167536717,350.0,2222.998589846618,0.0,0,0,0,1
S6,continuous,B,503,268,5030.0,5030.0,5124.475603595547,5124.475603595547,5178.2270293604015,0.0,0.0,0.0,0.0,5030.0,5030.0,5168.2270293604015,5168.2270293604015,350.0,2938.2754804170827,0.0,0,0,0,1
S6,continuous,B,504,27,5040.0,5040.0,5149.462538848265,5149.462538848265,5162.022325073452,0.0,0.0,0.0,0.0,5040.0,5040.0,5152.022325073452,5152.022325073452,350.0,4045.630265510891,0.0,0,0,0,1
S6,continuous,B,505,243,5050.0,5050.0,5171.299754751043,5171.299754751043,5223.948107701008,0.0,0.0,0.0,0.0,5050.0,5050.0,5213.948107701008,5213.948107701008,350.0,7370.753333031646,0.0,0,0,0,1
S6,continuous,B,506,235,5060.0,5060.0,5182.366350164746,5182.366350164746,5216.093357252638,0.0,0.0,0.0,0.0,5060.0,5060.0,5206.093357252638,5206.093357252638,350.0,4649.883462929623,0.0,0,0,0,1
S6,continuous,B,507,305,5070.0,5070.0,5146.916840713139,5146.916840713139,5175.109575091188,0.0,0.0,0.0,0.0,5070.0,5070.0,5165.109575091188,5165.109575091188,350.0,4292.965418636299,0.0,0,0,0,1
S6,continuous,B,508,5,5080.0,5080.0,5177.284013547293,5177.284013547293,5190.333448320132,0.0,0.0,0.0,0.0,5080.0,5080.0,5180.333448320132,5180.333448320132,350.0,3476.90044030442,0.0,0,0,0,1
S6,continuous,B,509,349,5090.0,5090.0,5221.116451546292,5221.116451546292,5270.964251060552,0.0,0.0,0.0,0.0,5090.0,5090.0,5260.964251060552,5260.964251060552,350.0,5737.734994292634,0.0,0,0,0,1
S6,continuous,B,510,258,5100.0,5100.0,5162.102336578809,5162.102336578809,5201.526531861274,0.0,0.0,0.0,0.0,5100.0,5100.0,5191.526531861274,5191.526531861274,350.0,2417.5081426950724,0.0,0,0,0,1
S6,continuous,B,511,80,5110.0,5110.0,5177.014020264683,5177.014020264683,5226.739401259618,0.0,0.0,0.0,0.0,5110.0,5110.0,5216.739401259618,5216.739401259618,300.0,1807.4008561714318,0.0,0,0,0,0
S6,continuous,B,512,206,5120.0,5120.0,5178.593652497331,5178.593652497331,5185.408005420123,0.0,0.0,0.0,0.0,5120.0,5120.0,5178.593652497331,5178.593652497331,300.0,2477.149827349379,0.0,0,0,0,0
S6,continuous,B,513,238,5130.0,5130.0,5227.476503987252,5227.476503987252,5291.176127075417,0.0,0.0,0.0,0.0,5130.0,5130.0,5281.176127075417,5281.176127075417,350.0,5119.871778797746,0.0,0,0,0,1
S6,continuous,B,514,160,5140.0,5140.0,5208.568113959248,5208.568113959248,5232.29512104714,0.0,0.0,0.0,0.0,5140.0,5140.0,5222.29512104714,5222.29512104714,300.0,3820.6312956618885,6.576510243392022,5,0,2,0
S6,continuous,B,515,174,5150.0,5150.0,5251.294962748525,5251.294962748525,5291.690420483202,0.0,0.0,0.0,0.0,5150.0,5150.0,5281.690420483202,5281.690420483202,350.0,3640.30354974235,0.0,0,0,0,1
S6,continuous,B,516,123,5160.0,5160.0,5306.398658897887,5306.398658897887,5362.9673619699115,0.0,0.0,0.0,0.0,5160.0,5160.0,5352.9673619699115,5352.9673619699115,350.0,6114.610684782436,0.0,0,0,0,1
S6,continuous,B,517,250,5170.0,5170.0,5247.029487661009,5247.029487661009,5280.756494748901,0.0,0.0,0.0,0.0,5170.0,5170.0,5270.756494748901,5270.756494748901,350.0,3565.3822595270094,0.0,0,0,0,1
S6,continuous,B,518,156,5180.0,5180.0,5318.757971266845,5318.757971266845,5349.8893540609715,0.0,0.0,0.0,0.0,5180.0,5180.0,5339.8893540609715,5339.8893540609715,350.0,5777.333110316658,0.0,0,0,0,1
S6,continuous,B,519,13,5190.0,5190.0,5318.325440283611,5318.325440283611,5370.973793233576,0.0,0.0,0.0,0.0,5190.0,5190.0,5360.973793233576,5360.973793233576,350.0,5117.51069169583,0.0,0,0,0,1
S6,continuous,B,520,110,5200.0,5200.0,5319.322787937763,5319.322787937763,5347.869417261603,0.0,0.0,0.0,0.0,5200.0,5200.0,5337.869417261603,5337.869417261603,350.0,4468.730454359751,0.0,0,0,0,1
S6,continuous,B,521,146,5210.0,5210.0,5332.797321113567,5332.797321113567,5345.846755886406,0.0,0.0,0.0,0.0,5210.0,5210.0,5335.846755886406,5335.846755886406,350.0,4575.226997942404,0.0,0,0,0,1
S6,continuous,B,522,208,5220.0,5220.0,5256.290930295778,5256.290930295778,5274.483664673827,0.0,0.0,0.0,0.0,5220.0,5220.0,5264.483664673827,5264.483664673827,300.0,1207.257085970929,0.139513626323037,1,0,1,0
S6,continuous,B,523,295,5230.0,5230.0,5330.519963795596,5330.519963795596,5361.381686132653,0.0,0.0,0.0,0.0,5230.0,5230.0,5351.381686132653,5351.381686132653,350.0,3367.236175283463,0.0,0,0,0,1
S6,continuous,B,524,218,5240.0,5240.0,5301.047540950504,5301.047540950504,5332.178923744631,0.0,0.0,0.0,0.0,5240.0,5240.0,5322.178923744631,5322.178923744631,350.0,3420.7778330125107,0.0,0,0,0,1
S6,continuous,B,525,24,5250.0,5250.0,5308.467106018129,5308.467106018129,5362.166729106294,0.0,0.0,0.0,0.0,5250.0,5250.0,5352.166729106294,5352.166729106294,300.0,1106.4635998231793,0.0,0,0,0,0
S6,continuous,B,526,47,5260.0,5260.0,5334.943265742073,5334.943265742073,5387.058330361562,0.0,0.0,0.0,0.0,5260.0,5260.0,5377.058330361562,5377.058330361562,300.0,2244.6044844586513,0.0,0,0,0,0
S6,continuous,B,527,143,5270.0,5270.0,5341.652610696027,5341.652610696027,5392.246562658991,0.0,0.0,0.0,0.0,5270.0,5270.0,5382.246562658991,5382.246562658991,350.0,3110.041867245488,0.0,0,0,0,1
S6,continuous,B,528,81,5280.0,5280.0,5421.484366342774,5421.484366342774,5463.600128809849,0.0,0.0,0.0,0.0,5280.0,5280.0,5453.600128809849,5453.600128809849,350.0,6014.0146804099595,0.0,0,0,0,1
S6,continuous,B,529,186,5290.0,5290.0,5335.749700185445,5335.749700185445,5359.845019164809,0.0,0.0,0.0,0.0,5290.0,5290.0,5349.845019164809,5349.845019164809,350.0,2395.93645670667,0.0,0,0,0,1
S6,continuous,B,530,193,5300.0,5300.0,5409.600334988206,5409.600334988206,5440.462057325263,0.0,0.0,0.0,0.0,5300.0,5300.0,5430.462057325263,5430.462057325263,350.0,5722.445657585971,0.0,0,0,0,1
S6,continuous,B,531,58,5310.0,5310.0,5391.541230308912,5391.541230308912,5422.40295264597,0.0,0.0,0.0,0.0,5310.0,5310.0,5412.40295264597,5412.40295264597,350.0,4553.505535373966,0.0,0,0,0,1
S6,continuous,B,532,118,5320.0,5320.0,5432.053687106497,5432.053687106497,5462.915409443554,0.0,0.0,0.0,0.0,5320.0,5320.0,5452.915409443554,5452.915409443554,350.0,5266.747042407266,0.0,0,0,0,1
S6,continuous,B,533,264,5330.0,5330.0,5412.656060564604,5412.656060564604,5446.383067652496,0.0,0.0,0.0,0.0,5330.0,5330.0,5436.383067652496,5436.383067652496,350.0,4904.518922526474,0.0,0,0,0,1
S6,continuous,B,534,237,5340.0,5340.0,5419.194736667253,5419.194736667253,5451.310499134328,0.0,0.0,0.0,0.0,5340.0,5340.0,5441.310499134328,5441.310499134328,300.0,2982.9469534395994,0.3015568526870993,1,0,2,0
S6,continuous,B,535,148,5350.0,5350.0,5426.702869491659,5426.702869491659,5450.429876579551,0.0,0.0,0.0,0.0,5350.0,5350.0,5440.429876579551,5440.429876579551,300.0,3929.057729245602,0.0,0,0,0,0
S6,continuous,B,536,4,5360.0,5360.0,5417.790277115404,5417.790277115404,5477.802608336399,0.0,0.0,0.0,0.0,5360.0,5360.0,5467.802608336399,5467.802608336399,350.0,3378.226646578691,0.0,0,0,0,1
S6,continuous,B,537,267,5370.0,5370.0,5479.0816064619685,5479.0816064619685,5506.601497312669,0.0,0.0,0.0,0.0,5370.0,5370.0,5496.601497312669,5496.601497312669,350.0,5051.89917534023,0.0,0,0,0,1
S6,continuous,B,538,35,5380.0,5380.0,5441.7228804448005,5441.7228804448005,5482.611847260213,0.0,0.0,0.0,0.0,5380.0,5380.0,5472.611847260213,5472.611847260213,300.0,1621.2989415644058,0.0,0,0,0,0
S6,continuous,B,539,180,5390.0,5390.0,5488.120805881527,5488.120805881527,5544.689508953552,0.0,0.0,0.0,0.0,5390.0,5390.0,5534.689508953552,5534.689508953552,350.0,5085.67862081559,0.0,0,0,0,1
S6,continuous,B,540,138,5400.0,5400.0,5466.144052749759,5466.144052749759,5501.531239480142,0.0,0.0,0.0,0.0,5400.0,5400.0,5491.531239480142,5491.531239480142,300.0,3717.328113241757,0.5590835082007288,1,0,1,0
S6,continuous,B,541,204,5410.0,5410.0,5457.550525434783,5457.550525434783,5511.250148522948,0.0,0.0,0.0,0.0,5410.0,5410.0,5501.250148522948,5501.250148522948,300.0,1458.0611256233706,0.0,0,0,0,0
S6,continuous,B,542,164,5420.0,5420.0,5499.07285544916,5499.07285544916,5517.265589827209,0.0,0.0,0.0,0.0,5420.0,5420.0,5507.265589827209,5507.265589827209,300.0,4282.094099374335,2.3295997770374015,1,0,1,0
S6,continuous,B,543,201,5430.0,5430.0,5536.008005587946,5536.008005587946,5575.8558051022055,0.0,0.0,0.0,0.0,5430.0,5430.0,5565.8558051022055,5565.8558051022055,300.0,4636.457604853235,0.6390535837326752,1,0,1,0
S6,continuous,B,544,12,5440.0,5440.0,5484.434236357589,5484.434236357589,5524.282035871848,0.0,0.0,0.0,0.0,5440.0,5440.0,5514.282035871848,5514.282035871848,300.0,3022.4316190133945,0.0,0,0,0,0
S6,continuous,B,545,315,5450.0,5450.0,5509.760512807963,5509.760512807963,5533.487519895855,0.0,0.0,0.0,0.0,5450.0,5450.0,5523.487519895855,5523.487519895855,300.0,888.9069044351356,0.0,0,0,0,0
S6,continuous,B,546,279,5460.0,5460.0,5574.910867874467,5574.910867874467,5591.725220797259,0.0,0.0,0.0,0.0,5460.0,5460.0,5581.725220797259,5581.725220797259,350.0,3816.652865808267,0.0,0,0,0,1
S6,continuous,B,547,150,5470.0,5470.0,5559.88947239572,5559.88947239572,5610.483424358684,0.0,0.0,0.0,0.0,5470.0,5470.0,5600.483424358684,5600.483424358684,350.0,5055.176269090928,0.0,0,0,0,1
S6,continuous,B,548,200,5480.0,5480.0,5536.443939261084,5536.443939261084,5553.258292183876,0.0,0.0,0.0,0.0,5480.0,5480.0,5543.258292183876,5543.258292183876,350.0,3072.4808981330307,0.0,0,0,0,1
S6,continuous,B,549,88,5490.0,5490.0,5550.847687390663,5550.847687390663,5586.224996388994,0.0,0.0,0.0,0.0,5490.0,5490.0,5576.224996388994,5576.224996388994,350.0,2153.5669339491915,0.0,0,0,0,1
S6,continuous,B,550,182,5500.0,5500.0,5551.986708312003,5551.986708312003,5600.833009200279,0.0,0.0,0.0,0.0,5500.0,5500.0,5590.833009200279,5590.833009200279,300.0,838.2753691334349,0.0,0,0,0,0
S6,continuous,B,551,45,5510.0,5510.0,5618.172771820947,5618.172771820947,5656.445346382154,0.0,0.0,0.0,0.0,5510.0,5510.0,5646.445346382154,5646.445346382154,350.0,3726.372744042921,0.0,0,0,0,1
S6,continuous,B,552,197,5520.0,5520.0,5659.208860029775,5659.208860029775,5718.827912735065,0.0,0.0,0.0,0.0,5520.0,5520.0,5708.827912735065,5708.827912735065,350.0,5949.830710734463,0.0,0,0,0,1
S6,continuous,B,553,40,5530.0,5530.0,5595.771746149663,5595.771746149663,5611.595329405824,0.0,0.0,0.0,0.0,5530.0,5530.0,5601.595329405824,5601.595329405824,350.0,1866.7623074553649,0.0,0,0,0,1
S6,continuous,B,554,169,5540.0,5540.0,5583.6337323023035,5583.6337323023035,5612.1921815381975,0.0,0.0,0.0,0.0,5540.0,5540.0,5602.1921815381975,5602.1921815381975,300.0,1929.8224463533238,0.0,0,0,0,0
S6,continuous,B,555,72,5550.0,5550.0,5601.658500429493,5601.658500429493,5615.7538194088565,0.0,0.0,0.0,0.0,5550.0,5550.0,5605.7538194088565,5605.7538194088565,300.0,420.42580817310954,0.0,0,0,0,0
S6,continuous,B,556,184,5560.0,5560.0,5603.649283974063,5603.649283974063,5654.433336231353,0.0,0.0,0.0,0.0,5560.0,5560.0,5644.433336231353,5644.433336231353,350.0,2126.9874293184635,0.0,0,0,0,1
S6,continuous,B,557,157,5570.0,5570.0,5648.488502728536,5648.488502728536,5667.792691654567,0.0,0.0,0.0,0.0,5570.0,5570.0,5657.792691654567,5657.792691654567,350.0,4292.202696293763,0.0,0,0,0,1
S6,continuous,B,558,93,5580.0,5580.0,5638.20514621548,5638.20514621548,5688.05294572974,0.0,0.0,0.0,0.0,5580.0,5580.0,5678.05294572974,5678.05294572974,350.0,3355.061928050115,0.0,0,0,0,1
S6,continuous,B,559,252,5590.0,5590.0,5630.3602041676295,5630.3602041676295,5668.594918379162,0.0,0.0,0.0,0.0,5590.0,5590.0,5658.594918379162,5658.594918379162,350.0,2126.097379835836,0.0,0,0,0,1
S6,continuous,B,560,86,5600.0,5600.0,5712.053385200449,5712.053385200449,5735.780392288341,0.0,0.0,0.0,0.0,5600.0,5600.0,5725.780392288341,5725.780392288341,300.0,4504.766956841345,0.0,0,0,0,0
S6,continuous,B,561,105,5610.0,5610.0,5709.062346498094,5709.062346498094,5752.813772262948,0.0,0.0,0.0,0.0,5610.0,5610.0,5742.813772262948,5742.813772262948,300.0,3756.515067342801,0.5376779963939953,1,0,1,0
S6,continuous,B,562,238,5620.0,5620.0,5741.871725349637,5741.871725349637,5769.391616200338,0.0,0.0,0.0,0.0,5620.0,5620.0,5759.391616200338,5759.391616200338,350.0,4585.8728940697565,0.0,0,0,0,1
S6,continuous,B,563,166,5630.0,5630.0,5684.099293332812,5684.099293332812,5722.371867894019,0.0,0.0,0.0,0.0,5630.0,5630.0,5712.371867894019,5712.371867894019,350.0,2312.1044245994117,0.0,0,0,0,1
S6,continuous,B,564,19,5640.0,5640.0,5777.7378052457625,5777.7378052457625,5836.584106134038,0.0,0.0,0.0,0.0,5640.0,5640.0,5826.584106134038,5826.584106134038,350.0,5793.686692804518,0.0,0,0,0,1
S6,continuous,B,565,174,5650.0,5650.0,5695.399917900526,5695.399917900526,5740.787104630909,0.0,0.0,0.0,0.0,5650.0,5650.0,5730.787104630909,5730.787104630909,350.0,2448.8819826952513,0.0,0,0,0,1
S6,continuous,B,566,140,5660.0,5660.0,5749.810955977586,5749.810955977586,5809.983131361746,0.0,0.0,0.0,0.0,5660.0,5660.0,5799.983131361746,5799.983131361746,350.0,3857.0992330078466,0.0,0,0,0,1
S6,continuous,B,567,348,5670.0,5670.0,5739.569227209097,5739.569227209097,5786.739401259618,0.0,0.0,0.0,0.0,5670.0,5670.0,5776.739401259618,5776.739401259618,300.0,1807.4008561714318,0.0,0,0,0,0
S6,continuous,B,568,311,5680.0,5680.0,5756.204309436372,5756.204309436372,5815.050610324647,0.0,0.0,0.0,0.0,5680.0,5680.0,5805.050610324647,5805.050610324647,350.0,4337.633703293993,0.0,0,0,0,1
S6,continuous,B,569,190,5690.0,5690.0,5773.759982565279,5773.759982565279,5801.27987341598,0.0,0.0,0.0,0.0,5690.0,5690.0,5791.27987341598,5791.27987341598,350.0,2589.915069405871,0.0,0,0,0,1
S6,continuous,B,570,213,5700.0,5700.0,5803.15428584544,5803.15428584544,5822.458474771471,0.0,0.0,0.0,0.0,5700.0,5700.0,5812.458474771471,5812.458474771471,350.0,3658.8020788267963,0.0,0,0,0,1
S6,continuous,B,571,139,5710.0,5710.0,5762.034715173906,5762.034715173906,5821.6537678791965,0.0,0.0,0.0,0.0,5710.0,5710.0,5811.6537678791965,5811.6537678791965,350.0,1169.937589650558,0.0,0,0,0,1
S6,continuous,B,572,51,5720.0,5720.0,5783.604188589285,5783.604188589285,5813.999646323961,0.0,0.0,0.0,0.0,5720.0,5720.0,5803.999646323961,5803.999646323961,300.0,2631.1521584122147,0.0,0,0,0,0
S6,continuous,B,573,180,5730.0,5730.0,5756.945551695617,5756.945551695617,5820.645174783782,0.0,0.0,0.0,0.0,5730.0,5730.0,5810.645174783782,5810.645174783782,350.0,1340.348077928747,0.0,0,0,0,1
S6,continuous,B,574,103,5740.0,5740.0,5851.205713935418,5851.205713935418,5910.052014823694,0.0,0.0,0.0,0.0,5740.0,5740.0,5900.052014823694,5900.052014823694,350.0,4909.069251762274,0.0,0,0,0,1
S6,continuous,B,575,216,5750.0,5750.0,5816.503054684083,5816.503054684083,5844.77562924529,0.0,0.0,0.0,0.0,5750.0,5750.0,5834.77562924529,5834.77562924529,300.0,1490.806093116825,0.0,0,0,0,0
S6,continuous,B,576,293,5760.0,5760.0,5845.768061067346,5845.768061067346,5895.780392288341,0.0,0.0,0.0,0.0,5760.0,5760.0,5885.780392288341,5885.780392288341,300.0,4504.766956841345,0.0,0,0,0,0
S6,continuous,B,577,240,5770.0,5770.0,5859.680807594692,5859.680807594692,5890.812190388819,0.0,0.0,0.0,0.0,5770.0,5770.0,5880.812190388819,5880.812190388819,350.0,2608.883353834685,0.0,0,0,0,1
S6,continuous,B,578,230,5780.0,5780.0,5860.64086845171,5860.64086845171,5898.875582663242,0.0,0.0,0.0,0.0,5780.0,5780.0,5888.875582663242,5888.875582663242,350.0,3189.460431624899,0.0,0,0,0,1
S6,continuous,B,579,62,5790.0,5790.0,5900.074568476138,5900.074568476138,5950.246743860298,0.0,0.0,0.0,0.0,5790.0,5790.0,5940.246743860298,5940.246743860298,300.0,4680.338042214527,22.582027740390004,1,0,1,0
S6,continuous,B,580,263,5800.0,5800.0,5846.488752178507,5846.488752178507,5849.538186951346,0.0,0.0,0.0,0.0,5800.0,5800.0,5846.488752178507,5846.488752178507,300.0,2034.1040499714452,0.0,0,0,0,0
S6,continuous,B,581,268,5810.0,5810.0,5877.477693461161,5877.477693461161,5889.733203770304,0.0,0.0,0.0,0.0,5810.0,5810.0,5879.733203770304,5879.733203770304,350.0,3073.912445229052,0.0,0,0,0,1
S6,continuous,B,582,73,5820.0,5820.0,5886.300613449589,5886.300613449589,5938.948966399554,0.0,0.0,0.0,0.0,5820.0,5820.0,5928.948966399554,5928.948966399554,350.0,3707.4950272592273,0.0,0,0,0,1
S6,continuous,B,583,123,5830.0,5830.0,5941.782624226577,5941.782624226577,5994.430977176542,0.0,0.0,0.0,0.0,5830.0,5830.0,5984.430977176542,5984.430977176542,350.0,4189.922646739563,0.0,0,0,0,1
S6,continuous,B,584,161,5840.0,5840.0,5918.385929314928,5918.385929314928,5972.1373550797825,0.0,0.0,0.0,0.0,5840.0,5840.0,5962.1373550797825,5962.1373550797825,350.0,2420.538113106827,0.0,0,0,0,1
S6,continuous,B,585,222,5850.0,5850.0,5910.721305331891,5910.721305331891,5922.976815641034,0.0,0.0,0.0,0.0,5850.0,5850.0,5912.976815641034,5912.976815641034,350.0,3133.5769395419015,0.0,0,0,0,1
S6,continuous,B,586,16,5860.0,5860.0,5918.3055280412445,5918.3055280412445,5968.03090903618,0.0,0.0,0.0,0.0,5860.0,5860.0,5958.03090903618,5958.03090903618,300.0,2321.1700653056278,12.79113147329008,1,0,1,0
S6,continuous,B,587,72,5870.0,5870.0,5915.04970208491,5915.04970208491,5931.864055007702,0.0,0.0,0.0,0.0,5870.0,5870.0,5921.864055007702,5921.864055007702,350.0,1348.8332836282298,0.0,0,0,0,1
S6,continuous,B,588,352,5880.0,5880.0,5889.905070516395,5889.905070516395,5922.02083298347,0.0,0.0,0.0,0.0,5880.0,5880.0,5912.02083298347,5912.02083298347,300.0,663.0633628752302,0.0,0,0,0,0
S6,continuous,B,589,271,5890.0,5890.0,5973.780558011694,5973.780558011694,6016.525435412204,0.0,0.0,0.0,0.0,5890.0,5890.0,6006.525435412204,6006.525435412204,300.0,4335.929484028794,0.0,0,0,0,0
S6,continuous,B,590,139,5900.0,5900.0,5976.510728880852,5976.510728880852,6035.357029769128,0.0,0.0,0.0,0.0,5900.0,5900.0,6025.357029769128,6025.357029769128,350.0,4639.190294101091,0.0,0,0,0,1
S6,continuous,B,591,339,5910.0,5910.0,6006.2104349760575,6006.2104349760575,6058.858787926022,0.0,0.0,0.0,0.0,5910.0,5910.0,6048.858787926022,6048.858787926022,350.0,3000.762512994063,0.0,0,0,0,1
S6,continuous,B,592,132,5920.0,5920.0,6018.634018927181,6018.634018927181,6034.511944577793,0.0,0.0,0.0,0.0,5920.0,5920.0,6024.511944577793,6024.511944577793,350.0,3516.8379364480475,0.0,0,0,0,1
S6,continuous,B,593,260,5930.0,5930.0,6027.549952938183,6027.549952938183,6058.411675275241,0.0,0.0,0.0,0.0,5930.0,5930.0,6048.411675275241,6048.411675275241,350.0,3342.9675520648334,0.0,0,0,0,1
S6,continuous,B,594,224,5940.0,5940.0,6007.477693461161,6007.477693461161,6019.733203770304,0.0,0.0,0.0,0.0,5940.0,5940.0,6009.733203770304,6009.733203770304,350.0,3073.912445229052,0.0,0,0,0,1
S6,continuous,B,595,283,5950.0,5950.0,6007.270749407634,6007.270749407634,6052.657936138017,0.0,0.0,0.0,0.0,5950.0,5950.0,6042.657936138017,6042.657936138017,350.0,3270.465743607624,0.0,0,0,0,1
S6,continuous,B,596,278,5960.0,5960.0,6112.309700349306,6112.309700349306,6143.171422686363,0.0,0.0,0.0,0.0,5960.0,5960.0,6133.171422686363,6133.171422686363,350.0,7055.687861940868,0.0,0,0,0,1
S6,continuous,B,597,35,5970.0,5970.0,6081.584396690706,6081.584396690706,6109.777131068755,0.0,0.0,0.0,0.0,5970.0,5970.0,6099.777131068755,6099.777131068755,350.0,3749.4944664021164,0.0,0,0,0,1
S6,continuous,B,598,197,5980.0,5980.0,6121.484366342774,6121.484366342774,6163.600128809849,0.0,0.0,0.0,0.0,5980.0,5980.0,6153.600128809849,6153.600128809849,350.0,6014.0146804099595,0.0,0,0,0,1
S6,continuous,B,599,148,5990.0,5990.0,6060.278010459631,6060.278010459631,6095.665197190015,0.0,0.0,0.0,0.0,5990.0,5990.0,6085.665197190015,6085.665197190015,300.0,3781.7433618341483,0.7993601913053681,2,0,2,0
S6,continuous,B,600,6,6000.0,6000.0,6022.400052624947,6022.400052624947,6050.958501860841,0.0,0.0,0.0,0.0,6000.0,6000.0,6040.958501860841,6040.958501860841,300.0,1448.0806101842052,0.0,0,0,0,0
S6,continuous,B,601,174,6010.0,6010.0,6048.739915205498,6048.739915205498,6091.484792606008,0.0,0.0,0.0,0.0,6010.0,6010.0,6081.484792606008,6081.484792606008,300.0,1674.500114056038,0.0,0,0,0,0
S6,continuous,B,602,205,6020.0,6020.0,6102.004141146786,6102.004141146786,6154.652494096751,0.0,0.0,0.0,0.0,6020.0,6020.0,6144.652494096751,6144.652494096751,350.0,4925.469363543832,0.0,0,0,0,1
S6,continuous,B,603,199,6030.0,6030.0,6130.430704243593,6130.430704243593,6180.278503757852,0.0,0.0,0.0,0.0,6030.0,6030.0,6170.278503757852,6170.278503757852,350.0,3824.658909428083,0.0,0,0,0,1
S6,continuous,B,604,119,6040.0,6040.0,6126.109901202791,6126.109901202791,6132.924254125583,0.0,0.0,0.0,0.0,6040.0,6040.0,6126.109901202791,6126.109901202791,300.0,2560.9695265981945,0.0,0,0,0,0
S6,continuous,B,605,116,6050.0,6050.0,6105.244927975388,6105.244927975388,6124.5491169014185,0.0,0.0,0.0,0.0,6050.0,6050.0,6114.5491169014185,6114.5491169014185,350.0,1876.3765988707937,0.0,0,0,0,1
S6,continuous,B,606,108,6060.0,6060.0,6106.287465554598,6106.287465554598,6166.012846549534,0.0,0.0,0.0,0.0,6060.0,6060.0,6156.012846549534,6156.012846549534,350.0,1677.7707192549674,0.0,0,0,0,1
S6,continuous,B,607,118,6070.0,6070.0,6124.099293332812,6124.099293332812,6162.371867894019,0.0,0.0,0.0,0.0,6070.0,6070.0,6152.371867894019,6152.371867894019,350.0,2312.1044245994117,0.0,0,0,0,1
S6,continuous,B,608,295,6080.0,6080.0,6165.747756174413,6165.747756174413,6205.595555688672,0.0,0.0,0.0,0.0,6080.0,6080.0,6195.595555688672,6195.595555688672,300.0,4350.822020968368,0.0,0,0,0,0
S6,continuous,B,609,95,6090.0,6090.0,6165.250603405546,6165.250603405546,6225.262934626541,0.0,0.0,0.0,0.0,6090.0,6090.0,6215.262934626541,6215.262934626541,350.0,1606.1510677848228,0.0,0,0,0,1
S6,continuous,B,610,247,6100.0,6100.0,6166.888374174842,6166.888374174842,6169.143884483985,0.0,0.0,0.0,0.0,6100.0,6100.0,6166.888374174842,6166.888374174842,300.0,1955.4859406689832,0.0,0,0,0,0
S6,continuous,B,611,319,6110.0,6110.0,6221.390385180831,6221.390385180831,6249.066394197473,0.0,0.0,0.0,0.0,6110.0,6110.0,6239.066394197473,6239.066394197473,350.0,4426.252770188136,0.0,0,0,0,1
S6,continuous,B,612,103,6120.0,6120.0,6204.439870161947,6204.439870161947,6235.571252956073,0.0,0.0,0.0,0.0,6120.0,6120.0,6225.571252956073,6225.571252956073,350.0,2101.9164300793973,0.0,0,0,0,1
S6,continuous,B,613,211,6130.0,6130.0,6175.749700185445,6175.749700185445,6199.845019164809,0.0,0.0,0.0,0.0,6130.0,6130.0,6189.845019164809,6189.845019164809,350.0,2395.93645670667,0.0,0,0,0,1
S6,continuous,B,614,262,6140.0,6140.0,6154.252658600811,6154.252658600811,6189.639845331194,0.0,0.0,0.0,0.0,6140.0,6140.0,6179.639845331194,6179.639845331194,300.0,706.8947434671094,0.0,0,0,0,0
S6,continuous,B,615,81,6150.0,6150.0,6253.5548975948295,6253.5548975948295,6281.230906611471,0.0,0.0,0.0,0.0,6150.0,6150.0,6271.230906611471,6271.230906611471,350.0,3910.3566622056737,0.0,0,0,0,1
S6,continuous,B,616,189,6160.0,6160.0,6225.240757104081,6225.240757104081,6263.4754713156135,0.0,0.0,0.0,0.0,6160.0,6160.0,6253.4754713156135,6253.4754713156135,350.0,3054.679374268963,0.0,0,0,0,1
S6,continuous,B,617,48,6170.0,6170.0,6214.714182250286,6214.714182250286,6255.498234507576,0.0,0.0,0.0,0.0,6170.0,6170.0,6245.498234507576,6245.498234507576,300.0,2611.107427533676,0.0,0,0,0,0
S6,continuous,B,618,56,6180.0,6180.0,6275.894019939126,6275.894019939126,6288.149530248269,0.0,0.0,0.0,0.0,6180.0,6180.0,6278.149530248269,6278.149530248269,350.0,4551.072670035569,0.0,0,0,0,1
S6,continuous,B,619,209,6190.0,6190.0,6271.422001154278,6271.422001154278,6283.677511463421,0.0,0.0,0.0,0.0,6190.0,6190.0,6273.677511463421,6273.677511463421,350.0,1963.916895382208,0.0,0,0,0,1
S6,continuous,B,620,274,6200.0,6200.0,6253.236395800095,6253.236395800095,6305.88474875006,0.0,0.0,0.0,0.0,6200.0,6200.0,6295.88474875006,6295.88474875006,350.0,1892.566212451668,0.0,0,0,0,1
S6,continuous,B,621,93,6210.0,6210.0,6304.701862103941,6304.701862103941,6355.590828919353,0.0,0.0,0.0,0.0,6210.0,6210.0,6345.590828919353,6345.590828919353,350.0,4076.849080701382,0.0,0,0,0,1
S6,continuous,B,622,289,6220.0,6220.0,6340.284782050811,6340.284782050811,6394.036207815666,0.0,0.0,0.0,0.0,6220.0,6220.0,6384.036207815666,6384.036207815666,350.0,4359.599175108163,0.0,0,0,0,1
S6,continuous,B,623,327,6230.0,6230.0,6347.1819205731,6347.1819205731,6349.741706798287,0.0,0.0,0.0,0.0,6230.0,6230.0,6347.1819205731,6347.1819205731,300.0,4611.16465113073,0.0,0,0,0,0
S6,continuous,B,624,328,6240.0,6240.0,6349.7068979266005,6349.7068979266005,6400.49095018389,0.0,0.0,0.0,0.0,6240.0,6240.0,6390.49095018389,6390.49095018389,350.0,3938.8582349495055,0.0,0,0,0,1
S6,continuous,B,625,275,6250.0,6250.0,6340.255413715838,6340.255413715838,6371.386796509964,0.0,0.0,0.0,0.0,6250.0,6250.0,6361.386796509964,6361.386796509964,350.0,3041.001272493587,0.0,0,0,0,1
S6,continuous,B,626,38,6260.0,6260.0,6352.408287173389,6352.408287173389,6411.254588061664,0.0,0.0,0.0,0.0,6260.0,6260.0,6401.254588061664,6401.254588061664,350.0,4748.096759974384,0.0,0,0,0,1
S6,continuous,B,627,97,6270.0,6270.0,6325.135149331039,6325.135149331039,6384.860530325975,0.0,0.0,0.0,0.0,6270.0,6270.0,6374.860530325975,6374.860530325975,350.0,3169.588382718912,0.0,0,0,0,1
S6,continuous,B,628,36,6280.0,6280.0,6350.541264384199,6350.541264384199,6378.0611552349,0.0,0.0,0.0,0.0,6280.0,6280.0,6368.0611552349,6368.0611552349,350.0,1702.197459583031,0.0,0,0,0,1
S6,continuous,B,629,92,6290.0,6290.0,6399.822542921433,6399.822542921433,6449.670342435692,0.0,0.0,0.0,0.0,6290.0,6290.0,6439.670342435692,6439.670342435692,350.0,3941.886637556485,0.0,0,0,0,1
S6,continuous,B,630,185,6300.0,6300.0,6394.075514726068,6394.075514726068,6444.96448154148,0.0,0.0,0.0,0.0,6300.0,6300.0,6434.96448154148,6434.96448154148,350.0,4168.338439437109,0.0,0,0,0,1
S6,continuous,B,631,154,6310.0,6310.0,6399.732631127426,6399.732631127426,6435.109940125758,0.0,0.0,0.0,0.0,6310.0,6310.0,6425.109940125758,6425.109940125758,350.0,2906.4611804552883,0.0,0,0,0,1
S6,continuous,B,632,8,6320.0,6320.0,6432.539602372602,6432.539602372602,6483.323654629891,0.0,0.0,0.0,0.0,6320.0,6320.0,6473.323654629891,6473.323654629891,350.0,4073.4952581055622,0.0,0,0,0,1
S6,continuous,B,633,292,6330.0,6330.0,6375.095403411251,6375.095403411251,6414.519598693716,0.0,0.0,0.0,0.0,6330.0,6330.0,6404.519598693716,6404.519598693716,350.0,825.7101676156022,0.0,0,0,0,1
S6,continuous,B,634,237,6340.0,6340.0,6392.260549687174,6392.260549687174,6419.9365587038155,0.0,0.0,0.0,0.0,6340.0,6340.0,6409.9365587038155,6409.9365587038155,350.0,1440.8159693310176,0.0,0,0,0,1
S6,continuous,B,635,25,6350.0,6350.0,6484.986257951225,6484.986257951225,6518.713265039117,0.0,0.0,0.0,0.0,6350.0,6350.0,6508.713265039117,6508.713265039117,350.0,5239.575475084274,0.0,0,0,0,1
S6,continuous,B,636,135,6360.0,6360.0,6460.701546273878,6460.701546273878,6498.974120835085,0.0,0.0,0.0,0.0,6360.0,6360.0,6488.974120835085,6488.974120835085,350.0,4824.967187311202,0.0,0,0,0,1
S6,continuous,B,637,200,6370.0,6370.0,6485.028231611765,6485.028231611765,6548.72785469993,0.0,0.0,0.0,0.0,6370.0,6370.0,6538.72785469993,6538.72785469993,350.0,5805.446167994715,0.0,0,0,0,1
S6,continuous,B,638,308,6380.0,6380.0,6510.766918047452,6510.766918047452,6534.862237026816,0.0,0.0,0.0,0.0,6380.0,6380.0,6524.862237026816,6524.862237026816,350.0,5155.2059700392765,0.0,0,0,0,1
S6,continuous,B,639,283,6390.0,6390.0,6481.024612087584,6481.024612087584,6540.643664792874,0.0,0.0,0.0,0.0,6390.0,6390.0,6530.643664792874,6530.643664792874,350.0,3567.5262209917323,0.0,0,0,0,1
S6,continuous,B,640,124,6400.0,6400.0,6521.497034233312,6521.497034233312,6581.222415228247,0.0,0.0,0.0,0.0,6400.0,6400.0,6571.222415228247,6571.222415228247,350.0,6495.289643076927,0.0,0,0,0,1
S6,continuous,B,641,227,6410.0,6410.0,6512.583423403132,6512.583423403132,6569.152126475156,0.0,0.0,0.0,0.0,6410.0,6410.0,6559.152126475156,6559.152126475156,350.0,4761.59631096116,0.0,0,0,0,1
S6,continuous,B,642,5,6420.0,6420.0,6536.4829583543515,6536.4829583543515,6552.360884004963,0.0,0.0,0.0,0.0,6420.0,6420.0,6542.360884004963,6542.360884004963,350.0,5046.04367016954,0.0,0,0,0,1
S6,continuous,B,643,260,6430.0,6430.0,6516.726987315359,6516.726987315359,6562.114174045742,0.0,0.0,0.0,0.0,6430.0,6430.0,6552.114174045742,6552.114174045742,350.0,2694.063832509827,0.0,0,0,0,1
S6,continuous,B,644,65,6440.0,6440.0,6558.213095045039,6558.213095045039,6610.861447995004,0.0,0.0,0.0,0.0,6440.0,6440.0,6600.861447995004,6600.861447995004,350.0,6240.975223633878,0.0,0,0,0,1
S6,continuous,B,645,339,6450.0,6450.0,6611.426763241652,6611.426763241652,6627.304688892264,0.0,0.0,0.0,0.0,6450.0,6450.0,6617.304688892264,6617.304688892264,350.0,6913.030420593058,0.0,0,0,0,1
S6,continuous,B,646,214,6460.0,6460.0,6531.351723386512,6531.351723386512,6566.738910116896,0.0,0.0,0.0,0.0,6460.0,6460.0,6556.738910116896,6556.738910116896,300.0,2953.2454739498007,0.05463509636319941,1,0,1,0
S6,continuous,B,647,295,6470.0,6470.0,6567.618848080163,6567.618848080163,6613.006034810546,0.0,0.0,0.0,0.0,6470.0,6470.0,6603.006034810546,6603.006034810546,350.0,3596.706185379001,0.0,0,0,0,1
S6,continuous,B,648,235,6480.0,6480.0,6525.961149457822,6525.961149457822,6564.519598693716,0.0,0.0,0.0,0.0,6480.0,6480.0,6554.519598693716,6554.519598693716,350.0,825.7101676156021,0.0,0,0,0,1
S6,continuous,B,649,243,6490.0,6490.0,6603.824003256805,6603.824003256805,6642.096577818012,0.0,0.0,0.0,0.0,6490.0,6490.0,6632.096577818012,6632.096577818012,350.0,5348.471047507692,0.0,0,0,0,1
S6,continuous,B,650,94,6500.0,6500.0,6632.0693691824345,6632.0693691824345,6695.7689922705995,0.0,0.0,0.0,0.0,6500.0,6500.0,6685.7689922705995,6685.7689922705995,350.0,5870.521954571612,0.0,0,0,0,1
S6,continuous,B,651,238,6510.0,6510.0,6595.819915332178,6595.819915332178,6655.438968037469,0.0,0.0,0.0,0.0,6510.0,6510.0,6645.438968037469,6645.438968037469,350.0,4116.2834082198315,0.0,0,0,0,1
S6,continuous,B,652,143,6520.0,6520.0,6622.84243274183,6622.84243274183,6668.229619472213,0.0,0.0,0.0,0.0,6520.0,6520.0,6658.229619472213,6658.229619472213,350.0,5179.958572321992,0.0,0,0,0,1
S6,continuous,B,653,262,6530.0,6530.0,6600.650458093456,6600.650458093456,6617.464811016248,0.0,0.0,0.0,0.0,6530.0,6530.0,6607.464811016248,6607.464811016248,350.0,3308.2243004502934,0.0,0,0,0,1
S6,continuous,B,654,281,6540.0,6540.0,6697.799493587761,6697.799493587761,6736.072068148968,0.0,0.0,0.0,0.0,6540.0,6540.0,6726.072068148968,6726.072068148968,350.0,7028.263950635766,0.0,0,0,0,1
S6,continuous,B,655,302,6550.0,6550.0,6658.553436443085,6658.553436443085,6697.111885678979,0.0,0.0,0.0,0.0,6550.0,6550.0,6687.111885678979,6687.111885678979,350.0,3800.8327876081307,0.0,0,0,0,1
S6,continuous,B,656,51,6560.0,6560.0,6691.2209054312425,6691.2209054312425,6693.78069165643,0.0,0.0,0.0,0.0,6560.0,6560.0,6691.2209054312425,6691.2209054312425,300.0,5889.122603767252,0.0,0,0,0,0
S6,continuous,B,657,7,6570.0,6570.0,6706.636290369818,6706.636290369818,6765.482591258094,0.0,0.0,0.0,0.0,6570.0,6570.0,6755.482591258094,6755.482591258094,350.0,6150.716756064434,0.0,0,0,0,1
S6,continuous,B,658,173,6580.0,6580.0,6630.532911509343,6630.532911509343,6669.091360745237,0.0,0.0,0.0,0.0,6580.0,6580.0,6659.091360745237,6659.091360745237,350.0,2932.1184379286096,0.0,0,0,0,1
S6,continuous,B,659,33,6590.0,6590.0,6719.920880952909,6719.920880952909,6778.7671818411845,0.0,0.0,0.0,0.0,6590.0,6590.0,6768.7671818411845,6768.7671818411845,350.0,5254.863142673916,0.0,0,0,0,1
S6,continuous,B,660,37,6600.0,6600.0,6638.4312943334735,6638.4312943334735,6682.182720098328,0.0,0.0,0.0,0.0,6600.0,6600.0,6672.182720098328,6672.182720098328,300.0,1317.6779806358015,0.0,0,0,0,0
S6,continuous,B,661,187,6610.0,6610.0,6709.894387728166,6709.894387728166,6769.906718949162,0.0,0.0,0.0,0.0,6610.0,6610.0,6759.906718949162,6759.906718949162,350.0,4468.634277677643,0.0,0,0,0,1
S6,continuous,B,662,295,6620.0,6620.0,6691.752271806384,6691.752271806384,6715.847590785747,0.0,0.0,0.0,0.0,6620.0,6620.0,6705.847590785747,6705.847590785747,350.0,4099.2462376640015,0.0,0,0,0,1
S6,continuous,B,663,42,6630.0,6630.0,6732.84243274183,6732.84243274183,6778.229619472213,0.0,0.0,0.0,0.0,6630.0,6630.0,6768.229619472213,6768.229619472213,350.0,5179.958572321992,0.0,0,0,0,1
S6,continuous,B,664,338,6640.0,6640.0,6764.858654081901,6764.858654081901,6826.97371870139,0.0,0.0,0.0,0.0,6640.0,6640.0,6816.97371870139,6816.97371870139,350.0,5387.837163309645,0.0,0,0,0,1
S6,continuous,B,665,103,6650.0,6650.0,6745.154180407825,6745.154180407825,6761.0321060584365,0.0,0.0,0.0,0.0,6650.0,6650.0,6751.0321060584365,6751.0321060584365,350.0,3991.8429463560565,0.0,0,0,0,1
S6,continuous,B,666,268,6660.0,6660.0,6778.213095045039,6778.213095045039,6830.861447995004,0.0,0.0,0.0,0.0,6660.0,6660.0,6820.861447995004,6820.861447995004,350.0,6240.975223633878,0.0,0,0,0,1
S6,continuous,B,667,19,6670.0,6670.0,6710.358873181662,6710.358873181662,6760.206672695921,0.0,0.0,0.0,0.0,6670.0,6670.0,6750.206672695921,6750.206672695921,350.0,1964.0429088855,0.0,0,0,0,1
S6,continuous,B,668,283,6680.0,6680.0,6756.103558585581,6756.103558585581,6781.480867583912,0.0,0.0,0.0,0.0,6680.0,6680.0,6771.480867583912,6771.480867583912,300.0,2502.452528531011,0.0,0,0,0,0
S6,continuous,B,669,118,6690.0,6690.0,6792.804613626067,6792.804613626067,6831.363062861961,0.0,0.0,0.0,0.0,6690.0,6690.0,6821.363062861961,6821.363062861961,350.0,3799.784722669501,0.0,0,0,0,1
S6,continuous,B,670,201,6700.0,6700.0,6824.776634935642,6824.776634935642,6881.345338007666,0.0,0.0,0.0,0.0,6700.0,6700.0,6871.345338007666,6871.345338007666,350.0,4900.525419108168,0.0,0,0,0,1
S6,continuous,B,671,222,6710.0,6710.0,6828.545621175439,6828.545621175439,6844.42354682605,0.0,0.0,0.0,0.0,6710.0,6710.0,6834.42354682605,6834.42354682605,350.0,4456.936973500243,0.0,0,0,0,1
S6,continuous,B,672,116,6720.0,6720.0,6786.668280906925,6786.668280906925,6814.188171757626,0.0,0.0,0.0,0.0,6720.0,6720.0,6804.188171757626,6804.188171757626,350.0,2679.0119705966563,0.0,0,0,0,1
S6,continuous,B,673,16,6730.0,6730.0,6809.972015428513,6809.972015428513,6870.1441908126735,0.0,0.0,0.0,0.0,6730.0,6730.0,6860.1441908126735,6860.1441908126735,350.0,1955.8203219954457,0.0,0,0,0,1
S6,continuous,B,674,228,6740.0,6740.0,6834.988251924339,6834.988251924339,6850.8118351805,0.0,0.0,0.0,0.0,6740.0,6740.0,6840.8118351805,6840.8118351805,350.0,3980.509335484743,0.0,0,0,0,1
S6,continuous,B,675,321,6750.0,6750.0,6798.422315526779,6798.422315526779,6804.3002411773905,0.0,0.0,0.0,0.0,6750.0,6750.0,6798.422315526779,6798.422315526779,300.0,3244.67608783132,0.0,0,0,0,0
S6,continuous,B,676,353,6760.0,6760.0,6812.36584070279,6812.36584070279,6862.091221697725,0.0,0.0,0.0,0.0,6760.0,6760.0,6852.091221697725,6852.091221697725,300.0,1103.7488454624743,0.0,0,0,0,0
S6,continuous,B,677,253,6770.0,6770.0,6888.236257401855,6888.236257401855,6905.050610324647,0.0,0.0,0.0,0.0,6770.0,6770.0,6895.050610324647,6895.050610324647,350.0,4337.633703293993,0.0,0,0,0,1
S6,continuous,B,678,129,6780.0,6780.0,6873.490765576119,6873.490765576119,6913.886223310796,0.0,0.0,0.0,0.0,6780.0,6780.0,6903.886223310796,6903.886223310796,350.0,4354.862889994607,0.0,0,0,0,1
S6,continuous,B,679,258,6790.0,6790.0,6844.067969655016,6844.067969655016,6891.2381437055365,0.0,0.0,0.0,0.0,6790.0,6790.0,6881.2381437055365,6881.2381437055365,300.0,1337.088476204224,0.0,0,0,0,0
S6,continuous,B,680,82,6800.0,6800.0,6869.320951296832,6869.320951296832,6909.716409031509,0.0,0.0,0.0,0.0,6800.0,6800.0,6899.716409031509,6899.716409031509,350.0,3337.496038068135,0.0,0,0,0,1
S6,continuous,B,681,1,6810.0,6810.0,6928.618923610551,6928.618923610551,6941.178709835738,0.0,0.0,0.0,0.0,6810.0,6810.0,6931.178709835738,6931.178709835738,350.0,4287.66201047502,0.0,0,0,0,1
S6,continuous,B,682,293,6820.0,6820.0,6871.934790182474,6871.934790182474,6900.493239418368,0.0,0.0,0.0,0.0,6820.0,6820.0,6890.493239418368,6890.493239418368,300.0,1422.9017433041113,0.39705325586623985,1,0,1,0
S6,continuous,B,683,166,6830.0,6830.0,6874.304264109975,6874.304264109975,6925.088316367264,0.0,0.0,0.0,0.0,6830.0,6830.0,6915.088316367264,6915.088316367264,350.0,2231.7502344881996,0.0,0,0,0,1
S6,continuous,B,684,207,6840.0,6840.0,6906.71381580288,6906.71381580288,6946.138011085345,0.0,0.0,0.0,0.0,6840.0,6840.0,6936.138011085345,6936.138011085345,350.0,2947.6487608111006,0.0,0,0,0,1
S6,continuous,B,685,135,6850.0,6850.0,6904.945347179902,6904.945347179902,6915.154015972448,0.0,0.0,0.0,0.0,6850.0,6850.0,6905.154015972448,6905.154015972448,350.0,2738.278855159634,0.0,0,0,0,1
S6,continuous,B,686,103,6860.0,6860.0,6963.89280419922,6963.89280419922,7016.541157149185,0.0,0.0,0.0,0.0,6860.0,6860.0,7006.541157149185,7006.541157149185,350.0,3506.3635500101896,0.0,0,0,0,1
S6,continuous,B,687,140,6870.0,6870.0,7000.766918047452,7000.766918047452,7024.862237026816,0.0,0.0,0.0,0.0,6870.0,6870.0,7014.862237026816,7014.862237026816,350.0,5155.2059700392765,0.0,0,0,0,1
S6,continuous,B,688,53,6880.0,6880.0,6935.135149331039,6935.135149331039,6994.860530325975,0.0,0.0,0.0,0.0,6880.0,6880.0,6984.860530325975,6984.860530325975,350.0,3169.588382718912,0.0,0,0,0,1
S6,continuous,B,689,55,6890.0,6890.0,6950.7087053535,6950.7087053535,7002.823769972989,0.0,0.0,0.0,0.0,6890.0,6890.0,6992.823769972989,6992.823769972989,300.0,3164.113538360583,0.6592477293884258,1,0,1,0
S6,continuous,B,690,324,6900.0,6900.0,6989.380728472126,6989.380728472126,7048.2270293604015,0.0,0.0,0.0,0.0,6900.0,6900.0,7038.2270293604015,7038.2270293604015,350.0,2938.2754804170827,0.0,0,0,0,1
S6,continuous,B,691,195,6910.0,6910.0,6990.248219710633,6990.248219710633,7042.9930971111435,0.0,0.0,0.0,0.0,6910.0,6910.0,7032.9930971111435,7032.9930971111435,350.0,4839.085550491568,0.0,0,0,0,1
S6,continuous,B,692,236,6920.0,6920.0,6971.8374288718815,6971.8374288718815,7013.9531913389565,0.0,0.0,0.0,0.0,6920.0,6920.0,7003.9531913389565,7003.9531913389565,350.0,1308.600027416296,0.0,0,0,0,1
S6,continuous,B,693,161,6930.0,6930.0,7019.83737207563,7019.83737207563,7071.952436695119,0.0,0.0,0.0,0.0,6930.0,6930.0,7061.952436695119,7061.952436695119,300.0,4269.261442669785,0.0,0,0,0,0
S6,continuous,B,694,122,6940.0,6940.0,7058.618923610551,7058.618923610551,7071.178709835738,0.0,0.0,0.0,0.0,6940.0,6940.0,7061.178709835738,7061.178709835738,350.0,4287.66201047502,0.0,0,0,0,1
S6,continuous,B,695,28,6950.0,6950.0,7083.871861632551,7083.871861632551,7140.440564704576,0.0,0.0,0.0,0.0,6950.0,6950.0,7130.440564704576,7130.440564704576,350.0,5955.033517832064,0.0,0,0,0,1
S6,continuous,B,696,82,6960.0,6960.0,7072.053385200449,7072.053385200449,7095.780392288341,0.0,0.0,0.0,0.0,6960.0,6960.0,7085.780392288341,7085.780392288341,300.0,4504.766956841345,0.0,0,0,0,0
S6,continuous,B,697,348,6970.0,6970.0,7041.351723386512,7041.351723386512,7076.738910116896,0.0,0.0,0.0,0.0,6970.0,6970.0,7066.738910116896,7066.738910116896,300.0,2953.2454739498007,0.05463509636319941,1,0,1,0
S6,continuous,B,698,345,6980.0,6980.0,7004.196905752774,7004.196905752774,7028.292224732138,0.0,0.0,0.0,0.0,6980.0,6980.0,7018.292224732138,7018.292224732138,350.0,757.8160109518423,0.0,0,0,0,1
S6,continuous,B,699,113,6990.0,6990.0,7140.3606928911895,7140.3606928911895,7171.222415228247,0.0,0.0,0.0,0.0,6990.0,6990.0,7161.222415228247,7161.222415228247,350.0,6495.289643076927,0.0,0,0,0,1
S6,continuous,B,700,11,7000.0,7000.0,7105.242822111212,7105.242822111212,7117.802608336399,0.0,0.0,0.0,0.0,7000.0,7000.0,7107.802608336399,7107.802608336399,350.0,3378.2266465786915,0.0,0,0,0,1
S6,continuous,B,701,172,7010.0,7010.0,7106.81577615425,7106.81577615425,7166.541157149185,0.0,0.0,0.0,0.0,7010.0,7010.0,7156.541157149185,7156.541157149185,350.0,3506.3635500101896,0.0,0,0,0,1
S6,continuous,B,702,319,7020.0,7020.0,7117.161353610209,7117.161353610209,7135.707982934049,0.0,0.0,0.0,0.0,7020.0,7020.0,7125.707982934049,7125.707982934049,300.0,4066.8630162503227,0.0,0,0,0,0
S6,continuous,B,703,147,7030.0,7030.0,7126.921703161688,7126.921703161688,7186.647084156623,0.0,0.0,0.0,0.0,7030.0,7030.0,7176.647084156623,7176.647084156623,350.0,4162.935096950936,0.0,0,0,0,1
S6,continuous,B,704,342,7040.0,7040.0,7088.408710811049,7088.408710811049,7129.002662774013,0.0,0.0,0.0,0.0,7040.0,7040.0,7119.002662774013,7119.002662774013,300.0,2308.3318605717545,0.0,0,0,0,0
S6,continuous,B,705,270,7050.0,7050.0,7130.1264664557075,7130.1264664557075,7182.871343856218,0.0,0.0,0.0,0.0,7050.0,7050.0,7172.871343856218,7172.871343856218,350.0,3227.7177811695765,0.0,0,0,0,1
S6,continuous,B,706,100,7060.0,7060.0,7109.127067719709,7109.127067719709,7134.5043767180405,0.0,0.0,0.0,0.0,7060.0,7060.0,7124.5043767180405,7124.5043767180405,300.0,1587.5323505535487,0.0,0,0,0,0
S6,continuous,B,707,95,7070.0,7070.0,7208.846636718875,7208.846636718875,7224.724562369486,0.0,0.0,0.0,0.0,7070.0,7070.0,7214.724562369486,7214.724562369486,350.0,6083.231303146582,0.0,0,0,0,1
S6,continuous,B,708,76,7080.0,7080.0,7152.250676339889,7152.250676339889,7212.422851724049,0.0,0.0,0.0,0.0,7080.0,7080.0,7202.422851724049,7202.422851724049,350.0,1985.8894103804978,0.0,0,0,0,1
S6,continuous,B,709,183,7090.0,7090.0,7153.604188589285,7153.604188589285,7183.999646323961,0.0,0.0,0.0,0.0,7090.0,7090.0,7173.999646323961,7173.999646323961,300.0,2631.1521584122147,0.0,0,0,0,0
S6,continuous,B,710,317,7100.0,7100.0,7189.6524100246725,7189.6524100246725,7218.199039348513,0.0,0.0,0.0,0.0,7100.0,7100.0,7208.199039348513,7208.199039348513,350.0,3688.4017725120125,0.0,0,0,0,1
S6,continuous,B,711,31,7110.0,7110.0,7142.468641475977,7142.468641475977,7158.292224732138,0.0,0.0,0.0,0.0,7110.0,7110.0,7148.292224732138,7148.292224732138,350.0,757.8160109518421,0.0,0,0,0,1
S6,continuous,B,712,226,7120.0,7120.0,7232.053385200449,7232.053385200449,7255.780392288341,0.0,0.0,0.0,0.0,7120.0,7120.0,7245.780392288341,7245.780392288341,300.0,4504.766956841345,0.0,0,0,0,0
S6,continuous,B,713,0,7130.0,7130.0,7187.270749407634,7187.270749407634,7232.657936138017,0.0,0.0,0.0,0.0,7130.0,7130.0,7222.657936138017,7222.657936138017,350.0,3270.465743607624,0.0,0,0,0,1
S6,continuous,B,714,167,7140.0,7140.0,7227.604562241115,7227.604562241115,7240.653997013954,0.0,0.0,0.0,0.0,7140.0,7140.0,7230.653997013954,7230.653997013954,350.0,4715.1263394999605,0.0,0,0,0,1
S6,continuous,B,715,176,7150.0,7150.0,7282.885870939095,7282.885870939095,7293.094539731642,0.0,0.0,0.0,0.0,7150.0,7150.0,7283.094539731642,7283.094539731642,350.0,5227.036245214761,0.0,0,0,0,1
S6,continuous,B,716,119,7160.0,7160.0,7236.546993775386,7236.546993775386,7238.802504084529,0.0,0.0,0.0,0.0,7160.0,7160.0,7236.546993775386,7236.546993775386,300.0,4751.938388117103,0.0,0,0,0,0
S6,continuous,B,717,213,7170.0,7170.0,7243.810197522482,7243.810197522482,7284.594249779771,0.0,0.0,0.0,0.0,7170.0,7170.0,7274.594249779771,7274.594249779771,300.0,3381.1246648441197,0.0,0,0,0,0
S6,continuous,B,718,271,7180.0,7180.0,7208.068233030352,7208.068233030352,7247.916032544611,0.0,0.0,0.0,0.0,7180.0,7180.0,7237.916032544611,7237.916032544611,300.0,926.7457246245815,0.0,0,0,0,0
S6,continuous,B,719,194,7190.0,7190.0,7262.676020357447,7262.676020357447,7294.791782824522,0.0,0.0,0.0,0.0,7190.0,7190.0,7284.791782824522,7284.791782824522,300.0,2490.6302802989735,0.0,0,0,0,0
S6,continuous,B,720,172,7200.0,7200.0,7279.568947886465,7279.568947886465,7330.162899849429,0.0,0.0,0.0,0.0,7200.0,7200.0,7320.162899849429,7320.162899849429,350.0,4581.778651449244,0.0,0,0,0,1
S6,continuous,B,721,347,7210.0,7210.0,7331.333006786671,7331.333006786671,7391.345338007666,0.0,0.0,0.0,0.0,7210.0,7210.0,7381.345338007666,7381.345338007666,350.0,4900.525419108168,0.0,0,0,0,1
S6,continuous,B,722,265,7220.0,7220.0,7264.276750859626,7264.276750859626,7280.100334115787,0.0,0.0,0.0,0.0,7220.0,7220.0,7270.100334115787,7270.100334115787,350.0,1270.52583195238,0.0,0,0,0,1
S6,continuous,B,723,301,7230.0,7230.0,7279.330432716288,7279.330432716288,7295.154015972448,0.0,0.0,0.0,0.0,7230.0,7230.0,7285.154015972448,7285.154015972448,350.0,2738.278855159634,0.0,0,0,0,1
S6,continuous,B,724,254,7240.0,7240.0,7329.4978974417045,7329.4978974417045,7345.375823092316,0.0,0.0,0.0,0.0,7240.0,7240.0,7335.375823092316,7335.375823092316,350.0,4142.776580248116,0.0,0,0,0,1
S6,continuous,B,725,143,7250.0,7250.0,7282.695922165451,7282.695922165451,7329.264625237475,0.0,0.0,0.0,0.0,7250.0,7250.0,7319.264625237475,7319.264625237475,300.0,2399.7037508497924,0.0,0,0,0,0
S6,continuous,B,726,87,7260.0,7260.0,7341.541230308912,7341.541230308912,7372.40295264597,0.0,0.0,0.0,0.0,7260.0,7260.0,7362.40295264597,7362.40295264597,350.0,4553.505535373966,0.0,0,0,0,1
S6,continuous,B,727,338,7270.0,7270.0,7363.038933248576,7363.038933248576,7423.051264469571,0.0,0.0,0.0,0.0,7270.0,7270.0,7413.051264469571,7413.051264469571,350.0,4144.849829632224,0.0,0,0,0,1
S6,continuous,B,728,179,7280.0,7280.0,7324.304264109975,7324.304264109975,7375.088316367264,0.0,0.0,0.0,0.0,7280.0,7280.0,7365.088316367264,7365.088316367264,350.0,2231.7502344881996,0.0,0,0,0,1
S6,continuous,B,729,94,7290.0,7290.0,7396.6327074191095,7396.6327074191095,7453.201410491134,0.0,0.0,0.0,0.0,7290.0,7290.0,7443.201410491134,7443.201410491134,350.0,5471.922070996305,0.0,0,0,0,1
S6,continuous,B,730,0,7300.0,7300.0,7363.9020928899345,7363.9020928899345,7366.157603199077,0.0,0.0,0.0,0.0,7300.0,7300.0,7363.9020928899345,7363.9020928899345,300.0,2808.2516404546463,0.0,0,0,0,0
S6,continuous,B,731,72,7310.0,7310.0,7376.888374174842,7376.888374174842,7379.143884483985,0.0,0.0,0.0,0.0,7310.0,7310.0,7376.888374174842,7376.888374174842,300.0,1955.4859406689832,0.0,0,0,0,0
S6,continuous,B,732,86,7320.0,7320.0,7388.273279335742,7388.273279335742,7397.577468261772,0.0,0.0,0.0,0.0,7320.0,7320.0,7388.273279335742,7388.273279335742,300.0,1504.1220849897074,0.0,0,0,0,0
S6,continuous,B,733,178,7330.0,7330.0,7375.155649836132,7375.155649836132,7418.907075600987,0.0,0.0,0.0,0.0,7330.0,7330.0,7408.907075600987,7408.907075600987,300.0,1468.0294150196669,0.0,0,0,0,0
S6,continuous,B,734,21,7340.0,7340.0,7412.980640743846,7412.980640743846,7444.112023537973,0.0,0.0,0.0,0.0,7340.0,7340.0,7434.112023537973,7434.112023537973,350.0,2423.8942780907732,0.0,0,0,0,1
S6,continuous,B,735,147,7350.0,7350.0,7447.549952938183,7447.549952938183,7478.411675275241,0.0,0.0,0.0,0.0,7350.0,7350.0,7468.411675275241,7468.411675275241,350.0,3342.9675520648334,0.0,0,0,0,1
S6,continuous,B,736,149,7360.0,7360.0,7475.796895475873,7475.796895475873,7535.522276470808,0.0,0.0,0.0,0.0,7360.0,7360.0,7525.522276470808,7525.522276470808,350.0,4880.266983082441,0.0,0,0,0,1
S6,continuous,B,737,8,7370.0,7370.0,7489.511261214485,7489.511261214485,7529.906718949162,0.0,0.0,0.0,0.0,7370.0,7370.0,7519.906718949162,7519.906718949162,350.0,4468.634277677643,0.0,0,0,0,1
S6,continuous,B,738,271,7380.0,7380.0,7431.986708312003,7431.986708312003,7480.833009200279,0.0,0.0,0.0,0.0,7380.0,7380.0,7470.833009200279,7470.833009200279,300.0,838.2753691334349,0.0,0,0,0,0
S6,continuous,B,739,254,7390.0,7390.0,7472.952453859002,7472.952453859002,7497.047772838366,0.0,0.0,0.0,0.0,7390.0,7390.0,7487.047772838366,7487.047772838366,350.0,3730.8715798591265,0.0,0,0,0,1
S6,continuous,B,740,25,7400.0,7400.0,7476.779214928881,7476.779214928881,7479.82864970172,0.0,0.0,0.0,0.0,7400.0,7400.0,7476.779214928881,7476.779214928881,300.0,2618.844946590083,0.577328481107088,1,0,1,0
S6,continuous,B,741,316,7410.0,7410.0,7462.111605661848,7462.111605661848,7500.346319873381,0.0,0.0,0.0,0.0,7410.0,7410.0,7490.346319873381,7490.346319873381,350.0,1745.512009543073,0.0,0,0,0,1
S6,continuous,B,742,41,7420.0,7420.0,7455.6745372710575,7455.6745372710575,7504.520838159333,0.0,0.0,0.0,0.0,7420.0,7420.0,7494.520838159333,7494.520838159333,300.0,1542.140720051963,0.0,0,0,0,0
S6,continuous,B,743,180,7430.0,7430.0,7485.135149331039,7485.135149331039,7544.860530325975,0.0,0.0,0.0,0.0,7430.0,7430.0,7534.860530325975,7534.860530325975,350.0,3169.588382718912,0.0,0,0,0,1
S6,continuous,B,744,20,7440.0,7440.0,7456.5097955626225,7456.5097955626225,7505.356096450898,0.0,0.0,0.0,0.0,7440.0,7440.0,7495.356096450898,7495.356096450898,300.0,982.4124601618598,0.0,0,0,0,0
S6,continuous,B,745,129,7450.0,7450.0,7516.056317777867,7516.056317777867,7544.249052155916,0.0,0.0,0.0,0.0,7450.0,7450.0,7534.249052155916,7534.249052155916,350.0,2053.664963442976,0.0,0,0,0,1
S6,continuous,B,746,125,7460.0,7460.0,7541.322235438018,7541.322235438018,7553.882021663205,0.0,0.0,0.0,0.0,7460.0,7460.0,7543.882021663205,7543.882021663205,350.0,4679.566149335373,0.0,0,0,0,1
S6,continuous,B,747,182,7470.0,7470.0,7559.279699230067,7559.279699230067,7616.449873280588,0.0,0.0,0.0,0.0,7470.0,7470.0,7606.449873280588,7606.449873280588,350.0,3880.023442545931,0.0,0,0,0,1
S6,continuous,B,748,300,7480.0,7480.0,7553.614339101649,7553.614339101649,7565.869849410792,0.0,0.0,0.0,0.0,7480.0,7480.0,7555.869849410792,7555.869849410792,350.0,2371.7614728527046,0.0,0,0,0,1
S6,continuous,B,749,287,7490.0,7490.0,7585.8435729687535,7585.8435729687535,7621.220881967085,0.0,0.0,0.0,0.0,7490.0,7490.0,7611.220881967085,7611.220881967085,350.0,4806.082601271729,0.0,0,0,0,1
S6,continuous,B,750,108,7500.0,7500.0,7604.563613851854,7604.563613851854,7635.425336188911,0.0,0.0,0.0,0.0,7500.0,7500.0,7625.425336188911,7625.425336188911,350.0,4528.077516339261,0.0,0,0,0,1
S6,continuous,B,751,285,7510.0,7510.0,7638.754850620189,7638.754850620189,7698.7671818411845,0.0,0.0,0.0,0.0,7510.0,7510.0,7688.7671818411845,7688.7671818411845,350.0,5254.863142673916,0.0,0,0,0,1
S6,continuous,B,752,239,7520.0,7520.0,7640.990379813053,7640.990379813053,7697.559082885077,0.0,0.0,0.0,0.0,7520.0,7520.0,7687.559082885077,7687.559082885077,350.0,5991.061459852492,0.0,0,0,0,1
S6,continuous,B,753,198,7530.0,7530.0,7645.796895475873,7645.796895475873,7705.522276470808,0.0,0.0,0.0,0.0,7530.0,7530.0,7695.522276470808,7695.522276470808,350.0,4880.266983082441,0.0,0,0,0,1
S6,continuous,B,754,28,7540.0,7540.0,7609.320951296832,7609.320951296832,7649.716409031509,0.0,0.0,0.0,0.0,7540.0,7540.0,7639.716409031509,7639.716409031509,350.0,3337.496038068135,0.0,0,0,0,1
S6,continuous,B,755,70,7550.0,7550.0,7647.549952938183,7647.549952938183,7678.411675275241,0.0,0.0,0.0,0.0,7550.0,7550.0,7668.411675275241,7668.411675275241,350.0,3342.9675520648334,0.0,0,0,0,1
S6,continuous,B,756,32,7560.0,7560.0,7712.309700349306,7712.309700349306,7743.171422686363,0.0,0.0,0.0,0.0,7560.0,7560.0,7733.171422686363,7733.171422686363,350.0,7055.687861940868,0.0,0,0,0,1
S6,continuous,B,757,174,7570.0,7570.0,7687.716838755038,7687.716838755038,7687.925507547585,0.0,0.0,0.0,0.0,7570.0,7570.0,7687.716838755038,7687.716838755038,300.0,5218.85082905079,0.0,0,0,0,0
S6,continuous,B,758,273,7580.0,7580.0,7668.753677574046,7668.753677574046,7707.026252135253,0.0,0.0,0.0,0.0,7580.0,7580.0,7697.026252135253,7697.026252135253,350.0,5303.559566750725,0.0,0,0,0,1
S6,continuous,B,759,297,7590.0,7590.0,7665.27715459762,7665.27715459762,7707.925507547585,0.0,0.0,0.0,0.0,7590.0,7590.0,7697.925507547585,7697.925507547585,300.0,5218.85082905079,0.0,0,0,0,0
S6,continuous,B,760,279,7600.0,7600.0,7697.549952938183,7697.549952938183,7728.411675275241,0.0,0.0,0.0,0.0,7600.0,7600.0,7718.411675275241,7718.411675275241,350.0,3342.9675520648334,0.0,0,0,0,1
S6,continuous,B,761,272,7610.0,7610.0,7670.940168488884,7670.940168488884,7681.148837281431,0.0,0.0,0.0,0.0,7610.0,7610.0,7671.148837281431,7671.148837281431,350.0,3357.9647741579047,0.0,0,0,0,1
S6,continuous,B,762,135,7620.0,7620.0,7749.6750198488135,7749.6750198488135,7787.94759441002,0.0,0.0,0.0,0.0,7620.0,7620.0,7777.94759441002,7777.94759441002,350.0,5716.4038250108615,0.0,0,0,0,1
S6,continuous,B,763,207,7630.0,7630.0,7686.691282946176,7686.691282946176,7715.237912270017,0.0,0.0,0.0,0.0,7630.0,7630.0,7705.237912270017,7705.237912270017,350.0,3166.3955406337927,0.0,0,0,0,1
S6,continuous,B,764,337,7640.0,7640.0,7714.606712265055,7714.606712265055,7742.799446643104,0.0,0.0,0.0,0.0,7640.0,7640.0,7732.799446643104,7732.799446643104,350.0,4485.209914020173,0.0,0,0,0,1
S6,continuous,B,765,41,7650.0,7650.0,7734.433205602732,7734.433205602732,7779.820392333116,0.0,0.0,0.0,0.0,7650.0,7650.0,7769.820392333116,7769.820392333116,350.0,2724.133084634563,0.0,0,0,0,1
S6,continuous,B,766,6,7660.0,7660.0,7778.851805211578,7778.851805211578,7798.155994137608,0.0,0.0,0.0,0.0,7660.0,7660.0,7788.155994137608,7788.155994137608,350.0,4531.5712692938405,0.0,0,0,0,1
S6,continuous,B,767,327,7670.0,7670.0,7765.136856031881,7765.136856031881,7824.862237026816,0.0,0.0,0.0,0.0,7670.0,7670.0,7814.862237026816,7814.862237026816,350.0,5155.2059700392765,0.0,0,0,0,1
S6,continuous,B,768,299,7680.0,7680.0,7766.781297484279,7766.781297484279,7784.457306500921,0.0,0.0,0.0,0.0,7680.0,7680.0,7774.457306500921,7774.457306500921,300.0,4132.65916765733,0.7509310583668594,1,0,2,0
S6,continuous,B,769,351,7690.0,7690.0,7752.497989301102,7752.497989301102,7786.224996388994,0.0,0.0,0.0,0.0,7690.0,7690.0,7776.224996388994,7776.224996388994,350.0,2153.5669339491915,0.0,0,0,0,1
S6,continuous,B,770,230,7700.0,7700.0,7762.261835041478,7762.261835041478,7822.434010425638,0.0,0.0,0.0,0.0,7700.0,7700.0,7812.434010425638,7812.434010425638,350.0,3414.7647827804813,0.0,0,0,0,1
S6,continuous,B,771,147,7710.0,7710.0,7788.929568832744,7788.929568832744,7849.101744216904,0.0,0.0,0.0,0.0,7710.0,7710.0,7839.101744216904,7839.101744216904,350.0,2424.679178819952,0.0,0,0,0,1
S6,continuous,B,772,293,7720.0,7720.0,7812.258476511295,7812.258476511295,7819.072829434087,0.0,0.0,0.0,0.0,7720.0,7720.0,7812.258476511295,7812.258476511295,300.0,3124.7952818740705,0.0,0,0,0,0
S6,continuous,B,773,120,7730.0,7730.0,7773.754086943717,7773.754086943717,7815.869849410792,0.0,0.0,0.0,0.0,7730.0,7730.0,7805.869849410792,7805.869849410792,350.0,2371.7614728527046,0.0,0,0,0,1
S6,continuous,B,774,101,7740.0,7740.0,7872.0693691824345,7872.0693691824345,7935.7689922705995,0.0,0.0,0.0,0.0,7740.0,7740.0,7925.7689922705995,7925.7689922705995,350.0,5870.521954571612,0.0,0,0,0,1
S6,continuous,B,775,61,7750.0,7750.0,7838.708209438574,7838.708209438574,7869.569931775632,0.0,0.0,0.0,0.0,7750.0,7750.0,7859.569931775632,7859.569931775632,350.0,2367.42881562888,0.0,0,0,0,1
S6,continuous,B,776,39,7760.0,7760.0,7807.14056614801,7807.14056614801,7852.527752878394,0.0,0.0,0.0,0.0,7760.0,7760.0,7842.527752878394,7842.527752878394,350.0,1449.8717378814622,0.0,0,0,0,1
S6,continuous,B,777,115,7770.0,7770.0,7834.907502215084,7834.907502215084,7877.023264682159,0.0,0.0,0.0,0.0,7770.0,7770.0,7867.023264682159,7867.023264682159,350.0,3347.3206429024267,0.0,0,0,0,1
S6,continuous,B,778,322,7780.0,7780.0,7904.1937975858145,7904.1937975858145,7942.4663721470215,0.0,0.0,0.0,0.0,7780.0,7780.0,7932.4663721470215,7932.4663721470215,350.0,5672.07286348669,0.0,0,0,0,1
S6,continuous,B,779,263,7790.0,7790.0,7940.3606928911895,7940.3606928911895,7971.222415228247,0.0,0.0,0.0,0.0,7790.0,7790.0,7961.222415228247,7961.222415228247,350.0,6495.289643076927,0.0,0,0,0,1
S6,continuous,B,780,306,7800.0,7800.0,7878.665744878944,7878.665744878944,7912.392751966836,0.0,0.0,0.0,0.0,7800.0,7800.0,7902.392751966836,7902.392751966836,350.0,2274.8650737519242,0.0,0,0,0,1
S6,continuous,B,781,292,7810.0,7810.0,7914.315309790889,7914.315309790889,7966.963662740854,0.0,0.0,0.0,0.0,7810.0,7810.0,7956.963662740854,7956.963662740854,350.0,5035.995029245331,0.0,0,0,0,1
S6,continuous,B,782,358,7820.0,7820.0,7896.403041813775,7896.403041813775,7924.595776191824,0.0,0.0,0.0,0.0,7820.0,7820.0,7914.595776191824,7914.595776191824,350.0,1709.005726359829,0.0,0,0,0,1
S6,continuous,B,783,357,7830.0,7830.0,7941.315930622698,7941.315930622698,7957.193856273309,0.0,0.0,0.0,0.0,7830.0,7830.0,7947.193856273309,7947.193856273309,350.0,6725.931519213032,0.0,0,0,0,1
S6,continuous,B,784,273,7840.0,7840.0,7963.020352177194,7963.020352177194,7991.213086555243,0.0,0.0,0.0,0.0,7840.0,7840.0,7981.213086555243,7981.213086555243,350.0,4414.177059932965,0.0,0,0,0,1
S6,continuous,B,785,226,7850.0,7850.0,7956.008005587946,7956.008005587946,7995.8558051022055,0.0,0.0,0.0,0.0,7850.0,7850.0,7985.8558051022055,7985.8558051022055,300.0,4636.457604853235,0.6390535837326752,1,0,1,0
S6,continuous,B,786,182,7860.0,7860.0,7953.683874124147,7953.683874124147,7981.876608502196,0.0,0.0,0.0,0.0,7860.0,7860.0,7971.876608502196,7971.876608502196,350.0,3254.8720576338465,0.0,0,0,0,1
S6,continuous,B,787,23,7870.0,7870.0,7954.666170491635,7954.666170491635,7983.212799815476,0.0,0.0,0.0,0.0,7870.0,7870.0,7973.212799815476,7973.212799815476,350.0,3429.3371363504116,0.0,0,0,0,1
S6,continuous,B,788,143,7880.0,7880.0,7981.94577843529,7981.94577843529,8006.041097414653,0.0,0.0,0.0,0.0,7880.0,7880.0,7996.041097414653,7996.041097414653,350.0,5210.174601223227,0.0,0,0,0,1
S6,continuous,B,789,333,7890.0,7890.0,7999.0816064619685,7999.0816064619685,8026.601497312669,0.0,0.0,0.0,0.0,7890.0,7890.0,8016.601497312669,8016.601497312669,350.0,5051.89917534023,0.0,0,0,0,1
S6,continuous,B,790,229,7900.0,7900.0,7987.872613624163,7987.872613624163,8047.597994619098,0.0,0.0,0.0,0.0,7900.0,7900.0,8037.597994619098,8037.597994619098,350.0,5181.01351245565,0.0,0,0,0,1
S6,continuous,B,791,339,7910.0,7910.0,7988.633373653496,7988.633373653496,8016.309382670138,0.0,0.0,0.0,0.0,7910.0,7910.0,8006.309382670138,8006.309382670138,350.0,4751.070379775938,0.0,0,0,0,1
S6,continuous,B,792,181,7920.0,7920.0,8005.497763472395,8005.497763472395,8065.51009469339,0.0,0.0,0.0,0.0,7920.0,7920.0,8055.51009469339,8055.51009469339,350.0,2861.7596006474946,0.0,0,0,0,1
S6,continuous,B,793,94,7930.0,7930.0,7998.276548914655,7998.276548914655,8022.371867894019,0.0,0.0,0.0,0.0,7930.0,7930.0,8012.371867894019,8012.371867894019,350.0,2312.1044245994117,0.0,0,0,0,1
S6,continuous,B,794,43,7940.0,7940.0,8047.29421953399,8047.29421953399,8089.409982001065,0.0,0.0,0.0,0.0,7940.0,7940.0,8079.409982001065,8079.409982001065,350.0,6384.388032813697,0.0,0,0,0,1
S6,continuous,B,795,284,7950.0,7950.0,8003.251770095218,8003.251770095218,8054.14073691063,0.0,0.0,0.0,0.0,7950.0,7950.0,8044.14073691063,8044.14073691063,350.0,2828.7752062950085,0.0,0,0,0,1
S6,continuous,B,796,2,7960.0,7960.0,8118.070182050396,8118.070182050396,8133.948107701008,0.0,0.0,0.0,0.0,7960.0,7960.0,8123.948107701008,8123.948107701008,350.0,7370.753333031646,0.0,0,0,0,1
S6,continuous,B,797,311,7970.0,7970.0,8097.730102439065,8097.730102439065,8136.002677000272,0.0,0.0,0.0,0.0,7970.0,7970.0,8126.002677000272,8126.002677000272,350.0,5077.847813966766,0.0,0,0,0,1
S6,continuous,B,798,297,7980.0,7980.0,8124.4215542149395,8124.4215542149395,8162.6941287761465,0.0,0.0,0.0,0.0,7980.0,7980.0,8152.6941287761465,8152.6941287761465,350.0,6293.972420686598,0.0,0,0,0,1
S6,continuous,B,799,3,7990.0,7990.0,8003.434445987981,8003.434445987981,8005.689956297124,0.0,0.0,0.0,0.0,7990.0,7990.0,8003.434445987981,8003.434445987981,300.0,486.6888538389735,0.0,0,0,0,0
S6,continuous,B,800,302,8000.0,8000.0,8054.690803250843,8054.690803250843,8073.237432574683,0.0,0.0,0.0,0.0,8000.0,8000.0,8063.237432574683,8063.237432574683,300.0,1995.3112654009371,0.0,0,0,0,0
S6,continuous,B,801,21,8010.0,8010.0,8088.695488813415,8088.695488813415,8120.81125128049,0.0,0.0,0.0,0.0,8010.0,8010.0,8110.81125128049,8110.81125128049,300.0,2312.9939178731643,0.0,0,0,0,0
S6,continuous,B,802,7,8020.0,8020.0,8127.426626803438,8127.426626803438,8184.5968008539585,0.0,0.0,0.0,0.0,8020.0,8020.0,8174.5968008539585,8174.5968008539585,350.0,4373.678353769168,0.0,0,0,0,1
S6,continuous,B,803,173,8030.0,8030.0,8104.011371215424,8104.011371215424,8134.873093552482,0.0,0.0,0.0,0.0,8030.0,8030.0,8124.873093552482,8124.873093552482,350.0,2014.4523893342634,0.0,0,0,0,1
S6,continuous,B,804,330,8040.0,8040.0,8151.315930622698,8151.315930622698,8167.193856273309,0.0,0.0,0.0,0.0,8040.0,8040.0,8157.193856273309,8157.193856273309,350.0,6725.931519213032,0.0,0,0,0,1
S6,continuous,B,805,60,8050.0,8050.0,8136.81292755057,8136.81292755057,8187.5969798078595,0.0,0.0,0.0,0.0,8050.0,8050.0,8177.5969798078595,8177.5969798078595,350.0,2921.488393608316,0.0,0,0,0,1
S6,continuous,B,806,53,8060.0,8060.0,8133.885453421142,8133.885453421142,8196.000518040632,0.0,0.0,0.0,0.0,8060.0,8060.0,8186.0005180406315,8186.0005180406315,350.0,3529.5849951473665,0.0,0,0,0,1
S6,continuous,B,807,289,8070.0,8070.0,8131.124449332217,8131.124449332217,8159.317183710266,0.0,0.0,0.0,0.0,8070.0,8070.0,8149.317183710266,8149.317183710266,350.0,3441.406810151515,0.0,0,0,0,1
S6,continuous,B,808,210,8080.0,8080.0,8164.5607159144,8164.5607159144,8214.179768619691,0.0,0.0,0.0,0.0,8080.0,8080.0,8204.179768619691,8204.179768619691,300.0,3363.990037536055,0.0,0,0,0,0
S6,continuous,B,809,243,8090.0,8090.0,8163.008500571743,8163.008500571743,8190.684509588385,0.0,0.0,0.0,0.0,8090.0,8090.0,8180.684509588385,8180.684509588385,350.0,1753.0126435012485,0.0,0,0,0,1
S6,continuous,B,810,55,8100.0,8100.0,8212.94784246469,8212.94784246469,8265.692719865201,0.0,0.0,0.0,0.0,8100.0,8100.0,8255.692719865201,8255.692719865201,350.0,4661.897328782359,0.0,0,0,0,1
S6,continuous,B,811,154,8110.0,8110.0,8184.606712265055,8184.606712265055,8212.799446643103,0.0,0.0,0.0,0.0,8110.0,8110.0,8202.799446643103,8202.799446643103,350.0,4485.209914020173,0.0,0,0,0,1
S6,continuous,B,812,201,8120.0,8120.0,8171.986708312003,8171.986708312003,8220.83300920028,0.0,0.0,0.0,0.0,8120.0,8120.0,8210.83300920028,8210.83300920028,300.0,838.2753691334349,0.0,0,0,0,0
S6,continuous,B,813,266,8130.0,8130.0,8248.213795563235,8248.213795563235,8272.309114542599,0.0,0.0,0.0,0.0,8130.0,8130.0,8262.309114542599,8262.309114542599,350.0,4512.992943004345,0.0,0,0,0,1
S6,continuous,B,814,177,8140.0,8140.0,8212.676020357447,8212.676020357447,8244.79178282452,0.0,0.0,0.0,0.0,8140.0,8140.0,8234.79178282452,8234.79178282452,300.0,2490.6302802989735,0.0,0,0,0,0
S6,continuous,B,815,296,8150.0,8150.0,8261.043053172696,8261.043053172696,8319.889354060972,0.0,0.0,0.0,0.0,8150.0,8150.0,8309.889354060972,8309.889354060972,350.0,5777.333110316658,0.0,0,0,0,1
S6,continuous,B,816,347,8160.0,8160.0,8263.55489759483,8263.55489759483,8291.230906611472,0.0,0.0,0.0,0.0,8160.0,8160.0,8281.230906611472,8281.230906611472,350.0,3910.3566622056737,0.0,0,0,0,1
S6,continuous,B,817,63,8170.0,8170.0,8232.261835041478,8232.261835041478,8292.434010425637,0.0,0.0,0.0,0.0,8170.0,8170.0,8282.434010425637,8282.434010425637,350.0,3414.7647827804813,0.0,0,0,0,1
S6,continuous,B,818,342,8180.0,8180.0,8195.924487984379,8195.924487984379,8245.54354068967,0.0,0.0,0.0,0.0,8180.0,8180.0,8235.54354068967,8235.54354068967,300.0,1151.8743119318765,0.0,0,0,0,0
S6,continuous,B,819,138,8190.0,8190.0,8312.775124294392,8312.775124294392,8343.636846631449,0.0,0.0,0.0,0.0,8190.0,8190.0,8333.636846631449,8333.636846631449,350.0,4411.173474207881,0.0,0,0,0,1
S6,continuous,B,820,38,8200.0,8200.0,8282.337041542532,8282.337041542532,8342.509216926692,0.0,0.0,0.0,0.0,8200.0,8200.0,8332.509216926692,8332.509216926692,350.0,3870.228374118465,0.0,0,0,0,1
S6,continuous,B,821,145,8210.0,8210.0,8264.842230625723,8264.842230625723,8310.229417356106,0.0,0.0,0.0,0.0,8210.0,8210.0,8300.229417356106,8300.229417356106,350.0,1451.925932948192,0.0,0,0,0,1
S6,continuous,B,822,245,8220.0,8220.0,8301.322235438018,8301.322235438018,8313.882021663205,0.0,0.0,0.0,0.0,8220.0,8220.0,8303.882021663205,8303.882021663205,350.0,4679.566149335373,0.0,0,0,0,1
S6,continuous,B,823,238,8230.0,8230.0,8342.75503293287,8342.75503293287,8371.30166225671,0.0,0.0,0.0,0.0,8230.0,8230.0,8361.30166225671,8361.30166225671,350.0,4413.086910229319,0.0,0,0,0,1
S6,continuous,B,824,7,8240.0,8240.0,8306.409700521763,8306.409700521763,8368.524765141252,0.0,0.0,0.0,0.0,8240.0,8240.0,8358.524765141252,8358.524765141252,350.0,2306.7299821295846,0.0,0,0,0,1
S6,continuous,B,825,227,8250.0,8250.0,8310.348626365094,8310.348626365094,8338.907075600988,0.0,0.0,0.0,0.0,8250.0,8250.0,8328.907075600988,8328.907075600988,300.0,1468.0294150196669,0.0,0,0,0,0
S6,continuous,B,826,320,8260.0,8260.0,8353.788482944994,8353.788482944994,8366.348269170181,0.0,0.0,0.0,0.0,8260.0,8260.0,8356.348269170181,8356.348269170181,350.0,2604.7469787690443,0.0,0,0,0,1
S6,continuous,B,827,222,8270.0,8270.0,8346.331639837408,8346.331639837408,8400.083065602263,0.0,0.0,0.0,0.0,8270.0,8270.0,8390.083065602263,8390.083065602263,350.0,3437.7645123470356,0.0,0,0,0,1
S6,continuous,B,828,173,8280.0,8280.0,8356.10355858558,8356.10355858558,8381.480867583912,0.0,0.0,0.0,0.0,8280.0,8280.0,8371.480867583912,8371.480867583912,300.0,2502.452528531011,0.0,0,0,0,0
S6,continuous,B,829,337,8290.0,8290.0,8399.462538848265,8399.462538848265,8412.022325073453,0.0,0.0,0.0,0.0,8290.0,8290.0,8402.022325073453,8402.022325073453,350.0,4045.630265510891,0.0,0,0,0,1
S6,continuous,B,830,62,8300.0,8300.0,8340.212900399216,8340.212900399216,8343.262335172056,0.0,0.0,0.0,0.0,8300.0,8300.0,8340.212900399216,8340.212900399216,300.0,1131.1731455814563,0.0,0,0,0,0
S6,continuous,B,831,241,8310.0,8310.0,8395.321753085213,8395.321753085213,8435.169552599473,0.0,0.0,0.0,0.0,8310.0,8310.0,8425.169552599473,8425.169552599473,300.0,2673.5935517170196,0.0,0,0,0,0
S6,continuous,B,832,335,8320.0,8320.0,8405.497763472393,8405.497763472393,8465.510094693389,0.0,0.0,0.0,0.0,8320.0,8320.0,8455.510094693389,8455.510094693389,350.0,2861.7596006474946,0.0,0,0,0,1
S6,continuous,B,833,250,8330.0,8330.0,8394.65681693796,8394.65681693796,8454.382197932895,0.0,0.0,0.0,0.0,8330.0,8330.0,8444.382197932895,8444.382197932895,350.0,1810.2048524650863,0.0,0,0,0,1
S6,continuous,B,834,351,8340.0,8340.0,8443.15428584544,8443.15428584544,8462.45847477147,0.0,0.0,0.0,0.0,8340.0,8340.0,8452.45847477147,8452.45847477147,350.0,3658.8020788267963,0.0,0,0,0,1
S6,continuous,B,835,291,8350.0,8350.0,8434.415193111277,8434.415193111277,8487.160070511789,0.0,0.0,0.0,0.0,8350.0,8350.0,8477.160070511789,8477.160070511789,350.0,3400.350700782678,0.0,0,0,0,1
S6,continuous,B,836,171,8360.0,8360.0,8487.659359552788,8487.659359552788,8523.03666855112,0.0,0.0,0.0,0.0,8360.0,8360.0,8513.03666855112,8513.03666855112,350.0,6327.368417236533,0.0,0,0,0,1
S6,continuous,B,837,324,8370.0,8370.0,8449.380152336249,8449.380152336249,8473.475471315613,0.0,0.0,0.0,0.0,8370.0,8370.0,8463.475471315613,8463.475471315613,350.0,3054.679374268963,0.0,0,0,0,1
S6,continuous,B,838,134,8380.0,8380.0,8441.503785151423,8441.503785151423,8492.392751966834,0.0,0.0,0.0,0.0,8380.0,8380.0,8482.392751966834,8482.392751966834,350.0,2274.8650737519242,0.0,0,0,0,1
S6,continuous,B,839,315,8390.0,8390.0,8491.233899440063,8491.233899440063,8541.24623066106,0.0,0.0,0.0,0.0,8390.0,8390.0,8531.24623066106,8531.24623066106,300.0,4816.77843706902,0.0,0,0,0,0
S6,continuous,B,840,56,8400.0,8400.0,8520.28478205081,8520.28478205081,8574.036207815665,0.0,0.0,0.0,0.0,8400.0,8400.0,8564.036207815665,8564.036207815665,350.0,4359.599175108163,0.0,0,0,0,1
S6,continuous,B,841,33,8410.0,8410.0,8519.999261102037,8519.999261102037,8551.130643896164,0.0,0.0,0.0,0.0,8410.0,8410.0,8541.130643896164,8541.130643896164,350.0,3560.7975636695423,0.0,0,0,0,1
S6,continuous,B,842,90,8420.0,8420.0,8516.389420007472,8516.389420007472,8543.909310858173,0.0,0.0,0.0,0.0,8420.0,8420.0,8533.909310858173,8533.909310858173,350.0,4643.792182447119,0.0,0,0,0,1
S6,continuous,B,843,174,8430.0,8430.0,8506.60329206301,8506.60329206301,8557.197244025974,0.0,0.0,0.0,0.0,8430.0,8430.0,8547.197244025974,8547.197244025974,350.0,4585.335746795548,0.0,0,0,0,1
S6,continuous,B,844,190,8440.0,8440.0,8565.79917938278,8565.79917938278,8624.645480271056,0.0,0.0,0.0,0.0,8440.0,8440.0,8614.645480271056,8614.645480271056,350.0,4970.225981270261,0.0,0,0,0,1
S6,continuous,B,845,148,8450.0,8450.0,8590.915418640476,8590.915418640476,8626.292727638807,0.0,0.0,0.0,0.0,8450.0,8450.0,8616.292727638807,8616.292727638807,350.0,5870.487362395243,0.0,0,0,0,1
S6,continuous,B,846,356,8460.0,8460.0,8533.688229451422,8533.688229451422,8557.415236539313,0.0,0.0,0.0,0.0,8460.0,8460.0,8547.415236539313,8547.415236539313,300.0,2018.9951107572692,0.0,0,0,0,0
S6,continuous,B,847,157,8470.0,8470.0,8573.074027410677,8573.074027410677,8625.722380360643,0.0,0.0,0.0,0.0,8470.0,8470.0,8615.722380360643,8615.722380360643,350.0,3206.700168358088,0.0,0,0,0,1
S6,continuous,B,848,158,8480.0,8480.0,8567.106948660146,8567.106948660146,8616.83232965508,0.0,0.0,0.0,0.0,8480.0,8480.0,8606.83232965508,8606.83232965508,300.0,5693.284733863456,0.6876429190060662,2,0,1,0
S6,continuous,B,849,230,8490.0,8490.0,8553.615556362274,8553.615556362274,8559.439139618435,0.0,0.0,0.0,0.0,8490.0,8490.0,8553.615556362274,8553.615556362274,300.0,1210.3134236061474,0.0,0,0,0,0
S6,continuous,B,850,13,8500.0,8500.0,8606.316935350496,8606.316935350496,8644.87538458639,0.0,0.0,0.0,0.0,8500.0,8500.0,8634.87538458639,8634.87538458639,350.0,4920.445838271486,0.0,0,0,0,1
S6,continuous,B,851,26,8510.0,8510.0,8648.757971266845,8648.757971266845,8679.889354060972,0.0,0.0,0.0,0.0,8510.0,8510.0,8669.889354060972,8669.889354060972,350.0,5777.333110316658,0.0,0,0,0,1
S6,continuous,B,852,91,8520.0,8520.0,8580.847687390662,8580.847687390662,8616.224996388994,0.0,0.0,0.0,0.0,8520.0,8520.0,8606.224996388994,8606.224996388994,350.0,2153.5669339491915,0.0,0,0,0,1
S6,continuous,B,853,25,8530.0,8530.0,8604.15637834731,8604.15637834731,8653.775431052602,0.0,0.0,0.0,0.0,8530.0,8530.0,8643.775431052602,8643.775431052602,300.0,3430.7494504670685,6.768211066201729,1,0,2,0
S6,continuous,B,854,303,8540.0,8540.0,8670.581581628921,8670.581581628921,8686.459507279533,0.0,0.0,0.0,0.0,8540.0,8540.0,8676.459507279533,8676.459507279533,350.0,6293.775176542772,0.0,0,0,0,1
S6,continuous,B,855,52,8550.0,8550.0,8646.883026264055,8646.883026264055,8704.053200314574,0.0,0.0,0.0,0.0,8550.0,8550.0,8694.053200314574,8694.053200314574,350.0,5554.294304084391,0.0,0,0,0,1
S6,continuous,B,856,27,8560.0,8560.0,8627.626642178797,8627.626642178797,8679.741706798286,0.0,0.0,0.0,0.0,8560.0,8560.0,8669.741706798286,8669.741706798286,300.0,4611.16465113073,0.0,0,0,0,0
S6,continuous,B,857,127,8570.0,8570.0,8651.422001154278,8651.422001154278,8663.677511463422,0.0,0.0,0.0,0.0,8570.0,8570.0,8653.677511463422,8653.677511463422,350.0,1963.916895382208,0.0,0,0,0,1
S6,continuous,B,858,131,8580.0,8580.0,8632.340488556374,8632.340488556374,8660.887117880215,0.0,0.0,0.0,0.0,8580.0,8580.0,8650.887117880215,8650.887117880215,350.0,2857.578899824252,0.0,0,0,0,1
S6,continuous,B,859,261,8590.0,8590.0,8628.503762755077,8628.503762755077,8688.516093976074,0.0,0.0,0.0,0.0,8590.0,8590.0,8678.516093976074,8678.516093976074,350.0,1381.1011693827304,0.0,0,0,0,1
S6,continuous,B,860,111,8600.0,8600.0,8687.106948660146,8687.106948660146,8736.83232965508,0.0,0.0,0.0,0.0,8600.0,8600.0,8726.83232965508,8726.83232965508,300.0,5693.284733863456,0.6876429190060662,2,0,1,0
S6,continuous,B,861,321,8610.0,8610.0,8701.115179864864,8701.115179864864,8732.246562658991,0.0,0.0,0.0,0.0,8610.0,8610.0,8722.246562658991,8722.246562658991,350.0,3110.041867245488,0.0,0,0,0,1
S6,continuous,B,862,159,8620.0,8620.0,8702.851557536835,8702.851557536835,8760.021731587354,0.0,0.0,0.0,0.0,8620.0,8620.0,8750.021731587354,8750.021731587354,350.0,4833.500405244969,0.0,0,0,0,1
S6,continuous,B,863,76,8630.0,8630.0,8713.13920209935,8713.13920209935,8751.373916310882,0.0,0.0,0.0,0.0,8630.0,8630.0,8741.373916310882,8741.373916310882,350.0,2057.2787941880283,0.0,0,0,0,1
S6,continuous,B,864,91,8640.0,8640.0,8745.901159025312,8745.901159025312,8808.016223644801,0.0,0.0,0.0,0.0,8640.0,8640.0,8798.016223644801,8798.016223644801,350.0,3660.0351094284692,0.0,0,0,0,1
S6,continuous,B,865,353,8650.0,8650.0,8704.86749874417,8704.86749874417,8715.076167536716,0.0,0.0,0.0,0.0,8650.0,8650.0,8705.076167536716,8705.076167536716,350.0,2222.998589846618,0.0,0,0,0,1
S6,continuous,B,866,312,8660.0,8660.0,8712.111605661848,8712.111605661848,8750.34631987338,0.0,0.0,0.0,0.0,8660.0,8660.0,8740.34631987338,8740.34631987338,350.0,1745.512009543073,0.0,0,0,0,1
S6,continuous,B,867,356,8670.0,8670.0,8773.789832641329,8773.789832641329,8826.438185591294,0.0,0.0,0.0,0.0,8670.0,8670.0,8816.438185591294,8816.438185591294,350.0,3929.9631678068317,0.0,0,0,0,1
S6,continuous,B,868,224,8680.0,8680.0,8813.325693109336,8813.325693109336,8870.495867159856,0.0,0.0,0.0,0.0,8680.0,8680.0,8860.495867159856,8860.495867159856,350.0,5246.086987104897,0.0,0,0,0,1
S6,continuous,B,869,212,8690.0,8690.0,8775.621090052146,8775.621090052146,8799.71640903151,0.0,0.0,0.0,0.0,8690.0,8690.0,8789.71640903151,8789.71640903151,350.0,3337.4960380681346,0.0,0,0,0,1
S6,continuous,B,870,345,8700.0,8700.0,8795.588599723178,8795.588599723178,8812.402952645969,0.0,0.0,0.0,0.0,8700.0,8700.0,8802.402952645969,8802.402952645969,350.0,4553.505535373966,0.0,0,0,0,1
S6,continuous,B,871,174,8710.0,8710.0,8809.386117876995,8809.386117876995,8823.481436856358,0.0,0.0,0.0,0.0,8710.0,8710.0,8813.481436856358,8813.481436856358,300.0,3482.4554684946415,3.742520464646077,1,0,1,0
S6,continuous,B,872,129,8720.0,8720.0,8792.24768819239,8792.24768819239,8830.806137428284,0.0,0.0,0.0,0.0,8720.0,8720.0,8820.806137428284,8820.806137428284,350.0,3248.9293173686065,0.0,0,0,0,1
S6,continuous,B,873,195,8730.0,8730.0,8802.345980824355,8802.345980824355,8840.580695035887,0.0,0.0,0.0,0.0,8730.0,8730.0,8830.580695035887,8830.580695035887,350.0,4384.704383807747,0.0,0,0,0,1
S6,continuous,B,874,169,8740.0,8740.0,8831.315240892824,8831.315240892824,8881.163040407084,0.0,0.0,0.0,0.0,8740.0,8740.0,8871.163040407084,8871.163040407084,350.0,3845.8684967878535,0.0,0,0,0,1
S6,continuous,B,875,130,8750.0,8750.0,8875.023207638396,8875.023207638396,8927.768085038908,0.0,0.0,0.0,0.0,8750.0,8750.0,8917.768085038908,8917.768085038908,350.0,4768.17591136049,0.0,0,0,0,1
S6,continuous,B,876,127,8760.0,8760.0,8884.539969821139,8884.539969821139,8937.28484722165,0.0,0.0,0.0,0.0,8760.0,8760.0,8927.28484722165,8927.28484722165,350.0,5428.236088128137,0.0,0,0,0,1
S6,continuous,B,877,187,8770.0,8770.0,8867.238461084757,8867.238461084757,8883.116386735368,0.0,0.0,0.0,0.0,8770.0,8770.0,8873.116386735368,8873.116386735368,350.0,5371.528716798284,0.0,0,0,0,1
S6,continuous,B,878,99,8780.0,8780.0,8860.25646830471,8860.25646830471,8909.102769192985,0.0,0.0,0.0,0.0,8780.0,8780.0,8899.102769192985,8899.102769192985,300.0,3780.170682336694,0.0,0,0,0,0
S6,continuous,B,879,24,8790.0,8790.0,8874.784680430794,8874.784680430794,8884.088869356825,0.0,0.0,0.0,0.0,8790.0,8790.0,8874.784680430794,8874.784680430794,300.0,4235.667536263059,0.0,0,0,0,0
S6,continuous,B,880,166,8800.0,8800.0,8888.914974187672,8888.914974187672,8894.792899838283,0.0,0.0,0.0,0.0,8800.0,8800.0,8888.914974187672,8888.914974187672,300.0,3453.7608697150604,0.0,0,0,0,0
S6,continuous,B,881,276,8810.0,8810.0,8942.452649628118,8942.452649628118,9002.624825012277,0.0,0.0,0.0,0.0,8810.0,8810.0,8992.624825012277,8992.624825012277,350.0,5878.436745763719,0.0,0,0,0,1
S6,continuous,B,882,121,8820.0,8820.0,8864.421327705466,8864.421327705466,8877.470762478306,0.0,0.0,0.0,0.0,8820.0,8820.0,8867.470762478306,8867.470762478306,350.0,1989.7839239898783,0.0,0,0,0,1
S6,continuous,B,883,243,8830.0,8830.0,8932.583423403132,8932.583423403132,8989.152126475157,0.0,0.0,0.0,0.0,8830.0,8830.0,8979.152126475157,8979.152126475157,350.0,4761.59631096116,0.0,0,0,0,1
S6,continuous,B,884,238,8840.0,8840.0,8949.600334988205,8949.600334988205,8980.462057325261,0.0,0.0,0.0,0.0,8840.0,8840.0,8970.462057325261,8970.462057325261,350.0,5722.445657585971,0.0,0,0,0,1
S6,continuous,B,885,8,8850.0,8850.0,8896.93048455375,8896.93048455375,8909.185994862893,0.0,0.0,0.0,0.0,8850.0,8850.0,8899.185994862893,8899.185994862893,350.0,2385.2613774705897,0.0,0,0,0,1
S6,continuous,B,886,270,8860.0,8860.0,8956.844356947116,8956.844356947116,8969.09986725626,0.0,0.0,0.0,0.0,8860.0,8860.0,8959.09986725626,8959.09986725626,350.0,2841.05976452723,0.0,0,0,0,1
S6,continuous,B,887,297,8870.0,8870.0,8916.136560090054,8916.136560090054,8929.185994862893,0.0,0.0,0.0,0.0,8870.0,8870.0,8919.185994862893,8919.185994862893,350.0,2385.2613774705897,0.0,0,0,0,1
S6,continuous,B,888,305,8880.0,8880.0,8959.264733111104,8959.264733111104,8975.088316367264,0.0,0.0,0.0,0.0,8880.0,8880.0,8965.088316367264,8965.088316367264,350.0,2231.7502344881996,0.0,0,0,0,1
S6,continuous,B,889,256,8890.0,8890.0,8999.094651708372,8999.094651708372,9034.471960706704,0.0,0.0,0.0,0.0,8890.0,8890.0,9024.471960706704,9024.471960706704,350.0,4852.724640080292,0.0,0,0,0,1
S6,continuous,B,890,241,8900.0,8900.0,9013.409962436956,9013.409962436956,9053.805420171631,0.0,0.0,0.0,0.0,8900.0,8900.0,9043.805420171631,9043.805420171631,350.0,5402.499353196082,0.0,0,0,0,1
S6,continuous,B,891,123,8910.0,8910.0,8988.212029473287,8988.212029473287,9037.058330361562,0.0,0.0,0.0,0.0,8910.0,8910.0,9027.058330361562,9027.058330361562,300.0,2244.6044844586513,0.0,0,0,0,0
S6,continuous,B,892,228,8920.0,8920.0,9022.503088094316,9022.503088094316,9081.349388982591,0.0,0.0,0.0,0.0,8920.0,8920.0,9071.349388982591,9071.349388982591,350.0,6353.2505601759085,0.0,0,0,0,1
S6,continuous,B,893,266,8930.0,8930.0,8965.985972130888,8965.985972130888,9028.101036750377,0.0,0.0,0.0,0.0,8930.0,8930.0,9018.101036750377,9018.101036750377,350.0,2080.1055562829993,0.0,0,0,0,1
S6,continuous,B,894,141,8940.0,8940.0,8997.285232939623,8997.285232939623,9009.84501916481,0.0,0.0,0.0,0.0,8940.0,8940.0,8999.84501916481,8999.84501916481,350.0,2395.9364567066696,0.0,0,0,0,1
S6,continuous,B,895,157,8950.0,8950.0,9054.898723204422,9054.898723204422,9088.625730292313,0.0,0.0,0.0,0.0,8950.0,8950.0,9078.625730292313,9078.625730292313,350.0,4564.7445635979975,0.0,0,0,0,1
S6,continuous,B,896,215,8960.0,8960.0,9058.555115322883,9058.555115322883,9100.670877789957,0.0,0.0,0.0,0.0,8960.0,8960.0,9090.670877789957,9090.670877789957,350.0,3642.766880243849,0.0,0,0,0,1
S6,continuous,B,897,226,8970.0,8970.0,9080.132873931623,9080.132873931623,9132.877751332135,0.0,0.0,0.0,0.0,8970.0,8970.0,9122.877751332135,9122.877751332135,350.0,5845.54050747395,0.0,0,0,0,1
S6,continuous,B,898,172,8980.0,8980.0,9115.95742143554,9115.95742143554,9131.835347086151,0.0,0.0,0.0,0.0,8980.0,8980.0,9121.835347086151,9121.835347086151,350.0,5432.600241932495,0.0,0,0,0,1
S6,continuous,B,899,9,8990.0,8990.0,9070.25646830471,9070.25646830471,9119.102769192985,0.0,0.0,0.0,0.0,8990.0,8990.0,9109.102769192985,9109.102769192985,300.0,3780.170682336694,0.0,0,0,0,0
S6,continuous,B,900,98,9000.0,9000.0,9076.276494605201,9076.276494605201,9128.39155922469,0.0,0.0,0.0,0.0,9000.0,9000.0,9118.39155922469,9118.39155922469,300.0,3163.4651150706086,0.0,0,0,0,0
S6,continuous,B,901,20,9010.0,9010.0,9076.33940807002,9076.33940807002,9088.594918379164,0.0,0.0,0.0,0.0,9010.0,9010.0,9078.594918379164,9078.594918379164,350.0,2126.097379835836,0.0,0,0,0,1
S6,continuous,B,902,203,9020.0,9020.0,9137.3176268041,9137.3176268041,9149.573137113244,0.0,0.0,0.0,0.0,9020.0,9020.0,9139.573137113244,9139.573137113244,350.0,4181.692246524357,0.0,0,0,0,1
S6,continuous,B,903,277,9030.0,9030.0,9114.433205602732,9114.433205602732,9159.820392333115,0.0,0.0,0.0,0.0,9030.0,9030.0,9149.820392333115,9149.820392333115,350.0,2724.133084634563,0.0,0,0,0,1
S6,continuous,B,904,150,9040.0,9040.0,9095.845871961137,9095.845871961137,9155.571252956071,0.0,0.0,0.0,0.0,9040.0,9040.0,9145.571252956071,9145.571252956071,350.0,2101.9164300793973,0.0,0,0,0,1
S6,continuous,B,905,70,9050.0,9050.0,9142.35990543544,9142.35990543544,9184.475667902514,0.0,0.0,0.0,0.0,9050.0,9050.0,9174.475667902514,9174.475667902514,350.0,4661.2186186717045,0.0,0,0,0,1
S6,continuous,B,906,180,9060.0,9060.0,9138.639782914886,9138.639782914886,9157.943971840918,0.0,0.0,0.0,0.0,9060.0,9060.0,9147.943971840918,9147.943971840918,350.0,3642.113203162697,0.0,0,0,0,1
S6,continuous,B,907,208,9070.0,9070.0,9161.22825548105,9161.22825548105,9211.822207444015,0.0,0.0,0.0,0.0,9070.0,9070.0,9201.822207444015,9201.822207444015,350.0,3196.700504934398,0.0,0,0,0,1
S6,continuous,B,908,108,9080.0,9080.0,9119.461046758282,9119.461046758282,9122.02083298347,0.0,0.0,0.0,0.0,9080.0,9080.0,9119.461046758282,9119.461046758282,300.0,663.0633628752302,0.0,0,0,0,0
S6,continuous,B,909,24,9090.0,9090.0,9162.924578433918,9162.924578433918,9168.80250408453,0.0,0.0,0.0,0.0,9090.0,9090.0,9162.924578433918,9162.924578433918,300.0,4751.938388117103,0.0,0,0,0,0
S6,continuous,B,910,102,9100.0,9100.0,9186.587098416941,9186.587098416941,9236.7592738011,0.0,0.0,0.0,0.0,9100.0,9100.0,9226.7592738011,9226.7592738011,300.0,3841.1242563432615,10.702194261384193,1,0,1,0
S6,continuous,B,911,29,9110.0,9110.0,9192.851557536835,9192.851557536835,9250.021731587354,0.0,0.0,0.0,0.0,9110.0,9110.0,9240.021731587354,9240.021731587354,350.0,4833.500405244969,0.0,0,0,0,1
S6,continuous,B,912,55,9120.0,9120.0,9174.690803250842,9174.690803250842,9193.237432574682,0.0,0.0,0.0,0.0,9120.0,9120.0,9183.237432574682,9183.237432574682,300.0,1995.3112654009371,0.0,0,0,0,0
S6,continuous,B,913,37,9130.0,9130.0,9235.327266435053,9235.327266435053,9266.18898877211,0.0,0.0,0.0,0.0,9130.0,9130.0,9256.18898877211,9256.18898877211,350.0,3345.6973891536427,0.0,0,0,0,1
S6,continuous,B,914,238,9140.0,9140.0,9235.549481540378,9235.549481540378,9294.395782428654,0.0,0.0,0.0,0.0,9140.0,9140.0,9284.395782428654,9284.395782428654,350.0,3544.2365694170503,0.0,0,0,0,1
S6,continuous,B,915,250,9150.0,9150.0,9225.916390044238,9225.916390044238,9257.047772838365,0.0,0.0,0.0,0.0,9150.0,9150.0,9247.047772838365,9247.047772838365,350.0,3730.8715798591265,0.0,0,0,0,1
S6,continuous,B,916,11,9160.0,9160.0,9251.315240892824,9251.315240892824,9301.163040407084,0.0,0.0,0.0,0.0,9160.0,9160.0,9291.163040407084,9291.163040407084,350.0,3845.8684967878535,0.0,0,0,0,1
S6,continuous,B,917,275,9170.0,9170.0,9252.851557536835,9252.851557536835,9310.021731587354,0.0,0.0,0.0,0.0,9170.0,9170.0,9300.021731587354,9300.021731587354,350.0,4833.500405244969,0.0,0,0,0,1
S6,continuous,B,918,25,9180.0,9180.0,9250.5412643842,9250.5412643842,9278.0611552349,0.0,0.0,0.0,0.0,9180.0,9180.0,9268.0611552349,9268.0611552349,350.0,1702.197459583031,0.0,0,0,0,1
S6,continuous,B,919,4,9190.0,9190.0,9284.90977651527,9284.90977651527,9300.73335977143,0.0,0.0,0.0,0.0,9190.0,9190.0,9290.73335977143,9290.73335977143,350.0,4326.604246878806,0.0,0,0,0,1
S6,continuous,B,920,63,9200.0,9200.0,9326.217280780402,9326.217280780402,9342.040864036562,0.0,0.0,0.0,0.0,9200.0,9200.0,9332.040864036562,9332.040864036562,350.0,5005.199945532636,0.0,0,0,0,1
S6,continuous,B,921,277,9210.0,9210.0,9291.970232095831,9291.970232095831,9349.14040614635,0.0,0.0,0.0,0.0,9210.0,9210.0,9339.14040614635,9339.14040614635,350.0,3259.4797830030047,0.0,0,0,0,1
S6,continuous,B,922,257,9220.0,9220.0,9283.703249684528,9283.703249684528,9302.249879008368,0.0,0.0,0.0,0.0,9220.0,9220.0,9292.249879008368,9292.249879008368,300.0,1255.5227002929098,0.0,0,0,0,0
S6,continuous,B,923,82,9230.0,9230.0,9296.024205537442,9296.024205537442,9359.723828625607,0.0,0.0,0.0,0.0,9230.0,9230.0,9349.723828625607,9349.723828625607,350.0,2362.3044415590953,0.0,0,0,0,1
S6,continuous,B,924,131,9240.0,9240.0,9343.15428584544,9343.15428584544,9362.45847477147,0.0,0.0,0.0,0.0,9240.0,9240.0,9352.45847477147,9352.45847477147,350.0,3658.8020788267963,0.0,0,0,0,1
S6,continuous,B,925,333,9250.0,9250.0,9339.732631127428,9339.732631127428,9375.10994012576,0.0,0.0,0.0,0.0,9250.0,9250.0,9365.10994012576,9365.10994012576,350.0,2906.4611804552883,0.0,0,0,0,1
S6,continuous,B,926,316,9260.0,9260.0,9283.950307260448,9283.950307260448,9333.962638481444,0.0,0.0,0.0,0.0,9260.0,9260.0,9323.962638481444,9323.962638481444,300.0,1487.6278393382595,0.0,0,0,0,0
S6,continuous,B,927,35,9270.0,9270.0,9346.510728880854,9346.510728880854,9405.35702976913,0.0,0.0,0.0,0.0,9270.0,9270.0,9395.35702976913,9395.35702976913,350.0,4639.190294101091,0.0,0,0,0,1
S6,continuous,B,928,195,9280.0,9280.0,9352.365062725248,9352.365062725248,9405.10994012576,0.0,0.0,0.0,0.0,9280.0,9280.0,9395.10994012576,9395.10994012576,350.0,2906.4611804552883,0.0,0,0,0,1
S6,continuous,B,929,61,9290.0,9290.0,9367.287419993887,9367.287419993887,9407.135219508147,0.0,0.0,0.0,0.0,9290.0,9290.0,9397.135219508147,9397.135219508147,300.0,4229.848377184146,0.0,0,0,0,0
S6,continuous,B,930,263,9300.0,9300.0,9395.154180407824,9395.154180407824,9411.032106058436,0.0,0.0,0.0,0.0,9300.0,9300.0,9401.032106058436,9401.032106058436,350.0,3991.8429463560565,0.0,0,0,0,1
S6,continuous,B,931,279,9310.0,9310.0,9408.967463738752,9408.967463738752,9421.52724996394,0.0,0.0,0.0,0.0,9310.0,9310.0,9411.52724996394,9411.52724996394,350.0,4757.490302924314,0.0,0,0,0,1
S6,continuous,B,932,119,9320.0,9320.0,9429.264813769447,9429.264813769447,9467.537388330653,0.0,0.0,0.0,0.0,9320.0,9320.0,9457.537388330653,9457.537388330653,350.0,5117.876414391342,0.0,0,0,0,1
S6,continuous,B,933,282,9330.0,9330.0,9373.633732302302,9373.633732302302,9402.192181538196,0.0,0.0,0.0,0.0,9330.0,9330.0,9392.192181538196,9392.192181538196,300.0,1929.8224463533238,0.0,0,0,0,0
S6,continuous,B,934,175,9340.0,9340.0,9479.208860029776,9479.208860029776,9538.827912735067,0.0,0.0,0.0,0.0,9340.0,9340.0,9528.827912735067,9528.827912735067,350.0,5949.830710734463,0.0,0,0,0,1
S6,continuous,B,935,345,9350.0,9350.0,9424.15637834731,9424.15637834731,9473.775431052602,0.0,0.0,0.0,0.0,9350.0,9350.0,9463.775431052602,9463.775431052602,300.0,3430.7494504670685,6.768211066201729,1,0,2,0
S6,continuous,B,936,305,9360.0,9360.0,9445.271458144594,9445.271458144594,9507.386522764084,0.0,0.0,0.0,0.0,9360.0,9360.0,9497.386522764084,9497.386522764084,350.0,4075.5705937659645,0.0,0,0,0,1
S6,continuous,B,937,151,9370.0,9370.0,9428.072387512846,9428.072387512846,9475.242561563366,0.0,0.0,0.0,0.0,9370.0,9370.0,9465.242561563366,9465.242561563366,300.0,2644.177934022364,0.0,0,0,0,0
S6,continuous,B,938,205,9380.0,9380.0,9444.029718411102,9444.029718411102,9479.407027409434,0.0,0.0,0.0,0.0,9380.0,9380.0,9469.407027409434,9469.407027409434,350.0,2067.7634028516995,0.0,0,0,0,1
S6,continuous,B,939,131,9390.0,9390.0,9499.094651708372,9499.094651708372,9534.471960706704,0.0,0.0,0.0,0.0,9390.0,9390.0,9524.471960706704,9524.471960706704,350.0,4852.724640080292,0.0,0,0,0,1
S6,continuous,B,940,315,9400.0,9400.0,9449.032178696247,9449.032178696247,9459.240847488792,0.0,0.0,0.0,0.0,9400.0,9400.0,9449.240847488792,9449.240847488792,350.0,1416.7157129273994,0.0,0,0,0,1
S6,continuous,B,941,103,9410.0,9410.0,9438.038017450363,9438.038017450363,9469.16940024449,0.0,0.0,0.0,0.0,9410.0,9410.0,9459.16940024449,9459.16940024449,350.0,1269.1016082643193,0.0,0,0,0,1
S6,continuous,B,942,138,9420.0,9420.0,9473.73063796061,9473.73063796061,9502.289087196505,0.0,0.0,0.0,0.0,9420.0,9420.0,9492.289087196505,9492.289087196505,300.0,2644.4415077602566,0.20914004586211377,1,0,1,0
S6,continuous,B,943,357,9430.0,9430.0,9538.717834175886,9538.717834175886,9591.366187125852,0.0,0.0,0.0,0.0,9430.0,9430.0,9581.366187125852,9581.366187125852,350.0,5431.265272722338,0.0,0,0,0,1
S6,continuous,B,944,322,9440.0,9440.0,9541.233899440063,9541.233899440063,9591.24623066106,0.0,0.0,0.0,0.0,9440.0,9440.0,9581.24623066106,9581.24623066106,300.0,4816.77843706902,0.0,0,0,0,0
S6,continuous,B,945,302,9450.0,9450.0,9568.213095045037,9568.213095045037,9620.861447995003,0.0,0.0,0.0,0.0,9450.0,9450.0,9610.861447995003,9610.861447995003,350.0,6240.975223633878,0.0,0,0,0,1
S6,continuous,B,946,260,9460.0,9460.0,9497.90534299742,9497.90534299742,9548.499294960384,0.0,0.0,0.0,0.0,9460.0,9460.0,9538.499294960384,9538.499294960384,350.0,1743.1075294040493,0.0,0,0,0,1
S6,continuous,B,947,41,9470.0,9470.0,9581.129138986724,9581.129138986724,9597.007064637335,0.0,0.0,0.0,0.0,9470.0,9470.0,9587.007064637335,9587.007064637335,350.0,4414.051257321928,0.0,0,0,0,1
S6,continuous,B,948,306,9480.0,9480.0,9530.532911509341,9530.532911509341,9569.091360745235,0.0,0.0,0.0,0.0,9480.0,9480.0,9559.091360745235,9559.091360745235,350.0,2932.1184379286096,0.0,0,0,0,1
S6,continuous,B,949,31,9490.0,9490.0,9553.703249684528,9553.703249684528,9572.249879008368,0.0,0.0,0.0,0.0,9490.0,9490.0,9562.249879008368,9562.249879008368,300.0,1255.5227002929098,0.0,0,0,0,0
S6,continuous,B,950,205,9500.0,9500.0,9610.75550231905,9610.75550231905,9626.633427969662,0.0,0.0,0.0,0.0,9500.0,9500.0,9616.633427969662,9616.633427969662,350.0,4331.406560323583,0.0,0,0,0,1
S6,continuous,B,951,144,9510.0,9510.0,9581.02043803949,9581.02043803949,9643.135502658979,0.0,0.0,0.0,0.0,9510.0,9510.0,9633.135502658979,9633.135502658979,350.0,1907.1182387797153,0.0,0,0,0,1
S6,continuous,B,952,67,9520.0,9520.0,9567.140566148011,9567.140566148011,9612.527752878394,0.0,0.0,0.0,0.0,9520.0,9520.0,9602.527752878394,9602.527752878394,350.0,1449.8717378814622,0.0,0,0,0,1
S6,continuous,B,953,80,9530.0,9530.0,9680.054271225557,9680.054271225557,9732.702624175523,0.0,0.0,0.0,0.0,9530.0,9530.0,9722.702624175523,9722.702624175523,350.0,6778.4564903453875,0.0,0,0,0,1
S6,continuous,B,954,175,9540.0,9540.0,9659.5200179813,9659.5200179813,9687.712752359348,0.0,0.0,0.0,0.0,9540.0,9540.0,9677.712752359348,9677.712752359348,350.0,4398.347388620436,0.0,0,0,0,1
S6,continuous,B,955,270,9550.0,9550.0,9607.270749407633,9607.270749407633,9652.657936138015,0.0,0.0,0.0,0.0,9550.0,9550.0,9642.657936138015,9642.657936138015,350.0,3270.465743607624,0.0,0,0,0,1
S6,continuous,B,956,183,9560.0,9560.0,9666.894928970634,9666.894928970634,9705.129643182167,0.0,0.0,0.0,0.0,9560.0,9560.0,9695.129643182167,9695.129643182167,350.0,4064.901396068381,0.0,0,0,0,1
S6,continuous,B,957,68,9570.0,9570.0,9706.346687154031,9706.346687154031,9766.072068148966,0.0,0.0,0.0,0.0,9570.0,9570.0,9756.072068148966,9756.072068148966,350.0,7028.263950635766,0.0,0,0,0,1
S6,continuous,B,958,134,9580.0,9580.0,9641.047540950505,9641.047540950505,9672.178923744632,0.0,0.0,0.0,0.0,9580.0,9580.0,9662.178923744632,9662.178923744632,350.0,3420.7778330125107,0.0,0,0,0,1
S6,continuous,B,959,113,9590.0,9590.0,9674.156775673935,9674.156775673935,9724.004575188195,0.0,0.0,0.0,0.0,9590.0,9590.0,9714.004575188195,9714.004575188195,350.0,3428.532000081633,0.0,0,0,0,1
S6,continuous,B,960,344,9600.0,9600.0,9688.982722036386,9688.982722036386,9727.54117127228,0.0,0.0,0.0,0.0,9600.0,9600.0,9717.54117127228,9717.54117127228,350.0,4221.834171153355,0.0,0,0,0,1
S6,continuous,B,961,249,9610.0,9610.0,9743.127391330489,9743.127391330489,9793.721343293453,0.0,0.0,0.0,0.0,9610.0,9610.0,9783.721343293453,9783.721343293453,350.0,5199.985758077191,0.0,0,0,0,1
S6,continuous,B,962,39,9620.0,9620.0,9725.195371184676,9725.195371184676,9765.590828919352,0.0,0.0,0.0,0.0,9620.0,9620.0,9755.590828919352,9755.590828919352,350.0,4076.8490807013823,0.0,0,0,0,1
S6,continuous,B,963,206,9630.0,9630.0,9770.915418640476,9770.915418640476,9806.292727638807,0.0,0.0,0.0,0.0,9630.0,9630.0,9796.292727638807,9796.292727638807,350.0,5870.487362395243,0.0,0,0,0,1
S6,continuous,B,964,43,9640.0,9640.0,9702.64991995082,9702.64991995082,9705.69935472366,0.0,0.0,0.0,0.0,9640.0,9640.0,9702.64991995082,9702.64991995082,300.0,1493.9039150861693,0.0,0,0,0,0
S6,continuous,B,965,104,9650.0,9650.0,9758.246986781129,9758.246986781129,9807.86603948642,0.0,0.0,0.0,0.0,9650.0,9650.0,9797.86603948642,9797.86603948642,300.0,4555.733649153054,0.0,0,0,0,0
S6,continuous,B,966,161,9660.0,9660.0,9698.269135136492,9698.269135136492,9755.439309187012,0.0,0.0,0.0,0.0,9660.0,9660.0,9745.439309187012,9745.439309187012,350.0,1130.4393233257638,0.0,0,0,0,1
S6,continuous,B,967,90,9670.0,9670.0,9777.844048260642,9777.844048260642,9838.016223644801,0.0,0.0,0.0,0.0,9670.0,9670.0,9828.016223644801,9828.016223644801,350.0,3660.0351094284692,0.0,0,0,0,1
S6,continuous,B,968,338,9680.0,9680.0,9779.062346498093,9779.062346498093,9822.813772262947,0.0,0.0,0.0,0.0,9680.0,9680.0,9812.813772262947,9812.813772262947,300.0,3756.515067342801,0.5376779963939953,1,0,1,0
S6,continuous,B,969,276,9690.0,9690.0,9823.325693109336,9823.325693109336,9880.495867159856,0.0,0.0,0.0,0.0,9690.0,9690.0,9870.495867159856,9870.495867159856,350.0,5246.086987104897,0.0,0,0,0,1
S6,continuous,B,970,244,9700.0,9700.0,9791.554195625706,9791.554195625706,9844.202548575671,0.0,0.0,0.0,0.0,9700.0,9700.0,9834.202548575671,9834.202548575671,350.0,3935.6960973781943,0.0,0,0,0,1
S6,continuous,B,971,346,9710.0,9710.0,9825.859043930677,9825.859043930677,9861.24623066106,0.0,0.0,0.0,0.0,9710.0,9710.0,9851.24623066106,9851.24623066106,300.0,4816.77843706902,0.0,0,0,0,0
S6,continuous,B,972,5,9720.0,9720.0,9761.829676130697,9761.829676130697,9781.133865056729,0.0,0.0,0.0,0.0,9720.0,9720.0,9771.133865056729,9771.133865056729,350.0,1399.2880162825168,0.0,0,0,0,1
S6,continuous,B,973,255,9730.0,9730.0,9873.024114870088,9873.024114870088,9925.7689922706,0.0,0.0,0.0,0.0,9730.0,9730.0,9915.7689922706,9915.7689922706,350.0,5870.521954571612,0.0,0,0,0,1
S6,continuous,B,974,64,9740.0,9740.0,9839.215405138033,9839.215405138033,9892.966830902888,0.0,0.0,0.0,0.0,9740.0,9740.0,9882.966830902888,9882.966830902888,350.0,3172.49998933666,0.0,0,0,0,1
S6,continuous,B,975,359,9750.0,9750.0,9800.25827401487,9800.25827401487,9857.42844806539,0.0,0.0,0.0,0.0,9750.0,9750.0,9847.42844806539,9847.42844806539,350.0,1454.8017496801856,0.0,0,0,0,1
S6,continuous,B,976,108,9760.0,9760.0,9801.884943296123,9801.884943296123,9808.699296218914,0.0,0.0,0.0,0.0,9760.0,9760.0,9801.884943296123,9801.884943296123,300.0,1523.2993787177077,0.0,0,0,0,0
S6,continuous,B,977,287,9770.0,9770.0,9848.117931377566,9848.117931377566,9881.844938465458,0.0,0.0,0.0,0.0,9770.0,9770.0,9871.844938465458,9871.844938465458,350.0,3616.1216523070293,0.0,0,0,0,1
S6,continuous,B,978,281,9780.0,9780.0,9873.038933248576,9873.038933248576,9933.051264469572,0.0,0.0,0.0,0.0,9780.0,9780.0,9923.051264469572,9923.051264469572,350.0,4144.849829632224,0.0,0,0,0,1
S6,continuous,B,979,59,9790.0,9790.0,9868.488502728536,9868.488502728536,9887.792691654568,0.0,0.0,0.0,0.0,9790.0,9790.0,9877.792691654568,9877.792691654568,350.0,4292.202696293763,0.0,0,0,0,1
S6,continuous,B,980,65,9800.0,9800.0,9950.054271225557,9950.054271225557,10002.702624175523,0.0,0.0,0.0,0.0,9800.0,9800.0,9992.702624175523,9992.702624175523,350.0,6778.4564903453875,0.0,0,0,0,1
S6,continuous,B,981,157,9810.0,9810.0,9893.311414536858,9893.311414536858,9909.134997793019,0.0,0.0,0.0,0.0,9810.0,9810.0,9899.134997793019,9899.134997793019,350.0,3142.158991766315,0.0,0,0,0,1
S6,continuous,B,982,160,9820.0,9820.0,9880.698505958688,9880.698505958688,9893.258292183875,0.0,0.0,0.0,0.0,9820.0,9820.0,9883.258292183875,9883.258292183875,350.0,3072.4808981330298,0.0,0,0,0,1
S6,continuous,B,983,76,9830.0,9830.0,9921.60840633052,9921.60840633052,9974.256759280486,0.0,0.0,0.0,0.0,9830.0,9830.0,9964.256759280486,9964.256759280486,350.0,5180.043869679269,0.0,0,0,0,1
S6,continuous,B,984,253,9840.0,9840.0,9970.581581628921,9970.581581628921,9986.459507279533,0.0,0.0,0.0,0.0,9840.0,9840.0,9976.459507279533,9976.459507279533,350.0,6293.775176542772,0.0,0,0,0,1
S6,continuous,B,985,34,9850.0,9850.0,9952.123872538301,9952.123872538301,9994.239635005375,0.0,0.0,0.0,0.0,9850.0,9850.0,9984.239635005375,9984.239635005375,350.0,3704.1657260561346,0.0,0,0,0,1
S6,continuous,B,986,149,9860.0,9860.0,9953.29080180428,9953.29080180428,9994.179768619691,0.0,0.0,0.0,0.0,9860.0,9860.0,9984.179768619691,9984.179768619691,300.0,3363.990037536055,0.0,0,0,0,0
S6,continuous,B,987,170,9870.0,9870.0,9905.674537271057,9905.674537271057,9954.520838159333,0.0,0.0,0.0,0.0,9870.0,9870.0,9944.520838159333,9944.520838159333,300.0,1542.140720051963,0.0,0,0,0,0
S6,continuous,B,988,105,9880.0,9880.0,9944.353239510021,9944.353239510021,9961.873130360722,0.0,0.0,0.0,0.0,9880.0,9880.0,9951.873130360722,9951.873130360722,300.0,1164.0531033864152,0.0,0,0,0,0
S6,continuous,B,989,342,9890.0,9890.0,9960.424080990217,9960.424080990217,9987.943971840918,0.0,0.0,0.0,0.0,9890.0,9890.0,9977.943971840918,9977.943971840918,350.0,3642.1132031626967,0.0,0,0,0,1
S6,continuous,B,990,177,9900.0,9900.0,9978.618120234643,9978.618120234643,10006.138011085344,0.0,0.0,0.0,0.0,9900.0,9900.0,9996.138011085344,9996.138011085344,350.0,2947.6487608111,0.0,0,0,0,1
S6,continuous,B,991,81,9910.0,9910.0,9962.146685373782,9962.146685373782,10014.891562774294,0.0,0.0,0.0,0.0,9910.0,9910.0,10004.891562774294,10004.891562774294,350.0,2703.284981682638,0.0,0,0,0,1
S6,continuous,B,992,151,9920.0,9920.0,10030.074568476137,10030.074568476137,10080.246743860296,0.0,0.0,0.0,0.0,9920.0,9920.0,10070.246743860296,10070.246743860296,300.0,4680.338042214527,22.582027740390004,1,0,1,0
S6,continuous,B,993,257,9930.0,9930.0,10051.030509398603,10051.030509398603,10101.919476214014,0.0,0.0,0.0,0.0,9930.0,9930.0,10091.919476214014,10091.919476214014,350.0,5076.497028736011,0.0,0,0,0,1
S6,continuous,B,994,1,9940.0,9940.0,10066.024522173315,10066.024522173315,10124.87082306159,0.0,0.0,0.0,0.0,9940.0,9940.0,10114.87082306159,10114.87082306159,350.0,6338.058939617937,0.0,0,0,0,1
S6,continuous,B,995,6,9950.0,9950.0,10001.986708312004,10001.986708312004,10050.83300920028,0.0,0.0,0.0,0.0,9950.0,9950.0,10040.83300920028,10040.83300920028,300.0,838.2753691334349,0.0,0,0,0,0
S6,continuous,B,996,339,9960.0,9960.0,10083.919400879638,10083.919400879638,10123.343596162103,0.0,0.0,0.0,0.0,9960.0,9960.0,10113.343596162103,10113.343596162103,350.0,4757.653943093439,0.0,0,0,0,1
S6,continuous,B,997,349,9970.0,9970.0,10038.571073228548,10038.571073228548,10095.741247279067,0.0,0.0,0.0,0.0,9970.0,9970.0,10085.741247279067,10085.741247279067,350.0,4227.721176615504,0.0,0,0,0,1
S6,continuous,B,998,186,9980.0,9980.0,10026.136560090054,10026.136560090054,10039.185994862893,0.0,0.0,0.0,0.0,9980.0,9980.0,10029.185994862893,10029.185994862893,350.0,2385.2613774705897,0.0,0,0,0,1
S6,continuous,B,999,120,9990.0,9990.0,10074.53822692019,10074.53822692019,10131.106929992215,0.0,0.0,0.0,0.0,9990.0,9990.0,10121.106929992215,10121.106929992215,350.0,2604.0540545399967,0.0,0,0,0,1
S6,continuous,B,1000,40,10000.0,10000.0,10057.108684654602,10057.108684654602,10070.158119427442,0.0,0.0,0.0,0.0,10000.0,10000.0,10060.158119427442,10060.158119427442,350.0,2165.8055948113733,0.0,0,0,0,1
S6,continuous,B,1001,22,10010.0,10010.0,10113.823281427307,10113.823281427307,10126.383067652494,0.0,0.0,0.0,0.0,10010.0,10010.0,10116.383067652494,10116.383067652494,350.0,4904.518922526474,0.0,0,0,0,1
S6,continuous,B,1002,327,10020.0,10020.0,10134.908667607911,10134.908667607911,10185.692719865201,0.0,0.0,0.0,0.0,10020.0,10020.0,10175.692719865201,10175.692719865201,350.0,4661.897328782359,0.0,0,0,0,1
S6,continuous,B,1003,161,10030.0,10030.0,10133.125383143395,10133.125383143395,10148.948966399556,0.0,0.0,0.0,0.0,10030.0,10030.0,10138.948966399556,10138.948966399556,350.0,3707.4950272592273,0.0,0,0,0,1
S6,continuous,B,1004,216,10040.0,10040.0,10128.212777401492,10128.212777401492,10179.101744216903,0.0,0.0,0.0,0.0,10040.0,10040.0,10169.101744216903,10169.101744216903,350.0,2424.679178819952,0.0,0,0,0,1
S6,continuous,B,1005,123,10050.0,10050.0,10129.568947886464,10129.568947886464,10180.162899849429,0.0,0.0,0.0,0.0,10050.0,10050.0,10170.162899849429,10170.162899849429,350.0,4581.778651449244,0.0,0,0,0,1
S6,continuous,B,1006,276,10060.0,10060.0,10146.506749564096,10146.506749564096,10203.075452636122,0.0,0.0,0.0,0.0,10060.0,10060.0,10193.075452636122,10193.075452636122,350.0,3618.8014438811347,0.0,0,0,0,1
S6,continuous,B,1007,159,10070.0,10070.0,10139.488663340375,10139.488663340375,10167.681397718423,0.0,0.0,0.0,0.0,10070.0,10070.0,10157.681397718423,10157.681397718423,350.0,2591.9405063515046,0.0,0,0,0,1
S6,continuous,B,1008,314,10080.0,10080.0,10178.179898702714,10178.179898702714,10218.57535643739,0.0,0.0,0.0,0.0,10080.0,10080.0,10208.57535643739,10208.57535643739,350.0,3627.3434978048635,0.0,0,0,0,1
S6,continuous,B,1009,165,10090.0,10090.0,10173.748443590246,10173.748443590246,10186.797878363086,0.0,0.0,0.0,0.0,10090.0,10090.0,10176.797878363086,10176.797878363086,350.0,3888.1012715771512,0.0,0,0,0,1
S6,continuous,B,1010,178,10100.0,10100.0,10187.872613624162,10187.872613624162,10247.597994619096,0.0,0.0,0.0,0.0,10100.0,10100.0,10237.597994619096,10237.597994619096,350.0,5181.01351245565,0.0,0,0,0,1
S6,continuous,B,1011,222,10110.0,10110.0,10156.884315692196,10156.884315692196,10177.746038029252,0.0,0.0,0.0,0.0,10110.0,10110.0,10167.746038029252,10167.746038029252,300.0,2086.220849528146,0.0,0,0,0,0
S6,continuous,B,1012,349,10120.0,10120.0,10254.325365751425,10254.325365751425,10306.97371870139,0.0,0.0,0.0,0.0,10120.0,10120.0,10296.97371870139,10296.97371870139,350.0,5387.837163309644,0.0,0,0,0,1
S6,continuous,B,1013,97,10130.0,10130.0,10229.037118642662,10229.037118642662,10244.860701898822,0.0,0.0,0.0,0.0,10130.0,10130.0,10234.860701898822,10234.860701898822,350.0,3882.715977417972,0.0,0,0,0,1
S6,continuous,B,1014,204,10140.0,10140.0,10288.789602757404,10288.789602757404,10301.349388982591,0.0,0.0,0.0,0.0,10140.0,10140.0,10291.349388982591,10291.349388982591,350.0,6353.2505601759085,0.0,0,0,0,1
S6,continuous,B,1015,274,10150.0,10150.0,10238.714709911997,10238.714709911997,10291.363062861963,0.0,0.0,0.0,0.0,10150.0,10150.0,10281.363062861963,10281.363062861963,350.0,3799.784722669501,0.0,0,0,0,1
S6,continuous,B,1016,254,10160.0,10160.0,10250.453771112416,10250.453771112416,10288.726345673622,0.0,0.0,0.0,0.0,10160.0,10160.0,10278.726345673622,10278.726345673622,350.0,2510.996798277203,0.0,0,0,0,1
S6,continuous,B,1017,217,10170.0,10170.0,10260.48820924052,10260.48820924052,10314.239635005375,0.0,0.0,0.0,0.0,10170.0,10170.0,10304.239635005375,10304.239635005375,350.0,3704.1657260561346,0.0,0,0,0,1
S6,continuous,B,1018,359,10180.0,10180.0,10248.975235657395,10248.975235657395,10299.759287914685,0.0,0.0,0.0,0.0,10180.0,10180.0,10289.759287914685,10289.759287914685,350.0,2421.1105960274517,0.0,0,0,0,1
S6,continuous,B,1019,219,10190.0,10190.0,10277.35550422736,10277.35550422736,10331.106929992215,0.0,0.0,0.0,0.0,10190.0,10190.0,10321.106929992215,10321.106929992215,350.0,2604.0540545399967,0.0,0,0,0,1
S6,continuous,B,1020,338,10200.0,10200.0,10268.025597709093,10268.025597709093,10331.725220797258,0.0,0.0,0.0,0.0,10200.0,10200.0,10321.725220797258,10321.725220797258,350.0,3816.652865808267,0.0,0,0,0,1
S6,continuous,B,1021,117,10210.0,10210.0,10327.432534436832,10327.432534436832,10340.481969209672,0.0,0.0,0.0,0.0,10210.0,10210.0,10330.481969209672,10330.481969209672,350.0,4183.46532096318,0.0,0,0,0,1
S6,continuous,B,1022,272,10220.0,10220.0,10339.474399881628,10339.474399881628,10396.043102953654,0.0,0.0,0.0,0.0,10220.0,10220.0,10386.043102953654,10386.043102953654,350.0,5650.664821999089,0.0,0,0,0,1
S6,continuous,B,1023,42,10230.0,10230.0,10296.971978810765,10296.971978810765,10313.786331733556,0.0,0.0,0.0,0.0,10230.0,10230.0,10303.786331733556,10303.786331733556,350.0,2057.817125026659,0.0,0,0,0,1
S6,continuous,B,1024,329,10240.0,10240.0,10302.72604202501,10302.72604202501,10354.841106644499,0.0,0.0,0.0,0.0,10240.0,10240.0,10344.841106644499,10344.841106644499,300.0,3868.5531409927944,0.0,0,0,0,0
S6,continuous,B,1025,154,10250.0,10250.0,10318.16455147887,10318.16455147887,10380.27961609836,0.0,0.0,0.0,0.0,10250.0,10250.0,10370.27961609836,10370.27961609836,350.0,2673.2780334584254,0.0,0,0,0,1
S6,continuous,B,1026,84,10260.0,10260.0,10284.196905752773,10284.196905752773,10308.292224732137,0.0,0.0,0.0,0.0,10260.0,10260.0,10298.292224732137,10298.292224732137,350.0,757.8160109518423,0.0,0,0,0,1
S6,continuous,B,1027,19,10270.0,10270.0,10350.525138107383,10350.525138107383,10410.144190812674,0.0,0.0,0.0,0.0,10270.0,10270.0,10400.144190812674,10400.144190812674,350.0,1955.820321995446,0.0,0,0,0,1
S6,continuous,B,1028,104,10280.0,10280.0,10401.508411667946,10401.508411667946,10439.780986229152,0.0,0.0,0.0,0.0,10280.0,10280.0,10429.780986229152,10429.780986229152,350.0,4461.494665800638,0.0,0,0,0,1
S6,continuous,B,1029,66,10290.0,10290.0,10407.25335859778,10407.25335859778,10464.4235326483,0.0,0.0,0.0,0.0,10290.0,10290.0,10454.4235326483,10454.4235326483,350.0,4473.886221994273,0.0,0,0,0,1
S6,continuous,B,1030,9,10300.0,10300.0,10394.002109941363,10394.002109941363,10410.816462864153,0.0,0.0,0.0,0.0,10300.0,10300.0,10400.816462864153,10400.816462864153,350.0,3104.2306621235684,0.0,0,0,0,1
S6,continuous,B,1031,316,10310.0,10310.0,10371.396370084267,10371.396370084267,10402.527752878394,0.0,0.0,0.0,0.0,10310.0,10310.0,10392.527752878394,10392.527752878394,350.0,1449.8717378814622,0.0,0,0,0,1
S6,continuous,B,1032,144,10320.0,10320.0,10408.447226720207,10408.447226720207,10432.54254569957,0.0,0.0,0.0,0.0,10320.0,10320.0,10422.54254569957,10422.54254569957,350.0,4278.4064229309515,0.0,0,0,0,1
S6,continuous,B,1033,80,10330.0,10330.0,10444.697311915092,10444.697311915092,10504.709643136088,0.0,0.0,0.0,0.0,10330.0,10330.0,10494.709643136088,10494.709643136088,350.0,6239.861894418105,0.0,0,0,0,1
S6,continuous,B,1034,201,10340.0,10340.0,10417.431020807999,10417.431020807999,10481.130643896164,0.0,0.0,0.0,0.0,10340.0,10340.0,10471.130643896164,10471.130643896164,350.0,3560.7975636695423,0.0,0,0,0,1
S6,continuous,B,1035,15,10350.0,10350.0,10451.306687124166,10451.306687124166,10467.184612774778,0.0,0.0,0.0,0.0,10350.0,10350.0,10457.184612774778,10457.184612774778,350.0,5347.290766136685,0.0,0,0,0,1
S6,continuous,B,1036,122,10360.0,10360.0,10424.65681693796,10424.65681693796,10484.382197932895,0.0,0.0,0.0,0.0,10360.0,10360.0,10474.382197932895,10474.382197932895,350.0,1810.2048524650863,0.0,0,0,0,1
S6,continuous,B,1037,333,10370.0,10370.0,10464.58037990573,10464.58037990573,10504.004575188195,0.0,0.0,0.0,0.0,10370.0,10370.0,10494.004575188195,10494.004575188195,350.0,3428.532000081633,0.0,0,0,0,1
S6,continuous,B,1038,42,10380.0,10380.0,10411.935003542822,10411.935003542822,10475.634626630987,0.0,0.0,0.0,0.0,10380.0,10380.0,10465.634626630987,10465.634626630987,350.0,1471.710717499076,0.0,0,0,0,1
S6,continuous,B,1039,287,10390.0,10390.0,10442.467151757091,10442.467151757091,10459.987042607792,0.0,0.0,0.0,0.0,10390.0,10390.0,10449.987042607792,10449.987042607792,300.0,3165.1911411541387,0.0,0,0,0,0
S6,continuous,B,1040,161,10400.0,10400.0,10458.797859155324,10458.797859155324,10489.65958149238,0.0,0.0,0.0,0.0,10400.0,10400.0,10479.65958149238,10479.65958149238,350.0,3098.3782545769504,0.0,0,0,0,1
S6,continuous,B,1041,43,10410.0,10410.0,10492.002013441954,10492.002013441954,10507.825596698114,0.0,0.0,0.0,0.0,10410.0,10410.0,10497.825596698114,10497.825596698114,350.0,3626.1502067732813,0.0,0,0,0,1
S6,continuous,B,1042,245,10420.0,10420.0,10494.105483484407,10494.105483484407,10522.298217862455,0.0,0.0,0.0,0.0,10420.0,10420.0,10512.298217862455,10512.298217862455,350.0,2723.5218611395485,0.0,0,0,0,1
S6,continuous,B,1043,130,10430.0,10430.0,10554.633309655395,10554.633309655395,10605.522276470807,0.0,0.0,0.0,0.0,10430.0,10430.0,10595.522276470807,10595.522276470807,350.0,4880.266983082441,0.0,0,0,0,1
S6,continuous,B,1044,171,10440.0,10440.0,10488.114993159652,10488.114993159652,10528.708945122617,0.0,0.0,0.0,0.0,10440.0,10440.0,10518.708945122617,10518.708945122617,300.0,3397.768061584581,0.0,0,0,0,0
S6,continuous,B,1045,125,10450.0,10450.0,10519.93660926504,10519.93660926504,10570.72066152233,0.0,0.0,0.0,0.0,10450.0,10450.0,10560.72066152233,10560.72066152233,350.0,3013.2213348372593,0.0,0,0,0,1
S6,continuous,B,1046,278,10460.0,10460.0,10518.305528041245,10518.305528041245,10568.030909036179,0.0,0.0,0.0,0.0,10460.0,10460.0,10558.030909036179,10558.030909036179,300.0,2321.1700653056278,12.79113147329008,1,0,1,0
S6,continuous,B,1047,173,10470.0,10470.0,10562.289646479785,10562.289646479785,10572.49831527233,0.0,0.0,0.0,0.0,10470.0,10470.0,10562.49831527233,10562.49831527233,350.0,2502.9260173202915,0.0,0,0,0,1
S6,continuous,B,1048,308,10480.0,10480.0,10577.476503987253,10577.476503987253,10641.176127075418,0.0,0.0,0.0,0.0,10480.0,10480.0,10631.176127075418,10631.176127075418,350.0,5119.871778797746,0.0,0,0,0,1
S6,continuous,B,1049,111,10490.0,10490.0,10577.604562241115,10577.604562241115,10590.653997013955,0.0,0.0,0.0,0.0,10490.0,10490.0,10580.653997013955,10580.653997013955,350.0,4715.1263394999605,0.0,0,0,0,1
S6,continuous,B,1050,145,10500.0,10500.0,10578.96595432822,10578.96595432822,10596.641963344862,0.0,0.0,0.0,0.0,10500.0,10500.0,10586.641963344862,10586.641963344862,300.0,3478.390439992844,0.0,0,0,0,0
S6,continuous,B,1051,143,10510.0,10510.0,10594.784680430794,10594.784680430794,10604.088869356825,0.0,0.0,0.0,0.0,10510.0,10510.0,10594.784680430794,10594.784680430794,300.0,4235.667536263059,0.0,0,0,0,0
S6,continuous,B,1052,118,10520.0,10520.0,10617.464020262558,10617.464020262558,10670.20889766307,0.0,0.0,0.0,0.0,10520.0,10520.0,10660.20889766307,10660.20889766307,350.0,5785.538103709905,0.0,0,0,0,1
S6,continuous,B,1053,89,10530.0,10530.0,10592.37027277679,10592.37027277679,10633.15432503408,0.0,0.0,0.0,0.0,10530.0,10530.0,10623.15432503408,10623.15432503408,300.0,1663.933857573143,0.0,0,0,0,0
S6,continuous,B,1054,129,10540.0,10540.0,10580.809189506093,10580.809189506093,10632.924254125583,0.0,0.0,0.0,0.0,10540.0,10540.0,10622.924254125583,10622.924254125583,300.0,2560.969526598195,0.0,0,0,0,0
S6,continuous,B,1055,100,10550.0,10550.0,10578.068233030352,10578.068233030352,10617.916032544612,0.0,0.0,0.0,0.0,10550.0,10550.0,10607.916032544612,10607.916032544612,300.0,926.7457246245815,0.0,0,0,0,0
S6,continuous,B,1056,177,10560.0,10560.0,10648.507521975876,10648.507521975876,10679.638904770003,0.0,0.0,0.0,0.0,10560.0,10560.0,10669.638904770003,10669.638904770003,350.0,4865.733395257125,0.0,0,0,0,1
S6,continuous,B,1057,112,10570.0,10570.0,10685.847951191248,10685.847951191248,10705.15214011728,0.0,0.0,0.0,0.0,10570.0,10570.0,10695.15214011728,10695.15214011728,350.0,6113.030468020452,0.0,0,0,0,1
S6,continuous,B,1058,262,10580.0,10580.0,10689.606227643228,10689.606227643228,10742.254580593193,0.0,0.0,0.0,0.0,10580.0,10580.0,10732.254580593193,10732.254580593193,350.0,5873.263671838385,0.0,0,0,0,1
S6,continuous,B,1059,96,10590.0,10590.0,10659.566872028774,10659.566872028774,10662.616306801614,0.0,0.0,0.0,0.0,10590.0,10590.0,10659.566872028774,10659.566872028774,300.0,1744.2112426670603,0.0,0,0,0,0
S6,continuous,B,1060,22,10600.0,10600.0,10630.155448850723,10630.155448850723,10639.459637776754,0.0,0.0,0.0,0.0,10600.0,10600.0,10630.155448850723,10630.155448850723,300.0,2044.0162924713657,0.0,0,0,0,0
S6,continuous,B,1061,268,10610.0,10610.0,10690.317133427348,10690.317133427348,10728.875582663242,0.0,0.0,0.0,0.0,10610.0,10610.0,10718.875582663242,10718.875582663242,350.0,3189.460431624899,0.0,0,0,0,1
S6,continuous,B,1062,46,10620.0,10620.0,10674.769458486202,10674.769458486202,10684.073647412233,0.0,0.0,0.0,0.0,10620.0,10620.0,10674.769458486202,10674.769458486202,300.0,613.7244184155436,0.0,0,0,0,0
S6,continuous,B,1063,163,10630.0,10630.0,10711.458176267277,10711.458176267277,10761.305975781537,0.0,0.0,0.0,0.0,10630.0,10630.0,10751.305975781537,10751.305975781537,350.0,3082.6453965869123,0.0,0,0,0,1
S6,continuous,B,1064,216,10640.0,10640.0,10682.629500102346,10682.629500102346,10723.518466917758,0.0,0.0,0.0,0.0,10640.0,10640.0,10713.518466917758,10713.518466917758,300.0,2472.6531904615713,0.0,0,0,0,0
S6,continuous,B,1065,314,10650.0,10650.0,10760.3365847275,10760.3365847275,10824.036207815665,0.0,0.0,0.0,0.0,10650.0,10650.0,10814.036207815665,10814.036207815665,350.0,4359.599175108163,0.0,0,0,0,1
S6,continuous,B,1066,232,10660.0,10660.0,10762.674252643244,10762.674252643244,10791.220881967085,0.0,0.0,0.0,0.0,10660.0,10660.0,10781.220881967085,10781.220881967085,350.0,4806.082601271729,0.0,0,0,0,1
S6,continuous,B,1067,266,10670.0,10670.0,10769.402349348153,10769.402349348153,10833.101972436318,0.0,0.0,0.0,0.0,10670.0,10670.0,10823.101972436318,10823.101972436318,350.0,4514.162696232388,0.0,0,0,0,1
S6,continuous,B,1068,323,10680.0,10680.0,10751.916765800695,10751.916765800695,10797.303952531078,0.0,0.0,0.0,0.0,10680.0,10680.0,10787.303952531078,10787.303952531078,350.0,2663.5796106537596,0.0,0,0,0,1
S6,continuous,B,1069,78,10690.0,10690.0,10792.106492011912,10792.106492011912,10842.890544269201,0.0,0.0,0.0,0.0,10690.0,10690.0,10832.890544269201,10832.890544269201,350.0,3572.616372639004,0.0,0,0,0,1
S6,continuous,B,1070,275,10700.0,10700.0,10791.878058968327,10791.878058968327,10842.472010931291,0.0,0.0,0.0,0.0,10700.0,10700.0,10832.472010931291,10832.472010931291,350.0,3125.5729180050853,0.0,0,0,0,1
S6,continuous,B,1071,76,10710.0,10710.0,10836.796244071691,10836.796244071691,10900.495867159856,0.0,0.0,0.0,0.0,10710.0,10710.0,10890.495867159856,10890.495867159856,350.0,5246.086987104897,0.0,0,0,0,1
S6,continuous,B,1072,130,10720.0,10720.0,10793.923162031906,10793.923162031906,10824.784884368963,0.0,0.0,0.0,0.0,10720.0,10720.0,10814.784884368963,10814.784884368963,350.0,4277.804269487216,0.0,0,0,0,1
S6,continuous,B,1073,233,10730.0,10730.0,10836.894928970634,10836.894928970634,10875.129643182167,0.0,0.0,0.0,0.0,10730.0,10730.0,10865.129643182167,10865.129643182167,350.0,4064.901396068381,0.0,0,0,0,1
S6,continuous,B,1074,334,10740.0,10740.0,10824.371887514355,10824.371887514355,10875.260854329767,0.0,0.0,0.0,0.0,10740.0,10740.0,10865.260854329767,10865.260854329767,350.0,4140.685381721156,0.0,0,0,0,1
S6,continuous,B,1075,61,10750.0,10750.0,10797.140566148011,10797.140566148011,10842.527752878394,0.0,0.0,0.0,0.0,10750.0,10750.0,10832.527752878394,10832.527752878394,350.0,1449.8717378814622,0.0,0,0,0,1
S6,continuous,B,1076,79,10760.0,10760.0,10806.136560090054,10806.136560090054,10819.185994862893,0.0,0.0,0.0,0.0,10760.0,10760.0,10809.185994862893,10809.185994862893,350.0,2385.2613774705897,0.0,0,0,0,1
S6,continuous,B,1077,208,10770.0,10770.0,10863.812197809337,10863.812197809337,10883.116386735368,0.0,0.0,0.0,0.0,10770.0,10770.0,10873.116386735368,10873.116386735368,350.0,5371.528716798284,0.0,0,0,0,1
S6,continuous,B,1078,65,10780.0,10780.0,10930.054271225557,10930.054271225557,10982.702624175523,0.0,0.0,0.0,0.0,10780.0,10780.0,10972.702624175523,10972.702624175523,350.0,6778.4564903453875,0.0,0,0,0,1
S6,continuous,B,1079,305,10790.0,10790.0,10911.603059323912,10911.603059323912,10924.652494096752,0.0,0.0,0.0,0.0,10790.0,10790.0,10914.652494096752,10914.652494096752,350.0,4925.469363543832,0.0,0,0,0,1
