scenario_id,sweep,model,flight_id,aircraft_id,planned_start_time,start_time,cruise_arrival_time,descent_start_time,end_time,delay_s,takeoff_pad_delay_s,landing_pad_delay_s,pad_delay_s,takeoff_pad_start_s,takeoff_pad_end_s,landing_pad_start_s,landing_pad_end_s,cruise_altitude,distance_m,detour_distance_m,building_risks,building_collisions,path_changes,altitude_changes
S1,continuous,D,0,56,0.0,0.0,57.36383604111307,57.36383604111307,77.9172394895217,0.0,0.0,0.0,0.0,0.0,0.0,67.9172394895217,67.9172394895217,350.0,1176.3073029231862,0.0,0,0,0,1
S1,continuous,D,1,20,10.0,10.0,44.08720308419678,44.08720308419678,97.7903362021939,0.0,0.0,0.0,0.0,10.0,10.0,87.7903362021939,87.7903362021939,350.0,855.324501051949,0.0,0,0,0,1
S1,continuous,D,2,61,20.0,20.0,92.26706988916985,92.26706988916985,136.8732663820303,0.0,0.0,0.0,0.0,20.0,20.0,126.87326638203031,126.87326638203031,350.0,1117.202746713004,0.0,0,0,0,1
S1,continuous,D,3,40,30.0,30.0,80.26917176146885,80.26917176146885,104.16704683102208,0.0,0.0,0.0,0.0,30.0,30.0,94.16704683102208,94.16704683102208,400.0,1168.4294559612006,0.0,0,0,0,1
S1,continuous,D,4,64,40.0,100.0,174.2773656309606,174.2773656309606,227.9804987489577,60.0,0.0,0.0,0.0,100.0,100.0,217.9804987489577,217.9804987489577,350.0,1296.7071459580688,0.0,0,0,0,1
S1,continuous,D,5,27,50.0,50.0,82.82953464493967,82.82953464493967,133.3925641606622,0.0,0.0,0.0,0.0,50.0,50.0,123.3925641606622,123.3925641606622,350.0,1173.9909112560574,0.0,0,0,0,1
S1,continuous,D,6,31,60.0,180.0,249.8867368680655,249.8867368680655,270.4401403164741,120.0,0.0,0.0,0.0,180.0,180.0,260.4401403164741,260.4401403164741,350.0,1450.1895995032548,0.0,0,0,0,1
S1,continuous,D,7,59,70.0,70.0,130.4551247943373,130.4551247943373,157.79033620219388,0.0,0.0,0.0,0.0,70.0,70.0,147.79033620219388,147.79033620219388,350.0,855.324501051949,0.0,0,0,0,1
S1,continuous,D,8,1,80.0,140.0,177.26584809133624,177.26584809133624,204.60105949919281,60.0,0.0,0.0,0.0,140.0,140.0,194.60105949919281,194.60105949919281,350.0,1353.6060504764996,0.0,0,0,0,1
S1,continuous,D,9,22,90.0,150.0,230.4551247943373,230.4551247943373,277.7903362021939,60.0,0.0,0.0,0.0,150.0,150.0,267.7903362021939,267.7903362021939,450.0,1055.324501051949,0.0,0,0,0,1
S1,continuous,D,10,53,100.0,160.0,230.4122260753064,230.4122260753064,280.97525559102894,60.0,0.0,0.0,0.0,160.0,160.0,270.97525559102894,270.97525559102894,350.0,1023.3306575697493,0.0,0,0,0,1
S1,continuous,D,11,63,110.0,110.0,169.18595673166635,169.18595673166635,213.79215322452683,0.0,0.0,0.0,0.0,110.0,110.0,203.79215322452683,203.79215322452683,350.0,857.068222298903,0.0,0,0,0,1
S1,continuous,D,12,37,120.0,120.0,191.56314600326237,191.56314600326237,230.3117099935561,0.0,0.0,0.0,0.0,120.0,120.0,220.3117099935561,220.3117099935561,350.0,1040.9863251396716,0.0,0,0,0,1
S1,continuous,D,13,42,130.0,190.0,234.47886272054026,234.47886272054026,278.1819958385374,60.0,0.0,0.0,0.0,190.0,190.0,268.1819958385374,268.1819958385374,300.0,682.3863601564473,0.0,0,0,0,0
S1,continuous,D,14,66,140.0,140.0,212.26706988916985,212.26706988916985,256.8732663820303,0.0,0.0,0.0,0.0,140.0,140.0,246.8732663820303,246.8732663820303,350.0,1117.202746713004,0.0,0,0,0,1
S1,continuous,D,15,9,150.0,270.0,293.91294166719723,293.91294166719723,338.5191381600577,120.0,0.0,0.0,0.0,270.0,270.0,328.5191381600577,328.5191381600577,350.0,960.1914643216708,0.0,0,0,0,1
S1,continuous,D,16,62,160.0,160.0,197.26584809133624,197.26584809133624,224.60105949919281,0.0,0.0,0.0,0.0,160.0,160.0,214.60105949919281,214.60105949919281,350.0,1353.6060504764996,0.0,0,0,0,1
S1,continuous,D,17,26,170.0,230.0,283.246787003177,283.246787003177,346.87326638203035,60.0,0.0,0.0,0.0,230.0,230.0,336.87326638203035,336.87326638203035,350.0,1117.202746713004,0.0,0,0,0,1
S1,continuous,D,18,7,180.0,300.0,347.61896632281486,347.61896632281486,388.1819958385374,120.0,0.0,0.0,0.0,300.0,300.0,378.1819958385374,378.1819958385374,300.0,682.3863601564473,0.0,0,0,0,0
S1,continuous,D,19,25,190.0,310.0,353.8026498549207,353.8026498549207,392.5512138452144,120.0,0.0,0.0,0.0,310.0,310.0,382.5512138452144,382.5512138452144,350.0,1428.2481067950264,0.0,0,0,0,1
S1,continuous,D,20,44,200.0,200.0,270.0890201065297,270.0890201065297,343.7921532245268,0.0,0.0,0.0,0.0,200.0,200.0,333.7921532245268,333.7921532245268,450.0,1057.068222298903,0.0,0,0,0,1
S1,continuous,D,21,68,210.0,210.0,257.26584809133624,257.26584809133624,294.6010594991928,0.0,0.0,0.0,0.0,210.0,210.0,284.6010594991928,284.6010594991928,400.0,1453.6060504764996,0.0,0,0,0,1
S1,continuous,D,22,3,220.0,400.0,471.5631460032624,471.5631460032624,510.3117099935561,180.0,0.0,0.0,0.0,400.0,400.0,500.3117099935561,500.3117099935561,350.0,1040.9863251396716,0.0,0,0,0,1
S1,continuous,D,23,52,230.0,350.0,419.88673686806555,419.88673686806555,440.4401403164742,120.0,0.0,0.0,0.0,350.0,350.0,430.4401403164742,430.4401403164742,350.0,1450.1895995032548,0.0,0,0,0,1
S1,continuous,D,24,28,240.0,300.0,344.5448826325029,344.5448826325029,379.15107912536337,60.0,0.0,0.0,0.0,300.0,300.0,369.15107912536337,369.15107912536337,300.0,641.3030044949385,0.0,0,0,0,0
S1,continuous,D,25,51,250.0,310.0,352.82953464493966,352.82953464493966,413.3925641606622,60.0,0.0,0.0,0.0,310.0,310.0,403.3925641606622,403.3925641606622,400.0,1273.9909112560574,0.0,0,0,0,1
S1,continuous,D,26,24,260.0,260.0,274.34042958994394,274.34042958994394,278.23830465949715,0.0,0.0,0.0,0.0,260.0,260.0,274.34042958994394,274.34042958994394,300.0,324.72480202549593,0.0,0,0,0,0
S1,continuous,D,27,39,270.0,390.0,426.73700719847704,426.73700719847704,480.4401403164742,120.0,0.0,0.0,0.0,390.0,390.0,470.4401403164742,470.4401403164742,350.0,1450.189599503255,0.0,0,0,0,1
S1,continuous,D,28,54,280.0,340.0,384.04765605078416,384.04765605078416,404.6010594991928,60.0,0.0,0.0,0.0,340.0,340.0,394.6010594991928,394.6010594991928,350.0,1353.6060504764996,0.0,0,0,0,1
S1,continuous,D,29,24,290.0,350.0,387.26584809133624,387.26584809133624,414.6010594991928,60.0,0.0,0.0,0.0,350.0,350.0,404.6010594991928,404.6010594991928,350.0,1353.6060504764996,0.0,0,0,0,1
S1,continuous,D,30,5,300.0,420.0,504.35401937010437,504.35401937010437,587.9804987489576,120.0,0.0,0.0,0.0,420.0,420.0,577.9804987489576,577.9804987489576,450.0,1496.7071459580688,0.0,0,0,0,1
S1,continuous,D,31,19,310.0,430.0,489.3512593957682,489.3512593957682,503.2491344653214,120.0,0.0,0.0,0.0,430.0,430.0,493.2491344653214,493.2491344653214,350.0,908.1865149294221,0.0,0,0,0,1
S1,continuous,D,32,64,320.0,380.0,476.40110135910174,476.40110135910174,520.298976428655,60.0,0.0,0.0,0.0,380.0,380.0,510.29897642865495,510.29897642865495,500.0,1484.5362570113905,0.0,0,0,0,1
S1,continuous,D,33,23,330.0,390.0,457.34877621217555,457.34877621217555,530.9752555910288,60.0,0.0,0.0,0.0,390.0,390.0,520.9752555910288,520.9752555910288,400.0,1123.3306575697493,0.0,0,0,0,1
S1,continuous,D,34,17,340.0,640.0,709.6684897405503,709.6684897405503,730.2218931889589,300.0,0.0,0.0,0.0,640.0,640.0,720.2218931889589,720.2218931889589,350.0,823.7001049161106,0.0,0,0,0,1
S1,continuous,D,35,41,350.0,470.0,539.3512593957681,539.3512593957681,563.2491344653214,120.0,0.0,0.0,0.0,470.0,470.0,553.2491344653214,553.2491344653214,400.0,1008.1865149294221,0.0,0,0,0,1
S1,continuous,D,36,33,360.0,360.0,396.8318354231655,396.8318354231655,434.16704683102205,0.0,0.0,0.0,0.0,360.0,360.0,424.16704683102205,424.16704683102205,400.0,1168.4294559612006,0.0,0,0,0,1
S1,continuous,D,37,38,370.0,370.0,444.32837097451545,444.32837097451545,471.663582382372,0.0,0.0,0.0,0.0,370.0,370.0,461.663582382372,461.663582382372,350.0,1168.267893644356,0.0,0,0,0,1
S1,continuous,D,38,70,380.0,500.0,518.1623537296059,518.1623537296059,546.9109177198997,120.0,0.0,0.0,0.0,500.0,500.0,536.9109177198997,536.9109177198997,300.0,703.7731892733296,2.887572050937365,1,0,1,0
S1,continuous,D,39,13,390.0,450.0,533.246787003177,533.246787003177,626.8732663820304,60.0,0.0,0.0,0.0,450.0,450.0,616.8732663820304,616.8732663820304,500.0,1417.202746713004,0.0,0,0,0,1
S1,continuous,D,40,47,400.0,460.0,508.11904014884186,508.11904014884186,566.8676041391356,60.0,0.0,0.0,0.0,460.0,460.0,556.8676041391356,556.8676041391356,450.0,1000.8856172223923,0.0,0,0,0,1
S1,continuous,D,41,67,410.0,530.0,558.1190401488418,558.1190401488418,596.8676041391356,120.0,0.0,0.0,0.0,530.0,530.0,586.8676041391356,586.8676041391356,350.0,800.8856172223923,0.0,0,0,0,1
S1,continuous,D,42,60,420.0,660.0,734.2773656309606,734.2773656309606,787.9804987489578,240.0,0.0,0.0,0.0,660.0,660.0,777.9804987489578,777.9804987489578,350.0,1296.7071459580688,0.0,0,0,0,1
S1,continuous,D,43,68,430.0,550.0,664.3540193701044,664.3540193701044,777.9804987489578,120.0,0.0,0.0,0.0,550.0,550.0,767.9804987489578,767.9804987489578,600.0,1796.7071459580688,0.0,0,0,0,1
S1,continuous,D,44,26,440.0,500.0,601.647324588594,601.647324588594,705.3504577065911,60.0,0.0,0.0,0.0,500.0,500.0,695.3504577065911,695.3504577065911,600.0,1822.17585876147,0.0,0,0,0,1
S1,continuous,D,45,53,450.0,750.0,756.1554340989472,756.1554340989472,809.7819134778006,300.0,0.0,0.0,0.0,750.0,750.0,799.7819134778006,799.7819134778006,300.0,438.125707534966,0.0,0,0,0,0
S1,continuous,D,46,66,460.0,580.0,594.3404295899439,594.3404295899439,598.2383046594972,120.0,0.0,0.0,0.0,580.0,580.0,594.3404295899439,594.3404295899439,300.0,324.72480202549593,0.0,0,0,0,0
S1,continuous,D,47,34,470.0,470.0,503.31104299666123,503.31104299666123,547.9172394895216,0.0,0.0,0.0,0.0,470.0,470.0,537.9172394895216,537.9172394895216,350.0,1176.307302923186,0.0,0,0,0,1
S1,continuous,D,48,74,480.0,540.0,602.8391607122535,602.8391607122535,623.3925641606621,60.0,0.0,0.0,0.0,540.0,540.0,613.3925641606621,613.3925641606621,350.0,1173.9909112560576,0.0,0,0,0,1
S1,continuous,D,49,54,490.0,670.0,746.4011013591017,746.4011013591017,770.298976428655,180.0,0.0,0.0,0.0,670.0,670.0,760.298976428655,760.298976428655,400.0,1284.5362570113905,0.0,0,0,0,1
S1,continuous,D,50,73,500.0,500.0,569.8867368680656,569.8867368680656,590.4401403164742,0.0,0.0,0.0,0.0,500.0,500.0,580.4401403164742,580.4401403164742,350.0,1450.1895995032548,0.0,0,0,0,1
S1,continuous,D,51,35,510.0,630.0,686.5958433106579,686.5958433106579,770.298976428655,120.0,0.0,0.0,0.0,630.0,630.0,760.298976428655,760.298976428655,500.0,1484.5362570113907,0.0,0,0,0,1
S1,continuous,D,52,48,520.0,820.0,827.6849012110886,827.6849012110886,838.2383046594972,300.0,0.0,0.0,0.0,820.0,820.0,828.2383046594972,828.2383046594972,300.0,324.7248020254959,0.0,0,0,0,0
S1,continuous,D,53,33,530.0,530.0,580.2691717614689,580.2691717614689,604.1670468310222,0.0,0.0,0.0,0.0,530.0,530.0,594.1670468310222,594.1670468310222,400.0,1168.4294559612006,0.0,0,0,0,1
S1,continuous,D,54,62,540.0,840.0,910.4122260753064,910.4122260753064,960.9752555910289,300.0,0.0,0.0,0.0,840.0,840.0,950.9752555910289,950.9752555910289,350.0,1023.3306575697493,0.0,0,0,0,1
S1,continuous,D,55,56,550.0,610.0,669.3512593957681,669.3512593957681,683.2491344653214,60.0,0.0,0.0,0.0,610.0,610.0,673.2491344653214,673.2491344653214,350.0,908.1865149294221,0.0,0,0,0,1
S1,continuous,D,56,15,560.0,800.0,866.4011013591017,866.4011013591017,880.298976428655,240.0,0.0,0.0,0.0,800.0,800.0,870.298976428655,870.298976428655,350.0,1184.5362570113905,0.0,0,0,0,1
S1,continuous,D,57,14,570.0,690.0,758.0371030035187,758.0371030035187,851.663582382372,120.0,0.0,0.0,0.0,690.0,690.0,841.663582382372,841.663582382372,500.0,1468.267893644356,0.0,0,0,0,1
S1,continuous,D,58,12,580.0,580.0,628.5880496096408,628.5880496096408,679.1510791253634,0.0,0.0,0.0,0.0,580.0,580.0,669.1510791253634,669.1510791253634,350.0,741.3030044949385,0.0,0,0,0,1
S1,continuous,D,59,36,590.0,770.0,836.6852306147028,836.6852306147028,920.3117099935562,180.0,0.0,0.0,0.0,770.0,770.0,910.3117099935562,910.3117099935562,450.0,1240.9863251396716,0.0,0,0,0,1
S1,continuous,D,60,6,600.0,600.0,675.5159966408746,675.5159966408746,722.8512080487312,0.0,0.0,0.0,0.0,600.0,600.0,712.8512080487312,712.8512080487312,450.0,1287.0270493711937,0.0,0,0,0,1
S1,continuous,D,61,18,610.0,670.0,716.5246231041996,716.5246231041996,761.13081959706,60.0,0.0,0.0,0.0,670.0,670.0,751.13081959706,751.13081959706,350.0,935.1777433428265,0.0,0,0,0,1
S1,continuous,D,62,22,620.0,740.0,800.2949971773627,800.2949971773627,839.0435611676564,120.0,0.0,0.0,0.0,740.0,740.0,829.0435611676564,829.0435611676564,350.0,1095.3558116394252,0.0,0,0,0,1
S1,continuous,D,63,73,630.0,810.0,854.4788627205403,854.4788627205403,898.1819958385374,180.0,0.0,0.0,0.0,810.0,810.0,888.1819958385374,888.1819958385374,300.0,682.3863601564473,0.0,0,0,0,0
S1,continuous,D,64,32,640.0,760.0,848.0371030035187,848.0371030035187,961.663582382372,120.0,0.0,0.0,0.0,760.0,760.0,951.663582382372,951.663582382372,600.0,1668.267893644356,0.0,0,0,0,1
S1,continuous,D,65,5,650.0,650.0,692.8295346449396,692.8295346449396,753.3925641606621,0.0,0.0,0.0,0.0,650.0,650.0,743.3925641606621,743.3925641606621,400.0,1273.9909112560574,0.0,0,0,0,1
S1,continuous,D,66,67,660.0,660.0,729.6684897405503,729.6684897405503,750.2218931889589,0.0,0.0,0.0,0.0,660.0,660.0,740.2218931889589,740.2218931889589,350.0,823.7001049161106,0.0,0,0,0,1
S1,continuous,D,67,11,670.0,790.0,876.6852306147028,876.6852306147028,980.3117099935562,120.0,0.0,0.0,0.0,790.0,790.0,970.3117099935562,970.3117099935562,550.0,1440.9863251396714,0.0,0,0,0,1
S1,continuous,D,68,44,680.0,740.0,806.0646522856724,806.0646522856724,839.9625273552257,60.0,0.0,0.0,0.0,740.0,740.0,829.9625273552257,829.9625273552257,450.0,950.9714149911492,0.0,0,0,0,1
S1,continuous,D,69,49,690.0,870.0,920.2949971773627,920.2949971773627,949.0435611676564,180.0,0.0,0.0,0.0,870.0,870.0,939.0435611676564,939.0435611676564,300.0,995.355811639425,0.0,0,0,0,0
S1,continuous,D,70,37,700.0,1000.0,1007.6849012110886,1007.6849012110886,1018.2383046594972,300.0,0.0,0.0,0.0,1000.0,1000.0,1008.2383046594972,1008.2383046594972,300.0,324.7248020254959,0.0,0,0,0,0
S1,continuous,D,71,70,710.0,710.0,767.2658480913362,767.2658480913362,814.6010594991928,0.0,0.0,0.0,0.0,710.0,710.0,804.6010594991928,804.6010594991928,450.0,1553.6060504764996,0.0,0,0,0,1
S1,continuous,D,72,42,720.0,840.0,910.2691717614689,910.2691717614689,954.1670468310222,120.0,0.0,0.0,0.0,840.0,840.0,944.1670468310222,944.1670468310222,500.0,1368.4294559612006,0.0,0,0,0,1
S1,continuous,D,73,12,730.0,850.0,937.3487762121756,937.3487762121756,1030.9752555910288,120.0,0.0,0.0,0.0,850.0,850.0,1020.9752555910289,1020.9752555910289,500.0,1323.3306575697493,0.0,0,0,0,1
S1,continuous,D,74,29,740.0,800.0,833.3110429966613,833.3110429966613,877.9172394895218,60.0,0.0,0.0,0.0,800.0,800.0,867.9172394895218,867.9172394895218,350.0,1176.307302923186,0.0,0,0,0,1
S1,continuous,D,75,33,750.0,870.0,908.2450115558707,908.2450115558707,952.8512080487312,120.0,0.0,0.0,0.0,870.0,870.0,942.8512080487312,942.8512080487312,350.0,1087.0270493711937,0.0,0,0,0,1
S1,continuous,D,76,63,760.0,940.0,993.246787003177,993.246787003177,1056.8732663820304,180.0,0.0,0.0,0.0,940.0,940.0,1046.8732663820304,1046.8732663820304,350.0,1117.202746713004,0.0,0,0,0,1
S1,continuous,D,77,52,770.0,1070.0,1141.5631460032623,1141.5631460032623,1180.311709993556,300.0,0.0,0.0,0.0,1070.0,1070.0,1170.311709993556,1170.311709993556,350.0,1040.9863251396716,0.0,0,0,0,1
S1,continuous,D,78,16,780.0,900.0,938.5880496096408,938.5880496096408,979.1510791253634,120.0,0.0,0.0,0.0,900.0,900.0,969.1510791253634,969.1510791253634,300.0,641.3030044949385,0.0,0,0,0,0
S1,continuous,D,79,1,790.0,910.0,961.647324588594,961.647324588594,1015.3504577065911,120.0,0.0,0.0,0.0,910.0,910.0,1005.3504577065911,1005.3504577065911,350.0,1322.17585876147,0.0,0,0,0,1
S1,continuous,D,80,54,800.0,860.0,917.3638360411131,917.3638360411131,937.9172394895218,60.0,0.0,0.0,0.0,860.0,860.0,927.9172394895218,927.9172394895218,350.0,1176.3073029231862,0.0,0,0,0,1
S1,continuous,D,81,72,810.0,870.0,907.2658480913362,907.2658480913362,934.6010594991928,60.0,0.0,0.0,0.0,870.0,870.0,924.6010594991928,924.6010594991928,350.0,1353.6060504764996,0.0,0,0,0,1
S1,continuous,D,82,27,820.0,1000.0,1044.5448826325028,1044.5448826325028,1079.1510791253631,180.0,0.0,0.0,0.0,1000.0,1000.0,1069.1510791253631,1069.1510791253631,300.0,641.3030044949385,0.0,0,0,0,0
S1,continuous,D,83,19,830.0,830.0,937.6189663228149,937.6189663228149,1038.1819958385374,0.0,0.0,0.0,0.0,830.0,830.0,1028.1819958385374,1028.1819958385374,600.0,1282.3863601564472,0.0,0,0,0,1
S1,continuous,D,84,20,840.0,960.0,1027.618966322815,1027.618966322815,1088.1819958385374,120.0,0.0,0.0,0.0,960.0,960.0,1078.1819958385374,1078.1819958385374,400.0,882.3863601564472,0.0,0,0,0,1
S1,continuous,D,85,74,850.0,1030.0,1037.6849012110886,1037.6849012110886,1048.2383046594973,180.0,0.0,0.0,0.0,1030.0,1030.0,1038.2383046594973,1038.2383046594973,300.0,324.7248020254959,0.0,0,0,0,0
S1,continuous,D,86,22,860.0,860.0,878.1623537296059,878.1623537296059,906.9109177198997,0.0,0.0,0.0,0.0,860.0,860.0,896.9109177198997,896.9109177198997,300.0,703.7731892733296,2.887572050937365,1,0,1,0
S1,continuous,D,87,8,870.0,1110.0,1154.5448826325028,1154.5448826325028,1189.1510791253631,240.0,0.0,0.0,0.0,1110.0,1110.0,1179.1510791253631,1179.1510791253631,300.0,641.3030044949385,0.0,0,0,0,0
S1,continuous,D,88,41,880.0,1120.0,1194.2773656309605,1194.2773656309605,1247.9804987489576,240.0,0.0,0.0,0.0,1120.0,1120.0,1237.9804987489576,1237.9804987489576,350.0,1296.7071459580688,0.0,0,0,0,1
S1,continuous,D,89,10,890.0,950.0,968.1623537296059,968.1623537296059,996.9109177198997,60.0,0.0,0.0,0.0,950.0,950.0,986.9109177198997,986.9109177198997,300.0,703.7731892733296,2.887572050937365,1,0,1,0
S1,continuous,D,90,29,900.0,1080.0,1136.1554340989474,1136.1554340989474,1239.7819134778006,180.0,0.0,0.0,0.0,1080.0,1080.0,1229.7819134778006,1229.7819134778006,550.0,938.125707534966,0.0,0,0,0,1
S1,continuous,D,91,44,910.0,910.0,952.8295346449396,952.8295346449396,1013.3925641606621,0.0,0.0,0.0,0.0,910.0,910.0,1003.3925641606621,1003.3925641606621,400.0,1273.9909112560574,0.0,0,0,0,1
S1,continuous,D,92,35,920.0,980.0,1016.357514271491,1016.357514271491,1026.9109177198998,60.0,0.0,0.0,0.0,980.0,980.0,1016.9109177198997,1016.9109177198997,300.0,703.7731892733298,2.887572050937365,1,0,1,0
S1,continuous,D,93,0,930.0,990.0,1064.3540193701044,1064.3540193701044,1137.9804987489576,60.0,0.0,0.0,0.0,990.0,990.0,1127.9804987489576,1127.9804987489576,400.0,1396.7071459580688,0.0,0,0,0,1
S1,continuous,D,94,34,940.0,1060.0,1129.8867368680656,1129.8867368680656,1150.4401403164743,120.0,0.0,0.0,0.0,1060.0,1060.0,1140.4401403164743,1140.4401403164743,350.0,1450.1895995032548,0.0,0,0,0,1
S1,continuous,D,95,2,950.0,1130.0,1196.6018937162974,1196.6018937162974,1235.350457706591,180.0,0.0,0.0,0.0,1130.0,1130.0,1225.350457706591,1225.350457706591,350.0,1322.17585876147,0.0,0,0,0,1
S1,continuous,D,96,7,960.0,1020.0,1056.3575142714908,1056.3575142714908,1066.9109177198995,60.0,0.0,0.0,0.0,1020.0,1020.0,1056.9109177198995,1056.9109177198995,300.0,703.7731892733298,2.887572050937365,1,0,1,0
S1,continuous,D,97,26,970.0,1210.0,1265.5159966408744,1265.5159966408744,1292.851208048731,240.0,0.0,0.0,0.0,1210.0,1210.0,1282.851208048731,1282.851208048731,350.0,1087.0270493711937,0.0,0,0,0,1
S1,continuous,D,98,6,980.0,1220.0,1226.1554340989474,1226.1554340989474,1279.7819134778006,240.0,0.0,0.0,0.0,1220.0,1220.0,1269.7819134778006,1269.7819134778006,300.0,438.125707534966,0.0,0,0,0,0
S1,continuous,D,99,25,990.0,1170.0,1239.6684897405503,1239.6684897405503,1260.221893188959,180.0,0.0,0.0,0.0,1170.0,1170.0,1250.221893188959,1250.221893188959,350.0,823.7001049161106,0.0,0,0,0,1
S1,continuous,D,100,11,1000.0,1000.0,1086.7370071984772,1086.7370071984772,1190.4401403164743,0.0,0.0,0.0,0.0,1000.0,1000.0,1180.4401403164743,1180.4401403164743,600.0,1950.189599503255,0.0,0,0,0,1
S1,continuous,D,101,30,1010.0,1130.0,1214.6212630905045,1214.6212630905045,1258.5191381600578,120.0,0.0,0.0,0.0,1130.0,1130.0,1248.5191381600578,1248.5191381600578,500.0,1260.1914643216708,0.0,0,0,0,1
S1,continuous,D,102,42,1020.0,1260.0,1380.4122260753063,1380.4122260753063,1480.9752555910288,240.0,0.0,0.0,0.0,1260.0,1260.0,1470.9752555910288,1470.9752555910288,600.0,1523.3306575697493,0.0,0,0,0,1
S1,continuous,D,103,64,1030.0,1030.0,1106.4011013591016,1106.4011013591016,1130.298976428655,0.0,0.0,0.0,0.0,1030.0,1030.0,1120.298976428655,1120.298976428655,400.0,1284.5362570113905,0.0,0,0,0,1
S1,continuous,D,104,62,1040.0,1340.0,1414.2773656309605,1414.2773656309605,1467.9804987489576,300.0,0.0,0.0,0.0,1340.0,1340.0,1457.9804987489576,1457.9804987489576,350.0,1296.7071459580688,0.0,0,0,0,1
S1,continuous,D,105,13,1050.0,1050.0,1141.6473245885938,1141.6473245885938,1235.350457706591,0.0,0.0,0.0,0.0,1050.0,1050.0,1225.350457706591,1225.350457706591,550.0,1722.17585876147,0.0,0,0,0,1
S1,continuous,D,106,49,1060.0,1180.0,1243.246787003177,1243.246787003177,1316.8732663820301,120.0,0.0,0.0,0.0,1180.0,1180.0,1306.8732663820301,1306.8732663820301,400.0,1217.202746713004,0.0,0,0,0,1
S1,continuous,D,107,48,1070.0,1070.0,1114.4857306039762,1114.4857306039762,1175.0487601196987,0.0,0.0,0.0,0.0,1070.0,1070.0,1165.0487601196987,1165.0487601196987,400.0,966.1924843592033,0.0,0,0,0,1
S1,continuous,D,108,44,1080.0,1380.0,1416.8318354231656,1416.8318354231656,1454.1670468310222,300.0,0.0,0.0,0.0,1380.0,1380.0,1444.1670468310222,1444.1670468310222,400.0,1168.4294559612006,0.0,0,0,0,1
S1,continuous,D,109,50,1090.0,1150.0,1223.9129416671974,1223.9129416671974,1318.5191381600578,60.0,0.0,0.0,0.0,1150.0,1150.0,1308.5191381600578,1308.5191381600578,600.0,1460.1914643216708,0.0,0,0,0,1
S1,continuous,D,110,43,1100.0,1160.0,1217.7135487118421,1217.7135487118421,1245.0487601196987,60.0,0.0,0.0,0.0,1160.0,1160.0,1235.0487601196987,1235.0487601196987,350.0,866.1924843592033,0.0,0,0,0,1
S1,continuous,D,111,58,1110.0,1290.0,1337.618966322815,1337.618966322815,1378.1819958385374,180.0,0.0,0.0,0.0,1290.0,1290.0,1368.1819958385374,1368.1819958385374,300.0,682.3863601564473,0.0,0,0,0,0
S1,continuous,D,112,45,1120.0,1300.0,1389.3512593957682,1389.3512593957682,1433.2491344653215,180.0,0.0,0.0,0.0,1300.0,1300.0,1423.2491344653215,1423.2491344653215,500.0,1208.1865149294222,0.0,0,0,0,1
S1,continuous,D,113,32,1130.0,1190.0,1265.2160024373577,1265.2160024373577,1312.5512138452143,60.0,0.0,0.0,0.0,1190.0,1190.0,1302.5512138452143,1302.5512138452143,450.0,1628.2481067950264,0.0,0,0,0,1
S1,continuous,D,114,54,1140.0,1260.0,1329.8867368680656,1329.8867368680656,1350.4401403164743,120.0,0.0,0.0,0.0,1260.0,1260.0,1340.4401403164743,1340.4401403164743,350.0,1450.1895995032548,0.0,0,0,0,1
S1,continuous,D,115,60,1150.0,1450.0,1520.4122260753063,1520.4122260753063,1570.9752555910288,300.0,0.0,0.0,0.0,1450.0,1450.0,1560.9752555910288,1560.9752555910288,350.0,1023.3306575697493,0.0,0,0,0,1
S1,continuous,D,116,69,1160.0,1340.0,1362.686104949599,1362.686104949599,1413.2491344653215,180.0,0.0,0.0,0.0,1340.0,1340.0,1403.2491344653215,1403.2491344653215,350.0,908.1865149294221,0.0,0,0,0,1
S1,continuous,D,117,53,1170.0,1350.0,1357.6849012110886,1357.6849012110886,1368.2383046594973,180.0,0.0,0.0,0.0,1350.0,1350.0,1358.2383046594973,1358.2383046594973,300.0,324.7248020254959,0.0,0,0,0,0
S1,continuous,D,118,14,1180.0,1180.0,1222.8295346449397,1222.8295346449397,1283.3925641606622,0.0,0.0,0.0,0.0,1180.0,1180.0,1273.3925641606622,1273.3925641606622,400.0,1273.9909112560574,0.0,0,0,0,1
S1,continuous,D,119,35,1190.0,1310.0,1356.5246231041995,1356.5246231041995,1401.1308195970598,120.0,0.0,0.0,0.0,1310.0,1310.0,1391.1308195970598,1391.1308195970598,350.0,935.1777433428265,0.0,0,0,0,1
S1,continuous,D,120,17,1200.0,1200.0,1266.7370071984772,1266.7370071984772,1350.4401403164743,0.0,0.0,0.0,0.0,1200.0,1200.0,1340.4401403164743,1340.4401403164743,500.0,1750.189599503255,0.0,0,0,0,1
S1,continuous,D,121,27,1210.0,1210.0,1254.5448826325028,1254.5448826325028,1289.1510791253631,0.0,0.0,0.0,0.0,1210.0,1210.0,1279.1510791253631,1279.1510791253631,300.0,641.3030044949385,0.0,0,0,0,0
S1,continuous,D,122,1,1220.0,1280.0,1334.6212630905045,1334.6212630905045,1348.5191381600578,60.0,0.0,0.0,0.0,1280.0,1280.0,1338.5191381600578,1338.5191381600578,350.0,960.1914643216708,0.0,0,0,0,1
S1,continuous,D,123,72,1230.0,1230.0,1306.7370071984772,1306.7370071984772,1400.4401403164743,0.0,0.0,0.0,0.0,1230.0,1230.0,1390.4401403164743,1390.4401403164743,550.0,1850.189599503255,0.0,0,0,0,1
S1,continuous,D,124,63,1240.0,1420.0,1486.4011013591016,1486.4011013591016,1500.298976428655,180.0,0.0,0.0,0.0,1420.0,1420.0,1490.298976428655,1490.298976428655,350.0,1184.5362570113905,0.0,0,0,0,1
S1,continuous,D,125,67,1250.0,1370.0,1430.269171761469,1430.269171761469,1464.1670468310222,120.0,0.0,0.0,0.0,1370.0,1370.0,1454.1670468310222,1454.1670468310222,450.0,1268.4294559612006,0.0,0,0,0,1
S1,continuous,D,126,7,1260.0,1500.0,1547.618966322815,1547.618966322815,1588.1819958385374,240.0,0.0,0.0,0.0,1500.0,1500.0,1578.1819958385374,1578.1819958385374,300.0,682.3863601564473,0.0,0,0,0,0
S1,continuous,D,127,3,1270.0,1450.0,1517.3487762121756,1517.3487762121756,1590.9752555910288,180.0,0.0,0.0,0.0,1450.0,1450.0,1580.9752555910288,1580.9752555910288,400.0,1123.3306575697493,0.0,0,0,0,1
S1,continuous,D,128,51,1280.0,1340.0,1424.4857306039762,1424.4857306039762,1525.0487601196987,60.0,0.0,0.0,0.0,1340.0,1340.0,1515.0487601196987,1515.0487601196987,600.0,1366.1924843592033,0.0,0,0,0,1
S1,continuous,D,129,15,1290.0,1410.0,1490.4122260753063,1490.4122260753063,1550.9752555910288,120.0,0.0,0.0,0.0,1410.0,1410.0,1540.9752555910288,1540.9752555910288,400.0,1123.3306575697493,0.0,0,0,0,1
S1,continuous,D,130,27,1300.0,1480.0,1547.618966322815,1547.618966322815,1608.1819958385374,180.0,0.0,0.0,0.0,1480.0,1480.0,1598.1819958385374,1598.1819958385374,400.0,882.3863601564472,0.0,0,0,0,1
S1,continuous,D,131,25,1310.0,1310.0,1324.340429589944,1324.340429589944,1328.2383046594973,0.0,0.0,0.0,0.0,1310.0,1310.0,1324.340429589944,1324.340429589944,300.0,324.72480202549593,0.0,0,0,0,0
S1,continuous,D,132,37,1320.0,1620.0,1679.3512593957682,1679.3512593957682,1693.2491344653215,300.0,0.0,0.0,0.0,1620.0,1620.0,1683.2491344653215,1683.2491344653215,350.0,908.1865149294221,0.0,0,0,0,1
S1,continuous,D,133,10,1330.0,1450.0,1531.6473245885938,1531.6473245885938,1615.350457706591,120.0,0.0,0.0,0.0,1450.0,1450.0,1605.350457706591,1605.350457706591,500.0,1622.17585876147,0.0,0,0,0,1
S1,continuous,D,134,47,1340.0,1400.0,1459.3512593957682,1459.3512593957682,1473.2491344653215,60.0,0.0,0.0,0.0,1400.0,1400.0,1463.2491344653215,1463.2491344653215,350.0,908.1865149294221,0.0,0,0,0,1
S1,continuous,D,135,70,1350.0,1590.0,1613.9129416671974,1613.9129416671974,1658.5191381600578,240.0,0.0,0.0,0.0,1590.0,1590.0,1648.5191381600578,1648.5191381600578,350.0,960.1914643216708,0.0,0,0,0,1
S1,continuous,D,136,36,1360.0,1480.0,1562.8295346449397,1562.8295346449397,1663.3925641606622,120.0,0.0,0.0,0.0,1480.0,1480.0,1653.3925641606622,1653.3925641606622,600.0,1673.9909112560574,0.0,0,0,0,1
S1,continuous,D,137,11,1370.0,1430.0,1508.0371030035187,1508.0371030035187,1611.663582382372,60.0,0.0,0.0,0.0,1430.0,1430.0,1601.663582382372,1601.663582382372,550.0,1568.267893644356,0.0,0,0,0,1
S1,continuous,D,138,4,1380.0,1680.0,1730.2949971773626,1730.2949971773626,1759.0435611676562,300.0,0.0,0.0,0.0,1680.0,1680.0,1749.0435611676562,1749.0435611676562,300.0,995.355811639425,0.0,0,0,0,0
S1,continuous,D,139,6,1390.0,1450.0,1505.5159966408744,1505.5159966408744,1532.851208048731,60.0,0.0,0.0,0.0,1450.0,1450.0,1522.851208048731,1522.851208048731,350.0,1087.0270493711937,0.0,0,0,0,1
S1,continuous,D,140,58,1400.0,1400.0,1478.2450115558706,1478.2450115558706,1562.851208048731,0.0,0.0,0.0,0.0,1400.0,1400.0,1552.851208048731,1552.851208048731,550.0,1487.0270493711937,0.0,0,0,0,1
S1,continuous,D,141,64,1410.0,1530.0,1578.5880496096406,1578.5880496096406,1629.1510791253631,120.0,0.0,0.0,0.0,1530.0,1530.0,1619.1510791253631,1619.1510791253631,350.0,741.3030044949385,0.0,0,0,0,1
S1,continuous,D,142,30,1420.0,1480.0,1554.0872030841967,1554.0872030841967,1647.7903362021939,60.0,0.0,0.0,0.0,1480.0,1480.0,1637.7903362021939,1637.7903362021939,550.0,1255.324501051949,0.0,0,0,0,1
S1,continuous,D,143,5,1430.0,1550.0,1619.8867368680656,1619.8867368680656,1640.4401403164743,120.0,0.0,0.0,0.0,1550.0,1550.0,1630.4401403164743,1630.4401403164743,350.0,1450.1895995032548,0.0,0,0,0,1
S1,continuous,D,144,45,1440.0,1680.0,1751.5631460032623,1751.5631460032623,1790.311709993556,240.0,0.0,0.0,0.0,1680.0,1680.0,1780.311709993556,1780.311709993556,350.0,1040.9863251396716,0.0,0,0,0,1
S1,continuous,D,145,21,1450.0,1690.0,1722.8295346449397,1722.8295346449397,1773.3925641606622,240.0,0.0,0.0,0.0,1690.0,1690.0,1763.3925641606622,1763.3925641606622,350.0,1173.9909112560574,0.0,0,0,0,1
S1,continuous,D,146,71,1460.0,1580.0,1616.5958433106578,1616.5958433106578,1680.298976428655,120.0,0.0,0.0,0.0,1580.0,1580.0,1670.298976428655,1670.298976428655,400.0,1284.5362570113907,0.0,0,0,0,1
S1,continuous,D,147,74,1470.0,1590.0,1634.047656050784,1634.047656050784,1654.6010594991928,120.0,0.0,0.0,0.0,1590.0,1590.0,1644.6010594991928,1644.6010594991928,350.0,1353.6060504764996,0.0,0,0,0,1
S1,continuous,D,148,2,1480.0,1540.0,1596.5954138101058,1596.5954138101058,1690.221893188959,60.0,0.0,0.0,0.0,1540.0,1540.0,1680.221893188959,1680.221893188959,500.0,1123.7001049161104,0.0,0,0,0,1
S1,continuous,D,149,26,1490.0,1670.0,1720.0890201065297,1720.0890201065297,1773.7921532245268,180.0,0.0,0.0,0.0,1670.0,1670.0,1763.7921532245268,1763.7921532245268,350.0,857.0682222989032,0.0,0,0,0,1
S1,continuous,D,150,53,1500.0,1800.0,1866.6018937162974,1866.6018937162974,1905.350457706591,300.0,0.0,0.0,0.0,1800.0,1800.0,1895.350457706591,1895.350457706591,350.0,1322.17585876147,0.0,0,0,0,1
S1,continuous,D,151,19,1510.0,1750.0,1816.4011013591016,1816.4011013591016,1830.298976428655,240.0,0.0,0.0,0.0,1750.0,1750.0,1820.298976428655,1820.298976428655,350.0,1184.5362570113905,0.0,0,0,0,1
S1,continuous,D,152,63,1520.0,1760.0,1792.8295346449397,1792.8295346449397,1843.3925641606622,240.0,0.0,0.0,0.0,1760.0,1760.0,1833.3925641606622,1833.3925641606622,350.0,1173.9909112560574,0.0,0,0,0,1
S1,continuous,D,153,9,1530.0,1590.0,1647.363836041113,1647.363836041113,1667.9172394895218,60.0,0.0,0.0,0.0,1590.0,1590.0,1657.9172394895218,1657.9172394895218,350.0,1176.3073029231862,0.0,0,0,0,1
S1,continuous,D,154,33,1540.0,1600.0,1614.340429589944,1614.340429589944,1618.2383046594973,60.0,0.0,0.0,0.0,1600.0,1600.0,1614.340429589944,1614.340429589944,300.0,324.72480202549593,0.0,0,0,0,0
S1,continuous,D,155,40,1550.0,1670.0,1677.6849012110886,1677.6849012110886,1688.2383046594973,120.0,0.0,0.0,0.0,1670.0,1670.0,1678.2383046594973,1678.2383046594973,300.0,324.7248020254959,0.0,0,0,0,0
S1,continuous,D,156,18,1560.0,1860.0,1924.3540193701044,1924.3540193701044,1987.9804987489576,300.0,0.0,0.0,0.0,1860.0,1860.0,1977.9804987489576,1977.9804987489576,350.0,1296.707145958069,0.0,0,0,0,1
S1,continuous,D,157,65,1570.0,1570.0,1588.162353729606,1588.162353729606,1616.9109177198995,0.0,0.0,0.0,0.0,1570.0,1570.0,1606.9109177198995,1606.9109177198995,300.0,703.7731892733296,2.887572050937365,1,0,1,0
S1,continuous,D,158,24,1580.0,1760.0,1802.686104949599,1802.686104949599,1873.2491344653215,180.0,0.0,0.0,0.0,1760.0,1760.0,1863.2491344653215,1863.2491344653215,450.0,1108.1865149294222,0.0,0,0,0,1
S1,continuous,D,159,55,1590.0,1590.0,1646.5246231041995,1646.5246231041995,1701.1308195970598,0.0,0.0,0.0,0.0,1590.0,1590.0,1691.1308195970598,1691.1308195970598,400.0,1035.1777433428265,0.0,0,0,0,1
S1,continuous,D,160,46,1600.0,1720.0,1756.5954138101058,1756.5954138101058,1830.221893188959,120.0,0.0,0.0,0.0,1720.0,1720.0,1820.221893188959,1820.221893188959,400.0,923.7001049161104,0.0,0,0,0,1
S1,continuous,D,161,12,1610.0,1730.0,1836.6018937162974,1836.6018937162974,1915.350457706591,120.0,0.0,0.0,0.0,1730.0,1730.0,1905.350457706591,1905.350457706591,550.0,1722.17585876147,0.0,0,0,0,1
S1,continuous,D,162,47,1620.0,1740.0,1777.2658480913362,1777.2658480913362,1804.6010594991928,120.0,0.0,0.0,0.0,1740.0,1740.0,1794.6010594991928,1794.6010594991928,350.0,1353.6060504764996,0.0,0,0,0,1
S1,continuous,D,163,35,1630.0,1690.0,1774.0872030841967,1774.0872030841967,1877.7903362021939,60.0,0.0,0.0,0.0,1690.0,1690.0,1867.7903362021939,1867.7903362021939,600.0,1355.324501051949,0.0,0,0,0,1
S1,continuous,D,164,73,1640.0,1820.0,1900.0890201065297,1900.0890201065297,1983.7921532245268,180.0,0.0,0.0,0.0,1820.0,1820.0,1973.7921532245268,1973.7921532245268,500.0,1157.068222298903,0.0,0,0,0,1
S1,continuous,D,165,65,1650.0,1830.0,1906.7370071984772,1906.7370071984772,2000.4401403164743,180.0,0.0,0.0,0.0,1830.0,1830.0,1990.4401403164743,1990.4401403164743,550.0,1850.189599503255,0.0,0,0,0,1
S1,continuous,D,166,69,1660.0,1720.0,1780.2949971773626,1780.2949971773626,1819.0435611676562,60.0,0.0,0.0,0.0,1720.0,1720.0,1809.0435611676562,1809.0435611676562,350.0,1095.3558116394252,0.0,0,0,0,1
S1,continuous,D,167,31,1670.0,1790.0,1856.7370071984772,1856.7370071984772,1940.4401403164743,120.0,0.0,0.0,0.0,1790.0,1790.0,1930.4401403164743,1930.4401403164743,500.0,1750.189599503255,0.0,0,0,0,1
S1,continuous,D,168,10,1680.0,1980.0,2031.6473245885938,2031.6473245885938,2085.350457706591,300.0,0.0,0.0,0.0,1980.0,1980.0,2075.350457706591,2075.350457706591,350.0,1322.17585876147,0.0,0,0,0,1
S1,continuous,D,169,9,1690.0,1690.0,1780.4551247943373,1780.4551247943373,1837.7903362021939,0.0,0.0,0.0,0.0,1690.0,1690.0,1827.7903362021939,1827.7903362021939,500.0,1155.324501051949,0.0,0,0,0,1
S1,continuous,D,170,74,1700.0,1940.0,1991.6473245885938,1991.6473245885938,2045.350457706591,240.0,0.0,0.0,0.0,1940.0,1940.0,2035.350457706591,2035.350457706591,350.0,1322.17585876147,0.0,0,0,0,1
S1,continuous,D,171,0,1710.0,1950.0,2000.2949971773626,2000.2949971773626,2029.0435611676562,240.0,0.0,0.0,0.0,1950.0,1950.0,2019.0435611676562,2019.0435611676562,300.0,995.355811639425,0.0,0,0,0,0
S1,continuous,D,172,38,1720.0,1960.0,2011.6473245885938,2011.6473245885938,2065.350457706591,240.0,0.0,0.0,0.0,1960.0,1960.0,2055.350457706591,2055.350457706591,350.0,1322.17585876147,0.0,0,0,0,1
S1,continuous,D,173,5,1730.0,1730.0,1792.3822556067662,1792.3822556067662,1841.1308195970598,0.0,0.0,0.0,0.0,1730.0,1730.0,1831.1308195970598,1831.1308195970598,400.0,1035.1777433428265,0.0,0,0,0,1
S1,continuous,D,174,70,1740.0,1740.0,1786.6852306147027,1786.6852306147027,1850.311709993556,0.0,0.0,0.0,0.0,1740.0,1740.0,1840.311709993556,1840.311709993556,350.0,1040.9863251396716,0.0,0,0,0,1
S1,continuous,D,175,49,1750.0,1750.0,1804.6212630905045,1804.6212630905045,1818.5191381600578,0.0,0.0,0.0,0.0,1750.0,1750.0,1808.5191381600578,1808.5191381600578,350.0,960.1914643216708,0.0,0,0,0,1
S1,continuous,D,176,27,1760.0,1760.0,1804.5448826325028,1804.5448826325028,1839.1510791253631,0.0,0.0,0.0,0.0,1760.0,1760.0,1829.1510791253631,1829.1510791253631,300.0,641.3030044949385,0.0,0,0,0,0
S1,continuous,D,177,60,1770.0,1890.0,1936.5954138101058,1936.5954138101058,2020.221893188959,120.0,0.0,0.0,0.0,1890.0,1890.0,2010.221893188959,2010.221893188959,450.0,1023.7001049161104,0.0,0,0,0,1
S1,continuous,D,178,28,1780.0,1900.0,1906.1554340989474,1906.1554340989474,1959.7819134778006,120.0,0.0,0.0,0.0,1900.0,1900.0,1949.7819134778006,1949.7819134778006,300.0,438.125707534966,0.0,0,0,0,0
S1,continuous,D,179,32,1790.0,2030.0,2081.647324588594,2081.647324588594,2135.350457706591,240.0,0.0,0.0,0.0,2030.0,2030.0,2125.350457706591,2125.350457706591,350.0,1322.17585876147,0.0,0,0,0,1
S1,continuous,D,180,66,1800.0,1860.0,1904.047656050784,1904.047656050784,1924.6010594991928,60.0,0.0,0.0,0.0,1860.0,1860.0,1914.6010594991928,1914.6010594991928,350.0,1353.6060504764996,0.0,0,0,0,1
S1,continuous,D,181,52,1810.0,1990.0,2045.8840384082473,2045.8840384082473,2049.7819134778006,180.0,0.0,0.0,0.0,1990.0,1990.0,2045.8840384082473,2045.8840384082473,300.0,438.125707534966,0.0,0,0,0,0
S1,continuous,D,182,11,1820.0,1820.0,1860.269171761469,1860.269171761469,1874.1670468310222,0.0,0.0,0.0,0.0,1820.0,1820.0,1864.1670468310222,1864.1670468310222,350.0,1068.4294559612006,0.0,0,0,0,1
S1,continuous,D,183,61,1830.0,1830.0,1919.8867368680656,1919.8867368680656,1960.4401403164743,0.0,0.0,0.0,0.0,1830.0,1830.0,1950.4401403164743,1950.4401403164743,450.0,1650.1895995032548,0.0,0,0,0,1
S1,continuous,D,184,37,1840.0,1900.0,1955.5159966408744,1955.5159966408744,1982.851208048731,60.0,0.0,0.0,0.0,1900.0,1900.0,1972.851208048731,1972.851208048731,350.0,1087.0270493711937,0.0,0,0,0,1
S1,continuous,D,185,16,1850.0,2150.0,2197.6189663228147,2197.6189663228147,2238.181995838537,300.0,0.0,0.0,0.0,2150.0,2150.0,2228.181995838537,2228.181995838537,300.0,682.3863601564473,0.0,0,0,0,0
S1,continuous,D,186,9,1860.0,1980.0,2018.119040148842,2018.119040148842,2066.867604139136,120.0,0.0,0.0,0.0,1980.0,1980.0,2056.867604139136,2056.867604139136,400.0,900.8856172223923,0.0,0,0,0,1
S1,continuous,D,187,34,1870.0,1930.0,1976.5954138101058,1976.5954138101058,2060.2218931889593,60.0,0.0,0.0,0.0,1930.0,1930.0,2050.2218931889593,2050.2218931889593,450.0,1023.7001049161104,0.0,0,0,0,1
S1,continuous,D,188,68,1880.0,1940.0,2017.3487762121756,2017.3487762121756,2100.975255591029,60.0,0.0,0.0,0.0,1940.0,1940.0,2090.975255591029,2090.975255591029,450.0,1223.3306575697493,0.0,0,0,0,1
S1,continuous,D,189,14,1890.0,1950.0,2032.3822556067662,2032.3822556067662,2101.13081959706,60.0,0.0,0.0,0.0,1950.0,1950.0,2091.13081959706,2091.13081959706,500.0,1235.1777433428265,0.0,0,0,0,1
S1,continuous,D,190,25,1900.0,2020.0,2077.363836041113,2077.363836041113,2097.9172394895213,120.0,0.0,0.0,0.0,2020.0,2020.0,2087.9172394895213,2087.9172394895213,350.0,1176.3073029231862,0.0,0,0,0,1
S1,continuous,D,191,23,1910.0,2150.0,2205.216002437358,2205.216002437358,2232.5512138452145,240.0,0.0,0.0,0.0,2150.0,2150.0,2222.5512138452145,2222.5512138452145,350.0,1428.2481067950264,0.0,0,0,0,1
S1,continuous,D,192,67,1920.0,2220.0,2284.354019370104,2284.354019370104,2347.9804987489574,300.0,0.0,0.0,0.0,2220.0,2220.0,2337.9804987489574,2337.9804987489574,350.0,1296.707145958069,0.0,0,0,0,1
S1,continuous,D,193,62,1930.0,2110.0,2169.185956731666,2169.185956731666,2213.7921532245264,180.0,0.0,0.0,0.0,2110.0,2110.0,2203.7921532245264,2203.7921532245264,350.0,857.068222298903,0.0,0,0,0,1
S1,continuous,D,194,49,1940.0,1940.0,2018.2450115558706,2018.2450115558706,2102.851208048731,0.0,0.0,0.0,0.0,1940.0,1940.0,2092.851208048731,2092.851208048731,550.0,1487.0270493711937,0.0,0,0,0,1
S1,continuous,D,195,20,1950.0,2070.0,2108.480531651934,2108.480531651934,2149.0435611676567,120.0,0.0,0.0,0.0,2070.0,2070.0,2139.0435611676567,2139.0435611676567,300.0,995.355811639425,0.0,0,0,0,0
S1,continuous,D,196,17,1960.0,1960.0,2016.1554340989474,2016.1554340989474,2119.7819134778006,0.0,0.0,0.0,0.0,1960.0,1960.0,2109.7819134778006,2109.7819134778006,550.0,938.125707534966,0.0,0,0,0,1
S1,continuous,D,197,69,1970.0,2270.0,2308.5880496096406,2308.5880496096406,2349.151079125363,300.0,0.0,0.0,0.0,2270.0,2270.0,2339.151079125363,2339.151079125363,300.0,641.3030044949385,0.0,0,0,0,0
S1,continuous,D,198,27,1980.0,2280.0,2339.185956731666,2339.185956731666,2383.7921532245264,300.0,0.0,0.0,0.0,2280.0,2280.0,2373.7921532245264,2373.7921532245264,350.0,857.068222298903,0.0,0,0,0,1
S1,continuous,D,199,29,1990.0,1990.0,2052.8391607122535,2052.8391607122535,2073.392564160662,0.0,0.0,0.0,0.0,1990.0,1990.0,2063.392564160662,2063.392564160662,350.0,1173.9909112560576,0.0,0,0,0,1
S1,continuous,D,200,18,2000.0,2060.0,2117.713548711842,2117.713548711842,2145.0487601196987,60.0,0.0,0.0,0.0,2060.0,2060.0,2135.0487601196987,2135.0487601196987,350.0,866.1924843592033,0.0,0,0,0,1
S1,continuous,D,201,19,2010.0,2010.0,2047.2658480913362,2047.2658480913362,2074.6010594991926,0.0,0.0,0.0,0.0,2010.0,2010.0,2064.6010594991926,2064.6010594991926,350.0,1353.6060504764996,0.0,0,0,0,1
S1,continuous,D,202,65,2020.0,2140.0,2176.0646522856728,2176.0646522856728,2179.962527355226,120.0,0.0,0.0,0.0,2140.0,2140.0,2176.0646522856728,2176.0646522856728,300.0,650.9714149911492,0.0,0,0,0,0
S1,continuous,D,203,15,2030.0,2210.0,2246.0646522856728,2246.0646522856728,2249.962527355226,180.0,0.0,0.0,0.0,2210.0,2210.0,2246.0646522856728,2246.0646522856728,300.0,650.9714149911492,0.0,0,0,0,0
S1,continuous,D,204,35,2040.0,2160.0,2242.2670698891698,2242.2670698891698,2296.87326638203,120.0,0.0,0.0,0.0,2160.0,2160.0,2286.87326638203,2286.87326638203,400.0,1217.202746713004,0.0,0,0,0,1
S1,continuous,D,205,0,2050.0,2110.0,2148.245011555871,2148.245011555871,2192.851208048731,60.0,0.0,0.0,0.0,2110.0,2110.0,2182.851208048731,2182.851208048731,350.0,1087.0270493711937,0.0,0,0,0,1
S1,continuous,D,206,57,2060.0,2180.0,2250.412226075306,2250.412226075306,2300.9752555910286,120.0,0.0,0.0,0.0,2180.0,2180.0,2290.9752555910286,2290.9752555910286,350.0,1023.3306575697493,0.0,0,0,0,1
S1,continuous,D,207,40,2070.0,2070.0,2135.5159966408746,2135.5159966408746,2172.851208048731,0.0,0.0,0.0,0.0,2070.0,2070.0,2162.851208048731,2162.851208048731,400.0,1187.0270493711937,0.0,0,0,0,1
S1,continuous,D,208,43,2080.0,2320.0,2390.0890201065295,2390.0890201065295,2463.7921532245264,240.0,0.0,0.0,0.0,2320.0,2320.0,2453.7921532245264,2453.7921532245264,450.0,1057.068222298903,0.0,0,0,0,1
S1,continuous,D,209,39,2090.0,2330.0,2394.354019370104,2394.354019370104,2457.9804987489574,240.0,0.0,0.0,0.0,2330.0,2330.0,2447.9804987489574,2447.9804987489574,350.0,1296.707145958069,0.0,0,0,0,1
S1,continuous,D,210,37,2100.0,2100.0,2107.6849012110883,2107.6849012110883,2118.238304659497,0.0,0.0,0.0,0.0,2100.0,2100.0,2108.238304659497,2108.238304659497,300.0,324.7248020254959,0.0,0,0,0,0
S1,continuous,D,211,63,2110.0,2170.0,2203.311042996661,2203.311042996661,2247.9172394895213,60.0,0.0,0.0,0.0,2170.0,2170.0,2237.9172394895213,2237.9172394895213,350.0,1176.307302923186,0.0,0,0,0,1
S1,continuous,D,212,10,2120.0,2180.0,2274.4788627205403,2274.4788627205403,2368.181995838537,60.0,0.0,0.0,0.0,2180.0,2180.0,2358.181995838537,2358.181995838537,550.0,1182.3863601564472,0.0,0,0,0,1
S1,continuous,D,213,38,2130.0,2130.0,2183.912941667197,2183.912941667197,2258.5191381600575,0.0,0.0,0.0,0.0,2130.0,2130.0,2248.5191381600575,2248.5191381600575,500.0,1260.1914643216708,0.0,0,0,0,1
S1,continuous,D,214,36,2140.0,2380.0,2424.544882632503,2424.544882632503,2459.151079125363,240.0,0.0,0.0,0.0,2380.0,2380.0,2449.151079125363,2449.151079125363,300.0,641.3030044949385,0.0,0,0,0,0
S1,continuous,D,215,70,2150.0,2150.0,2216.1554340989474,2216.1554340989474,2329.7819134778006,0.0,0.0,0.0,0.0,2150.0,2150.0,2319.7819134778006,2319.7819134778006,600.0,1038.1257075349658,0.0,0,0,0,1
S1,continuous,D,216,64,2160.0,2400.0,2465.5159966408746,2465.5159966408746,2502.851208048731,240.0,0.0,0.0,0.0,2400.0,2400.0,2492.851208048731,2492.851208048731,400.0,1187.0270493711937,0.0,0,0,0,1
S1,continuous,D,217,34,2170.0,2350.0,2357.6849012110883,2357.6849012110883,2368.238304659497,180.0,0.0,0.0,0.0,2350.0,2350.0,2358.238304659497,2358.238304659497,300.0,324.7248020254959,0.0,0,0,0,0
S1,continuous,D,218,19,2180.0,2240.0,2278.5880496096406,2278.5880496096406,2319.151079125363,60.0,0.0,0.0,0.0,2240.0,2240.0,2309.151079125363,2309.151079125363,300.0,641.3030044949385,0.0,0,0,0,0
S1,continuous,D,219,40,2190.0,2190.0,2268.0371030035185,2268.0371030035185,2371.6635823823717,0.0,0.0,0.0,0.0,2190.0,2190.0,2361.6635823823717,2361.6635823823717,550.0,1568.267893644356,0.0,0,0,0,1
S1,continuous,D,220,53,2200.0,2440.0,2518.5880496096406,2518.5880496096406,2599.151079125363,240.0,0.0,0.0,0.0,2440.0,2440.0,2589.151079125363,2589.151079125363,500.0,1041.3030044949385,0.0,0,0,0,1
S1,continuous,D,221,29,2210.0,2210.0,2260.294997177363,2260.294997177363,2289.0435611676567,0.0,0.0,0.0,0.0,2210.0,2210.0,2279.0435611676567,2279.0435611676567,300.0,995.355811639425,0.0,0,0,0,0
S1,continuous,D,222,58,2220.0,2340.0,2416.5246231041997,2416.5246231041997,2491.13081959706,120.0,0.0,0.0,0.0,2340.0,2340.0,2481.13081959706,2481.13081959706,500.0,1235.1777433428265,0.0,0,0,0,1
S1,continuous,D,223,0,2230.0,2230.0,2306.737007198477,2306.737007198477,2400.440140316474,0.0,0.0,0.0,0.0,2230.0,2230.0,2390.440140316474,2390.440140316474,550.0,1850.189599503255,0.0,0,0,0,1
S1,continuous,D,224,20,2240.0,2360.0,2449.6684897405503,2449.6684897405503,2490.221893188959,120.0,0.0,0.0,0.0,2360.0,2360.0,2480.221893188959,2480.221893188959,450.0,1023.7001049161106,0.0,0,0,0,1
S1,continuous,D,225,50,2250.0,2430.0,2492.8391607122535,2492.8391607122535,2513.392564160662,180.0,0.0,0.0,0.0,2430.0,2430.0,2503.392564160662,2503.392564160662,350.0,1173.9909112560576,0.0,0,0,0,1
S1,continuous,D,226,49,2260.0,2500.0,2566.601893716297,2566.601893716297,2605.350457706591,240.0,0.0,0.0,0.0,2500.0,2500.0,2595.350457706591,2595.350457706591,350.0,1322.17585876147,0.0,0,0,0,1
S1,continuous,D,227,46,2270.0,2570.0,2629.185956731666,2629.185956731666,2673.7921532245264,300.0,0.0,0.0,0.0,2570.0,2570.0,2663.7921532245264,2663.7921532245264,350.0,857.068222298903,0.0,0,0,0,1
S1,continuous,D,228,3,2280.0,2520.0,2573.246787003177,2573.246787003177,2636.87326638203,240.0,0.0,0.0,0.0,2520.0,2520.0,2626.87326638203,2626.87326638203,350.0,1117.202746713004,0.0,0,0,0,1
S1,continuous,D,229,4,2290.0,2290.0,2332.8295346449395,2332.8295346449395,2393.392564160662,0.0,0.0,0.0,0.0,2290.0,2290.0,2383.392564160662,2383.392564160662,400.0,1273.9909112560574,0.0,0,0,0,1
S1,continuous,D,230,15,2300.0,2480.0,2491.213963364932,2491.213963364932,2519.962527355226,180.0,0.0,0.0,0.0,2480.0,2480.0,2509.962527355226,2509.962527355226,300.0,650.9714149911492,0.0,0,0,0,0
S1,continuous,D,231,28,2310.0,2310.0,2364.087203084197,2364.087203084197,2437.790336202194,0.0,0.0,0.0,0.0,2310.0,2310.0,2427.790336202194,2427.790336202194,450.0,1055.324501051949,0.0,0,0,0,1
S1,continuous,D,232,24,2320.0,2320.0,2388.480531651934,2388.480531651934,2459.0435611676567,0.0,0.0,0.0,0.0,2320.0,2320.0,2449.0435611676567,2449.0435611676567,450.0,1295.3558116394252,0.0,0,0,0,1
S1,continuous,D,233,71,2330.0,2390.0,2430.269171761469,2430.269171761469,2444.167046831022,60.0,0.0,0.0,0.0,2390.0,2390.0,2434.167046831022,2434.167046831022,350.0,1068.4294559612006,0.0,0,0,0,1
S1,continuous,D,234,73,2340.0,2340.0,2390.294997177363,2390.294997177363,2419.0435611676567,0.0,0.0,0.0,0.0,2340.0,2340.0,2409.0435611676567,2409.0435611676567,300.0,995.355811639425,0.0,0,0,0,0
S1,continuous,D,235,9,2350.0,2470.0,2527.3487762121754,2527.3487762121754,2590.9752555910286,120.0,0.0,0.0,0.0,2470.0,2470.0,2580.9752555910286,2580.9752555910286,350.0,1023.3306575697493,0.0,0,0,0,1
S1,continuous,D,236,65,2360.0,2360.0,2422.8295346449395,2422.8295346449395,2503.392564160662,0.0,0.0,0.0,0.0,2360.0,2360.0,2493.392564160662,2493.392564160662,500.0,1473.9909112560574,0.0,0,0,0,1
S1,continuous,D,237,10,2370.0,2370.0,2444.485730603976,2444.485730603976,2535.0487601196987,0.0,0.0,0.0,0.0,2370.0,2370.0,2525.0487601196987,2525.0487601196987,550.0,1266.1924843592033,0.0,0,0,0,1
S1,continuous,D,238,59,2380.0,2560.0,2619.351259395768,2619.351259395768,2633.2491344653213,180.0,0.0,0.0,0.0,2560.0,2560.0,2623.2491344653213,2623.2491344653213,350.0,908.1865149294221,0.0,0,0,0,1
S1,continuous,D,239,2,2390.0,2510.0,2573.8026498549207,2573.8026498549207,2632.5512138452145,120.0,0.0,0.0,0.0,2510.0,2510.0,2622.5512138452145,2622.5512138452145,450.0,1628.2481067950264,0.0,0,0,0,1
S1,continuous,D,240,37,2400.0,2400.0,2446.1554340989474,2446.1554340989474,2539.7819134778006,0.0,0.0,0.0,0.0,2400.0,2400.0,2529.7819134778006,2529.7819134778006,500.0,838.1257075349661,0.0,0,0,0,1
S1,continuous,D,241,18,2410.0,2410.0,2424.3404295899436,2424.3404295899436,2428.238304659497,0.0,0.0,0.0,0.0,2410.0,2410.0,2424.3404295899436,2424.3404295899436,300.0,324.72480202549593,0.0,0,0,0,0
S1,continuous,D,242,52,2420.0,2660.0,2731.5631460032623,2731.5631460032623,2770.311709993556,240.0,0.0,0.0,0.0,2660.0,2660.0,2760.311709993556,2760.311709993556,350.0,1040.9863251396716,0.0,0,0,0,1
S1,continuous,D,243,35,2430.0,2550.0,2607.363836041113,2607.363836041113,2627.9172394895213,120.0,0.0,0.0,0.0,2550.0,2550.0,2617.9172394895213,2617.9172394895213,350.0,1176.3073029231862,0.0,0,0,0,1
S1,continuous,D,244,12,2440.0,2440.0,2510.269171761469,2510.269171761469,2554.167046831022,0.0,0.0,0.0,0.0,2440.0,2440.0,2544.167046831022,2544.167046831022,500.0,1368.4294559612006,0.0,0,0,0,1
S1,continuous,D,245,57,2450.0,2690.0,2745.8840384082473,2745.8840384082473,2749.7819134778006,240.0,0.0,0.0,0.0,2690.0,2690.0,2745.8840384082473,2745.8840384082473,300.0,438.125707534966,0.0,0,0,0,0
S1,continuous,D,246,38,2460.0,2520.0,2586.4011013591016,2586.4011013591016,2600.298976428655,60.0,0.0,0.0,0.0,2520.0,2520.0,2590.298976428655,2590.298976428655,350.0,1184.5362570113905,0.0,0,0,0,1
S1,continuous,D,247,48,2470.0,2650.0,2719.351259395768,2719.351259395768,2743.2491344653213,180.0,0.0,0.0,0.0,2650.0,2650.0,2733.2491344653213,2733.2491344653213,400.0,1008.1865149294221,0.0,0,0,0,1
S1,continuous,D,248,26,2480.0,2720.0,2779.351259395768,2779.351259395768,2793.2491344653213,240.0,0.0,0.0,0.0,2720.0,2720.0,2783.2491344653213,2783.2491344653213,350.0,908.1865149294221,0.0,0,0,0,1
S1,continuous,D,249,42,2490.0,2490.0,2528.480531651934,2528.480531651934,2569.0435611676567,0.0,0.0,0.0,0.0,2490.0,2490.0,2559.0435611676567,2559.0435611676567,300.0,995.355811639425,0.0,0,0,0,0
S1,continuous,D,250,30,2500.0,2620.0,2679.351259395768,2679.351259395768,2693.2491344653213,120.0,0.0,0.0,0.0,2620.0,2620.0,2683.2491344653213,2683.2491344653213,350.0,908.1865149294221,0.0,0,0,0,1
S1,continuous,D,251,39,2510.0,2630.0,2717.363836041113,2717.363836041113,2767.9172394895213,120.0,0.0,0.0,0.0,2630.0,2630.0,2757.9172394895213,2757.9172394895213,500.0,1476.3073029231862,0.0,0,0,0,1
S1,continuous,D,252,25,2520.0,2580.0,2630.269171761469,2630.269171761469,2654.167046831022,60.0,0.0,0.0,0.0,2580.0,2580.0,2644.167046831022,2644.167046831022,400.0,1168.4294559612006,0.0,0,0,0,1
S1,continuous,D,253,73,2530.0,2770.0,2796.595843310658,2796.595843310658,2850.298976428655,240.0,0.0,0.0,0.0,2770.0,2770.0,2840.298976428655,2840.298976428655,350.0,1184.5362570113907,0.0,0,0,0,1
S1,continuous,D,254,20,2540.0,2780.0,2854.328370974515,2854.328370974515,2881.6635823823717,240.0,0.0,0.0,0.0,2780.0,2780.0,2871.6635823823717,2871.6635823823717,350.0,1168.267893644356,0.0,0,0,0,1
S1,continuous,D,255,64,2550.0,2550.0,2584.087203084197,2584.087203084197,2637.790336202194,0.0,0.0,0.0,0.0,2550.0,2550.0,2627.790336202194,2627.790336202194,350.0,855.324501051949,0.0,0,0,0,1
S1,continuous,D,256,60,2560.0,2620.0,2646.595843310658,2646.595843310658,2700.298976428655,60.0,0.0,0.0,0.0,2620.0,2620.0,2690.298976428655,2690.298976428655,350.0,1184.5362570113907,0.0,0,0,0,1
S1,continuous,D,257,71,2570.0,2630.0,2668.245011555871,2668.245011555871,2712.851208048731,60.0,0.0,0.0,0.0,2630.0,2630.0,2702.851208048731,2702.851208048731,350.0,1087.0270493711937,0.0,0,0,0,1
S1,continuous,D,258,43,2580.0,2700.0,2757.713548711842,2757.713548711842,2785.0487601196987,120.0,0.0,0.0,0.0,2700.0,2700.0,2775.0487601196987,2775.0487601196987,350.0,866.1924843592033,0.0,0,0,0,1
S1,continuous,D,259,28,2590.0,2590.0,2646.737007198477,2646.737007198477,2720.440140316474,0.0,0.0,0.0,0.0,2590.0,2590.0,2710.440140316474,2710.440140316474,450.0,1650.189599503255,0.0,0,0,0,1
S1,continuous,D,260,66,2600.0,2660.0,2715.216002437358,2715.216002437358,2742.5512138452145,60.0,0.0,0.0,0.0,2660.0,2660.0,2732.5512138452145,2732.5512138452145,350.0,1428.2481067950264,0.0,0,0,0,1
S1,continuous,D,261,16,2610.0,2730.0,2799.6684897405503,2799.6684897405503,2820.221893188959,120.0,0.0,0.0,0.0,2730.0,2730.0,2810.221893188959,2810.221893188959,350.0,823.7001049161106,0.0,0,0,0,1
S1,continuous,D,262,47,2620.0,2620.0,2691.647324588594,2691.647324588594,2765.350457706591,0.0,0.0,0.0,0.0,2620.0,2620.0,2755.350457706591,2755.350457706591,450.0,1522.17585876147,0.0,0,0,0,1
S1,continuous,D,263,45,2630.0,2750.0,2806.5954138101056,2806.5954138101056,2900.221893188959,120.0,0.0,0.0,0.0,2750.0,2750.0,2890.221893188959,2890.221893188959,500.0,1123.7001049161104,0.0,0,0,0,1
S1,continuous,D,264,72,2640.0,2820.0,2831.213963364932,2831.213963364932,2859.962527355226,180.0,0.0,0.0,0.0,2820.0,2820.0,2849.962527355226,2849.962527355226,300.0,650.9714149911492,0.0,0,0,0,0
S1,continuous,D,265,19,2650.0,2710.0,2764.485730603976,2764.485730603976,2835.0487601196987,60.0,0.0,0.0,0.0,2710.0,2710.0,2825.0487601196987,2825.0487601196987,450.0,1066.1924843592033,0.0,0,0,0,1
S1,continuous,D,266,15,2660.0,2780.0,2824.4788627205403,2824.4788627205403,2868.181995838537,120.0,0.0,0.0,0.0,2780.0,2780.0,2858.181995838537,2858.181995838537,300.0,682.3863601564473,0.0,0,0,0,0
S1,continuous,D,267,9,2670.0,2790.0,2836.5954138101056,2836.5954138101056,2920.221893188959,120.0,0.0,0.0,0.0,2790.0,2790.0,2910.221893188959,2910.221893188959,450.0,1023.7001049161104,0.0,0,0,0,1
S1,continuous,D,268,21,2680.0,2920.0,2986.601893716297,2986.601893716297,3025.350457706591,240.0,0.0,0.0,0.0,2920.0,2920.0,3015.350457706591,3015.350457706591,350.0,1322.17585876147,0.0,0,0,0,1
S1,continuous,D,269,53,2690.0,2870.0,2929.185956731666,2929.185956731666,2973.7921532245264,180.0,0.0,0.0,0.0,2870.0,2870.0,2963.7921532245264,2963.7921532245264,350.0,857.068222298903,0.0,0,0,0,1
S1,continuous,D,270,18,2700.0,2760.0,2815.216002437358,2815.216002437358,2842.5512138452145,60.0,0.0,0.0,0.0,2760.0,2760.0,2832.5512138452145,2832.5512138452145,350.0,1428.2481067950264,0.0,0,0,0,1
S1,continuous,D,271,65,2710.0,2890.0,2964.4788627205403,2964.4788627205403,3038.181995838537,180.0,0.0,0.0,0.0,2890.0,2890.0,3028.181995838537,3028.181995838537,450.0,982.3863601564473,0.0,0,0,0,1
S1,continuous,D,272,38,2720.0,2960.0,3031.5631460032623,3031.5631460032623,3070.311709993556,240.0,0.0,0.0,0.0,2960.0,2960.0,3060.311709993556,3060.311709993556,350.0,1040.9863251396716,0.0,0,0,0,1
S1,continuous,D,273,49,2730.0,2790.0,2847.363836041113,2847.363836041113,2867.9172394895213,60.0,0.0,0.0,0.0,2790.0,2790.0,2857.9172394895213,2857.9172394895213,350.0,1176.3073029231862,0.0,0,0,0,1
S1,continuous,D,274,2,2740.0,2860.0,2902.8295346449395,2902.8295346449395,2963.392564160662,120.0,0.0,0.0,0.0,2860.0,2860.0,2953.392564160662,2953.392564160662,400.0,1273.9909112560574,0.0,0,0,0,1
S1,continuous,D,275,50,2750.0,2750.0,2820.0890201065295,2820.0890201065295,2893.7921532245264,0.0,0.0,0.0,0.0,2750.0,2750.0,2883.7921532245264,2883.7921532245264,450.0,1057.068222298903,0.0,0,0,0,1
S1,continuous,D,276,33,2760.0,2940.0,2986.595843310658,2986.595843310658,3060.298976428655,180.0,0.0,0.0,0.0,2940.0,2940.0,3050.298976428655,3050.298976428655,450.0,1384.5362570113907,0.0,0,0,0,1
S1,continuous,D,277,37,2770.0,2830.0,2887.265848091336,2887.265848091336,2934.6010594991926,60.0,0.0,0.0,0.0,2830.0,2830.0,2924.6010594991926,2924.6010594991926,450.0,1553.6060504764996,0.0,0,0,0,1
S1,continuous,D,278,14,2780.0,3020.0,3082.8391607122535,3082.8391607122535,3103.392564160662,240.0,0.0,0.0,0.0,3020.0,3020.0,3093.392564160662,3093.392564160662,350.0,1173.9909112560576,0.0,0,0,0,1
S1,continuous,D,279,8,2790.0,2850.0,2907.363836041113,2907.363836041113,2927.9172394895213,60.0,0.0,0.0,0.0,2850.0,2850.0,2917.9172394895213,2917.9172394895213,350.0,1176.3073029231862,0.0,0,0,0,1
S1,continuous,D,280,12,2800.0,2980.0,3034.4788627205403,3034.4788627205403,3088.181995838537,180.0,0.0,0.0,0.0,2980.0,2980.0,3078.181995838537,3078.181995838537,350.0,782.3863601564473,0.0,0,0,0,1
S1,continuous,D,281,17,2810.0,2870.0,2888.162353729606,2888.162353729606,2916.9109177198998,60.0,0.0,0.0,0.0,2870.0,2870.0,2906.9109177198998,2906.9109177198998,300.0,703.7731892733296,2.887572050937365,1,0,1,0
S1,continuous,D,282,74,2820.0,2820.0,2877.713548711842,2877.713548711842,2905.0487601196987,0.0,0.0,0.0,0.0,2820.0,2820.0,2895.0487601196987,2895.0487601196987,350.0,866.1924843592033,0.0,0,0,0,1
S1,continuous,D,283,67,2830.0,2950.0,3016.737007198477,3016.737007198477,3100.440140316474,120.0,0.0,0.0,0.0,2950.0,2950.0,3090.440140316474,3090.440140316474,500.0,1750.189599503255,0.0,0,0,0,1
S1,continuous,D,284,51,2840.0,2900.0,2911.213963364932,2911.213963364932,2939.962527355226,60.0,0.0,0.0,0.0,2900.0,2900.0,2929.962527355226,2929.962527355226,300.0,650.9714149911492,0.0,0,0,0,0
S1,continuous,D,285,3,2850.0,3030.0,3101.647324588594,3101.647324588594,3175.350457706591,180.0,0.0,0.0,0.0,3030.0,3030.0,3165.350457706591,3165.350457706591,450.0,1522.17585876147,0.0,0,0,0,1
S1,continuous,D,286,22,2860.0,3160.0,3229.8867368680653,3229.8867368680653,3250.440140316474,300.0,0.0,0.0,0.0,3160.0,3160.0,3240.440140316474,3240.440140316474,350.0,1450.1895995032548,0.0,0,0,0,1
S1,continuous,D,287,26,2870.0,2870.0,2927.363836041113,2927.363836041113,2947.9172394895213,0.0,0.0,0.0,0.0,2870.0,2870.0,2937.9172394895213,2937.9172394895213,350.0,1176.3073029231862,0.0,0,0,0,1
S1,continuous,D,288,60,2880.0,3000.0,3007.6849012110883,3007.6849012110883,3018.238304659497,120.0,0.0,0.0,0.0,3000.0,3000.0,3008.238304659497,3008.238304659497,300.0,324.7248020254959,0.0,0,0,0,0
S1,continuous,D,289,46,2890.0,3070.0,3103.311042996661,3103.311042996661,3147.9172394895213,180.0,0.0,0.0,0.0,3070.0,3070.0,3137.9172394895213,3137.9172394895213,350.0,1176.307302923186,0.0,0,0,0,1
S1,continuous,D,290,10,2900.0,2960.0,3026.595843310658,3026.595843310658,3120.298976428655,60.0,0.0,0.0,0.0,2960.0,2960.0,3110.298976428655,3110.298976428655,550.0,1584.5362570113907,0.0,0,0,0,1
S1,continuous,D,291,54,2910.0,3030.0,3083.246787003177,3083.246787003177,3146.87326638203,120.0,0.0,0.0,0.0,3030.0,3030.0,3136.87326638203,3136.87326638203,350.0,1117.202746713004,0.0,0,0,0,1
S1,continuous,D,292,6,2920.0,3100.0,3170.0890201065295,3170.0890201065295,3243.7921532245264,180.0,0.0,0.0,0.0,3100.0,3100.0,3233.7921532245264,3233.7921532245264,450.0,1057.068222298903,0.0,0,0,0,1
S1,continuous,D,293,17,2930.0,2930.0,2974.4788627205403,2974.4788627205403,3018.181995838537,0.0,0.0,0.0,0.0,2930.0,2930.0,3008.181995838537,3008.181995838537,300.0,682.3863601564473,0.0,0,0,0,0
S1,continuous,D,294,5,2940.0,3000.0,3055.8840384082473,3055.8840384082473,3059.7819134778006,60.0,0.0,0.0,0.0,3000.0,3000.0,3055.8840384082473,3055.8840384082473,300.0,438.125707534966,0.0,0,0,0,0
S1,continuous,D,295,74,2950.0,3070.0,3134.544882632503,3134.544882632503,3189.151079125363,120.0,0.0,0.0,0.0,3070.0,3070.0,3179.151079125363,3179.151079125363,400.0,841.3030044949385,0.0,0,0,0,1
S1,continuous,D,296,50,2960.0,3140.0,3197.713548711842,3197.713548711842,3225.0487601196987,180.0,0.0,0.0,0.0,3140.0,3140.0,3215.0487601196987,3215.0487601196987,350.0,866.1924843592033,0.0,0,0,0,1
S1,continuous,D,297,68,2970.0,3030.0,3140.412226075306,3140.412226075306,3230.9752555910286,60.0,0.0,0.0,0.0,3030.0,3030.0,3220.9752555910286,3220.9752555910286,550.0,1423.3306575697493,0.0,0,0,0,1
S1,continuous,D,298,37,2980.0,2980.0,3043.8026498549207,3043.8026498549207,3102.5512138452145,0.0,0.0,0.0,0.0,2980.0,2980.0,3092.5512138452145,3092.5512138452145,450.0,1628.2481067950264,0.0,0,0,0,1
S1,continuous,D,299,32,2990.0,3110.0,3172.6861049495988,3172.6861049495988,3263.2491344653213,120.0,0.0,0.0,0.0,3110.0,3110.0,3253.2491344653213,3253.2491344653213,550.0,1308.1865149294222,0.0,0,0,0,1
S1,continuous,D,300,43,3000.0,3120.0,3166.5246231041997,3166.5246231041997,3211.13081959706,120.0,0.0,0.0,0.0,3120.0,3120.0,3201.13081959706,3201.13081959706,350.0,935.1777433428265,0.0,0,0,0,1
S1,continuous,D,301,56,3010.0,3190.0,3262.2670698891698,3262.2670698891698,3306.87326638203,180.0,0.0,0.0,0.0,3190.0,3190.0,3296.87326638203,3296.87326638203,350.0,1117.202746713004,0.0,0,0,0,1
S1,continuous,D,302,72,3020.0,3140.0,3166.8318354231656,3166.8318354231656,3194.167046831022,120.0,0.0,0.0,0.0,3140.0,3140.0,3184.167046831022,3184.167046831022,350.0,1068.4294559612006,0.0,0,0,0,1
S1,continuous,D,303,23,3030.0,3030.0,3052.6861049495988,3052.6861049495988,3103.2491344653213,0.0,0.0,0.0,0.0,3030.0,3030.0,3093.2491344653213,3093.2491344653213,350.0,908.1865149294221,0.0,0,0,0,1
S1,continuous,D,304,66,3040.0,3100.0,3168.245011555871,3168.245011555871,3242.851208048731,60.0,0.0,0.0,0.0,3100.0,3100.0,3232.851208048731,3232.851208048731,500.0,1387.0270493711937,0.0,0,0,0,1
S1,continuous,D,305,4,3050.0,3170.0,3181.213963364932,3181.213963364932,3209.962527355226,120.0,0.0,0.0,0.0,3170.0,3170.0,3199.962527355226,3199.962527355226,300.0,650.9714149911492,0.0,0,0,0,0
S1,continuous,D,306,69,3060.0,3180.0,3281.5631460032623,3281.5631460032623,3350.311709993556,120.0,0.0,0.0,0.0,3180.0,3180.0,3340.311709993556,3340.311709993556,500.0,1340.9863251396716,0.0,0,0,0,1
S1,continuous,D,307,36,3070.0,3070.0,3123.8026498549207,3123.8026498549207,3172.5512138452145,0.0,0.0,0.0,0.0,3070.0,3070.0,3162.5512138452145,3162.5512138452145,400.0,1528.2481067950264,0.0,0,0,0,1
S1,continuous,D,308,21,3080.0,3200.0,3255.5159966408746,3255.5159966408746,3282.851208048731,120.0,0.0,0.0,0.0,3200.0,3200.0,3272.851208048731,3272.851208048731,350.0,1087.0270493711937,0.0,0,0,0,1
S1,continuous,D,309,61,3090.0,3210.0,3253.912941667197,3253.912941667197,3318.5191381600575,120.0,0.0,0.0,0.0,3210.0,3210.0,3308.5191381600575,3308.5191381600575,450.0,1160.1914643216708,0.0,0,0,0,1
S1,continuous,D,310,45,3100.0,3280.0,3291.213963364932,3291.213963364932,3319.962527355226,180.0,0.0,0.0,0.0,3280.0,3280.0,3309.962527355226,3309.962527355226,300.0,650.9714149911492,0.0,0,0,0,0
S1,continuous,D,311,7,3110.0,3350.0,3376.595843310658,3376.595843310658,3430.298976428655,240.0,0.0,0.0,0.0,3350.0,3350.0,3420.298976428655,3420.298976428655,350.0,1184.5362570113907,0.0,0,0,0,1
S1,continuous,D,312,34,3120.0,3120.0,3134.3404295899436,3134.3404295899436,3138.238304659497,0.0,0.0,0.0,0.0,3120.0,3120.0,3134.3404295899436,3134.3404295899436,300.0,324.72480202549593,0.0,0,0,0,0
S1,continuous,D,313,42,3130.0,3190.0,3233.311042996661,3233.311042996661,3287.9172394895213,60.0,0.0,0.0,0.0,3190.0,3190.0,3277.9172394895213,3277.9172394895213,400.0,1276.307302923186,0.0,0,0,0,1
S1,continuous,D,314,25,3140.0,3140.0,3206.737007198477,3206.737007198477,3290.440140316474,0.0,0.0,0.0,0.0,3140.0,3140.0,3280.440140316474,3280.440140316474,500.0,1750.189599503255,0.0,0,0,0,1
S1,continuous,D,315,37,3150.0,3330.0,3353.912941667197,3353.912941667197,3398.5191381600575,180.0,0.0,0.0,0.0,3330.0,3330.0,3388.5191381600575,3388.5191381600575,350.0,960.1914643216708,0.0,0,0,0,1
S1,continuous,D,316,28,3160.0,3340.0,3374.485730603976,3374.485730603976,3425.0487601196987,180.0,0.0,0.0,0.0,3340.0,3340.0,3415.0487601196987,3415.0487601196987,350.0,866.1924843592033,0.0,0,0,0,1
S1,continuous,D,317,30,3170.0,3290.0,3357.713548711842,3357.713548711842,3395.0487601196987,120.0,0.0,0.0,0.0,3290.0,3290.0,3385.0487601196987,3385.0487601196987,400.0,966.1924843592033,0.0,0,0,0,1
S1,continuous,D,318,48,3180.0,3180.0,3239.351259395768,3239.351259395768,3253.2491344653213,0.0,0.0,0.0,0.0,3180.0,3180.0,3243.2491344653213,3243.2491344653213,350.0,908.1865149294221,0.0,0,0,0,1
S1,continuous,D,319,65,3190.0,3310.0,3346.737007198477,3346.737007198477,3400.440140316474,120.0,0.0,0.0,0.0,3310.0,3310.0,3390.440140316474,3390.440140316474,350.0,1450.189599503255,0.0,0,0,0,1
S1,continuous,D,320,51,3200.0,3380.0,3437.3487762121754,3437.3487762121754,3500.9752555910286,180.0,0.0,0.0,0.0,3380.0,3380.0,3490.9752555910286,3490.9752555910286,350.0,1023.3306575697493,0.0,0,0,0,1
S1,continuous,D,321,20,3210.0,3390.0,3397.6849012110883,3397.6849012110883,3408.238304659497,180.0,0.0,0.0,0.0,3390.0,3390.0,3398.238304659497,3398.238304659497,300.0,324.7248020254959,0.0,0,0,0,0
S1,continuous,D,322,26,3220.0,3280.0,3313.311042996661,3313.311042996661,3357.9172394895213,60.0,0.0,0.0,0.0,3280.0,3280.0,3347.9172394895213,3347.9172394895213,350.0,1176.307302923186,0.0,0,0,0,1
S1,continuous,D,323,11,3230.0,3230.0,3270.269171761469,3270.269171761469,3284.167046831022,0.0,0.0,0.0,0.0,3230.0,3230.0,3274.167046831022,3274.167046831022,350.0,1068.4294559612006,0.0,0,0,0,1
S1,continuous,D,324,64,3240.0,3240.0,3309.6684897405503,3309.6684897405503,3330.221893188959,0.0,0.0,0.0,0.0,3240.0,3240.0,3320.221893188959,3320.221893188959,350.0,823.7001049161106,0.0,0,0,0,1
S1,continuous,D,325,34,3250.0,3370.0,3439.6684897405503,3439.6684897405503,3460.221893188959,120.0,0.0,0.0,0.0,3370.0,3370.0,3450.221893188959,3450.221893188959,350.0,823.7001049161106,0.0,0,0,0,1
S1,continuous,D,326,74,3260.0,3260.0,3343.8026498549207,3343.8026498549207,3422.5512138452145,0.0,0.0,0.0,0.0,3260.0,3260.0,3412.5512138452145,3412.5512138452145,550.0,1828.2481067950264,0.0,0,0,0,1
S1,continuous,D,327,40,3270.0,3390.0,3404.3404295899436,3404.3404295899436,3408.238304659497,120.0,0.0,0.0,0.0,3390.0,3390.0,3404.3404295899436,3404.3404295899436,300.0,324.72480202549593,0.0,0,0,0,0
S1,continuous,D,328,14,3280.0,3340.0,3412.382255606766,3412.382255606766,3471.13081959706,60.0,0.0,0.0,0.0,3340.0,3340.0,3461.13081959706,3461.13081959706,450.0,1135.1777433428265,0.0,0,0,0,1
S1,continuous,D,329,16,3290.0,3350.0,3428.0371030035185,3428.0371030035185,3531.6635823823717,60.0,0.0,0.0,0.0,3350.0,3350.0,3521.6635823823717,3521.6635823823717,550.0,1568.267893644356,0.0,0,0,0,1
S1,continuous,D,330,44,3300.0,3300.0,3344.047656050784,3344.047656050784,3364.6010594991926,0.0,0.0,0.0,0.0,3300.0,3300.0,3354.6010594991926,3354.6010594991926,350.0,1353.6060504764996,0.0,0,0,0,1
S1,continuous,D,331,19,3310.0,3550.0,3556.1554340989474,3556.1554340989474,3609.7819134778006,240.0,0.0,0.0,0.0,3550.0,3550.0,3599.7819134778006,3599.7819134778006,300.0,438.125707534966,0.0,0,0,0,0
S1,continuous,D,332,49,3320.0,3380.0,3412.8295346449395,3412.8295346449395,3463.392564160662,60.0,0.0,0.0,0.0,3380.0,3380.0,3453.392564160662,3453.392564160662,350.0,1173.9909112560574,0.0,0,0,0,1
S1,continuous,D,333,17,3330.0,3510.0,3569.351259395768,3569.351259395768,3583.2491344653213,180.0,0.0,0.0,0.0,3510.0,3510.0,3573.2491344653213,3573.2491344653213,350.0,908.1865149294221,0.0,0,0,0,1
S1,continuous,D,334,64,3340.0,3460.0,3512.382255606766,3512.382255606766,3551.13081959706,120.0,0.0,0.0,0.0,3460.0,3460.0,3541.13081959706,3541.13081959706,350.0,935.1777433428265,0.0,0,0,0,1
S1,continuous,D,335,13,3350.0,3350.0,3424.4788627205403,3424.4788627205403,3498.181995838537,0.0,0.0,0.0,0.0,3350.0,3350.0,3488.181995838537,3488.181995838537,450.0,982.3863601564473,0.0,0,0,0,1
S1,continuous,D,336,53,3360.0,3420.0,3486.601893716297,3486.601893716297,3525.350457706591,60.0,0.0,0.0,0.0,3420.0,3420.0,3515.350457706591,3515.350457706591,350.0,1322.17585876147,0.0,0,0,0,1
S1,continuous,D,337,35,3370.0,3430.0,3478.0371030035185,3478.0371030035185,3551.6635823823717,60.0,0.0,0.0,0.0,3430.0,3430.0,3541.6635823823717,3541.6635823823717,400.0,1268.267893644356,0.0,0,0,0,1
S1,continuous,D,338,60,3380.0,3380.0,3464.6212630905043,3464.6212630905043,3508.5191381600575,0.0,0.0,0.0,0.0,3380.0,3380.0,3498.5191381600575,3498.5191381600575,500.0,1260.1914643216708,0.0,0,0,0,1
S1,continuous,D,339,15,3390.0,3510.0,3569.185956731666,3569.185956731666,3613.7921532245264,120.0,0.0,0.0,0.0,3510.0,3510.0,3603.7921532245264,3603.7921532245264,350.0,857.068222298903,0.0,0,0,0,1
S1,continuous,D,340,73,3400.0,3520.0,3573.311042996661,3573.311042996661,3637.9172394895213,120.0,0.0,0.0,0.0,3520.0,3520.0,3627.9172394895213,3627.9172394895213,450.0,1376.307302923186,0.0,0,0,0,1
S1,continuous,D,341,5,3410.0,3590.0,3645.216002437358,3645.216002437358,3672.5512138452145,180.0,0.0,0.0,0.0,3590.0,3590.0,3662.5512138452145,3662.5512138452145,350.0,1428.2481067950264,0.0,0,0,0,1
S1,continuous,D,342,41,3420.0,3540.0,3551.213963364932,3551.213963364932,3579.962527355226,120.0,0.0,0.0,0.0,3540.0,3540.0,3569.962527355226,3569.962527355226,300.0,650.9714149911492,0.0,0,0,0,0
S1,continuous,D,343,71,3430.0,3430.0,3472.8295346449395,3472.8295346449395,3533.392564160662,0.0,0.0,0.0,0.0,3430.0,3430.0,3523.392564160662,3523.392564160662,400.0,1273.9909112560574,0.0,0,0,0,1
S1,continuous,D,344,52,3440.0,3500.0,3538.245011555871,3538.245011555871,3582.851208048731,60.0,0.0,0.0,0.0,3500.0,3500.0,3572.851208048731,3572.851208048731,350.0,1087.0270493711937,0.0,0,0,0,1
S1,continuous,D,345,28,3450.0,3570.0,3620.294997177363,3620.294997177363,3649.0435611676567,120.0,0.0,0.0,0.0,3570.0,3570.0,3639.0435611676567,3639.0435611676567,300.0,995.355811639425,0.0,0,0,0,0
S1,continuous,D,346,2,3460.0,3580.0,3639.185956731666,3639.185956731666,3683.7921532245264,120.0,0.0,0.0,0.0,3580.0,3580.0,3673.7921532245264,3673.7921532245264,350.0,857.068222298903,0.0,0,0,0,1
S1,continuous,D,347,36,3470.0,3470.0,3538.1190401488416,3538.1190401488416,3616.8676041391354,0.0,0.0,0.0,0.0,3470.0,3470.0,3606.8676041391354,3606.8676041391354,550.0,1200.8856172223923,0.0,0,0,0,1
S1,continuous,D,348,10,3480.0,3600.0,3671.5631460032623,3671.5631460032623,3710.311709993556,120.0,0.0,0.0,0.0,3600.0,3600.0,3700.311709993556,3700.311709993556,350.0,1040.9863251396716,0.0,0,0,0,1
S1,continuous,D,349,14,3490.0,3550.0,3587.265848091336,3587.265848091336,3614.6010594991926,60.0,0.0,0.0,0.0,3550.0,3550.0,3604.6010594991926,3604.6010594991926,350.0,1353.6060504764996,0.0,0,0,0,1
S1,continuous,D,350,42,3500.0,3560.0,3613.8026498549207,3613.8026498549207,3662.5512138452145,60.0,0.0,0.0,0.0,3560.0,3560.0,3652.5512138452145,3652.5512138452145,400.0,1528.2481067950264,0.0,0,0,0,1
S1,continuous,D,351,49,3510.0,3630.0,3692.8391607122535,3692.8391607122535,3713.392564160662,120.0,0.0,0.0,0.0,3630.0,3630.0,3703.392564160662,3703.392564160662,350.0,1173.9909112560576,0.0,0,0,0,1
S1,continuous,D,352,59,3520.0,3520.0,3574.047656050784,3574.047656050784,3604.6010594991926,0.0,0.0,0.0,0.0,3520.0,3520.0,3594.6010594991926,3594.6010594991926,400.0,1453.6060504764996,0.0,0,0,0,1
S1,continuous,D,353,51,3530.0,3650.0,3714.354019370104,3714.354019370104,3777.9804987489574,120.0,0.0,0.0,0.0,3650.0,3650.0,3767.9804987489574,3767.9804987489574,350.0,1296.707145958069,0.0,0,0,0,1
S1,continuous,D,354,43,3540.0,3540.0,3609.8867368680653,3609.8867368680653,3630.440140316474,0.0,0.0,0.0,0.0,3540.0,3540.0,3620.440140316474,3620.440140316474,350.0,1450.1895995032548,0.0,0,0,0,1
S1,continuous,D,355,39,3550.0,3610.0,3660.294997177363,3660.294997177363,3689.0435611676567,60.0,0.0,0.0,0.0,3610.0,3610.0,3679.0435611676567,3679.0435611676567,300.0,995.355811639425,0.0,0,0,0,0
S1,continuous,D,356,7,3560.0,3620.0,3694.328370974515,3694.328370974515,3721.6635823823717,60.0,0.0,0.0,0.0,3620.0,3620.0,3711.6635823823717,3711.6635823823717,350.0,1168.267893644356,0.0,0,0,0,1
S1,continuous,D,357,44,3570.0,3750.0,3803.246787003177,3803.246787003177,3866.87326638203,180.0,0.0,0.0,0.0,3750.0,3750.0,3856.87326638203,3856.87326638203,350.0,1117.202746713004,0.0,0,0,0,1
S1,continuous,D,358,21,3580.0,3640.0,3647.6849012110883,3647.6849012110883,3658.238304659497,60.0,0.0,0.0,0.0,3640.0,3640.0,3648.238304659497,3648.238304659497,300.0,324.7248020254959,0.0,0,0,0,0
S1,continuous,D,359,68,3590.0,3710.0,3772.8391607122535,3772.8391607122535,3793.392564160662,120.0,0.0,0.0,0.0,3710.0,3710.0,3783.392564160662,3783.392564160662,350.0,1173.9909112560576,0.0,0,0,0,1
S1,continuous,D,360,47,3600.0,3600.0,3664.087203084197,3664.087203084197,3747.790336202194,0.0,0.0,0.0,0.0,3600.0,3600.0,3737.790336202194,3737.790336202194,500.0,1155.324501051949,0.0,0,0,0,1
S1,continuous,D,361,58,3610.0,3670.0,3744.2773656309605,3744.2773656309605,3797.9804987489574,60.0,0.0,0.0,0.0,3670.0,3670.0,3787.9804987489574,3787.9804987489574,350.0,1296.7071459580688,0.0,0,0,0,1
S1,continuous,D,362,15,3620.0,3920.0,3989.6684897405503,3989.6684897405503,4010.221893188959,300.0,0.0,0.0,0.0,3920.0,3920.0,4000.221893188959,4000.221893188959,350.0,823.7001049161106,0.0,0,0,0,1
S1,continuous,D,363,26,3630.0,3750.0,3842.2670698891698,3842.2670698891698,3906.87326638203,120.0,0.0,0.0,0.0,3750.0,3750.0,3896.87326638203,3896.87326638203,450.0,1317.202746713004,0.0,0,0,0,1
S1,continuous,D,364,48,3640.0,3700.0,3733.311042996661,3733.311042996661,3777.9172394895213,60.0,0.0,0.0,0.0,3700.0,3700.0,3767.9172394895213,3767.9172394895213,350.0,1176.307302923186,0.0,0,0,0,1
S1,continuous,D,365,14,3650.0,3710.0,3784.328370974515,3784.328370974515,3811.6635823823717,60.0,0.0,0.0,0.0,3710.0,3710.0,3801.6635823823717,3801.6635823823717,350.0,1168.267893644356,0.0,0,0,0,1
S1,continuous,D,366,52,3660.0,3780.0,3794.3404295899436,3794.3404295899436,3798.238304659497,120.0,0.0,0.0,0.0,3780.0,3780.0,3794.3404295899436,3794.3404295899436,300.0,324.72480202549593,0.0,0,0,0,0
S1,continuous,D,367,30,3670.0,3790.0,3879.6684897405503,3879.6684897405503,3920.221893188959,120.0,0.0,0.0,0.0,3790.0,3790.0,3910.221893188959,3910.221893188959,450.0,1023.7001049161106,0.0,0,0,0,1
S1,continuous,D,368,41,3680.0,3740.0,3778.245011555871,3778.245011555871,3822.851208048731,60.0,0.0,0.0,0.0,3740.0,3740.0,3812.851208048731,3812.851208048731,350.0,1087.0270493711937,0.0,0,0,0,1
S1,continuous,D,369,13,3690.0,3990.0,4027.265848091336,4027.265848091336,4054.6010594991926,300.0,0.0,0.0,0.0,3990.0,3990.0,4044.6010594991926,4044.6010594991926,350.0,1353.6060504764996,0.0,0,0,0,1
S1,continuous,D,370,63,3700.0,3820.0,3891.5631460032623,3891.5631460032623,3930.311709993556,120.0,0.0,0.0,0.0,3820.0,3820.0,3920.311709993556,3920.311709993556,350.0,1040.9863251396716,0.0,0,0,0,1
S1,continuous,D,371,40,3710.0,3830.0,3848.162353729606,3848.162353729606,3876.9109177198998,120.0,0.0,0.0,0.0,3830.0,3830.0,3866.9109177198998,3866.9109177198998,300.0,703.7731892733296,2.887572050937365,1,0,1,0
S1,continuous,D,372,22,3720.0,3960.0,3992.8295346449395,3992.8295346449395,4043.392564160662,240.0,0.0,0.0,0.0,3960.0,3960.0,4033.392564160662,4033.392564160662,350.0,1173.9909112560574,0.0,0,0,0,1
S1,continuous,D,373,67,3730.0,3790.0,3886.685230614703,3886.685230614703,4000.311709993556,60.0,0.0,0.0,0.0,3790.0,3790.0,3990.311709993556,3990.311709993556,600.0,1540.9863251396714,0.0,0,0,0,1
S1,continuous,D,374,71,3740.0,4040.0,4114.27736563096,4114.27736563096,4167.980498748957,300.0,0.0,0.0,0.0,4040.0,4040.0,4157.980498748957,4157.980498748957,350.0,1296.7071459580688,0.0,0,0,0,1
S1,continuous,D,375,74,3750.0,3990.0,4036.8318354231656,4036.8318354231656,4084.167046831022,240.0,0.0,0.0,0.0,3990.0,3990.0,4074.167046831022,4074.167046831022,450.0,1268.4294559612006,0.0,0,0,0,1
S1,continuous,D,376,50,3760.0,3940.0,4035.5159966408746,4035.5159966408746,4102.851208048731,180.0,0.0,0.0,0.0,3940.0,3940.0,4092.851208048731,4092.851208048731,550.0,1487.0270493711937,0.0,0,0,0,1
S1,continuous,D,377,36,3770.0,4070.0,4096.595843310658,4096.595843310658,4150.298976428655,300.0,0.0,0.0,0.0,4070.0,4070.0,4140.298976428655,4140.298976428655,350.0,1184.5362570113907,0.0,0,0,0,1
S1,continuous,D,378,57,3780.0,3840.0,3878.245011555871,3878.245011555871,3922.851208048731,60.0,0.0,0.0,0.0,3840.0,3840.0,3912.851208048731,3912.851208048731,350.0,1087.0270493711937,0.0,0,0,0,1
S1,continuous,D,379,56,3790.0,3910.0,3916.1554340989474,3916.1554340989474,3969.7819134778006,120.0,0.0,0.0,0.0,3910.0,3910.0,3959.7819134778006,3959.7819134778006,300.0,438.125707534966,0.0,0,0,0,0
S1,continuous,D,380,48,3800.0,4040.0,4086.5954138101056,4086.5954138101056,4170.221893188959,240.0,0.0,0.0,0.0,4040.0,4040.0,4160.221893188959,4160.221893188959,450.0,1023.7001049161104,0.0,0,0,0,1
S1,continuous,D,381,20,3810.0,3990.0,4028.0371030035185,4028.0371030035185,4091.6635823823717,180.0,0.0,0.0,0.0,3990.0,3990.0,4081.6635823823717,4081.6635823823717,350.0,1168.267893644356,0.0,0,0,0,1
S1,continuous,D,382,53,3820.0,3820.0,3858.1190401488416,3858.1190401488416,3906.8676041391354,0.0,0.0,0.0,0.0,3820.0,3820.0,3896.8676041391354,3896.8676041391354,400.0,900.8856172223923,0.0,0,0,0,1
S1,continuous,D,383,52,3830.0,3830.0,3877.6189663228147,3877.6189663228147,3918.181995838537,0.0,0.0,0.0,0.0,3830.0,3830.0,3908.181995838537,3908.181995838537,300.0,682.3863601564473,0.0,0,0,0,0
S1,continuous,D,384,38,3840.0,3840.0,3943.246787003177,3943.246787003177,4056.87326638203,0.0,0.0,0.0,0.0,3840.0,3840.0,4046.87326638203,4046.87326638203,600.0,1617.202746713004,0.0,0,0,0,1
S1,continuous,D,385,2,3850.0,4150.0,4172.686104949599,4172.686104949599,4223.249134465322,300.0,0.0,0.0,0.0,4150.0,4150.0,4213.249134465322,4213.249134465322,350.0,908.1865149294221,0.0,0,0,0,1
S1,continuous,D,386,21,3860.0,3860.0,3924.4788627205403,3924.4788627205403,3988.181995838537,0.0,0.0,0.0,0.0,3860.0,3860.0,3978.181995838537,3978.181995838537,400.0,882.3863601564473,0.0,0,0,0,1
S1,continuous,D,387,64,3870.0,4110.0,4167.713548711842,4167.713548711842,4195.048760119698,240.0,0.0,0.0,0.0,4110.0,4110.0,4185.048760119698,4185.048760119698,350.0,866.1924843592033,0.0,0,0,0,1
S1,continuous,D,388,34,3880.0,4000.0,4046.5246231041997,4046.5246231041997,4091.13081959706,120.0,0.0,0.0,0.0,4000.0,4000.0,4081.13081959706,4081.13081959706,350.0,935.1777433428265,0.0,0,0,0,1
S1,continuous,D,389,8,3890.0,3950.0,4008.480531651934,4008.480531651934,4069.0435611676567,60.0,0.0,0.0,0.0,3950.0,3950.0,4059.0435611676567,4059.0435611676567,400.0,1195.3558116394252,0.0,0,0,0,1
S1,continuous,D,390,66,3900.0,4020.0,4096.685230614703,4096.685230614703,4190.311709993556,120.0,0.0,0.0,0.0,4020.0,4020.0,4180.311709993556,4180.311709993556,500.0,1340.9863251396716,0.0,0,0,0,1
S1,continuous,D,391,72,3910.0,4090.0,4104.3404295899445,4104.3404295899445,4108.238304659498,180.0,0.0,0.0,0.0,4090.0,4090.0,4104.3404295899445,4104.3404295899445,300.0,324.72480202549593,0.0,0,0,0,0
S1,continuous,D,392,41,3920.0,3920.0,4006.0646522856728,4006.0646522856728,4059.962527355226,0.0,0.0,0.0,0.0,3920.0,3920.0,4049.962527355226,4049.962527355226,550.0,1150.9714149911492,0.0,0,0,0,1
S1,continuous,D,393,17,3930.0,4230.0,4300.4122260753065,4300.4122260753065,4350.975255591029,300.0,0.0,0.0,0.0,4230.0,4230.0,4340.975255591029,4340.975255591029,350.0,1023.3306575697493,0.0,0,0,0,1
S1,continuous,D,394,26,3940.0,3940.0,3972.8295346449395,3972.8295346449395,4023.392564160662,0.0,0.0,0.0,0.0,3940.0,3940.0,4013.392564160662,4013.392564160662,350.0,1173.9909112560574,0.0,0,0,0,1
S1,continuous,D,395,44,3950.0,4070.0,4125.884038408247,4125.884038408247,4129.7819134778,120.0,0.0,0.0,0.0,4070.0,4070.0,4125.884038408247,4125.884038408247,300.0,438.125707534966,0.0,0,0,0,0
S1,continuous,D,396,9,3960.0,4020.0,4062.6861049495988,4062.6861049495988,4133.249134465321,60.0,0.0,0.0,0.0,4020.0,4020.0,4123.249134465321,4123.249134465321,450.0,1108.1865149294222,0.0,0,0,0,1
S1,continuous,D,397,49,3970.0,4030.0,4096.601893716297,4096.601893716297,4135.3504577065905,60.0,0.0,0.0,0.0,4030.0,4030.0,4125.3504577065905,4125.3504577065905,350.0,1322.17585876147,0.0,0,0,0,1
S1,continuous,D,398,19,3980.0,4160.0,4174.3404295899445,4174.3404295899445,4178.238304659498,180.0,0.0,0.0,0.0,4160.0,4160.0,4174.3404295899445,4174.3404295899445,300.0,324.72480202549593,0.0,0,0,0,0
S1,continuous,D,399,39,3990.0,4230.0,4276.155434098947,4276.155434098947,4369.7819134778,240.0,0.0,0.0,0.0,4230.0,4230.0,4359.7819134778,4359.7819134778,500.0,838.1257075349661,0.0,0,0,0,1
S1,continuous,D,400,37,4000.0,4180.0,4202.686104949599,4202.686104949599,4253.249134465322,180.0,0.0,0.0,0.0,4180.0,4180.0,4243.249134465322,4243.249134465322,350.0,908.1865149294221,0.0,0,0,0,1
S1,continuous,D,401,70,4010.0,4010.0,4057.6189663228147,4057.6189663228147,4098.181995838538,0.0,0.0,0.0,0.0,4010.0,4010.0,4088.181995838537,4088.181995838537,300.0,682.3863601564473,0.0,0,0,0,0
S1,continuous,D,402,54,4020.0,4320.0,4391.563146003262,4391.563146003262,4430.311709993555,300.0,0.0,0.0,0.0,4320.0,4320.0,4420.311709993555,4420.311709993555,350.0,1040.9863251396716,0.0,0,0,0,1
S1,continuous,D,403,68,4030.0,4030.0,4081.647324588594,4081.647324588594,4135.350457706591,0.0,0.0,0.0,0.0,4030.0,4030.0,4125.350457706591,4125.350457706591,350.0,1322.17585876147,0.0,0,0,0,1
S1,continuous,D,404,18,4040.0,4220.0,4306.401101359102,4306.401101359102,4340.298976428655,180.0,0.0,0.0,0.0,4220.0,4220.0,4330.298976428655,4330.298976428655,450.0,1384.5362570113905,0.0,0,0,0,1
S1,continuous,D,405,30,4050.0,4230.0,4319.3512593957685,4319.3512593957685,4363.249134465322,180.0,0.0,0.0,0.0,4230.0,4230.0,4353.249134465322,4353.249134465322,500.0,1208.1865149294222,0.0,0,0,0,1
S1,continuous,D,406,24,4060.0,4120.0,4174.621263090505,4174.621263090505,4188.519138160058,60.0,0.0,0.0,0.0,4120.0,4120.0,4178.519138160058,4178.519138160058,350.0,960.1914643216708,0.0,0,0,0,1
S1,continuous,D,407,28,4070.0,4370.0,4439.66848974055,4439.66848974055,4460.221893188959,300.0,0.0,0.0,0.0,4370.0,4370.0,4450.221893188959,4450.221893188959,350.0,823.7001049161106,0.0,0,0,0,1
S1,continuous,D,408,27,4080.0,4200.0,4266.601893716297,4266.601893716297,4305.3504577065905,120.0,0.0,0.0,0.0,4200.0,4200.0,4295.3504577065905,4295.3504577065905,350.0,1322.17585876147,0.0,0,0,0,1
S1,continuous,D,409,69,4090.0,4210.0,4233.912941667198,4233.912941667198,4278.519138160058,120.0,0.0,0.0,0.0,4210.0,4210.0,4268.519138160058,4268.519138160058,350.0,960.1914643216708,0.0,0,0,0,1
S1,continuous,D,410,43,4100.0,4220.0,4270.269171761468,4270.269171761468,4294.167046831021,120.0,0.0,0.0,0.0,4220.0,4220.0,4284.167046831021,4284.167046831021,400.0,1168.4294559612006,0.0,0,0,0,1
S1,continuous,D,411,67,4110.0,4230.0,4277.618966322814,4277.618966322814,4318.181995838537,120.0,0.0,0.0,0.0,4230.0,4230.0,4308.181995838537,4308.181995838537,300.0,682.3863601564473,0.0,0,0,0,0
S1,continuous,D,412,6,4120.0,4420.0,4490.4122260753065,4490.4122260753065,4540.975255591029,300.0,0.0,0.0,0.0,4420.0,4420.0,4530.975255591029,4530.975255591029,350.0,1023.3306575697493,0.0,0,0,0,1
S1,continuous,D,413,22,4130.0,4190.0,4240.294997177362,4240.294997177362,4269.043561167656,60.0,0.0,0.0,0.0,4190.0,4190.0,4259.043561167656,4259.043561167656,300.0,995.355811639425,0.0,0,0,0,0
S1,continuous,D,414,51,4140.0,4260.0,4283.912941667198,4283.912941667198,4328.519138160058,120.0,0.0,0.0,0.0,4260.0,4260.0,4318.519138160058,4318.519138160058,350.0,960.1914643216708,0.0,0,0,0,1
S1,continuous,D,415,21,4150.0,4150.0,4186.357514271491,4186.357514271491,4196.9109177199,0.0,0.0,0.0,0.0,4150.0,4150.0,4186.9109177199,4186.9109177199,300.0,703.7731892733298,2.887572050937365,1,0,1,0
S1,continuous,D,416,7,4160.0,4280.0,4327.618966322814,4327.618966322814,4368.181995838537,120.0,0.0,0.0,0.0,4280.0,4280.0,4358.181995838537,4358.181995838537,300.0,682.3863601564473,0.0,0,0,0,0
S1,continuous,D,417,12,4170.0,4230.0,4296.737007198477,4296.737007198477,4380.440140316474,60.0,0.0,0.0,0.0,4230.0,4230.0,4370.440140316474,4370.440140316474,500.0,1750.189599503255,0.0,0,0,0,1
S1,continuous,D,418,9,4180.0,4360.0,4410.0890201065295,4410.0890201065295,4463.792153224526,180.0,0.0,0.0,0.0,4360.0,4360.0,4453.792153224526,4453.792153224526,350.0,857.0682222989032,0.0,0,0,0,1
S1,continuous,D,419,59,4190.0,4250.0,4340.269171761468,4340.269171761468,4404.167046831021,60.0,0.0,0.0,0.0,4250.0,4250.0,4394.167046831021,4394.167046831021,600.0,1568.4294559612006,0.0,0,0,0,1
S1,continuous,D,420,14,4200.0,4320.0,4376.595413810106,4376.595413810106,4470.221893188959,120.0,0.0,0.0,0.0,4320.0,4320.0,4460.221893188959,4460.221893188959,500.0,1123.7001049161104,0.0,0,0,0,1
S1,continuous,D,421,16,4210.0,4330.0,4413.246787003177,4413.246787003177,4506.87326638203,120.0,0.0,0.0,0.0,4330.0,4330.0,4496.87326638203,4496.87326638203,500.0,1417.202746713004,0.0,0,0,0,1
S1,continuous,D,422,66,4220.0,4400.0,4450.294997177362,4450.294997177362,4479.043561167656,180.0,0.0,0.0,0.0,4400.0,4400.0,4469.043561167656,4469.043561167656,300.0,995.355811639425,0.0,0,0,0,0
S1,continuous,D,423,25,4230.0,4530.0,4541.213963364932,4541.213963364932,4569.962527355226,300.0,0.0,0.0,0.0,4530.0,4530.0,4559.962527355226,4559.962527355226,300.0,650.9714149911492,0.0,0,0,0,0
S1,continuous,D,424,47,4240.0,4240.0,4328.480531651933,4328.480531651933,4419.043561167656,0.0,0.0,0.0,0.0,4240.0,4240.0,4409.043561167656,4409.043561167656,550.0,1495.3558116394252,0.0,0,0,0,1
S1,continuous,D,425,55,4250.0,4430.0,4492.839160712254,4492.839160712254,4513.392564160663,180.0,0.0,0.0,0.0,4430.0,4430.0,4503.392564160663,4503.392564160663,350.0,1173.9909112560576,0.0,0,0,0,1
S1,continuous,D,426,45,4260.0,4380.0,4448.0371030035185,4448.0371030035185,4541.663582382372,120.0,0.0,0.0,0.0,4380.0,4380.0,4531.663582382372,4531.663582382372,500.0,1468.267893644356,0.0,0,0,0,1
S1,continuous,D,427,56,4270.0,4270.0,4356.524623104199,4356.524623104199,4441.13081959706,0.0,0.0,0.0,0.0,4270.0,4270.0,4431.13081959706,4431.13081959706,550.0,1335.1777433428265,0.0,0,0,0,1
S1,continuous,D,428,26,4280.0,4580.0,4591.213963364932,4591.213963364932,4619.962527355226,300.0,0.0,0.0,0.0,4580.0,4580.0,4609.962527355226,4609.962527355226,300.0,650.9714149911492,0.0,0,0,0,0
S1,continuous,D,429,13,4290.0,4350.0,4427.618966322814,4427.618966322814,4498.181995838537,60.0,0.0,0.0,0.0,4350.0,4350.0,4488.181995838537,4488.181995838537,450.0,982.3863601564472,0.0,0,0,0,1
S1,continuous,D,430,49,4300.0,4300.0,4334.485730603976,4334.485730603976,4385.048760119698,0.0,0.0,0.0,0.0,4300.0,4300.0,4375.048760119698,4375.048760119698,350.0,866.1924843592033,0.0,0,0,0,1
S1,continuous,D,431,71,4310.0,4550.0,4594.47886272054,4594.47886272054,4638.181995838537,240.0,0.0,0.0,0.0,4550.0,4550.0,4628.181995838537,4628.181995838537,300.0,682.3863601564473,0.0,0,0,0,0
S1,continuous,D,432,73,4320.0,4560.0,4632.26706988917,4632.26706988917,4676.87326638203,240.0,0.0,0.0,0.0,4560.0,4560.0,4666.87326638203,4666.87326638203,350.0,1117.202746713004,0.0,0,0,0,1
S1,continuous,D,433,34,4330.0,4390.0,4426.737007198477,4426.737007198477,4480.440140316474,60.0,0.0,0.0,0.0,4390.0,4390.0,4470.440140316474,4470.440140316474,350.0,1450.189599503255,0.0,0,0,0,1
S1,continuous,D,434,19,4340.0,4580.0,4637.348776212176,4637.348776212176,4700.975255591029,240.0,0.0,0.0,0.0,4580.0,4580.0,4690.975255591029,4690.975255591029,350.0,1023.3306575697493,0.0,0,0,0,1
S1,continuous,D,435,53,4350.0,4350.0,4431.647324588594,4431.647324588594,4515.3504577065905,0.0,0.0,0.0,0.0,4350.0,4350.0,4505.3504577065905,4505.3504577065905,500.0,1622.17585876147,0.0,0,0,0,1
S1,continuous,D,436,63,4360.0,4420.0,4466.524623104199,4466.524623104199,4511.13081959706,60.0,0.0,0.0,0.0,4420.0,4420.0,4501.13081959706,4501.13081959706,350.0,935.1777433428265,0.0,0,0,0,1
S1,continuous,D,437,8,4370.0,4430.0,4456.831835423165,4456.831835423165,4484.167046831021,60.0,0.0,0.0,0.0,4430.0,4430.0,4474.167046831021,4474.167046831021,350.0,1068.4294559612006,0.0,0,0,0,1
S1,continuous,D,438,39,4380.0,4560.0,4567.684901211089,4567.684901211089,4578.238304659498,180.0,0.0,0.0,0.0,4560.0,4560.0,4568.238304659498,4568.238304659498,300.0,324.7248020254959,0.0,0,0,0,0
S1,continuous,D,439,15,4390.0,4450.0,4490.269171761468,4490.269171761468,4504.167046831021,60.0,0.0,0.0,0.0,4450.0,4450.0,4494.167046831021,4494.167046831021,350.0,1068.4294559612006,0.0,0,0,0,1
S1,continuous,D,440,18,4400.0,4640.0,4673.311042996662,4673.311042996662,4717.917239489522,240.0,0.0,0.0,0.0,4640.0,4640.0,4707.917239489522,4707.917239489522,350.0,1176.307302923186,0.0,0,0,0,1
S1,continuous,D,441,61,4410.0,4410.0,4462.382255606766,4462.382255606766,4501.13081959706,0.0,0.0,0.0,0.0,4410.0,4410.0,4491.13081959706,4491.13081959706,350.0,935.1777433428265,0.0,0,0,0,1
S1,continuous,D,442,36,4420.0,4600.0,4681.647324588594,4681.647324588594,4765.3504577065905,180.0,0.0,0.0,0.0,4600.0,4600.0,4755.3504577065905,4755.3504577065905,500.0,1622.17585876147,0.0,0,0,0,1
S1,continuous,D,443,49,4430.0,4550.0,4588.0371030035185,4588.0371030035185,4651.663582382372,120.0,0.0,0.0,0.0,4550.0,4550.0,4641.663582382372,4641.663582382372,350.0,1168.267893644356,0.0,0,0,0,1
S1,continuous,D,444,68,4440.0,4500.0,4560.455124794337,4560.455124794337,4587.790336202193,60.0,0.0,0.0,0.0,4500.0,4500.0,4577.790336202193,4577.790336202193,350.0,855.324501051949,0.0,0,0,0,1
S1,continuous,D,445,20,4450.0,4510.0,4564.047656050784,4564.047656050784,4594.601059499193,60.0,0.0,0.0,0.0,4510.0,4510.0,4584.601059499193,4584.601059499193,400.0,1453.6060504764996,0.0,0,0,0,1
S1,continuous,D,446,46,4460.0,4700.0,4737.265848091337,4737.265848091337,4764.601059499193,240.0,0.0,0.0,0.0,4700.0,4700.0,4754.601059499193,4754.601059499193,350.0,1353.6060504764996,0.0,0,0,0,1
S1,continuous,D,447,24,4470.0,4710.0,4743.311042996662,4743.311042996662,4787.917239489522,240.0,0.0,0.0,0.0,4710.0,4710.0,4777.917239489522,4777.917239489522,350.0,1176.307302923186,0.0,0,0,0,1
S1,continuous,D,448,17,4480.0,4540.0,4578.24501155587,4578.24501155587,4622.851208048731,60.0,0.0,0.0,0.0,4540.0,4540.0,4612.851208048731,4612.851208048731,350.0,1087.0270493711937,0.0,0,0,0,1
S1,continuous,D,449,4,4490.0,4670.0,4725.884038408247,4725.884038408247,4729.7819134778,180.0,0.0,0.0,0.0,4670.0,4670.0,4725.884038408247,4725.884038408247,300.0,438.125707534966,0.0,0,0,0,0
S1,continuous,D,450,59,4500.0,4680.0,4706.831835423165,4706.831835423165,4734.167046831021,180.0,0.0,0.0,0.0,4680.0,4680.0,4724.167046831021,4724.167046831021,350.0,1068.4294559612006,0.0,0,0,0,1
S1,continuous,D,451,9,4510.0,4570.0,4630.455124794337,4630.455124794337,4657.790336202193,60.0,0.0,0.0,0.0,4570.0,4570.0,4647.790336202193,4647.790336202193,350.0,855.324501051949,0.0,0,0,0,1
S1,continuous,D,452,32,4520.0,4820.0,4886.401101359102,4886.401101359102,4900.298976428655,300.0,0.0,0.0,0.0,4820.0,4820.0,4890.298976428655,4890.298976428655,350.0,1184.5362570113905,0.0,0,0,0,1
S1,continuous,D,453,56,4530.0,4650.0,4709.3512593957685,4709.3512593957685,4723.249134465322,120.0,0.0,0.0,0.0,4650.0,4650.0,4713.249134465322,4713.249134465322,350.0,908.1865149294221,0.0,0,0,0,1
S1,continuous,D,454,66,4540.0,4780.0,4787.684901211089,4787.684901211089,4798.238304659498,240.0,0.0,0.0,0.0,4780.0,4780.0,4788.238304659498,4788.238304659498,300.0,324.7248020254959,0.0,0,0,0,0
S1,continuous,D,455,69,4550.0,4790.0,4843.246787003177,4843.246787003177,4906.87326638203,240.0,0.0,0.0,0.0,4790.0,4790.0,4896.87326638203,4896.87326638203,350.0,1117.202746713004,0.0,0,0,0,1
S1,continuous,D,456,53,4560.0,4680.0,4746.401101359102,4746.401101359102,4760.298976428655,120.0,0.0,0.0,0.0,4680.0,4680.0,4750.298976428655,4750.298976428655,350.0,1184.5362570113905,0.0,0,0,0,1
S1,continuous,D,457,2,4570.0,4870.0,4939.886736868065,4939.886736868065,4960.440140316474,300.0,0.0,0.0,0.0,4870.0,4870.0,4950.440140316474,4950.440140316474,350.0,1450.1895995032548,0.0,0,0,0,1
S1,continuous,D,458,44,4580.0,4700.0,4769.3512593957685,4769.3512593957685,4793.249134465322,120.0,0.0,0.0,0.0,4700.0,4700.0,4783.249134465322,4783.249134465322,400.0,1008.1865149294221,0.0,0,0,0,1
S1,continuous,D,459,3,4590.0,4650.0,4740.0890201065295,4740.0890201065295,4833.792153224526,60.0,0.0,0.0,0.0,4650.0,4650.0,4823.792153224526,4823.792153224526,550.0,1257.068222298903,0.0,0,0,0,1
S1,continuous,D,460,8,4600.0,4660.0,4712.82953464494,4712.82953464494,4783.392564160663,60.0,0.0,0.0,0.0,4660.0,4660.0,4773.392564160663,4773.392564160663,450.0,1373.9909112560574,0.0,0,0,0,1
S1,continuous,D,461,52,4610.0,4670.0,4718.0371030035185,4718.0371030035185,4791.663582382372,60.0,0.0,0.0,0.0,4670.0,4670.0,4781.663582382372,4781.663582382372,400.0,1268.267893644356,0.0,0,0,0,1
S1,continuous,D,462,65,4620.0,4740.0,4795.515996640875,4795.515996640875,4822.851208048731,120.0,0.0,0.0,0.0,4740.0,4740.0,4812.851208048731,4812.851208048731,350.0,1087.0270493711937,0.0,0,0,0,1
S1,continuous,D,463,50,4630.0,4630.0,4666.831835423165,4666.831835423165,4704.167046831021,0.0,0.0,0.0,0.0,4630.0,4630.0,4694.167046831021,4694.167046831021,400.0,1168.4294559612006,0.0,0,0,0,1
S1,continuous,D,464,68,4640.0,4820.0,4894.328370974516,4894.328370974516,4921.663582382372,180.0,0.0,0.0,0.0,4820.0,4820.0,4911.663582382372,4911.663582382372,350.0,1168.267893644356,0.0,0,0,0,1
S1,continuous,D,465,26,4650.0,4830.0,4874.544882632503,4874.544882632503,4909.151079125363,180.0,0.0,0.0,0.0,4830.0,4830.0,4899.151079125363,4899.151079125363,300.0,641.3030044949385,0.0,0,0,0,0
S1,continuous,D,466,64,4660.0,4780.0,4856.595413810106,4856.595413810106,4970.221893188959,120.0,0.0,0.0,0.0,4780.0,4780.0,4960.221893188959,4960.221893188959,600.0,1323.7001049161104,0.0,0,0,0,1
S1,continuous,D,467,70,4670.0,4670.0,4703.311042996662,4703.311042996662,4747.917239489522,0.0,0.0,0.0,0.0,4670.0,4670.0,4737.917239489522,4737.917239489522,350.0,1176.307302923186,0.0,0,0,0,1
S1,continuous,D,468,23,4680.0,4980.0,5003.912941667198,5003.912941667198,5048.519138160058,300.0,0.0,0.0,0.0,4980.0,4980.0,5038.519138160058,5038.519138160058,350.0,960.1914643216708,0.0,0,0,0,1
S1,continuous,D,469,21,4690.0,4990.0,5001.213963364932,5001.213963364932,5029.962527355226,300.0,0.0,0.0,0.0,4990.0,4990.0,5019.962527355226,5019.962527355226,300.0,650.9714149911492,0.0,0,0,0,0
S1,continuous,D,470,30,4700.0,4760.0,4796.595413810106,4796.595413810106,4870.221893188959,60.0,0.0,0.0,0.0,4760.0,4760.0,4860.221893188959,4860.221893188959,400.0,923.7001049161104,0.0,0,0,0,1
S1,continuous,D,471,54,4710.0,4830.0,4872.82953464494,4872.82953464494,4933.392564160663,120.0,0.0,0.0,0.0,4830.0,4830.0,4923.392564160663,4923.392564160663,400.0,1273.9909112560574,0.0,0,0,0,1
S1,continuous,D,472,15,4720.0,4900.0,4932.82953464494,4932.82953464494,4983.392564160663,180.0,0.0,0.0,0.0,4900.0,4900.0,4973.392564160663,4973.392564160663,350.0,1173.9909112560574,0.0,0,0,0,1
S1,continuous,D,473,9,4730.0,4910.0,4924.3404295899445,4924.3404295899445,4928.238304659498,180.0,0.0,0.0,0.0,4910.0,4910.0,4924.3404295899445,4924.3404295899445,300.0,324.72480202549593,0.0,0,0,0,0
S1,continuous,D,474,42,4740.0,5040.0,5066.831835423165,5066.831835423165,5094.167046831021,300.0,0.0,0.0,0.0,5040.0,5040.0,5084.167046831021,5084.167046831021,350.0,1068.4294559612006,0.0,0,0,0,1
S1,continuous,D,475,28,4750.0,4930.0,5014.354019370104,5014.354019370104,5097.980498748957,180.0,0.0,0.0,0.0,4930.0,4930.0,5087.980498748957,5087.980498748957,450.0,1496.7071459580688,0.0,0,0,0,1
S1,continuous,D,476,13,4760.0,4820.0,4858.588049609641,4858.588049609641,4899.151079125363,60.0,0.0,0.0,0.0,4820.0,4820.0,4889.151079125363,4889.151079125363,300.0,641.3030044949385,0.0,0,0,0,0
S1,continuous,D,477,40,4770.0,4950.0,5010.294997177362,5010.294997177362,5049.043561167656,180.0,0.0,0.0,0.0,4950.0,4950.0,5039.043561167656,5039.043561167656,350.0,1095.3558116394252,0.0,0,0,0,1
S1,continuous,D,478,11,4780.0,4840.0,4851.213963364932,4851.213963364932,4879.962527355226,60.0,0.0,0.0,0.0,4840.0,4840.0,4869.962527355226,4869.962527355226,300.0,650.9714149911492,0.0,0,0,0,0
S1,continuous,D,479,0,4790.0,4790.0,4834.544882632503,4834.544882632503,4869.151079125363,0.0,0.0,0.0,0.0,4790.0,4790.0,4859.151079125363,4859.151079125363,300.0,641.3030044949385,0.0,0,0,0,0
S1,continuous,D,480,31,4800.0,4800.0,4878.24501155587,4878.24501155587,4962.851208048731,0.0,0.0,0.0,0.0,4800.0,4800.0,4952.851208048731,4952.851208048731,550.0,1487.0270493711937,0.0,0,0,0,1
S1,continuous,D,481,60,4810.0,4990.0,5059.886736868065,5059.886736868065,5080.440140316474,180.0,0.0,0.0,0.0,4990.0,4990.0,5070.440140316474,5070.440140316474,350.0,1450.1895995032548,0.0,0,0,0,1
S1,continuous,D,482,67,4820.0,5060.0,5129.886736868065,5129.886736868065,5150.440140316474,240.0,0.0,0.0,0.0,5060.0,5060.0,5140.440140316474,5140.440140316474,350.0,1450.1895995032548,0.0,0,0,0,1
S1,continuous,D,483,35,4830.0,5010.0,5043.311042996662,5043.311042996662,5087.917239489522,180.0,0.0,0.0,0.0,5010.0,5010.0,5077.917239489522,5077.917239489522,350.0,1176.307302923186,0.0,0,0,0,1
S1,continuous,D,484,59,4840.0,5140.0,5158.162353729606,5158.162353729606,5186.9109177199,300.0,0.0,0.0,0.0,5140.0,5140.0,5176.9109177199,5176.9109177199,300.0,703.7731892733296,2.887572050937365,1,0,1,0
S1,continuous,D,485,41,4850.0,5090.0,5128.588049609641,5128.588049609641,5169.151079125363,240.0,0.0,0.0,0.0,5090.0,5090.0,5159.151079125363,5159.151079125363,300.0,641.3030044949385,0.0,0,0,0,0
S1,continuous,D,486,62,4860.0,4860.0,4956.685230614702,4956.685230614702,5070.311709993555,0.0,0.0,0.0,0.0,4860.0,4860.0,5060.311709993555,5060.311709993555,600.0,1540.9863251396714,0.0,0,0,0,1
S1,continuous,D,487,63,4870.0,5110.0,5182.26706988917,5182.26706988917,5226.87326638203,240.0,0.0,0.0,0.0,5110.0,5110.0,5216.87326638203,5216.87326638203,350.0,1117.202746713004,0.0,0,0,0,1
S1,continuous,D,488,37,4880.0,5000.0,5077.713548711842,5077.713548711842,5125.048760119698,120.0,0.0,0.0,0.0,5000.0,5000.0,5115.048760119698,5115.048760119698,450.0,1066.1924843592033,0.0,0,0,0,1
S1,continuous,D,489,24,4890.0,5070.0,5127.713548711842,5127.713548711842,5155.048760119698,180.0,0.0,0.0,0.0,5070.0,5070.0,5145.048760119698,5145.048760119698,350.0,866.1924843592033,0.0,0,0,0,1
S1,continuous,D,490,46,4900.0,5020.0,5075.884038408247,5075.884038408247,5079.7819134778,120.0,0.0,0.0,0.0,5020.0,5020.0,5075.884038408247,5075.884038408247,300.0,438.125707534966,0.0,0,0,0,0
S1,continuous,D,491,27,4910.0,4910.0,4946.064652285672,4946.064652285672,4949.962527355226,0.0,0.0,0.0,0.0,4910.0,4910.0,4946.064652285672,4946.064652285672,300.0,650.9714149911492,0.0,0,0,0,0
S1,continuous,D,492,50,4920.0,4980.0,5016.357514271491,5016.357514271491,5026.9109177199,60.0,0.0,0.0,0.0,4980.0,4980.0,5016.9109177199,5016.9109177199,300.0,703.7731892733298,2.887572050937365,1,0,1,0
S1,continuous,D,493,56,4930.0,4930.0,5020.0890201065295,5020.0890201065295,5113.792153224526,0.0,0.0,0.0,0.0,4930.0,4930.0,5103.792153224526,5103.792153224526,550.0,1257.068222298903,0.0,0,0,0,1
S1,continuous,D,494,1,4940.0,5060.0,5115.884038408247,5115.884038408247,5119.7819134778,120.0,0.0,0.0,0.0,5060.0,5060.0,5115.884038408247,5115.884038408247,300.0,438.125707534966,0.0,0,0,0,0
S1,continuous,D,495,14,4950.0,4950.0,5051.647324588594,5051.647324588594,5155.3504577065905,0.0,0.0,0.0,0.0,4950.0,4950.0,5145.3504577065905,5145.3504577065905,600.0,1822.17585876147,0.0,0,0,0,1
S1,continuous,D,496,18,4960.0,5020.0,5074.544882632503,5074.544882632503,5119.151079125363,60.0,0.0,0.0,0.0,5020.0,5020.0,5109.151079125363,5109.151079125363,350.0,741.3030044949385,0.0,0,0,0,1
S1,continuous,D,497,11,4970.0,4970.0,5039.886736868065,5039.886736868065,5060.440140316474,0.0,0.0,0.0,0.0,4970.0,4970.0,5050.440140316474,5050.440140316474,350.0,1450.1895995032548,0.0,0,0,0,1
S1,continuous,D,498,44,4980.0,5100.0,5166.601893716297,5166.601893716297,5205.3504577065905,120.0,0.0,0.0,0.0,5100.0,5100.0,5195.3504577065905,5195.3504577065905,350.0,1322.17585876147,0.0,0,0,0,1
S1,continuous,D,499,68,4990.0,5230.0,5256.595843310658,5256.595843310658,5310.298976428655,240.0,0.0,0.0,0.0,5230.0,5230.0,5300.298976428655,5300.298976428655,350.0,1184.5362570113907,0.0,0,0,0,1
S1,continuous,D,500,25,5000.0,5240.0,5295.884038408247,5295.884038408247,5299.7819134778,240.0,0.0,0.0,0.0,5240.0,5240.0,5295.884038408247,5295.884038408247,300.0,438.125707534966,0.0,0,0,0,0
S1,continuous,D,501,8,5010.0,5130.0,5212.839160712254,5212.839160712254,5253.392564160663,120.0,0.0,0.0,0.0,5130.0,5130.0,5243.392564160663,5243.392564160663,450.0,1373.9909112560574,0.0,0,0,0,1
S1,continuous,D,502,66,5020.0,5200.0,5244.47886272054,5244.47886272054,5288.181995838537,180.0,0.0,0.0,0.0,5200.0,5200.0,5278.181995838537,5278.181995838537,300.0,682.3863601564473,0.0,0,0,0,0
S1,continuous,D,503,9,5030.0,5210.0,5284.354019370104,5284.354019370104,5357.980498748957,180.0,0.0,0.0,0.0,5210.0,5210.0,5347.980498748957,5347.980498748957,400.0,1396.7071459580688,0.0,0,0,0,1
S1,continuous,D,504,39,5040.0,5040.0,5107.348776212176,5107.348776212176,5180.975255591029,0.0,0.0,0.0,0.0,5040.0,5040.0,5170.975255591029,5170.975255591029,400.0,1123.3306575697493,0.0,0,0,0,1
S1,continuous,D,505,58,5050.0,5050.0,5142.382255606766,5142.382255606766,5221.13081959706,0.0,0.0,0.0,0.0,5050.0,5050.0,5211.13081959706,5211.13081959706,550.0,1335.1777433428265,0.0,0,0,0,1
S1,continuous,D,506,33,5060.0,5060.0,5137.713548711842,5137.713548711842,5185.048760119698,0.0,0.0,0.0,0.0,5060.0,5060.0,5175.048760119698,5175.048760119698,450.0,1066.1924843592033,0.0,0,0,0,1
S1,continuous,D,507,57,5070.0,5190.0,5266.737007198477,5266.737007198477,5360.440140316474,120.0,0.0,0.0,0.0,5190.0,5190.0,5350.440140316474,5350.440140316474,550.0,1850.189599503255,0.0,0,0,0,1
S1,continuous,D,508,50,5080.0,5200.0,5269.66848974055,5269.66848974055,5290.221893188959,120.0,0.0,0.0,0.0,5200.0,5200.0,5280.221893188959,5280.221893188959,350.0,823.7001049161106,0.0,0,0,0,1
S1,continuous,D,509,10,5090.0,5270.0,5316.737007198477,5316.737007198477,5380.440140316474,180.0,0.0,0.0,0.0,5270.0,5270.0,5370.440140316474,5370.440140316474,400.0,1550.189599503255,0.0,0,0,0,1
S1,continuous,D,510,35,5100.0,5220.0,5275.884038408247,5275.884038408247,5279.7819134778,120.0,0.0,0.0,0.0,5220.0,5220.0,5275.884038408247,5275.884038408247,300.0,438.125707534966,0.0,0,0,0,0
S1,continuous,D,511,23,5110.0,5110.0,5167.265848091337,5167.265848091337,5214.601059499193,0.0,0.0,0.0,0.0,5110.0,5110.0,5204.601059499193,5204.601059499193,450.0,1553.6060504764996,0.0,0,0,0,1
S1,continuous,D,512,1,5120.0,5240.0,5278.480531651933,5278.480531651933,5319.043561167656,120.0,0.0,0.0,0.0,5240.0,5240.0,5309.043561167656,5309.043561167656,300.0,995.355811639425,0.0,0,0,0,0
S1,continuous,D,513,0,5130.0,5310.0,5361.647324588594,5361.647324588594,5415.3504577065905,180.0,0.0,0.0,0.0,5310.0,5310.0,5405.3504577065905,5405.3504577065905,350.0,1322.17585876147,0.0,0,0,0,1
S1,continuous,D,514,7,5140.0,5140.0,5209.886736868065,5209.886736868065,5230.440140316474,0.0,0.0,0.0,0.0,5140.0,5140.0,5220.440140316474,5220.440140316474,350.0,1450.1895995032548,0.0,0,0,0,1
S1,continuous,D,515,64,5150.0,5390.0,5454.354019370104,5454.354019370104,5517.980498748957,240.0,0.0,0.0,0.0,5390.0,5390.0,5507.980498748957,5507.980498748957,350.0,1296.707145958069,0.0,0,0,0,1
S1,continuous,D,516,36,5160.0,5280.0,5354.0872030841965,5354.0872030841965,5447.790336202193,120.0,0.0,0.0,0.0,5280.0,5280.0,5437.790336202193,5437.790336202193,550.0,1255.324501051949,0.0,0,0,0,1
S1,continuous,D,517,28,5170.0,5290.0,5391.647324588594,5391.647324588594,5495.3504577065905,120.0,0.0,0.0,0.0,5290.0,5290.0,5485.3504577065905,5485.3504577065905,600.0,1822.17585876147,0.0,0,0,0,1
S1,continuous,D,518,29,5180.0,5180.0,5206.831835423165,5206.831835423165,5234.167046831021,0.0,0.0,0.0,0.0,5180.0,5180.0,5224.167046831021,5224.167046831021,350.0,1068.4294559612006,0.0,0,0,0,1
S1,continuous,D,519,38,5190.0,5190.0,5238.588049609641,5238.588049609641,5289.151079125363,0.0,0.0,0.0,0.0,5190.0,5190.0,5279.151079125363,5279.151079125363,350.0,741.3030044949385,0.0,0,0,0,1
S1,continuous,D,520,14,5200.0,5260.0,5296.357514271491,5296.357514271491,5306.9109177199,60.0,0.0,0.0,0.0,5260.0,5260.0,5296.9109177199,5296.9109177199,300.0,703.7731892733298,2.887572050937365,1,0,1,0
S1,continuous,D,521,73,5210.0,5330.0,5414.0872030841965,5414.0872030841965,5517.790336202193,120.0,0.0,0.0,0.0,5330.0,5330.0,5507.790336202193,5507.790336202193,600.0,1355.324501051949,0.0,0,0,0,1
S1,continuous,D,522,49,5220.0,5220.0,5277.684901211089,5277.684901211089,5338.238304659498,0.0,0.0,0.0,0.0,5220.0,5220.0,5328.238304659498,5328.238304659498,550.0,824.7248020254958,0.0,0,0,0,1
S1,continuous,D,523,60,5230.0,5350.0,5356.155434098947,5356.155434098947,5409.7819134778,120.0,0.0,0.0,0.0,5350.0,5350.0,5399.7819134778,5399.7819134778,300.0,438.125707534966,0.0,0,0,0,0
S1,continuous,D,524,17,5240.0,5540.0,5604.354019370104,5604.354019370104,5667.980498748957,300.0,0.0,0.0,0.0,5540.0,5540.0,5657.980498748957,5657.980498748957,350.0,1296.707145958069,0.0,0,0,0,1
S1,continuous,D,525,61,5250.0,5250.0,5349.3512593957685,5349.3512593957685,5403.249134465322,0.0,0.0,0.0,0.0,5250.0,5250.0,5393.249134465322,5393.249134465322,550.0,1308.186514929422,0.0,0,0,0,1
S1,continuous,D,526,44,5260.0,5380.0,5424.544882632503,5424.544882632503,5459.151079125363,120.0,0.0,0.0,0.0,5380.0,5380.0,5449.151079125363,5449.151079125363,300.0,641.3030044949385,0.0,0,0,0,0
S1,continuous,D,527,20,5270.0,5570.0,5636.401101359102,5636.401101359102,5650.298976428655,300.0,0.0,0.0,0.0,5570.0,5570.0,5640.298976428655,5640.298976428655,350.0,1184.5362570113905,0.0,0,0,0,1
S1,continuous,D,528,21,5280.0,5340.0,5396.685230614702,5396.685230614702,5470.311709993555,60.0,0.0,0.0,0.0,5340.0,5340.0,5460.311709993555,5460.311709993555,400.0,1140.9863251396716,0.0,0,0,0,1
S1,continuous,D,529,8,5290.0,5530.0,5596.737007198477,5596.737007198477,5680.440140316474,240.0,0.0,0.0,0.0,5530.0,5530.0,5670.440140316474,5670.440140316474,500.0,1750.189599503255,0.0,0,0,0,1
S1,continuous,D,530,48,5300.0,5360.0,5378.162353729606,5378.162353729606,5406.9109177199,60.0,0.0,0.0,0.0,5360.0,5360.0,5396.9109177199,5396.9109177199,300.0,703.7731892733296,2.887572050937365,1,0,1,0
S1,continuous,D,531,39,5310.0,5370.0,5427.363836041113,5427.363836041113,5447.917239489522,60.0,0.0,0.0,0.0,5370.0,5370.0,5437.917239489522,5437.917239489522,350.0,1176.3073029231862,0.0,0,0,0,1
S1,continuous,D,532,51,5320.0,5440.0,5524.621263090505,5524.621263090505,5568.519138160058,120.0,0.0,0.0,0.0,5440.0,5440.0,5558.519138160058,5558.519138160058,500.0,1260.1914643216708,0.0,0,0,0,1
S1,continuous,D,533,45,5330.0,5390.0,5430.269171761468,5430.269171761468,5444.167046831021,60.0,0.0,0.0,0.0,5390.0,5390.0,5434.167046831021,5434.167046831021,350.0,1068.4294559612006,0.0,0,0,0,1
S1,continuous,D,534,32,5340.0,5460.0,5504.47886272054,5504.47886272054,5548.181995838537,120.0,0.0,0.0,0.0,5460.0,5460.0,5538.181995838537,5538.181995838537,300.0,682.3863601564473,0.0,0,0,0,0
S1,continuous,D,535,47,5350.0,5470.0,5522.382255606766,5522.382255606766,5561.13081959706,120.0,0.0,0.0,0.0,5470.0,5470.0,5551.13081959706,5551.13081959706,350.0,935.1777433428265,0.0,0,0,0,1
S1,continuous,D,536,26,5360.0,5360.0,5432.839160712254,5432.839160712254,5463.392564160663,0.0,0.0,0.0,0.0,5360.0,5360.0,5453.392564160663,5453.392564160663,400.0,1273.9909112560574,0.0,0,0,0,1
S1,continuous,D,537,11,5370.0,5610.0,5657.618966322814,5657.618966322814,5698.181995838537,240.0,0.0,0.0,0.0,5610.0,5610.0,5688.181995838537,5688.181995838537,300.0,682.3863601564473,0.0,0,0,0,0
S1,continuous,D,538,12,5380.0,5440.0,5500.455124794337,5500.455124794337,5527.790336202193,60.0,0.0,0.0,0.0,5440.0,5440.0,5517.790336202193,5517.790336202193,350.0,855.324501051949,0.0,0,0,0,1
S1,continuous,D,539,72,5390.0,5630.0,5685.884038408247,5685.884038408247,5689.7819134778,240.0,0.0,0.0,0.0,5630.0,5630.0,5685.884038408247,5685.884038408247,300.0,438.125707534966,0.0,0,0,0,0
S1,continuous,D,540,62,5400.0,5460.0,5515.216002437358,5515.216002437358,5542.551213845214,60.0,0.0,0.0,0.0,5460.0,5460.0,5532.551213845214,5532.551213845214,350.0,1428.2481067950264,0.0,0,0,0,1
S1,continuous,D,541,16,5410.0,5530.0,5568.588049609641,5568.588049609641,5609.151079125363,120.0,0.0,0.0,0.0,5530.0,5530.0,5599.151079125363,5599.151079125363,300.0,641.3030044949385,0.0,0,0,0,0
S1,continuous,D,542,74,5420.0,5480.0,5527.265848091337,5527.265848091337,5564.601059499193,60.0,0.0,0.0,0.0,5480.0,5480.0,5554.601059499193,5554.601059499193,400.0,1453.6060504764996,0.0,0,0,0,1
S1,continuous,D,543,18,5430.0,5550.0,5614.621263090505,5614.621263090505,5638.519138160058,120.0,0.0,0.0,0.0,5550.0,5550.0,5628.519138160058,5628.519138160058,400.0,1060.1914643216708,0.0,0,0,0,1
S1,continuous,D,544,38,5440.0,5440.0,5525.216002437358,5525.216002437358,5582.551213845214,0.0,0.0,0.0,0.0,5440.0,5440.0,5572.551213845214,5572.551213845214,500.0,1728.2481067950264,0.0,0,0,0,1
S1,continuous,D,545,71,5450.0,5630.0,5681.647324588594,5681.647324588594,5735.3504577065905,180.0,0.0,0.0,0.0,5630.0,5630.0,5725.3504577065905,5725.3504577065905,350.0,1322.17585876147,0.0,0,0,0,1
S1,continuous,D,546,39,5460.0,5700.0,5774.328370974516,5774.328370974516,5801.663582382372,240.0,0.0,0.0,0.0,5700.0,5700.0,5791.663582382372,5791.663582382372,350.0,1168.267893644356,0.0,0,0,0,1
S1,continuous,D,547,22,5470.0,5530.0,5597.713548711842,5597.713548711842,5635.048760119698,60.0,0.0,0.0,0.0,5530.0,5530.0,5625.048760119698,5625.048760119698,400.0,966.1924843592033,0.0,0,0,0,1
S1,continuous,D,548,2,5480.0,5480.0,5554.544882632503,5554.544882632503,5619.151079125363,0.0,0.0,0.0,0.0,5480.0,5480.0,5609.151079125363,5609.151079125363,450.0,941.3030044949385,0.0,0,0,0,1
S1,continuous,D,549,30,5490.0,5550.0,5561.213963364932,5561.213963364932,5589.962527355226,60.0,0.0,0.0,0.0,5550.0,5550.0,5579.962527355226,5579.962527355226,300.0,650.9714149911492,0.0,0,0,0,0
S1,continuous,D,550,46,5500.0,5800.0,5847.618966322814,5847.618966322814,5888.181995838537,300.0,0.0,0.0,0.0,5800.0,5800.0,5878.181995838537,5878.181995838537,300.0,682.3863601564473,0.0,0,0,0,0
S1,continuous,D,551,61,5510.0,5750.0,5819.66848974055,5819.66848974055,5840.221893188959,240.0,0.0,0.0,0.0,5750.0,5750.0,5830.221893188959,5830.221893188959,350.0,823.7001049161106,0.0,0,0,0,1
S1,continuous,D,552,5,5520.0,5580.0,5618.588049609641,5618.588049609641,5659.151079125363,60.0,0.0,0.0,0.0,5580.0,5580.0,5649.151079125363,5649.151079125363,300.0,641.3030044949385,0.0,0,0,0,0
S1,continuous,D,553,21,5530.0,5590.0,5613.912941667198,5613.912941667198,5658.519138160058,60.0,0.0,0.0,0.0,5590.0,5590.0,5648.519138160058,5648.519138160058,350.0,960.1914643216708,0.0,0,0,0,1
S1,continuous,D,554,7,5540.0,5540.0,5635.216002437358,5635.216002437358,5702.551213845214,0.0,0.0,0.0,0.0,5540.0,5540.0,5692.551213845214,5692.551213845214,550.0,1828.2481067950264,0.0,0,0,0,1
S1,continuous,D,555,60,5550.0,5670.0,5748.0371030035185,5748.0371030035185,5851.663582382372,120.0,0.0,0.0,0.0,5670.0,5670.0,5841.663582382372,5841.663582382372,550.0,1568.267893644356,0.0,0,0,0,1
S1,continuous,D,556,66,5560.0,5860.0,5907.618966322814,5907.618966322814,5948.181995838537,300.0,0.0,0.0,0.0,5860.0,5860.0,5938.181995838537,5938.181995838537,300.0,682.3863601564473,0.0,0,0,0,0
S1,continuous,D,557,14,5570.0,5870.0,5896.595843310658,5896.595843310658,5950.298976428655,300.0,0.0,0.0,0.0,5870.0,5870.0,5940.298976428655,5940.298976428655,350.0,1184.5362570113907,0.0,0,0,0,1
S1,continuous,D,558,59,5580.0,5580.0,5627.265848091337,5627.265848091337,5664.601059499193,0.0,0.0,0.0,0.0,5580.0,5580.0,5654.601059499193,5654.601059499193,400.0,1453.6060504764996,0.0,0,0,0,1
S1,continuous,D,559,25,5590.0,5590.0,5675.884038408247,5675.884038408247,5709.7819134778,0.0,0.0,0.0,0.0,5590.0,5590.0,5699.7819134778,5699.7819134778,450.0,738.1257075349661,0.0,0,0,0,1
S1,continuous,D,560,58,5600.0,5600.0,5684.621263090505,5684.621263090505,5728.519138160058,0.0,0.0,0.0,0.0,5600.0,5600.0,5718.519138160058,5718.519138160058,500.0,1260.1914643216708,0.0,0,0,0,1
S1,continuous,D,561,53,5610.0,5730.0,5768.24501155587,5768.24501155587,5812.851208048731,120.0,0.0,0.0,0.0,5730.0,5730.0,5802.851208048731,5802.851208048731,350.0,1087.0270493711937,0.0,0,0,0,1
S1,continuous,D,562,27,5620.0,5620.0,5691.647324588594,5691.647324588594,5765.3504577065905,0.0,0.0,0.0,0.0,5620.0,5620.0,5755.3504577065905,5755.3504577065905,450.0,1522.17585876147,0.0,0,0,0,1
S1,continuous,D,563,9,5630.0,5630.0,5696.401101359102,5696.401101359102,5710.298976428655,0.0,0.0,0.0,0.0,5630.0,5630.0,5700.298976428655,5700.298976428655,350.0,1184.5362570113905,0.0,0,0,0,1
S1,continuous,D,564,52,5640.0,5880.0,5954.27736563096,5954.27736563096,6007.980498748957,240.0,0.0,0.0,0.0,5880.0,5880.0,5997.980498748957,5997.980498748957,350.0,1296.7071459580688,0.0,0,0,0,1
S1,continuous,D,565,47,5650.0,5830.0,5877.618966322814,5877.618966322814,5918.181995838537,180.0,0.0,0.0,0.0,5830.0,5830.0,5908.181995838537,5908.181995838537,300.0,682.3863601564473,0.0,0,0,0,0
S1,continuous,D,566,73,5660.0,5660.0,5747.265848091337,5747.265848091337,5824.601059499193,0.0,0.0,0.0,0.0,5660.0,5660.0,5814.601059499193,5814.601059499193,600.0,1853.6060504764996,0.0,0,0,0,1
S1,continuous,D,567,40,5670.0,5670.0,5777.713548711842,5777.713548711842,5855.048760119698,0.0,0.0,0.0,0.0,5670.0,5670.0,5845.048760119698,5845.048760119698,600.0,1366.1924843592033,0.0,0,0,0,1
S1,continuous,D,568,63,5680.0,5920.0,5958.24501155587,5958.24501155587,6002.851208048731,240.0,0.0,0.0,0.0,5920.0,5920.0,5992.851208048731,5992.851208048731,350.0,1087.0270493711937,0.0,0,0,0,1
S1,continuous,D,569,36,5690.0,5990.0,6050.455124794337,6050.455124794337,6077.790336202193,300.0,0.0,0.0,0.0,5990.0,5990.0,6067.790336202193,6067.790336202193,350.0,855.324501051949,0.0,0,0,0,1
S1,continuous,D,570,64,5700.0,5760.0,5832.839160712254,5832.839160712254,5863.392564160663,60.0,0.0,0.0,0.0,5760.0,5760.0,5853.392564160663,5853.392564160663,400.0,1273.9909112560574,0.0,0,0,0,1
S1,continuous,D,571,2,5710.0,5710.0,5769.3512593957685,5769.3512593957685,5783.249134465322,0.0,0.0,0.0,0.0,5710.0,5710.0,5773.249134465322,5773.249134465322,350.0,908.1865149294221,0.0,0,0,0,1
S1,continuous,D,572,44,5720.0,5720.0,5738.162353729606,5738.162353729606,5766.9109177199,0.0,0.0,0.0,0.0,5720.0,5720.0,5756.9109177199,5756.9109177199,300.0,703.7731892733296,2.887572050937365,1,0,1,0
S1,continuous,D,573,43,5730.0,5850.0,5876.831835423165,5876.831835423165,5904.167046831021,120.0,0.0,0.0,0.0,5850.0,5850.0,5894.167046831021,5894.167046831021,350.0,1068.4294559612006,0.0,0,0,0,1
S1,continuous,D,574,71,5740.0,5740.0,5799.3512593957685,5799.3512593957685,5813.249134465322,0.0,0.0,0.0,0.0,5740.0,5740.0,5803.249134465322,5803.249134465322,350.0,908.1865149294221,0.0,0,0,0,1
S1,continuous,D,575,58,5750.0,5870.0,5935.515996640875,5935.515996640875,5972.851208048731,120.0,0.0,0.0,0.0,5870.0,5870.0,5962.851208048731,5962.851208048731,400.0,1187.0270493711937,0.0,0,0,0,1
S1,continuous,D,576,20,5760.0,5760.0,5812.382255606766,5812.382255606766,5851.13081959706,0.0,0.0,0.0,0.0,5760.0,5760.0,5841.13081959706,5841.13081959706,350.0,935.1777433428265,0.0,0,0,0,1
S1,continuous,D,577,31,5770.0,6070.0,6129.185956731666,6129.185956731666,6173.792153224526,300.0,0.0,0.0,0.0,6070.0,6070.0,6163.792153224526,6163.792153224526,350.0,857.068222298903,0.0,0,0,0,1
S1,continuous,D,578,34,5780.0,5840.0,5913.246787003177,5913.246787003177,5996.87326638203,60.0,0.0,0.0,0.0,5840.0,5840.0,5986.87326638203,5986.87326638203,450.0,1317.202746713004,0.0,0,0,0,1
S1,continuous,D,579,69,5790.0,5910.0,5917.684901211089,5917.684901211089,5928.238304659498,120.0,0.0,0.0,0.0,5910.0,5910.0,5918.238304659498,5918.238304659498,300.0,324.7248020254959,0.0,0,0,0,0
S1,continuous,D,580,16,5800.0,5800.0,5857.363836041113,5857.363836041113,5877.917239489522,0.0,0.0,0.0,0.0,5800.0,5800.0,5867.917239489522,5867.917239489522,350.0,1176.3073029231862,0.0,0,0,0,1
S1,continuous,D,581,28,5810.0,5990.0,6013.912941667198,6013.912941667198,6058.519138160058,180.0,0.0,0.0,0.0,5990.0,5990.0,6048.519138160058,6048.519138160058,350.0,960.1914643216708,0.0,0,0,0,1
S1,continuous,D,582,41,5820.0,5940.0,6017.363836041113,6017.363836041113,6057.917239489522,120.0,0.0,0.0,0.0,5940.0,5940.0,6047.917239489522,6047.917239489522,450.0,1376.3073029231862,0.0,0,0,0,1
S1,continuous,D,583,53,5830.0,6070.0,6127.363836041113,6127.363836041113,6147.917239489522,240.0,0.0,0.0,0.0,6070.0,6070.0,6137.917239489522,6137.917239489522,350.0,1176.3073029231862,0.0,0,0,0,1
S1,continuous,D,584,65,5840.0,5900.0,6024.328370974516,6024.328370974516,6101.663582382372,60.0,0.0,0.0,0.0,5900.0,5900.0,6091.663582382372,6091.663582382372,600.0,1668.267893644356,0.0,0,0,0,1
S1,continuous,D,585,57,5850.0,6030.0,6094.354019370104,6094.354019370104,6157.980498748957,180.0,0.0,0.0,0.0,6030.0,6030.0,6147.980498748957,6147.980498748957,350.0,1296.707145958069,0.0,0,0,0,1
S1,continuous,D,586,5,5860.0,5980.0,5996.155434098947,5996.155434098947,6059.7819134778,120.0,0.0,0.0,0.0,5980.0,5980.0,6049.7819134778,6049.7819134778,350.0,538.1257075349661,0.0,0,0,0,1
S1,continuous,D,587,50,5870.0,5930.0,6000.4122260753065,6000.4122260753065,6050.975255591029,60.0,0.0,0.0,0.0,5930.0,5930.0,6040.975255591029,6040.975255591029,350.0,1023.3306575697493,0.0,0,0,0,1
S1,continuous,D,588,44,5880.0,5880.0,5966.064652285672,5966.064652285672,6019.962527355226,0.0,0.0,0.0,0.0,5880.0,5880.0,6009.962527355226,6009.962527355226,550.0,1150.9714149911492,0.0,0,0,0,1
S1,continuous,D,589,11,5890.0,5950.0,6019.3512593957685,6019.3512593957685,6043.249134465322,60.0,0.0,0.0,0.0,5950.0,5950.0,6033.249134465322,6033.249134465322,400.0,1008.1865149294221,0.0,0,0,0,1
S1,continuous,D,590,17,5900.0,5900.0,5938.588049609641,5938.588049609641,5979.151079125363,0.0,0.0,0.0,0.0,5900.0,5900.0,5969.151079125363,5969.151079125363,300.0,641.3030044949385,0.0,0,0,0,0
S1,continuous,D,591,70,5910.0,5970.0,6036.685230614702,6036.685230614702,6120.311709993555,60.0,0.0,0.0,0.0,5970.0,5970.0,6110.311709993555,6110.311709993555,450.0,1240.9863251396716,0.0,0,0,0,1
S1,continuous,D,592,61,5920.0,6100.0,6126.831835423165,6126.831835423165,6154.167046831021,180.0,0.0,0.0,0.0,6100.0,6100.0,6144.167046831021,6144.167046831021,350.0,1068.4294559612006,0.0,0,0,0,1
S1,continuous,D,593,38,5930.0,5930.0,5967.265848091337,5967.265848091337,5994.601059499193,0.0,0.0,0.0,0.0,5930.0,5930.0,5984.601059499193,5984.601059499193,350.0,1353.6060504764996,0.0,0,0,0,1
S1,continuous,D,594,62,5940.0,6180.0,6213.311042996662,6213.311042996662,6257.917239489522,240.0,0.0,0.0,0.0,6180.0,6180.0,6247.917239489522,6247.917239489522,350.0,1176.307302923186,0.0,0,0,0,1
S1,continuous,D,595,13,5950.0,6130.0,6199.886736868065,6199.886736868065,6220.440140316474,180.0,0.0,0.0,0.0,6130.0,6130.0,6210.440140316474,6210.440140316474,350.0,1450.1895995032548,0.0,0,0,0,1
S1,continuous,D,596,48,5960.0,6140.0,6180.269171761468,6180.269171761468,6194.167046831021,180.0,0.0,0.0,0.0,6140.0,6140.0,6184.167046831021,6184.167046831021,350.0,1068.4294559612006,0.0,0,0,0,1
S1,continuous,D,597,29,5970.0,6030.0,6110.0890201065295,6110.0890201065295,6193.792153224526,60.0,0.0,0.0,0.0,6030.0,6030.0,6183.792153224526,6183.792153224526,500.0,1157.068222298903,0.0,0,0,0,1
S1,continuous,D,598,20,5980.0,6100.0,6159.185956731666,6159.185956731666,6203.792153224526,120.0,0.0,0.0,0.0,6100.0,6100.0,6193.792153224526,6193.792153224526,350.0,857.068222298903,0.0,0,0,0,1
S1,continuous,D,599,14,5990.0,6230.0,6304.328370974516,6304.328370974516,6331.663582382372,240.0,0.0,0.0,0.0,6230.0,6230.0,6321.663582382372,6321.663582382372,350.0,1168.267893644356,0.0,0,0,0,1
S1,continuous,D,600,60,6000.0,6000.0,6036.357514271491,6036.357514271491,6046.9109177199,0.0,0.0,0.0,0.0,6000.0,6000.0,6036.9109177199,6036.9109177199,300.0,703.7731892733298,2.887572050937365,1,0,1,0
S1,continuous,D,601,42,6010.0,6010.0,6122.839160712254,6122.839160712254,6193.392564160663,0.0,0.0,0.0,0.0,6010.0,6010.0,6183.392564160663,6183.392564160663,600.0,1673.9909112560574,0.0,0,0,0,1
S1,continuous,D,602,19,6020.0,6020.0,6064.047656050784,6064.047656050784,6084.601059499193,0.0,0.0,0.0,0.0,6020.0,6020.0,6074.601059499193,6074.601059499193,350.0,1353.6060504764996,0.0,0,0,0,1
S1,continuous,D,603,40,6030.0,6210.0,6254.047656050784,6254.047656050784,6274.601059499193,180.0,0.0,0.0,0.0,6210.0,6210.0,6264.601059499193,6264.601059499193,350.0,1353.6060504764996,0.0,0,0,0,1
S1,continuous,D,604,15,6040.0,6280.0,6333.246787003177,6333.246787003177,6396.87326638203,240.0,0.0,0.0,0.0,6280.0,6280.0,6386.87326638203,6386.87326638203,350.0,1117.202746713004,0.0,0,0,0,1
S1,continuous,D,605,32,6050.0,6110.0,6174.47886272054,6174.47886272054,6238.181995838537,60.0,0.0,0.0,0.0,6110.0,6110.0,6228.181995838537,6228.181995838537,400.0,882.3863601564473,0.0,0,0,0,1
S1,continuous,D,606,46,6060.0,6060.0,6116.685230614702,6116.685230614702,6190.311709993555,0.0,0.0,0.0,0.0,6060.0,6060.0,6180.311709993555,6180.311709993555,400.0,1140.9863251396716,0.0,0,0,0,1
S1,continuous,D,607,4,6070.0,6130.0,6208.588049609641,6208.588049609641,6289.151079125363,60.0,0.0,0.0,0.0,6130.0,6130.0,6279.151079125363,6279.151079125363,500.0,1041.3030044949385,0.0,0,0,0,1
S1,continuous,D,608,68,6080.0,6260.0,6294.0872030841965,6294.0872030841965,6347.790336202193,180.0,0.0,0.0,0.0,6260.0,6260.0,6337.790336202193,6337.790336202193,350.0,855.324501051949,0.0,0,0,0,1
S1,continuous,D,609,17,6090.0,6090.0,6181.647324588594,6181.647324588594,6275.3504577065905,0.0,0.0,0.0,0.0,6090.0,6090.0,6265.3504577065905,6265.3504577065905,550.0,1722.17585876147,0.0,0,0,0,1
S1,continuous,D,610,37,6100.0,6340.0,6397.363836041113,6397.363836041113,6417.917239489522,240.0,0.0,0.0,0.0,6340.0,6340.0,6407.917239489522,6407.917239489522,350.0,1176.3073029231862,0.0,0,0,0,1
S1,continuous,D,611,54,6110.0,6170.0,6232.839160712254,6232.839160712254,6253.392564160663,60.0,0.0,0.0,0.0,6170.0,6170.0,6243.392564160663,6243.392564160663,350.0,1173.9909112560576,0.0,0,0,0,1
S1,continuous,D,612,8,6120.0,6300.0,6337.265848091337,6337.265848091337,6364.601059499193,180.0,0.0,0.0,0.0,6300.0,6300.0,6354.601059499193,6354.601059499193,350.0,1353.6060504764996,0.0,0,0,0,1
S1,continuous,D,613,55,6130.0,6310.0,6386.601893716297,6386.601893716297,6435.3504577065905,180.0,0.0,0.0,0.0,6310.0,6310.0,6425.3504577065905,6425.3504577065905,400.0,1422.17585876147,0.0,0,0,0,1
S1,continuous,D,614,73,6140.0,6140.0,6154.3404295899445,6154.3404295899445,6158.238304659498,0.0,0.0,0.0,0.0,6140.0,6140.0,6154.3404295899445,6154.3404295899445,300.0,324.72480202549593,0.0,0,0,0,0
S1,continuous,D,615,70,6150.0,6270.0,6339.3512593957685,6339.3512593957685,6363.249134465322,120.0,0.0,0.0,0.0,6270.0,6270.0,6353.249134465322,6353.249134465322,400.0,1008.1865149294221,0.0,0,0,0,1
S1,continuous,D,616,61,6160.0,6400.0,6454.621263090505,6454.621263090505,6468.519138160058,240.0,0.0,0.0,0.0,6400.0,6400.0,6458.519138160058,6458.519138160058,350.0,960.1914643216708,0.0,0,0,0,1
S1,continuous,D,617,51,6170.0,6170.0,6193.912941667198,6193.912941667198,6238.519138160058,0.0,0.0,0.0,0.0,6170.0,6170.0,6228.519138160058,6228.519138160058,350.0,960.1914643216708,0.0,0,0,0,1
S1,continuous,D,618,6,6180.0,6240.0,6290.294997177362,6290.294997177362,6319.043561167656,60.0,0.0,0.0,0.0,6240.0,6240.0,6309.043561167656,6309.043561167656,300.0,995.355811639425,0.0,0,0,0,0
S1,continuous,D,619,33,6190.0,6310.0,6356.737007198477,6356.737007198477,6420.440140316474,120.0,0.0,0.0,0.0,6310.0,6310.0,6410.440140316474,6410.440140316474,400.0,1550.189599503255,0.0,0,0,0,1
S1,continuous,D,620,24,6200.0,6260.0,6346.401101359102,6346.401101359102,6380.298976428655,60.0,0.0,0.0,0.0,6260.0,6260.0,6370.298976428655,6370.298976428655,450.0,1384.5362570113905,0.0,0,0,0,1
S1,continuous,D,621,67,6210.0,6450.0,6504.621263090505,6504.621263090505,6518.519138160058,240.0,0.0,0.0,0.0,6450.0,6450.0,6508.519138160058,6508.519138160058,350.0,960.1914643216708,0.0,0,0,0,1
S1,continuous,D,622,58,6220.0,6220.0,6243.912941667198,6243.912941667198,6288.519138160058,0.0,0.0,0.0,0.0,6220.0,6220.0,6278.519138160058,6278.519138160058,350.0,960.1914643216708,0.0,0,0,0,1
S1,continuous,D,623,71,6230.0,6230.0,6306.524623104199,6306.524623104199,6381.13081959706,0.0,0.0,0.0,0.0,6230.0,6230.0,6371.13081959706,6371.13081959706,500.0,1235.1777433428265,0.0,0,0,0,1
S1,continuous,D,624,39,6240.0,6300.0,6366.685230614702,6366.685230614702,6450.311709993555,60.0,0.0,0.0,0.0,6300.0,6300.0,6440.311709993555,6440.311709993555,450.0,1240.9863251396716,0.0,0,0,0,1
S1,continuous,D,625,36,6250.0,6370.0,6406.737007198477,6406.737007198477,6460.440140316474,120.0,0.0,0.0,0.0,6370.0,6370.0,6450.440140316474,6450.440140316474,350.0,1450.189599503255,0.0,0,0,0,1
S1,continuous,D,626,44,6260.0,6320.0,6399.3512593957685,6399.3512593957685,6433.249134465322,60.0,0.0,0.0,0.0,6320.0,6320.0,6423.249134465322,6423.249134465322,450.0,1108.1865149294222,0.0,0,0,0,1
S1,continuous,D,627,49,6270.0,6270.0,6310.269171761468,6310.269171761468,6324.167046831021,0.0,0.0,0.0,0.0,6270.0,6270.0,6314.167046831021,6314.167046831021,350.0,1068.4294559612006,0.0,0,0,0,1
S1,continuous,D,628,0,6280.0,6460.0,6486.595843310658,6486.595843310658,6540.298976428655,180.0,0.0,0.0,0.0,6460.0,6460.0,6530.298976428655,6530.298976428655,350.0,1184.5362570113907,0.0,0,0,0,1
S1,continuous,D,629,69,6290.0,6470.0,6526.685230614702,6526.685230614702,6600.311709993555,180.0,0.0,0.0,0.0,6470.0,6470.0,6590.311709993555,6590.311709993555,400.0,1140.9863251396716,0.0,0,0,0,1
S1,continuous,D,630,30,6300.0,6300.0,6357.348776212176,6357.348776212176,6420.975255591029,0.0,0.0,0.0,0.0,6300.0,6300.0,6410.975255591029,6410.975255591029,350.0,1023.3306575697493,0.0,0,0,0,1
S1,continuous,D,631,5,6310.0,6310.0,6397.363836041113,6397.363836041113,6447.917239489522,0.0,0.0,0.0,0.0,6310.0,6310.0,6437.917239489522,6437.917239489522,500.0,1476.3073029231862,0.0,0,0,0,1
S1,continuous,D,632,35,6320.0,6440.0,6514.27736563096,6514.27736563096,6567.980498748957,120.0,0.0,0.0,0.0,6440.0,6440.0,6557.980498748957,6557.980498748957,350.0,1296.7071459580688,0.0,0,0,0,1
S1,continuous,D,633,20,6330.0,6570.0,6625.884038408247,6625.884038408247,6629.7819134778,240.0,0.0,0.0,0.0,6570.0,6570.0,6625.884038408247,6625.884038408247,300.0,438.125707534966,0.0,0,0,0,0
S1,continuous,D,634,13,6340.0,6580.0,6606.595843310658,6606.595843310658,6660.298976428655,240.0,0.0,0.0,0.0,6580.0,6580.0,6650.298976428655,6650.298976428655,350.0,1184.5362570113907,0.0,0,0,0,1
S1,continuous,D,635,54,6350.0,6470.0,6502.82953464494,6502.82953464494,6553.392564160663,120.0,0.0,0.0,0.0,6470.0,6470.0,6543.392564160663,6543.392564160663,350.0,1173.9909112560574,0.0,0,0,0,1
S1,continuous,D,636,59,6360.0,6660.0,6734.27736563096,6734.27736563096,6787.980498748957,300.0,0.0,0.0,0.0,6660.0,6660.0,6777.980498748957,6777.980498748957,350.0,1296.7071459580688,0.0,0,0,0,1
S1,continuous,D,637,49,6370.0,6370.0,6414.544882632503,6414.544882632503,6449.151079125363,0.0,0.0,0.0,0.0,6370.0,6370.0,6439.151079125363,6439.151079125363,300.0,641.3030044949385,0.0,0,0,0,0
S1,continuous,D,638,60,6380.0,6440.0,6514.47886272054,6514.47886272054,6588.181995838537,60.0,0.0,0.0,0.0,6440.0,6440.0,6578.181995838537,6578.181995838537,450.0,982.3863601564473,0.0,0,0,0,1
S1,continuous,D,639,50,6390.0,6390.0,6454.047656050784,6454.047656050784,6494.601059499193,0.0,0.0,0.0,0.0,6390.0,6390.0,6484.601059499193,6484.601059499193,450.0,1553.6060504764996,0.0,0,0,0,1
S1,continuous,D,640,52,6400.0,6520.0,6556.737007198477,6556.737007198477,6610.440140316474,120.0,0.0,0.0,0.0,6520.0,6520.0,6600.440140316474,6600.440140316474,350.0,1450.189599503255,0.0,0,0,0,1
S1,continuous,D,641,51,6410.0,6530.0,6566.357514271491,6566.357514271491,6576.9109177199,120.0,0.0,0.0,0.0,6530.0,6530.0,6566.9109177199,6566.9109177199,300.0,703.7731892733298,2.887572050937365,1,0,1,0
S1,continuous,D,642,62,6420.0,6420.0,6486.524623104199,6486.524623104199,6551.13081959706,0.0,0.0,0.0,0.0,6420.0,6420.0,6541.13081959706,6541.13081959706,450.0,1135.1777433428265,0.0,0,0,0,1
S1,continuous,D,643,68,6430.0,6430.0,6526.601893716297,6526.601893716297,6595.3504577065905,0.0,0.0,0.0,0.0,6430.0,6430.0,6585.3504577065905,6585.3504577065905,500.0,1622.17585876147,0.0,0,0,0,1
S1,continuous,D,644,53,6440.0,6500.0,6563.246787003177,6563.246787003177,6636.87326638203,60.0,0.0,0.0,0.0,6500.0,6500.0,6626.87326638203,6626.87326638203,400.0,1217.202746713004,0.0,0,0,0,1
S1,continuous,D,645,9,6450.0,6630.0,6685.515996640875,6685.515996640875,6712.851208048731,180.0,0.0,0.0,0.0,6630.0,6630.0,6702.851208048731,6702.851208048731,350.0,1087.0270493711937,0.0,0,0,0,1
S1,continuous,D,646,33,6460.0,6700.0,6766.401101359102,6766.401101359102,6780.298976428655,240.0,0.0,0.0,0.0,6700.0,6700.0,6770.298976428655,6770.298976428655,350.0,1184.5362570113905,0.0,0,0,0,1
S1,continuous,D,647,7,6470.0,6590.0,6637.618966322814,6637.618966322814,6678.181995838537,120.0,0.0,0.0,0.0,6590.0,6590.0,6668.181995838537,6668.181995838537,300.0,682.3863601564473,0.0,0,0,0,0
S1,continuous,D,648,25,6480.0,6540.0,6577.265848091337,6577.265848091337,6604.601059499193,60.0,0.0,0.0,0.0,6540.0,6540.0,6594.601059499193,6594.601059499193,350.0,1353.6060504764996,0.0,0,0,0,1
S1,continuous,D,649,41,6490.0,6670.0,6736.601893716297,6736.601893716297,6775.3504577065905,180.0,0.0,0.0,0.0,6670.0,6670.0,6765.3504577065905,6765.3504577065905,350.0,1322.17585876147,0.0,0,0,0,1
S1,continuous,D,650,44,6500.0,6680.0,6746.737007198477,6746.737007198477,6830.440140316474,180.0,0.0,0.0,0.0,6680.0,6680.0,6820.440140316474,6820.440140316474,500.0,1750.189599503255,0.0,0,0,0,1
S1,continuous,D,651,21,6510.0,6750.0,6804.621263090505,6804.621263090505,6818.519138160058,240.0,0.0,0.0,0.0,6750.0,6750.0,6808.519138160058,6808.519138160058,350.0,960.1914643216708,0.0,0,0,0,1
S1,continuous,D,652,58,6520.0,6700.0,6772.26706988917,6772.26706988917,6816.87326638203,180.0,0.0,0.0,0.0,6700.0,6700.0,6806.87326638203,6806.87326638203,350.0,1117.202746713004,0.0,0,0,0,1
S1,continuous,D,653,39,6530.0,6650.0,6688.480531651933,6688.480531651933,6729.043561167656,120.0,0.0,0.0,0.0,6650.0,6650.0,6719.043561167656,6719.043561167656,300.0,995.355811639425,0.0,0,0,0,0
S1,continuous,D,654,27,6540.0,6540.0,6602.839160712254,6602.839160712254,6623.392564160663,0.0,0.0,0.0,0.0,6540.0,6540.0,6613.392564160663,6613.392564160663,350.0,1173.9909112560576,0.0,0,0,0,1
S1,continuous,D,655,8,6550.0,6670.0,6750.269171761468,6750.269171761468,6804.167046831021,120.0,0.0,0.0,0.0,6670.0,6670.0,6794.167046831021,6794.167046831021,550.0,1468.4294559612006,0.0,0,0,0,1
S1,continuous,D,656,71,6560.0,6620.0,6699.66848974055,6699.66848974055,6730.221893188959,60.0,0.0,0.0,0.0,6620.0,6620.0,6720.221893188959,6720.221893188959,400.0,923.7001049161106,0.0,0,0,0,1
S1,continuous,D,657,29,6570.0,6630.0,6700.455124794337,6700.455124794337,6737.790336202193,60.0,0.0,0.0,0.0,6630.0,6630.0,6727.790336202193,6727.790336202193,400.0,955.324501051949,0.0,0,0,0,1
S1,continuous,D,658,54,6580.0,6820.0,6889.66848974055,6889.66848974055,6910.221893188959,240.0,0.0,0.0,0.0,6820.0,6820.0,6900.221893188959,6900.221893188959,350.0,823.7001049161106,0.0,0,0,0,1
S1,continuous,D,659,5,6590.0,6590.0,6653.311042996662,6653.311042996662,6727.917239489522,0.0,0.0,0.0,0.0,6590.0,6590.0,6717.917239489522,6717.917239489522,500.0,1476.307302923186,0.0,0,0,0,1
S1,continuous,D,660,45,6600.0,6660.0,6692.686104949599,6692.686104949599,6753.249134465322,60.0,0.0,0.0,0.0,6660.0,6660.0,6743.249134465322,6743.249134465322,400.0,1008.1865149294221,0.0,0,0,0,1
S1,continuous,D,661,57,6610.0,6730.0,6806.685230614702,6806.685230614702,6900.311709993555,120.0,0.0,0.0,0.0,6730.0,6730.0,6890.311709993555,6890.311709993555,500.0,1340.9863251396716,0.0,0,0,0,1
S1,continuous,D,662,60,6620.0,6920.0,6943.912941667198,6943.912941667198,6988.519138160058,300.0,0.0,0.0,0.0,6920.0,6920.0,6978.519138160058,6978.519138160058,350.0,960.1914643216708,0.0,0,0,0,1
S1,continuous,D,663,12,6630.0,6930.0,7004.328370974516,7004.328370974516,7031.663582382372,300.0,0.0,0.0,0.0,6930.0,6930.0,7021.663582382372,7021.663582382372,350.0,1168.267893644356,0.0,0,0,0,1
S1,continuous,D,664,66,6640.0,6820.0,6864.47886272054,6864.47886272054,6908.181995838537,180.0,0.0,0.0,0.0,6820.0,6820.0,6898.181995838537,6898.181995838537,300.0,682.3863601564473,0.0,0,0,0,0
S1,continuous,D,665,25,6650.0,6830.0,6885.515996640875,6885.515996640875,6912.851208048731,180.0,0.0,0.0,0.0,6830.0,6830.0,6902.851208048731,6902.851208048731,350.0,1087.0270493711937,0.0,0,0,0,1
S1,continuous,D,666,16,6660.0,6840.0,6866.831835423165,6866.831835423165,6894.167046831021,180.0,0.0,0.0,0.0,6840.0,6840.0,6884.167046831021,6884.167046831021,350.0,1068.4294559612006,0.0,0,0,0,1
S1,continuous,D,667,53,6670.0,6730.0,6785.884038408247,6785.884038408247,6789.7819134778,60.0,0.0,0.0,0.0,6730.0,6730.0,6785.884038408247,6785.884038408247,300.0,438.125707534966,0.0,0,0,0,0
S1,continuous,D,668,37,6680.0,6680.0,6735.216002437358,6735.216002437358,6762.551213845214,0.0,0.0,0.0,0.0,6680.0,6680.0,6752.551213845214,6752.551213845214,350.0,1428.2481067950264,0.0,0,0,0,1
S1,continuous,D,669,34,6690.0,6870.0,6949.185956731666,6949.185956731666,7013.792153224526,180.0,0.0,0.0,0.0,6870.0,6870.0,7003.792153224526,7003.792153224526,450.0,1057.068222298903,0.0,0,0,0,1
S1,continuous,D,670,15,6700.0,6760.0,6797.265848091337,6797.265848091337,6824.601059499193,60.0,0.0,0.0,0.0,6760.0,6760.0,6814.601059499193,6814.601059499193,350.0,1353.6060504764996,0.0,0,0,0,1
S1,continuous,D,671,36,6710.0,6830.0,6866.064652285672,6866.064652285672,6869.962527355226,120.0,0.0,0.0,0.0,6830.0,6830.0,6866.064652285672,6866.064652285672,300.0,650.9714149911492,0.0,0,0,0,0
S1,continuous,D,672,62,6720.0,6840.0,6916.595413810106,6916.595413810106,7030.221893188959,120.0,0.0,0.0,0.0,6840.0,6840.0,7020.221893188959,7020.221893188959,600.0,1323.7001049161104,0.0,0,0,0,1
S1,continuous,D,673,70,6730.0,6790.0,6864.621263090505,6864.621263090505,6898.519138160058,60.0,0.0,0.0,0.0,6790.0,6790.0,6888.519138160058,6888.519138160058,450.0,1160.1914643216708,0.0,0,0,0,1
S1,continuous,D,674,28,6740.0,6860.0,6912.382255606766,6912.382255606766,6951.13081959706,120.0,0.0,0.0,0.0,6860.0,6860.0,6941.13081959706,6941.13081959706,350.0,935.1777433428265,0.0,0,0,0,1
S1,continuous,D,675,0,6750.0,6870.0,6934.047656050784,6934.047656050784,6974.601059499193,120.0,0.0,0.0,0.0,6870.0,6870.0,6964.601059499193,6964.601059499193,450.0,1553.6060504764996,0.0,0,0,0,1
S1,continuous,D,676,39,6760.0,6820.0,6900.455124794337,6900.455124794337,6947.790336202193,60.0,0.0,0.0,0.0,6820.0,6820.0,6937.790336202193,6937.790336202193,450.0,1055.324501051949,0.0,0,0,0,1
S1,continuous,D,677,22,6770.0,6950.0,6983.912941667198,6983.912941667198,7038.519138160058,180.0,0.0,0.0,0.0,6950.0,6950.0,7028.519138160058,7028.519138160058,400.0,1060.1914643216708,0.0,0,0,0,1
S1,continuous,D,678,37,6780.0,6900.0,6938.588049609641,6938.588049609641,6979.151079125363,120.0,0.0,0.0,0.0,6900.0,6900.0,6969.151079125363,6969.151079125363,300.0,641.3030044949385,0.0,0,0,0,0
S1,continuous,D,679,6,6790.0,7030.0,7053.912941667198,7053.912941667198,7098.519138160058,240.0,0.0,0.0,0.0,7030.0,7030.0,7088.519138160058,7088.519138160058,350.0,960.1914643216708,0.0,0,0,0,1
S1,continuous,D,680,55,6800.0,6800.0,6852.382255606766,6852.382255606766,6891.13081959706,0.0,0.0,0.0,0.0,6800.0,6800.0,6881.13081959706,6881.13081959706,350.0,935.1777433428265,0.0,0,0,0,1
S1,continuous,D,681,1,6810.0,6810.0,6891.647324588594,6891.647324588594,6975.3504577065905,0.0,0.0,0.0,0.0,6810.0,6810.0,6965.3504577065905,6965.3504577065905,500.0,1622.17585876147,0.0,0,0,0,1
S1,continuous,D,682,42,6820.0,6880.0,6973.246787003177,6973.246787003177,7076.87326638203,60.0,0.0,0.0,0.0,6880.0,6880.0,7066.87326638203,7066.87326638203,550.0,1517.202746713004,0.0,0,0,0,1
S1,continuous,D,683,38,6830.0,6950.0,6997.618966322814,6997.618966322814,7038.181995838537,120.0,0.0,0.0,0.0,6950.0,6950.0,7028.181995838537,7028.181995838537,300.0,682.3863601564473,0.0,0,0,0,0
S1,continuous,D,684,65,6840.0,6960.0,7008.24501155587,7008.24501155587,7062.851208048731,120.0,0.0,0.0,0.0,6960.0,6960.0,7052.851208048731,7052.851208048731,400.0,1187.0270493711937,0.0,0,0,0,1
S1,continuous,D,685,30,6850.0,6910.0,7007.348776212176,7007.348776212176,7110.975255591029,60.0,0.0,0.0,0.0,6910.0,6910.0,7100.975255591029,7100.975255591029,550.0,1423.3306575697493,0.0,0,0,0,1
S1,continuous,D,686,3,6860.0,7100.0,7174.328370974516,7174.328370974516,7201.663582382372,240.0,0.0,0.0,0.0,7100.0,7100.0,7191.663582382372,7191.663582382372,350.0,1168.267893644356,0.0,0,0,0,1
S1,continuous,D,687,68,6870.0,6990.0,7053.802649854921,7053.802649854921,7112.551213845214,120.0,0.0,0.0,0.0,6990.0,6990.0,7102.551213845214,7102.551213845214,450.0,1628.2481067950264,0.0,0,0,0,1
S1,continuous,D,688,47,6880.0,6940.0,6958.162353729606,6958.162353729606,6986.9109177199,60.0,0.0,0.0,0.0,6940.0,6940.0,6976.9109177199,6976.9109177199,300.0,703.7731892733296,2.887572050937365,1,0,1,0
S1,continuous,D,689,73,6890.0,7070.0,7123.246787003177,7123.246787003177,7186.87326638203,180.0,0.0,0.0,0.0,7070.0,7070.0,7176.87326638203,7176.87326638203,350.0,1117.202746713004,0.0,0,0,0,1
S1,continuous,D,690,43,6900.0,7020.0,7083.802649854921,7083.802649854921,7142.551213845214,120.0,0.0,0.0,0.0,7020.0,7020.0,7132.551213845214,7132.551213845214,450.0,1628.2481067950264,0.0,0,0,0,1
S1,continuous,D,691,9,6910.0,7090.0,7140.294997177362,7140.294997177362,7169.043561167656,180.0,0.0,0.0,0.0,7090.0,7090.0,7159.043561167656,7159.043561167656,300.0,995.355811639425,0.0,0,0,0,0
S1,continuous,D,692,41,6920.0,7220.0,7290.4122260753065,7290.4122260753065,7340.975255591029,300.0,0.0,0.0,0.0,7220.0,7220.0,7330.975255591029,7330.975255591029,350.0,1023.3306575697493,0.0,0,0,0,1
S1,continuous,D,693,44,6930.0,6990.0,7056.401101359102,7056.401101359102,7070.298976428655,60.0,0.0,0.0,0.0,6990.0,6990.0,7060.298976428655,7060.298976428655,350.0,1184.5362570113905,0.0,0,0,0,1
S1,continuous,D,694,11,6940.0,6940.0,6978.480531651933,6978.480531651933,7019.043561167656,0.0,0.0,0.0,0.0,6940.0,6940.0,7009.043561167656,7009.043561167656,300.0,995.355811639425,0.0,0,0,0,0
S1,continuous,D,695,74,6950.0,7190.0,7264.328370974516,7264.328370974516,7291.663582382372,240.0,0.0,0.0,0.0,7190.0,7190.0,7281.663582382372,7281.663582382372,350.0,1168.267893644356,0.0,0,0,0,1
S1,continuous,D,696,7,6960.0,6960.0,7059.3512593957685,7059.3512593957685,7113.249134465322,0.0,0.0,0.0,0.0,6960.0,6960.0,7103.249134465322,7103.249134465322,550.0,1308.186514929422,0.0,0,0,0,1
S1,continuous,D,697,66,6970.0,7030.0,7044.3404295899445,7044.3404295899445,7048.238304659498,60.0,0.0,0.0,0.0,7030.0,7030.0,7044.3404295899445,7044.3404295899445,300.0,324.72480202549593,0.0,0,0,0,0
S1,continuous,D,698,17,6980.0,7100.0,7107.684901211089,7107.684901211089,7118.238304659498,120.0,0.0,0.0,0.0,7100.0,7100.0,7108.238304659498,7108.238304659498,300.0,324.7248020254959,0.0,0,0,0,0
S1,continuous,D,699,64,6990.0,6990.0,7037.265848091337,7037.265848091337,7074.601059499193,0.0,0.0,0.0,0.0,6990.0,6990.0,7064.601059499193,7064.601059499193,400.0,1453.6060504764996,0.0,0,0,0,1
S1,continuous,D,700,29,7000.0,7120.0,7177.363836041113,7177.363836041113,7197.917239489522,120.0,0.0,0.0,0.0,7120.0,7120.0,7187.917239489522,7187.917239489522,350.0,1176.3073029231862,0.0,0,0,0,1
S1,continuous,D,701,20,7010.0,7250.0,7308.0371030035185,7308.0371030035185,7391.663582382372,240.0,0.0,0.0,0.0,7250.0,7250.0,7381.663582382372,7381.663582382372,450.0,1368.267893644356,0.0,0,0,0,1
S1,continuous,D,702,25,7020.0,7200.0,7276.831835423165,7276.831835423165,7354.167046831021,180.0,0.0,0.0,0.0,7200.0,7200.0,7344.167046831021,7344.167046831021,600.0,1568.4294559612006,0.0,0,0,0,1
S1,continuous,D,703,15,7030.0,7030.0,7036.155434098947,7036.155434098947,7089.7819134778,0.0,0.0,0.0,0.0,7030.0,7030.0,7079.7819134778,7079.7819134778,300.0,438.125707534966,0.0,0,0,0,0
S1,continuous,D,704,38,7040.0,7100.0,7144.3404295899445,7144.3404295899445,7178.238304659498,60.0,0.0,0.0,0.0,7100.0,7100.0,7168.238304659498,7168.238304659498,450.0,624.7248020254959,0.0,0,0,0,1
S1,continuous,D,705,27,7050.0,7290.0,7359.66848974055,7359.66848974055,7380.221893188959,240.0,0.0,0.0,0.0,7290.0,7290.0,7370.221893188959,7370.221893188959,350.0,823.7001049161106,0.0,0,0,0,1
S1,continuous,D,706,62,7060.0,7060.0,7157.348776212176,7157.348776212176,7260.975255591029,0.0,0.0,0.0,0.0,7060.0,7060.0,7250.975255591029,7250.975255591029,550.0,1423.3306575697493,0.0,0,0,0,1
S1,continuous,D,707,16,7070.0,7190.0,7242.382255606766,7242.382255606766,7281.13081959706,120.0,0.0,0.0,0.0,7190.0,7190.0,7271.13081959706,7271.13081959706,350.0,935.1777433428265,0.0,0,0,0,1
S1,continuous,D,708,47,7080.0,7380.0,7435.884038408247,7435.884038408247,7439.7819134778,300.0,0.0,0.0,0.0,7380.0,7380.0,7435.884038408247,7435.884038408247,300.0,438.125707534966,0.0,0,0,0,0
S1,continuous,D,709,48,7090.0,7390.0,7406.155434098947,7406.155434098947,7469.7819134778,300.0,0.0,0.0,0.0,7390.0,7390.0,7459.7819134778,7459.7819134778,350.0,538.1257075349661,0.0,0,0,0,1
S1,continuous,D,710,28,7100.0,7160.0,7254.354019370104,7254.354019370104,7347.980498748957,60.0,0.0,0.0,0.0,7160.0,7160.0,7337.980498748957,7337.980498748957,500.0,1596.7071459580688,0.0,0,0,0,1
S1,continuous,D,711,67,7110.0,7230.0,7350.4122260753065,7350.4122260753065,7450.975255591029,120.0,0.0,0.0,0.0,7230.0,7230.0,7440.975255591029,7440.975255591029,600.0,1523.3306575697493,0.0,0,0,0,1
S1,continuous,D,712,23,7120.0,7180.0,7248.588049609641,7248.588049609641,7319.151079125363,60.0,0.0,0.0,0.0,7180.0,7180.0,7309.151079125363,7309.151079125363,450.0,941.3030044949385,0.0,0,0,0,1
S1,continuous,D,713,22,7130.0,7250.0,7307.363836041113,7307.363836041113,7327.917239489522,120.0,0.0,0.0,0.0,7250.0,7250.0,7317.917239489522,7317.917239489522,350.0,1176.3073029231862,0.0,0,0,0,1
S1,continuous,D,714,30,7140.0,7260.0,7332.26706988917,7332.26706988917,7376.87326638203,120.0,0.0,0.0,0.0,7260.0,7260.0,7366.87326638203,7366.87326638203,350.0,1117.202746713004,0.0,0,0,0,1
S1,continuous,D,715,31,7150.0,7150.0,7205.884038408247,7205.884038408247,7209.7819134778,0.0,0.0,0.0,0.0,7150.0,7150.0,7205.884038408247,7205.884038408247,300.0,438.125707534966,0.0,0,0,0,0
S1,continuous,D,716,71,7160.0,7340.0,7408.0371030035185,7408.0371030035185,7501.663582382372,180.0,0.0,0.0,0.0,7340.0,7340.0,7491.663582382372,7491.663582382372,500.0,1468.267893644356,0.0,0,0,0,1
S1,continuous,D,717,4,7170.0,7350.0,7426.685230614702,7426.685230614702,7520.311709993555,180.0,0.0,0.0,0.0,7350.0,7350.0,7510.311709993555,7510.311709993555,500.0,1340.9863251396716,0.0,0,0,0,1
S1,continuous,D,718,8,7180.0,7180.0,7216.357514271491,7216.357514271491,7226.9109177199,0.0,0.0,0.0,0.0,7180.0,7180.0,7216.9109177199,7216.9109177199,300.0,703.7731892733298,2.887572050937365,1,0,1,0
S1,continuous,D,719,12,7190.0,7370.0,7396.831835423165,7396.831835423165,7424.167046831021,180.0,0.0,0.0,0.0,7370.0,7370.0,7414.167046831021,7414.167046831021,350.0,1068.4294559612006,0.0,0,0,0,1
S1,continuous,D,720,72,7200.0,7260.0,7297.265848091337,7297.265848091337,7324.601059499193,60.0,0.0,0.0,0.0,7260.0,7260.0,7314.601059499193,7314.601059499193,350.0,1353.6060504764996,0.0,0,0,0,1
S1,continuous,D,721,29,7210.0,7390.0,7424.0872030841965,7424.0872030841965,7477.790336202193,180.0,0.0,0.0,0.0,7390.0,7390.0,7467.790336202193,7467.790336202193,350.0,855.324501051949,0.0,0,0,0,1
S1,continuous,D,722,56,7220.0,7400.0,7455.216002437358,7455.216002437358,7482.551213845214,180.0,0.0,0.0,0.0,7400.0,7400.0,7472.551213845214,7472.551213845214,350.0,1428.2481067950264,0.0,0,0,0,1
S1,continuous,D,723,39,7230.0,7350.0,7415.515996640875,7415.515996640875,7452.851208048731,120.0,0.0,0.0,0.0,7350.0,7350.0,7442.851208048731,7442.851208048731,400.0,1187.0270493711937,0.0,0,0,0,1
S1,continuous,D,724,63,7240.0,7240.0,7284.47886272054,7284.47886272054,7328.181995838537,0.0,0.0,0.0,0.0,7240.0,7240.0,7318.181995838537,7318.181995838537,300.0,682.3863601564473,0.0,0,0,0,0
S1,continuous,D,725,0,7250.0,7550.0,7590.269171761468,7590.269171761468,7604.167046831021,300.0,0.0,0.0,0.0,7550.0,7550.0,7594.167046831021,7594.167046831021,350.0,1068.4294559612006,0.0,0,0,0,1
S1,continuous,D,726,6,7260.0,7440.0,7493.246787003177,7493.246787003177,7556.87326638203,180.0,0.0,0.0,0.0,7440.0,7440.0,7546.87326638203,7546.87326638203,350.0,1117.202746713004,0.0,0,0,0,1
S1,continuous,D,727,44,7270.0,7390.0,7452.839160712254,7452.839160712254,7473.392564160663,120.0,0.0,0.0,0.0,7390.0,7390.0,7463.392564160663,7463.392564160663,350.0,1173.9909112560576,0.0,0,0,0,1
S1,continuous,D,728,40,7280.0,7580.0,7649.66848974055,7649.66848974055,7670.221893188959,300.0,0.0,0.0,0.0,7580.0,7580.0,7660.221893188959,7660.221893188959,350.0,823.7001049161106,0.0,0,0,0,1
S1,continuous,D,729,34,7290.0,7290.0,7342.82953464494,7342.82953464494,7413.392564160663,0.0,0.0,0.0,0.0,7290.0,7290.0,7403.392564160663,7403.392564160663,450.0,1373.9909112560574,0.0,0,0,0,1
S1,continuous,D,730,66,7300.0,7300.0,7336.357514271491,7336.357514271491,7346.9109177199,0.0,0.0,0.0,0.0,7300.0,7300.0,7336.9109177199,7336.9109177199,300.0,703.7731892733298,2.887572050937365,1,0,1,0
S1,continuous,D,731,69,7310.0,7610.0,7664.047656050784,7664.047656050784,7694.601059499193,300.0,0.0,0.0,0.0,7610.0,7610.0,7684.601059499193,7684.601059499193,400.0,1453.6060504764996,0.0,0,0,0,1
S1,continuous,D,732,17,7320.0,7500.0,7597.348776212176,7597.348776212176,7700.975255591029,180.0,0.0,0.0,0.0,7500.0,7500.0,7690.975255591029,7690.975255591029,550.0,1423.3306575697493,0.0,0,0,0,1
S1,continuous,D,733,61,7330.0,7510.0,7554.544882632503,7554.544882632503,7589.151079125363,180.0,0.0,0.0,0.0,7510.0,7510.0,7579.151079125363,7579.151079125363,300.0,641.3030044949385,0.0,0,0,0,0
S1,continuous,D,734,5,7340.0,7460.0,7511.647324588594,7511.647324588594,7565.3504577065905,120.0,0.0,0.0,0.0,7460.0,7460.0,7555.3504577065905,7555.3504577065905,350.0,1322.17585876147,0.0,0,0,0,1
S1,continuous,D,735,74,7350.0,7590.0,7612.686104949599,7612.686104949599,7663.249134465322,240.0,0.0,0.0,0.0,7590.0,7590.0,7653.249134465322,7653.249134465322,350.0,908.1865149294221,0.0,0,0,0,1
S1,continuous,D,736,33,7360.0,7540.0,7578.588049609641,7578.588049609641,7619.151079125363,180.0,0.0,0.0,0.0,7540.0,7540.0,7609.151079125363,7609.151079125363,300.0,641.3030044949385,0.0,0,0,0,0
S1,continuous,D,737,63,7370.0,7550.0,7573.912941667198,7573.912941667198,7618.519138160058,180.0,0.0,0.0,0.0,7550.0,7550.0,7608.519138160058,7608.519138160058,350.0,960.1914643216708,0.0,0,0,0,1
S1,continuous,D,738,58,7380.0,7500.0,7563.311042996662,7563.311042996662,7637.917239489522,120.0,0.0,0.0,0.0,7500.0,7500.0,7627.917239489522,7627.917239489522,500.0,1476.307302923186,0.0,0,0,0,1
S1,continuous,D,739,36,7390.0,7510.0,7588.24501155587,7588.24501155587,7672.851208048731,120.0,0.0,0.0,0.0,7510.0,7510.0,7662.851208048731,7662.851208048731,550.0,1487.0270493711937,0.0,0,0,0,1
S1,continuous,D,740,62,7400.0,7400.0,7493.246787003177,7493.246787003177,7596.87326638203,0.0,0.0,0.0,0.0,7400.0,7400.0,7586.87326638203,7586.87326638203,550.0,1517.202746713004,0.0,0,0,0,1
S1,continuous,D,741,37,7410.0,7650.0,7684.0872030841965,7684.0872030841965,7737.790336202193,240.0,0.0,0.0,0.0,7650.0,7650.0,7727.790336202193,7727.790336202193,350.0,855.324501051949,0.0,0,0,0,1
S1,continuous,D,742,49,7420.0,7540.0,7574.0872030841965,7574.0872030841965,7627.790336202193,120.0,0.0,0.0,0.0,7540.0,7540.0,7617.790336202193,7617.790336202193,350.0,855.324501051949,0.0,0,0,0,1
S1,continuous,D,743,27,7430.0,7670.0,7736.601893716297,7736.601893716297,7775.3504577065905,240.0,0.0,0.0,0.0,7670.0,7670.0,7765.3504577065905,7765.3504577065905,350.0,1322.17585876147,0.0,0,0,0,1
S1,continuous,D,744,57,7440.0,7680.0,7714.485730603976,7714.485730603976,7765.048760119698,240.0,0.0,0.0,0.0,7680.0,7680.0,7755.048760119698,7755.048760119698,350.0,866.1924843592033,0.0,0,0,0,1
S1,continuous,D,745,32,7450.0,7750.0,7788.24501155587,7788.24501155587,7832.851208048731,300.0,0.0,0.0,0.0,7750.0,7750.0,7822.851208048731,7822.851208048731,350.0,1087.0270493711937,0.0,0,0,0,1
S1,continuous,D,746,55,7460.0,7520.0,7581.647324588594,7581.647324588594,7645.3504577065905,60.0,0.0,0.0,0.0,7520.0,7520.0,7635.3504577065905,7635.3504577065905,400.0,1422.17585876147,0.0,0,0,0,1
S1,continuous,D,747,1,7470.0,7470.0,7549.3512593957685,7549.3512593957685,7583.249134465322,0.0,0.0,0.0,0.0,7470.0,7470.0,7573.249134465322,7573.249134465322,450.0,1108.1865149294222,0.0,0,0,0,1
S1,continuous,D,748,44,7480.0,7660.0,7729.66848974055,7729.66848974055,7750.221893188959,180.0,0.0,0.0,0.0,7660.0,7660.0,7740.221893188959,7740.221893188959,350.0,823.7001049161106,0.0,0,0,0,1
S1,continuous,D,749,7,7490.0,7790.0,7854.354019370104,7854.354019370104,7917.980498748957,300.0,0.0,0.0,0.0,7790.0,7790.0,7907.980498748957,7907.980498748957,350.0,1296.707145958069,0.0,0,0,0,1
S1,continuous,D,750,24,7500.0,7740.0,7783.802649854921,7783.802649854921,7822.551213845214,240.0,0.0,0.0,0.0,7740.0,7740.0,7812.551213845214,7812.551213845214,350.0,1428.2481067950264,0.0,0,0,0,1
S1,continuous,D,751,68,7510.0,7510.0,7546.737007198477,7546.737007198477,7600.440140316474,0.0,0.0,0.0,0.0,7510.0,7510.0,7590.440140316474,7590.440140316474,350.0,1450.189599503255,0.0,0,0,0,1
S1,continuous,D,752,13,7520.0,7580.0,7665.216002437358,7665.216002437358,7722.551213845214,60.0,0.0,0.0,0.0,7580.0,7580.0,7712.551213845214,7712.551213845214,500.0,1728.2481067950264,0.0,0,0,0,1
S1,continuous,D,753,72,7530.0,7590.0,7659.3512593957685,7659.3512593957685,7683.249134465322,60.0,0.0,0.0,0.0,7590.0,7590.0,7673.249134465322,7673.249134465322,400.0,1008.1865149294221,0.0,0,0,0,1
S1,continuous,D,754,39,7540.0,7720.0,7789.66848974055,7789.66848974055,7810.221893188959,180.0,0.0,0.0,0.0,7720.0,7720.0,7800.221893188959,7800.221893188959,350.0,823.7001049161106,0.0,0,0,0,1
S1,continuous,D,755,50,7550.0,7850.0,7920.4122260753065,7920.4122260753065,7970.975255591029,300.0,0.0,0.0,0.0,7850.0,7850.0,7960.975255591029,7960.975255591029,350.0,1023.3306575697493,0.0,0,0,0,1
S1,continuous,D,756,14,7560.0,7620.0,7627.684901211089,7627.684901211089,7638.238304659498,60.0,0.0,0.0,0.0,7620.0,7620.0,7628.238304659498,7628.238304659498,300.0,324.7248020254959,0.0,0,0,0,0
S1,continuous,D,757,31,7570.0,7630.0,7666.064652285672,7666.064652285672,7669.962527355226,60.0,0.0,0.0,0.0,7630.0,7630.0,7666.064652285672,7666.064652285672,300.0,650.9714149911492,0.0,0,0,0,0
S1,continuous,D,758,8,7580.0,7760.0,7826.601893716297,7826.601893716297,7865.3504577065905,180.0,0.0,0.0,0.0,7760.0,7760.0,7855.3504577065905,7855.3504577065905,350.0,1322.17585876147,0.0,0,0,0,1
S1,continuous,D,759,48,7590.0,7830.0,7874.47886272054,7874.47886272054,7918.181995838537,240.0,0.0,0.0,0.0,7830.0,7830.0,7908.181995838537,7908.181995838537,300.0,682.3863601564473,0.0,0,0,0,0
S1,continuous,D,760,46,7600.0,7840.0,7851.213963364932,7851.213963364932,7879.962527355226,240.0,0.0,0.0,0.0,7840.0,7840.0,7869.962527355226,7869.962527355226,300.0,650.9714149911492,0.0,0,0,0,0
S1,continuous,D,761,65,7610.0,7790.0,7858.0371030035185,7858.0371030035185,7951.663582382372,180.0,0.0,0.0,0.0,7790.0,7790.0,7941.663582382372,7941.663582382372,500.0,1468.267893644356,0.0,0,0,0,1
S1,continuous,D,762,45,7620.0,7740.0,7794.621263090505,7794.621263090505,7808.519138160058,120.0,0.0,0.0,0.0,7740.0,7740.0,7798.519138160058,7798.519138160058,350.0,960.1914643216708,0.0,0,0,0,1
S1,continuous,D,763,30,7630.0,7750.0,7757.684901211089,7757.684901211089,7768.238304659498,120.0,0.0,0.0,0.0,7750.0,7750.0,7758.238304659498,7758.238304659498,300.0,324.7248020254959,0.0,0,0,0,0
S1,continuous,D,764,54,7640.0,7760.0,7832.26706988917,7832.26706988917,7876.87326638203,120.0,0.0,0.0,0.0,7760.0,7760.0,7866.87326638203,7866.87326638203,350.0,1117.202746713004,0.0,0,0,0,1
S1,continuous,D,765,68,7650.0,7830.0,7868.24501155587,7868.24501155587,7912.851208048731,180.0,0.0,0.0,0.0,7830.0,7830.0,7902.851208048731,7902.851208048731,350.0,1087.0270493711937,0.0,0,0,0,1
S1,continuous,D,766,21,7660.0,7720.0,7767.618966322814,7767.618966322814,7808.181995838537,60.0,0.0,0.0,0.0,7720.0,7720.0,7798.181995838537,7798.181995838537,300.0,682.3863601564473,0.0,0,0,0,0
S1,continuous,D,767,61,7670.0,7670.0,7742.26706988917,7742.26706988917,7786.87326638203,0.0,0.0,0.0,0.0,7670.0,7670.0,7776.87326638203,7776.87326638203,350.0,1117.202746713004,0.0,0,0,0,1
S1,continuous,D,768,25,7680.0,7860.0,7894.485730603976,7894.485730603976,7945.048760119698,180.0,0.0,0.0,0.0,7860.0,7860.0,7935.048760119698,7935.048760119698,350.0,866.1924843592033,0.0,0,0,0,1
S1,continuous,D,769,53,7690.0,7690.0,7782.839160712254,7782.839160712254,7833.392564160663,0.0,0.0,0.0,0.0,7690.0,7690.0,7823.392564160663,7823.392564160663,500.0,1473.9909112560574,0.0,0,0,0,1
S1,continuous,D,770,60,7700.0,7700.0,7776.524623104199,7776.524623104199,7851.13081959706,0.0,0.0,0.0,0.0,7700.0,7700.0,7841.13081959706,7841.13081959706,500.0,1235.1777433428265,0.0,0,0,0,1
S1,continuous,D,771,66,7710.0,7950.0,7996.685230614702,7996.685230614702,8060.311709993555,240.0,0.0,0.0,0.0,7950.0,7950.0,8050.311709993555,8050.311709993555,350.0,1040.9863251396716,0.0,0,0,0,1
S1,continuous,D,772,34,7720.0,7960.0,8019.3512593957685,8019.3512593957685,8033.249134465322,240.0,0.0,0.0,0.0,7960.0,7960.0,8023.249134465322,8023.249134465322,350.0,908.1865149294221,0.0,0,0,0,1
S1,continuous,D,773,67,7730.0,7790.0,7853.912941667198,7853.912941667198,7938.519138160058,60.0,0.0,0.0,0.0,7790.0,7790.0,7928.519138160058,7928.519138160058,550.0,1360.1914643216708,0.0,0,0,0,1
S1,continuous,D,774,73,7740.0,7860.0,7929.185956731666,7929.185956731666,7983.792153224526,120.0,0.0,0.0,0.0,7860.0,7860.0,7973.792153224526,7973.792153224526,400.0,957.068222298903,0.0,0,0,0,1
S1,continuous,D,775,0,7750.0,7810.0,7865.884038408247,7865.884038408247,7869.7819134778,60.0,0.0,0.0,0.0,7810.0,7810.0,7865.884038408247,7865.884038408247,300.0,438.125707534966,0.0,0,0,0,0
S1,continuous,D,776,10,7760.0,8000.0,8052.382255606766,8052.382255606766,8091.13081959706,240.0,0.0,0.0,0.0,8000.0,8000.0,8081.13081959706,8081.13081959706,350.0,935.1777433428265,0.0,0,0,0,1
S1,continuous,D,777,3,7770.0,7890.0,7928.0371030035185,7928.0371030035185,7991.663582382372,120.0,0.0,0.0,0.0,7890.0,7890.0,7981.663582382372,7981.663582382372,350.0,1168.267893644356,0.0,0,0,0,1
S1,continuous,D,778,42,7780.0,7900.0,7972.26706988917,7972.26706988917,8016.87326638203,120.0,0.0,0.0,0.0,7900.0,7900.0,8006.87326638203,8006.87326638203,350.0,1117.202746713004,0.0,0,0,0,1
S1,continuous,D,779,71,7790.0,7970.0,8036.401101359102,8036.401101359102,8050.298976428655,180.0,0.0,0.0,0.0,7970.0,7970.0,8040.298976428655,8040.298976428655,350.0,1184.5362570113905,0.0,0,0,0,1
S1,continuous,D,780,20,7800.0,7920.0,7956.155434098947,7956.155434098947,8039.7819134778,120.0,0.0,0.0,0.0,7920.0,7920.0,8029.7819134778,8029.7819134778,450.0,738.1257075349661,0.0,0,0,0,1
S1,continuous,D,781,33,7810.0,7990.0,8037.618966322814,8037.618966322814,8078.181995838537,180.0,0.0,0.0,0.0,7990.0,7990.0,8068.181995838537,8068.181995838537,300.0,682.3863601564473,0.0,0,0,0,0
S1,continuous,D,782,30,7820.0,7940.0,7976.064652285672,7976.064652285672,7979.962527355226,120.0,0.0,0.0,0.0,7940.0,7940.0,7976.064652285672,7976.064652285672,300.0,650.9714149911492,0.0,0,0,0,0
S1,continuous,D,783,74,7830.0,7830.0,7877.618966322814,7877.618966322814,7918.181995838537,0.0,0.0,0.0,0.0,7830.0,7830.0,7908.181995838537,7908.181995838537,300.0,682.3863601564473,0.0,0,0,0,0
S1,continuous,D,784,52,7840.0,8080.0,8134.621263090505,8134.621263090505,8148.519138160058,240.0,0.0,0.0,0.0,8080.0,8080.0,8138.519138160058,8138.519138160058,350.0,960.1914643216708,0.0,0,0,0,1
S1,continuous,D,785,9,7850.0,8090.0,8101.213963364932,8101.213963364932,8129.962527355226,240.0,0.0,0.0,0.0,8090.0,8090.0,8119.962527355226,8119.962527355226,300.0,650.9714149911492,0.0,0,0,0,0
S1,continuous,D,786,31,7860.0,8160.0,8167.684901211089,8167.684901211089,8178.238304659498,300.0,0.0,0.0,0.0,8160.0,8160.0,8168.238304659498,8168.238304659498,300.0,324.7248020254959,0.0,0,0,0,0
S1,continuous,D,787,38,7870.0,8050.0,8097.618966322814,8097.618966322814,8138.181995838537,180.0,0.0,0.0,0.0,8050.0,8050.0,8128.181995838537,8128.181995838537,300.0,682.3863601564473,0.0,0,0,0,0
S1,continuous,D,788,44,7880.0,7880.0,7913.311042996662,7913.311042996662,7957.917239489522,0.0,0.0,0.0,0.0,7880.0,7880.0,7947.917239489522,7947.917239489522,350.0,1176.307302923186,0.0,0,0,0,1
S1,continuous,D,789,45,7890.0,8190.0,8213.912941667197,8213.912941667197,8258.519138160058,300.0,0.0,0.0,0.0,8190.0,8190.0,8248.519138160058,8248.519138160058,350.0,960.1914643216708,0.0,0,0,0,1
S1,continuous,D,790,40,7900.0,8140.0,8156.155434098947,8156.155434098947,8219.7819134778,240.0,0.0,0.0,0.0,8140.0,8140.0,8209.7819134778,8209.7819134778,350.0,538.1257075349661,0.0,0,0,0,1
S1,continuous,D,791,69,7910.0,8030.0,8087.363836041113,8087.363836041113,8107.917239489522,120.0,0.0,0.0,0.0,8030.0,8030.0,8097.917239489522,8097.917239489522,350.0,1176.3073029231862,0.0,0,0,0,1
S1,continuous,D,792,14,7920.0,8100.0,8150.0890201065295,8150.0890201065295,8203.792153224527,180.0,0.0,0.0,0.0,8100.0,8100.0,8193.792153224527,8193.792153224527,350.0,857.0682222989032,0.0,0,0,0,1
S1,continuous,D,793,48,7930.0,8170.0,8230.455124794336,8230.455124794336,8257.790336202193,240.0,0.0,0.0,0.0,8170.0,8170.0,8247.790336202193,8247.790336202193,350.0,855.324501051949,0.0,0,0,0,1
S1,continuous,D,794,23,7940.0,8000.0,8050.294997177362,8050.294997177362,8079.043561167656,60.0,0.0,0.0,0.0,8000.0,8000.0,8069.043561167656,8069.043561167656,300.0,995.355811639425,0.0,0,0,0,0
S1,continuous,D,795,74,7950.0,7950.0,8024.485730603976,8024.485730603976,8115.048760119698,0.0,0.0,0.0,0.0,7950.0,7950.0,8105.048760119698,8105.048760119698,550.0,1266.1924843592033,0.0,0,0,0,1
S1,continuous,D,796,72,7960.0,8020.0,8092.839160712254,8092.839160712254,8123.392564160663,60.0,0.0,0.0,0.0,8020.0,8020.0,8113.392564160663,8113.392564160663,400.0,1273.9909112560574,0.0,0,0,0,1
S1,continuous,D,797,65,7970.0,7970.0,7984.3404295899445,7984.3404295899445,7988.238304659498,0.0,0.0,0.0,0.0,7970.0,7970.0,7984.3404295899445,7984.3404295899445,300.0,324.72480202549593,0.0,0,0,0,0
S1,continuous,D,798,46,7980.0,8160.0,8214.621263090505,8214.621263090505,8228.519138160058,180.0,0.0,0.0,0.0,8160.0,8160.0,8218.519138160058,8218.519138160058,350.0,960.1914643216708,0.0,0,0,0,1
S1,continuous,D,799,19,7990.0,7990.0,8046.737007198477,8046.737007198477,8120.440140316474,0.0,0.0,0.0,0.0,7990.0,7990.0,8110.440140316474,8110.440140316474,450.0,1650.189599503255,0.0,0,0,0,1
S1,continuous,D,800,22,8000.0,8240.0,8272.82953464494,8272.82953464494,8323.392564160662,240.0,0.0,0.0,0.0,8240.0,8240.0,8313.392564160662,8313.392564160662,350.0,1173.9909112560574,0.0,0,0,0,1
S1,continuous,D,801,68,8010.0,8250.0,8309.185956731666,8309.185956731666,8353.792153224527,240.0,0.0,0.0,0.0,8250.0,8250.0,8343.792153224527,8343.792153224527,350.0,857.068222298903,0.0,0,0,0,1
S1,continuous,D,802,13,8020.0,8260.0,8266.155434098948,8266.155434098948,8319.781913477802,240.0,0.0,0.0,0.0,8260.0,8260.0,8309.781913477802,8309.781913477802,300.0,438.125707534966,0.0,0,0,0,0
S1,continuous,D,803,73,8030.0,8090.0,8164.328370974516,8164.328370974516,8191.663582382372,60.0,0.0,0.0,0.0,8090.0,8090.0,8181.663582382372,8181.663582382372,350.0,1168.267893644356,0.0,0,0,0,1
S1,continuous,D,804,21,8040.0,8220.0,8279.185956731666,8279.185956731666,8323.792153224527,180.0,0.0,0.0,0.0,8220.0,8220.0,8313.792153224527,8313.792153224527,350.0,857.068222298903,0.0,0,0,0,1
S1,continuous,D,805,44,8050.0,8050.0,8136.064652285672,8136.064652285672,8189.962527355226,0.0,0.0,0.0,0.0,8050.0,8050.0,8179.962527355226,8179.962527355226,550.0,1150.9714149911492,0.0,0,0,0,1
S1,continuous,D,806,32,8060.0,8060.0,8097.265848091337,8097.265848091337,8124.601059499193,0.0,0.0,0.0,0.0,8060.0,8060.0,8114.601059499193,8114.601059499193,350.0,1353.6060504764996,0.0,0,0,0,1
S1,continuous,D,807,60,8070.0,8310.0,8379.886736868066,8379.886736868066,8400.440140316474,240.0,0.0,0.0,0.0,8310.0,8310.0,8390.440140316474,8390.440140316474,350.0,1450.1895995032548,0.0,0,0,0,1
S1,continuous,D,808,57,8080.0,8260.0,8339.66848974055,8339.66848974055,8370.221893188958,180.0,0.0,0.0,0.0,8260.0,8260.0,8360.221893188958,8360.221893188958,400.0,923.7001049161106,0.0,0,0,0,1
S1,continuous,D,809,1,8090.0,8390.0,8412.686104949598,8412.686104949598,8463.24913446532,300.0,0.0,0.0,0.0,8390.0,8390.0,8453.24913446532,8453.24913446532,350.0,908.1865149294221,0.0,0,0,0,1
S1,continuous,D,810,53,8100.0,8220.0,8257.684901211089,8257.684901211089,8298.238304659497,120.0,0.0,0.0,0.0,8220.0,8220.0,8288.238304659497,8288.238304659497,450.0,624.7248020254958,0.0,0,0,0,1
S1,continuous,D,811,26,8110.0,8350.0,8386.595843310657,8386.595843310657,8450.298976428654,240.0,0.0,0.0,0.0,8350.0,8350.0,8440.298976428654,8440.298976428654,400.0,1284.5362570113907,0.0,0,0,0,1
S1,continuous,D,812,18,8120.0,8300.0,8389.886736868066,8389.886736868066,8430.440140316474,180.0,0.0,0.0,0.0,8300.0,8300.0,8420.440140316474,8420.440140316474,450.0,1650.1895995032548,0.0,0,0,0,1
S1,continuous,D,813,43,8130.0,8190.0,8204.340429589944,8204.340429589944,8208.238304659497,60.0,0.0,0.0,0.0,8190.0,8190.0,8204.340429589944,8204.340429589944,300.0,324.72480202549593,0.0,0,0,0,0
S1,continuous,D,814,7,8140.0,8140.0,8206.5246231042,8206.5246231042,8271.130819597061,0.0,0.0,0.0,0.0,8140.0,8140.0,8261.130819597061,8261.130819597061,450.0,1135.1777433428265,0.0,0,0,0,1
S1,continuous,D,815,42,8150.0,8270.0,8329.185956731666,8329.185956731666,8373.792153224527,120.0,0.0,0.0,0.0,8270.0,8270.0,8363.792153224527,8363.792153224527,350.0,857.068222298903,0.0,0,0,0,1
S1,continuous,D,816,66,8160.0,8160.0,8198.480531651934,8198.480531651934,8239.043561167657,0.0,0.0,0.0,0.0,8160.0,8160.0,8229.043561167657,8229.043561167657,300.0,995.355811639425,0.0,0,0,0,0
S1,continuous,D,817,37,8170.0,8170.0,8237.713548711843,8237.713548711843,8275.0487601197,0.0,0.0,0.0,0.0,8170.0,8170.0,8265.0487601197,8265.0487601197,400.0,966.1924843592033,0.0,0,0,0,1
S1,continuous,D,818,27,8180.0,8180.0,8220.269171761469,8220.269171761469,8234.167046831022,0.0,0.0,0.0,0.0,8180.0,8180.0,8224.167046831022,8224.167046831022,350.0,1068.4294559612006,0.0,0,0,0,1
S1,continuous,D,819,16,8190.0,8370.0,8441.563146003264,8441.563146003264,8480.311709993557,180.0,0.0,0.0,0.0,8370.0,8370.0,8470.311709993557,8470.311709993557,350.0,1040.9863251396716,0.0,0,0,0,1
S1,continuous,D,820,55,8200.0,8320.0,8358.245011555871,8358.245011555871,8402.851208048733,120.0,0.0,0.0,0.0,8320.0,8320.0,8392.851208048733,8392.851208048733,350.0,1087.0270493711937,0.0,0,0,0,1
S1,continuous,D,821,43,8210.0,8450.0,8502.382255606768,8502.382255606768,8541.130819597061,240.0,0.0,0.0,0.0,8450.0,8450.0,8531.130819597061,8531.130819597061,350.0,935.1777433428265,0.0,0,0,0,1
S1,continuous,D,822,2,8220.0,8400.0,8469.886736868066,8469.886736868066,8490.440140316474,180.0,0.0,0.0,0.0,8400.0,8400.0,8480.440140316474,8480.440140316474,350.0,1450.1895995032548,0.0,0,0,0,1
S1,continuous,D,823,4,8230.0,8230.0,8266.35751427149,8266.35751427149,8276.910917719899,0.0,0.0,0.0,0.0,8230.0,8230.0,8266.910917719899,8266.910917719899,300.0,703.7731892733298,2.887572050937365,1,0,1,0
S1,continuous,D,824,11,8240.0,8420.0,8463.31104299666,8463.31104299666,8517.917239489521,180.0,0.0,0.0,0.0,8420.0,8420.0,8507.917239489521,8507.917239489521,400.0,1276.307302923186,0.0,0,0,0,1
S1,continuous,D,825,67,8250.0,8310.0,8366.5246231042,8366.5246231042,8421.130819597061,60.0,0.0,0.0,0.0,8310.0,8310.0,8411.130819597061,8411.130819597061,400.0,1035.1777433428265,0.0,0,0,0,1
S1,continuous,D,826,64,8260.0,8500.0,8550.08902010653,8550.08902010653,8603.792153224527,240.0,0.0,0.0,0.0,8500.0,8500.0,8593.792153224527,8593.792153224527,350.0,857.0682222989032,0.0,0,0,0,1
S1,continuous,D,827,73,8270.0,8390.0,8452.839160712254,8452.839160712254,8473.392564160662,120.0,0.0,0.0,0.0,8390.0,8390.0,8463.392564160662,8463.392564160662,350.0,1173.9909112560576,0.0,0,0,0,1
S1,continuous,D,828,27,8280.0,8340.0,8408.245011555871,8408.245011555871,8482.851208048733,60.0,0.0,0.0,0.0,8340.0,8340.0,8472.851208048733,8472.851208048733,500.0,1387.0270493711937,0.0,0,0,0,1
S1,continuous,D,829,35,8290.0,8290.0,8359.351259395768,8359.351259395768,8383.24913446532,0.0,0.0,0.0,0.0,8290.0,8290.0,8373.24913446532,8373.24913446532,400.0,1008.1865149294221,0.0,0,0,0,1
S1,continuous,D,830,32,8300.0,8480.0,8524.47886272054,8524.47886272054,8568.181995838537,180.0,0.0,0.0,0.0,8480.0,8480.0,8558.181995838537,8558.181995838537,300.0,682.3863601564473,0.0,0,0,0,0
S1,continuous,D,831,37,8310.0,8430.0,8492.839160712254,8492.839160712254,8513.392564160662,120.0,0.0,0.0,0.0,8430.0,8430.0,8503.392564160662,8503.392564160662,350.0,1173.9909112560576,0.0,0,0,0,1
S1,continuous,D,832,48,8320.0,8440.0,8516.601893716297,8516.601893716297,8565.35045770659,120.0,0.0,0.0,0.0,8440.0,8440.0,8555.35045770659,8555.35045770659,400.0,1422.17585876147,0.0,0,0,0,1
S1,continuous,D,833,72,8330.0,8570.0,8627.363836041113,8627.363836041113,8647.917239489521,240.0,0.0,0.0,0.0,8570.0,8570.0,8637.917239489521,8637.917239489521,350.0,1176.3073029231862,0.0,0,0,0,1
S1,continuous,D,834,15,8340.0,8340.0,8397.713548711843,8397.713548711843,8425.0487601197,0.0,0.0,0.0,0.0,8340.0,8340.0,8415.0487601197,8415.0487601197,350.0,866.1924843592033,0.0,0,0,0,1
S1,continuous,D,835,62,8350.0,8350.0,8432.82953464494,8432.82953464494,8533.392564160662,0.0,0.0,0.0,0.0,8350.0,8350.0,8523.392564160662,8523.392564160662,600.0,1673.9909112560574,0.0,0,0,0,1
S1,continuous,D,836,10,8360.0,8420.0,8475.884038408249,8475.884038408249,8479.781913477802,60.0,0.0,0.0,0.0,8420.0,8420.0,8475.884038408249,8475.884038408249,300.0,438.125707534966,0.0,0,0,0,0
S1,continuous,D,837,25,8370.0,8370.0,8479.886736868066,8479.886736868066,8540.440140316474,0.0,0.0,0.0,0.0,8370.0,8370.0,8530.440140316474,8530.440140316474,550.0,1850.1895995032548,0.0,0,0,0,1
S1,continuous,D,838,13,8380.0,8440.0,8531.563146003264,8531.563146003264,8590.311709993557,60.0,0.0,0.0,0.0,8440.0,8440.0,8580.311709993557,8580.311709993557,450.0,1240.9863251396716,0.0,0,0,0,1
S1,continuous,D,839,4,8390.0,8390.0,8440.269171761469,8440.269171761469,8464.167046831022,0.0,0.0,0.0,0.0,8390.0,8390.0,8454.167046831022,8454.167046831022,400.0,1168.4294559612006,0.0,0,0,0,1
S1,continuous,D,840,34,8400.0,8460.0,8515.884038408249,8515.884038408249,8519.781913477802,60.0,0.0,0.0,0.0,8460.0,8460.0,8515.884038408249,8515.884038408249,300.0,438.125707534966,0.0,0,0,0,0
S1,continuous,D,841,30,8410.0,8590.0,8612.686104949598,8612.686104949598,8663.24913446532,180.0,0.0,0.0,0.0,8590.0,8590.0,8653.24913446532,8653.24913446532,350.0,908.1865149294221,0.0,0,0,0,1
S1,continuous,D,842,60,8420.0,8540.0,8595.515996640876,8595.515996640876,8622.851208048733,120.0,0.0,0.0,0.0,8540.0,8540.0,8612.851208048733,8612.851208048733,350.0,1087.0270493711937,0.0,0,0,0,1
S1,continuous,D,843,55,8430.0,8550.0,8578.119040148842,8578.119040148842,8616.867604139135,120.0,0.0,0.0,0.0,8550.0,8550.0,8606.867604139135,8606.867604139135,350.0,800.8856172223923,0.0,0,0,0,1
S1,continuous,D,844,38,8440.0,8620.0,8686.4011013591,8686.4011013591,8700.298976428654,180.0,0.0,0.0,0.0,8620.0,8620.0,8690.298976428654,8690.298976428654,350.0,1184.5362570113905,0.0,0,0,0,1
S1,continuous,D,845,53,8450.0,8630.0,8663.31104299666,8663.31104299666,8707.917239489521,180.0,0.0,0.0,0.0,8630.0,8630.0,8697.917239489521,8697.917239489521,350.0,1176.307302923186,0.0,0,0,0,1
S1,continuous,D,846,44,8460.0,8520.0,8591.563146003264,8591.563146003264,8630.311709993557,60.0,0.0,0.0,0.0,8520.0,8520.0,8620.311709993557,8620.311709993557,350.0,1040.9863251396716,0.0,0,0,0,1
S1,continuous,D,847,61,8470.0,8650.0,8676.831835423165,8676.831835423165,8704.167046831022,180.0,0.0,0.0,0.0,8650.0,8650.0,8694.167046831022,8694.167046831022,350.0,1068.4294559612006,0.0,0,0,0,1
S1,continuous,D,848,23,8480.0,8600.0,8646.737007198477,8646.737007198477,8710.440140316474,120.0,0.0,0.0,0.0,8600.0,8600.0,8700.440140316474,8700.440140316474,400.0,1550.189599503255,0.0,0,0,0,1
S1,continuous,D,849,74,8490.0,8670.0,8706.064652285671,8706.064652285671,8709.962527355225,180.0,0.0,0.0,0.0,8670.0,8670.0,8706.064652285671,8706.064652285671,300.0,650.9714149911492,0.0,0,0,0,0
S1,continuous,D,850,21,8500.0,8740.0,8786.685230614703,8786.685230614703,8850.311709993557,240.0,0.0,0.0,0.0,8740.0,8740.0,8840.311709993557,8840.311709993557,350.0,1040.9863251396716,0.0,0,0,0,1
S1,continuous,D,851,26,8510.0,8750.0,8786.35751427149,8786.35751427149,8796.910917719899,240.0,0.0,0.0,0.0,8750.0,8750.0,8786.910917719899,8786.910917719899,300.0,703.7731892733298,2.887572050937365,1,0,1,0
S1,continuous,D,852,14,8520.0,8580.0,8644.047656050785,8644.047656050785,8684.601059499193,60.0,0.0,0.0,0.0,8580.0,8580.0,8674.601059499193,8674.601059499193,450.0,1553.6060504764996,0.0,0,0,0,1
S1,continuous,D,853,57,8530.0,8710.0,8736.831835423165,8736.831835423165,8764.167046831022,180.0,0.0,0.0,0.0,8710.0,8710.0,8754.167046831022,8754.167046831022,350.0,1068.4294559612006,0.0,0,0,0,1
S1,continuous,D,854,16,8540.0,8600.0,8663.246787003178,8663.246787003178,8736.873266382032,60.0,0.0,0.0,0.0,8600.0,8600.0,8726.873266382032,8726.873266382032,400.0,1217.202746713004,0.0,0,0,0,1
S1,continuous,D,855,40,8550.0,8670.0,8727.348776212175,8727.348776212175,8790.975255591029,120.0,0.0,0.0,0.0,8670.0,8670.0,8780.975255591029,8780.975255591029,350.0,1023.3306575697493,0.0,0,0,0,1
S1,continuous,D,856,39,8560.0,8740.0,8758.162353729605,8758.162353729605,8786.910917719899,180.0,0.0,0.0,0.0,8740.0,8740.0,8776.910917719899,8776.910917719899,300.0,703.7731892733296,2.887572050937365,1,0,1,0
S1,continuous,D,857,41,8570.0,8750.0,8786.737007198477,8786.737007198477,8840.440140316474,180.0,0.0,0.0,0.0,8750.0,8750.0,8830.440140316474,8830.440140316474,350.0,1450.189599503255,0.0,0,0,0,1
S1,continuous,D,858,49,8580.0,8700.0,8754.621263090505,8754.621263090505,8768.519138160058,120.0,0.0,0.0,0.0,8700.0,8700.0,8758.519138160058,8758.519138160058,350.0,960.1914643216708,0.0,0,0,0,1
S1,continuous,D,859,3,8590.0,8770.0,8824.621263090505,8824.621263090505,8838.519138160058,180.0,0.0,0.0,0.0,8770.0,8770.0,8828.519138160058,8828.519138160058,350.0,960.1914643216708,0.0,0,0,0,1
S1,continuous,D,860,47,8600.0,8660.0,8720.455124794336,8720.455124794336,8747.790336202193,60.0,0.0,0.0,0.0,8660.0,8660.0,8737.790336202193,8737.790336202193,350.0,855.324501051949,0.0,0,0,0,1
S1,continuous,D,861,52,8610.0,8910.0,8979.886736868066,8979.886736868066,9000.440140316474,300.0,0.0,0.0,0.0,8910.0,8910.0,8990.440140316474,8990.440140316474,350.0,1450.1895995032548,0.0,0,0,0,1
S1,continuous,D,862,54,8620.0,8740.0,8792.382255606768,8792.382255606768,8831.130819597061,120.0,0.0,0.0,0.0,8740.0,8740.0,8821.130819597061,8821.130819597061,350.0,935.1777433428265,0.0,0,0,0,1
S1,continuous,D,863,42,8630.0,8870.0,8906.064652285671,8906.064652285671,8909.962527355225,240.0,0.0,0.0,0.0,8870.0,8870.0,8906.064652285671,8906.064652285671,300.0,650.9714149911492,0.0,0,0,0,0
S1,continuous,D,864,33,8640.0,8700.0,8759.351259395768,8759.351259395768,8773.24913446532,60.0,0.0,0.0,0.0,8700.0,8700.0,8763.24913446532,8763.24913446532,350.0,908.1865149294221,0.0,0,0,0,1
S1,continuous,D,865,35,8650.0,8830.0,8884.621263090505,8884.621263090505,8898.519138160058,180.0,0.0,0.0,0.0,8830.0,8830.0,8888.519138160058,8888.519138160058,350.0,960.1914643216708,0.0,0,0,0,1
S1,continuous,D,866,63,8660.0,8660.0,8720.08902010653,8720.08902010653,8783.792153224527,0.0,0.0,0.0,0.0,8660.0,8660.0,8773.792153224527,8773.792153224527,400.0,957.0682222989032,0.0,0,0,0,1
S1,continuous,D,867,31,8670.0,8670.0,8691.213963364931,8691.213963364931,8729.962527355225,0.0,0.0,0.0,0.0,8670.0,8670.0,8719.962527355225,8719.962527355225,350.0,750.9714149911492,0.0,0,0,0,1
S1,continuous,D,868,58,8680.0,8920.0,8991.563146003264,8991.563146003264,9030.311709993557,240.0,0.0,0.0,0.0,8920.0,8920.0,9020.311709993557,9020.311709993557,350.0,1040.9863251396716,0.0,0,0,0,1
S1,continuous,D,869,0,8690.0,8750.0,8804.47886272054,8804.47886272054,8858.181995838537,60.0,0.0,0.0,0.0,8750.0,8750.0,8848.181995838537,8848.181995838537,350.0,782.3863601564473,0.0,0,0,0,1
S1,continuous,D,870,12,8700.0,8760.0,8767.684901211089,8767.684901211089,8778.238304659497,60.0,0.0,0.0,0.0,8760.0,8760.0,8768.238304659497,8768.238304659497,300.0,324.7248020254959,0.0,0,0,0,0
S1,continuous,D,871,55,8710.0,8830.0,8892.839160712254,8892.839160712254,8913.392564160662,120.0,0.0,0.0,0.0,8830.0,8830.0,8903.392564160662,8903.392564160662,350.0,1173.9909112560576,0.0,0,0,0,1
S1,continuous,D,872,11,8720.0,8720.0,8762.82953464494,8762.82953464494,8823.392564160662,0.0,0.0,0.0,0.0,8720.0,8720.0,8813.392564160662,8813.392564160662,400.0,1273.9909112560574,0.0,0,0,0,1
S1,continuous,D,873,69,8730.0,8790.0,8858.588049609642,8858.588049609642,8929.151079125364,60.0,0.0,0.0,0.0,8790.0,8790.0,8919.151079125364,8919.151079125364,450.0,941.3030044949385,0.0,0,0,0,1
S1,continuous,D,874,8,8740.0,8860.0,8915.515996640876,8915.515996640876,8942.851208048733,120.0,0.0,0.0,0.0,8860.0,8860.0,8932.851208048733,8932.851208048733,350.0,1087.0270493711937,0.0,0,0,0,1
S1,continuous,D,875,13,8750.0,8810.0,8858.037103003518,8858.037103003518,8931.663582382373,60.0,0.0,0.0,0.0,8810.0,8810.0,8921.663582382373,8921.663582382373,400.0,1268.267893644356,0.0,0,0,0,1
S1,continuous,D,876,66,8760.0,8820.0,8856.35751427149,8856.35751427149,8866.910917719899,60.0,0.0,0.0,0.0,8820.0,8820.0,8856.910917719899,8856.910917719899,300.0,703.7731892733298,2.887572050937365,1,0,1,0
S1,continuous,D,877,5,8770.0,8950.0,8996.5246231042,8996.5246231042,9041.130819597061,180.0,0.0,0.0,0.0,8950.0,8950.0,9031.130819597061,9031.130819597061,350.0,935.1777433428265,0.0,0,0,0,1
S1,continuous,D,878,59,8780.0,8900.0,8973.246787003178,8973.246787003178,9056.873266382032,120.0,0.0,0.0,0.0,8900.0,8900.0,9046.873266382032,9046.873266382032,450.0,1317.202746713004,0.0,0,0,0,1
S1,continuous,D,879,28,8790.0,8850.0,8868.162353729605,8868.162353729605,8896.910917719899,60.0,0.0,0.0,0.0,8850.0,8850.0,8886.910917719899,8886.910917719899,300.0,703.7731892733296,2.887572050937365,1,0,1,0
S1,continuous,D,880,61,8800.0,8860.0,8938.245011555871,8938.245011555871,9022.851208048733,60.0,0.0,0.0,0.0,8860.0,8860.0,9012.851208048733,9012.851208048733,550.0,1487.0270493711937,0.0,0,0,0,1
S1,continuous,D,881,33,8810.0,8990.0,9062.26706988917,9062.26706988917,9106.873266382032,180.0,0.0,0.0,0.0,8990.0,8990.0,9096.873266382032,9096.873266382032,350.0,1117.202746713004,0.0,0,0,0,1
S1,continuous,D,882,67,8820.0,8880.0,8954.47886272054,8954.47886272054,9028.181995838537,60.0,0.0,0.0,0.0,8880.0,8880.0,9018.181995838537,9018.181995838537,450.0,982.3863601564473,0.0,0,0,0,1
S1,continuous,D,883,26,8830.0,9010.0,9031.213963364931,9031.213963364931,9069.962527355225,180.0,0.0,0.0,0.0,9010.0,9010.0,9059.962527355225,9059.962527355225,350.0,750.9714149911492,0.0,0,0,0,1
S1,continuous,D,884,71,8840.0,8900.0,8966.737007198477,8966.737007198477,9050.440140316474,60.0,0.0,0.0,0.0,8900.0,8900.0,9040.440140316474,9040.440140316474,500.0,1750.189599503255,0.0,0,0,0,1
S1,continuous,D,885,1,8850.0,9030.0,9096.4011013591,9096.4011013591,9110.298976428654,180.0,0.0,0.0,0.0,9030.0,9030.0,9100.298976428654,9100.298976428654,350.0,1184.5362570113905,0.0,0,0,0,1
S1,continuous,D,886,73,8860.0,8920.0,9004.047656050785,9004.047656050785,9064.601059499193,60.0,0.0,0.0,0.0,8920.0,8920.0,9054.601059499193,9054.601059499193,550.0,1753.6060504764996,0.0,0,0,0,1
S1,continuous,D,887,27,8870.0,8930.0,9014.47886272054,9014.47886272054,9098.181995838537,60.0,0.0,0.0,0.0,8930.0,8930.0,9088.181995838537,9088.181995838537,500.0,1082.3863601564472,0.0,0,0,0,1
S1,continuous,D,888,54,8880.0,8940.0,9006.5246231042,9006.5246231042,9071.130819597061,60.0,0.0,0.0,0.0,8940.0,8940.0,9061.130819597061,9061.130819597061,450.0,1135.1777433428265,0.0,0,0,0,1
S1,continuous,D,889,0,8890.0,8950.0,8978.119040148842,8978.119040148842,9016.867604139135,60.0,0.0,0.0,0.0,8950.0,8950.0,9006.867604139135,9006.867604139135,350.0,800.8856172223923,0.0,0,0,0,1
S1,continuous,D,890,28,8900.0,8960.0,9034.087203084197,9034.087203084197,9127.790336202193,60.0,0.0,0.0,0.0,8960.0,8960.0,9117.790336202193,9117.790336202193,550.0,1255.324501051949,0.0,0,0,0,1
S1,continuous,D,891,45,8910.0,8970.0,9064.47886272054,9064.47886272054,9158.181995838537,60.0,0.0,0.0,0.0,8970.0,8970.0,9148.181995838537,9148.181995838537,550.0,1182.3863601564472,0.0,0,0,0,1
S1,continuous,D,892,60,8920.0,9100.0,9151.647324588594,9151.647324588594,9205.35045770659,180.0,0.0,0.0,0.0,9100.0,9100.0,9195.35045770659,9195.35045770659,350.0,1322.17585876147,0.0,0,0,0,1
S1,continuous,D,893,34,8930.0,8990.0,9068.245011555871,9068.245011555871,9152.851208048733,60.0,0.0,0.0,0.0,8990.0,8990.0,9142.851208048733,9142.851208048733,550.0,1487.0270493711937,0.0,0,0,0,1
S1,continuous,D,894,69,8940.0,9000.0,9059.351259395768,9059.351259395768,9073.24913446532,60.0,0.0,0.0,0.0,9000.0,9000.0,9063.24913446532,9063.24913446532,350.0,908.1865149294221,0.0,0,0,0,1
S1,continuous,D,895,8,8950.0,9070.0,9116.737007198477,9116.737007198477,9180.440140316474,120.0,0.0,0.0,0.0,9070.0,9070.0,9170.440140316474,9170.440140316474,400.0,1550.189599503255,0.0,0,0,0,1
S1,continuous,D,896,15,8960.0,9020.0,9074.087203084197,9074.087203084197,9147.790336202193,60.0,0.0,0.0,0.0,9020.0,9020.0,9137.790336202193,9137.790336202193,450.0,1055.324501051949,0.0,0,0,0,1
S1,continuous,D,897,62,8970.0,9210.0,9267.363836041113,9267.363836041113,9287.917239489521,240.0,0.0,0.0,0.0,9210.0,9210.0,9277.917239489521,9277.917239489521,350.0,1176.3073029231862,0.0,0,0,0,1
S1,continuous,D,898,53,8980.0,9040.0,9109.351259395768,9109.351259395768,9133.24913446532,60.0,0.0,0.0,0.0,9040.0,9040.0,9123.24913446532,9123.24913446532,400.0,1008.1865149294221,0.0,0,0,0,1
S1,continuous,D,899,44,8990.0,9110.0,9160.294997177363,9160.294997177363,9189.043561167657,120.0,0.0,0.0,0.0,9110.0,9110.0,9179.043561167657,9179.043561167657,300.0,995.355811639425,0.0,0,0,0,0
S1,continuous,D,900,66,9000.0,9060.0,9126.595843310657,9126.595843310657,9220.298976428654,60.0,0.0,0.0,0.0,9060.0,9060.0,9210.298976428654,9210.298976428654,550.0,1584.5362570113907,0.0,0,0,0,1
S1,continuous,D,901,9,9010.0,9070.0,9130.269171761469,9130.269171761469,9164.167046831022,60.0,0.0,0.0,0.0,9070.0,9070.0,9154.167046831022,9154.167046831022,450.0,1268.4294559612006,0.0,0,0,0,1
S1,continuous,D,902,24,9020.0,9200.0,9206.155434098948,9206.155434098948,9259.781913477802,180.0,0.0,0.0,0.0,9200.0,9200.0,9249.781913477802,9249.781913477802,300.0,438.125707534966,0.0,0,0,0,0
S1,continuous,D,903,40,9030.0,9090.0,9152.839160712254,9152.839160712254,9173.392564160662,60.0,0.0,0.0,0.0,9090.0,9090.0,9163.392564160662,9163.392564160662,350.0,1173.9909112560576,0.0,0,0,0,1
S1,continuous,D,904,72,9040.0,9280.0,9306.831835423165,9306.831835423165,9334.167046831022,240.0,0.0,0.0,0.0,9280.0,9280.0,9324.167046831022,9324.167046831022,350.0,1068.4294559612006,0.0,0,0,0,1
S1,continuous,D,905,63,9050.0,9230.0,9296.4011013591,9296.4011013591,9310.298976428654,180.0,0.0,0.0,0.0,9230.0,9230.0,9300.298976428654,9300.298976428654,350.0,1184.5362570113905,0.0,0,0,0,1
S1,continuous,D,906,7,9060.0,9060.0,9123.246787003178,9123.246787003178,9196.873266382032,0.0,0.0,0.0,0.0,9060.0,9060.0,9186.873266382032,9186.873266382032,400.0,1217.202746713004,0.0,0,0,0,1
S1,continuous,D,907,71,9070.0,9310.0,9376.601893716297,9376.601893716297,9415.35045770659,240.0,0.0,0.0,0.0,9310.0,9310.0,9405.35045770659,9405.35045770659,350.0,1322.17585876147,0.0,0,0,0,1
S1,continuous,D,908,58,9080.0,9080.0,9171.647324588594,9171.647324588594,9265.35045770659,0.0,0.0,0.0,0.0,9080.0,9080.0,9255.35045770659,9255.35045770659,550.0,1722.17585876147,0.0,0,0,0,1
S1,continuous,D,909,26,9090.0,9330.0,9399.66848974055,9399.66848974055,9420.221893188958,240.0,0.0,0.0,0.0,9330.0,9330.0,9410.221893188958,9410.221893188958,350.0,823.7001049161106,0.0,0,0,0,1
S1,continuous,D,910,14,9100.0,9280.0,9354.328370974516,9354.328370974516,9381.663582382373,180.0,0.0,0.0,0.0,9280.0,9280.0,9371.663582382373,9371.663582382373,350.0,1168.267893644356,0.0,0,0,0,1
S1,continuous,D,911,46,9110.0,9110.0,9152.82953464494,9152.82953464494,9213.392564160662,0.0,0.0,0.0,0.0,9110.0,9110.0,9203.392564160662,9203.392564160662,400.0,1273.9909112560574,0.0,0,0,0,1
S1,continuous,D,912,2,9120.0,9240.0,9254.340429589944,9254.340429589944,9258.238304659497,120.0,0.0,0.0,0.0,9240.0,9240.0,9254.340429589944,9254.340429589944,300.0,324.72480202549593,0.0,0,0,0,0
S1,continuous,D,913,50,9130.0,9190.0,9286.685230614703,9286.685230614703,9400.311709993557,60.0,0.0,0.0,0.0,9190.0,9190.0,9390.311709993557,9390.311709993557,600.0,1540.9863251396714,0.0,0,0,0,1
S1,continuous,D,914,22,9140.0,9380.0,9440.455124794336,9440.455124794336,9467.790336202193,240.0,0.0,0.0,0.0,9380.0,9380.0,9457.790336202193,9457.790336202193,350.0,855.324501051949,0.0,0,0,0,1
S1,continuous,D,915,17,9150.0,9270.0,9343.246787003178,9343.246787003178,9426.873266382032,120.0,0.0,0.0,0.0,9270.0,9270.0,9416.873266382032,9416.873266382032,450.0,1317.202746713004,0.0,0,0,0,1
S1,continuous,D,916,61,9160.0,9400.0,9452.382255606768,9452.382255606768,9491.130819597061,240.0,0.0,0.0,0.0,9400.0,9400.0,9481.130819597061,9481.130819597061,350.0,935.1777433428265,0.0,0,0,0,1
S1,continuous,D,917,0,9170.0,9230.0,9285.515996640876,9285.515996640876,9312.851208048733,60.0,0.0,0.0,0.0,9230.0,9230.0,9302.851208048733,9302.851208048733,350.0,1087.0270493711937,0.0,0,0,0,1
S1,continuous,D,918,41,9180.0,9180.0,9220.269171761469,9220.269171761469,9234.167046831022,0.0,0.0,0.0,0.0,9180.0,9180.0,9224.167046831022,9224.167046831022,350.0,1068.4294559612006,0.0,0,0,0,1
S1,continuous,D,919,13,9190.0,9430.0,9456.595843310657,9456.595843310657,9510.298976428654,240.0,0.0,0.0,0.0,9430.0,9430.0,9500.298976428654,9500.298976428654,350.0,1184.5362570113907,0.0,0,0,0,1
S1,continuous,D,920,32,9200.0,9500.0,9523.912941667197,9523.912941667197,9568.519138160058,300.0,0.0,0.0,0.0,9500.0,9500.0,9558.519138160058,9558.519138160058,350.0,960.1914643216708,0.0,0,0,0,1
S1,continuous,D,921,44,9210.0,9210.0,9244.485730603978,9244.485730603978,9295.0487601197,0.0,0.0,0.0,0.0,9210.0,9210.0,9285.0487601197,9285.0487601197,350.0,866.1924843592033,0.0,0,0,0,1
S1,continuous,D,922,4,9220.0,9280.0,9327.618966322814,9327.618966322814,9368.181995838537,60.0,0.0,0.0,0.0,9280.0,9280.0,9358.181995838537,9358.181995838537,300.0,682.3863601564473,0.0,0,0,0,0
S1,continuous,D,923,48,9230.0,9230.0,9286.5246231042,9286.5246231042,9341.130819597061,0.0,0.0,0.0,0.0,9230.0,9230.0,9331.130819597061,9331.130819597061,400.0,1035.1777433428265,0.0,0,0,0,1
S1,continuous,D,924,52,9240.0,9300.0,9386.601893716297,9386.601893716297,9445.35045770659,60.0,0.0,0.0,0.0,9300.0,9300.0,9435.35045770659,9435.35045770659,450.0,1522.17585876147,0.0,0,0,0,1
S1,continuous,D,925,15,9250.0,9310.0,9346.35751427149,9346.35751427149,9356.910917719899,60.0,0.0,0.0,0.0,9310.0,9310.0,9346.910917719899,9346.910917719899,300.0,703.7731892733298,2.887572050937365,1,0,1,0
S1,continuous,D,926,31,9260.0,9500.0,9570.412226075307,9570.412226075307,9620.975255591029,240.0,0.0,0.0,0.0,9500.0,9500.0,9610.975255591029,9610.975255591029,350.0,1023.3306575697493,0.0,0,0,0,1
S1,continuous,D,927,69,9270.0,9390.0,9396.155434098948,9396.155434098948,9449.781913477802,120.0,0.0,0.0,0.0,9390.0,9390.0,9439.781913477802,9439.781913477802,300.0,438.125707534966,0.0,0,0,0,0
S1,continuous,D,928,33,9280.0,9280.0,9323.31104299666,9323.31104299666,9377.917239489521,0.0,0.0,0.0,0.0,9280.0,9280.0,9367.917239489521,9367.917239489521,400.0,1276.307302923186,0.0,0,0,0,1
S1,continuous,D,929,35,9290.0,9470.0,9506.737007198477,9506.737007198477,9560.440140316474,180.0,0.0,0.0,0.0,9470.0,9470.0,9550.440140316474,9550.440140316474,350.0,1450.189599503255,0.0,0,0,0,1
S1,continuous,D,930,11,9300.0,9420.0,9494.087203084197,9494.087203084197,9587.790336202193,120.0,0.0,0.0,0.0,9420.0,9420.0,9577.790336202193,9577.790336202193,550.0,1255.324501051949,0.0,0,0,0,1
S1,continuous,D,931,44,9310.0,9370.0,9436.064652285671,9436.064652285671,9469.962527355225,60.0,0.0,0.0,0.0,9370.0,9370.0,9459.962527355225,9459.962527355225,450.0,950.9714149911492,0.0,0,0,0,1
S1,continuous,D,932,66,9320.0,9440.0,9524.047656050785,9524.047656050785,9584.601059499193,120.0,0.0,0.0,0.0,9440.0,9440.0,9574.601059499193,9574.601059499193,550.0,1753.6060504764996,0.0,0,0,0,1
S1,continuous,D,933,67,9330.0,9630.0,9696.4011013591,9696.4011013591,9710.298976428654,300.0,0.0,0.0,0.0,9630.0,9630.0,9700.298976428654,9700.298976428654,350.0,1184.5362570113905,0.0,0,0,0,1
S1,continuous,D,934,49,9340.0,9460.0,9512.382255606768,9512.382255606768,9551.130819597061,120.0,0.0,0.0,0.0,9460.0,9460.0,9541.130819597061,9541.130819597061,350.0,935.1777433428265,0.0,0,0,0,1
S1,continuous,D,935,73,9350.0,9530.0,9544.340429589944,9544.340429589944,9548.238304659497,180.0,0.0,0.0,0.0,9530.0,9530.0,9544.340429589944,9544.340429589944,300.0,324.72480202549593,0.0,0,0,0,0
S1,continuous,D,936,27,9360.0,9360.0,9422.839160712254,9422.839160712254,9443.392564160662,0.0,0.0,0.0,0.0,9360.0,9360.0,9433.392564160662,9433.392564160662,350.0,1173.9909112560576,0.0,0,0,0,1
S1,continuous,D,937,3,9370.0,9430.0,9512.839160712254,9512.839160712254,9553.392564160662,60.0,0.0,0.0,0.0,9430.0,9430.0,9543.392564160662,9543.392564160662,450.0,1373.9909112560574,0.0,0,0,0,1
S1,continuous,D,938,4,9380.0,9620.0,9642.686104949598,9642.686104949598,9693.24913446532,240.0,0.0,0.0,0.0,9620.0,9620.0,9683.24913446532,9683.24913446532,350.0,908.1865149294221,0.0,0,0,0,1
S1,continuous,D,939,9,9390.0,9510.0,9532.686104949598,9532.686104949598,9583.24913446532,120.0,0.0,0.0,0.0,9510.0,9510.0,9573.24913446532,9573.24913446532,350.0,908.1865149294221,0.0,0,0,0,1
S1,continuous,D,940,59,9400.0,9400.0,9446.064652285671,9446.064652285671,9459.962527355225,0.0,0.0,0.0,0.0,9400.0,9400.0,9449.962527355225,9449.962527355225,350.0,750.9714149911492,0.0,0,0,0,1
S1,continuous,D,941,14,9410.0,9470.0,9518.037103003518,9518.037103003518,9591.663582382373,60.0,0.0,0.0,0.0,9470.0,9470.0,9581.663582382373,9581.663582382373,400.0,1268.267893644356,0.0,0,0,0,1
S1,continuous,D,942,50,9420.0,9420.0,9458.588049609642,9458.588049609642,9499.151079125364,0.0,0.0,0.0,0.0,9420.0,9420.0,9489.151079125364,9489.151079125364,300.0,641.3030044949385,0.0,0,0,0,0
S1,continuous,D,943,70,9430.0,9610.0,9643.31104299666,9643.31104299666,9687.917239489521,180.0,0.0,0.0,0.0,9610.0,9610.0,9677.917239489521,9677.917239489521,350.0,1176.307302923186,0.0,0,0,0,1
S1,continuous,D,944,39,9440.0,9560.0,9617.363836041113,9617.363836041113,9637.917239489521,120.0,0.0,0.0,0.0,9560.0,9560.0,9627.917239489521,9627.917239489521,350.0,1176.3073029231862,0.0,0,0,0,1
S1,continuous,D,945,18,9450.0,9630.0,9685.884038408249,9685.884038408249,9689.781913477802,180.0,0.0,0.0,0.0,9630.0,9630.0,9685.884038408249,9685.884038408249,300.0,438.125707534966,0.0,0,0,0,0
S1,continuous,D,946,41,9460.0,9460.0,9474.340429589944,9474.340429589944,9478.238304659497,0.0,0.0,0.0,0.0,9460.0,9460.0,9474.340429589944,9474.340429589944,300.0,324.72480202549593,0.0,0,0,0,0
S1,continuous,D,947,45,9470.0,9710.0,9784.277365630962,9784.277365630962,9837.980498748959,240.0,0.0,0.0,0.0,9710.0,9710.0,9827.980498748959,9827.980498748959,350.0,1296.7071459580688,0.0,0,0,0,1
S1,continuous,D,948,43,9480.0,9720.0,9782.839160712254,9782.839160712254,9803.392564160662,240.0,0.0,0.0,0.0,9720.0,9720.0,9793.392564160662,9793.392564160662,350.0,1173.9909112560576,0.0,0,0,0,1
S1,continuous,D,949,54,9490.0,9610.0,9676.601893716297,9676.601893716297,9715.35045770659,120.0,0.0,0.0,0.0,9610.0,9610.0,9705.35045770659,9705.35045770659,350.0,1322.17585876147,0.0,0,0,0,1
S1,continuous,D,950,55,9500.0,9500.0,9553.80264985492,9553.80264985492,9602.551213845214,0.0,0.0,0.0,0.0,9500.0,9500.0,9592.551213845214,9592.551213845214,400.0,1528.2481067950264,0.0,0,0,0,1
S1,continuous,D,951,72,9510.0,9690.0,9760.412226075307,9760.412226075307,9810.975255591029,180.0,0.0,0.0,0.0,9690.0,9690.0,9800.975255591029,9800.975255591029,350.0,1023.3306575697493,0.0,0,0,0,1
S1,continuous,D,952,16,9520.0,9520.0,9574.621263090505,9574.621263090505,9588.519138160058,0.0,0.0,0.0,0.0,9520.0,9520.0,9578.519138160058,9578.519138160058,350.0,960.1914643216708,0.0,0,0,0,1
S1,continuous,D,953,62,9530.0,9650.0,9686.35751427149,9686.35751427149,9696.910917719899,120.0,0.0,0.0,0.0,9650.0,9650.0,9686.910917719899,9686.910917719899,300.0,703.7731892733298,2.887572050937365,1,0,1,0
S1,continuous,D,954,37,9540.0,9660.0,9736.595413810104,9736.595413810104,9850.221893188958,120.0,0.0,0.0,0.0,9660.0,9660.0,9840.221893188958,9840.221893188958,600.0,1323.7001049161104,0.0,0,0,0,1
S1,continuous,D,955,57,9550.0,9550.0,9644.47886272054,9644.47886272054,9738.181995838537,0.0,0.0,0.0,0.0,9550.0,9550.0,9728.181995838537,9728.181995838537,550.0,1182.3863601564472,0.0,0,0,0,1
S1,continuous,D,956,47,9560.0,9680.0,9732.382255606768,9732.382255606768,9771.130819597061,120.0,0.0,0.0,0.0,9680.0,9680.0,9761.130819597061,9761.130819597061,350.0,935.1777433428265,0.0,0,0,0,1
S1,continuous,D,957,24,9570.0,9750.0,9787.265848091336,9787.265848091336,9814.601059499193,180.0,0.0,0.0,0.0,9750.0,9750.0,9804.601059499193,9804.601059499193,350.0,1353.6060504764996,0.0,0,0,0,1
S1,continuous,D,958,32,9580.0,9700.0,9778.037103003518,9778.037103003518,9881.663582382373,120.0,0.0,0.0,0.0,9700.0,9700.0,9871.663582382373,9871.663582382373,550.0,1568.267893644356,0.0,0,0,0,1
S1,continuous,D,959,60,9590.0,9590.0,9596.155434098948,9596.155434098948,9649.781913477802,0.0,0.0,0.0,0.0,9590.0,9590.0,9639.781913477802,9639.781913477802,300.0,438.125707534966,0.0,0,0,0,0
S1,continuous,D,960,49,9600.0,9840.0,9886.5246231042,9886.5246231042,9931.130819597061,240.0,0.0,0.0,0.0,9840.0,9840.0,9921.130819597061,9921.130819597061,350.0,935.1777433428265,0.0,0,0,0,1
S1,continuous,D,961,66,9610.0,9910.0,9982.26706988917,9982.26706988917,10026.873266382032,300.0,0.0,0.0,0.0,9910.0,9910.0,10016.873266382032,10016.873266382032,350.0,1117.202746713004,0.0,0,0,0,1
S1,continuous,D,962,12,9620.0,9620.0,9684.485730603978,9684.485730603978,9765.0487601197,0.0,0.0,0.0,0.0,9620.0,9620.0,9755.0487601197,9755.0487601197,500.0,1166.1924843592033,0.0,0,0,0,1
S1,continuous,D,963,38,9630.0,9630.0,9689.351259395768,9689.351259395768,9703.24913446532,0.0,0.0,0.0,0.0,9630.0,9630.0,9693.24913446532,9693.24913446532,350.0,908.1865149294221,0.0,0,0,0,1
S1,continuous,D,964,21,9640.0,9640.0,9657.684901211089,9657.684901211089,9678.238304659497,0.0,0.0,0.0,0.0,9640.0,9640.0,9668.238304659497,9668.238304659497,350.0,424.7248020254959,0.0,0,0,0,1
S1,continuous,D,965,55,9650.0,9890.0,9946.685230614703,9946.685230614703,10020.311709993557,240.0,0.0,0.0,0.0,9890.0,9890.0,10010.311709993557,10010.311709993557,400.0,1140.9863251396716,0.0,0,0,0,1
S1,continuous,D,966,6,9660.0,9720.0,9770.08902010653,9770.08902010653,9823.792153224527,60.0,0.0,0.0,0.0,9720.0,9720.0,9813.792153224527,9813.792153224527,350.0,857.0682222989032,0.0,0,0,0,1
S1,continuous,D,967,0,9670.0,9670.0,9729.185956731666,9729.185956731666,9773.792153224527,0.0,0.0,0.0,0.0,9670.0,9670.0,9763.792153224527,9763.792153224527,350.0,857.068222298903,0.0,0,0,0,1
S1,continuous,D,968,20,9680.0,9860.0,9886.595843310657,9886.595843310657,9940.298976428654,180.0,0.0,0.0,0.0,9860.0,9860.0,9930.298976428654,9930.298976428654,350.0,1184.5362570113907,0.0,0,0,0,1
S1,continuous,D,969,74,9690.0,9750.0,9803.80264985492,9803.80264985492,9852.551213845214,60.0,0.0,0.0,0.0,9750.0,9750.0,9842.551213845214,9842.551213845214,400.0,1528.2481067950264,0.0,0,0,0,1
S1,continuous,D,970,39,9700.0,9820.0,9834.340429589944,9834.340429589944,9838.238304659497,120.0,0.0,0.0,0.0,9820.0,9820.0,9834.340429589944,9834.340429589944,300.0,324.72480202549593,0.0,0,0,0,0
S1,continuous,D,971,3,9710.0,9950.0,10021.563146003264,10021.563146003264,10060.311709993557,240.0,0.0,0.0,0.0,9950.0,9950.0,10050.311709993557,10050.311709993557,350.0,1040.9863251396716,0.0,0,0,0,1
S1,continuous,D,972,10,9720.0,9840.0,9897.713548711843,9897.713548711843,9925.0487601197,120.0,0.0,0.0,0.0,9840.0,9840.0,9915.0487601197,9915.0487601197,350.0,866.1924843592033,0.0,0,0,0,1
S1,continuous,D,973,11,9730.0,10030.0,10102.26706988917,10102.26706988917,10146.873266382032,300.0,0.0,0.0,0.0,10030.0,10030.0,10136.873266382032,10136.873266382032,350.0,1117.202746713004,0.0,0,0,0,1
S1,continuous,D,974,5,9740.0,9740.0,9804.087203084197,9804.087203084197,9887.790336202193,0.0,0.0,0.0,0.0,9740.0,9740.0,9877.790336202193,9877.790336202193,500.0,1155.324501051949,0.0,0,0,0,1
S1,continuous,D,975,57,9750.0,9870.0,9914.047656050785,9914.047656050785,9934.601059499193,120.0,0.0,0.0,0.0,9870.0,9870.0,9924.601059499193,9924.601059499193,350.0,1353.6060504764996,0.0,0,0,0,1
S1,continuous,D,976,30,9760.0,9880.0,9913.31104299666,9913.31104299666,9957.917239489521,120.0,0.0,0.0,0.0,9880.0,9880.0,9947.917239489521,9947.917239489521,350.0,1176.307302923186,0.0,0,0,0,1
S1,continuous,D,977,22,9770.0,9890.0,9912.686104949598,9912.686104949598,9963.24913446532,120.0,0.0,0.0,0.0,9890.0,9890.0,9953.24913446532,9953.24913446532,350.0,908.1865149294221,0.0,0,0,0,1
S1,continuous,D,978,44,9780.0,9840.0,9878.037103003518,9878.037103003518,9941.663582382373,60.0,0.0,0.0,0.0,9840.0,9840.0,9931.663582382373,9931.663582382373,350.0,1168.267893644356,0.0,0,0,0,1
S1,continuous,D,979,67,9790.0,9790.0,9826.064652285671,9826.064652285671,9829.962527355225,0.0,0.0,0.0,0.0,9790.0,9790.0,9826.064652285671,9826.064652285671,300.0,650.9714149911492,0.0,0,0,0,0
S1,continuous,D,980,35,9800.0,9860.0,9913.31104299666,9913.31104299666,9977.917239489521,60.0,0.0,0.0,0.0,9860.0,9860.0,9967.917239489521,9967.917239489521,450.0,1376.307302923186,0.0,0,0,0,1
S1,continuous,D,981,53,9810.0,9990.0,10034.047656050785,10034.047656050785,10054.601059499193,180.0,0.0,0.0,0.0,9990.0,9990.0,10044.601059499193,10044.601059499193,350.0,1353.6060504764996,0.0,0,0,0,1
S1,continuous,D,982,60,9820.0,9880.0,9969.351259395768,9969.351259395768,10013.24913446532,60.0,0.0,0.0,0.0,9880.0,9880.0,10003.24913446532,10003.24913446532,500.0,1208.1865149294222,0.0,0,0,0,1
S1,continuous,D,983,0,9830.0,10070.0,10144.328370974516,10144.328370974516,10171.663582382373,240.0,0.0,0.0,0.0,10070.0,10070.0,10161.663582382373,10161.663582382373,350.0,1168.267893644356,0.0,0,0,0,1
S1,continuous,D,984,64,9840.0,9900.0,9974.47886272054,9974.47886272054,10048.181995838537,60.0,0.0,0.0,0.0,9900.0,9900.0,10038.181995838537,10038.181995838537,450.0,982.3863601564473,0.0,0,0,0,1
S1,continuous,D,985,39,9850.0,10030.0,10113.246787003178,10113.246787003178,10206.873266382032,180.0,0.0,0.0,0.0,10030.0,10030.0,10196.873266382032,10196.873266382032,500.0,1417.202746713004,0.0,0,0,0,1
S1,continuous,D,986,46,9860.0,9920.0,9957.265848091336,9957.265848091336,9984.601059499193,60.0,0.0,0.0,0.0,9920.0,9920.0,9974.601059499193,9974.601059499193,350.0,1353.6060504764996,0.0,0,0,0,1
S1,continuous,D,987,68,9870.0,9990.0,10023.31104299666,10023.31104299666,10067.917239489521,120.0,0.0,0.0,0.0,9990.0,9990.0,10057.917239489521,10057.917239489521,350.0,1176.307302923186,0.0,0,0,0,1
S1,continuous,D,988,28,9880.0,10060.0,10110.08902010653,10110.08902010653,10163.792153224527,180.0,0.0,0.0,0.0,10060.0,10060.0,10153.792153224527,10153.792153224527,350.0,857.0682222989032,0.0,0,0,0,1
S1,continuous,D,989,13,9890.0,9950.0,10006.737007198477,10006.737007198477,10080.440140316474,60.0,0.0,0.0,0.0,9950.0,9950.0,10070.440140316474,10070.440140316474,450.0,1650.189599503255,0.0,0,0,0,1
S1,continuous,D,990,62,9900.0,10080.0,10112.82953464494,10112.82953464494,10163.392564160662,180.0,0.0,0.0,0.0,10080.0,10080.0,10153.392564160662,10153.392564160662,350.0,1173.9909112560574,0.0,0,0,0,1
S1,continuous,D,991,45,9910.0,10030.0,10064.087203084197,10064.087203084197,10117.790336202193,120.0,0.0,0.0,0.0,10030.0,10030.0,10107.790336202193,10107.790336202193,350.0,855.324501051949,0.0,0,0,0,1
S1,continuous,D,992,74,9920.0,10100.0,10179.185956731666,10179.185956731666,10243.792153224527,180.0,0.0,0.0,0.0,10100.0,10100.0,10233.792153224527,10233.792153224527,450.0,1057.068222298903,0.0,0,0,0,1
S1,continuous,D,993,50,9930.0,9930.0,9974.47886272054,9974.47886272054,10018.181995838537,0.0,0.0,0.0,0.0,9930.0,9930.0,10008.181995838537,10008.181995838537,300.0,682.3863601564473,0.0,0,0,0,0
S1,continuous,D,994,51,9940.0,10060.0,10082.686104949598,10082.686104949598,10133.24913446532,120.0,0.0,0.0,0.0,10060.0,10060.0,10123.24913446532,10123.24913446532,350.0,908.1865149294221,0.0,0,0,0,1
S1,continuous,D,995,37,9950.0,9950.0,10010.269171761469,10010.269171761469,10044.167046831022,0.0,0.0,0.0,0.0,9950.0,9950.0,10034.167046831022,10034.167046831022,450.0,1268.4294559612006,0.0,0,0,0,1
S1,continuous,D,996,73,9960.0,10080.0,10126.5246231042,10126.5246231042,10171.130819597061,120.0,0.0,0.0,0.0,10080.0,10080.0,10161.130819597061,10161.130819597061,350.0,935.1777433428265,0.0,0,0,0,1
S1,continuous,D,997,22,9970.0,10030.0,10086.595413810104,10086.595413810104,10180.221893188958,60.0,0.0,0.0,0.0,10030.0,10030.0,10170.221893188958,10170.221893188958,500.0,1123.7001049161104,0.0,0,0,0,1
S1,continuous,D,998,30,9980.0,10220.0,10242.686104949598,10242.686104949598,10293.24913446532,240.0,0.0,0.0,0.0,10220.0,10220.0,10283.24913446532,10283.24913446532,350.0,908.1865149294221,0.0,0,0,0,1
S1,continuous,D,999,58,9990.0,10230.0,10256.595843310657,10256.595843310657,10310.298976428654,240.0,0.0,0.0,0.0,10230.0,10230.0,10300.298976428654,10300.298976428654,350.0,1184.5362570113907,0.0,0,0,0,1
S1,continuous,D,1000,52,10000.0,10180.0,10213.912941667197,10213.912941667197,10268.519138160058,180.0,0.0,0.0,0.0,10180.0,10180.0,10258.519138160058,10258.519138160058,400.0,1060.1914643216708,0.0,0,0,0,1
S1,continuous,D,1001,21,10010.0,10190.0,10197.684901211089,10197.684901211089,10208.238304659497,180.0,0.0,0.0,0.0,10190.0,10190.0,10198.238304659497,10198.238304659497,300.0,324.7248020254959,0.0,0,0,0,0
S1,continuous,D,1002,19,10020.0,10260.0,10331.563146003264,10331.563146003264,10370.311709993557,240.0,0.0,0.0,0.0,10260.0,10260.0,10360.311709993557,10360.311709993557,350.0,1040.9863251396716,0.0,0,0,0,1
S1,continuous,D,1003,44,10030.0,10270.0,10277.684901211089,10277.684901211089,10288.238304659497,240.0,0.0,0.0,0.0,10270.0,10270.0,10278.238304659497,10278.238304659497,300.0,324.7248020254959,0.0,0,0,0,0
S1,continuous,D,1004,12,10040.0,10100.0,10118.162353729605,10118.162353729605,10146.910917719899,60.0,0.0,0.0,0.0,10100.0,10100.0,10136.910917719899,10136.910917719899,300.0,703.7731892733296,2.887572050937365,1,0,1,0
S1,continuous,D,1005,59,10050.0,10230.0,10326.601893716297,10326.601893716297,10395.35045770659,180.0,0.0,0.0,0.0,10230.0,10230.0,10385.35045770659,10385.35045770659,500.0,1622.17585876147,0.0,0,0,0,1
S1,continuous,D,1006,4,10060.0,10240.0,10280.269171761469,10280.269171761469,10294.167046831022,180.0,0.0,0.0,0.0,10240.0,10240.0,10284.167046831022,10284.167046831022,350.0,1068.4294559612006,0.0,0,0,0,1
S1,continuous,D,1007,6,10070.0,10190.0,10249.185956731666,10249.185956731666,10293.792153224527,120.0,0.0,0.0,0.0,10190.0,10190.0,10283.792153224527,10283.792153224527,350.0,857.068222298903,0.0,0,0,0,1
S1,continuous,D,1008,48,10080.0,10260.0,10286.831835423165,10286.831835423165,10314.167046831022,180.0,0.0,0.0,0.0,10260.0,10260.0,10304.167046831022,10304.167046831022,350.0,1068.4294559612006,0.0,0,0,0,1
S1,continuous,D,1009,64,10090.0,10270.0,10327.363836041113,10327.363836041113,10347.917239489521,180.0,0.0,0.0,0.0,10270.0,10270.0,10337.917239489521,10337.917239489521,350.0,1176.3073029231862,0.0,0,0,0,1
S1,continuous,D,1010,18,10100.0,10160.0,10178.162353729605,10178.162353729605,10206.910917719899,60.0,0.0,0.0,0.0,10160.0,10160.0,10196.910917719899,10196.910917719899,300.0,703.7731892733296,2.887572050937365,1,0,1,0
S1,continuous,D,1011,43,10110.0,10110.0,10154.047656050785,10154.047656050785,10174.601059499193,0.0,0.0,0.0,0.0,10110.0,10110.0,10164.601059499193,10164.601059499193,350.0,1353.6060504764996,0.0,0,0,0,1
S1,continuous,D,1012,29,10120.0,10180.0,10230.294997177363,10230.294997177363,10259.043561167657,60.0,0.0,0.0,0.0,10180.0,10180.0,10249.043561167657,10249.043561167657,300.0,995.355811639425,0.0,0,0,0,0
S1,continuous,D,1013,34,10130.0,10370.0,10430.455124794336,10430.455124794336,10457.790336202193,240.0,0.0,0.0,0.0,10370.0,10370.0,10447.790336202193,10447.790336202193,350.0,855.324501051949,0.0,0,0,0,1
S1,continuous,D,1014,35,10140.0,10260.0,10324.354019370105,10324.354019370105,10387.980498748959,120.0,0.0,0.0,0.0,10260.0,10260.0,10377.980498748959,10377.980498748959,350.0,1296.707145958069,0.0,0,0,0,1
S1,continuous,D,1015,32,10150.0,10210.0,10257.265848091336,10257.265848091336,10294.601059499193,60.0,0.0,0.0,0.0,10210.0,10210.0,10284.601059499193,10284.601059499193,400.0,1453.6060504764996,0.0,0,0,0,1
S1,continuous,D,1016,27,10160.0,10160.0,10251.647324588594,10251.647324588594,10345.35045770659,0.0,0.0,0.0,0.0,10160.0,10160.0,10335.35045770659,10335.35045770659,550.0,1722.17585876147,0.0,0,0,0,1
S1,continuous,D,1017,20,10170.0,10230.0,10296.595413810104,10296.595413810104,10400.221893188958,60.0,0.0,0.0,0.0,10230.0,10230.0,10390.221893188958,10390.221893188958,550.0,1223.7001049161104,0.0,0,0,0,1
S1,continuous,D,1018,53,10180.0,10360.0,10412.382255606768,10412.382255606768,10451.130819597061,180.0,0.0,0.0,0.0,10360.0,10360.0,10441.130819597061,10441.130819597061,350.0,935.1777433428265,0.0,0,0,0,1
S1,continuous,D,1019,47,10190.0,10430.0,10456.595843310657,10456.595843310657,10510.298976428654,240.0,0.0,0.0,0.0,10430.0,10430.0,10500.298976428654,10500.298976428654,350.0,1184.5362570113907,0.0,0,0,0,1
S1,continuous,D,1020,9,10200.0,10440.0,10491.647324588594,10491.647324588594,10545.35045770659,240.0,0.0,0.0,0.0,10440.0,10440.0,10535.35045770659,10535.35045770659,350.0,1322.17585876147,0.0,0,0,0,1
S1,continuous,D,1021,40,10210.0,10390.0,10437.618966322814,10437.618966322814,10478.181995838537,180.0,0.0,0.0,0.0,10390.0,10390.0,10468.181995838537,10468.181995838537,300.0,682.3863601564473,0.0,0,0,0,0
S1,continuous,D,1022,65,10220.0,10520.0,10571.647324588594,10571.647324588594,10625.35045770659,300.0,0.0,0.0,0.0,10520.0,10520.0,10615.35045770659,10615.35045770659,350.0,1322.17585876147,0.0,0,0,0,1
S1,continuous,D,1023,68,10230.0,10290.0,10322.82953464494,10322.82953464494,10373.392564160662,60.0,0.0,0.0,0.0,10290.0,10290.0,10363.392564160662,10363.392564160662,350.0,1173.9909112560574,0.0,0,0,0,1
S1,continuous,D,1024,57,10240.0,10420.0,10479.185956731666,10479.185956731666,10523.792153224527,180.0,0.0,0.0,0.0,10420.0,10420.0,10513.792153224527,10513.792153224527,350.0,857.068222298903,0.0,0,0,0,1
S1,continuous,D,1025,24,10250.0,10490.0,10497.684901211089,10497.684901211089,10508.238304659497,240.0,0.0,0.0,0.0,10490.0,10490.0,10498.238304659497,10498.238304659497,300.0,324.7248020254959,0.0,0,0,0,0
S1,continuous,D,1026,49,10260.0,10380.0,10456.595843310657,10456.595843310657,10560.298976428654,120.0,0.0,0.0,0.0,10380.0,10380.0,10550.298976428654,10550.298976428654,600.0,1684.5362570113907,0.0,0,0,0,1
S1,continuous,D,1027,38,10270.0,10270.0,10342.839160712254,10342.839160712254,10373.392564160662,0.0,0.0,0.0,0.0,10270.0,10270.0,10363.392564160662,10363.392564160662,400.0,1273.9909112560574,0.0,0,0,0,1
S1,continuous,D,1028,26,10280.0,10460.0,10515.884038408249,10515.884038408249,10519.781913477802,180.0,0.0,0.0,0.0,10460.0,10460.0,10515.884038408249,10515.884038408249,300.0,438.125707534966,0.0,0,0,0,0
S1,continuous,D,1029,5,10290.0,10350.0,10384.485730603978,10384.485730603978,10435.0487601197,60.0,0.0,0.0,0.0,10350.0,10350.0,10425.0487601197,10425.0487601197,350.0,866.1924843592033,0.0,0,0,0,1
S1,continuous,D,1030,18,10300.0,10360.0,10388.119040148842,10388.119040148842,10426.867604139135,60.0,0.0,0.0,0.0,10360.0,10360.0,10416.867604139135,10416.867604139135,350.0,800.8856172223923,0.0,0,0,0,1
S1,continuous,D,1031,37,10310.0,10310.0,10375.515996640876,10375.515996640876,10412.851208048733,0.0,0.0,0.0,0.0,10310.0,10310.0,10402.851208048733,10402.851208048733,400.0,1187.0270493711937,0.0,0,0,0,1
S1,continuous,D,1032,56,10320.0,10440.0,10474.485730603978,10474.485730603978,10525.0487601197,120.0,0.0,0.0,0.0,10440.0,10440.0,10515.0487601197,10515.0487601197,350.0,866.1924843592033,0.0,0,0,0,1
S1,continuous,D,1033,39,10330.0,10390.0,10443.246787003178,10443.246787003178,10506.873266382032,60.0,0.0,0.0,0.0,10390.0,10390.0,10496.873266382032,10496.873266382032,350.0,1117.202746713004,0.0,0,0,0,1
S1,continuous,D,1034,61,10340.0,10580.0,10626.5246231042,10626.5246231042,10671.130819597061,240.0,0.0,0.0,0.0,10580.0,10580.0,10661.130819597061,10661.130819597061,350.0,935.1777433428265,0.0,0,0,0,1
S1,continuous,D,1035,11,10350.0,10410.0,10472.82953464494,10472.82953464494,10553.392564160662,60.0,0.0,0.0,0.0,10410.0,10410.0,10543.392564160662,10543.392564160662,500.0,1473.9909112560574,0.0,0,0,0,1
S1,continuous,D,1036,6,10360.0,10480.0,10548.119040148842,10548.119040148842,10626.867604139135,120.0,0.0,0.0,0.0,10480.0,10480.0,10616.867604139135,10616.867604139135,550.0,1200.8856172223923,0.0,0,0,0,1
S1,continuous,D,1037,23,10370.0,10550.0,10624.328370974516,10624.328370974516,10651.663582382373,180.0,0.0,0.0,0.0,10550.0,10550.0,10641.663582382373,10641.663582382373,350.0,1168.267893644356,0.0,0,0,0,1
S1,continuous,D,1038,55,10380.0,10380.0,10457.363836041113,10457.363836041113,10497.917239489521,0.0,0.0,0.0,0.0,10380.0,10380.0,10487.917239489521,10487.917239489521,450.0,1376.3073029231862,0.0,0,0,0,1
S1,continuous,D,1039,3,10390.0,10390.0,10443.80264985492,10443.80264985492,10492.551213845214,0.0,0.0,0.0,0.0,10390.0,10390.0,10482.551213845214,10482.551213845214,400.0,1528.2481067950264,0.0,0,0,0,1
S1,continuous,D,1040,30,10400.0,10520.0,10593.80264985492,10593.80264985492,10662.551213845214,120.0,0.0,0.0,0.0,10520.0,10520.0,10652.551213845214,10652.551213845214,500.0,1728.2481067950264,0.0,0,0,0,1
S1,continuous,D,1041,45,10410.0,10590.0,10667.363836041113,10667.363836041113,10707.917239489521,180.0,0.0,0.0,0.0,10590.0,10590.0,10697.917239489521,10697.917239489521,450.0,1376.3073029231862,0.0,0,0,0,1
S1,continuous,D,1042,12,10420.0,10480.0,10526.064652285671,10526.064652285671,10539.962527355225,60.0,0.0,0.0,0.0,10480.0,10480.0,10529.962527355225,10529.962527355225,350.0,750.9714149911492,0.0,0,0,0,1
S1,continuous,D,1043,31,10430.0,10610.0,10660.294997177363,10660.294997177363,10689.043561167657,180.0,0.0,0.0,0.0,10610.0,10610.0,10679.043561167657,10679.043561167657,300.0,995.355811639425,0.0,0,0,0,0
S1,continuous,D,1044,29,10440.0,10440.0,10506.595413810104,10506.595413810104,10610.221893188958,0.0,0.0,0.0,0.0,10440.0,10440.0,10600.221893188958,10600.221893188958,550.0,1223.7001049161104,0.0,0,0,0,1
S1,continuous,D,1045,8,10450.0,10630.0,10702.839160712254,10702.839160712254,10733.392564160662,180.0,0.0,0.0,0.0,10630.0,10630.0,10723.392564160662,10723.392564160662,400.0,1273.9909112560574,0.0,0,0,0,1
S1,continuous,D,1046,70,10460.0,10640.0,10700.455124794336,10700.455124794336,10727.790336202193,180.0,0.0,0.0,0.0,10640.0,10640.0,10717.790336202193,10717.790336202193,350.0,855.324501051949,0.0,0,0,0,1
S1,continuous,D,1047,62,10470.0,10470.0,10508.245011555871,10508.245011555871,10552.851208048733,0.0,0.0,0.0,0.0,10470.0,10470.0,10542.851208048733,10542.851208048733,350.0,1087.0270493711937,0.0,0,0,0,1
S1,continuous,D,1048,20,10480.0,10660.0,10671.213963364931,10671.213963364931,10699.962527355225,180.0,0.0,0.0,0.0,10660.0,10660.0,10689.962527355225,10689.962527355225,300.0,650.9714149911492,0.0,0,0,0,0
S1,continuous,D,1049,36,10490.0,10550.0,10626.737007198477,10626.737007198477,10720.440140316474,60.0,0.0,0.0,0.0,10550.0,10550.0,10710.440140316474,10710.440140316474,550.0,1850.189599503255,0.0,0,0,0,1
S1,continuous,D,1050,34,10500.0,10620.0,10682.382255606768,10682.382255606768,10731.130819597061,120.0,0.0,0.0,0.0,10620.0,10620.0,10721.130819597061,10721.130819597061,400.0,1035.1777433428265,0.0,0,0,0,1
S1,continuous,D,1051,60,10510.0,10750.0,10802.382255606768,10802.382255606768,10841.130819597061,240.0,0.0,0.0,0.0,10750.0,10750.0,10831.130819597061,10831.130819597061,350.0,935.1777433428265,0.0,0,0,0,1
S1,continuous,D,1052,43,10520.0,10580.0,10642.839160712254,10642.839160712254,10663.392564160662,60.0,0.0,0.0,0.0,10580.0,10580.0,10653.392564160662,10653.392564160662,350.0,1173.9909112560576,0.0,0,0,0,1
S1,continuous,D,1053,32,10530.0,10710.0,10772.839160712254,10772.839160712254,10793.392564160662,180.0,0.0,0.0,0.0,10710.0,10710.0,10783.392564160662,10783.392564160662,350.0,1173.9909112560576,0.0,0,0,0,1
S1,continuous,D,1054,39,10540.0,10540.0,10602.839160712254,10602.839160712254,10623.392564160662,0.0,0.0,0.0,0.0,10540.0,10540.0,10613.392564160662,10613.392564160662,350.0,1173.9909112560576,0.0,0,0,0,1
S1,continuous,D,1055,26,10550.0,10730.0,10783.246787003178,10783.246787003178,10846.873266382032,180.0,0.0,0.0,0.0,10730.0,10730.0,10836.873266382032,10836.873266382032,350.0,1117.202746713004,0.0,0,0,0,1
S1,continuous,D,1056,50,10560.0,10860.0,10886.595413810104,10886.595413810104,10950.221893188958,300.0,0.0,0.0,0.0,10860.0,10860.0,10940.221893188958,10940.221893188958,350.0,823.7001049161105,0.0,0,0,0,1
S1,continuous,D,1057,41,10570.0,10690.0,10763.912941667197,10763.912941667197,10858.519138160058,120.0,0.0,0.0,0.0,10690.0,10690.0,10848.519138160058,10848.519138160058,600.0,1460.1914643216708,0.0,0,0,0,1
S1,continuous,D,1058,33,10580.0,10700.0,10777.348776212175,10777.348776212175,10860.975255591029,120.0,0.0,0.0,0.0,10700.0,10700.0,10850.975255591029,10850.975255591029,450.0,1223.3306575697493,0.0,0,0,0,1
S1,continuous,D,1059,35,10590.0,10650.0,10750.412226075307,10750.412226075307,10830.975255591029,60.0,0.0,0.0,0.0,10650.0,10650.0,10820.975255591029,10820.975255591029,500.0,1323.3306575697493,0.0,0,0,0,1
S1,continuous,D,1060,4,10600.0,10720.0,10746.595843310657,10746.595843310657,10800.298976428654,120.0,0.0,0.0,0.0,10720.0,10720.0,10790.298976428654,10790.298976428654,350.0,1184.5362570113907,0.0,0,0,0,1
S1,continuous,D,1061,72,10610.0,10790.0,10843.246787003178,10843.246787003178,10906.873266382032,180.0,0.0,0.0,0.0,10790.0,10790.0,10896.873266382032,10896.873266382032,350.0,1117.202746713004,0.0,0,0,0,1
S1,continuous,D,1062,17,10620.0,10680.0,10739.351259395768,10739.351259395768,10753.24913446532,60.0,0.0,0.0,0.0,10680.0,10680.0,10743.24913446532,10743.24913446532,350.0,908.1865149294221,0.0,0,0,0,1
S1,continuous,D,1063,27,10630.0,10690.0,10754.354019370105,10754.354019370105,10817.980498748959,60.0,0.0,0.0,0.0,10690.0,10690.0,10807.980498748959,10807.980498748959,350.0,1296.707145958069,0.0,0,0,0,1
S1,continuous,D,1064,68,10640.0,10820.0,10864.47886272054,10864.47886272054,10908.181995838537,180.0,0.0,0.0,0.0,10820.0,10820.0,10898.181995838537,10898.181995838537,300.0,682.3863601564473,0.0,0,0,0,0
S1,continuous,D,1065,64,10650.0,10830.0,10882.382255606768,10882.382255606768,10921.130819597061,180.0,0.0,0.0,0.0,10830.0,10830.0,10911.130819597061,10911.130819597061,350.0,935.1777433428265,0.0,0,0,0,1
S1,continuous,D,1066,66,10660.0,10660.0,10717.348776212175,10717.348776212175,10780.975255591029,0.0,0.0,0.0,0.0,10660.0,10660.0,10770.975255591029,10770.975255591029,350.0,1023.3306575697493,0.0,0,0,0,1
S1,continuous,D,1067,73,10670.0,10670.0,10757.265848091336,10757.265848091336,10834.601059499193,0.0,0.0,0.0,0.0,10670.0,10670.0,10824.601059499193,10824.601059499193,600.0,1853.6060504764996,0.0,0,0,0,1
S1,continuous,D,1068,44,10680.0,10920.0,10943.912941667197,10943.912941667197,10988.519138160058,240.0,0.0,0.0,0.0,10920.0,10920.0,10978.519138160058,10978.519138160058,350.0,960.1914643216708,0.0,0,0,0,1
S1,continuous,D,1069,3,10690.0,10750.0,10815.216002437357,10815.216002437357,10852.551213845214,60.0,0.0,0.0,0.0,10750.0,10750.0,10842.551213845214,10842.551213845214,400.0,1528.2481067950264,0.0,0,0,0,1
S1,continuous,D,1070,74,10700.0,10820.0,10906.064652285671,10906.064652285671,10959.962527355225,120.0,0.0,0.0,0.0,10820.0,10820.0,10949.962527355225,10949.962527355225,550.0,1150.9714149911492,0.0,0,0,0,1
S1,continuous,D,1071,5,10710.0,10710.0,10793.31104299666,10793.31104299666,10887.917239489521,0.0,0.0,0.0,0.0,10710.0,10710.0,10877.917239489521,10877.917239489521,600.0,1676.307302923186,0.0,0,0,0,1
S1,continuous,D,1072,22,10720.0,10720.0,10766.064652285671,10766.064652285671,10779.962527355225,0.0,0.0,0.0,0.0,10720.0,10720.0,10769.962527355225,10769.962527355225,350.0,750.9714149911492,0.0,0,0,0,1
S1,continuous,D,1073,13,10730.0,10910.0,10948.588049609642,10948.588049609642,10989.151079125364,180.0,0.0,0.0,0.0,10910.0,10910.0,10979.151079125364,10979.151079125364,300.0,641.3030044949385,0.0,0,0,0,0
S1,continuous,D,1074,49,10740.0,10860.0,10896.35751427149,10896.35751427149,10906.910917719899,120.0,0.0,0.0,0.0,10860.0,10860.0,10896.910917719899,10896.910917719899,300.0,703.7731892733298,2.887572050937365,1,0,1,0
S1,continuous,D,1075,53,10750.0,10870.0,10956.4011013591,10956.4011013591,10990.298976428654,120.0,0.0,0.0,0.0,10870.0,10870.0,10980.298976428654,10980.298976428654,450.0,1384.5362570113905,0.0,0,0,0,1
S1,continuous,D,1076,0,10760.0,10820.0,10889.185956731666,10889.185956731666,10943.792153224527,60.0,0.0,0.0,0.0,10820.0,10820.0,10933.792153224527,10933.792153224527,400.0,957.068222298903,0.0,0,0,0,1
S1,continuous,D,1077,61,10770.0,10770.0,10838.037103003518,10838.037103003518,10931.663582382373,0.0,0.0,0.0,0.0,10770.0,10770.0,10921.663582382373,10921.663582382373,500.0,1468.267893644356,0.0,0,0,0,1
S1,continuous,D,1078,11,10780.0,10900.0,10986.685230614703,10986.685230614703,11090.311709993557,120.0,0.0,0.0,0.0,10900.0,10900.0,11080.311709993557,11080.311709993557,550.0,1440.9863251396714,0.0,0,0,0,1
S1,continuous,D,1079,21,10790.0,10910.0,10967.618966322814,10967.618966322814,11018.181995838537,120.0,0.0,0.0,0.0,10910.0,10910.0,11008.181995838537,11008.181995838537,350.0,782.3863601564472,0.0,0,0,0,1
