scenario_id,sweep,model,flight_id,aircraft_id,planned_start_time,start_time,cruise_arrival_time,descent_start_time,end_time,delay_s,takeoff_pad_delay_s,landing_pad_delay_s,pad_delay_s,takeoff_pad_start_s,takeoff_pad_end_s,landing_pad_start_s,landing_pad_end_s,cruise_altitude,distance_m,detour_distance_m,building_risks,building_collisions,path_changes,altitude_changes
S5,continuous,E,0,68,0.0,0.0,90.75044016374062,90.75044016374062,122.95623483274906,0.0,0.0,0.0,0.0,0.0,30.0,112.95623483274906,302.95623483274903,350.0,4503.6832608855475,0.0,0,0,0,1
S5,continuous,E,1,134,10.0,10.0,127.32194539492428,280.75044016374056,312.95623483274903,0.0,0.0,153.4284947688163,153.4284947688163,10.0,40.0,302.95623483274903,492.95623483274903,350.0,5309.380879889126,0.0,0,0,0,1
S5,continuous,E,2,200,20.0,20.0,53.174841035249216,53.174841035249216,56.99750169114582,0.0,0.0,0.0,0.0,20.0,50.0,53.174841035249216,243.17484103524922,300.0,930.3392509462642,0.0,0,0,0,0
S5,continuous,E,3,91,30.0,30.0,88.20130491810261,88.20130491810261,100.05282190381898,0.0,0.0,0.0,0.0,30.0,60.0,90.05282190381898,280.052821903819,350.0,2694.395855999712,0.0,0,0,0,1
S5,continuous,E,4,155,40.0,40.0,100.06981902718533,100.06981902718533,121.15787504907452,0.0,0.0,0.0,0.0,40.0,70.0,111.15787504907452,301.1578750490745,300.0,2072.7316603723757,0.0,0,0,0,0
S5,continuous,E,5,234,50.0,50.0,135.33217490925344,135.33217490925344,150.42165742232314,0.0,0.0,0.0,0.0,50.0,80.0,140.42165742232314,330.42165742232316,300.0,4782.568870962292,0.2337948190206589,1,0,1,0
S5,continuous,E,6,237,60.0,60.0,119.97920522626586,119.97920522626586,170.37311117816853,0.0,0.0,0.0,0.0,60.0,90.0,160.37311117816853,350.37311117816853,350.0,2594.685056649777,0.0,0,0,0,1
S5,continuous,E,7,18,70.0,70.0,123.55381242313403,123.55381242313403,176.94581102886403,0.0,0.0,0.0,0.0,70.0,100.0,166.94581102886403,356.945811028864,300.0,2969.5988837741743,5.724777876798271,1,0,1,0
S5,continuous,E,8,263,80.0,80.0,124.31450366656699,124.31450366656699,170.2478592720093,0.0,0.0,0.0,0.0,80.0,110.0,160.2478592720093,350.2478592720093,350.0,1585.6101535783898,0.0,0,0,0,1
S5,continuous,E,9,227,90.0,90.0,193.52070866691244,193.52070866691244,240.37311117816856,0.0,0.0,0.0,0.0,90.0,120.0,230.37311117816856,420.37311117816853,450.0,2794.685056649777,0.0,0,0,0,1
S5,continuous,E,10,198,100.0,100.0,162.43543517873957,162.43543517873957,190.12259826050504,0.0,0.0,0.0,0.0,100.0,130.0,180.12259826050504,370.122598260505,350.0,2644.900005797339,0.0,0,0,0,1
S5,continuous,E,11,62,110.0,110.0,154.41971633650707,315.33217490925347,340.42165742232316,0.0,0.0,160.9124585727464,160.9124585727464,110.0,140.0,330.42165742232316,520.4216574223232,350.0,1379.3867782902828,0.0,0,0,0,1
S5,continuous,E,12,188,120.0,120.0,203.30851074925036,309.9792052262659,360.3731111781686,0.0,0.0,106.6706944770155,106.6706944770155,120.0,150.0,350.37311117816853,540.3731111781685,350.0,3678.3456015996503,0.0,0,0,0,1
S5,continuous,E,13,270,130.0,130.0,203.2268374401277,203.2268374401277,221.1797996556045,0.0,0.0,0.0,0.0,130.0,160.0,211.1797996556045,401.1797996556045,350.0,2696.9801471230508,0.0,0,0,0,1
S5,continuous,E,14,232,140.0,140.0,200.46488077965844,314.314503666567,360.2478592720093,0.0,0.0,113.84962288690855,113.84962288690855,140.0,170.0,350.2478592720093,540.2478592720092,350.0,2508.7997443997733,0.0,0,0,0,1
S5,continuous,E,15,37,150.0,243.17484103524922,259.08428670450587,290.0698190271853,311.1578750490745,93.17484103524922,93.17484103524922,30.985532322679433,124.16037335792865,243.17484103524922,273.1748410352492,301.1578750490745,491.1578750490745,300.0,930.3392509462642,0.0,0,0,0,0
S5,continuous,E,16,165,160.0,160.0,248.35822765684907,278.2013049181026,290.052821903819,0.0,0.0,29.84307726125354,29.84307726125354,160.0,190.0,280.052821903819,470.052821903819,350.0,3199.979620866789,0.0,0,0,0,1
S5,continuous,E,17,273,170.0,170.0,274.41055519064923,460.75044016374056,502.95623483274903,0.0,0.0,186.33988497309133,186.33988497309133,170.0,200.0,492.95623483274903,682.956234832749,400.0,2672.0136544014613,0.0,0,0,0,1
S5,continuous,E,18,69,180.0,682.956234832749,761.3514179538704,761.3514179538704,802.0816425742037,502.95623483274903,502.95623483274903,0.0,502.95623483274903,682.956234832749,712.956234832749,792.0816425742037,982.0816425742037,300.0,4060.6393265875695,0.0,0,0,0,0
S5,continuous,E,19,290,190.0,190.0,259.84392574205873,259.84392574205873,285.7632263185985,0.0,0.0,0.0,0.0,190.0,220.0,275.7632263185985,465.7632263185985,350.0,3181.058104798514,0.0,0,0,0,1
S5,continuous,E,20,39,200.0,200.0,290.4596142508867,495.33217490925347,530.4216574223232,0.0,0.0,204.87256065836675,204.87256065836675,200.0,230.0,520.4216574223232,710.4216574223232,400.0,4599.172702905286,0.0,0,0,0,1
S5,continuous,E,21,34,210.0,210.0,285.9515475904485,285.9515475904485,336.6817722107818,0.0,0.0,0.0,0.0,210.0,240.0,326.6817722107818,516.6817722107818,350.0,4359.510494831873,0.0,0,0,0,1
S5,continuous,E,22,221,220.0,712.956234832749,768.2997510487212,768.2997510487212,780.5477784726139,492.95623483274903,492.95623483274903,0.0,492.95623483274903,712.956234832749,742.956234832749,770.5477784726139,960.5477784726139,300.0,2381.4505469287537,0.0,0,0,0,0
S5,continuous,E,23,278,230.0,273.1748410352492,385.78665284755766,385.78665284755766,415.7603749532209,43.17484103524919,43.17484103524919,0.0,43.17484103524919,273.1748410352492,303.1748410352492,405.7603749532209,595.7603749532209,350.0,6804.925324235258,0.0,0,0,0,1
S5,continuous,E,24,105,240.0,240.0,290.24303528718804,290.24303528718804,305.7713131406966,0.0,0.0,0.0,0.0,240.0,270.0,295.7713131406966,485.7713131406966,350.0,1152.6032484505654,0.0,0,0,0,1
S5,continuous,E,25,143,250.0,250.0,318.3073434110453,470.052821903819,471.9043388895354,0.0,0.0,151.7454784927737,151.7454784927737,250.0,280.0,470.052821903819,660.052821903819,300.0,3408.5463759532863,0.3769503575063027,1,0,1,0
S5,continuous,E,26,3,260.0,260.0,365.991052527122,393.22683744012767,411.1797996556045,0.0,0.0,27.23578491300566,27.23578491300566,260.0,290.0,401.1797996556045,591.1797996556045,350.0,4482.7238597679825,0.0,0,0,0,1
S5,continuous,E,27,94,270.0,270.0,321.50140972192537,321.50140972192537,356.00180936695057,0.0,0.0,0.0,0.0,270.0,300.0,346.00180936695057,536.0018093669505,350.0,2078.3117292166958,0.0,0,0,0,1
S5,continuous,E,28,247,280.0,280.0,356.9244433768593,356.9244433768593,375.64661802083197,0.0,0.0,0.0,0.0,280.0,310.0,365.64661802083197,555.646618020832,300.0,2019.4447116856281,0.0,0,0,0,0
S5,continuous,E,29,10,290.0,290.0,341.0155993924068,403.5207086669124,430.37311117816853,0.0,0.0,62.50510927450563,62.50510927450563,290.0,320.0,420.37311117816853,610.3731111781685,350.0,1407.7773272735112,0.0,0,0,0,1
S5,continuous,E,30,260,300.0,300.0,339.60932765443357,339.60932765443357,355.34945493495223,0.0,0.0,0.0,0.0,300.0,330.0,345.34945493495223,535.3494549349523,350.0,1292.6533054830456,0.0,0,0,0,1
S5,continuous,E,31,263,310.0,591.1797996556045,634.4138969654621,634.4138969654621,677.4522194770744,281.1797996556045,281.1797996556045,0.0,281.1797996556045,591.1797996556045,621.1797996556045,667.4522194770744,857.4522194770744,350.0,1990.3654299275013,0.0,0,0,0,1
S5,continuous,E,32,266,320.0,320.0,368.81076796766206,368.81076796766206,383.58294500231267,0.0,0.0,0.0,0.0,320.0,350.0,373.58294500231267,563.5829450023127,300.0,2192.719664079392,0.0,0,0,0,0
S5,continuous,E,33,176,330.0,370.122598260505,435.371899586419,435.371899586419,462.4163946655207,40.122598260505015,40.122598260505015,0.0,40.122598260505015,370.122598260505,400.122598260505,452.4163946655207,642.4163946655208,350.0,2777.800840414237,0.0,0,0,0,1
S5,continuous,E,34,1,340.0,340.0,428.37308179557414,428.37308179557414,432.1957424514707,0.0,0.0,0.0,0.0,340.0,370.0,428.37308179557414,618.3730817955741,300.0,4292.513986295008,0.17961182799172093,1,0,1,0
S5,continuous,E,35,126,350.0,350.0,447.61907306040075,447.61907306040075,470.7542488638892,0.0,0.0,0.0,0.0,350.0,380.0,460.7542488638892,650.7542488638892,350.0,2723.5029115014822,0.0,0,0,0,1
S5,continuous,E,36,123,360.0,360.0,410.5089661436071,410.5089661436071,438.9174918561152,0.0,0.0,0.0,0.0,360.0,390.0,428.9174918561152,618.9174918561152,350.0,2656.909631022724,0.0,0,0,0,1
S5,continuous,E,37,19,370.0,380.0,499.18924131724634,685.3321749092535,720.4216574223232,10.0,10.0,186.14293359200713,196.14293359200713,380.0,410.0,710.4216574223232,900.4216574223232,400.0,3604.618995505756,0.0,0,0,0,1
S5,continuous,E,38,17,380.0,540.2478592720092,643.9210772628942,643.9210772628942,677.2688251512867,160.24785927200924,160.24785927200924,0.0,160.24785927200924,540.2478592720092,570.2478592720092,667.2688251512867,857.2688251512867,300.0,4862.396343165348,0.0,0,0,0,0
S5,continuous,E,39,151,390.0,570.2478592720092,681.4666227687477,681.4666227687477,744.8586213744777,180.24785927200924,180.24785927200924,0.0,180.24785927200924,570.2478592720092,600.2478592720092,734.8586213744777,924.8586213744777,350.0,4898.98729714227,0.0,0,0,0,1
S5,continuous,E,40,22,400.0,400.0,438.28473335413554,438.28473335413554,454.3428251333654,0.0,0.0,0.0,0.0,400.0,430.0,444.3428251333654,634.3428251333654,350.0,1389.3925603632085,0.0,0,0,0,1
S5,continuous,E,41,80,410.0,618.3730817955741,701.5243030821063,701.5243030821063,717.0525809356149,208.37308179557408,208.37308179557408,0.0,208.37308179557408,618.3730817955741,648.3730817955741,707.0525809356149,897.0525809356149,350.0,4768.658734589398,0.0,0,0,0,1
S5,continuous,E,42,187,420.0,420.0,498.46925293689543,498.46925293689543,533.0610336047613,0.0,0.0,0.0,0.0,420.0,450.0,523.0610336047613,713.0610336047613,300.0,2201.7800458075035,0.0,0,0,0,0
S5,continuous,E,43,150,430.0,660.052821903819,693.8008374930396,693.8008374930396,707.8702743167705,230.052821903819,230.052821903819,0.0,230.052821903819,660.052821903819,690.052821903819,697.8702743167705,887.8702743167705,300.0,2206.0380092808578,0.0,0,0,0,0
S5,continuous,E,44,16,440.0,440.0,541.8464238068194,541.8464238068194,572.9344798287086,0.0,0.0,0.0,0.0,440.0,470.0,562.9344798287086,752.9344798287086,350.0,4195.375392712345,0.0,0,0,0,1
S5,continuous,E,45,293,450.0,450.0,534.4607272305135,534.4607272305135,554.6490849083899,0.0,0.0,0.0,0.0,450.0,480.0,544.6490849083899,734.6490849083899,350.0,4024.2818803814107,0.0,0,0,0,1
S5,continuous,E,46,184,460.0,480.0,540.9288730999668,540.9288730999668,563.1769005238596,20.0,20.0,0.0,20.0,480.0,510.0,553.1769005238596,743.1769005238596,350.0,2465.789953741719,0.0,0,0,0,1
S5,continuous,E,47,264,470.0,650.0,713.3469250409187,713.3469250409187,765.5527197099271,180.0,0.0,0.0,0.0,650.0,680.0,755.5527197099271,945.5527197099271,450.0,1766.5420386095454,0.0,0,0,0,1
S5,continuous,E,48,198,480.0,595.7603749532209,678.01464603853,678.01464603853,684.07273781776,115.76037495322089,115.76037495322089,0.0,115.76037495322089,595.7603749532209,625.7603749532209,678.01464603853,868.01464603853,300.0,4282.195668067527,0.5110856225282987,2,0,2,0
S5,continuous,E,49,110,490.0,490.0,569.7120937269115,569.7120937269115,598.4342683708842,0.0,0.0,0.0,0.0,490.0,520.0,588.4342683708842,778.4342683708842,350.0,3973.468517550552,0.0,0,0,0,1
S5,continuous,E,50,3,500.0,500.0,594.9445092099072,594.9445092099072,622.6316722916727,0.0,0.0,0.0,0.0,500.0,530.0,612.6316722916727,802.6316722916727,350.0,2904.1175793272187,0.0,0,0,0,1
S5,continuous,E,51,158,510.0,648.3730817955741,700.7529868169919,724.4607272305135,744.6490849083899,138.37308179557408,138.37308179557408,23.707740413521606,162.0808222090957,648.3730817955741,678.3730817955741,734.6490849083899,924.6490849083899,350.0,2740.5380493702796,0.0,0,0,0,1
S5,continuous,E,52,222,520.0,600.2478592720092,721.0161586516924,931.3514179538704,992.0816425742037,80.24785927200924,80.24785927200924,210.33525930217797,290.5831185741872,600.2478592720092,630.2478592720092,982.0816425742037,1172.0816425742037,400.0,4905.647486078271,0.0,0,0,0,1
S5,continuous,E,53,275,530.0,610.3731111781685,663.203599146598,741.8464238068194,762.9344798287086,80.37311117816853,80.37311117816853,78.64282466022144,159.01593583838996,610.3731111781685,640.3731111781685,752.9344798287086,942.9344798287086,300.0,2588.241323143955,0.0,0,0,0,0
S5,continuous,E,54,129,540.0,540.0,644.5686690188828,644.5686690188828,707.5370852078589,0.0,0.0,0.0,0.0,540.0,570.0,697.5370852078589,887.5370852078589,350.0,3376.9134348503844,0.0,0,0,0,1
S5,continuous,E,55,85,550.0,550.0,679.6691317704026,861.4666227687477,934.8586213744777,0.0,0.0,181.7974909983451,181.7974909983451,550.0,580.0,924.8586213744777,1114.8586213744777,400.0,4830.94992764673,0.0,0,0,0,1
S5,continuous,E,56,109,560.0,634.3428251333654,658.8770315053803,658.8770315053803,712.1220775303967,74.34282513336541,74.34282513336541,0.0,74.34282513336541,634.3428251333654,664.3428251333654,702.1220775303967,892.1220775303967,300.0,1528.256661873563,0.0,0,0,0,0
S5,continuous,E,57,249,570.0,868.01464603853,905.964945838108,905.964945838108,930.0343826618389,298.01464603853003,298.01464603853003,0.0,298.01464603853003,868.01464603853,898.01464603853,920.0343826618389,1110.034382661839,350.0,1660.1181777046704,0.0,0,0,0,1
S5,continuous,E,58,205,580.0,580.0,684.9171665493946,759.7120937269115,788.4342683708842,0.0,0.0,74.79492717751691,74.79492717751691,580.0,610.0,778.4342683708842,968.4342683708842,350.0,6289.703545582443,0.0,0,0,0,1
S5,continuous,E,59,243,590.0,590.0,709.1656574780128,709.1656574780128,773.7574381458787,0.0,0.0,0.0,0.0,590.0,620.0,763.7574381458787,953.7574381458787,450.0,3150.950403553324,0.0,0,0,0,1
S5,continuous,E,60,82,600.0,600.0,674.4341113579198,939.7120937269115,978.4342683708842,0.0,0.0,265.2779823689916,265.2779823689916,600.0,630.0,968.4342683708842,1158.4342683708842,400.0,2411.693652304625,0.0,0,0,0,1
S5,continuous,E,61,136,610.0,802.6316722916727,893.6258929938074,893.6258929938074,919.6496786298306,192.63167229167266,192.63167229167266,0.0,192.63167229167266,802.6316722916727,832.6316722916727,909.6496786298306,1099.6496786298308,350.0,4489.025251613563,0.0,0,0,0,1
S5,continuous,E,62,6,620.0,680.0,760.4578350247268,881.9565542593001,908.01464603853,60.0,0.0,121.49871923457329,121.49871923457329,680.0,710.0,898.01464603853,1088.01464603853,400.0,2044.9225315423296,0.0,0,0,0,1
S5,continuous,E,63,195,630.0,630.0,732.2143792708273,903.3469250409187,955.5527197099271,0.0,0.0,171.13254577009138,171.13254577009138,630.0,660.0,945.5527197099271,1135.5527197099273,450.0,1941.8764198575177,0.0,0,0,0,1
S5,continuous,E,64,295,640.0,640.0,732.1890461092438,732.1890461092438,749.2335411883456,0.0,0.0,0.0,0.0,640.0,670.0,739.2335411883456,929.2335411883456,300.0,4015.2686203428207,0.0,0,0,0,0
S5,continuous,E,65,52,650.0,887.8702743167705,918.8323039327463,918.8323039327463,926.7852661482231,237.87027431677052,237.87027431677052,0.0,237.87027431677052,887.8702743167705,917.8702743167705,918.8323039327463,1108.8323039327463,300.0,1236.2848480123657,0.0,0,0,0,0
S5,continuous,E,66,7,660.0,660.0,776.4959017849221,776.4959017849221,790.2534979621717,0.0,0.0,0.0,0.0,660.0,690.0,780.2534979621717,970.2534979621717,350.0,3952.1291015608626,0.0,0,0,0,1
S5,continuous,E,67,41,670.0,960.5477784726139,988.9218923270105,988.9218923270105,1003.6940693616611,290.5477784726139,290.5477784726139,0.0,290.5477784726139,960.5477784726139,990.5477784726139,993.6940693616611,1183.6940693616611,300.0,1210.1734509929715,0.0,0,0,0,0
S5,continuous,E,68,60,680.0,680.0,764.4341113579198,1119.7120937269115,1168.4342683708842,0.0,0.0,355.2779823689916,355.2779823689916,680.0,710.0,1158.4342683708842,1348.4342683708842,450.0,2511.693652304625,0.0,0,0,0,1
S5,continuous,E,69,210,690.0,690.0,764.1346176606141,764.1346176606141,800.3746950123344,0.0,0.0,0.0,0.0,690.0,720.0,790.3746950123344,980.3746950123344,350.0,3371.649145194881,0.0,0,0,0,1
S5,continuous,E,70,138,700.0,990.5477784726139,1020.9620141299707,1020.9620141299707,1022.813531115687,290.5477784726139,290.5477784726139,0.0,290.5477784726139,990.5477784726139,1020.5477784726139,1020.9620141299707,1210.9620141299706,300.0,1281.5782709456512,0.0,0,0,0,0
S5,continuous,E,71,81,710.0,1088.01464603853,1171.2475096988564,1171.2475096988564,1198.934672780622,378.0146460385299,378.0146460385299,0.0,378.0146460385299,1088.01464603853,1118.01464603853,1188.934672780622,1378.934672780622,350.0,4697.04439971141,0.0,0,0,0,1
S5,continuous,E,72,30,720.0,720.0,795.2581846110187,1073.6258929938076,1109.6496786298308,0.0,0.0,278.3677083827888,278.3677083827888,720.0,750.0,1099.6496786298308,1289.6496786298308,400.0,2924.7664140539027,0.0,0,0,0,1
S5,continuous,E,73,76,730.0,1118.01464603853,1173.763653302555,1173.763653302555,1183.9292220937025,388.0146460385299,388.0146460385299,0.0,388.0146460385299,1118.01464603853,1148.01464603853,1173.9292220937025,1363.9292220937025,350.0,2777.179335171568,0.0,0,0,0,1
S5,continuous,E,74,208,740.0,740.0,798.6051270017541,833.9210772628942,867.2688251512867,0.0,0.0,35.315950261140074,35.315950261140074,740.0,770.0,857.2688251512867,1047.2688251512868,300.0,3162.7962890887757,0.0,0,0,0,0
S5,continuous,E,75,135,750.0,750.0,832.3102566141597,1085.964945838108,1120.034382661839,0.0,0.0,253.65468922394825,253.65468922394825,750.0,780.0,1110.034382661839,1300.034382661839,400.0,2208.4740293936875,0.0,0,0,0,1
S5,continuous,E,76,45,760.0,760.0,845.901840483018,845.901840483018,883.5890035647834,0.0,0.0,0.0,0.0,760.0,790.0,873.5890035647834,1063.5890035647835,400.0,3546.6994286720233,0.0,0,0,0,1
S5,continuous,E,77,282,770.0,770.0,855.6625692007328,855.6625692007328,881.5818697772726,0.0,0.0,0.0,0.0,770.0,800.0,871.5818697772726,1061.5818697772725,350.0,3992.0549197489895,0.0,0,0,0,1
S5,continuous,E,78,265,780.0,1148.01464603853,1162.7179642358185,1162.7179642358185,1178.6372648123584,368.0146460385299,368.0146460385299,0.0,368.0146460385299,1148.01464603853,1178.01464603853,1168.6372648123584,1358.6372648123584,300.0,686.2353896494204,0.0,0,0,0,0
S5,continuous,E,79,121,790.0,1047.2688251512868,1112.5281213852727,1112.5281213852727,1148.7681987369929,257.2688251512868,257.2688251512868,0.0,257.2688251512868,1047.2688251512868,1077.2688251512868,1138.7681987369929,1328.7681987369929,350.0,1858.709015906793,0.0,0,0,0,1
S5,continuous,E,80,219,800.0,970.2534979621717,1005.2292426571971,1342.7179642358187,1368.6372648123586,170.25349796217165,170.25349796217165,337.4887215786215,507.74221954079314,970.2534979621717,1000.2534979621717,1358.6372648123584,1548.6372648123584,350.0,1612.9277182873418,0.0,0,0,0,1
S5,continuous,E,81,241,810.0,810.0,882.2433023746024,882.2433023746024,930.0371215650147,0.0,0.0,0.0,0.0,810.0,840.0,920.0371215650147,1110.0371215650148,300.0,3919.9968353208915,0.0,0,0,0,0
S5,continuous,E,82,169,820.0,820.0,863.5772779319287,912.1890461092438,939.2335411883456,0.0,0.0,48.61176817731507,48.61176817731507,820.0,850.0,929.2335411883456,1119.2335411883455,350.0,2413.497595403337,0.0,0,0,0,1
S5,continuous,E,83,288,830.0,830.0,936.4736511617681,996.4959017849221,1010.2534979621717,0.0,0.0,60.02225062315404,60.02225062315404,830.0,860.0,1000.2534979621717,1190.2534979621717,350.0,4892.457565041275,0.0,0,0,0,1
S5,continuous,E,84,142,840.0,840.0,933.9201553646074,1102.1890461092437,1129.2335411883455,0.0,0.0,168.26889074463634,168.26889074463634,840.0,870.0,1119.2335411883455,1309.2335411883455,350.0,5544.168759255711,0.0,0,0,0,1
S5,continuous,E,85,91,850.0,857.4522194770744,990.4455108052485,1299.7120937269115,1358.4342683708842,7.452219477074436,7.452219477074436,309.26658292166303,316.71880239873747,857.4522194770744,887.4522194770744,1348.4342683708842,1538.4342683708842,500.0,4655.800406882042,0.0,0,0,0,1
S5,continuous,E,86,44,860.0,953.7574381458787,1055.2135104955578,1055.2135104955578,1098.25183300717,93.75743814587872,93.75743814587872,0.0,93.75743814587872,953.7574381458787,983.7574381458787,1088.25183300717,1278.25183300717,350.0,4229.103294684939,0.0,0,0,0,1
S5,continuous,E,87,116,870.0,870.0,954.7187504766465,954.7187504766465,981.5711529879027,0.0,0.0,0.0,0.0,870.0,900.0,971.5711529879027,1161.5711529879027,350.0,1963.0496576745238,0.0,0,0,0,1
S5,continuous,E,88,99,880.0,880.0,936.4257549547007,1235.2135104955578,1288.25183300717,0.0,0.0,298.787755540857,298.787755540857,880.0,910.0,1278.25183300717,1468.25183300717,400.0,2439.6007605727914,0.0,0,0,0,1
S5,continuous,E,89,157,890.0,890.0,962.856241918395,962.856241918395,976.6789025742916,0.0,0.0,0.0,0.0,890.0,920.0,966.6789025742916,1156.6789025742914,350.0,3153.4785142980672,0.0,0,0,0,1
S5,continuous,E,90,53,900.0,900.4216574223232,952.2436931901344,1351.2475096988564,1388.934672780622,0.4216574223231646,0.4216574223231646,399.003816508722,399.4254739310452,900.4216574223232,930.4216574223232,1378.934672780622,1568.934672780622,400.0,1479.386778290283,0.0,0,0,0,1
S5,continuous,E,91,9,910.0,924.6490849083899,981.1449767036199,981.1449767036199,1009.8917483286104,14.64908490838991,14.64908490838991,0.0,14.64908490838991,924.6490849083899,954.6490849083899,999.8917483286104,1189.8917483286104,350.0,2665.1779210045756,0.0,0,0,0,1
S5,continuous,E,92,147,920.0,1309.2335411883455,1409.0938042608313,1409.0938042608313,1425.1518960400613,389.2335411883455,389.2335411883455,0.0,389.2335411883455,1309.2335411883455,1339.2335411883455,1415.1518960400613,1605.1518960400613,350.0,5069.897467183933,0.0,0,0,0,1
S5,continuous,E,93,102,930.0,930.0,964.772796833045,964.772796833045,970.5129241135637,0.0,0.0,0.0,0.0,930.0,960.0,964.772796833045,1154.772796833045,300.0,2232.7102111530926,0.0,0,0,0,0
S5,continuous,E,94,7,940.0,1020.5477784726139,1087.0545283391707,1292.5281213852727,1338.7681987369929,80.54777847261391,80.54777847261391,205.473593046102,286.0213715187159,1020.5477784726139,1050.547778472614,1328.7681987369929,1518.7681987369929,400.0,2676.355353388997,0.0,0,0,0,1
S5,continuous,E,95,85,950.0,950.0,1042.0821170442134,1042.0821170442134,1088.0154726496557,0.0,0.0,0.0,0.0,950.0,980.0,1078.0154726496557,1268.0154726496557,350.0,2468.363409432092,0.0,0,0,0,1
S5,continuous,E,96,5,960.0,1178.01464603853,1261.1152456168172,1261.1152456168172,1276.6435234703258,218.01464603852992,218.01464603852992,0.0,218.01464603852992,1178.01464603853,1208.01464603853,1266.6435234703258,1456.6435234703258,350.0,4627.432368100856,0.0,0,0,0,1
S5,continuous,E,97,21,970.0,1468.25183300717,1571.245124335344,1571.245124335344,1599.9672989793166,498.25183300717003,378.25183300717003,0.0,378.25183300717003,1468.25183300717,1498.25183300717,1589.9672989793166,1779.9672989793166,350.0,4355.800406882042,0.0,0,0,0,1
S5,continuous,E,98,178,980.0,1040.0,1142.8981642537715,1142.8981642537715,1200.6919834441837,60.0,0.0,0.0,0.0,1040.0,1070.0,1190.6919834441837,1380.6919834441837,350.0,5905.633257394842,0.0,0,0,0,1
S5,continuous,E,99,0,990.0,1061.5818697772725,1154.3388585112002,1451.1152456168172,1466.6435234703258,71.58186977727246,71.58186977727246,296.776387105617,368.35825688288946,1061.5818697772725,1091.5818697772725,1456.6435234703258,1646.6435234703258,350.0,4663.083769309438,0.0,0,0,0,1
S5,continuous,E,100,273,1000.0,1114.8586213744777,1207.8580057073555,1207.8580057073555,1261.1030517323718,114.8586213744777,114.8586213744777,0.0,114.8586213744777,1114.8586213744777,1144.8586213744777,1251.1030517323718,1441.1030517323718,300.0,3173.677604963601,13.707292765833245,1,0,1,0
S5,continuous,E,101,267,1010.0,1010.0,1121.1154108261253,1191.9565542593,1218.01464603853,0.0,0.0,70.8411434331747,70.8411434331747,1010.0,1040.0,1208.01464603853,1398.01464603853,400.0,3038.2655156509827,0.0,0,0,0,1
S5,continuous,E,102,74,1020.0,1140.0,1204.8378531012604,1332.8981642537715,1390.6919834441837,120.0,0.0,128.06031115251108,128.06031115251108,1140.0,1170.0,1380.6919834441837,1570.6919834441837,350.0,2904.1175793272187,0.0,0,0,0,1
S5,continuous,E,103,86,1030.0,1030.0,1078.8107679676623,1178.9218923270105,1193.6940693616611,0.0,0.0,100.1111243593482,100.1111243593482,1030.0,1060.0,1183.6940693616611,1373.6940693616611,300.0,2192.719664079392,0.0,0,0,0,0
S5,continuous,E,104,131,1040.0,1040.0,1151.286794856603,1272.1890461092437,1349.2335411883455,0.0,0.0,120.90225125264078,120.90225125264078,1040.0,1070.0,1339.2335411883455,1529.2335411883455,600.0,2593.484154392486,0.0,0,0,0,1
S5,continuous,E,105,199,1050.0,1498.25183300717,1578.1745376882282,1578.1745376882282,1598.334755885125,448.25183300717003,388.25183300717003,0.0,388.25183300717003,1498.25183300717,1528.25183300717,1588.334755885125,1778.334755885125,350.0,2774.95151483893,0.0,0,0,0,1
S5,continuous,E,106,287,1060.0,1373.6940693616611,1448.9494451654923,1599.0938042608313,1615.1518960400613,313.69406936166115,313.69406936166115,150.14435909533904,463.8384284570002,1373.6940693616611,1403.6940693616611,1605.1518960400613,1795.1518960400613,350.0,3569.697928681441,0.0,0,0,0,1
S5,continuous,E,107,72,1070.0,1189.8917483286104,1277.3013387184278,1277.3013387184278,1291.0589348956773,119.89174832861045,119.89174832861045,0.0,119.89174832861045,1189.8917483286104,1219.8917483286104,1281.0589348956773,1471.0589348956773,350.0,4123.376423332997,0.0,0,0,0,1
S5,continuous,E,108,176,1080.0,1528.25183300717,1585.496181001398,1585.496181001398,1638.4645971903742,448.25183300717003,448.25183300717003,0.0,448.25183300717003,1528.25183300717,1558.25183300717,1628.4645971903742,1818.4645971903742,300.0,2043.7687256773277,0.0,0,0,0,0
S5,continuous,E,109,134,1090.0,1090.0,1178.9863314452327,1178.9863314452327,1199.1465496421297,0.0,0.0,0.0,0.0,1090.0,1120.0,1189.1465496421297,1379.1465496421297,350.0,4116.126399316843,0.0,0,0,0,1
S5,continuous,E,110,252,1100.0,1120.0,1208.6415561109718,1531.2475096988564,1578.934672780622,20.0,20.0,322.60595358788464,342.60595358788464,1120.0,1150.0,1568.934672780622,1758.934672780622,450.0,2997.442768123793,0.0,0,0,0,1
S5,continuous,E,111,108,1110.0,1110.0,1215.5541777863496,1285.964945838108,1310.034382661839,0.0,0.0,70.4107680517584,70.4107680517584,1110.0,1140.0,1300.034382661839,1490.034382661839,350.0,4484.181250091095,0.0,0,0,0,1
S5,continuous,E,112,107,1120.0,1268.0154726496557,1332.876621478943,1332.876621478943,1349.729023990199,148.01547264965575,148.01547264965575,0.0,148.01547264965575,1268.0154726496557,1298.0154726496557,1339.729023990199,1529.729023990199,300.0,2192.4483388398185,0.0,0,0,0,0
S5,continuous,E,113,27,1130.0,1130.0,1227.4450372301633,1227.4450372301633,1261.9454368751885,0.0,0.0,0.0,0.0,1130.0,1160.0,1251.9454368751885,1441.9454368751885,350.0,2768.7266420266724,0.0,0,0,0,1
S5,continuous,E,114,294,1140.0,1298.0154726496557,1406.9838685403224,1406.9838685403224,1451.5756492081882,158.01547264965575,158.01547264965575,0.0,158.01547264965575,1298.0154726496557,1328.0154726496557,1441.5756492081882,1631.5756492081882,350.0,4654.961700381502,0.0,0,0,0,1
S5,continuous,E,115,153,1150.0,1150.0,1234.8568384841442,1234.8568384841442,1248.679499140041,0.0,0.0,0.0,0.0,1150.0,1180.0,1238.679499140041,1428.679499140041,350.0,4768.658734589398,0.0,0,0,0,1
S5,continuous,E,116,207,1160.0,1529.2335411883455,1577.4866144078917,1751.245124335344,1789.9672989793166,369.2335411883455,369.2335411883455,173.75850992745222,542.9920511157977,1529.2335411883455,1559.2335411883455,1779.9672989793166,1969.9672989793166,400.0,1126.0718913116614,0.0,0,0,0,1
S5,continuous,E,117,127,1170.0,1170.0,1192.8023288045172,1192.8023288045172,1245.7707449934933,0.0,0.0,0.0,0.0,1170.0,1200.0,1235.7707449934933,1425.7707449934933,300.0,745.7658463852425,0.0,0,0,0,0
S5,continuous,E,118,144,1180.0,1425.7707449934933,1513.2647060343938,1513.2647060343938,1541.673231746902,245.77074499349328,185.77074499349328,0.0,185.77074499349328,1425.7707449934933,1455.7707449934933,1531.673231746902,1721.673231746902,350.0,2091.9210329690477,0.0,0,0,0,1
S5,continuous,E,119,225,1190.0,1289.6496786298308,1335.828724584276,1363.9292220937025,1364.09479088485,99.64967862983076,99.64967862983076,28.100497509426532,127.75017613925729,1289.6496786298308,1319.6496786298308,1363.9292220937025,1553.9292220937025,300.0,2091.2974600306584,0.0,0,0,0,0
S5,continuous,E,120,257,1200.0,1200.0,1318.7707969127491,1921.245124335344,1979.9672989793166,0.0,0.0,602.4743274225948,602.4743274225948,1200.0,1230.0,1969.9672989793166,2159.9672989793166,500.0,5509.266593622848,0.0,0,0,0,1
S5,continuous,E,121,181,1210.0,1210.0,1286.4957568702553,1286.4957568702553,1301.585239383325,0.0,0.0,0.0,0.0,1210.0,1240.0,1291.585239383325,1481.585239383325,300.0,2684.207003548358,0.0,0,0,0,0
S5,continuous,E,122,80,1220.0,1220.0,1322.1466342282436,1586.9838685403224,1641.5756492081882,0.0,0.0,264.83723431207886,264.83723431207886,1220.0,1250.0,1631.5756492081882,1821.5756492081882,400.0,4617.688322039671,0.0,0,0,0,1
S5,continuous,E,123,232,1230.0,1455.7707449934933,1524.812441833166,1524.812441833166,1551.6974228055365,225.77074499349328,225.77074499349328,0.0,225.77074499349328,1455.7707449934933,1485.7707449934933,1541.6974228055365,1731.6974228055365,300.0,1470.8190291865099,0.0,0,0,0,0
S5,continuous,E,124,183,1240.0,1240.0,1332.8090746770151,1512.8981642537715,1580.6919834441837,0.0,0.0,180.08908957675635,180.08908957675635,1240.0,1270.0,1570.6919834441837,1760.6919834441837,400.0,4664.625350950689,0.0,0,0,0,1
S5,continuous,E,125,58,1250.0,1250.0,1300.7792486829437,1465.964945838108,1500.034382661839,0.0,0.0,165.18569715516423,165.18569715516423,1250.0,1280.0,1490.034382661839,1680.034382661839,400.0,1968.322580682923,0.0,0,0,0,1
S5,continuous,E,126,17,1260.0,1403.6940693616611,1506.0897126785553,2101.245124335344,2169.9672989793166,143.69406936166115,143.69406936166115,595.1554116567886,738.8494810184498,1403.6940693616611,1433.6940693616611,2159.9672989793166,2349.9672989793166,550.0,3175.7028438760153,0.0,0,0,0,1
S5,continuous,E,127,261,1270.0,1270.0,1379.1993848330062,1645.964945838108,1690.034382661839,0.0,0.0,266.76556100510174,266.76556100510174,1270.0,1300.0,1680.034382661839,1870.034382661839,450.0,3138.6089880651907,0.0,0,0,0,1
S5,continuous,E,128,104,1280.0,1481.585239383325,1534.7506218301814,1534.7506218301814,1551.6030243414375,201.58523938332496,201.58523938332496,0.0,201.58523938332496,1481.585239383325,1511.585239383325,1541.6030243414375,1731.6030243414375,300.0,2698.1027540407495,0.0,0,0,0,0
S5,continuous,E,129,116,1290.0,1290.0,1418.0381123812576,1418.0381123812576,1461.38586026965,0.0,0.0,0.0,0.0,1290.0,1320.0,1451.38586026965,1641.38586026965,350.0,4843.439650839127,0.0,0,0,0,1
S5,continuous,E,130,70,1300.0,1320.0,1447.8428129833285,1467.3013387184278,1481.0589348956773,20.0,20.0,19.45852573509933,39.45852573509933,1320.0,1350.0,1471.0589348956773,1661.0589348956773,350.0,4682.4689324214705,0.0,0,0,0,1
S5,continuous,E,131,153,1310.0,1310.0,1364.8688138324046,1496.4957568702553,1521.585239383325,0.0,0.0,131.62694303785065,131.62694303785065,1310.0,1340.0,1511.585239383325,1701.585239383325,350.0,1866.2715467091598,0.0,0,0,0,1
S5,continuous,E,132,285,1320.0,1320.0,1365.1347701328527,1553.763653302555,1563.9292220937025,0.0,0.0,188.62888316970225,188.62888316970225,1320.0,1350.0,1553.9292220937025,1743.9292220937025,350.0,1687.850828339198,0.0,0,0,0,1
S5,continuous,E,133,254,1330.0,1485.7707449934933,1544.3059381360786,1743.9292220937025,1744.09479088485,155.77074499349328,155.77074499349328,199.62328395762393,355.3940289511172,1485.7707449934933,1515.7707449934933,1743.9292220937025,1933.9292220937025,300.0,636.788388474557,0.0,0,0,0,0
S5,continuous,E,134,105,1340.0,1400.0,1446.4949802270273,1618.0381123812576,1651.38586026965,60.0,0.0,171.5431321542303,171.5431321542303,1400.0,1430.0,1641.38586026965,1831.38586026965,300.0,1133.2442800587341,0.5259425772966324,1,0,1,0
S5,continuous,E,135,99,1350.0,1701.585239383325,1759.5492590593549,1933.9292220937025,1934.09479088485,351.58523938332496,351.58523938332496,174.3799630343476,525.9652024176726,1701.585239383325,1731.585239383325,1933.9292220937025,2123.9292220937023,300.0,2934.5777340517657,0.0,0,0,0,0
S5,continuous,E,136,75,1360.0,1360.0,1413.4889486324,1413.4889486324,1433.6773063102764,0.0,0.0,0.0,0.0,1360.0,1390.0,1423.6773063102764,1613.6773063102764,350.0,1680.847692627203,0.0,0,0,0,1
S5,continuous,E,137,146,1370.0,1370.0,1446.5692676483825,1446.5692676483825,1509.8143136733988,0.0,0.0,0.0,0.0,1370.0,1400.0,1499.8143136733988,1689.8143136733988,350.0,3146.26924672108,0.0,0,0,0,1
S5,continuous,E,138,150,1380.0,1433.6940693616611,1546.0897126785553,2281.245124335344,2359.9672989793166,53.69406936166115,53.69406936166115,735.1554116567886,788.8494810184498,1433.6940693616611,1463.6940693616611,2349.9672989793166,2539.9672989793166,600.0,3275.7028438760153,0.0,0,0,0,1
S5,continuous,E,139,251,1390.0,1390.0,1431.2216562701342,1431.2216562701342,1439.174618485611,0.0,0.0,0.0,0.0,1390.0,1420.0,1431.2216562701342,1621.2216562701342,300.0,2032.580204612931,0.0,0,0,0,0
S5,continuous,E,140,188,1400.0,1558.25183300717,1711.245124335344,2471.245124335344,2549.9672989793166,158.25183300717003,158.25183300717003,760.0,918.25183300717,1558.25183300717,1588.25183300717,2539.9672989793166,2729.9672989793166,600.0,4855.800406882042,0.0,0,0,0,1
S5,continuous,E,141,278,1410.0,1410.0,1508.4669557756463,1508.4669557756463,1538.4406778813095,0.0,0.0,0.0,0.0,1410.0,1440.0,1528.4406778813095,1718.4406778813095,350.0,5471.118873429425,0.0,0,0,0,1
S5,continuous,E,142,185,1420.0,1420.0,1499.7947617563245,1692.8981642537715,1770.6919834441837,0.0,0.0,193.10340249744695,193.10340249744695,1420.0,1450.0,1760.6919834441837,1950.6919834441837,450.0,2870.4864321522705,0.0,0,0,0,1
S5,continuous,E,143,35,1430.0,1441.9454368751885,1505.9858159973937,1505.9858159973937,1532.0096016334169,11.945436875188534,11.945436875188534,0.0,11.945436875188534,1441.9454368751885,1471.9454368751885,1522.0096016334169,1712.0096016334169,350.0,2271.9528915505725,0.0,0,0,0,1
S5,continuous,E,144,23,1440.0,1440.0,1511.964221552816,1511.964221552816,1540.7109931778066,0.0,0.0,0.0,0.0,1440.0,1470.0,1530.7109931778066,1720.7109931778066,350.0,2955.3246237238477,0.0,0,0,0,1
S5,continuous,E,145,202,1450.0,1470.0,1549.5870396638645,1549.5870396638645,1572.722215467353,20.0,20.0,0.0,20.0,1470.0,1500.0,1562.722215467353,1752.722215467353,350.0,3435.4545186862215,0.0,0,0,0,1
S5,continuous,E,146,88,1460.0,1538.4342683708842,1568.3650211553013,1568.3650211553013,1585.409516234403,78.43426837088418,78.43426837088418,0.0,78.43426837088418,1538.4342683708842,1568.4342683708842,1575.409516234403,1765.409516234403,300.0,926.0718913116614,0.0,0,0,0,0
S5,continuous,E,147,133,1470.0,1470.0,1559.7764444746838,1613.4889486324,1623.6773063102764,0.0,0.0,53.71250415771624,53.71250415771624,1470.0,1500.0,1613.6773063102764,1803.6773063102764,300.0,4804.32522351907,0.0,0,0,0,0
S5,continuous,E,148,117,1480.0,1646.6435234703258,1703.9145419235726,1703.9145419235726,1726.1625693474655,166.64352347032582,166.64352347032582,0.0,166.64352347032582,1646.6435234703258,1676.6435234703258,1716.1625693474655,1906.1625693474655,350.0,2971.7308997028854,0.0,0,0,0,1
S5,continuous,E,149,190,1490.0,1765.409516234403,1825.8657204542862,2123.7636533025548,2133.9292220937023,275.4095162344031,275.4095162344031,297.8979328482685,573.3074490826716,1765.409516234403,1795.409516234403,2123.9292220937023,2313.9292220937023,350.0,2413.497595403337,0.0,0,0,0,1
S5,continuous,E,150,243,1500.0,1718.4406778813095,1804.989732205451,1804.989732205451,1842.0342272845528,218.4406778813095,218.4406778813095,0.0,218.4406778813095,1718.4406778813095,1748.4406778813095,1832.0342272845528,2022.0342272845528,400.0,3490.1132338223683,0.0,0,0,0,1
S5,continuous,E,151,216,1510.0,1712.0096016334169,1777.2097086456258,1777.2097086456258,1814.0946896179962,202.00960163341688,202.00960163341688,0.0,202.00960163341688,1712.0096016334169,1742.0096016334169,1804.0946896179962,1994.0946896179962,350.0,2926.298591454358,0.0,0,0,0,1
S5,continuous,E,152,118,1520.0,1621.2216562701342,1678.3834818890284,1739.5870396638645,1762.722215467353,101.22165627013419,101.22165627013419,61.2035577748361,162.4252140449703,1621.2216562701342,1651.2216562701342,1752.722215467353,1942.722215467353,350.0,2819.364916989321,0.0,0,0,0,1
S5,continuous,E,153,165,1530.0,1530.0,1581.131099541751,2303.7636533025548,2323.9292220937023,0.0,0.0,722.6325537608038,722.6325537608038,1530.0,1560.0,2313.9292220937023,2503.9292220937023,400.0,765.3765019625807,0.0,0,0,0,1
S5,continuous,E,154,110,1540.0,1942.722215467353,1971.0782069468123,1977.2097086456258,2004.0946896179962,402.72221546735295,402.72221546735295,6.1315016988135085,408.85371716616646,1942.722215467353,1972.722215467353,1994.0946896179962,2184.094689617996,300.0,1214.8218289440265,0.0,0,0,0,0
S5,continuous,E,155,54,1550.0,1721.673231746902,1782.1381125265607,1782.1381125265607,1828.071468132003,171.67323174690205,171.67323174690205,0.0,171.67323174690205,1721.673231746902,1751.673231746902,1818.071468132003,2008.071468132003,350.0,2508.7997443997733,0.0,0,0,0,1
S5,continuous,E,156,57,1560.0,1742.0096016334169,1772.230936556889,1772.230936556889,1792.2046586625522,182.00960163341688,182.00960163341688,0.0,182.00960163341688,1742.0096016334169,1772.0096016334169,1782.2046586625522,1972.2046586625522,300.0,1126.4908245383585,0.0,0,0,0,0
S5,continuous,E,157,131,1570.0,1570.0,1623.755904771807,1661.1152456168172,1686.6435234703258,0.0,0.0,37.35934084501014,37.35934084501014,1570.0,1600.0,1676.6435234703258,1866.6435234703258,400.0,859.8969373652762,0.0,0,0,0,1
S5,continuous,E,158,154,1580.0,1580.0,1625.0557674069642,1625.0557674069642,1646.1438234288532,0.0,0.0,0.0,0.0,1580.0,1610.0,1636.1438234288532,1826.1438234288532,300.0,597.4609223198408,0.0,0,0,0,0
S5,continuous,E,159,56,1590.0,1590.0,1647.9321309493012,1701.964221552816,1730.7109931778066,0.0,0.0,54.032090603514916,54.032090603514916,1590.0,1620.0,1720.7109931778066,1910.7109931778066,350.0,3153.4785142980672,0.0,0,0,0,1
S5,continuous,E,160,146,1600.0,1600.0,1640.14371418886,1796.9838685403224,1831.5756492081882,0.0,0.0,156.8401543514624,156.8401543514624,1600.0,1630.0,1821.5756492081882,2011.5756492081882,300.0,1231.0684125739167,0.0,0,0,0,0
S5,continuous,E,161,145,1610.0,1866.6435234703258,1949.2143091228918,1949.2143091228918,1965.2724009021217,256.6435234703258,256.6435234703258,0.0,256.6435234703258,1866.6435234703258,1896.6435234703258,1955.2724009021217,2145.2724009021217,350.0,4627.432368100856,0.0,0,0,0,1
S5,continuous,E,162,270,1620.0,1620.0,1685.2730800606182,1685.2730800606182,1703.226042276095,0.0,0.0,0.0,0.0,1620.0,1650.0,1693.226042276095,1883.226042276095,350.0,2913.6858979818085,0.0,0,0,0,1
S5,continuous,E,163,89,1630.0,1630.0,1676.0051229674443,1803.4889486324,1813.6773063102764,0.0,0.0,127.4838256649557,127.4838256649557,1630.0,1660.0,1803.6773063102764,1993.6773063102764,300.0,2763.975470587019,0.0,0,0,0,0
S5,continuous,E,164,91,1640.0,1751.673231746902,1847.7192802488507,1847.7192802488507,1891.0670281372431,111.67323174690205,111.67323174690205,0.0,111.67323174690205,1751.673231746902,1781.673231746902,1881.0670281372431,2071.067028137243,350.0,4867.949553967201,0.0,0,0,0,1
S5,continuous,E,165,58,1650.0,1650.0,1720.3051737777496,2483.7636533025548,2513.9292220937023,0.0,0.0,763.4584795248052,763.4584795248052,1650.0,1680.0,2503.9292220937023,2693.9292220937023,450.0,2076.888512002245,0.0,0,0,0,1
S5,continuous,E,166,132,1660.0,1781.673231746902,1829.9064550857038,1829.9064550857038,1850.9945111075929,121.67323174690205,121.67323174690205,0.0,121.67323174690205,1781.673231746902,1811.673231746902,1840.9945111075929,2030.9945111075929,300.0,2185.796083758215,0.0,0,0,0,0
S5,continuous,E,167,30,1670.0,1993.6773063102764,2052.422908353674,2052.422908353674,2066.2455690095703,323.67730631027644,323.67730631027644,0.0,323.67730631027644,1993.6773063102764,2023.6773063102764,2056.2455690095703,2246.2455690095703,350.0,2740.5380493702796,0.0,0,0,0,1
S5,continuous,E,168,182,1680.0,2011.5756492081882,2097.4237082143413,2097.4237082143413,2124.2761107255974,331.5756492081882,331.5756492081882,0.0,331.5756492081882,2011.5756492081882,2041.5756492081882,2114.2761107255974,2304.2761107255974,350.0,3107.6394717814414,0.0,0,0,0,1
S5,continuous,E,169,44,1690.0,1906.1625693474655,1983.7126194610257,1983.7126194610257,2003.686341566689,216.16256934746548,216.16256934746548,0.0,216.16256934746548,1906.1625693474655,1936.1625693474655,1993.686341566689,2183.686341566689,300.0,4514.576926958946,0.0,0,0,0,0
S5,continuous,E,170,256,1700.0,1700.0,1794.5943373423922,1794.5943373423922,1857.5627535313683,0.0,0.0,0.0,0.0,1700.0,1730.0,1847.5627535313683,2037.5627535313683,350.0,3492.7673855171433,0.0,0,0,0,1
S5,continuous,E,171,183,1710.0,1811.673231746902,1907.7192802488507,2037.7192802488507,2081.067028137243,101.67323174690205,101.67323174690205,130.0,231.67323174690205,1811.673231746902,1841.673231746902,2071.067028137243,2261.067028137243,350.0,4867.949553967201,0.0,0,0,0,1
S5,continuous,E,172,55,1720.0,2041.5756492081882,2094.0292896352944,2094.0292896352944,2111.073784714396,321.5756492081882,321.5756492081882,0.0,321.5756492081882,2041.5756492081882,2071.575649208188,2101.073784714396,2291.073784714396,300.0,1448.9720293508524,0.0,0,0,0,0
S5,continuous,E,173,249,1730.0,1772.0096016334169,1852.1326198640097,2036.9838685403224,2081.575649208188,42.00960163341688,42.00960163341688,184.8512486763127,226.86085030972959,1772.0096016334169,1802.0096016334169,2071.575649208188,2261.575649208188,350.0,3959.6933378240915,0.0,0,0,0,1
S5,continuous,E,174,115,1740.0,2022.0342272845528,2120.385646787833,2120.385646787833,2171.115871408166,282.0342272845528,162.0342272845528,0.0,162.0342272845528,2022.0342272845528,2052.034227284553,2161.115871408166,2351.115871408166,350.0,5142.6685601090885,0.0,0,0,0,1
S5,continuous,E,175,173,1750.0,1750.0,1839.173729404404,2147.209708645626,2194.0946896179967,0.0,0.0,308.03597924122187,308.03597924122187,1750.0,1780.0,2184.094689617996,2374.094689617996,400.0,3576.6495272332722,0.0,0,0,0,1
S5,continuous,E,176,153,1760.0,1950.6919834441837,2064.1171315914726,2064.1171315914726,2096.322926260481,190.69198344418373,190.69198344418373,0.0,190.69198344418373,1950.6919834441837,1980.6919834441837,2086.322926260481,2276.322926260481,350.0,4158.753333088862,0.0,0,0,0,1
S5,continuous,E,177,294,1770.0,1770.0,1874.697114292274,2217.7192802488507,2271.067028137243,0.0,0.0,343.0221659565768,343.0221659565768,1770.0,1800.0,2261.067028137243,2451.067028137243,400.0,5777.482285146597,0.0,0,0,0,1
S5,continuous,E,178,6,1780.0,1780.0,1894.117027507583,2129.214309122892,2155.2724009021217,0.0,0.0,235.0972816153087,235.0972816153087,1780.0,1810.0,2145.2724009021217,2335.2724009021217,400.0,3993.0617744811343,0.0,0,0,0,1
S5,continuous,E,179,16,1790.0,1980.6919834441837,2101.1065196337345,2101.1065196337345,2121.294877311611,190.69198344418373,190.69198344418373,0.0,190.69198344418373,1980.6919834441837,2010.6919834441837,2111.294877311611,2301.294877311611,350.0,4564.625350950689,0.0,0,0,0,1
S5,continuous,E,180,149,1800.0,1936.1625693474655,1999.6893405804815,1999.6893405804815,2015.7131262165046,136.16256934746548,136.16256934746548,0.0,136.16256934746548,1936.1625693474655,1966.1625693474655,2005.7131262165046,2195.713126216505,300.0,3559.941985907797,0.0,0,0,0,0
S5,continuous,E,181,79,1810.0,2008.071468132003,2087.85569800919,2291.1065196337345,2311.294877311611,198.07146813200302,198.07146813200302,203.25082162454464,401.32228975654766,2008.071468132003,2038.071468132003,2301.294877311611,2491.294877311611,350.0,2587.333517866232,0.0,0,0,0,1
S5,continuous,E,182,8,1820.0,2246.2455690095703,2345.0163659223194,2701.245124335344,2739.9672989793166,426.2455690095703,186.24556900957032,356.2287584130245,542.4743274225948,2246.2455690095703,2276.2455690095703,2729.9672989793166,2919.9672989793166,400.0,5309.266593622848,0.0,0,0,0,1
S5,continuous,E,183,230,1830.0,2374.094689617996,2449.6460744481487,2449.6460744481487,2492.684396959761,544.0946896179962,544.0946896179962,0.0,544.0946896179962,2374.094689617996,2404.094689617996,2482.684396959761,2672.684396959761,350.0,2977.376774605387,0.0,0,0,0,1
S5,continuous,E,184,11,1840.0,2010.6919834441837,2109.846478317177,2109.846478317177,2111.6979953028936,170.69198344418373,170.69198344418373,0.0,170.69198344418373,2010.6919834441837,2040.6919834441837,2109.846478317177,2299.846478317177,300.0,3672.2717263860623,0.0,0,0,0,0
S5,continuous,E,185,247,1850.0,2038.071468132003,2147.4551857925235,2147.4551857925235,2175.142348874289,188.07146813200302,188.07146813200302,0.0,188.07146813200302,2038.071468132003,2068.0714681320032,2165.142348874289,2355.142348874289,350.0,4598.126730441247,0.0,0,0,0,1
S5,continuous,E,186,85,1860.0,1972.722215467353,2028.853561767929,2028.853561767929,2057.262087480437,112.72221546735295,112.72221546735295,0.0,112.72221546735295,1972.722215467353,2002.722215467353,2047.2620874804372,2237.262087480437,350.0,2457.4632073858184,0.0,0,0,0,1
S5,continuous,E,187,292,1870.0,1870.0,1923.204832979765,1923.204832979765,1986.4498790047812,0.0,0.0,0.0,0.0,1870.0,1900.0,1976.4498790047812,2166.449879004781,350.0,2620.0006399674244,0.0,0,0,0,1
S5,continuous,E,188,54,1880.0,1880.0,1928.2332233388017,2019.9064550857038,2040.9945111075929,0.0,0.0,91.67323174690205,91.67323174690205,1880.0,1910.0,2030.9945111075929,2220.994511107593,300.0,2185.796083758215,0.0,0,0,0,0
S5,continuous,E,189,137,1890.0,1950.0,2057.4434828907347,2057.4434828907347,2133.376838496177,60.0,0.0,0.0,0.0,1950.0,1980.0,2123.376838496177,2313.376838496177,500.0,3038.535749193448,0.0,0,0,0,1
S5,continuous,E,190,159,1900.0,1900.0,1980.917597387382,1980.917597387382,2023.9559198989944,0.0,0.0,0.0,0.0,1900.0,1930.0,2013.9559198989944,2203.9559198989946,350.0,3374.8933350274515,0.0,0,0,0,1
S5,continuous,E,191,228,1910.0,1910.0,1974.528009493918,2199.906455085704,2230.994511107593,0.0,0.0,225.37844559178598,225.37844559178598,1910.0,1940.0,2220.994511107593,2410.994511107593,350.0,1349.6833793366443,0.0,0,0,0,1
S5,continuous,E,192,223,1920.0,1920.0,1950.8474861451762,1950.8474861451762,2002.7793086315253,0.0,0.0,0.0,0.0,1920.0,1950.0,1992.7793086315253,2182.779308631525,300.0,805.300210666931,0.0,0,0,0,0
S5,continuous,E,193,194,1930.0,1930.0,2026.5065228877493,2252.422908353674,2286.2455690095703,0.0,0.0,225.91638546592458,225.91638546592458,1930.0,1960.0,2276.2455690095703,2466.2455690095703,450.0,3662.1731057538937,0.0,0,0,0,1
S5,continuous,E,194,116,1940.0,2203.9559198989946,2264.02573892618,2399.906455085704,2420.994511107593,263.9559198989946,203.95591989899458,135.88071615952367,339.83663605851825,2203.9559198989946,2233.9559198989946,2410.994511107593,2600.994511107593,300.0,2072.7316603723757,0.0,0,0,0,0
S5,continuous,E,195,68,1950.0,2600.994511107593,2656.3026731828945,2656.3026731828945,2670.3721100066255,650.9945111075931,650.9945111075931,0.0,650.9945111075931,2600.994511107593,2630.994511107593,2660.3721100066255,2850.3721100066255,300.0,2457.1278677888977,0.0,0,0,0,0
S5,continuous,E,196,95,1960.0,2052.034227284553,2142.490431504436,2663.7636533025548,2703.9292220937023,92.0342272845528,92.0342272845528,521.2732217981188,613.3074490826716,2052.034227284553,2082.034227284553,2693.9292220937023,2883.9292220937023,500.0,2713.497595403337,0.0,0,0,0,1
S5,continuous,E,197,180,1970.0,1970.0,2066.0266682729043,2244.0292896352944,2301.073784714396,0.0,0.0,178.00262136239007,178.00262136239007,1970.0,2000.0,2291.073784714396,2481.073784714396,500.0,3064.282776714722,0.0,0,0,0,1
S5,continuous,E,198,208,1980.0,1980.0,2041.3253601528788,2041.3253601528788,2109.119179343291,0.0,0.0,0.0,0.0,1980.0,2010.0,2099.119179343291,2289.119179343291,400.0,1575.8550027879014,0.0,0,0,0,1
S5,continuous,E,199,37,1990.0,1990.0,2063.3558594699048,2063.3558594699048,2107.85625911493,0.0,0.0,0.0,0.0,1990.0,2020.0,2097.85625911493,2287.85625911493,400.0,2744.3668772807587,0.0,0,0,0,1
S5,continuous,E,200,127,2000.0,2261.575649208188,2395.59251072877,2395.59251072877,2409.3501069060194,261.5756492081882,261.5756492081882,0.0,261.5756492081882,2261.575649208188,2291.575649208188,2399.3501069060194,2589.3501069060194,350.0,6253.418941073294,0.0,0,0,0,1
S5,continuous,E,201,77,2010.0,2289.119179343291,2391.925387515838,2391.925387515838,2414.1734149397307,279.11917934329085,219.11917934329085,0.0,219.11917934329085,2289.119179343291,2319.119179343291,2404.1734149397307,2594.1734149397307,350.0,3401.0351652138493,0.0,0,0,0,1
S5,continuous,E,202,271,2020.0,2020.0,2075.05535155941,2075.05535155941,2097.303378983303,0.0,0.0,0.0,0.0,2020.0,2050.0,2087.303378983303,2277.303378983303,350.0,2234.412152774168,0.0,0,0,0,1
S5,continuous,E,203,152,2030.0,2030.0,2076.0454331311175,2076.0454331311175,2081.573710984626,0.0,0.0,0.0,0.0,2030.0,2060.0,2076.0454331311175,2266.0454331311175,300.0,2983.1600505562074,0.00613836852608074,1,0,1,0
S5,continuous,E,204,259,2040.0,2451.067028137243,2566.0749297350367,2566.0749297350367,2616.8051543553697,411.06702813724314,411.06702813724314,0.0,411.06702813724314,2451.067028137243,2481.067028137243,2606.8051543553697,2796.8051543553697,350.0,5247.733443170377,0.0,0,0,0,1
S5,continuous,E,205,270,2050.0,2404.094689617996,2485.169191825439,2485.169191825439,2491.227283604669,354.0946896179962,354.0946896179962,0.0,354.0946896179962,2404.094689617996,2434.094689617996,2485.169191825439,2675.169191825439,300.0,3777.350112762816,0.0,0,0,0,0
S5,continuous,E,206,289,2060.0,2060.0,2085.2222111490905,2085.2222111490905,2125.616117100993,0.0,0.0,0.0,0.0,2060.0,2090.0,2115.616117100993,2305.616117100993,300.0,1769.2733922463644,0.0,0,0,0,0
S5,continuous,E,207,292,2070.0,2070.0,2093.5886112662197,2264.1171315914726,2286.322926260481,0.0,0.0,170.52852032525288,170.52852032525288,2070.0,2100.0,2276.322926260481,2466.322926260481,300.0,701.9128555397368,0.0,0,0,0,0
S5,continuous,E,208,260,2080.0,2080.0,2153.6858452442552,2173.712619461026,2193.686341566689,0.0,0.0,20.02677421677072,20.02677421677072,2080.0,2110.0,2183.686341566689,2373.686341566689,300.0,2796.3680311430726,0.14532833899693287,1,0,1,0
S5,continuous,E,209,124,2090.0,2434.094689617996,2483.330469254326,2483.330469254326,2500.3749643334277,344.0946896179962,344.0946896179962,0.0,344.0946896179962,2434.094689617996,2464.094689617996,2490.3749643334277,2680.3749643334277,300.0,1709.700624521327,0.0,0,0,0,0
S5,continuous,E,210,177,2100.0,2280.0,2412.9293327010287,2412.9293327010287,2479.8143136733993,180.0,0.0,0.0,0.0,2280.0,2310.0,2469.8143136733993,2659.8143136733993,500.0,3446.26924672108,0.0,0,0,0,1
S5,continuous,E,211,279,2110.0,2110.0,2179.8636536439567,2179.8636536439567,2231.795476130306,0.0,0.0,0.0,0.0,2110.0,2140.0,2221.795476130306,2411.795476130306,300.0,1650.850357041982,0.22678864389331466,1,0,1,0
S5,continuous,E,212,22,2120.0,2304.2761107255974,2365.9571981833983,2365.9571981833983,2381.4854760369067,184.2761107255974,184.2761107255974,0.0,184.2761107255974,2304.2761107255974,2334.2761107255974,2371.4854760369067,2561.4854760369067,350.0,2533.8157315934855,0.0,0,0,0,1
S5,continuous,E,213,69,2130.0,2630.994511107593,2720.097215293597,2720.097215293597,2737.1417103726985,500.9945111075931,500.9945111075931,0.0,500.9945111075931,2630.994511107593,2660.994511107593,2727.1417103726985,2917.1417103726985,300.0,4724.972633112591,0.20218357073736115,2,0,2,0
S5,continuous,E,214,224,2140.0,2355.142348874289,2412.8755502246895,2412.8755502246895,2428.615677505208,215.14234887428893,215.14234887428893,0.0,215.14234887428893,2355.142348874289,2385.142348874289,2418.615677505208,2608.615677505208,350.0,2220.20566972044,0.0,0,0,0,1
S5,continuous,E,215,52,2150.0,2305.616117100993,2372.848787416999,2462.422908353674,2476.2455690095703,155.61611710099305,155.61611710099305,89.57412093667472,245.19023803766777,2305.616117100993,2335.616117100993,2466.2455690095703,2656.2455690095703,350.0,1443.6671239792256,0.0,0,0,0,1
S5,continuous,E,216,276,2160.0,2491.294877311611,2529.1023985866877,2529.1023985866877,2545.954801097944,331.2948773116109,331.2948773116109,0.0,331.2948773116109,2491.294877311611,2521.294877311611,2535.954801097944,2725.954801097944,300.0,1976.4813740923587,0.0,0,0,0,0
S5,continuous,E,217,110,2170.0,2170.0,2226.131346300576,2226.131346300576,2254.539872013084,0.0,0.0,0.0,0.0,2170.0,2200.0,2244.539872013084,2434.539872013084,350.0,2457.4632073858184,0.0,0,0,0,1
S5,continuous,E,218,238,2180.0,2680.3749643334277,2768.416662942067,2768.416662942067,2796.825188654575,500.37496433342767,500.37496433342767,0.0,500.37496433342767,2680.3749643334277,2710.3749643334277,2786.825188654575,2976.825188654575,350.0,4343.745339260575,0.0,0,0,0,1
S5,continuous,E,219,282,2190.0,2335.616117100993,2412.8297731971907,2746.0749297350367,2806.8051543553697,145.61611710099305,145.61611710099305,333.245156537846,478.86127363883907,2335.616117100993,2365.616117100993,2796.8051543553697,2986.8051543553697,400.0,1726.9373291475097,0.0,0,0,0,1
S5,continuous,E,220,247,2200.0,2200.0,2243.3469250409184,2444.1171315914726,2476.322926260481,0.0,0.0,200.77020655055412,200.77020655055412,2200.0,2230.0,2466.322926260481,2656.322926260481,350.0,1566.5420386095454,0.0,0,0,0,1
S5,continuous,E,221,275,2210.0,2919.9672989793166,3009.978687847605,3009.978687847605,3073.223733872622,709.9672989793166,709.9672989793166,0.0,709.9672989793166,2919.9672989793166,2949.9672989793166,3063.223733872622,3253.223733872622,350.0,4545.783718299347,0.0,0,0,0,1
S5,continuous,E,222,193,2220.0,2660.994511107593,2741.0783376285203,2741.0783376285203,2775.5787372735454,440.9945111075931,440.9945111075931,0.0,440.9945111075931,2660.994511107593,2690.994511107593,2765.5787372735454,2955.5787372735454,350.0,3594.3269782704483,0.0,0,0,0,1
S5,continuous,E,223,31,2230.0,2230.0,2307.569618491818,2307.569618491818,2352.1613991596837,0.0,0.0,0.0,0.0,2230.0,2260.0,2342.1613991596837,2532.1613991596837,350.0,3909.984865330447,0.0,0,0,0,1
S5,continuous,E,224,182,2240.0,2240.0,2324.147176977466,2843.7636533025548,2893.9292220937023,0.0,0.0,519.6164763250886,519.6164763250886,2240.0,2270.0,2883.9292220937023,3073.9292220937023,550.0,1621.2553922457432,0.0,0,0,0,1
S5,continuous,E,225,103,2250.0,2250.0,2312.646828053341,2521.1065196337345,2531.294877311611,0.0,0.0,208.4596915803936,208.4596915803936,2250.0,2280.0,2521.294877311611,2711.294877311611,300.0,943.9524870694119,0.0,0,0,0,0
S5,continuous,E,226,105,2260.0,2690.994511107593,2782.6527488867478,2782.6527488867478,2828.58610449219,430.9945111075931,430.9945111075931,0.0,430.9945111075931,2690.994511107593,2720.994511107593,2818.58610449219,3008.58610449219,350.0,4423.119175287677,0.0,0,0,0,1
S5,continuous,E,227,278,2270.0,2351.115871408166,2452.59321947869,2452.59321947869,2462.753437675587,81.11587140816619,81.11587140816619,0.0,81.11587140816619,2351.115871408166,2381.115871408166,2452.753437675587,2642.753437675587,300.0,4304.260444098885,0.02247859479757608,1,0,1,0
S5,continuous,E,228,29,2280.0,2280.0,2411.7149332163285,2592.9293327010287,2669.8143136733993,0.0,0.0,181.21439948470015,181.21439948470015,2280.0,2310.0,2659.8143136733993,2849.8143136733993,550.0,5455.540330475102,0.0,0,0,0,1
S5,continuous,E,229,194,2290.0,2720.994511107593,2754.1693521428424,2754.1693521428424,2757.992012798739,430.9945111075931,430.9945111075931,0.0,430.9945111075931,2720.994511107593,2750.994511107593,2754.1693521428424,2944.1693521428424,300.0,930.3392509462642,0.0,0,0,0,0
S5,continuous,E,230,252,2300.0,2481.067028137243,2606.006952218995,2606.006952218995,2631.9262527955348,181.06702813724314,181.06702813724314,0.0,181.06702813724314,2481.067028137243,2511.067028137243,2621.9262527955348,2811.9262527955348,350.0,5785.813655215288,0.0,0,0,0,1
S5,continuous,E,231,299,2310.0,2411.795476130306,2503.950950977387,2503.950950977387,2528.7231280120377,101.79547613030581,101.79547613030581,0.0,101.79547613030581,2411.795476130306,2441.795476130306,2518.7231280120377,2708.7231280120377,350.0,2448.4301549871307,0.0,0,0,0,1
S5,continuous,E,232,35,2320.0,2656.2455690095703,2708.625474030988,2708.625474030988,2728.813831708864,336.2455690095703,336.2455690095703,0.0,336.2455690095703,2656.2455690095703,2686.2455690095703,2718.813831708864,2908.813831708864,350.0,2740.5380493702796,0.0,0,0,0,1
S5,continuous,E,233,90,2330.0,2441.795476130306,2567.610320133297,2719.906455085704,2760.994511107593,111.79547613030581,111.79547613030581,152.29613495240665,264.09161108271246,2441.795476130306,2471.795476130306,2750.994511107593,2940.994511107593,400.0,4157.300826984014,0.0,0,0,0,1
S5,continuous,E,234,262,2340.0,2340.0,2429.7842298771866,2888.625474030988,2918.813831708864,0.0,0.0,458.8412441538012,458.8412441538012,2340.0,2370.0,2908.813831708864,3098.813831708864,400.0,2687.333517866232,0.0,0,0,0,1
S5,continuous,E,235,249,2350.0,2350.0,2418.8359944236367,2418.8359944236367,2455.076071775357,0.0,0.0,0.0,0.0,2350.0,2380.0,2445.076071775357,2635.076071775357,350.0,3165.4665674462954,0.0,0,0,0,1
S5,continuous,E,236,292,2360.0,2360.0,2469.1892413172463,2469.1892413172463,2494.2787238303163,0.0,0.0,0.0,0.0,2360.0,2390.0,2484.2787238303163,2674.2787238303163,350.0,3504.618995505756,0.0,0,0,0,1
S5,continuous,E,237,285,2370.0,2370.0,2479.8602518142984,2479.8602518142984,2571.7920743006475,0.0,0.0,0.0,0.0,2370.0,2400.0,2561.7920743006475,2751.7920743006475,500.0,2050.6235683980885,0.0,0,0,0,1
S5,continuous,E,238,242,2380.0,2656.322926260481,2697.806209146677,2846.3026731828945,2860.3721100066255,276.3229262604809,276.3229262604809,148.49646403621773,424.81939029669866,2656.322926260481,2686.322926260481,2850.3721100066255,3040.3721100066255,300.0,1466.5420386095454,0.0,0,0,0,0
S5,continuous,E,239,172,2390.0,2751.7920743006475,2867.606918303639,2919.906455085704,2950.994511107593,361.7920743006475,181.79207430064753,52.29953678206493,234.09161108271246,2751.7920743006475,2781.7920743006475,2940.994511107593,3130.994511107593,350.0,4057.300826984014,0.0,0,0,0,1
S5,continuous,E,240,183,2400.0,2400.0,2457.8329125626788,2683.950950977387,2718.7231280120377,0.0,0.0,226.11803841470828,226.11803841470828,2400.0,2430.0,2708.7231280120377,2898.7231280120377,400.0,1756.823567824371,0.0,0,0,0,1
S5,continuous,E,241,265,2410.0,2686.322926260481,2771.9731779041635,2771.9731779041635,2808.2132552558837,276.3229262604809,276.3229262604809,0.0,276.3229262604809,2686.322926260481,2716.322926260481,2798.2132552558837,2988.2132552558837,350.0,3905.1931584152712,0.0,0,0,0,1
S5,continuous,E,242,164,2420.0,2420.0,2503.2328636603265,2503.2328636603265,2530.920026742092,0.0,0.0,0.0,0.0,2420.0,2450.0,2520.920026742092,2710.920026742092,350.0,4697.04439971141,0.0,0,0,0,1
S5,continuous,E,243,174,2430.0,2434.539872013084,2497.559926359931,2632.59321947869,2652.753437675587,4.539872013083823,4.539872013083823,135.03329311875905,139.57316513184287,2434.539872013084,2464.539872013084,2642.753437675587,2832.753437675587,350.0,2550.2789618363026,0.0,0,0,0,1
S5,continuous,E,244,64,2440.0,3098.813831708864,3142.4447053041486,3142.4447053041486,3168.364005880688,658.8138317088642,658.8138317088642,0.0,658.8138317088642,3098.813831708864,3128.813831708864,3158.364005880688,3348.364005880688,350.0,1793.372685765952,0.0,0,0,0,1
S5,continuous,E,245,210,2450.0,3130.994511107593,3219.9808425528263,3219.9808425528263,3240.1410607497232,680.9945111075931,680.9945111075931,0.0,680.9945111075931,3130.994511107593,3160.994511107593,3230.1410607497232,3420.1410607497232,350.0,4116.126399316843,0.0,0,0,0,1
S5,continuous,E,246,197,2460.0,2686.2455690095703,2725.444725661055,2725.444725661055,2737.2962426467716,226.24556900957032,226.24556900957032,0.0,226.24556900957032,2686.2455690095703,2716.2455690095703,2727.2962426467716,2917.2962426467716,350.0,1820.1372879139435,0.0,0,0,0,1
S5,continuous,E,247,240,2470.0,2470.0,2547.139935949931,2890.097215293597,2927.1417103726985,0.0,0.0,342.95727934366596,342.95727934366596,2470.0,2500.0,2917.1417103726985,3107.1417103726985,400.0,3106.4180911694716,0.0,0,0,0,1
S5,continuous,E,248,187,2480.0,2480.0,2548.372393945284,2639.6460744481487,2682.684396959761,0.0,0.0,91.27368050286486,91.27368050286486,2480.0,2510.0,2672.684396959761,2862.684396959761,350.0,1665.7270085429896,0.0,0,0,0,1
S5,continuous,E,249,123,2490.0,3073.9292220937023,3105.9108695162045,3105.9108695162045,3142.1509468679246,583.9292220937023,583.9292220937023,0.0,583.9292220937023,3073.9292220937023,3103.9292220937023,3132.1509468679246,3322.1509468679246,350.0,1686.4334728046601,0.0,0,0,0,1
S5,continuous,E,250,202,2500.0,3128.813831708864,3197.944738374328,3197.944738374328,3234.8297193466988,628.8138317088642,628.8138317088642,0.0,628.8138317088642,3128.813831708864,3158.813831708864,3224.8297193466988,3414.8297193466988,350.0,3548.20329242373,0.0,0,0,0,1
S5,continuous,E,251,225,2510.0,2725.954801097944,2789.347262114448,2944.1693521428424,2947.992012798739,215.9548010979438,215.9548010979438,154.82209002839454,370.77689112633834,2725.954801097944,2755.954801097944,2944.1693521428424,3134.1693521428424,300.0,3206.045882852305,0.0,0,0,0,0
S5,continuous,E,252,16,2520.0,2674.2787238303163,2716.1007595981278,2716.1007595981278,2743.787922679893,154.27872383031627,154.27872383031627,0.0,154.27872383031627,2674.2787238303163,2704.2787238303163,2733.787922679893,2923.787922679893,350.0,1379.386778290283,0.0,0,0,0,1
S5,continuous,E,253,231,2530.0,2530.0,2650.8417887346736,3285.9108695162045,3332.1509468679246,0.0,0.0,635.0690807815308,635.0690807815308,2530.0,2560.0,3322.1509468679246,3512.1509468679246,400.0,3761.4797217168248,0.0,0,0,0,1
S5,continuous,E,254,297,2540.0,2540.0,2590.3347594632246,2590.3347594632246,2598.2877216787015,0.0,0.0,0.0,0.0,2540.0,2570.0,2590.3347594632246,2780.3347594632246,300.0,2239.364525084618,0.5044833563315478,1,0,1,0
S5,continuous,E,255,53,2550.0,2561.4854760369067,2659.685653376147,2659.685653376147,2673.4432495533965,11.485476036906675,11.485476036906675,0.0,11.485476036906675,2561.4854760369067,2591.4854760369067,2663.4432495533965,2853.4432495533965,350.0,5657.889335869262,0.0,0,0,0,1
S5,continuous,E,256,290,2560.0,2560.0,2683.766379863919,3120.346691486946,3144.1693521428424,0.0,0.0,436.5803116230268,436.5803116230268,2560.0,2590.0,3134.1693521428424,3324.1693521428424,400.0,3870.486295887222,0.0,0,0,0,1
S5,continuous,E,257,23,2570.0,2570.0,2642.999060453021,2684.1171315914726,2726.322926260481,0.0,0.0,41.118071138451796,41.118071138451796,2570.0,2600.0,2716.322926260481,2906.322926260481,400.0,3730.1227894272424,0.0,0,0,0,1
S5,continuous,E,258,235,2580.0,2580.0,2667.0313143140525,2948.416662942067,2986.825188654575,0.0,0.0,281.3853486280145,281.3853486280145,2580.0,2610.0,2976.825188654575,3166.825188654575,400.0,3772.663468611281,0.0,0,0,0,1
S5,continuous,E,259,111,2590.0,2590.0,2697.033068005865,3465.9108695162045,3522.1509468679246,0.0,0.0,768.8778015103394,768.8778015103394,2590.0,2620.0,3512.1509468679246,3702.1509468679246,450.0,4585.048051596321,0.0,0,0,0,1
S5,continuous,E,260,67,2600.0,2600.0,2676.2878805940177,2676.2878805940177,2721.3773631070876,0.0,0.0,0.0,0.0,2600.0,2630.0,2711.3773631070876,2901.3773631070876,450.0,2305.2552019587833,0.0,0,0,0,1
S5,continuous,E,261,220,2610.0,3107.1417103726985,3180.7615376702784,3180.7615376702784,3210.7352597759414,497.1417103726985,497.1417103726985,0.0,497.1417103726985,3107.1417103726985,3137.1417103726985,3200.7352597759414,3390.7352597759414,350.0,3390.1132338223683,0.0,0,0,0,1
S5,continuous,E,262,286,2620.0,2620.0,2678.6614071278473,2905.444725661055,2927.2962426467716,0.0,0.0,226.78331853320788,226.78331853320788,2620.0,2650.0,2917.2962426467716,3107.2962426467716,400.0,2432.7102111530926,0.0,0,0,0,1
S5,continuous,E,263,28,2630.0,2630.0,2691.519387672154,2691.519387672154,2704.6545634756426,0.0,0.0,0.0,0.0,2630.0,2660.0,2694.6545634756426,2884.6545634756426,300.0,2033.8085826426504,0.0,0,0,0,0
S5,continuous,E,264,42,2640.0,2780.3347594632246,2807.845184040586,2807.845184040586,2824.697586551842,140.3347594632246,140.3347594632246,0.0,140.3347594632246,2780.3347594632246,2810.3347594632246,2814.697586551842,3004.697586551842,300.0,1427.8576477593026,0.0,0,0,0,0
S5,continuous,E,265,207,2650.0,2650.0,2765.020277161149,3300.346691486946,3334.1693521428424,0.0,0.0,535.326414325797,535.326414325797,2650.0,2680.0,3324.1693521428424,3514.1693521428424,450.0,4476.2738025795215,0.0,0,0,0,1
S5,continuous,E,266,205,2660.0,2660.0,2727.8278125518923,2727.8278125518923,2772.419593219758,0.0,0.0,0.0,0.0,2660.0,2690.0,2762.419593219758,2952.419593219758,350.0,3372.8513823254134,0.0,0,0,0,1
S5,continuous,E,267,45,2670.0,2970.0,3123.2067112665477,3123.2067112665477,3201.6152369790557,300.0,0.0,0.0,0.0,2970.0,3000.0,3191.6152369790557,3381.6152369790557,600.0,3703.360993007539,0.0,0,0,0,1
S5,continuous,E,268,33,2680.0,3040.3721100066255,3066.9191572494933,3066.9191572494933,3083.7715597607494,360.37211000662546,360.37211000662546,0.0,360.37211000662546,3040.3721100066255,3070.3721100066255,3073.7715597607494,3263.7715597607494,300.0,986.4498912840668,0.0,0,0,0,0
S5,continuous,E,269,135,2690.0,3103.9292220937023,3139.7522801640157,3139.7522801640157,3197.546099354428,413.92922209370226,413.92922209370226,0.0,413.92922209370226,3103.9292220937023,3133.9292220937023,3187.546099354428,3377.546099354428,350.0,2050.2962251855206,0.0,0,0,0,1
S5,continuous,E,270,246,2700.0,3158.813831708864,3238.804911755761,3380.7615376702784,3400.7352597759414,458.8138317088642,458.8138317088642,141.9566259145172,600.7704576233814,3158.813831708864,3188.813831708864,3390.7352597759414,3580.7352597759414,300.0,4804.32522351907,0.0,0,0,0,0
S5,continuous,E,271,255,2710.0,2906.322926260481,2961.666442476453,2961.666442476453,2973.914469900346,196.32292626048093,196.32292626048093,0.0,196.32292626048093,2906.322926260481,2936.322926260481,2963.914469900346,3153.914469900346,300.0,2381.4505469287537,0.0,0,0,0,0
S5,continuous,E,272,73,2720.0,2720.0,2818.088993682468,3158.625474030988,3198.813831708864,0.0,0.0,340.53648034851994,340.53648034851994,2720.0,2750.0,3188.813831708864,3378.813831708864,450.0,3379.3500557773505,0.0,0,0,0,1
S5,continuous,E,273,264,2730.0,3133.9292220937023,3155.8224063830444,3155.8224063830444,3169.8918432067753,403.92922209370226,403.92922209370226,0.0,403.92922209370226,3133.9292220937023,3163.9292220937023,3159.8918432067753,3349.8918432067753,300.0,1519.6827279540303,0.0,0,0,0,0
S5,continuous,E,274,272,2740.0,3163.9292220937023,3225.9108695162045,3645.9108695162045,3712.1509468679246,423.92922209370226,423.92922209370226,420.0,843.9292220937023,3163.9292220937023,3193.9292220937023,3702.1509468679246,3892.1509468679246,500.0,1986.4334728046601,0.0,0,0,0,1
S5,continuous,E,275,26,2750.0,2923.787922679893,3010.7487400565105,3189.978687847605,3263.223733872622,173.7879226798932,173.7879226798932,179.22994779109467,353.0178704709879,2923.787922679893,2953.787922679893,3253.223733872622,3443.223733872622,400.0,3839.5713318573557,0.0,0,0,0,1
S5,continuous,E,276,14,2760.0,2760.0,2835.845860825255,2835.845860825255,2861.7651614017946,0.0,0.0,0.0,0.0,2760.0,2790.0,2851.7651614017946,3041.7651614017946,350.0,3413.269641025298,0.0,0,0,0,1
S5,continuous,E,277,218,2770.0,2810.3347594632246,2883.052412863907,2936.1007595981278,2963.787922679893,40.3347594632246,40.3347594632246,53.04834673422056,93.38310619744516,2810.3347594632246,2840.3347594632246,2953.787922679893,3143.787922679893,350.0,3879.180038833268,0.0,0,0,0,1
S5,continuous,E,278,99,2780.0,3080.0,3165.443297134191,3333.2067112665477,3391.6152369790557,300.0,0.0,167.7634141323565,167.7634141323565,3080.0,3110.0,3381.6152369790557,3571.6152369790557,500.0,2365.5448539675444,0.0,0,0,0,1
S5,continuous,E,279,169,2790.0,2790.0,2884.513490211289,3369.978687847605,3453.223733872622,0.0,0.0,485.46519763631613,485.46519763631613,2790.0,2820.0,3443.223733872622,3633.223733872622,450.0,3878.9911299895825,0.0,0,0,0,1
S5,continuous,E,280,71,2800.0,2862.684396959761,2941.864484536145,3549.978687847605,3643.223733872622,62.684396959761216,62.684396959761216,608.1142033114602,670.7986002712214,2862.684396959761,2892.684396959761,3633.223733872622,3823.223733872622,500.0,1240.8678470012464,0.0,0,0,0,1
S5,continuous,E,281,106,2810.0,3160.994511107593,3237.335508416178,3237.335508416178,3247.5010772073256,350.9945111075931,350.9945111075931,0.0,350.9945111075931,3160.994511107593,3190.994511107593,3237.5010772073256,3427.5010772073256,350.0,3223.1308765115496,0.0,0,0,0,1
S5,continuous,E,282,77,2820.0,2884.6545634756426,2915.764020179336,2915.764020179336,2968.7324363683124,64.65456347564259,64.65456347564259,0.0,64.65456347564259,2884.6545634756426,2914.6545634756426,2958.7324363683124,3148.7324363683124,300.0,1528.8033533093208,0.0,0,0,0,0
S5,continuous,E,283,79,2830.0,2988.2132552558837,3038.2512744866017,3038.2512744866017,3100.183096972951,158.21325525588372,158.21325525588372,0.0,158.21325525588372,2988.2132552558837,3018.2132552558837,3090.183096972951,3280.183096972951,350.0,1410.7222911235317,0.0,0,0,0,1
S5,continuous,E,284,143,2840.0,3008.58610449219,3153.157304521857,3480.346691486946,3524.1693521428424,168.58610449218986,168.58610449218986,327.18938696508894,495.7754914572788,3008.58610449219,3038.58610449219,3514.1693521428424,3704.1693521428424,500.0,5174.636376255038,0.0,0,0,0,1
S5,continuous,E,285,283,2850.0,2850.0,2923.4537910600197,2923.4537910600197,2986.8457896657496,0.0,0.0,0.0,0.0,2850.0,2880.0,2976.8457896657496,3166.8457896657496,350.0,4106.7800604088825,0.0,0,0,0,1
S5,continuous,E,286,215,2860.0,3038.58610449219,3117.287758667372,3117.287758667372,3151.788158312397,178.58610449218986,178.58610449218986,0.0,178.58610449218986,3038.58610449219,3068.58610449219,3141.788158312397,3331.788158312397,350.0,2586.722014235022,0.0,0,0,0,1
S5,continuous,E,287,203,2870.0,2870.0,2904.171271393112,2904.171271393112,2920.195057029135,0.0,0.0,0.0,0.0,2870.0,2900.0,2910.195057029135,3100.195057029135,300.0,1126.4908245383585,0.0,0,0,0,0
S5,continuous,E,288,242,2880.0,3041.7651614017946,3169.6046073647026,3660.346691486946,3714.1693521428424,161.76516140179456,161.76516140179456,490.74208412224334,652.5072455240379,3041.7651614017946,3071.7651614017946,3704.1693521428424,3894.1693521428424,550.0,4726.719498586736,0.0,0,0,0,1
S5,continuous,E,289,165,2890.0,2936.322926260481,2995.899035940205,2995.899035940205,3001.6391632207237,46.322926260480926,46.322926260480926,0.0,46.322926260480926,2936.322926260481,2966.322926260481,2995.899035940205,3185.899035940205,300.0,2631.0839437953487,0.0,0,0,0,0
S5,continuous,E,290,7,2900.0,2900.0,2942.1057966483418,2942.1057966483418,2955.24097245183,0.0,0.0,0.0,0.0,2900.0,2930.0,2945.24097245183,3135.24097245183,300.0,1214.8218289440265,0.0,0,0,0,0
S5,continuous,E,291,132,2910.0,2914.6545634756426,2934.1950543611847,2934.1950543611847,2948.9672313958354,4.65456347564259,4.65456347564259,0.0,4.65456347564259,2914.6545634756426,2944.6545634756426,2938.9672313958354,3128.9672313958354,300.0,566.5577696609301,0.0,0,0,0,0
S5,continuous,E,292,186,2920.0,3070.3721100066255,3138.447524548135,3377.944738374328,3424.8297193466988,150.37211000662546,150.37211000662546,239.49721382619327,389.86932383281874,3070.3721100066255,3100.3721100066255,3414.8297193466988,3604.8297193466988,400.0,2671.8372701657263,0.0,0,0,0,1
S5,continuous,E,293,129,2930.0,2930.0,3032.3659660108965,3312.4447053041486,3358.364005880688,0.0,0.0,280.07873929325206,280.07873929325206,2930.0,2960.0,3348.364005880688,3538.364005880688,450.0,4863.083769309438,0.0,0,0,0,1
S5,continuous,E,294,114,2940.0,3571.6152369790557,3623.2036977781427,3623.2036977781427,3641.1566599936195,631.6152369790557,631.6152369790557,0.0,631.6152369790557,3571.6152369790557,3601.6152369790557,3631.1566599936195,3821.1566599936195,350.0,1777.1364454118675,0.0,0,0,0,1
S5,continuous,E,295,1,2950.0,3378.813831708864,3469.0318347226607,3469.0318347226607,3496.0763298017623,428.8138317088642,428.8138317088642,0.0,428.8138317088642,3378.813831708864,3408.813831708864,3486.0763298017623,3676.0763298017623,350.0,4904.807286179556,0.0,0,0,0,1
S5,continuous,E,296,170,2960.0,3137.1417103726985,3235.9558056904943,3235.9558056904943,3286.349711642397,177.14171037269853,177.14171037269853,0.0,177.14171037269853,3137.1417103726985,3167.1417103726985,3276.349711642397,3466.349711642397,350.0,5171.832021067958,0.0,0,0,0,1
S5,continuous,E,297,252,2970.0,2970.0,3040.596955281063,3040.596955281063,3083.9447031694554,0.0,0.0,0.0,0.0,2970.0,3000.0,3073.9447031694554,3263.9447031694554,350.0,2795.6777800696063,0.0,0,0,0,1
S5,continuous,E,298,104,2980.0,2980.0,3096.5692676483827,3729.978687847605,3833.223733872622,0.0,0.0,633.4094201992225,633.4094201992225,2980.0,3010.0,3823.223733872622,4013.223733872622,550.0,3546.26924672108,0.0,0,0,0,1
S5,continuous,E,299,189,2990.0,3153.914469900346,3206.128366370579,3206.128366370579,3231.217848883649,163.91446990034592,163.91446990034592,0.0,163.91446990034592,3153.914469900346,3183.914469900346,3221.217848883649,3411.217848883649,350.0,2234.412152774168,0.0,0,0,0,1
S5,continuous,E,300,172,3000.0,3185.899035940205,3236.6762850859623,3532.4447053041486,3548.364005880688,185.89903594020507,185.89903594020507,295.7684202181863,481.66745615839136,3185.899035940205,3215.899035940205,3538.364005880688,3728.364005880688,300.0,3110.771930301191,0.0,0,0,0,0
S5,continuous,E,301,128,3010.0,3408.813831708864,3496.8275757635097,3496.8275757635097,3541.4193564313755,398.8138317088642,398.8138317088642,0.0,398.8138317088642,3408.813831708864,3438.813831708864,3531.4193564313755,3721.4193564313755,350.0,4845.593116846649,0.0,0,0,0,1
S5,continuous,E,302,68,3020.0,3601.6152369790557,3688.2626039675088,3688.2626039675088,3732.8543846353746,581.6152369790557,581.6152369790557,0.0,581.6152369790557,3601.6152369790557,3631.6152369790557,3722.8543846353746,3912.8543846353746,350.0,4247.590950298219,0.0,0,0,0,1
S5,continuous,E,303,32,3030.0,3135.24097245183,3196.502127878436,3196.502127878436,3232.435483483878,105.2409724518302,105.2409724518302,0.0,105.2409724518302,3135.24097245183,3165.24097245183,3222.435483483878,3412.435483483878,300.0,3453.741298585822,0.0,0,0,0,0
S5,continuous,E,304,235,3040.0,3193.9292220937023,3239.8139923565072,3239.8139923565072,3284.405773024373,153.92922209370226,153.92922209370226,0.0,153.92922209370226,3193.9292220937023,3223.9292220937023,3274.405773024373,3464.405773024373,350.0,2655.0668454055553,0.0,0,0,0,1
S5,continuous,E,305,211,3050.0,3050.0,3136.218984906583,3136.218984906583,3183.2634799856846,0.0,0.0,0.0,0.0,3050.0,3080.0,3173.2634799856846,3363.2634799856846,450.0,1185.869285758944,0.0,0,0,0,1
S5,continuous,E,306,94,3060.0,3060.0,3130.890958690149,3335.8224063830444,3359.8918432067753,0.0,0.0,204.9314476928953,204.9314476928953,3060.0,3090.0,3349.8918432067753,3539.8918432067753,350.0,2571.8372701657267,0.0,0,0,0,1
S5,continuous,E,307,222,3070.0,3143.787922679893,3204.6488579443044,3204.6488579443044,3267.6172741332807,73.7879226798932,73.7879226798932,0.0,73.7879226798932,3143.787922679893,3173.787922679893,3257.6172741332807,3447.6172741332807,350.0,2664.862708530082,0.0,0,0,0,1
S5,continuous,E,308,260,3080.0,3363.2634799856846,3431.424125378694,3431.424125378694,3457.447911014717,283.2634799856846,283.2634799856846,0.0,283.2634799856846,3363.2634799856846,3393.2634799856846,3447.447911014717,3637.447911014717,350.0,3006.4180911694716,0.0,0,0,0,1
S5,continuous,E,309,297,3090.0,3090.0,3208.6766044852043,3415.9558056904943,3476.349711642397,0.0,0.0,207.27920120529006,207.27920120529006,3090.0,3120.0,3466.349711642397,3656.349711642397,400.0,4847.2500209214195,0.0,0,0,0,1
S5,continuous,E,310,8,3100.0,3100.0,3191.6448137685743,3191.6448137685743,3220.366988412547,0.0,0.0,0.0,0.0,3100.0,3130.0,3210.366988412547,3400.366988412547,350.0,5263.016131405625,0.0,0,0,0,1
S5,continuous,E,311,66,3110.0,3110.0,3184.721656487748,3184.721656487748,3216.9274511567564,0.0,0.0,0.0,0.0,3110.0,3140.0,3206.9274511567564,3396.9274511567564,350.0,4184.8956048952205,0.0,0,0,0,1
S5,continuous,E,312,118,3120.0,3377.546099354428,3518.0778646017147,3518.0778646017147,3538.2380827986117,257.54609935442795,197.54609935442795,0.0,197.54609935442795,3377.546099354428,3407.546099354428,3528.2380827986117,3718.2380827986117,350.0,5905.633257394842,0.0,0,0,0,1
S5,continuous,E,313,216,3130.0,3130.0,3223.6462312679478,3223.6462312679478,3241.5991934834246,0.0,0.0,0.0,0.0,3130.0,3160.0,3231.5991934834246,3421.5991934834246,350.0,3225.2226952399074,0.0,0,0,0,1
S5,continuous,E,314,267,3140.0,3140.0,3264.770426624639,3909.978687847605,4023.223733872622,0.0,0.0,645.208261222966,645.208261222966,3140.0,3170.0,4013.223733872622,4203.223733872622,600.0,2968.3634094320914,0.0,0,0,0,1
S5,continuous,E,315,58,3150.0,3150.0,3249.3793349729017,3698.0778646017147,3728.2380827986117,0.0,0.0,448.69852962881305,448.69852962881305,3150.0,3180.0,3718.2380827986117,3908.2380827986117,400.0,4386.705838970198,0.0,0,0,0,1
S5,continuous,E,316,200,3160.0,3160.0,3220.0611771197346,3238.2512744866017,3290.183096972951,0.0,0.0,18.19009736686712,18.19009736686712,3160.0,3190.0,3280.183096972951,3470.183096972951,300.0,3032.024723898179,0.0,0,0,0,0
S5,continuous,E,317,30,3170.0,3631.6152369790557,3692.080117758714,3692.080117758714,3738.013473364156,461.6152369790557,461.6152369790557,0.0,461.6152369790557,3631.6152369790557,3661.6152369790557,3728.013473364156,3918.013473364156,350.0,2508.7997443997733,0.0,0,0,0,1
S5,continuous,E,318,227,3180.0,3728.364005880688,3801.3934872716327,3801.3934872716327,3803.245004257349,548.3640058806882,548.3640058806882,0.0,548.3640058806882,3728.364005880688,3758.364005880688,3801.3934872716327,3991.3934872716327,300.0,3896.199475438263,0.0,0,0,0,0
S5,continuous,E,319,59,3190.0,3539.8918432067753,3590.8538728227513,3803.2036977781427,3831.1566599936195,349.8918432067753,349.8918432067753,212.34982495539134,562.2416681621667,3539.8918432067753,3569.8918432067753,3821.1566599936195,4011.1566599936195,400.0,1436.2848480123657,0.0,0,0,0,1
S5,continuous,E,320,60,3200.0,3215.899035940205,3252.3247908949056,3252.3247908949056,3285.363113406518,15.899035940205067,15.899035940205067,0.0,15.899035940205067,3215.899035940205,3245.899035940205,3275.363113406518,3465.363113406518,300.0,2239.6007605727914,0.0,0,0,0,0
S5,continuous,E,321,102,3210.0,3892.1509468679246,3954.8671847858677,3954.8671847858677,3969.9566672989376,682.1509468679246,682.1509468679246,0.0,682.1509468679246,3892.1509468679246,3922.1509468679246,3959.9566672989376,4149.956667298938,300.0,2638.3918370721367,0.0,0,0,0,0
S5,continuous,E,322,164,3220.0,3220.0,3318.04892919095,3318.04892919095,3361.396677079342,0.0,0.0,0.0,0.0,3220.0,3250.0,3351.396677079342,3541.396677079342,350.0,5763.085025786093,0.0,0,0,0,1
S5,continuous,E,323,131,3230.0,3412.435483483878,3496.2041201330617,3496.2041201330617,3543.997939323474,182.43548348387822,182.43548348387822,0.0,182.43548348387822,3412.435483483878,3442.435483483878,3533.997939323474,3723.997939323474,300.0,3607.654610228701,0.0,0,0,0,0
S5,continuous,E,324,153,3240.0,3240.0,3303.4319516929713,3303.4319516929713,3319.4900434722013,0.0,0.0,0.0,0.0,3240.0,3270.0,3309.4900434722013,3499.4900434722013,350.0,3578.243690975045,0.0,0,0,0,1
S5,continuous,E,325,53,3250.0,3569.8918432067753,3637.7116276306638,3637.7116276306638,3663.735413266687,319.8918432067753,319.8918432067753,0.0,319.8918432067753,3569.8918432067753,3599.8918432067753,3653.735413266687,3843.735413266687,350.0,3167.1559523092646,0.0,0,0,0,1
S5,continuous,E,326,196,3260.0,3260.0,3279.540490885542,3279.540490885542,3294.312667920193,0.0,0.0,0.0,0.0,3260.0,3290.0,3284.312667920193,3474.312667920193,300.0,566.5577696609301,0.0,0,0,0,0
S5,continuous,E,327,2,3270.0,3411.217848883649,3474.381181926432,3474.381181926432,3490.1213092069506,141.2178488836489,141.2178488836489,0.0,141.2178488836489,3411.217848883649,3441.217848883649,3480.1213092069506,3670.1213092069506,350.0,2742.404750948818,0.0,0,0,0,1
S5,continuous,E,328,137,3280.0,3599.8918432067753,3632.2151314074827,3632.2151314074827,3685.183547596459,319.8918432067753,319.8918432067753,0.0,319.8918432067753,3599.8918432067753,3629.8918432067753,3675.183547596459,3865.183547596459,300.0,1552.1126901952887,0.0,0,0,0,0
S5,continuous,E,329,106,3290.0,3470.183096972951,3574.8361651534065,3574.8361651534065,3586.687682139123,180.1830969729508,180.1830969729508,0.0,180.1830969729508,3470.183096972951,3500.183096972951,3576.687682139123,3766.687682139123,350.0,3216.999743634088,0.0,0,0,0,1
S5,continuous,E,330,88,3300.0,3500.183096972951,3615.997940975942,3615.997940975942,3647.0859969978314,200.1830969729508,200.1830969729508,0.0,200.1830969729508,3500.183096972951,3530.183096972951,3637.0859969978314,3827.0859969978314,350.0,4057.300826984014,0.0,0,0,0,1
S5,continuous,E,331,149,3310.0,3393.2634799856846,3457.870113308935,3457.870113308935,3485.5572763907003,83.26347998568463,83.26347998568463,0.0,83.26347998568463,3393.2634799856846,3423.2634799856846,3475.5572763907003,3665.5572763907003,350.0,2777.800840414237,0.0,0,0,0,1
S5,continuous,E,332,57,3320.0,4203.223733872622,4319.492986467321,4319.492986467321,4335.02126432083,883.2237338726218,883.2237338726218,0.0,883.2237338726218,4203.223733872622,4233.223733872622,4325.02126432083,4515.02126432083,350.0,3928.813724038187,0.0,0,0,0,1
S5,continuous,E,333,193,3330.0,3894.1693521428424,3924.8307771628424,3924.8307771628424,3975.224683114745,564.1693521428424,564.1693521428424,0.0,564.1693521428424,3894.1693521428424,3924.1693521428424,3965.224683114745,4155.224683114745,350.0,1443.6671239792258,0.0,0,0,0,1
S5,continuous,E,334,21,3340.0,3407.546099354428,3483.765084261011,3649.0318347226607,3686.0763298017623,67.54609935442795,67.54609935442795,165.26675046164974,232.8128498160777,3407.546099354428,3437.546099354428,3676.0763298017623,3866.0763298017623,400.0,1085.869285758944,0.0,0,0,0,1
S5,continuous,E,335,287,3350.0,3438.813831708864,3470.480818891981,3470.480818891981,3513.5191414035935,88.8138317088642,88.8138317088642,0.0,88.8138317088642,3438.813831708864,3468.813831708864,3503.5191414035935,3693.5191414035935,350.0,1081.3753679634633,0.0,0,0,0,1
S5,continuous,E,336,205,3360.0,3474.312667920193,3519.931644945358,3812.2151314074827,3875.183547596459,114.31266792019278,114.31266792019278,292.28348646212453,406.5961543823173,3474.312667920193,3504.312667920193,3865.183547596459,4055.183547596459,350.0,1828.4896321524611,0.0,0,0,0,1
S5,continuous,E,337,212,3370.0,3427.5010772073256,3544.0152374977692,3870.346691486946,3934.1693521428424,57.50107720732558,57.50107720732558,326.3314539891767,383.83253119650226,3427.5010772073256,3457.5010772073256,3924.1693521428424,4114.169352142842,600.0,4376.513913854956,0.0,0,0,0,1
S5,continuous,E,338,147,3380.0,3604.8297193466988,3669.915912861364,3669.915912861364,3713.2636607497566,224.82971934669877,224.82971934669877,0.0,224.82971934669877,3604.8297193466988,3634.8297193466988,3703.2636607497566,3893.2636607497566,350.0,2281.2444804567904,0.0,0,0,0,1
S5,continuous,E,339,194,3390.0,3441.217848883649,3543.246984707662,3872.080117758714,3928.013473364156,51.21784888364891,51.21784888364891,328.8331330510523,380.0509819347012,3441.217848883649,3471.217848883649,3918.013473364156,4108.013473364156,400.0,4917.757744655422,0.0,0,0,0,1
S5,continuous,E,340,83,3400.0,3530.183096972951,3614.9018474495974,3614.9018474495974,3641.7542499608535,130.1830969729508,130.1830969729508,0.0,130.1830969729508,3530.183096972951,3560.183096972951,3631.7542499608535,3821.7542499608535,350.0,1963.0496576745238,0.0,0,0,0,1
S5,continuous,E,341,237,3410.0,4233.223733872622,4304.725685715424,4304.725685715424,4321.578088226681,823.2237338726218,823.2237338726218,0.0,823.2237338726218,4233.223733872622,4263.223733872622,4311.578088226681,4501.578088226681,300.0,1567.614297200417,0.0,0,0,0,0
S5,continuous,E,342,257,3420.0,3922.1509468679246,4036.4338566198026,4036.4338566198026,4056.5940748166995,502.15094686792463,502.15094686792463,0.0,502.15094686792463,3922.1509468679246,3952.1509468679246,4046.5940748166995,4236.5940748166995,350.0,5484.856971086929,0.0,0,0,0,1
S5,continuous,E,343,215,3430.0,3447.6172741332807,3564.7358817965714,3849.915912861364,3903.2636607497566,17.617274133280716,17.617274133280716,285.18003106479273,302.79730519807345,3447.6172741332807,3477.6172741332807,3893.2636607497566,4083.2636607497566,400.0,3574.926918674465,0.0,0,0,0,1
S5,continuous,E,344,14,3440.0,3440.0,3493.0707488840676,3493.0707488840676,3506.205924687556,0.0,0.0,0.0,0.0,3440.0,3470.0,3496.205924687556,3686.205924687556,300.0,2303.2956832721115,0.7410490507036229,1,0,1,0
S5,continuous,E,345,252,3450.0,3450.0,3526.687340089996,3570.7615376702784,3590.7352597759414,0.0,0.0,44.074197580282544,44.074197580282544,3450.0,3480.0,3580.7352597759414,3770.7352597759414,300.0,4402.355441979582,0.0,0,0,0,0
S5,continuous,E,346,47,3460.0,3470.0,3550.0838265209272,3550.0838265209272,3584.5842261659523,10.0,10.0,0.0,10.0,3470.0,3500.0,3574.5842261659523,3764.5842261659523,350.0,3594.3269782704483,0.0,0,0,0,1
S5,continuous,E,347,107,3470.0,3471.217848883649,3531.76169971095,3531.76169971095,3550.4838743549226,1.2178488836489123,1.2178488836489123,0.0,1.2178488836489123,3471.217848883649,3501.217848883649,3540.4838743549226,3730.4838743549226,300.0,3199.3495067339554,0.0,0,0,0,0
S5,continuous,E,348,79,3480.0,3501.217848883649,3559.181868559679,3559.181868559679,3559.3474373508266,21.217848883648912,21.217848883648912,0.0,21.217848883648912,3501.217848883649,3531.217848883649,3559.181868559679,3749.181868559679,300.0,2934.5777340517657,0.0,0,0,0,0
S5,continuous,E,349,161,3490.0,3490.0,3572.048893275934,3795.997940975942,3837.0859969978314,0.0,0.0,223.94904770000812,223.94904770000812,3490.0,3520.0,3827.0859969978314,4017.0859969978314,400.0,1149.526584485034,0.0,0,0,0,1
S5,continuous,E,350,40,3500.0,3908.2380827986117,3994.501471763787,3994.501471763787,4057.8934703695168,408.2380827986117,408.2380827986117,0.0,408.2380827986117,3908.2380827986117,3938.2380827986117,4047.8934703695168,4237.893470369517,350.0,4824.639135231695,0.0,0,0,0,1
S5,continuous,E,351,189,3510.0,3510.0,3609.217688258646,3609.217688258646,3629.4060459365223,0.0,0.0,0.0,0.0,3510.0,3540.0,3619.4060459365223,3809.4060459365223,350.0,4944.253569254133,0.0,0,0,0,1
S5,continuous,E,352,159,3520.0,3520.0,3579.979205226266,3615.9558056904943,3666.349711642397,0.0,0.0,35.97660046422834,35.97660046422834,3520.0,3550.0,3656.349711642397,3846.349711642397,350.0,2594.685056649777,0.0,0,0,0,1
S5,continuous,E,353,99,3530.0,4263.223733872622,4347.357322639145,4347.357322639145,4353.0974499196645,733.2237338726218,733.2237338726218,0.0,733.2237338726218,4263.223733872622,4293.223733872622,4347.357322639145,4537.357322639145,300.0,2354.1620492947973,0.0,0,0,0,0
S5,continuous,E,354,150,3540.0,4114.169352142842,4186.577267719374,4226.433856619802,4246.5940748166995,574.1693521428424,574.1693521428424,39.856588900428505,614.0259410432709,4114.169352142842,4144.169352142842,4236.5940748166995,4426.5940748166995,350.0,4075.598055639642,0.0,0,0,0,1
S5,continuous,E,355,97,3550.0,3550.0,3654.594337342392,3992.2151314074827,4065.183547596459,0.0,0.0,337.62079406509065,337.62079406509065,3550.0,3580.0,4055.183547596459,4245.183547596459,400.0,3592.7673855171433,0.0,0,0,0,1
S5,continuous,E,356,145,3560.0,3749.181868559679,3812.9468438072213,4104.830777162842,4165.224683114745,189.18186855967906,189.18186855967906,291.88393335562114,481.0658019153002,3749.181868559679,3779.181868559679,4155.224683114745,4345.224683114745,400.0,3309.4244708082324,0.0,0,0,0,1
S5,continuous,E,357,229,3570.0,3570.0,3705.8148440029913,3975.997940975942,4027.0859969978314,0.0,0.0,270.1830969729508,270.1830969729508,3570.0,3600.0,4017.0859969978314,4207.085996997832,450.0,4257.300826984014,0.0,0,0,0,1
S5,continuous,E,358,264,3580.0,3665.5572763907003,3767.75139625357,3767.75139625357,3797.725118359233,85.55727639070028,85.55727639070028,0.0,85.55727639070028,3665.5572763907003,3695.5572763907003,3787.725118359233,3977.725118359233,350.0,5255.434878010753,0.0,0,0,0,1
S5,continuous,E,359,66,3590.0,3590.0,3689.934671229387,3689.934671229387,3703.6922674066363,0.0,0.0,0.0,0.0,3590.0,3620.0,3693.6922674066363,3883.6922674066363,350.0,5183.914641206067,0.0,0,0,0,1
S5,continuous,E,360,173,3600.0,3723.997939323474,3783.1648152197695,3783.1648152197695,3788.693093073278,123.99793932347393,123.99793932347393,0.0,123.99793932347393,3723.997939323474,3753.997939323474,3783.1648152197695,3973.1648152197695,300.0,1024.8142656118216,0.0,0,0,0,0
S5,continuous,E,361,35,3610.0,3977.725118359233,4046.7107749410407,4202.215131407483,4255.183547596459,367.72511835923297,367.72511835923297,155.504356466442,523.229474825675,3977.725118359233,4007.725118359233,4245.183547596459,4435.183547596459,300.0,3632.1729898828467,0.0,0,0,0,0
S5,continuous,E,362,254,3620.0,3661.6152369790557,3694.306243637386,3694.306243637386,3706.554271061279,41.61523697905568,41.61523697905568,0.0,41.61523697905568,3661.6152369790557,3691.6152369790557,3696.554271061279,3886.554271061279,300.0,1105.4481620701845,0.0,0,0,0,0
S5,continuous,E,363,160,3630.0,3695.5572763907003,3815.3492821802142,4406.433856619802,4436.5940748166995,65.55727639070028,65.55727639070028,591.0845744395883,656.6418508302886,3695.5572763907003,3725.5572763907003,4426.5940748166995,4616.5940748166995,400.0,5812.893086909881,0.0,0,0,0,1
S5,continuous,E,364,235,3640.0,3730.4838743549226,3814.848705902076,3814.848705902076,3838.918142725807,90.48387435492259,90.48387435492259,0.0,90.48387435492259,3730.4838743549226,3760.4838743549226,3828.918142725807,4018.918142725807,350.0,3973.468517550552,0.0,0,0,0,1
S5,continuous,E,365,188,3650.0,3670.1213092069506,3768.024156100856,4586.433856619802,4626.5940748166995,20.121309206950627,20.121309206950627,818.4097005189465,838.5310097258971,3670.1213092069506,3700.1213092069506,4616.5940748166995,4806.5940748166995,450.0,4523.683034946189,0.0,0,0,0,1
S5,continuous,E,366,55,3660.0,4435.183547596459,4527.215596483704,4527.215596483704,4543.134897060244,775.183547596459,775.183547596459,0.0,775.183547596459,4435.183547596459,4465.183547596459,4533.134897060244,4723.134897060244,300.0,2948.680763712148,0.0,0,0,0,0
S5,continuous,E,367,8,3670.0,4007.725118359233,4095.620993697713,4095.620993697713,4119.690430521444,337.72511835923297,337.72511835923297,0.0,337.72511835923297,4007.725118359233,4037.725118359233,4109.690430521444,4299.690430521444,350.0,4131.69267683477,0.0,0,0,0,1
S5,continuous,E,368,130,3680.0,3766.687682139123,3854.042630380909,4029.915912861364,4093.2636607497566,86.6876821391229,86.6876821391229,175.87328248045515,262.56096461957804,3766.687682139123,3796.687682139123,4083.2636607497566,4273.263660749757,450.0,4176.225074775187,0.0,0,0,0,1
S5,continuous,E,369,207,3690.0,3758.364005880688,3843.3469391554963,4392.215131407483,4475.183547596459,68.36400588068818,68.36400588068818,548.8681922519863,617.2321981326745,3758.364005880688,3788.364005880688,4465.183547596459,4655.183547596459,450.0,3248.680763712148,0.0,0,0,0,1
S5,continuous,E,370,240,3700.0,4037.725118359233,4114.830122303252,4114.830122303252,4133.552296947225,337.72511835923297,337.72511835923297,0.0,337.72511835923297,4037.725118359233,4067.725118359233,4123.552296947225,4313.552296947225,300.0,4002.2316063052417,0.2636834569311759,1,0,1,0
S5,continuous,E,371,287,3710.0,3710.0,3806.919613072446,3806.919613072446,3829.125407741454,0.0,0.0,0.0,0.0,3710.0,3740.0,3819.125407741454,4009.125407741454,300.0,4060.6393265875695,0.0,0,0,0,0
S5,continuous,E,372,71,3720.0,3938.2380827986117,4046.705038574258,4046.705038574258,4086.678760679921,218.23808279861169,218.23808279861169,0.0,218.23808279861169,3938.2380827986117,3968.2380827986117,4076.678760679921,4266.678760679921,400.0,5571.118873429425,0.0,0,0,0,1
S5,continuous,E,373,91,3730.0,3730.0,3794.4092854313594,3799.217688258646,3819.4060459365223,0.0,0.0,4.8084028272865,4.8084028272865,3730.0,3760.0,3809.4060459365223,3999.4060459365223,350.0,2867.276566676539,0.0,0,0,0,1
S5,continuous,E,374,259,3740.0,3740.0,3807.281577923308,3967.636537366261,3983.1648152197695,0.0,0.0,160.35495944295326,160.35495944295326,3740.0,3770.0,3973.1648152197695,4163.1648152197695,350.0,3015.8951625154073,0.0,0,0,0,1
S5,continuous,E,375,134,3750.0,3779.181868559679,3815.5416408953047,3991.3934872716327,3993.245004257349,29.18186855967906,29.18186855967906,175.851846376328,205.03371493600707,3779.181868559679,3809.181868559679,3991.3934872716327,4181.393487271633,300.0,2423.0323318495134,0.0,0,0,0,0
S5,continuous,E,376,201,3760.0,4266.678760679921,4351.954505475252,4351.954505475252,4364.202532899144,506.67876067992074,506.67876067992074,0.0,506.67876067992074,4266.678760679921,4296.678760679921,4354.202532899144,4544.202532899144,300.0,4514.576926958946,0.0,0,0,0,0
S5,continuous,E,377,106,3770.0,4207.085996997832,4274.152138476895,4484.725685715424,4511.578088226681,437.0859969978319,437.0859969978319,210.5735472385295,647.6595442363614,4207.085996997832,4237.085996997832,4501.578088226681,4691.578088226681,350.0,2688.241323143955,0.0,0,0,0,1
S5,continuous,E,378,176,3780.0,3968.2380827986117,4059.95301601494,4059.95301601494,4096.83799698731,188.23808279861169,188.23808279861169,0.0,188.23808279861169,3968.2380827986117,3998.2380827986117,4086.837996987311,4276.837996987311,350.0,5055.540330475102,0.0,0,0,0,1
S5,continuous,E,379,297,3790.0,4144.169352142842,4246.577267719374,4766.433856619802,4816.5940748166995,354.1693521428424,354.1693521428424,519.8565889004285,874.0259410432709,4144.169352142842,4174.169352142842,4806.5940748166995,4996.5940748166995,500.0,4375.598055639643,0.0,0,0,0,1
S5,continuous,E,380,2,3800.0,3800.0,3880.359683741663,4284.830777162842,4355.224683114745,0.0,0.0,404.4710934211794,404.4710934211794,3800.0,3830.0,4345.224683114745,4535.224683114745,450.0,3049.2792713219255,0.0,0,0,0,1
S5,continuous,E,381,220,3810.0,4110.0,4234.5134902112895,4234.5134902112895,4347.758536236306,300.0,0.0,0.0,0.0,4110.0,4140.0,4337.758536236306,4527.758536236306,600.0,4178.991129989583,0.0,0,0,0,1
S5,continuous,E,382,271,3820.0,4655.183547596459,4732.357989268051,4732.357989268051,4765.396311779663,835.183547596459,835.183547596459,0.0,835.183547596459,4655.183547596459,4685.183547596459,4755.396311779663,4945.396311779663,300.0,2043.7687256773277,0.0,0,0,0,0
S5,continuous,E,383,249,3830.0,3830.0,3914.4607272305134,3989.217688258646,4009.4060459365223,0.0,0.0,74.75696102813254,74.75696102813254,3830.0,3860.0,3999.4060459365223,4189.406045936523,350.0,4024.2818803814107,0.0,0,0,0,1
S5,continuous,E,384,53,3840.0,3840.0,3953.30851074925,4464.830777162842,4545.224683114745,0.0,0.0,511.5222664135922,511.5222664135922,3840.0,3870.0,4535.224683114745,4725.224683114745,500.0,3978.3456015996503,0.0,0,0,0,1
S5,continuous,E,385,296,3850.0,3850.0,3908.453997555042,4499.492986467321,4525.02126432083,0.0,0.0,591.0389889122794,591.0389889122794,3850.0,3880.0,4515.02126432083,4705.02126432083,400.0,1981.2387183885376,0.0,0,0,0,1
S5,continuous,E,386,126,3860.0,3860.0,3960.8417887346736,3960.8417887346736,3987.081866086394,0.0,0.0,0.0,0.0,3860.0,3890.0,3977.081866086394,4167.081866086393,300.0,3561.4797217168248,0.0,0,0,0,0
S5,continuous,E,387,64,3870.0,3912.8543846353746,4020.9463469713273,4275.620993697713,4309.690430521444,42.85438463537457,42.85438463537457,254.67464672638562,297.5290313617602,3912.8543846353746,3942.8543846353746,4299.690430521444,4489.690430521444,400.0,4009.984865330447,0.0,0,0,0,1
S5,continuous,E,388,210,3880.0,4018.918142725807,4062.939423999763,4062.939423999763,4076.0745998032517,138.91814272580677,138.91814272580677,0.0,138.91814272580677,4018.918142725807,4048.918142725807,4066.0745998032517,4256.074599803252,300.0,2132.812693151126,0.0,0,0,0,0
S5,continuous,E,389,182,3890.0,3890.0,3968.4901652065423,3968.4901652065423,4011.528487718155,0.0,0.0,0.0,0.0,3890.0,3920.0,4001.528487718155,4191.528487718155,350.0,3843.0691787727806,0.0,0,0,0,1
S5,continuous,E,390,179,3900.0,4293.223733872622,4385.305850916835,4385.305850916835,4431.2392065222775,393.2237338726218,393.2237338726218,0.0,393.2237338726218,4293.223733872622,4323.223733872622,4421.2392065222775,4611.2392065222775,350.0,2468.363409432092,0.0,0,0,0,1
S5,continuous,E,391,209,3910.0,3920.0,4040.7016138773865,4160.346691486946,4184.169352142842,10.0,10.0,119.6450776095594,129.6450776095594,3920.0,3950.0,4174.169352142842,4364.169352142842,400.0,5944.4207808838355,0.0,0,0,0,1
S5,continuous,E,392,139,3920.0,3920.0,4021.94884883614,4021.94884883614,4048.801251347396,0.0,0.0,0.0,0.0,3920.0,3950.0,4038.801251347396,4228.801251347396,350.0,3021.6786876122565,0.0,0,0,0,1
S5,continuous,E,393,232,3930.0,4725.224683114745,4841.637210994924,4841.637210994924,4899.431030185337,795.224683114745,735.224683114745,0.0,735.224683114745,4725.224683114745,4755.224683114745,4889.431030185337,5079.431030185337,350.0,4942.180087596696,0.0,0,0,0,1
S5,continuous,E,394,141,3940.0,3940.0,3975.3078348333097,3975.3078348333097,4023.101654023722,0.0,0.0,0.0,0.0,3940.0,3970.0,4013.101654023722,4203.1016540237215,300.0,1438.2906484610482,0.0,0,0,0,0
S5,continuous,E,395,1,3950.0,4181.393487271633,4248.748435513418,4248.748435513418,4292.096183401811,231.3934872716327,231.3934872716327,0.0,231.3934872716327,4181.393487271633,4211.393487271633,4282.096183401811,4472.096183401811,350.0,3976.225074775187,0.0,0,0,0,1
S5,continuous,E,396,65,3960.0,4237.085996997832,4337.131369384611,4438.748435513418,4482.096183401811,277.0859969978319,277.0859969978319,101.61706612880698,378.7030631266389,4237.085996997832,4267.085996997832,4472.096183401811,4662.096183401811,350.0,4969.333443877414,0.0,0,0,0,1
S5,continuous,E,397,243,3970.0,3970.0,4017.572955744138,4017.572955744138,4079.5047782304873,0.0,0.0,0.0,0.0,3970.0,4000.0,4069.5047782304873,4259.504778230487,350.0,2054.5203208258363,0.0,0,0,0,1
S5,continuous,E,398,293,3980.0,3980.0,4041.128556889543,4041.128556889543,4059.0815191050197,0.0,0.0,0.0,0.0,3980.0,4010.0,4049.0815191050197,4239.08151910502,350.0,2037.4772922703637,0.0,0,0,0,1
S5,continuous,E,399,263,3990.0,3990.0,4087.0741404150217,4179.217688258646,4199.406045936523,0.0,0.0,92.14354784362513,92.14354784362513,3990.0,4020.0,4189.406045936523,4379.406045936523,350.0,4904.807286179556,0.0,0,0,0,1
S5,continuous,E,400,224,4000.0,4000.0,4072.4204149420766,4072.4204149420766,4101.167186567067,0.0,0.0,0.0,0.0,4000.0,4030.0,4091.167186567067,4281.167186567067,350.0,4123.376423332997,0.0,0,0,0,1
S5,continuous,E,401,214,4010.0,4755.224683114745,4825.798097125455,4825.798097125455,4854.206622837963,745.224683114745,745.224683114745,0.0,745.224683114745,4755.224683114745,4785.224683114745,4844.206622837963,5034.206622837963,350.0,1739.3126955758792,0.0,0,0,0,1
S5,continuous,E,402,87,4020.0,4364.169352142842,4476.781163955151,4476.781163955151,4506.754886060814,344.1693521428424,344.1693521428424,0.0,344.1693521428424,4364.169352142842,4394.169352142842,4496.754886060814,4686.754886060814,350.0,6804.925324235258,0.0,0,0,0,1
S5,continuous,E,403,292,4030.0,4030.0,4131.456072349679,4158.490165206543,4201.528487718155,0.0,0.0,27.034092856863936,27.034092856863936,4030.0,4060.0,4191.528487718155,4381.528487718155,350.0,4229.103294684939,0.0,0,0,0,1
S5,continuous,E,404,212,4040.0,4040.0,4125.8652009319585,4360.346691486946,4404.169352142842,0.0,0.0,234.48149055498743,234.48149055498743,4040.0,4070.0,4394.169352142842,4584.169352142842,500.0,2721.4983409366514,0.0,0,0,0,1
S5,continuous,E,405,88,4050.0,4070.0,4143.363422038203,4143.363422038203,4170.407917117304,20.0,20.0,0.0,20.0,4070.0,4100.0,4160.407917117304,4350.407917117304,350.0,3654.1555868022747,0.0,0,0,0,1
S5,continuous,E,406,127,4060.0,4996.5940748166995,5046.56881046511,5046.56881046511,5054.521772680587,936.5940748166995,936.5940748166995,0.0,936.5940748166995,4996.5940748166995,5026.5940748166995,5046.56881046511,5236.56881046511,300.0,2744.86706549606,0.5492482990425742,1,0,2,0
S5,continuous,E,407,281,4070.0,4108.013473364156,4197.2246078417775,4249.953016014941,4286.837996987311,38.0134733641562,38.0134733641562,52.72840817316319,90.74188153731939,4108.013473364156,4138.013473364156,4276.837996987311,4466.837996987311,350.0,3299.2769410343053,0.0,0,0,0,1
S5,continuous,E,408,123,4080.0,4149.956667298938,4223.122049745794,4664.725685715424,4701.578088226681,69.95666729893765,69.95666729893765,441.60363596963,511.5603032685676,4149.956667298938,4179.956667298938,4691.578088226681,4881.578088226681,400.0,2898.1027540407495,0.0,0,0,0,1
S5,continuous,E,409,191,4090.0,4090.0,4243.701498877527,4540.346691486946,4594.169352142842,0.0,0.0,296.6451926094187,296.6451926094187,4090.0,4120.0,4584.169352142842,4774.169352142842,550.0,5299.386753929533,0.0,0,0,0,1
S5,continuous,E,410,49,4100.0,4489.690430521444,4554.150941936874,4554.150941936874,4590.391019288594,389.6904305214439,389.6904305214439,0.0,389.6904305214439,4489.690430521444,4519.690430521444,4580.391019288594,4770.391019288594,350.0,2994.28587699056,0.0,0,0,0,1
S5,continuous,E,411,224,4110.0,4110.0,4160.077092083401,4160.077092083401,4196.317169435121,0.0,0.0,0.0,0.0,4110.0,4140.0,4186.317169435121,4376.317169435121,350.0,1812.2981356098044,0.0,0,0,0,1
S5,continuous,E,412,169,4120.0,4881.578088226681,4950.812873110952,4950.812873110952,4970.786595216615,761.5780882266808,581.5780882266808,0.0,581.5780882266808,4881.578088226681,4911.578088226681,4960.786595216615,5150.786595216615,300.0,3676.289447952224,0.0,0,0,0,0
S5,continuous,E,413,259,4130.0,4239.08151910502,4325.05280702868,4679.492986467321,4715.02126432083,109.08151910501965,109.08151910501965,354.4401794386413,463.52169854366093,4239.08151910502,4269.08151910502,4705.02126432083,4895.02126432083,450.0,3568.6279142238027,0.0,0,0,0,1
S5,continuous,E,414,26,4140.0,4140.0,4242.649769532403,4242.649769532403,4254.50128651812,0.0,0.0,0.0,0.0,4140.0,4170.0,4244.50128651812,4434.50128651812,350.0,4070.018624753173,0.0,0,0,0,1
S5,continuous,E,415,170,4150.0,4150.0,4229.622247105954,4229.622247105954,4254.394424140604,0.0,0.0,0.0,0.0,4150.0,4180.0,4244.394424140604,4434.394424140604,350.0,2303.6468406496224,0.0,0,0,0,1
S5,continuous,E,416,204,4160.0,4211.393487271633,4237.5834712204805,4237.5834712204805,4255.270634302246,51.393487271632694,51.393487271632694,0.0,51.393487271632694,4211.393487271633,4241.393487271633,4245.270634302246,4435.270634302246,300.0,1720.2578645461772,0.505142610560597,1,0,1,0
S5,continuous,E,417,114,4170.0,4895.02126432083,4963.573748744022,4963.573748744022,5026.8187947690385,725.0212643208297,545.0212643208297,0.0,545.0212643208297,4895.02126432083,4925.02126432083,5016.8187947690385,5206.8187947690385,350.0,3928.813724038187,0.0,0,0,0,1
S5,continuous,E,418,52,4180.0,4296.678760679921,4395.150909002416,4419.622247105954,4444.394424140604,116.67876067992074,116.67876067992074,24.471338103538073,141.15009878345882,4296.678760679921,4326.678760679921,4434.394424140604,4624.394424140604,350.0,4840.291243490345,0.0,0,0,0,1
S5,continuous,E,419,187,4190.0,4190.0,4284.5134902112895,4454.5134902112895,4537.758536236306,0.0,0.0,170.0,170.0,4190.0,4220.0,4527.758536236306,4717.758536236306,450.0,3878.9911299895825,0.0,0,0,0,1
S5,continuous,E,420,234,4200.0,4500.0,4610.775845462095,4610.775845462095,4713.744261651072,300.0,0.0,0.0,0.0,4500.0,4530.0,4703.744261651072,4893.744261651072,550.0,3516.1349904013955,0.0,0,0,0,1
S5,continuous,E,421,62,4210.0,4259.504778230487,4317.783687216987,4317.783687216987,4342.284086862012,49.50477823048732,49.50477823048732,0.0,49.50477823048732,4259.504778230487,4289.504778230487,4332.284086862012,4522.284086862012,300.0,805.300210666931,0.0,0,0,0,0
S5,continuous,E,422,161,4220.0,4220.0,4269.196569932914,4269.196569932914,4285.2203555689375,0.0,0.0,0.0,0.0,4220.0,4250.0,4275.2203555689375,4465.2203555689375,300.0,3018.9797894080048,0.0,0,0,0,0
S5,continuous,E,423,178,4230.0,4519.690430521444,4577.765845062953,4577.765845062953,4614.650826035324,289.6904305214439,289.6904305214439,0.0,289.6904305214439,4519.690430521444,4549.690430521444,4604.650826035324,4794.650826035324,350.0,2571.8372701657263,0.0,0,0,0,1
S5,continuous,E,424,41,4240.0,4240.0,4365.065442522851,4515.620993697713,4559.690430521444,0.0,0.0,150.55555117486165,150.55555117486165,4240.0,4270.0,4549.690430521444,4739.690430521444,450.0,3760.7578355666656,0.0,0,0,0,1
S5,continuous,E,425,44,4250.0,4310.0,4388.677592192371,4449.196569932914,4475.2203555689375,60.0,0.0,60.51897774054305,60.51897774054305,4310.0,4340.0,4465.2203555689375,4655.2203555689375,350.0,4526.906643407816,0.0,0,0,0,1
S5,continuous,E,426,71,4260.0,4260.0,4306.238721378667,4306.238721378667,4334.96089602264,0.0,0.0,0.0,0.0,4260.0,4290.0,4324.96089602264,4514.96089602264,350.0,2599.3155563436044,0.0,0,0,0,1
S5,continuous,E,427,131,4270.0,4270.0,4341.9642215528165,4341.9642215528165,4370.710993177807,0.0,0.0,0.0,0.0,4270.0,4300.0,4360.710993177807,4550.710993177807,350.0,2955.3246237238477,0.0,0,0,0,1
S5,continuous,E,428,148,4280.0,4289.504778230487,4404.872797526936,4404.872797526936,4468.264796132666,9.504778230487318,9.504778230487318,0.0,9.504778230487318,4289.504778230487,4319.504778230487,4458.264796132666,4648.264796132666,350.0,4189.032226133668,0.0,0,0,0,1
S5,continuous,E,429,11,4290.0,4319.504778230487,4403.063231460949,4531.9642215528165,4560.710993177807,29.504778230487318,29.504778230487318,128.90099009186724,158.40576832235456,4319.504778230487,4349.504778230487,4550.710993177807,4740.710993177807,350.0,1895.1683534975334,0.0,0,0,0,1
S5,continuous,E,430,37,4300.0,4300.0,4354.277456276708,4354.277456276708,4397.31577878832,0.0,0.0,0.0,0.0,4300.0,4330.0,4387.31577878832,4577.31577878832,350.0,2407.0195231235016,0.0,0,0,0,1
S5,continuous,E,431,94,4310.0,4624.394424140604,4667.939734254802,4735.620993697713,4749.690430521444,314.3944241406043,314.3944241406043,67.68125944291114,382.07568358351546,4624.394424140604,4654.394424140604,4739.690430521444,4929.690430521444,300.0,2062.416941261691,0.08846947985966835,1,0,1,0
S5,continuous,E,432,243,4320.0,4320.0,4389.761102537957,4810.775845462095,4903.744261651072,0.0,0.0,421.01474292413786,421.01474292413786,4320.0,4350.0,4893.744261651072,5083.744261651072,500.0,2158.4829135209666,0.0,0,0,0,1
S5,continuous,E,433,66,4330.0,4330.0,4381.413125919469,4584.872797526936,4658.264796132666,0.0,0.0,203.4596716074666,203.4596716074666,4330.0,4360.0,4648.264796132666,4838.264796132666,400.0,1630.6502993539655,0.0,0,0,0,1
S5,continuous,E,434,225,4340.0,4340.0,4461.5522413908475,4461.5522413908475,4493.758036059856,0.0,0.0,0.0,0.0,4340.0,4370.0,4483.758036059856,4673.758036059856,350.0,4355.338485381506,0.0,0,0,0,1
S5,continuous,E,435,140,4350.0,4350.407917117304,4413.496799815367,4413.496799815367,4436.631975618855,0.40791711730435054,0.40791711730435054,0.0,0.40791711730435054,4350.407917117304,4380.407917117304,4426.631975618855,4616.631975618855,350.0,2653.857529010344,0.0,0,0,0,1
S5,continuous,E,436,157,4360.0,4379.406045936523,4439.231512011108,4639.622247105954,4664.394424140604,19.406045936522787,19.406045936522787,200.3907350948457,219.79678103136848,4379.406045936523,4409.406045936523,4654.394424140604,4844.394424140604,350.0,2867.276566676539,0.0,0,0,0,1
S5,continuous,E,437,116,4370.0,4370.0,4443.353338136312,4443.353338136312,4445.204855122029,0.0,0.0,0.0,0.0,4370.0,4400.0,4443.353338136312,4633.353338136312,300.0,3530.1227894272424,0.0,0,0,0,0
S5,continuous,E,438,21,4380.0,4409.406045936523,4469.5286720458635,4469.5286720458635,4521.460494532213,29.406045936522787,29.406045936522787,0.0,29.406045936522787,4409.406045936523,4439.406045936523,4511.460494532213,4701.460494532213,300.0,3639.552129585409,0.0,0,0,0,0
S5,continuous,E,439,270,4390.0,4390.0,4465.265090220901,4631.501821150596,4643.353338136312,0.0,0.0,166.2367309296951,166.2367309296951,4390.0,4420.0,4633.353338136312,4823.353338136312,350.0,4228.5451687249115,0.0,0,0,0,1
S5,continuous,E,440,295,4400.0,4537.357322639145,4564.583303574388,4721.9642215528165,4750.710993177807,137.35732263914542,137.35732263914542,157.38091797842844,294.73824061757387,4537.357322639145,4567.357322639145,4740.710993177807,4930.710993177807,350.0,988.1580715091203,0.0,0,0,0,1
S5,continuous,E,441,277,4410.0,4616.631975618855,4687.148396417199,4687.148396417199,4719.354191086208,206.631975618855,206.631975618855,0.0,206.631975618855,4616.631975618855,4646.631975618855,4709.354191086208,4899.354191086208,350.0,3435.4545186862215,0.0,0,0,0,1
S5,continuous,E,442,293,4420.0,4929.690430521444,5007.260049013262,5007.260049013262,5051.851829681128,509.6904305214439,509.6904305214439,0.0,509.6904305214439,4929.690430521444,4959.690430521444,5041.851829681128,5231.851829681128,350.0,3909.984865330447,0.0,0,0,0,1
S5,continuous,E,443,284,4430.0,4717.758536236306,4789.972915507134,4887.148396417199,4909.354191086208,287.7585362363061,287.7585362363061,97.17548091006574,384.93401714637184,4717.758536236306,4747.758536236306,4899.354191086208,5089.354191086208,300.0,1641.8764198575177,0.0,0,0,0,0
S5,continuous,E,444,15,4440.0,4440.0,4545.056110489655,4545.056110489655,4586.144166511544,0.0,0.0,0.0,0.0,4440.0,4470.0,4576.144166511544,4766.144166511544,400.0,4924.770449541854,0.0,0,0,0,1
S5,continuous,E,445,97,4450.0,4823.353338136312,4886.785289829283,4886.785289829283,4902.843381608513,373.35333813631223,373.35333813631223,0.0,373.35333813631223,4823.353338136312,4853.353338136312,4892.843381608513,5082.843381608513,350.0,3578.243690975045,0.0,0,0,0,1
S5,continuous,E,446,61,4460.0,4838.264796132666,4940.213644968805,4940.213644968805,4967.066047480062,378.26479613266565,378.26479613266565,0.0,378.26479613266565,4838.264796132666,4868.264796132666,4957.066047480062,5147.066047480062,350.0,3021.6786876122565,0.0,0,0,0,1
S5,continuous,E,447,78,4470.0,4470.0,4555.332174909254,4555.332174909254,4570.421657422324,0.0,0.0,0.0,0.0,4470.0,4500.0,4560.421657422324,4750.421657422324,300.0,4782.568870962292,0.2337948190206589,1,0,1,0
S5,continuous,E,448,278,4480.0,4868.264796132666,4944.3279318012865,4944.3279318012865,4984.721837753189,388.26479613266565,388.26479613266565,0.0,388.26479613266565,4868.264796132666,4898.264796132666,4974.721837753189,5164.721837753189,300.0,1980.3386603142158,0.0,0,0,0,0
S5,continuous,E,449,197,4490.0,4785.224683114745,4860.108324380136,4921.9642215528165,4940.710993177807,295.22468311474495,295.22468311474495,61.85589717268067,357.0805802874256,4785.224683114745,4815.224683114745,4930.710993177807,5120.710993177807,300.0,2595.0190754503706,0.0,0,0,0,0
S5,continuous,E,450,131,4500.0,4522.284086862012,4602.282952279789,4707.215596483704,4733.134897060244,22.284086862012373,22.284086862012373,104.9326442039146,127.21673106592698,4522.284086862012,4552.284086862012,4723.134897060244,4913.134897060244,350.0,3335.3295526246425,0.0,0,0,0,1
S5,continuous,E,451,253,4510.0,4655.2203555689375,4724.056349992575,4744.150941936874,4780.391019288594,145.22035556893752,145.22035556893752,20.09459194429928,165.3149475132368,4655.2203555689375,4685.2203555689375,4770.391019288594,4960.391019288594,350.0,3165.4665674462954,0.0,0,0,0,1
S5,continuous,E,452,280,4520.0,4520.0,4584.795327231493,4584.795327231493,4594.96089602264,0.0,0.0,0.0,0.0,4520.0,4550.0,4584.96089602264,4774.96089602264,350.0,2599.3155563436044,0.0,0,0,0,1
S5,continuous,E,453,44,4530.0,4530.0,4590.082482685961,4770.346691486946,4784.169352142842,0.0,0.0,180.26420880098522,180.26420880098522,4530.0,4560.0,4774.169352142842,4964.169352142842,350.0,946.2482974229563,0.0,0,0,0,1
S5,continuous,E,454,87,4540.0,4794.650826035324,4880.967952082748,5124.3279318012865,5174.721837753189,254.65082603532392,194.65082603532392,243.35997971853885,438.01080575386277,4794.650826035324,4824.650826035324,5164.721837753189,5354.721837753189,350.0,3731.870772958221,0.0,0,0,0,1
S5,continuous,E,455,244,4550.0,4550.0,4617.827812551892,4617.827812551892,4662.419593219758,0.0,0.0,0.0,0.0,4550.0,4580.0,4652.419593219758,4842.419593219758,350.0,3372.8513823254134,0.0,0,0,0,1
S5,continuous,E,456,51,4560.0,4560.0,4666.362690693305,4990.775845462095,5093.744261651072,0.0,0.0,324.41315476879026,324.41315476879026,4560.0,4590.0,5083.744261651072,5273.744261651072,550.0,3367.820690786876,0.0,0,0,0,1
S5,continuous,E,457,115,4570.0,4662.096183401811,4761.292591468184,4761.292591468184,4783.540618892076,92.09618340181078,92.09618340181078,0.0,92.09618340181078,4662.096183401811,4692.096183401811,4773.540618892076,4963.540618892076,350.0,4051.222888426806,0.0,0,0,0,1
S5,continuous,E,458,263,4580.0,4774.96089602264,4838.725871270181,5304.3279318012865,5364.721837753189,194.96089602263964,194.96089602263964,465.60206053110505,660.5629565537447,4774.96089602264,4804.96089602264,5354.721837753189,5544.721837753189,400.0,3309.4244708082324,0.0,0,0,0,1
S5,continuous,E,459,238,4590.0,4960.391019288594,5048.764101084168,5048.764101084168,5052.5867617400645,370.3910192885942,370.3910192885942,0.0,370.3910192885942,4960.391019288594,4990.391019288594,5048.764101084168,5238.764101084168,300.0,4292.513986295008,0.17961182799172093,1,0,1,0
S5,continuous,E,460,257,4600.0,4600.0,4638.3741138543965,4829.622247105954,4854.394424140604,0.0,0.0,191.2481332515572,191.2481332515572,4600.0,4630.0,4844.394424140604,5034.394424140604,350.0,1310.1734509929715,0.0,0,0,0,1
S5,continuous,E,461,102,4610.0,4747.758536236306,4828.693989643305,4828.693989643305,4828.859558434452,137.7585362363061,137.7585362363061,0.0,137.7585362363061,4747.758536236306,4777.758536236306,4828.693989643305,5018.693989643305,300.0,2113.080232879669,0.0,0,0,0,0
S5,continuous,E,462,14,4620.0,4630.0,4685.729918390809,4685.729918390809,4747.661740877158,10.0,10.0,0.0,10.0,4630.0,4660.0,4737.661740877158,4927.661740877158,350.0,2653.025314012311,0.0,0,0,0,1
S5,continuous,E,463,82,4630.0,4630.0,4675.786165549154,4675.786165549154,4703.47332863092,0.0,0.0,0.0,0.0,4630.0,4660.0,4693.47332863092,4883.47332863092,350.0,2220.20566972044,0.0,0,0,0,1
S5,continuous,E,464,242,4640.0,4660.0,4727.034220727933,5066.785289829283,5092.843381608513,20.0,20.0,339.75106910135037,359.75106910135037,4660.0,4690.0,5082.843381608513,5272.843381608513,400.0,2610.6101496183137,0.0,0,0,0,1
S5,continuous,E,465,65,4650.0,5018.693989643305,5075.208149933748,5238.764101084168,5242.5867617400645,368.69398964330503,368.69398964330503,163.5559511504198,532.2499407937248,5018.693989643305,5048.693989643305,5238.764101084168,5428.764101084168,300.0,3776.5139138549557,0.0,0,0,0,0
S5,continuous,E,466,8,4660.0,4660.0,4700.41627106336,4700.41627106336,4743.764018951752,0.0,0.0,0.0,0.0,4660.0,4690.0,4733.764018951752,4923.764018951752,350.0,1243.4129471213437,0.0,0,0,0,1
S5,continuous,E,467,38,4670.0,5048.693989643305,5115.208149933748,5424.941440428272,5438.764101084168,378.69398964330503,378.69398964330503,309.7332904945233,688.4272801378283,5048.693989643305,5078.693989643305,5428.764101084168,5618.764101084168,350.0,3876.5139138549557,0.0,0,0,0,1
S5,continuous,E,468,89,4680.0,4990.391019288594,5098.761406906749,5604.941440428272,5628.764101084168,310.3910192885942,310.3910192885942,506.180033521523,816.5710528101172,4990.391019288594,5020.391019288594,5618.764101084168,5808.764101084168,400.0,4492.334374467017,0.0,0,0,0,1
S5,continuous,E,469,141,4690.0,5026.5940748166995,5131.384697911269,5131.384697911269,5146.912975764777,336.5940748166995,336.5940748166995,0.0,336.5940748166995,5026.5940748166995,5056.5940748166995,5136.912975764777,5326.912975764777,350.0,5820.469473430165,0.0,0,0,0,1
S5,continuous,E,470,74,4700.0,4700.0,4780.082482685961,5784.941440428272,5818.764101084168,0.0,0.0,1004.8589577423108,1004.8589577423108,4700.0,4730.0,5808.764101084168,5998.764101084168,450.0,1146.2482974229563,0.0,0,0,0,1
S5,continuous,E,471,57,4710.0,4750.421657422324,4842.450793246337,4842.450793246337,4888.384148851779,40.42165742232373,40.42165742232373,0.0,40.42165742232373,4750.421657422324,4780.421657422324,4878.384148851779,5068.384148851779,350.0,4817.757744655422,0.0,0,0,0,1
S5,continuous,E,472,75,4720.0,4927.661740877158,5012.380491353804,5130.213644968805,5157.066047480062,207.66174087715808,207.66174087715808,117.83315361500081,325.4948944921589,4927.661740877158,4957.661740877158,5147.066047480062,5337.066047480062,350.0,1963.0496576745238,0.0,0,0,0,1
S5,continuous,E,473,107,4730.0,4730.0,4825.194489157695,5170.775845462095,5283.744261651072,0.0,0.0,345.5813563044003,345.5813563044003,4730.0,4760.0,5273.744261651072,5463.744261651072,600.0,1700.283380014671,0.0,0,0,0,1
S5,continuous,E,474,47,4740.0,4740.0,4829.776444474684,4829.776444474684,4839.96480215256,0.0,0.0,0.0,0.0,4740.0,4770.0,4829.96480215256,5019.96480215256,300.0,4804.32522351907,0.0,0,0,0,0
S5,continuous,E,475,30,4750.0,4870.0,4964.032885517849,4964.032885517849,5050.272962869569,120.0,0.0,0.0,0.0,4870.0,4900.0,5040.272962869569,5230.272962869569,600.0,1845.5253182368442,0.0,0,0,0,1
S5,continuous,E,476,140,4760.0,4959.690430521444,5056.259701454626,5964.941440428272,6008.764101084168,199.6904305214439,199.6904305214439,908.6817389736452,1108.372169495089,4959.690430521444,4989.690430521444,5998.764101084168,6188.764101084168,500.0,3322.782761361561,0.0,0,0,0,1
S5,continuous,E,477,123,4770.0,4770.0,4839.587208550136,5246.785289829283,5282.843381608513,0.0,0.0,407.1980812791471,407.1980812791471,4770.0,4800.0,5272.843381608513,5462.843381608513,450.0,1834.2452766338997,0.0,0,0,0,1
S5,continuous,E,478,208,4780.0,4923.764018951752,5033.671462031938,5033.671462031938,5076.70978454355,143.7640189517524,143.7640189517524,0.0,143.7640189517524,4923.764018951752,4953.764018951752,5066.70978454355,5256.70978454355,350.0,4869.24336478626,0.0,0,0,0,1
S5,continuous,E,479,1,4790.0,4963.540618892076,5002.396888428949,5002.396888428949,5055.788887034679,173.54061889207605,173.54061889207605,0.0,173.54061889207605,4963.540618892076,4993.540618892076,5045.788887034679,5235.788887034679,300.0,2102.0829376801494,0.0,0,0,0,0
S5,continuous,E,480,136,4800.0,4842.419593219758,4978.409427317501,5046.433856619802,5066.5940748166995,42.4195932197581,42.4195932197581,68.02442930230154,110.44402252205964,4842.419593219758,4872.419593219758,5056.5940748166995,5246.5940748166995,350.0,6416.963556315588,0.0,0,0,0,1
S5,continuous,E,481,117,4810.0,4810.0,4920.676142960091,6144.941440428272,6198.764101084168,0.0,0.0,1224.2652974681805,1224.2652974681805,4810.0,4840.0,6188.764101084168,6378.764101084168,550.0,4210.214984986895,0.0,0,0,0,1
S5,continuous,E,482,35,4820.0,4940.0,4980.779248682944,4980.779248682944,5004.848685506675,120.0,0.0,0.0,0.0,4940.0,4970.0,4994.848685506675,5184.848685506675,350.0,1868.322580682923,0.0,0,0,0,1
S5,continuous,E,483,92,4830.0,4830.0,4913.52588639217,4913.52588639217,4926.661062195658,0.0,0.0,0.0,0.0,4830.0,4860.0,4916.661062195658,5106.661062195658,300.0,4402.355441979582,0.0,0,0,0,0
S5,continuous,E,484,220,4840.0,4840.0,4912.900584095811,5182.396888428949,5245.788887034679,0.0,0.0,269.49630433313814,269.49630433313814,4840.0,4870.0,5235.788887034679,5425.788887034679,350.0,4186.749939696872,0.0,0,0,0,1
S5,continuous,E,485,295,4850.0,5089.354191086208,5185.491350035607,5185.491350035607,5212.5358451147085,239.35419108620772,239.35419108620772,0.0,239.35419108620772,5089.354191086208,5119.354191086208,5202.5358451147085,5392.5358451147085,350.0,4558.342400766629,0.0,0,0,0,1
S5,continuous,E,486,10,4860.0,5544.721837753189,5613.094231698473,5613.094231698473,5656.132554210085,684.721837753189,564.721837753189,0.0,564.721837753189,5544.721837753189,5574.721837753189,5646.132554210085,5836.132554210085,350.0,1665.7270085429896,0.0,0,0,0,1
S5,continuous,E,487,236,4870.0,4900.0,5004.126542151089,5004.126542151089,5030.045842727629,30.0,30.0,0.0,30.0,4900.0,4930.0,5020.045842727629,5210.045842727629,350.0,5300.165209910278,0.0,0,0,0,1
S5,continuous,E,488,82,4880.0,4880.0,4901.460498378449,4901.460498378449,4935.960898023474,0.0,0.0,0.0,0.0,4880.0,4910.0,4925.960898023474,5115.960898023474,350.0,632.560707823087,0.0,0,0,0,1
S5,continuous,E,489,204,4890.0,4890.0,5008.280459684413,5226.433856619802,5256.5940748166995,0.0,0.0,218.15339693538954,218.15339693538954,4890.0,4920.0,5246.5940748166995,5436.5940748166995,400.0,5571.118873429425,0.0,0,0,0,1
S5,continuous,E,490,201,4900.0,5115.960898023474,5184.530213141355,5184.530213141355,5212.2173762231205,215.96089802347433,215.96089802347433,0.0,215.96089802347433,5115.960898023474,5145.960898023474,5202.2173762231205,5392.2173762231205,350.0,2582.1988451576085,0.0,0,0,0,1
S5,continuous,E,491,155,4910.0,4910.0,4974.5324114403675,4974.5324114403675,4980.272538720887,0.0,0.0,0.0,0.0,4910.0,4940.0,4974.5324114403675,5164.5324114403675,300.0,2197.7015912420147,0.0,0,0,0,0
S5,continuous,E,492,172,4920.0,4920.0,4975.15308293516,5213.671462031938,5266.70978454355,0.0,0.0,238.51837909677852,238.51837909677852,4920.0,4950.0,5256.70978454355,5446.70978454355,400.0,1669.4989867078953,0.0,0,0,0,1
S5,continuous,E,493,174,4930.0,4940.0,5068.676604485205,5514.3279318012865,5584.721837753189,10.0,10.0,445.65132731608173,455.65132731608173,4940.0,4970.0,5574.721837753189,5764.721837753189,450.0,4947.2500209214195,0.0,0,0,0,1
S5,continuous,E,494,103,4940.0,4940.0,5027.228012981304,6324.941440428272,6388.764101084168,0.0,0.0,1297.7134274469672,1297.7134274469672,4940.0,4970.0,6378.764101084168,6568.764101084168,600.0,2320.1372879139435,0.0,0,0,0,1
S5,continuous,E,495,20,4950.0,4950.0,5038.041698608639,5038.041698608639,5066.450224321147,0.0,0.0,0.0,0.0,4950.0,4980.0,5056.450224321147,5246.450224321147,350.0,4343.745339260575,0.0,0,0,0,1
S5,continuous,E,496,167,4960.0,4960.0,5009.196569932914,5009.196569932914,5025.2203555689375,0.0,0.0,0.0,0.0,4960.0,4990.0,5015.2203555689375,5205.2203555689375,300.0,3018.9797894080048,0.0,0,0,0,0
S5,continuous,E,497,146,4970.0,5106.661062195658,5167.922217622264,5167.922217622264,5203.855573227706,136.6610621956579,136.6610621956579,0.0,136.6610621956579,5106.661062195658,5136.661062195658,5193.855573227706,5383.855573227706,300.0,3453.741298585822,0.0,0,0,0,0
S5,continuous,E,498,224,4980.0,4980.0,5128.521381424275,5694.3279318012865,5774.721837753189,0.0,0.0,565.8065503770113,565.8065503770113,4980.0,5010.0,5764.721837753189,5954.721837753189,500.0,5780.283838260311,0.0,0,0,0,1
S5,continuous,E,499,279,4990.0,5120.710993177807,5177.0455645573375,5321.384697911269,5336.912975764777,130.7109931778068,130.7109931778068,144.33913335393117,275.050126531738,5120.710993177807,5150.710993177807,5326.912975764777,5516.912975764777,350.0,2060.561897695201,0.0,0,0,0,1
S5,continuous,E,500,99,5000.0,5436.5940748166995,5448.72844595597,5448.72844595597,5452.48604213322,436.5940748166995,436.5940748166995,0.0,436.5940748166995,5436.5940748166995,5466.5940748166995,5448.72844595597,5638.72844595597,300.0,201.1992680288849,0.0,0,0,0,0
S5,continuous,E,501,255,5010.0,5954.721837753189,6071.134365633368,6071.134365633368,6128.928184823781,944.721837753189,944.721837753189,0.0,944.721837753189,5954.721837753189,5984.721837753189,6118.928184823781,6308.928184823781,350.0,4942.180087596696,0.0,0,0,0,1
S5,continuous,E,502,181,5020.0,5020.0,5113.852915707766,5113.852915707766,5156.058710376775,0.0,0.0,0.0,0.0,5020.0,5050.0,5146.058710376775,5336.058710376775,400.0,3576.649527233272,0.0,0,0,0,1
S5,continuous,E,503,53,5030.0,5030.0,5128.335346076764,5501.384697911269,5526.912975764777,0.0,0.0,373.0493518345047,373.0493518345047,5030.0,5060.0,5516.912975764777,5706.912975764777,400.0,4149.567673035283,0.0,0,0,0,1
S5,continuous,E,504,148,5040.0,6568.764101084168,6626.696232033469,6626.696232033469,6655.443003658459,1528.764101084168,1528.764101084168,0.0,1528.764101084168,6568.764101084168,6598.764101084168,6645.443003658459,6835.443003658459,350.0,3153.4785142980672,0.0,0,0,0,1
S5,continuous,E,505,63,5050.0,5231.851829681128,5351.418590666281,5351.418590666281,5377.337891242821,181.85182968112804,181.85182968112804,0.0,181.85182968112804,5231.851829681128,5261.851829681128,5367.337891242821,5557.337891242821,350.0,5350.8874273744495,0.0,0,0,0,1
S5,continuous,E,506,84,5060.0,5060.0,5085.537796181174,5180.779248682944,5194.848685506675,0.0,0.0,95.24145250177025,95.24145250177025,5060.0,5090.0,5184.848685506675,5374.848685506675,300.0,1144.5848727278433,0.0,0,0,0,0
S5,continuous,E,507,109,5070.0,5984.721837753189,6066.840874159776,6066.840874159776,6091.613051194427,914.721837753189,914.721837753189,0.0,914.721837753189,5984.721837753189,6014.721837753189,6081.613051194427,6271.613051194427,350.0,2490.8391119116973,0.0,0,0,0,1
S5,continuous,E,508,188,5080.0,5080.0,5192.305064253283,5192.305064253283,5223.393120275172,0.0,0.0,0.0,0.0,5080.0,5110.0,5213.393120275172,5403.393120275172,350.0,4969.333443877414,0.0,0,0,0,1
S5,continuous,E,509,5,5090.0,5090.0,5180.750440163741,5313.852915707766,5346.058710376775,0.0,0.0,133.10247554402576,133.10247554402576,5090.0,5120.0,5336.058710376775,5526.058710376775,350.0,4503.6832608855475,0.0,0,0,0,1
S5,continuous,E,510,189,5100.0,5100.0,5174.324391727016,5174.324391727016,5213.071163352006,0.0,0.0,0.0,0.0,5100.0,5130.0,5203.071163352006,5393.071163352006,400.0,2864.282776714722,0.0,0,0,0,1
S5,continuous,E,511,110,5110.0,5110.0,5178.584825292323,5178.584825292323,5211.932573180716,0.0,0.0,0.0,0.0,5110.0,5140.0,5201.932573180716,5391.932573180716,300.0,1791.7749088547848,0.0,0,0,0,0
S5,continuous,E,512,16,5120.0,5337.066047480062,5391.522990612736,5503.852915707766,5536.058710376775,217.06604748006157,217.06604748006157,112.32992509503038,329.39597257509195,5337.066047480062,5367.066047480062,5526.058710376775,5716.058710376775,350.0,2135.593693995827,0.0,0,0,0,1
S5,continuous,E,513,212,5130.0,5150.786595216615,5227.335649540756,5375.491350035607,5402.5358451147085,20.78659521661484,20.78659521661484,148.15570049485086,168.9422957114657,5150.786595216615,5180.786595216615,5392.5358451147085,5582.5358451147085,350.0,3390.1132338223683,0.0,0,0,0,1
S5,continuous,E,514,121,5140.0,5180.786595216615,5259.356171178695,5384.324391727016,5403.071163352006,40.78659521661484,40.78659521661484,124.96822054832046,165.7548157649353,5180.786595216615,5210.786595216615,5393.071163352006,5583.071163352006,300.0,4099.9927257477475,0.0,0,0,0,0
S5,continuous,E,515,118,5150.0,5716.058710376775,5776.627225976262,5776.627225976262,5796.787444173159,566.0587103767748,566.0587103767748,0.0,566.0587103767748,5716.058710376775,5746.058710376775,5786.787444173159,5976.787444173159,350.0,2152.678126361457,0.0,0,0,0,1
S5,continuous,E,516,20,5160.0,5160.0,5197.222123226587,5197.222123226587,5207.410480904464,0.0,0.0,0.0,0.0,5160.0,5190.0,5197.410480904464,5387.410480904464,300.0,2522.2065947078313,0.0,0,0,0,0
S5,continuous,E,517,290,5170.0,5746.058710376775,5792.080120082745,5792.080120082745,5838.013475688188,576.0587103767748,576.0587103767748,0.0,576.0587103767748,5746.058710376775,5776.058710376775,5828.013475688188,6018.013475688188,350.0,1311.736753836411,0.0,0,0,0,1
S5,continuous,E,518,182,5180.0,5463.744261651072,5546.0350454686595,5546.0350454686595,5593.828864659072,283.7442616510716,283.7442616510716,0.0,283.7442616510716,5463.744261651072,5493.744261651072,5583.828864659072,5773.828864659072,300.0,2458.635685471041,0.0,0,0,0,0
S5,continuous,E,519,281,5190.0,5387.410480904464,5407.210273837771,5407.210273837771,5425.618799550279,197.41048090446384,197.41048090446384,0.0,197.41048090446384,5387.410480904464,5417.410480904464,5415.618799550279,5605.618799550279,300.0,783.74676731397,0.0,0,0,0,0
S5,continuous,E,520,6,5200.0,6014.721837753189,6083.094231698473,6083.094231698473,6126.132554210085,814.721837753189,814.721837753189,0.0,814.721837753189,6014.721837753189,6044.721837753189,6116.132554210085,6306.132554210085,350.0,1665.7270085429896,0.0,0,0,0,1
S5,continuous,E,521,78,5210.0,5391.932573180716,5437.183520628269,5437.183520628269,5471.775301296136,181.93257318071574,181.93257318071574,0.0,181.93257318071574,5391.932573180716,5421.932573180716,5461.775301296136,5651.775301296136,300.0,1133.2442800587341,0.5259425772966324,1,0,1,0
S5,continuous,E,522,247,5220.0,5493.744261651072,5568.5208181625285,5568.5208181625285,5576.473780378005,273.7442616510716,273.7442616510716,0.0,273.7442616510716,5493.744261651072,5523.744261651072,5568.5208181625285,5758.5208181625285,300.0,1758.4829135209666,0.0,0,0,0,0
S5,continuous,E,523,138,5230.0,5230.0,5261.910018432439,5261.910018432439,5285.045194235927,0.0,0.0,0.0,0.0,5230.0,5260.0,5275.045194235927,5465.045194235927,350.0,1616.1336990592717,0.0,0,0,0,1
S5,continuous,E,524,205,5240.0,5240.0,5329.757289888389,5587.210273837771,5615.618799550279,0.0,0.0,257.45298394938163,257.45298394938163,5240.0,5270.0,5605.618799550279,5795.618799550279,350.0,4354.661184743474,0.0,0,0,0,1
S5,continuous,E,525,288,5250.0,5417.410480904464,5507.62848391826,5565.491350035607,5592.5358451147085,167.41048090446384,167.41048090446384,57.86286611734704,225.27334702181088,5417.410480904464,5447.410480904464,5582.5358451147085,5772.5358451147085,350.0,4904.807286179556,0.0,0,0,0,1
S5,continuous,E,526,81,5260.0,5260.0,5295.333746614264,5295.333746614264,5322.2187275866345,0.0,0.0,0.0,0.0,5260.0,5290.0,5312.2187275866345,5502.2187275866345,300.0,979.1500343695553,0.0,0,0,0,0
S5,continuous,E,527,218,5270.0,5446.70978454355,5501.226736560402,5501.226736560402,5521.4150942382785,176.7097845435501,176.7097845435501,0.0,176.7097845435501,5446.70978454355,5476.70978454355,5511.4150942382785,5701.4150942382785,350.0,1081.3753679634633,0.0,0,0,0,1
S5,continuous,E,528,175,5280.0,5367.066047480062,5419.896535448492,5419.896535448492,5440.984591470381,87.06604748006157,87.06604748006157,0.0,87.06604748006157,5367.066047480062,5397.066047480062,5430.984591470381,5620.984591470381,300.0,2588.241323143955,0.0,0,0,0,0
S5,continuous,E,529,155,5290.0,5290.0,5325.389865154671,5609.896535448492,5630.984591470381,0.0,0.0,284.5066702938211,284.5066702938211,5290.0,5320.0,5620.984591470381,5810.984591470381,300.0,1709.4695992808133,0.0,0,0,0,0
S5,continuous,E,530,101,5300.0,5300.0,5406.4850386596345,5743.852915707766,5786.058710376775,0.0,0.0,337.36787704813196,337.36787704813196,5300.0,5330.0,5776.058710376775,5966.058710376775,400.0,4922.164114275696,0.0,0,0,0,1
S5,continuous,E,531,177,5310.0,5706.912975764777,5757.26993856483,5757.26993856483,5784.122341076087,396.912975764777,396.912975764777,0.0,396.912975764777,5706.912975764777,5736.912975764777,5774.122341076087,5964.122341076087,350.0,2533.8157315934855,0.0,0,0,0,1
S5,continuous,E,532,115,5320.0,5320.0,5390.913979770265,5390.913979770265,5452.845802256614,0.0,0.0,0.0,0.0,5320.0,5350.0,5442.845802256614,5632.845802256614,350.0,3490.073008810049,0.0,0,0,0,1
S5,continuous,E,533,214,5330.0,5330.0,5345.242796566023,5345.242796566023,5360.332279079093,0.0,0.0,0.0,0.0,5330.0,5360.0,5350.332279079093,5540.332279079093,300.0,977.4569695143173,0.0,0,0,0,0
S5,continuous,E,534,273,5340.0,5340.0,5442.576855221037,5442.576855221037,5505.9688538267665,0.0,0.0,0.0,0.0,5340.0,5370.0,5495.9688538267665,5685.9688538267665,350.0,5550.6168935429505,0.0,0,0,0,1
S5,continuous,E,535,243,5350.0,5350.0,5427.052089341594,5427.052089341594,5451.824266376245,0.0,0.0,0.0,0.0,5350.0,5380.0,5441.824266376245,5631.824266376245,350.0,2510.8403667611087,0.0,0,0,0,1
S5,continuous,E,536,96,5360.0,5557.337891242821,5612.6515721259775,5612.6515721259775,5612.817140917125,197.33789124282066,197.33789124282066,0.0,197.33789124282066,5557.337891242821,5587.337891242821,5612.6515721259775,5802.6515721259775,300.0,2706.7163672795637,0.0,0,0,0,0
S5,continuous,E,537,2,5370.0,5392.2173762231205,5469.178193599738,5469.178193599738,5532.423239624754,22.217376223120482,22.217376223120482,0.0,22.217376223120482,5392.2173762231205,5422.2173762231205,5522.423239624754,5712.423239624754,350.0,3739.5713318573557,0.0,0,0,0,1
S5,continuous,E,538,192,5380.0,5810.984591470381,5887.3255887789655,5887.3255887789655,5897.491157570113,430.984591470381,430.984591470381,0.0,430.984591470381,5810.984591470381,5840.984591470381,5887.491157570113,6077.491157570113,350.0,3223.1308765115496,0.0,0,0,0,1
S5,continuous,E,539,187,5390.0,5465.045194235927,5493.4011857153855,5493.4011857153855,5520.286166687756,75.04519423592683,75.04519423592683,0.0,75.04519423592683,5465.045194235927,5495.045194235927,5510.286166687756,5700.286166687756,300.0,1214.8218289440265,0.0,0,0,0,0
S5,continuous,E,540,278,5400.0,5400.0,5531.117595107343,5531.117595107343,5574.465342995735,0.0,0.0,0.0,0.0,5400.0,5430.0,5564.465342995735,5754.465342995735,350.0,5057.800575055467,0.0,0,0,0,1
S5,continuous,E,541,250,5410.0,5410.0,5441.910018432439,5481.910018432439,5505.045194235927,0.0,0.0,40.0,40.0,5410.0,5440.0,5495.045194235927,5685.045194235927,350.0,1616.1336990592717,0.0,0,0,0,1
S5,continuous,E,542,228,5420.0,5540.332279079093,5572.86982370228,5627.052089341594,5641.824266376245,120.33227907909259,120.33227907909259,54.18226563931421,174.5145447184068,5540.332279079093,5570.332279079093,5631.824266376245,5821.824266376245,300.0,1312.5124384131154,0.0,0,0,0,0
S5,continuous,E,543,285,5430.0,5570.332279079093,5598.813041172469,5598.813041172469,5600.664558158185,140.3322790790926,140.3322790790926,0.0,140.3322790790926,5570.332279079093,5600.332279079093,5598.813041172469,5788.813041172469,300.0,977.4569695143172,0.0,0,0,0,0
S5,continuous,E,544,73,5440.0,5476.70978454355,5554.425627090824,5554.425627090824,5580.665704442544,36.709784543550086,36.709784543550086,0.0,36.709784543550086,5476.70978454355,5506.70978454355,5570.665704442544,5760.665704442544,300.0,3274.8933350274515,0.0,0,0,0,0
S5,continuous,E,545,272,5450.0,5450.0,5481.862168098459,5734.425627090824,5770.665704442544,0.0,0.0,252.56345899236476,252.56345899236476,5450.0,5480.0,5760.665704442544,5950.665704442544,350.0,1334.7037443571712,0.0,0,0,0,1
S5,continuous,E,546,258,5460.0,5966.058710376775,6036.98472734277,6036.98472734277,6063.008512978794,506.0587103767748,506.0587103767748,0.0,506.0587103767748,5966.058710376775,5996.058710376775,6053.008512978794,6243.008512978794,350.0,2872.496054657647,0.0,0,0,0,1
S5,continuous,E,547,130,5470.0,5470.0,5531.471511641268,5953.852915707766,6006.058710376775,0.0,0.0,422.38140406649836,422.38140406649836,5470.0,5500.0,5996.058710376775,6186.058710376775,450.0,1880.847692627203,0.0,0,0,0,1
S5,continuous,E,548,136,5480.0,5772.5358451147085,5811.93113885777,5811.93113885777,5838.81611983014,292.53584511470854,292.53584511470854,0.0,292.53584511470854,5772.5358451147085,5802.5358451147085,5828.81611983014,6018.81611983014,300.0,1709.700624521327,0.0,0,0,0,0
S5,continuous,E,549,66,5490.0,6044.721837753189,6133.4225348777845,6133.4225348777845,6196.390951066761,554.721837753189,554.721837753189,0.0,554.721837753189,6044.721837753189,6074.721837753189,6186.390951066761,6376.390951066761,350.0,3120.5976888839245,0.0,0,0,0,1
S5,continuous,E,550,44,5500.0,5500.0,5540.962029615976,5750.567855947052,5768.5208181625285,0.0,0.0,209.60582633107606,209.60582633107606,5500.0,5530.0,5758.5208181625285,5948.5208181625285,350.0,1336.2848480123657,0.0,0,0,0,1
S5,continuous,E,551,158,5510.0,5510.0,5522.567204856982,5642.576855221037,5695.9688538267665,0.0,0.0,120.00965036405432,120.00965036405432,5510.0,5540.0,5685.9688538267665,5875.9688538267665,300.0,990.5967693749703,0.0,0,0,0,0
S5,continuous,E,552,92,5520.0,5520.0,5549.761102537957,5549.761102537957,5602.729518726934,0.0,0.0,0.0,0.0,5520.0,5550.0,5592.729518726934,5782.729518726934,300.0,1758.4829135209666,0.0,0,0,0,0
S5,continuous,E,553,42,5530.0,5530.0,5593.818447893293,5593.818447893293,5622.565219518283,0.0,0.0,0.0,0.0,5530.0,5560.0,5612.565219518283,5802.565219518283,350.0,2627.0962812994744,0.0,0,0,0,1
S5,continuous,E,554,24,5540.0,5701.4150942382785,5738.359120933845,5948.5208181625285,5956.473780378005,161.41509423827847,161.41509423827847,210.1616972286838,371.5767914669623,5701.4150942382785,5731.4150942382785,5948.5208181625285,6138.5208181625285,300.0,1874.4178673127517,0.0,0,0,0,0
S5,continuous,E,555,146,5550.0,5700.286166687756,5808.725862679558,5966.627225976262,5986.787444173159,150.28616668775612,150.28616668775612,157.9013632967035,308.1875299844596,5700.286166687756,5730.286166687756,5976.787444173159,6166.787444173159,350.0,5055.540330475102,0.0,0,0,0,1
S5,continuous,E,556,266,5560.0,5560.0,5620.860935264412,5729.761102537957,5792.729518726934,0.0,0.0,108.90016727354578,108.90016727354578,5560.0,5590.0,5782.729518726934,5972.729518726934,350.0,2664.862708530082,0.0,0,0,0,1
S5,continuous,E,557,131,5570.0,5802.565219518283,5871.927393849641,5982.080120082745,6028.013475688188,232.5652195182829,232.5652195182829,110.15272623310466,342.71794575138756,5802.565219518283,5832.565219518283,6018.013475688188,6208.013475688188,350.0,3081.0941499100113,0.0,0,0,0,1
S5,continuous,E,558,100,5580.0,5754.465342995735,5811.184866868386,5811.184866868386,5838.229361947488,174.46534299573523,174.46534299573523,0.0,174.46534299573523,5754.465342995735,5784.465342995735,5828.229361947488,6018.229361947488,350.0,1243.4129471213434,0.0,0,0,0,1
S5,continuous,E,559,94,5590.0,5875.9688538267665,5968.968238159644,5968.968238159644,6022.213284184661,285.96885382676646,285.96885382676646,0.0,285.96885382676646,5875.9688538267665,5905.9688538267665,6012.213284184661,6202.213284184661,300.0,3173.677604963601,13.707292765833245,1,0,1,0
S5,continuous,E,560,33,5600.0,5802.6515721259775,5838.4746301962905,5838.4746301962905,5896.268449386703,202.6515721259775,202.6515721259775,0.0,202.6515721259775,5802.6515721259775,5832.6515721259775,5886.268449386703,6076.268449386703,350.0,2050.2962251855206,0.0,0,0,0,1
S5,continuous,E,561,203,5610.0,5610.0,5662.630591482097,5813.818447893293,5842.565219518283,0.0,0.0,151.18785641119575,151.18785641119575,5610.0,5640.0,5832.565219518283,6022.565219518283,350.0,2105.255201958783,0.0,0,0,0,1
S5,continuous,E,562,195,5620.0,6186.058710376775,6292.238702552315,6292.238702552315,6335.586450440707,566.0587103767748,566.0587103767748,0.0,566.0587103767748,6186.058710376775,6216.058710376775,6325.586450440707,6515.586450440707,350.0,5309.380879889126,0.0,0,0,0,1
S5,continuous,E,563,56,5630.0,5630.0,5682.538597036404,5682.538597036404,5723.268821656738,0.0,0.0,0.0,0.0,5630.0,5660.0,5713.268821656738,5903.268821656738,300.0,2838.6089880651907,0.0,0,0,0,0
S5,continuous,E,564,260,5640.0,6074.721837753189,6193.883627088908,6193.883627088908,6222.6058017328805,434.721837753189,434.721837753189,0.0,434.721837753189,6074.721837753189,6104.721837753189,6212.6058017328805,6402.6058017328805,350.0,4980.105961900438,0.0,0,0,0,1
S5,continuous,E,565,154,5650.0,5773.828864659072,5830.047849565654,6011.184866868386,6028.229361947488,123.82886465907177,123.82886465907177,181.1370173027317,304.96588196180346,5773.828864659072,5803.828864659072,6018.229361947488,6208.229361947488,300.0,885.869285758944,0.0,0,0,0,0
S5,continuous,E,566,257,5660.0,5660.0,5752.440554988974,6120.567855947052,6148.5208181625285,0.0,0.0,368.1273009580773,368.1273009580773,5660.0,5690.0,6138.5208181625285,6328.5208181625285,400.0,4138.617055369686,0.0,0,0,0,1
S5,continuous,E,567,173,5670.0,5905.9688538267665,5995.776266196876,5995.776266196876,6014.184791909384,235.96885382676646,235.96885382676646,0.0,235.96885382676646,5905.9688538267665,5935.9688538267665,6004.184791909384,6194.184791909384,300.0,2786.6968725498746,15.489393182043841,1,0,1,0
S5,continuous,E,568,244,5680.0,5680.0,5735.489737442093,5735.489737442093,5763.176900523859,0.0,0.0,0.0,0.0,5680.0,5710.0,5753.176900523859,5943.176900523859,350.0,2465.789953741719,0.0,0,0,0,1
S5,continuous,E,569,43,5690.0,5840.984591470381,5898.050732949444,5957.26993856483,5974.122341076087,150.98459147038102,150.98459147038102,59.21920561538627,210.2037970857673,5840.984591470381,5870.984591470381,5964.122341076087,6154.122341076087,300.0,2588.241323143955,0.0,0,0,0,0
S5,continuous,E,570,84,5700.0,5700.0,5783.232863660326,5925.489737442093,5953.176900523859,0.0,0.0,142.25687378176735,142.25687378176735,5700.0,5730.0,5943.176900523859,6133.176900523859,350.0,4697.04439971141,0.0,0,0,0,1
S5,continuous,E,571,201,5710.0,5710.0,5802.146634228244,5802.146634228244,5846.73841489611,0.0,0.0,0.0,0.0,5710.0,5740.0,5836.73841489611,6026.73841489611,350.0,4517.688322039671,0.0,0,0,0,1
S5,continuous,E,572,299,5720.0,5720.0,5808.3582276568495,5808.3582276568495,5820.209744642566,0.0,0.0,0.0,0.0,5720.0,5750.0,5810.209744642566,6000.209744642566,350.0,3199.979620866789,0.0,0,0,0,1
S5,continuous,E,573,137,5730.0,6000.209744642566,6078.3453828556085,6226.98472734277,6253.008512978794,270.20974464256597,270.20974464256597,148.6393444871619,418.8490891297279,6000.209744642566,6030.209744642566,6243.008512978794,6433.008512978794,350.0,4608.317928263789,0.0,0,0,0,1
S5,continuous,E,574,65,5740.0,5803.828864659072,5925.567721057783,6300.567855947052,6338.5208181625285,63.82886465907177,63.82886465907177,375.00013488926834,438.8289995483401,5803.828864659072,5833.828864659072,6328.5208181625285,6518.5208181625285,450.0,3508.4030542494165,0.0,0,0,0,1
S5,continuous,E,575,208,5750.0,5750.0,5825.313680883157,6067.3255887789655,6087.491157570113,0.0,0.0,242.0119078958087,242.0119078958087,5750.0,5780.0,6077.491157570113,6267.491157570113,400.0,2906.7163672795637,0.0,0,0,0,1
S5,continuous,E,576,9,5760.0,6518.5208181625285,6546.03124273989,6546.03124273989,6562.883645251147,758.5208181625285,758.5208181625285,0.0,758.5208181625285,6518.5208181625285,6548.5208181625285,6552.883645251147,6742.883645251147,300.0,1427.8576477593026,0.0,0,0,0,0
S5,continuous,E,577,133,5770.0,5832.6515721259775,5839.086300231867,5839.086300231867,5844.8264275123865,62.65157212597751,62.65157212597751,0.0,62.65157212597751,5832.6515721259775,5862.6515721259775,5839.086300231867,6029.086300231867,300.0,447.4724346745209,0.0,0,0,0,0
S5,continuous,E,578,73,5780.0,5795.618799550279,5848.552870114711,5919.761102537957,5982.729518726934,15.618799550278709,15.618799550278709,71.20823242324605,86.82703197352475,5795.618799550279,5825.618799550279,5972.729518726934,6162.729518726934,350.0,2091.9210329690477,0.0,0,0,0,1
S5,continuous,E,579,277,5790.0,6104.721837753189,6182.517468197032,6182.517468197032,6188.5755599762615,314.721837753189,314.721837753189,0.0,314.721837753189,6104.721837753189,6134.721837753189,6182.517468197032,6372.517468197032,300.0,2725.708288118344,0.1506197667908964,1,0,1,0
S5,continuous,E,580,142,5800.0,6022.565219518283,6078.008516652474,6175.776266196876,6204.184791909384,222.5652195182829,222.5652195182829,97.76774954440225,320.33296906268515,6022.565219518283,6052.565219518283,6194.184791909384,6384.184791909384,350.0,2065.5448539675444,0.0,0,0,0,1
S5,continuous,E,581,211,5810.0,6018.81611983014,6066.040222902542,6066.040222902542,6100.632003570408,208.81611983014045,208.81611983014045,0.0,208.81611983014045,6018.81611983014,6048.81611983014,6090.632003570408,6280.632003570408,300.0,1663.3252815366156,0.0,0,0,0,0
S5,continuous,E,582,34,5820.0,6026.73841489611,6146.305175881263,6146.305175881263,6172.224476457803,206.73841489611004,206.73841489611004,0.0,206.73841489611004,6026.73841489611,6056.73841489611,6162.224476457803,6352.224476457803,350.0,5350.8874273744495,0.0,0,0,0,1
S5,continuous,E,583,278,5830.0,5830.0,5909.21090628024,5909.21090628024,5932.346082083728,0.0,0.0,0.0,0.0,5830.0,5860.0,5922.346082083728,6112.346082083728,350.0,4548.017866769743,0.0,0,0,0,1
S5,continuous,E,584,135,5840.0,5840.0,5929.443640956924,5929.443640956924,5958.165815600897,0.0,0.0,0.0,0.0,5840.0,5870.0,5948.165815600897,6138.165815600897,350.0,4354.661184743474,0.0,0,0,0,1
S5,continuous,E,585,261,5850.0,6030.209744642566,6103.208805095586,6183.852915707766,6226.058710376775,180.20974464256597,180.20974464256597,80.64411061218016,260.8538552547461,6030.209744642566,6060.209744642566,6216.058710376775,6406.058710376775,400.0,3730.1227894272424,0.0,0,0,0,1
S5,continuous,E,586,74,5860.0,6040.0,6154.917166549394,6373.883627088908,6412.6058017328805,180.0,0.0,218.96646053951372,218.96646053951372,6040.0,6070.0,6402.6058017328805,6592.6058017328805,400.0,6389.703545582443,0.0,0,0,0,1
S5,continuous,E,587,204,5870.0,5950.665704442544,6058.019549223589,6326.305175881263,6362.224476457803,80.66570444254376,80.66570444254376,268.2856266576737,348.95133110021743,5950.665704442544,5980.665704442544,6352.224476457803,6542.224476457803,400.0,4485.04805159632,0.0,0,0,0,1
S5,continuous,E,588,199,5880.0,5880.0,5912.6910066583305,5912.6910066583305,5924.939034082223,0.0,0.0,0.0,0.0,5880.0,5910.0,5914.939034082223,6104.939034082223,300.0,1105.4481620701845,0.0,0,0,0,0
S5,continuous,E,589,289,5890.0,6267.491157570113,6313.719954299344,6313.719954299344,6341.40711738111,377.4911575701126,377.4911575701126,0.0,377.4911575701126,6267.491157570113,6297.491157570113,6331.40711738111,6521.40711738111,350.0,2593.4788552368727,0.0,0,0,0,1
S5,continuous,E,590,180,5900.0,5900.0,5938.886332168326,6011.93113885777,6058.81611983014,0.0,0.0,73.04480668944416,73.04480668944416,5900.0,5930.0,6048.81611983014,6238.81611983014,400.0,1252.6032484505654,0.0,0,0,0,1
S5,continuous,E,591,220,5910.0,5910.0,6030.644981812809,6030.644981812809,6092.496498798526,0.0,0.0,0.0,0.0,5910.0,5940.0,6082.496498798526,6272.496498798526,600.0,2614.8931508998076,0.0,0,0,0,1
S5,continuous,E,592,159,5920.0,5920.0,6015.413713453266,6092.6910066583305,6114.939034082223,0.0,0.0,77.27729320506478,77.27729320506478,5920.0,5950.0,6104.939034082223,6294.939034082223,350.0,2653.025314012311,0.0,0,0,0,1
S5,continuous,E,593,194,5930.0,5950.0,6052.478648898168,6148.968238159644,6212.213284184661,20.0,20.0,96.48958926147588,116.48958926147588,5950.0,5980.0,6202.213284184661,6392.213284184661,350.0,3329.0061033447882,0.0,0,0,0,1
S5,continuous,E,594,57,5940.0,6294.939034082223,6344.920053711381,6344.920053711381,6379.420453356406,354.93903408222286,354.93903408222286,0.0,354.93903408222286,6294.939034082223,6324.939034082223,6369.420453356406,6559.420453356406,350.0,2132.6082823623037,0.0,0,0,0,1
S5,continuous,E,595,28,5950.0,6208.229361947488,6288.579898406145,6288.579898406145,6313.669380919215,258.22936194748763,258.22936194748763,0.0,258.22936194748763,6208.229361947488,6238.229361947488,6303.669380919215,6493.669380919215,350.0,3814.405979931249,0.0,0,0,0,1
S5,continuous,E,596,79,5960.0,6406.058710376775,6479.412048513087,6479.412048513087,6481.2635654988035,446.0587103767748,446.0587103767748,0.0,446.0587103767748,6406.058710376775,6436.058710376775,6479.412048513087,6669.412048513087,300.0,3530.1227894272424,0.0,0,0,0,0
S5,continuous,E,597,75,5970.0,6436.058710376775,6521.282881172108,6521.282881172108,6536.372363685178,466.0587103767748,466.0587103767748,0.0,466.0587103767748,6436.058710376775,6466.058710376775,6526.372363685178,6716.372363685178,300.0,4387.701460998738,0.5389797467314565,1,0,1,0
S5,continuous,E,598,171,5980.0,6070.0,6159.832751634435,6159.832751634435,6196.072828986155,90.0,30.0,0.0,30.0,6070.0,6100.0,6186.072828986155,6376.072828986155,350.0,5321.665398123943,0.0,0,0,0,1
S5,continuous,E,599,160,5990.0,5990.0,6056.719523872651,6211.184866868386,6248.229361947488,0.0,0.0,154.46534299573523,154.46534299573523,5990.0,6020.0,6238.229361947488,6428.229361947488,400.0,1343.4129471213434,0.0,0,0,0,1
S5,continuous,E,600,218,6000.0,6428.229361947488,6523.285472437143,6523.285472437143,6554.373528459032,428.22936194748763,428.22936194748763,0.0,428.22936194748763,6428.229361947488,6458.229361947488,6544.373528459032,6734.373528459032,350.0,4824.770449541854,0.0,0,0,0,1
S5,continuous,E,601,93,6010.0,6392.213284184661,6488.502944992545,6488.502944992545,6508.6631631894425,382.21328418466055,382.21328418466055,0.0,382.21328418466055,6392.213284184661,6422.213284184661,6498.6631631894425,6688.6631631894425,350.0,2620.0006399674244,0.0,0,0,0,1
S5,continuous,E,602,96,6020.0,6208.013475688188,6335.991678619824,6553.883627088908,6602.6058017328805,188.013475688188,188.013475688188,217.89194846908413,405.90542415727214,6208.013475688188,6238.013475688188,6592.6058017328805,6782.6058017328805,450.0,4709.600806326615,0.0,0,0,0,1
S5,continuous,E,603,27,6030.0,6548.5208181625285,6621.2384715632115,6621.2384715632115,6648.925634644977,518.5208181625285,518.5208181625285,0.0,518.5208181625285,6548.5208181625285,6578.5208181625285,6638.925634644977,6828.925634644977,350.0,3879.180038833268,0.0,0,0,0,1
S5,continuous,E,604,59,6040.0,6166.787444173159,6242.439374409863,6323.4225348777845,6386.390951066761,126.7874441731592,126.7874441731592,80.98316046792115,207.77060464108035,6166.787444173159,6196.787444173159,6376.390951066761,6566.390951066761,350.0,4115.0906412498025,0.0,0,0,0,1
S5,continuous,E,605,53,6050.0,6433.008512978794,6511.498678185337,6511.498678185337,6554.537000696949,383.008512978794,383.008512978794,0.0,383.008512978794,6433.008512978794,6463.008512978794,6544.537000696949,6734.537000696949,350.0,3843.0691787727806,0.0,0,0,0,1
S5,continuous,E,606,290,6060.0,6306.132554210085,6384.2730039542175,6433.852915707766,6476.058710376775,246.1325542100849,186.1325542100849,49.57991175354891,235.7124659636338,6306.132554210085,6336.132554210085,6466.058710376775,6656.058710376775,400.0,2149.6957347378398,0.0,0,0,0,1
S5,continuous,E,607,214,6070.0,6324.939034082223,6403.035721684096,6482.238702552315,6525.586450440707,254.93903408222286,254.93903408222286,79.20298086821913,334.142014950442,6324.939034082223,6354.939034082223,6515.586450440707,6705.586450440707,350.0,4051.222888426806,0.0,0,0,0,1
S5,continuous,E,608,40,6080.0,6080.0,6141.191333431422,6141.191333431422,6191.585239383325,0.0,0.0,0.0,0.0,6080.0,6110.0,6181.585239383325,6371.585239383325,350.0,2784.207003548358,0.0,0,0,0,1
S5,continuous,E,609,181,6090.0,6090.0,6146.334571379531,6146.334571379531,6161.862849233039,0.0,0.0,0.0,0.0,6090.0,6120.0,6151.862849233039,6341.862849233039,350.0,2060.561897695201,0.0,0,0,0,1
S5,continuous,E,610,19,6100.0,6100.0,6196.518849567659,6196.518849567659,6220.58828639139,0.0,0.0,0.0,0.0,6100.0,6130.0,6210.58828639139,6400.58828639139,350.0,2735.808101971079,0.0,0,0,0,1
S5,continuous,E,611,168,6110.0,6110.0,6204.434111357919,6733.883627088908,6792.6058017328805,0.0,0.0,529.4495157309884,529.4495157309884,6110.0,6140.0,6782.6058017328805,6972.6058017328805,500.0,2611.693652304625,0.0,0,0,0,1
S5,continuous,E,612,21,6120.0,6120.0,6165.961644844079,6366.459376417803,6382.517468197032,0.0,0.0,200.49773157372329,200.49773157372329,6120.0,6150.0,6372.517468197032,6562.517468197032,350.0,1660.1181777046704,0.0,0,0,0,1
S5,continuous,E,613,13,6130.0,6130.0,6256.919613072447,6613.852915707766,6666.058710376775,0.0,0.0,356.9333026353197,356.9333026353197,6130.0,6160.0,6656.058710376775,6846.058710376775,450.0,4360.63932658757,0.0,0,0,0,1
S5,continuous,E,614,253,6140.0,6336.132554210085,6404.388884063672,6404.388884063672,6433.135655688662,196.1325542100849,196.1325542100849,0.0,196.1325542100849,6336.132554210085,6366.132554210085,6423.135655688662,6613.135655688662,350.0,2040.1259601480303,0.0,0,0,0,1
S5,continuous,E,615,100,6150.0,6210.0,6340.756642434678,6544.941440428272,6608.764101084168,60.0,0.0,204.18479799359375,204.18479799359375,6210.0,6240.0,6598.764101084168,6788.764101084168,600.0,2043.7162182379855,0.0,0,0,0,1
S5,continuous,E,616,180,6160.0,6160.0,6228.886693696646,6386.518849567659,6410.58828639139,0.0,0.0,157.6321558710133,157.6321558710133,6160.0,6190.0,6400.58828639139,6590.58828639139,350.0,3165.6086755890606,0.0,0,0,0,1
S5,continuous,E,617,299,6170.0,6280.632003570408,6385.084383606872,6385.084383606872,6435.814608227205,110.63200357040841,110.63200357040841,0.0,110.63200357040841,6280.632003570408,6310.632003570408,6425.814608227205,6615.814608227205,350.0,4467.316651014097,0.0,0,0,0,1
S5,continuous,E,618,291,6180.0,6463.008512978794,6555.316419842144,6667.560531527371,6679.412048513087,283.008512978794,283.008512978794,112.24411168522693,395.2526246640209,6463.008512978794,6493.008512978794,6669.412048513087,6859.412048513087,350.0,4608.317928263789,0.0,0,0,0,1
S5,continuous,E,619,217,6190.0,6566.390951066761,6637.613218632713,6637.613218632713,6651.682655456444,376.39095106676086,376.39095106676086,0.0,376.39095106676086,6566.390951066761,6596.390951066761,6641.682655456444,6831.682655456444,300.0,1552.1126901952887,0.0,0,0,0,0
S5,continuous,E,620,42,6200.0,6458.229361947488,6502.060252238167,6544.920053711381,6569.420453356406,258.22936194748763,258.22936194748763,42.85980147321425,301.0891634207019,6458.229361947488,6488.229361947488,6559.420453356406,6749.420453356406,300.0,1993.4841543924856,0.0,0,0,0,0
S5,continuous,E,621,7,6210.0,6376.072828986155,6477.499367795423,6477.499367795423,6507.687725473299,166.0728289861554,166.0728289861554,0.0,166.0728289861554,6376.072828986155,6406.072828986155,6497.687725473299,6687.687725473299,400.0,4061.2396056511257,0.0,0,0,0,1
S5,continuous,E,622,267,6220.0,6220.0,6266.435073036695,6365.776266196876,6394.184791909384,0.0,0.0,99.34119316018132,99.34119316018132,6220.0,6250.0,6384.184791909384,6574.184791909384,350.0,2389.3290667452147,0.0,0,0,0,1
S5,continuous,E,623,186,6230.0,6308.928184823781,6429.945871819974,6429.945871819974,6503.1909178449905,78.92818482378061,78.92818482378061,0.0,78.92818482378061,6308.928184823781,6338.928184823781,6493.1909178449905,6683.1909178449905,400.0,4253.452179795887,0.0,0,0,0,1
S5,continuous,E,624,127,6240.0,6406.072828986155,6449.828733757962,6449.828733757962,6465.357011611471,166.0728289861554,166.0728289861554,0.0,166.0728289861554,6406.072828986155,6436.072828986155,6455.357011611471,6645.357011611471,350.0,759.8969373652762,0.0,0,0,0,1
S5,continuous,E,625,295,6250.0,6250.0,6360.0453723867795,6662.238702552315,6715.586450440707,0.0,0.0,302.1933301655354,302.1933301655354,6250.0,6280.0,6705.586450440707,6895.586450440707,400.0,5069.333443877414,0.0,0,0,0,1
S5,continuous,E,626,145,6260.0,6260.0,6308.826859869071,6801.2384715632115,6838.925634644977,0.0,0.0,492.41161169414045,492.41161169414045,6260.0,6290.0,6828.925634644977,7018.925634644977,400.0,1400.2239654651376,0.0,0,0,0,1
S5,continuous,E,627,1,6270.0,6270.0,6384.117027507583,6546.459376417803,6572.517468197032,0.0,0.0,162.3423489102197,162.3423489102197,6270.0,6300.0,6562.517468197032,6752.517468197032,400.0,3993.0617744811343,0.0,0,0,0,1
S5,continuous,E,628,162,6280.0,6310.632003570408,6419.323016832845,6466.98472734277,6503.008512978794,30.632003570408415,30.632003570408415,47.6617105099258,78.29371408033421,6310.632003570408,6340.632003570408,6493.008512978794,6683.008512978794,400.0,4059.6933378240915,0.0,0,0,0,1
S5,continuous,E,629,0,6290.0,6972.6058017328805,7062.36309162127,7062.36309162127,7090.771617333778,682.6058017328805,682.6058017328805,0.0,682.6058017328805,6972.6058017328805,7002.6058017328805,7080.771617333778,7270.771617333778,350.0,4354.661184743474,0.0,0,0,0,1
S5,continuous,E,630,202,6300.0,6300.0,6370.327294918832,6646.98472734277,6693.008512978794,0.0,0.0,276.6574324239382,276.6574324239382,6300.0,6330.0,6683.008512978794,6873.008512978794,450.0,2714.630740470255,0.0,0,0,0,1
S5,continuous,E,631,146,6310.0,6310.0,6438.677406497026,6438.677406497026,6484.6107621024685,0.0,0.0,0.0,0.0,6310.0,6340.0,6474.6107621024685,6664.6107621024685,350.0,4898.98729714227,0.0,0,0,0,1
S5,continuous,E,632,287,6320.0,6320.0,6377.855976173129,6609.945871819974,6693.1909178449905,0.0,0.0,232.08989564684452,232.08989564684452,6320.0,6350.0,6683.1909178449905,6873.1909178449905,450.0,2413.080232879669,0.0,0,0,0,1
S5,continuous,E,633,170,6330.0,6330.0,6413.024033764711,6560.567855947052,6588.5208181625285,0.0,0.0,147.5438221823406,147.5438221823406,6330.0,6360.0,6578.5208181625285,6768.5208181625285,400.0,3209.654198875569,0.0,0,0,0,1
S5,continuous,E,634,241,6340.0,6350.0,6365.624213482131,6365.624213482131,6392.509194454502,10.0,10.0,0.0,10.0,6350.0,6380.0,6382.509194454502,6572.509194454502,300.0,1165.8290615498609,0.0,0,0,0,0
S5,continuous,E,635,297,6350.0,6542.224476457803,6628.7286236947775,6628.7286236947775,6679.458848315111,192.22447645780267,192.22447645780267,0.0,192.22447645780267,6542.224476457803,6572.224476457803,6669.458848315111,6859.458848315111,350.0,4422.237403346665,0.0,0,0,0,1
S5,continuous,E,636,263,6360.0,6360.0,6415.706823252317,6726.459376417803,6762.517468197032,0.0,0.0,310.75255316548555,310.75255316548555,6360.0,6390.0,6752.517468197032,6942.517468197032,450.0,1415.7966189149288,0.0,0,0,0,1
S5,continuous,E,637,174,6370.0,6615.814608227205,6665.897090913166,6788.764101084168,6792.5867617400645,245.8146082272051,185.8146082272051,122.86701017100222,308.6816183982073,6615.814608227205,6645.814608227205,6788.764101084168,6978.764101084168,300.0,846.2482974229563,0.0,0,0,0,0
S5,continuous,E,638,255,6380.0,6380.0,6432.38150555892,6847.560531527371,6869.412048513087,0.0,0.0,415.17902596845033,415.17902596845033,6380.0,6410.0,6859.412048513087,7049.412048513087,400.0,1558.0221143081799,0.0,0,0,0,1
S5,continuous,E,639,106,6390.0,6895.586450440707,6959.747172664172,6959.747172664172,7011.678995150521,505.58645044070727,505.58645044070727,0.0,505.58645044070727,6895.586450440707,6925.586450440707,7001.678995150521,7191.678995150521,300.0,2480.596140878511,0.0,0,0,0,0
S5,continuous,E,640,36,6400.0,6400.0,6510.79778425616,6906.459376417803,6952.517468197032,0.0,0.0,395.66159216164215,395.66159216164215,6400.0,6430.0,6942.517468197032,7132.517468197032,500.0,3849.712621290312,0.0,0,0,0,1
S5,continuous,E,641,4,6410.0,7132.517468197032,7201.962362863511,7201.962362863511,7252.692587483844,722.517468197032,722.517468197032,0.0,722.517468197032,7132.517468197032,7162.517468197032,7242.692587483844,7432.692587483844,350.0,3893.0617744811348,0.0,0,0,0,1
S5,continuous,E,642,208,6420.0,6420.0,6483.723950185794,6483.723950185794,6489.464077466313,0.0,0.0,0.0,0.0,6420.0,6450.0,6483.723950185794,6673.723950185794,300.0,2239.6007605727914,0.0,0,0,0,0
S5,continuous,E,643,282,6430.0,6590.58828639139,6642.8983678826735,6724.920053711381,6759.420453356406,160.58828639139028,160.58828639139028,82.02168582870763,242.60997222009792,6590.58828639139,6620.58828639139,6749.420453356406,6939.420453356406,350.0,2175.558826847247,0.0,0,0,0,1
S5,continuous,E,644,15,6440.0,6440.0,6496.771563565427,6496.771563565427,6560.163562171157,0.0,0.0,0.0,0.0,6440.0,6470.0,6550.163562171157,6740.163562171157,350.0,3474.8541552696856,0.0,0,0,0,1
S5,continuous,E,645,203,6450.0,6835.443003658459,6881.385630367818,6914.920053711381,6949.420453356406,385.443003658459,205.44300365845902,33.5344233435635,238.97742700202252,6835.443003658459,6865.443003658459,6939.420453356406,7129.420453356406,350.0,1462.626195307939,0.0,0,0,0,1
S5,continuous,E,646,81,6460.0,6664.6107621024685,6753.82189658009,6753.82189658009,6790.70687755246,204.61076210246847,204.61076210246847,0.0,204.61076210246847,6664.6107621024685,6694.6107621024685,6780.70687755246,6970.70687755246,350.0,3299.2769410343053,0.0,0,0,0,1
S5,continuous,E,647,222,6470.0,6470.0,6602.08385788601,6678.502944992545,6698.6631631894425,0.0,0.0,76.41908710653479,76.41908710653479,6470.0,6500.0,6688.6631631894425,6878.6631631894425,350.0,5087.26256339363,0.0,0,0,0,1
S5,continuous,E,648,60,6480.0,6480.0,6539.981019629158,7094.920053711381,7139.420453356406,0.0,0.0,554.9390340822229,554.9390340822229,6480.0,6510.0,7129.420453356406,7319.420453356406,400.0,2232.6082823623037,0.0,0,0,0,1
S5,continuous,E,649,22,6490.0,6490.0,6530.30517377775,6530.30517377775,6530.470742568897,0.0,0.0,0.0,0.0,6490.0,6520.0,6530.30517377775,6720.30517377775,300.0,1776.888512002245,0.0,0,0,0,0
S5,continuous,E,650,58,6500.0,6873.008512978794,6960.039827292847,7242.36309162127,7280.771617333778,373.008512978794,373.008512978794,282.32326432842274,655.3317773072167,6873.008512978794,6903.008512978794,7270.771617333778,7460.771617333778,400.0,3772.663468611281,0.0,0,0,0,1
S5,continuous,E,651,28,6510.0,6925.586450440707,7011.310859706251,7011.310859706251,7021.476428497398,415.58645044070727,415.58645044070727,0.0,415.58645044070727,6925.586450440707,6955.586450440707,7011.476428497398,7201.476428497398,350.0,3092.677341874426,0.0,0,0,0,1
S5,continuous,E,652,67,6520.0,6768.5208181625285,6824.487961260651,6824.487961260651,6838.2455574379,248.52081816252849,248.52081816252849,0.0,248.52081816252849,6768.5208181625285,6798.5208181625285,6828.2455574379,7018.2455574379,350.0,2692.831517473317,0.0,0,0,0,1
S5,continuous,E,653,286,6530.0,6716.372363685178,6778.19439945299,6981.2384715632115,7028.925634644977,186.37236368517824,186.37236368517824,203.04407211022135,389.4164357953996,6716.372363685178,6746.372363685178,7018.925634644977,7208.925634644977,450.0,1579.386778290283,0.0,0,0,0,1
S5,continuous,E,654,200,6540.0,7049.412048513087,7116.393735253441,7116.393735253441,7143.438230332543,509.41204851308703,509.41204851308703,0.0,509.41204851308703,7049.412048513087,7079.412048513087,7133.438230332543,7323.438230332543,350.0,3869.824710633304,0.0,0,0,0,1
S5,continuous,E,655,151,6550.0,6550.0,6596.435073036695,6596.435073036695,6624.843598749203,0.0,0.0,0.0,0.0,6550.0,6580.0,6614.843598749203,6804.843598749203,350.0,2389.3290667452147,0.0,0,0,0,1
S5,continuous,E,656,201,6560.0,6560.0,6642.119036406587,6642.119036406587,6666.891213441238,0.0,0.0,0.0,0.0,6560.0,6590.0,6656.891213441238,6846.891213441238,350.0,2490.8391119116973,0.0,0,0,0,1
S5,continuous,E,657,126,6570.0,6596.390951066761,6685.432647906434,6933.82189658009,6980.70687755246,26.390951066760863,26.390951066760863,248.38924867365586,274.7801997404167,6596.390951066761,6626.390951066761,6970.70687755246,7160.70687755246,400.0,1670.8190291865099,0.0,0,0,0,1
S5,continuous,E,658,102,6580.0,6880.0,6980.031542099138,6980.031542099138,7038.753716743111,300.0,0.0,0.0,0.0,6880.0,6910.0,7028.753716743111,7218.753716743111,500.0,3456.4821916349174,0.0,0,0,0,1
S5,continuous,E,659,140,6590.0,7319.420453356406,7418.005285406138,7418.005285406138,7438.165503603035,729.4204533564061,729.4204533564061,0.0,729.4204533564061,7319.420453356406,7349.420453356406,7428.165503603035,7618.165503603035,350.0,4545.598582856708,0.0,0,0,0,1
S5,continuous,E,660,153,6600.0,6600.0,6704.452380036463,6818.7286236947775,6869.458848315111,0.0,0.0,114.27624365831434,114.27624365831434,6600.0,6630.0,6859.458848315111,7049.458848315111,350.0,4467.316651014097,0.0,0,0,0,1
S5,continuous,E,661,176,6610.0,6610.0,6665.865200931958,6974.941440428272,6988.764101084168,0.0,0.0,309.076239496314,309.076239496314,6610.0,6640.0,6978.764101084168,7168.764101084168,350.0,2421.4983409366514,0.0,0,0,0,1
S5,continuous,E,662,32,6620.0,6620.0,6732.478648898168,6809.945871819974,6883.1909178449905,0.0,0.0,77.46722292180584,77.46722292180584,6620.0,6650.0,6873.1909178449905,7063.1909178449905,400.0,3429.0061033447882,0.0,0,0,0,1
S5,continuous,E,663,45,6630.0,7049.458848315111,7167.40428033525,7167.40428033525,7225.198099525663,419.458848315111,419.458848315111,0.0,419.458848315111,7049.458848315111,7079.458848315111,7215.198099525663,7405.198099525663,350.0,5023.6340457074375,0.0,0,0,0,1
S5,continuous,E,664,152,6640.0,6640.0,6666.114476722649,6827.613218632713,6841.682655456444,0.0,0.0,161.49874191006438,161.49874191006438,6640.0,6670.0,6831.682655456444,7021.682655456444,300.0,1056.0172744885213,0.0,0,0,0,0
S5,continuous,E,665,14,6650.0,6670.0,6741.052801661665,7113.82189658009,7170.70687755246,20.0,20.0,372.76909491842434,392.76909491842434,6670.0,6700.0,7160.70687755246,7350.70687755246,450.0,2415.9833244994998,0.0,0,0,0,1
S5,continuous,E,666,77,6660.0,6742.883645251147,6795.714133219577,6795.714133219577,6816.802189241466,82.88364525114685,82.88364525114685,0.0,82.88364525114685,6742.883645251147,6772.883645251147,6806.802189241466,6996.802189241466,300.0,2588.241323143955,0.0,0,0,0,0
S5,continuous,E,667,243,6670.0,6670.0,6765.413713453266,6765.413713453266,6787.661740877158,0.0,0.0,0.0,0.0,6670.0,6700.0,6777.661740877158,6967.661740877158,350.0,2653.025314012311,0.0,0,0,0,1
S5,continuous,E,668,57,6680.0,6680.0,6757.806010027207,6757.806010027207,6783.725310603747,0.0,0.0,0.0,0.0,6680.0,6710.0,6773.725310603747,6963.725310603747,350.0,3889.99466348142,0.0,0,0,0,1
S5,continuous,E,669,184,6690.0,6746.372363685178,6799.755897019442,6799.755897019442,6852.724313208419,56.37236368517824,56.37236368517824,0.0,56.37236368517824,6746.372363685178,6776.372363685178,6842.724313208419,7032.724313208419,300.0,2893.2262149231838,0.0,0,0,0,0
S5,continuous,E,670,278,6700.0,6700.0,6796.504147236975,7381.962362863511,7442.692587483844,0.0,0.0,585.458215626536,585.458215626536,6700.0,6730.0,7432.692587483844,7622.692587483844,400.0,4522.237403346665,0.0,0,0,0,1
S5,continuous,E,671,159,6710.0,6710.0,6756.494980227028,6932.238702552315,6965.586450440707,0.0,0.0,175.7437223252873,175.7437223252873,6710.0,6740.0,6955.586450440707,7145.586450440707,300.0,1133.2442800587341,0.5259425772966324,1,0,1,0
S5,continuous,E,672,218,6720.0,6720.0,6839.211134477621,7293.82189658009,7360.70687755246,0.0,0.0,454.61076210246847,454.61076210246847,6720.0,6750.0,7350.70687755246,7540.70687755246,500.0,3599.2769410343053,0.0,0,0,0,1
S5,continuous,E,673,105,6730.0,6730.0,6825.524137269079,6947.806010027207,6973.725310603747,0.0,0.0,122.28187275812797,122.28187275812797,6730.0,6760.0,6963.725310603747,7153.725310603747,350.0,3390.248120453955,0.0,0,0,0,1
S5,continuous,E,674,37,6740.0,6740.0,6846.961921826624,7161.2384715632115,7218.925634644977,0.0,0.0,314.2765497365872,314.2765497365872,6740.0,6770.0,7208.925634644977,7398.925634644977,500.0,4324.281880381411,0.0,0,0,0,1
S5,continuous,E,675,215,6750.0,7398.925634644977,7475.432157532727,7475.432157532727,7489.254818188623,648.9256346449774,648.9256346449774,0.0,648.9256346449774,7398.925634644977,7428.925634644977,7479.254818188623,7669.254818188623,350.0,3462.1731057538937,0.0,0,0,0,1
S5,continuous,E,676,296,6760.0,7540.70687755246,7603.536038385636,7603.536038385636,7618.625520898706,780.7068775524604,780.7068775524604,0.0,780.7068775524604,7540.70687755246,7570.70687755246,7608.625520898706,7798.625520898706,300.0,2606.1509748141852,0.0,0,0,0,0
S5,continuous,E,677,95,6770.0,6772.883645251147,6802.675224364305,6965.413713453266,6977.661740877158,2.883645251146845,2.883645251146845,162.7384890889607,165.62213434010755,6772.883645251147,6802.883645251147,6967.661740877158,7157.661740877158,300.0,1008.1139231358671,0.0,0,0,0,0
S5,continuous,E,678,299,6780.0,6780.0,6872.328800425186,6872.328800425186,6935.720799030916,0.0,0.0,0.0,0.0,6780.0,6810.0,6925.720799030916,7115.720799030916,350.0,4804.469491496455,0.0,0,0,0,1
S5,continuous,E,679,182,6790.0,6865.443003658459,6952.852594048276,7014.487961260651,7028.2455574379,75.44300365845902,75.44300365845902,61.63536721237506,137.07837087083408,6865.443003658459,6895.443003658459,7018.2455574379,7208.2455574379,350.0,4123.376423332997,0.0,0,0,0,1
S5,continuous,E,680,171,6800.0,6800.0,6922.315232808906,7194.48796126065,7218.2455574379,0.0,0.0,272.17272845174375,272.17272845174375,6800.0,6830.0,7208.2455574379,7398.2455574379,400.0,5421.665398123943,0.0,0,0,0,1
S5,continuous,E,681,280,6810.0,6810.0,6864.528009493918,6985.714133219577,7006.802189241466,0.0,0.0,121.18612372565894,121.18612372565894,6810.0,6840.0,6996.802189241466,7186.802189241466,300.0,1249.6833793366443,0.0,0,0,0,0
S5,continuous,E,682,174,6820.0,6820.0,6869.639330501554,7139.747172664172,7201.678995150521,0.0,0.0,270.107842162618,270.107842162618,6820.0,6850.0,7191.678995150521,7381.678995150521,350.0,1963.0496576745238,0.0,0,0,0,1
S5,continuous,E,683,114,6830.0,6830.0,6942.8730089163855,6942.8730089163855,6967.962491429455,0.0,0.0,0.0,0.0,6830.0,6860.0,6957.962491429455,7147.962491429455,350.0,4817.757744655422,0.0,0,0,0,1
S5,continuous,E,684,63,6840.0,7063.1909178449905,7149.80242687624,7422.36309162127,7470.771617333778,223.1909178449905,223.1909178449905,272.5606647450295,495.75158259002,7063.1909178449905,7093.1909178449905,7460.771617333778,7650.771617333778,450.0,882.6987257698047,0.0,0,0,0,1
S5,continuous,E,685,2,6850.0,7153.725310603747,7198.039814270314,7198.039814270314,7243.973169875757,303.72531060374695,303.72531060374695,0.0,303.72531060374695,7153.725310603747,7183.725310603747,7233.973169875757,7423.973169875757,350.0,1585.6101535783898,0.0,0,0,0,1
S5,continuous,E,686,264,6860.0,6860.0,6910.697849060335,6910.697849060335,6925.470026094986,0.0,0.0,0.0,0.0,6860.0,6890.0,6915.470026094986,7105.470026094986,300.0,1835.579385839495,0.0,0,0,0,0
S5,continuous,E,687,223,6870.0,7157.661740877158,7238.788630789851,7598.005285406138,7628.165503603035,287.6617408771581,287.6617408771581,359.2166546162871,646.8783954934452,7157.661740877158,7187.661740877158,7618.165503603035,7808.165503603035,400.0,3570.6320606906306,0.0,0,0,0,1
S5,continuous,E,688,207,6880.0,6880.0,6950.855307297557,6950.855307297557,7008.64912648797,0.0,0.0,0.0,0.0,6880.0,6910.0,6998.64912648797,7188.64912648797,350.0,3164.276719273361,0.0,0,0,0,1
S5,continuous,E,689,261,6890.0,7168.764101084168,7244.506907126432,7244.506907126432,7270.4262077029725,278.76410108416803,278.76410108416803,0.0,278.76410108416803,7168.764101084168,7198.764101084168,7260.4262077029725,7450.4262077029725,350.0,4326.719498586736,0.0,0,0,0,1
S5,continuous,E,690,49,6900.0,6900.0,6931.666987183116,6931.666987183116,6974.705309694728,0.0,0.0,0.0,0.0,6900.0,6930.0,6964.705309694728,7154.705309694728,350.0,1081.3753679634633,0.0,0,0,0,1
S5,continuous,E,691,262,6910.0,7090.0,7186.549048788064,7381.2384715632115,7438.925634644977,180.0,0.0,194.68942277514725,194.68942277514725,7090.0,7120.0,7428.925634644977,7618.925634644977,500.0,2125.2125934280243,0.0,0,0,0,1
S5,continuous,E,692,185,6920.0,7187.661740877158,7248.683979666712,7388.039814270314,7433.973169875757,267.6617408771581,267.6617408771581,139.3558346036025,407.01757548076057,7187.661740877158,7217.661740877158,7423.973169875757,7613.973169875757,350.0,2925.85433952409,0.0,0,0,0,1
S5,continuous,E,693,217,6930.0,6930.0,7049.161789335719,7200.031542099138,7228.753716743111,0.0,0.0,150.86975276341946,150.86975276341946,6930.0,6960.0,7218.753716743111,7408.753716743111,350.0,4980.105961900438,0.0,0,0,0,1
S5,continuous,E,694,198,6940.0,7570.70687755246,7642.509698146551,7642.509698146551,7695.901696752281,630.7068775524604,630.7068775524604,0.0,630.7068775524604,7570.70687755246,7600.70687755246,7685.901696752281,7875.901696752281,300.0,3395.907539338546,0.0,0,0,0,0
S5,continuous,E,695,172,6950.0,7032.724313208419,7135.0150970260065,7347.40428033525,7415.198099525663,82.72431320841861,82.72431320841861,212.3891833092439,295.1134965176625,7032.724313208419,7062.724313208419,7405.198099525663,7595.198099525663,400.0,2658.635685471041,0.0,0,0,0,1
S5,continuous,E,696,219,6960.0,7408.753716743111,7434.7793843801255,7434.7793843801255,7469.371165047992,448.753716743111,448.753716743111,0.0,448.753716743111,7408.753716743111,7438.753716743111,7459.371165047992,7649.371165047992,300.0,753.4693094286329,0.0,0,0,0,0
S5,continuous,E,697,93,6970.0,6970.0,7035.212161374802,7319.747172664172,7391.678995150521,0.0,0.0,284.5350112893693,284.5350112893693,6970.0,7000.0,7381.678995150521,7571.678995150521,400.0,2485.66975653043,0.0,0,0,0,1
S5,continuous,E,698,125,6980.0,7105.470026094986,7155.856614078984,7165.714133219577,7196.802189241466,125.47002609498577,125.47002609498577,9.857519140592558,135.32754523557833,7105.470026094986,7135.470026094986,7186.802189241466,7376.802189241466,350.0,1986.9285619059049,0.0,0,0,0,1
S5,continuous,E,699,128,6990.0,7145.586450440707,7243.2804736185235,7243.2804736185235,7269.304259254547,155.58645044070727,155.58645044070727,0.0,155.58645044070727,7145.586450440707,7175.586450440707,7259.304259254547,7449.304259254547,350.0,3969.942686916995,0.0,0,0,0,1
S5,continuous,E,700,42,7000.0,7135.470026094986,7160.3800947208865,7160.3800947208865,7179.126866345877,135.47002609498577,135.47002609498577,0.0,135.47002609498577,7135.470026094986,7165.470026094986,7169.126866345877,7359.126866345877,300.0,843.4541827148662,0.0,0,0,0,0
S5,continuous,E,701,208,7010.0,7198.764101084168,7311.375912896477,7311.375912896477,7341.34963500214,188.76410108416803,188.76410108416803,0.0,188.76410108416803,7198.764101084168,7228.764101084168,7331.34963500214,7521.34963500214,350.0,6804.925324235258,0.0,0,0,0,1
S5,continuous,E,702,138,7020.0,7140.0,7225.430007172863,7394.487961260651,7408.2455574379,120.0,0.0,169.05795408778795,169.05795408778795,7140.0,7170.0,7398.2455574379,7588.2455574379,350.0,2931.564863408152,0.0,0,0,0,1
S5,continuous,E,703,239,7030.0,7115.720799030916,7220.289468049799,7220.289468049799,7283.257884238776,85.72079903091617,85.72079903091617,0.0,85.72079903091617,7115.720799030916,7145.720799030916,7273.257884238776,7463.257884238776,350.0,3376.9134348503844,0.0,0,0,0,1
S5,continuous,E,704,116,7040.0,7438.753716743111,7498.441663454532,7498.441663454532,7514.181790735051,398.753716743111,398.753716743111,0.0,398.753716743111,7438.753716743111,7468.753716743111,7504.181790735051,7694.181790735051,350.0,2286.6963141190313,0.0,0,0,0,1
S5,continuous,E,705,46,7050.0,7600.70687755246,7642.54246336014,7642.54246336014,7661.28923498513,550.7068775524604,550.7068775524604,0.0,550.7068775524604,7600.70687755246,7630.70687755246,7651.28923498513,7841.28923498513,300.0,1224.865752007391,0.0,0,0,0,0
S5,continuous,E,706,145,7060.0,7521.34963500214,7628.223797991707,7628.223797991707,7641.981394168957,461.3496350021396,161.34963500213962,0.0,161.34963500213962,7521.34963500214,7551.34963500214,7631.981394168957,7821.981394168957,350.0,5345.352650341527,0.0,0,0,0,1
S5,continuous,E,707,167,7070.0,7183.725310603747,7233.087127097695,7233.087127097695,7253.275484775571,113.72531060374695,113.72531060374695,0.0,113.72531060374695,7183.725310603747,7213.725310603747,7243.275484775571,7433.275484775571,350.0,1793.372685765952,0.0,0,0,0,1
S5,continuous,E,708,56,7080.0,7080.0,7097.225980935243,7350.3800947208865,7369.126866345877,0.0,0.0,253.15411378564386,253.15411378564386,7080.0,7110.0,7359.126866345877,7549.126866345877,300.0,888.1580715091203,0.0,0,0,0,0
S5,continuous,E,709,47,7090.0,7110.0,7142.2142791314645,7142.2142791314645,7165.3494549349525,20.0,20.0,0.0,20.0,7110.0,7140.0,7155.3494549349525,7345.3494549349525,350.0,1292.653305483046,0.0,0,0,0,1
S5,continuous,E,710,41,7100.0,7618.925634644977,7703.386361875491,7703.386361875491,7723.574719553368,518.9256346449774,518.9256346449774,0.0,518.9256346449774,7618.925634644977,7648.925634644977,7713.574719553368,7903.574719553368,350.0,4024.2818803814107,0.0,0,0,0,1
S5,continuous,E,711,127,7110.0,7120.0,7244.452380036463,7561.962362863511,7632.692587483844,10.0,10.0,317.5099828270477,327.5099828270477,7120.0,7150.0,7622.692587483844,7812.692587483844,450.0,4667.316651014097,0.0,0,0,0,1
S5,continuous,E,712,70,7120.0,7349.420453356406,7433.219463753766,7433.219463753766,7496.611462359496,229.42045335640614,229.42045335640614,0.0,229.42045335640614,7349.420453356406,7379.420453356406,7486.611462359496,7676.611462359496,350.0,3776.036041409431,0.0,0,0,0,1
S5,continuous,E,713,153,7130.0,7170.0,7282.8730089163855,7282.8730089163855,7307.962491429455,40.0,40.0,0.0,40.0,7170.0,7200.0,7297.962491429455,7487.962491429455,350.0,4817.757744655422,0.0,0,0,0,1
S5,continuous,E,714,258,7140.0,7613.973169875757,7706.162215985001,7706.162215985001,7723.206711064103,473.97316987575687,353.97316987575687,0.0,353.97316987575687,7613.973169875757,7643.973169875757,7713.206711064103,7903.206711064103,300.0,4015.2686203428207,0.0,0,0,0,0
S5,continuous,E,715,67,7150.0,7150.0,7245.943340497342,7798.223797991708,7831.981394168957,0.0,0.0,552.2804574943657,552.2804574943657,7150.0,7180.0,7821.981394168957,8011.981394168957,450.0,4361.036165077072,0.0,0,0,0,1
S5,continuous,E,716,155,7160.0,7201.476428497398,7233.4580759199,7233.4580759199,7269.69815327162,41.47642849739805,41.47642849739805,0.0,41.47642849739805,7201.476428497398,7231.476428497398,7259.69815327162,7449.69815327162,350.0,1686.4334728046601,0.0,0,0,0,1
S5,continuous,E,717,119,7170.0,7350.0,7436.549048788064,7611.2384715632115,7658.925634644977,180.0,0.0,174.68942277514725,174.68942277514725,7350.0,7380.0,7648.925634644977,7838.925634644977,450.0,2025.2125934280243,0.0,0,0,0,1
S5,continuous,E,718,228,7180.0,7345.3494549349525,7423.155464962159,7434.506907126432,7460.4262077029725,165.34945493495252,165.34945493495252,11.351442164273067,176.70089709922559,7345.3494549349525,7375.3494549349525,7450.4262077029725,7640.4262077029725,350.0,3889.99466348142,0.0,0,0,0,1
S5,continuous,E,719,203,7190.0,7379.420453356406,7452.551250350003,7452.551250350003,7464.40276733572,189.42045335640614,189.42045335640614,0.0,189.42045335640614,7379.420453356406,7409.420453356406,7454.40276733572,7644.40276733572,350.0,2807.1194063918224,0.0,0,0,0,1
S5,continuous,E,720,52,7200.0,7200.0,7247.060580543859,7614.506907126432,7650.4262077029725,0.0,0.0,367.4463265825734,367.4463265825734,7200.0,7230.0,7640.4262077029725,7830.4262077029725,400.0,1593.2025358522287,0.0,0,0,0,1
S5,continuous,E,721,14,7210.0,7549.126866345877,7582.068983363013,7582.068983363013,7594.3170107869055,339.1268663458768,339.1268663458768,0.0,339.1268663458768,7549.126866345877,7579.126866345877,7584.3170107869055,7774.3170107869055,300.0,1101.33035472079,0.0,0,0,0,0
S5,continuous,E,722,243,7220.0,7220.0,7287.389705529916,7287.389705529916,7327.783611481818,0.0,0.0,0.0,0.0,7220.0,7250.0,7317.783611481818,7507.783611481818,300.0,4353.706097454215,1.0356433382421528,2,0,2,0
S5,continuous,E,723,114,7230.0,7463.257884238776,7551.645938080546,7551.645938080546,7567.66972371657,233.25788423877566,173.25788423877566,0.0,173.25788423877566,7463.257884238776,7493.257884238776,7557.66972371657,7747.66972371657,300.0,2706.2701859779236,0.0,0,0,0,0
S5,continuous,E,724,288,7240.0,7240.0,7347.8371236258845,7527.40428033525,7605.198099525663,0.0,0.0,179.56715670936592,179.56715670936592,7240.0,7270.0,7595.198099525663,7785.198099525663,450.0,4358.753333088862,0.0,0,0,0,1
S5,continuous,E,725,73,7250.0,7838.925634644977,7880.951264689875,7880.951264689875,7882.802781675591,588.9256346449774,588.9256346449774,0.0,588.9256346449774,7838.925634644977,7868.925634644977,7880.951264689875,8070.951264689875,300.0,1720.2578645461772,0.505142610560597,1,0,1,0
S5,continuous,E,726,132,7260.0,7260.0,7313.764975247542,7467.389705529916,7517.783611481818,0.0,0.0,153.624730282374,153.624730282374,7260.0,7290.0,7507.783611481818,7697.783611481818,350.0,3209.4244708082324,0.0,0,0,0,1
S5,continuous,E,727,253,7270.0,7270.0,7335.767820013501,7355.714133219577,7386.802189241466,0.0,0.0,19.94631320607641,19.94631320607641,7270.0,7300.0,7376.802189241466,7566.802189241466,350.0,3549.7126212903117,0.0,0,0,0,1
S5,continuous,E,728,282,7280.0,7280.0,7333.939096913349,7333.939096913349,7334.104665704496,0.0,0.0,0.0,0.0,7280.0,7310.0,7333.939096913349,7523.939096913349,300.0,2227.4103002568277,0.0,0,0,0,0
S5,continuous,E,729,225,7290.0,7875.901696752281,8005.39686612629,8005.39686612629,8025.557084323187,585.9016967522812,405.90169675228117,0.0,405.90169675228117,7875.901696752281,7905.901696752281,8015.557084323187,8205.557084323187,350.0,4824.639135231695,0.0,0,0,0,1
S5,continuous,E,730,175,7300.0,7905.901696752281,8035.39686612629,8195.39686612629,8215.557084323187,605.9016967522812,425.90169675228117,160.0,585.9016967522812,7905.901696752281,7935.901696752281,8205.557084323187,8395.557084323187,350.0,4824.639135231695,0.0,0,0,0,1
S5,continuous,E,731,26,7310.0,7812.692587483844,7916.809614991427,7916.809614991427,7932.867706770657,502.69258748384436,502.69258748384436,0.0,502.69258748384436,7812.692587483844,7842.692587483844,7922.867706770657,8112.867706770657,350.0,3893.0617744811343,0.0,0,0,0,1
S5,continuous,E,732,99,7320.0,7493.257884238776,7615.2899331260205,7794.506907126432,7840.4262077029725,173.25788423877566,173.25788423877566,179.21697400041194,352.4748582391876,7493.257884238776,7523.257884238776,7830.4262077029725,8020.4262077029725,450.0,3248.680763712148,0.0,0,0,0,1
S5,continuous,E,733,164,7330.0,7330.0,7413.61074182434,7783.536038385636,7808.625520898706,0.0,0.0,369.9252965612959,369.9252965612959,7330.0,7360.0,7798.625520898706,7988.625520898706,350.0,3045.466979305298,0.0,0,0,0,1
S5,continuous,E,734,2,7340.0,7340.0,7464.568669018883,7464.568669018883,7547.5370852078595,0.0,0.0,0.0,0.0,7340.0,7370.0,7537.5370852078595,7727.5370852078595,450.0,3576.9134348503844,0.0,0,0,0,1
S5,continuous,E,735,6,7350.0,7523.939096913349,7619.683882900718,7978.223797991707,8021.981394168957,173.9390969133492,173.9390969133492,358.53991509098887,532.4790120043381,7523.939096913349,7553.939096913349,8011.981394168957,8201.981394168957,500.0,4124.896971256798,0.0,0,0,0,1
S5,continuous,E,736,120,7360.0,7579.126866345877,7608.691139301658,7684.568669018883,7737.5370852078595,219.1268663458768,219.1268663458768,75.87752971722512,295.0043960631019,7579.126866345877,7609.126866345877,7727.5370852078595,7917.5370852078595,300.0,1079.7426944559156,0.0,0,0,0,0
S5,continuous,E,737,55,7370.0,7808.165503603035,7878.479186969029,7878.479186969029,7905.331589480285,438.1655036030352,378.1655036030352,0.0,378.1655036030352,7808.165503603035,7838.165503603035,7895.331589480285,8085.331589480285,350.0,3578.6274481471614,0.0,0,0,0,1
S5,continuous,E,738,168,7380.0,7842.692587483844,7953.283411472775,7953.283411472775,7997.875192140641,462.69258748384436,462.69258748384436,0.0,462.69258748384436,7842.692587483844,7872.692587483844,7987.875192140641,8177.875192140641,350.0,4467.316651014097,0.0,0,0,0,1
S5,continuous,E,739,150,7390.0,7609.126866345877,7635.544185201228,7635.544185201228,7648.679361004716,219.1268663458768,219.1268663458768,0.0,219.1268663458768,7609.126866345877,7639.126866345877,7638.679361004716,7828.679361004716,300.0,670.7795524998058,0.0,0,0,0,0
S5,continuous,E,740,48,7400.0,7571.678995150521,7741.843621912519,8158.223797991707,8211.981394168957,171.67899515052068,171.67899515052068,416.38017607918846,588.0591712297091,7571.678995150521,7601.678995150521,8201.981394168957,8391.981394168957,550.0,5327.300711694566,0.0,0,0,0,1
S5,continuous,E,741,107,7410.0,7410.0,7478.256329853587,7822.54246336014,7851.28923498513,0.0,0.0,344.2861335065527,344.2861335065527,7410.0,7440.0,7841.28923498513,8031.28923498513,350.0,2040.1259601480303,0.0,0,0,0,1
S5,continuous,E,742,213,7420.0,7420.0,7492.775567908383,7545.714133219577,7576.802189241466,0.0,0.0,52.938565311194,52.938565311194,7420.0,7450.0,7566.802189241466,7756.802189241466,350.0,4049.5676730352834,0.0,0,0,0,1
S5,continuous,E,743,279,7430.0,7430.0,7489.395293743061,7593.82189658009,7640.70687755246,0.0,0.0,104.42660283702844,104.42660283702844,7430.0,7460.0,7630.70687755246,7820.70687755246,400.0,1909.700624521327,0.0,0,0,0,1
S5,continuous,E,744,226,7440.0,7468.753716743111,7565.116407436416,7834.568669018883,7927.5370852078595,28.753716743111,28.753716743111,269.45226158246714,298.20597832557814,7468.753716743111,7498.753716743111,7917.5370852078595,8107.5370852078595,500.0,3267.820690786876,0.0,0,0,0,1
S5,continuous,E,745,191,7450.0,7510.0,7601.022238789554,7601.022238789554,7676.955594394996,60.0,0.0,0.0,0.0,7510.0,7540.0,7666.955594394996,7856.955594394996,500.0,3225.85433952409,0.0,0,0,0,1
S5,continuous,E,746,20,7460.0,7460.0,7504.471566108457,7504.471566108457,7514.659923786334,0.0,0.0,0.0,0.0,7460.0,7490.0,7504.659923786334,7694.659923786334,300.0,1976.4813740923587,0.0,0,0,0,0
S5,continuous,E,747,166,7470.0,7856.955594394996,7921.8167432242835,8078.479186969029,8095.331589480285,386.9555943949963,386.9555943949963,156.66244374474536,543.6180381397417,7856.955594394996,7886.955594394996,8085.331589480285,8275.331589480285,300.0,2192.4483388398185,0.0,0,0,0,0
S5,continuous,E,748,117,7480.0,7480.0,7544.784690123213,7614.7793843801255,7659.371165047992,0.0,0.0,69.99469425691223,69.99469425691223,7480.0,7510.0,7649.371165047992,7839.371165047992,350.0,2414.4136001103707,0.0,0,0,0,1
S5,continuous,E,749,49,7490.0,7601.678995150521,7723.545086068334,7883.386361875491,7913.574719553368,111.67899515052068,111.67899515052068,159.84127580715722,271.5202709576779,7601.678995150521,7631.678995150521,7903.574719553368,8093.574719553368,400.0,3839.552129585409,0.0,0,0,0,1
S5,continuous,E,750,156,7500.0,7785.198099525663,7874.8021846235915,8012.54246336014,8041.28923498513,285.19809952566266,285.19809952566266,137.74027873654813,422.9383782622108,7785.198099525663,7815.198099525663,8031.28923498513,8221.28923498513,350.0,2553.387347911442,0.0,0,0,0,1
S5,continuous,E,751,151,7510.0,7872.692587483844,7984.007658764613,8004.506907126432,8030.4262077029725,362.69258748384436,362.69258748384436,20.49924836181981,383.1918358456642,7872.692587483844,7902.692587483844,8020.4262077029725,8210.426207702973,350.0,4422.237403346665,0.0,0,0,0,1
S5,continuous,E,752,200,7520.0,7520.0,7608.041698608639,7632.36309162127,7660.771617333778,0.0,0.0,24.321393012630324,24.321393012630324,7520.0,7550.0,7650.771617333778,7840.771617333778,350.0,4343.745339260575,0.0,0,0,0,1
S5,continuous,E,753,47,7530.0,7815.198099525663,7944.867231296065,7944.867231296065,8018.259229901795,285.19809952566266,285.19809952566266,0.0,285.19809952566266,7815.198099525663,7845.198099525663,8008.259229901795,8198.259229901796,400.0,4830.94992764673,0.0,0,0,0,1
S5,continuous,E,754,106,7540.0,7935.901696752281,8053.968108625042,8053.968108625042,8087.3158565134345,395.90169675228117,395.90169675228117,0.0,395.90169675228117,7935.901696752281,7965.901696752281,8077.3158565134345,8267.315856513434,300.0,4745.326283606027,1.8866327668984013,2,2,2,0
S5,continuous,E,755,261,7550.0,7550.0,7641.893273012138,8164.506907126432,8220.426207702973,0.0,0.0,522.6136341142947,522.6136341142947,7550.0,7580.0,8210.426207702973,8400.426207702973,500.0,2899.9165488310628,0.0,0,0,0,1
S5,continuous,E,756,266,7560.0,7886.955594394996,7970.724231044181,7970.724231044181,8018.518050234593,326.9555943949963,326.9555943949963,0.0,326.9555943949963,7886.955594394996,7916.955594394996,8008.518050234593,8198.518050234594,300.0,3607.654610228701,0.0,0,0,0,0
S5,continuous,E,757,207,7570.0,7570.0,7636.771244189133,7636.771244189133,7663.011321540853,0.0,0.0,0.0,0.0,7570.0,7600.0,7653.011321540853,7843.011321540853,300.0,4209.034339648317,0.0,0,0,0,0
S5,continuous,E,758,217,7580.0,7868.925634644977,8028.717640434492,8335.39686612629,8405.557084323187,288.92563464497744,288.92563464497744,306.6792256917979,595.6048603367753,7868.925634644977,7898.925634644977,8395.557084323187,8585.557084323187,600.0,6212.893086909881,0.0,0,0,0,1
S5,continuous,E,759,268,7590.0,7590.0,7657.819784423888,7731.645938080546,7757.66972371657,0.0,0.0,73.82615365665788,73.82615365665788,7590.0,7620.0,7747.66972371657,7937.66972371657,350.0,3167.1559523092646,0.0,0,0,0,1
S5,continuous,E,760,176,7600.0,7900.0,8002.898164253772,8150.724231044182,8208.518050234594,300.0,0.0,147.82606679040964,147.82606679040964,7900.0,7930.0,8198.518050234594,8388.518050234594,350.0,5905.633257394842,0.0,0,0,0,1
S5,continuous,E,761,23,7610.0,7930.0,7984.771746831237,7984.771746831237,8013.180272543745,320.0,20.0,0.0,20.0,7930.0,7960.0,8003.180272543745,8193.180272543745,350.0,2550.278961836302,0.0,0,0,0,1
S5,continuous,E,762,194,7620.0,7620.0,7649.330012930393,7649.330012930393,7663.399449754124,0.0,0.0,0.0,0.0,7620.0,7650.0,7653.399449754124,7843.399449754124,300.0,986.4498912840668,0.0,0,0,0,0
S5,continuous,E,763,27,7630.0,7843.399449754124,7874.3614793701,7874.3614793701,7882.314441585577,213.39944975412436,213.39944975412436,0.0,213.39944975412436,7843.399449754124,7873.399449754124,7874.3614793701,8064.3614793701,300.0,1236.2848480123657,0.0,0,0,0,0
S5,continuous,E,764,77,7640.0,7916.955594394996,8013.5043527068065,8192.54246336014,8231.28923498513,276.9555943949963,276.9555943949963,179.0381106533332,455.9937050483295,7916.955594394996,7946.955594394996,8221.28923498513,8411.28923498513,400.0,3181.0941499100113,0.0,0,0,0,1
S5,continuous,E,765,42,7650.0,7650.0,7717.161825618894,7805.544185201228,7838.679361004716,0.0,0.0,88.38235958233417,88.38235958233417,7650.0,7680.0,7828.679361004716,8018.679361004716,400.0,2919.364916989321,0.0,0,0,0,1
S5,continuous,E,766,24,7660.0,7660.0,7696.918484941651,7696.918484941651,7731.418884586676,0.0,0.0,0.0,0.0,7660.0,7690.0,7721.418884586676,7911.418884586676,350.0,1676.1571933688342,0.0,0,0,0,1
S5,continuous,E,767,163,7670.0,7845.198099525663,7965.612635715213,8083.386361875491,8103.574719553368,175.19809952566266,175.19809952566266,117.77372616027787,292.97182568594053,7845.198099525663,7875.198099525663,8093.574719553368,8283.574719553368,350.0,4564.625350950689,0.0,0,0,0,1
S5,continuous,E,768,155,7680.0,7843.011321540853,7894.562109766449,7894.562109766449,7923.284284410422,163.0113215408528,163.0113215408528,0.0,163.0113215408528,7843.011321540853,7873.011321540853,7913.284284410422,8103.284284410422,350.0,1345.5253182368444,0.0,0,0,0,1
S5,continuous,E,769,34,7690.0,7840.771617333778,7915.8766685554865,8372.54246336014,8421.28923498513,150.7716173337776,150.7716173337776,456.66579480465316,607.4374121384308,7840.771617333778,7870.771617333778,8411.28923498513,8601.28923498513,450.0,2265.5448539675444,0.0,0,0,0,1
S5,continuous,E,770,74,7700.0,7873.399449754124,7912.50800798028,7912.50800798028,7918.248135260799,173.39944975412436,173.39944975412436,0.0,173.39944975412436,7873.399449754124,7903.399449754124,7912.50800798028,8102.50800798028,300.0,1768.3225806829228,0.0,0,0,0,0
S5,continuous,E,771,255,7710.0,8400.426207702973,8473.444597479776,8582.54246336014,8611.28923498513,690.4262077029725,690.4262077029725,109.09786588036332,799.5240735833358,8400.426207702973,8430.426207702973,8601.28923498513,8791.28923498513,350.0,3413.269641025298,0.0,0,0,0,1
S5,continuous,E,772,141,7720.0,7720.0,7803.921461293737,7896.162215985001,7913.206711064103,0.0,0.0,92.24075469126456,92.24075469126456,7720.0,7750.0,7903.206711064103,8093.206711064103,300.0,5444.255821197652,0.0870619419401919,2,0,2,0
S5,continuous,E,773,2,7730.0,7730.0,7804.928302445043,7963.536038385636,7998.625520898706,0.0,0.0,158.60773594059265,158.60773594059265,7730.0,7760.0,7988.625520898706,8178.625520898706,400.0,2898.1027540407495,0.0,0,0,0,1
S5,continuous,E,774,15,7740.0,8791.28923498513,8864.60424525135,8864.60424525135,8880.66233703058,1051.28923498513,1051.28923498513,0.0,1051.28923498513,8791.28923498513,8821.28923498513,8870.66233703058,9060.66233703058,350.0,3195.2402264364255,0.0,0,0,0,1
S5,continuous,E,775,292,7750.0,7750.0,7780.320829109569,7931.645938080546,7947.66972371657,0.0,0.0,151.32510897097745,151.32510897097745,7750.0,7780.0,7937.66972371657,8127.66972371657,300.0,2091.2974600306584,0.0,0,0,0,0
S5,continuous,E,776,169,7760.0,7760.0,7918.280459684413,8525.39686612629,8595.557084323187,0.0,0.0,607.1164064418772,607.1164064418772,7760.0,7790.0,8585.557084323187,8775.557084323187,600.0,5971.118873429425,0.0,0,0,0,1
S5,continuous,E,777,4,7770.0,8070.0,8188.588485906479,8358.223797991708,8401.981394168957,300.0,0.0,169.6353120852291,169.6353120852291,8070.0,8100.0,8391.981394168957,8581.981394168957,500.0,4848.017866769742,0.0,0,0,0,1
S5,continuous,E,778,280,7780.0,7820.70687755246,7952.228228229757,8374.506907126433,8440.426207702973,40.706877552460355,40.706877552460355,422.27867889667505,462.9855564491354,7820.70687755246,7850.70687755246,8430.426207702973,8620.426207702973,550.0,4356.446054739645,0.0,0,0,0,1
S5,continuous,E,779,135,7790.0,8093.206711064103,8166.506896647006,8166.506896647006,8202.440252252449,303.2067110641028,303.2067110641028,0.0,303.2067110641028,8093.206711064103,8123.206711064103,8192.440252252449,8382.440252252449,300.0,4015.2686203428207,0.0,0,0,0,0
S5,continuous,E,780,59,7800.0,7873.011321540853,8037.294231292731,8715.39686612629,8785.557084323187,73.0113215408528,73.0113215408528,678.102634833559,751.1139563744118,7873.011321540853,7903.011321540853,8775.557084323187,8965.557084323187,600.0,5984.856971086929,0.0,0,0,0,1
S5,continuous,E,781,30,7810.0,7810.0,7890.57341401071,8164.771746831237,8203.180272543745,0.0,0.0,274.19833282052696,274.19833282052696,7810.0,7840.0,8193.180272543745,8383.180272543745,400.0,1839.3126955758792,0.0,0,0,0,1
S5,continuous,E,782,264,7820.0,7820.0,7870.349406463298,8096.864824196512,8110.0,0.0,0.0,226.51541773321424,226.51541773321424,7820.0,7850.0,8100.0,8290.0,300.0,2267.76887352562,0.0,0,0,0,0
S5,continuous,E,783,294,7830.0,7830.0,7944.180602984832,8236.864824196513,8300.000000000002,0.0,0.0,292.68422121167987,292.68422121167987,7830.0,7860.0,8290.0,8480.0,550.0,2807.0195231235016,0.0,0,0,0,1
S5,continuous,E,784,299,7840.0,7840.0,7925.729764365346,7925.729764365346,7971.969841717067,0.0,0.0,0.0,0.0,7840.0,7870.0,7961.969841717067,8151.969841717067,400.0,1510.7222911235317,0.0,0,0,0,1
S5,continuous,E,785,196,7850.0,7870.0,7987.756319743544,8153.536038385636,8188.625520898706,20.0,20.0,165.77971864209212,185.77971864209212,7870.0,7900.0,8178.625520898706,8368.625520898706,400.0,3590.073008810049,0.0,0,0,0,1
S5,continuous,E,786,190,7860.0,7860.0,7937.676677979916,7937.676677979916,7947.842246771063,0.0,0.0,0.0,0.0,7860.0,7890.0,7937.842246771063,8127.842246771063,350.0,3986.0595871414935,0.0,0,0,0,1
S5,continuous,E,787,71,7870.0,7870.0,7932.248752496747,7932.248752496747,8024.180574983096,0.0,0.0,0.0,0.0,7870.0,7900.0,8014.180574983096,8204.180574983096,500.0,1801.9988112485612,0.0,0,0,0,1
S5,continuous,E,788,222,7880.0,7880.0,7950.529003532589,8152.248752496747,8214.180574983096,0.0,0.0,201.7197489641585,201.7197489641585,7880.0,7910.0,8204.180574983096,8394.180574983096,350.0,1447.6404978622504,0.0,0,0,0,1
S5,continuous,E,789,105,7890.0,8821.28923498513,8871.662637354233,8871.662637354233,8933.594459840582,931.28923498513,931.28923498513,0.0,931.28923498513,8821.28923498513,8851.28923498513,8923.594459840582,9113.594459840582,350.0,1895.1683534975334,0.0,0,0,0,1
S5,continuous,E,790,76,7900.0,7900.0,7984.048359884732,8094.562109766449,8113.284284410422,0.0,0.0,110.51374988171665,110.51374988171665,7900.0,7930.0,8103.284284410422,8293.284284410422,300.0,4396.404744185495,0.0,0,0,0,0
S5,continuous,E,791,245,7910.0,8107.5370852078595,8206.702742685873,8206.702742685873,8251.29452335374,197.5370852078595,197.5370852078595,0.0,197.5370852078595,8107.5370852078595,8137.5370852078595,8241.29452335374,8431.29452335374,350.0,2950.950403553324,0.0,0,0,0,1
S5,continuous,E,792,103,7920.0,7920.0,7978.810518291515,8069.099747704158,8080.951264689875,0.0,0.0,90.28922941264318,90.28922941264318,7920.0,7950.0,8070.951264689875,8260.951264689875,350.0,2228.0997187582857,0.0,0,0,0,1
S5,continuous,E,793,140,7930.0,7930.0,8017.866648007307,8333.536038385635,8378.625520898704,0.0,0.0,315.6693903783289,315.6693903783289,7930.0,7960.0,8368.625520898706,8558.625520898706,450.0,3365.6086755890606,0.0,0,0,0,1
S5,continuous,E,794,213,7940.0,7960.0,8008.289542877143,8008.289542877143,8029.377598899032,20.0,20.0,0.0,20.0,7960.0,7990.0,8019.377598899032,8209.377598899031,300.0,2457.1278677888977,0.0,0,0,0,0
S5,continuous,E,795,21,7950.0,8064.3614793701,8144.957746224306,8233.968108625042,8277.315856513434,114.36147937009991,114.36147937009991,89.01036240073608,203.371841770836,8064.3614793701,8094.3614793701,8267.315856513434,8457.315856513434,350.0,4482.7238597679825,0.0,0,0,0,1
S5,continuous,E,796,257,7960.0,7960.0,8092.189046109244,8092.189046109244,8149.233541188346,0.0,0.0,0.0,0.0,7960.0,7990.0,8139.233541188346,8329.233541188347,500.0,4415.26862034282,0.0,0,0,0,1
S5,continuous,E,797,190,7970.0,7970.0,8085.119949419407,8344.771746831237,8393.180272543745,0.0,0.0,259.65179741182965,259.65179741182965,7970.0,8000.0,8383.180272543745,8573.180272543745,450.0,4834.99306000711,0.0,0,0,0,1
S5,continuous,E,798,138,7980.0,8198.259229901796,8315.087425317624,8342.248752496747,8404.180574983096,218.25922990179606,218.25922990179606,27.161327179122964,245.42055708091902,8198.259229901796,8228.259229901796,8394.180574983096,8584.180574983096,350.0,4189.032226133667,0.0,0,0,0,1
S5,continuous,E,799,247,7990.0,8581.981394168957,8612.01648279742,8612.01648279742,8628.07457457665,591.9813941689572,591.9813941689572,0.0,591.9813941689572,8581.981394168957,8611.981394168957,8618.07457457665,8808.07457457665,350.0,1234.2446031967006,0.0,0,0,0,1
S5,continuous,E,800,177,8000.0,8611.981394168957,8652.01648279742,9044.60424525135,9070.66233703058,611.9813941689572,611.9813941689572,392.5877624539298,1004.569156622887,8611.981394168957,8641.981394168957,9060.66233703058,9250.66233703058,400.0,1334.2446031967006,0.0,0,0,0,1
S5,continuous,E,801,183,8010.0,8112.867706770657,8140.716991524132,8140.716991524132,8148.669953739609,102.8677067706567,102.8677067706567,0.0,102.8677067706567,8112.867706770657,8142.867706770657,8140.716991524132,8330.716991524132,300.0,1522.8014682565959,0.0,0,0,0,0
S5,continuous,E,802,192,8020.0,8457.315856513434,8565.309718177356,8565.309718177356,8628.701716783085,437.3158565134345,377.3158565134345,0.0,377.3158565134345,8457.315856513434,8487.315856513434,8618.701716783085,8808.701716783085,350.0,4843.439650839127,0.0,0,0,0,1
S5,continuous,E,803,244,8030.0,8030.0,8065.333746614264,8065.333746614264,8092.2187275866345,0.0,0.0,0.0,0.0,8030.0,8060.0,8082.2187275866345,8272.218727586634,300.0,979.1500343695553,0.0,0,0,0,0
S5,continuous,E,804,122,8040.0,8283.574719553368,8366.060878200844,8366.060878200844,8381.589156054353,243.5747195533677,243.5747195533677,0.0,243.5747195533677,8283.574719553368,8313.574719553368,8371.589156054353,8561.589156054353,350.0,4331.769908963548,0.0,0,0,0,1
S5,continuous,E,805,26,8050.0,8329.233541188347,8357.486614407893,8357.486614407893,8376.208789051865,279.23354118834686,279.23354118834686,0.0,279.23354118834686,8329.233541188347,8359.233541188347,8366.208789051865,8556.208789051865,300.0,926.0718913116614,0.0,0,0,0,0
S5,continuous,E,806,14,8060.0,8094.3614793701,8178.908421043289,8386.702742685873,8441.29452335374,34.361479370099914,34.361479370099914,207.7943216425847,242.1558010126846,8094.3614793701,8124.3614793701,8431.29452335374,8621.29452335374,400.0,4185.6556782641965,0.0,0,0,0,1
S5,continuous,E,807,16,8070.0,8250.0,8409.598017703407,8409.598017703407,8502.9457655918,180.0,0.0,0.0,0.0,8250.0,8280.0,8492.9457655918,8682.9457655918,600.0,5369.24336478626,0.0,0,0,0,1
S5,continuous,E,808,164,8080.0,8080.0,8186.503537362708,8188.289542877142,8219.377598899031,0.0,0.0,1.786005514433782,1.786005514433782,8080.0,8110.0,8209.377598899031,8399.377598899031,350.0,4423.119175287677,0.0,0,0,0,1
S5,continuous,E,809,55,8090.0,8682.9457655918,8790.93962725572,8790.93962725572,8854.33162586145,592.9457655917995,592.9457655917995,0.0,592.9457655917995,8682.9457655918,8712.9457655918,8844.33162586145,9034.33162586145,350.0,4843.439650839127,0.0,0,0,0,1
S5,continuous,E,810,293,8100.0,8558.625520898706,8637.02104479133,8637.02104479133,8664.065539870433,458.6255208987059,458.6255208987059,0.0,458.6255208987059,8558.625520898706,8588.625520898706,8654.065539870433,8844.065539870433,350.0,3814.405979931249,0.0,0,0,0,1
S5,continuous,E,811,142,8110.0,8330.716991524132,8389.605312601747,8389.605312601747,8410.693368623635,220.71699152413203,220.71699152413203,0.0,220.71699152413203,8330.716991524132,8360.716991524132,8400.693368623635,8590.693368623635,300.0,3540.895681995991,0.0,0,0,0,0
S5,continuous,E,812,126,8120.0,8620.426207702973,8662.02600674485,8662.02600674485,8676.095443568582,500.42620770297253,500.42620770297253,0.0,500.42620770297253,8620.426207702973,8650.426207702973,8666.095443568582,8856.095443568582,300.0,1861.9769180239769,0.0,0,0,0,0
S5,continuous,E,813,235,8130.0,8137.5370852078595,8241.323002727628,8802.54246336014,8861.28923498513,7.537085207859491,7.537085207859491,561.219460632512,568.7565458403715,8137.5370852078595,8167.5370852078595,8851.28923498513,9041.28923498513,500.0,1479.7426944559156,0.0,0,0,0,1
S5,continuous,E,814,228,8140.0,8573.180272543745,8633.645153323403,8633.645153323403,8679.578508928846,433.18027254374465,433.18027254374465,0.0,433.18027254374465,8573.180272543745,8603.180272543745,8669.578508928846,8859.578508928846,350.0,2508.7997443997733,0.0,0,0,0,1
S5,continuous,E,815,157,8150.0,8603.180272543745,8661.99079083526,8661.99079083526,8673.842307820976,453.18027254374465,453.18027254374465,0.0,453.18027254374465,8603.180272543745,8633.180272543745,8663.842307820976,8853.842307820976,350.0,2228.0997187582857,0.0,0,0,0,1
S5,continuous,E,816,155,8160.0,8388.518050234594,8455.36479211649,8455.36479211649,8479.865191761515,228.51805023459383,228.51805023459383,0.0,228.51805023459383,8388.518050234594,8418.518050234594,8469.865191761515,8659.865191761515,300.0,1631.665940276189,0.0,0,0,0,0
S5,continuous,E,817,287,8170.0,8170.0,8242.274958722754,8303.386361875491,8323.574719553368,0.0,0.0,61.111403152737694,61.111403152737694,8170.0,8200.0,8313.574719553368,8503.574719553368,350.0,1811.6481695389004,0.0,0,0,0,1
S5,continuous,E,818,170,8180.0,8588.625520898706,8628.259744810985,8628.259744810985,8668.989969431317,408.6255208987059,408.6255208987059,0.0,408.6255208987059,8588.625520898706,8618.625520898706,8658.989969431317,8848.989969431317,300.0,1915.4146289476369,0.1808031354294144,1,0,1,0
S5,continuous,E,819,278,8190.0,8190.0,8233.577277931929,8342.189046109244,8369.233541188347,0.0,0.0,108.61176817731575,108.61176817731575,8190.0,8220.0,8359.233541188347,8549.233541188347,350.0,2413.497595403337,0.0,0,0,0,1
S5,continuous,E,820,88,8200.0,8712.9457655918,8762.89875772984,8762.89875772984,8791.620932373811,512.9457655917995,512.9457655917995,0.0,512.9457655917995,8712.9457655918,8742.9457655918,8781.620932373811,8971.620932373811,350.0,800.6992293049725,0.0,0,0,0,1
S5,continuous,E,821,160,8210.0,8210.0,8301.115410826125,8301.115410826125,8307.173502605356,0.0,0.0,0.0,0.0,8210.0,8240.0,8301.115410826125,8491.115410826125,300.0,2838.2655156509827,0.0,0,0,0,0
S5,continuous,E,822,13,8220.0,8220.0,8245.187204025795,8268.479186969029,8285.331589480285,0.0,0.0,23.29198294323396,23.29198294323396,8220.0,8250.0,8275.331589480285,8465.331589480285,300.0,1008.113923135867,0.0,0,0,0,0
S5,continuous,E,823,253,8230.0,8360.716991524132,8388.227416101494,8458.479186969029,8475.331589480285,130.71699152413203,130.71699152413203,70.25177086753501,200.96876239166704,8360.716991524132,8390.716991524132,8465.331589480285,8655.331589480285,300.0,1427.8576477593026,0.0,0,0,0,0
S5,continuous,E,824,32,8240.0,8503.574719553368,8545.046231194636,8545.046231194636,8577.252025863645,263.5747195533677,263.5747195533677,0.0,263.5747195533677,8503.574719553368,8533.574719553368,8567.252025863645,8757.252025863645,350.0,1680.847692627203,0.0,0,0,0,1
S5,continuous,E,825,277,8250.0,8590.693368623635,8710.125067194029,8710.125067194029,8740.098789299693,340.69336862363525,340.69336862363525,0.0,340.69336862363525,8590.693368623635,8620.693368623635,8730.098789299693,8920.098789299693,350.0,6194.885060538056,0.0,0,0,0,1
S5,continuous,E,826,72,8260.0,8260.0,8301.491051678864,8466.864824196511,8490.0,0.0,0.0,165.373772517647,165.373772517647,8260.0,8290.0,8480.0,8670.0,350.0,1509.7842998015822,0.0,0,0,0,1
S5,continuous,E,827,69,8270.0,8382.440252252449,8503.659015749188,8970.93962725572,9044.33162586145,112.44025225244877,112.44025225244877,467.2806115065323,579.7208637589811,8382.440252252449,8412.440252252449,9034.33162586145,9224.33162586145,400.0,4998.98729714227,0.0,0,0,0,1
S5,continuous,E,828,198,8280.0,8280.0,8377.478546634431,8377.478546634431,8405.165709716197,0.0,0.0,0.0,0.0,8280.0,8310.0,8395.165709716197,8585.165709716197,350.0,3529.3813906701503,0.0,0,0,0,1
S5,continuous,E,829,73,8290.0,8290.0,8327.439834163963,8327.439834163963,8339.687861587856,0.0,0.0,0.0,0.0,8290.0,8320.0,8329.687861587856,8519.687861587856,300.0,2321.4983409366514,0.0,0,0,0,0
S5,continuous,E,830,113,8300.0,8300.0,8395.504702082131,8395.504702082131,8421.528487718155,0.0,0.0,0.0,0.0,8300.0,8330.0,8411.528487718155,8601.528487718155,350.0,3843.0691787727806,0.0,0,0,0,1
S5,continuous,E,831,248,8310.0,8655.331589480285,8715.310794706551,8715.310794706551,8765.704700658454,345.3315894802854,345.3315894802854,0.0,345.3315894802854,8655.331589480285,8685.331589480285,8755.704700658454,8945.704700658454,350.0,2594.685056649777,0.0,0,0,0,1
S5,continuous,E,832,236,8320.0,8584.180574983096,8646.381643638668,8646.381643638668,8673.266624611038,264.18057498309645,264.18057498309645,0.0,264.18057498309645,8584.180574983096,8614.180574983096,8663.266624611038,8853.266624611038,300.0,1078.7004285751198,0.0,0,0,0,0
S5,continuous,E,833,79,8330.0,8330.0,8414.721656487749,8725.046231194636,8767.252025863645,0.0,0.0,310.3245747068868,310.3245747068868,8330.0,8360.0,8757.252025863645,8947.252025863645,400.0,4284.8956048952205,0.0,0,0,0,1
S5,continuous,E,834,118,8340.0,8549.233541188347,8647.584960691627,8808.259744810985,8858.989969431317,209.23354118834686,209.23354118834686,160.67478411935735,369.9083253077042,8549.233541188347,8579.233541188347,8848.989969431317,9038.989969431317,350.0,5142.6685601090885,0.0,0,0,0,1
S5,continuous,E,835,271,8350.0,8641.981394168957,8724.951498455792,8988.259744810985,9048.989969431317,291.9813941689572,291.9813941689572,263.30824635519275,555.28964052415,8641.981394168957,8671.981394168957,9038.989969431317,9228.989969431317,400.0,4369.939644626923,0.0,0,0,0,1
S5,continuous,E,836,114,8360.0,8742.9457655918,8828.670174857343,8828.670174857343,8838.835743648491,382.9457655917995,382.9457655917995,0.0,382.9457655917995,8742.9457655918,8772.9457655918,8828.835743648491,9018.835743648491,350.0,3092.677341874426,0.0,0,0,0,1
S5,continuous,E,837,56,8370.0,8370.0,8395.698565534247,8395.698565534247,8410.470742568898,0.0,0.0,0.0,0.0,8370.0,8400.0,8400.470742568898,8590.470742568898,300.0,1776.888512002245,0.0,0,0,0,0
S5,continuous,E,838,184,8380.0,8390.716991524132,8445.011810207367,8445.011810207367,8481.896791179737,10.716991524132027,10.716991524132027,0.0,10.716991524132027,8390.716991524132,8420.716991524132,8471.896791179737,8661.896791179737,350.0,2696.980147123051,0.0,0,0,0,1
S5,continuous,E,839,285,8390.0,8400.0,8436.359772335625,8436.359772335625,8438.211289321342,10.0,10.0,0.0,10.0,8400.0,8430.0,8436.359772335625,8626.359772335625,300.0,2423.0323318495134,0.0,0,0,0,0
S5,continuous,E,840,205,8400.0,8633.180272543745,8654.955261262485,8654.955261262485,8708.200307287501,233.18027254374465,233.18027254374465,0.0,233.18027254374465,8633.180272543745,8663.180272543745,8698.200307287501,8888.200307287501,300.0,582.6987257698047,0.0,0,0,0,0
S5,continuous,E,841,77,8410.0,9041.28923498513,9074.231352002265,9074.231352002265,9086.479379426159,631.28923498513,631.28923498513,0.0,631.28923498513,9041.28923498513,9071.28923498513,9076.479379426159,9266.479379426159,300.0,1101.33035472079,0.0,0,0,0,0
S5,continuous,E,842,141,8420.0,8650.426207702973,8700.356058734793,8834.955261262485,8898.200307287501,230.42620770297253,230.42620770297253,134.5992025276919,365.0254102306644,8650.426207702973,8680.426207702973,8888.200307287501,9078.200307287501,350.0,2046.5250966932515,0.0,0,0,0,1
S5,continuous,E,843,92,8430.0,8430.0,8463.052311500109,8507.439834163963,8529.687861587856,0.0,0.0,44.387522663853815,44.387522663853815,8430.0,8460.0,8519.687861587856,8709.687861587856,350.0,1687.850828339198,0.0,0,0,0,1
S5,continuous,E,844,287,8440.0,8440.0,8504.211906841478,8817.02104479133,8854.065539870433,0.0,0.0,312.8091379498528,312.8091379498528,8440.0,8470.0,8844.065539870433,9034.065539870433,400.0,1614.544828137997,0.0,0,0,0,1
S5,continuous,E,845,37,8450.0,8561.589156054353,8619.3095293181,8619.3095293181,8644.399011831169,111.58915605435323,111.58915605435323,0.0,111.58915605435323,8561.589156054353,8591.589156054353,8634.399011831169,8824.399011831169,350.0,3015.8951625154073,0.0,0,0,0,1
S5,continuous,E,846,245,8460.0,8685.331589480285,8714.834431825255,8714.834431825255,8720.574559105773,225.3315894802854,225.3315894802854,0.0,225.3315894802854,8685.331589480285,8715.331589480285,8714.834431825255,8904.834431825255,300.0,956.3253045397915,0.0,0,0,0,0
S5,continuous,E,847,87,8470.0,8601.528487718155,8691.898548643601,8729.598017703407,8782.9457655918,131.5284877181548,131.5284877181548,37.69946905980578,169.22795677796057,8601.528487718155,8631.528487718155,8772.9457655918,8962.9457655918,400.0,4069.942686916995,0.0,0,0,0,1
S5,continuous,E,848,3,8480.0,8480.0,8564.05933522856,8666.864824196511,8680.0,0.0,0.0,102.80548896795153,102.80548896795153,8480.0,8510.0,8670.0,8860.0,300.0,3453.741298585822,0.0,0,0,0,0
S5,continuous,E,849,153,8490.0,8614.180574983096,8718.833643163553,8851.99079083526,8863.842307820976,124.18057498309645,124.18057498309645,133.1571476717072,257.33772265480366,8614.180574983096,8644.180574983096,8853.842307820976,9043.842307820976,350.0,3216.999743634088,0.0,0,0,0,1
S5,continuous,E,850,108,8500.0,8590.470742568898,8680.247841394177,8955.39686612629,8975.557084323187,90.47074256889755,90.47074256889755,275.1490247321126,365.61976730101014,8590.470742568898,8620.470742568898,8965.557084323187,9155.557084323187,350.0,4558.323428866295,0.0,0,0,0,1
S5,continuous,E,851,44,8510.0,9155.557084323187,9243.12968371264,9243.12968371264,9266.264859516128,645.5570843231872,645.5570843231872,0.0,645.5570843231872,9155.557084323187,9185.557084323187,9256.264859516128,9446.264859516128,350.0,4710.635716172283,0.0,0,0,0,1
S5,continuous,E,852,97,8520.0,8962.9457655918,9068.936818118922,9068.936818118922,9086.889780334399,442.9457655917995,442.9457655917995,0.0,442.9457655917995,8962.9457655918,8992.9457655918,9076.889780334399,9266.889780334399,350.0,4482.7238597679825,0.0,0,0,0,1
S5,continuous,E,853,209,8530.0,8631.528487718155,8727.524655016254,8905.310794706551,8955.704700658454,101.52848771815479,101.52848771815479,177.7861396902972,279.314627408452,8631.528487718155,8661.528487718155,8945.704700658454,9135.704700658454,350.0,5046.91390207794,0.0,0,0,0,1
S5,continuous,E,854,284,8540.0,8540.0,8603.346925040918,8905.046231194636,8957.252025863645,0.0,0.0,301.69930615371777,301.69930615371777,8540.0,8570.0,8947.252025863645,9137.252025863645,450.0,1766.5420386095454,0.0,0,0,0,1
S5,continuous,E,855,260,8550.0,9071.28923498513,9132.31238587506,9132.31238587506,9163.400441896949,521.28923498513,521.28923498513,0.0,521.28923498513,9071.28923498513,9101.28923498513,9153.400441896949,9343.400441896949,350.0,2450.9327558970385,0.0,0,0,0,1
S5,continuous,E,856,119,8560.0,8560.0,8647.865606125935,9224.60424525135,9260.66233703058,0.0,0.0,576.7386391254149,576.7386391254149,8560.0,8590.0,9250.66233703058,9440.66233703058,450.0,3952.266793511545,0.0,0,0,0,1
S5,continuous,E,857,227,8570.0,8620.693368623635,8698.499981618015,8698.499981618015,8714.419282194554,50.69336862363525,50.69336862363525,0.0,50.69336862363525,8620.693368623635,8650.693368623635,8704.419282194554,8894.419282194554,300.0,3966.273914491615,0.0,0,0,0,0
S5,continuous,E,858,190,8580.0,8580.0,8654.884574504149,9031.99079083526,9053.842307820976,0.0,0.0,377.1062163311108,377.1062163311108,8580.0,8610.0,9043.842307820976,9233.842307820976,400.0,3377.79654858415,0.0,0,0,0,1
S5,continuous,E,859,242,8590.0,8709.687861587856,8764.82263172071,9008.670174857343,9028.835743648491,119.68786158785588,119.68786158785588,243.84754313663325,363.5354047244891,8709.687861587856,8739.687861587856,9018.835743648491,9208.835743648491,400.0,1787.850828339198,0.0,0,0,0,1
S5,continuous,E,860,191,8600.0,9224.33162586145,9329.735230717592,9329.735230717592,9349.923588395468,624.3316258614504,384.33162586145045,0.0,384.33162586145045,9224.33162586145,9254.33162586145,9339.923588395468,9529.923588395468,350.0,3218.6755314455004,0.0,0,0,0,1
S5,continuous,E,861,60,8610.0,9137.252025863645,9200.740974496046,9509.735230717592,9539.923588395468,527.252025863645,527.252025863645,308.9942562215456,836.2462820851906,9137.252025863645,9167.252025863645,9529.923588395468,9719.923588395468,400.0,1780.847692627203,0.0,0,0,0,1
S5,continuous,E,862,147,8620.0,9101.28923498513,9177.135095810385,9177.135095810385,9203.054396386924,481.28923498512995,481.28923498512995,0.0,481.28923498512995,9101.28923498513,9131.28923498513,9193.054396386924,9383.054396386924,350.0,3413.269641025298,0.0,0,0,0,1
S5,continuous,E,863,290,8630.0,8630.0,8636.796268687875,8645.36479211649,8669.865191761515,0.0,0.0,8.568523428615663,8.568523428615663,8630.0,8660.0,8659.865191761515,8849.865191761515,300.0,565.3765019625807,0.0,0,0,0,0
S5,continuous,E,864,243,8640.0,8640.0,8696.628670022024,9014.955261262485,9088.200307287501,0.0,0.0,318.3265912404604,318.3265912404604,8640.0,8670.0,9078.200307287501,9268.200307287501,400.0,2554.1620492947973,0.0,0,0,0,1
S5,continuous,E,865,74,8650.0,8650.0,8694.721346660406,8694.721346660406,8757.689762849383,0.0,0.0,0.0,0.0,8650.0,8680.0,8747.689762849383,8937.689762849383,350.0,2338.688057338871,0.0,0,0,0,1
S5,continuous,E,866,56,8660.0,8853.266624611038,8918.956379821182,9254.231352002265,9276.479379426159,193.26662461103842,193.26662461103842,335.2749721810833,528.5415967921217,8853.266624611038,8883.266624611038,9266.479379426159,9456.479379426159,350.0,2215.9833244995,0.0,0,0,0,1
S5,continuous,E,867,83,8670.0,8670.0,8716.005122967445,8716.005122967445,8726.193480645321,0.0,0.0,0.0,0.0,8670.0,8700.0,8716.193480645321,8906.193480645321,300.0,2763.975470587019,0.0,0,0,0,0
S5,continuous,E,868,161,8680.0,8680.0,8742.83450401448,8842.02600674485,8866.095443568582,0.0,0.0,99.19150273037121,99.19150273037121,8680.0,8710.0,8856.095443568582,9046.095443568582,350.0,3351.736984117548,0.0,0,0,0,1
S5,continuous,E,869,121,8690.0,8849.865191761515,8922.098583611805,9434.231352002265,9466.479379426159,159.86519176151523,159.86519176151523,512.1327683904601,671.9979601519753,8849.865191761515,8879.865191761515,9456.479379426159,9646.479379426159,400.0,2232.6082823623037,0.0,0,0,0,1
S5,continuous,E,870,32,8700.0,8700.0,8772.140864880728,9051.662637354233,9123.594459840582,0.0,0.0,279.5217724735048,279.5217724735048,8700.0,8730.0,9113.594459840582,9303.594459840582,400.0,2845.0083811047857,0.0,0,0,0,1
S5,continuous,E,871,266,8710.0,8937.689762849383,9013.242264225955,9013.242264225955,9039.482341577675,227.68976284938253,167.68976284938253,0.0,167.68976284938253,8937.689762849383,8967.689762849383,9029.482341577675,9219.482341577675,300.0,1901.648146876558,0.0,0,0,0,0
S5,continuous,E,872,93,8720.0,8808.07457457665,8906.123503767602,8959.598017703407,9002.9457655918,88.07457457665078,88.07457457665078,53.47451393580559,141.54908851245636,8808.07457457665,8838.07457457665,8992.9457655918,9182.9457655918,350.0,5763.085025786093,0.0,0,0,0,1
S5,continuous,E,873,166,8730.0,8860.0,8917.202021139392,8917.202021139392,8921.024681795288,130.0,130.0,0.0,130.0,8860.0,8890.0,8917.202021139392,9107.202021139392,300.0,3022.578871357172,0.5660237429669905,1,0,1,0
S5,continuous,E,874,90,8740.0,8967.689762849383,9038.912030415335,9042.02600674485,9056.095443568582,227.68976284938253,227.68976284938253,3.1139763295159355,230.80373917889847,8967.689762849383,8997.689762849383,9046.095443568582,9236.095443568582,300.0,1552.1126901952887,0.0,0,0,0,0
S5,continuous,E,875,19,8750.0,9268.200307287501,9339.921467905302,9440.66233703058,9446.720428809811,518.2003072875013,518.2003072875013,100.74086912527855,618.9411764127799,9268.200307287501,9298.200307287501,9440.66233703058,9630.66233703058,300.0,1528.256661873563,0.0,0,0,0,0
S5,continuous,E,876,269,8760.0,8890.0,8918.35599147946,8918.35599147946,8945.240972451831,130.0,130.0,0.0,130.0,8890.0,8920.0,8935.240972451831,9125.240972451831,300.0,1214.8218289440265,0.0,0,0,0,0
S5,continuous,E,877,167,8770.0,8770.0,8836.514160290444,9103.379360483495,9117.202021139392,0.0,0.0,266.86520019305135,266.86520019305135,8770.0,8800.0,9107.202021139392,9297.202021139392,350.0,3876.5139138549557,0.0,0,0,0,1
S5,continuous,E,878,185,8780.0,9135.704700658454,9237.960034286763,9237.960034286763,9243.488312140273,355.7047006584544,355.7047006584544,0.0,355.7047006584544,9135.704700658454,9165.704700658454,9237.960034286763,9427.960034286763,300.0,4353.706097454215,1.0356433382421528,2,0,2,0
S5,continuous,E,879,128,8790.0,9185.557084323187,9282.38021248221,9282.38021248221,9307.46969499528,395.55708432318715,395.55708432318715,0.0,395.55708432318715,9185.557084323187,9215.557084323187,9297.46969499528,9487.46969499528,350.0,5337.109167691549,0.0,0,0,0,1
S5,continuous,E,880,123,8800.0,8859.578508928846,8975.789323542054,8975.789323542054,9078.75773973103,59.57850892884562,59.57850892884562,0.0,59.57850892884562,8859.578508928846,8889.578508928846,9068.75773973103,9258.75773973103,550.0,2963.0061261565497,0.0,0,0,0,1
S5,continuous,E,881,34,8810.0,8906.193480645321,8972.68937244055,9102.54246336014,9141.28923498513,96.19348064532096,96.19348064532096,129.8530909195888,226.04657156490975,8906.193480645321,8936.193480645321,9131.28923498513,9321.28923498513,400.0,2765.1779210045756,0.0,0,0,0,1
S5,continuous,E,882,149,8820.0,8820.0,8903.364435286829,9282.54246336014,9331.28923498513,0.0,0.0,379.178028073311,379.178028073311,8820.0,8850.0,9321.28923498513,9511.28923498513,450.0,2650.9327558970385,0.0,0,0,0,1
S5,continuous,E,883,252,8830.0,8830.0,8885.579941267495,8885.579941267495,8911.499241844034,0.0,0.0,0.0,0.0,8830.0,8860.0,8901.499241844034,9091.499241844034,350.0,2083.0668351110503,0.0,0,0,0,1
S5,continuous,E,884,173,8840.0,8840.0,8974.016861520582,8974.016861520582,8987.774457697831,0.0,0.0,0.0,0.0,8840.0,8870.0,8977.774457697831,9167.774457697831,350.0,6253.418941073294,0.0,0,0,0,1
S5,continuous,E,885,143,8850.0,9208.835743648491,9214.568089393248,9215.789323542054,9268.75773973103,358.8357436484912,358.8357436484912,1.2212341488066158,360.0569777972978,9208.835743648491,9238.835743648491,9258.75773973103,9448.75773973103,300.0,636.7883884745571,0.0,0,0,0,0
S5,continuous,E,886,113,8860.0,8870.0,8947.052089341594,8947.052089341594,8971.824266376245,10.0,10.0,0.0,10.0,8870.0,8900.0,8961.824266376245,9151.824266376245,350.0,2510.8403667611087,0.0,0,0,0,1
S5,continuous,E,887,70,8870.0,8920.0,8992.344039206906,9248.936818118922,9276.889780334399,50.0,50.0,256.592778912016,306.592778912016,8920.0,8950.0,9266.889780334399,9456.889780334399,400.0,2919.364916989321,0.0,0,0,0,1
S5,continuous,E,888,221,8880.0,8883.266624611038,8963.429384455587,8963.429384455587,9009.36274006103,3.2666246110384236,3.2666246110384236,0.0,3.2666246110384236,8883.266624611038,8913.266624611038,8999.36274006103,9189.36274006103,350.0,3299.2769410343058,0.0,0,0,0,1
S5,continuous,E,889,186,8890.0,8997.689762849383,9066.224955991967,9238.670174857343,9248.835743648491,107.68976284938253,107.68976284938253,172.44521886537586,280.1349817147584,8997.689762849383,9027.689762849383,9238.835743648491,9428.835743648491,350.0,736.788388474557,0.0,0,0,0,1
S5,continuous,E,890,199,8900.0,8971.620932373811,9108.105971033445,9108.105971033445,9180.311765702454,71.62093237381123,71.62093237381123,0.0,71.62093237381123,8971.620932373811,9001.620932373811,9170.311765702454,9360.311765702454,550.0,5222.164114275696,0.0,0,0,0,1
S5,continuous,E,891,129,8910.0,8910.0,8975.579941267495,9357.135095810385,9393.054396386924,0.0,0.0,381.5551545428898,381.5551545428898,8910.0,8940.0,9383.054396386924,9573.054396386924,400.0,2183.0668351110503,0.0,0,0,0,1
S5,continuous,E,892,299,8920.0,8920.0,9022.236610089614,9224.955261262485,9308.200307287501,0.0,0.0,202.71865117287052,202.71865117287052,8920.0,8950.0,9298.200307287501,9488.200307287501,450.0,3763.8611327433246,0.0,0,0,0,1
S5,continuous,E,893,233,8930.0,8950.0,9047.806010027209,9537.135095810385,9583.054396386924,20.0,20.0,489.3290857831762,509.3290857831762,8950.0,8980.0,9573.054396386924,9763.054396386924,450.0,4089.99466348142,0.0,0,0,0,1
S5,continuous,E,894,254,8940.0,8940.0,9005.304317398757,9005.304317398757,9020.393799911826,0.0,0.0,0.0,0.0,8940.0,8970.0,9010.393799911826,9200.393799911826,300.0,3938.6359025279994,0.01884715831374706,1,0,1,0
S5,continuous,E,895,124,8950.0,8950.0,9031.128556889544,9428.936818118922,9466.889780334399,0.0,0.0,397.80826122937833,397.80826122937833,8950.0,8980.0,9456.889780334399,9646.889780334399,450.0,2237.4772922703637,0.0,0,0,0,1
S5,continuous,E,896,272,8960.0,8960.0,9036.587923981979,9149.598017703407,9192.9457655918,0.0,0.0,113.01009372142835,113.01009372142835,8960.0,8990.0,9182.9457655918,9372.9457655918,350.0,3666.70218337973,0.0,0,0,0,1
S5,continuous,E,897,232,8970.0,8970.0,9078.676275355687,9462.38021248221,9497.46969499528,0.0,0.0,383.70393712652367,383.70393712652367,8970.0,9000.0,9487.46969499528,9677.46969499528,400.0,5199.065655389679,0.0,0,0,0,1
S5,continuous,E,898,226,8980.0,8980.0,9022.52867025773,9375.789323542054,9458.75773973103,0.0,0.0,353.2606532843238,353.2606532843238,8980.0,9010.0,9448.75773973103,9638.75773973103,450.0,1046.1122491616452,0.0,0,0,0,1
S5,continuous,E,899,247,8990.0,9511.28923498513,9587.135095810385,9747.135095810385,9773.054396386924,521.28923498513,521.28923498513,160.0,681.28923498513,9511.28923498513,9541.28923498513,9763.054396386924,9953.054396386924,350.0,3413.269641025298,0.0,0,0,0,1
S5,continuous,E,900,134,9000.0,9228.989969431317,9308.189354264323,9308.189354264323,9322.258791088054,228.98996943131715,228.98996943131715,0.0,228.98996943131715,9228.989969431317,9258.989969431317,9312.258791088054,9502.258791088054,300.0,2838.6089880651907,0.0,0,0,0,0
S5,continuous,E,901,182,9010.0,9638.75773973103,9757.217867959813,9757.217867959813,9777.37808615671,628.7577397310306,568.7577397310306,0.0,568.7577397310306,9638.75773973103,9668.75773973103,9767.37808615671,9957.37808615671,350.0,4115.090641249803,0.0,0,0,0,1
S5,continuous,E,902,263,9020.0,9034.065539870433,9059.535200665707,9059.535200665707,9107.329019856119,14.065539870432985,14.065539870432985,0.0,14.065539870432985,9034.065539870433,9064.065539870433,9097.329019856119,9287.329019856119,300.0,885.869285758944,0.0,0,0,0,0
S5,continuous,E,903,64,9030.0,9215.557084323187,9336.51934481361,9336.51934481361,9373.563839892713,185.55708432318715,185.55708432318715,0.0,185.55708432318715,9215.557084323187,9245.557084323187,9363.563839892713,9553.563839892713,400.0,6389.49305261507,0.0,0,0,0,1
S5,continuous,E,904,94,9040.0,9236.095443568582,9294.751907473623,9294.751907473623,9356.683729959972,196.0954435685817,196.0954435685817,0.0,196.0954435685817,9236.095443568582,9266.095443568582,9346.683729959972,9536.683729959972,350.0,2735.808101971079,0.0,0,0,0,1
S5,continuous,E,905,144,9050.0,9953.054396386924,9990.191845481238,9990.191845481238,9993.949441658488,903.054396386924,783.054396386924,0.0,783.054396386924,9953.054396386924,9983.054396386924,9990.191845481238,10180.191845481238,300.0,1512.9277182873418,0.0,0,0,0,0
S5,continuous,E,906,254,9060.0,9254.33162586145,9361.305786576208,9361.305786576208,9377.045913856726,194.33162586145045,194.33162586145045,0.0,194.33162586145045,9254.33162586145,9284.33162586145,9367.045913856726,9557.045913856726,350.0,3301.138103366422,0.0,0,0,0,1
S5,continuous,E,907,250,9070.0,9165.704700658454,9257.835142562864,9338.105971033445,9370.311765702454,95.70470065845439,95.70470065845439,80.27082847058045,175.97552912903484,9165.704700658454,9195.704700658454,9360.311765702454,9550.311765702454,350.0,3195.4342332716456,0.0,0,0,0,1
S5,continuous,E,908,245,9080.0,9080.0,9101.460498378448,9101.460498378448,9135.960898023473,0.0,0.0,0.0,0.0,9080.0,9110.0,9125.960898023473,9315.960898023473,350.0,632.560707823087,0.0,0,0,0,1
S5,continuous,E,909,73,9090.0,9550.311765702454,9609.166522276932,9609.166522276932,9622.92411845418,460.31176570245407,460.31176570245407,0.0,460.31176570245407,9550.311765702454,9580.311765702454,9612.92411845418,9802.92411845418,350.0,2006.414414595867,0.0,0,0,0,1
S5,continuous,E,910,136,9100.0,9125.240972451831,9190.327165966497,9339.598017703407,9382.9457655918,25.240972451831112,25.240972451831112,149.27085173691012,174.51182418874123,9125.240972451831,9155.240972451831,9372.9457655918,9562.9457655918,350.0,2281.2444804567904,0.0,0,0,0,1
S5,continuous,E,911,286,9110.0,9258.989969431317,9316.539944195945,9316.539944195945,9356.933850147849,148.98996943131715,148.98996943131715,0.0,148.98996943131715,9258.989969431317,9288.989969431317,9346.933850147849,9536.933850147849,300.0,1526.9373291475094,0.0,0,0,0,0
S5,continuous,E,912,95,9120.0,9562.9457655918,9675.250829845081,9675.250829845081,9706.33888586697,442.9457655917995,442.9457655917995,0.0,442.9457655917995,9562.9457655918,9592.9457655918,9696.33888586697,9886.33888586697,350.0,4969.333443877414,0.0,0,0,0,1
S5,continuous,E,913,42,9130.0,9189.36274006103,9292.012509593433,9292.012509593433,9303.86402657915,59.3627400610294,59.3627400610294,0.0,59.3627400610294,9189.36274006103,9219.36274006103,9293.86402657915,9483.86402657915,350.0,4070.018624753173,0.0,0,0,0,1
S5,continuous,E,914,245,9140.0,9195.704700658454,9314.866489994174,9314.866489994174,9343.588664638146,55.704700658454385,55.704700658454385,0.0,55.704700658454385,9195.704700658454,9225.704700658454,9333.588664638146,9523.588664638146,350.0,4980.105961900438,0.0,0,0,0,1
S5,continuous,E,915,39,9150.0,9225.704700658454,9351.228837927534,9937.135095810385,9993.054396386924,75.70470065845439,75.70470065845439,585.9062578828507,661.6109585413051,9225.704700658454,9255.704700658454,9983.054396386924,10173.054396386924,500.0,3690.248120453955,0.0,0,0,0,1
S5,continuous,E,916,263,9160.0,10173.054396386924,10244.10392828064,10244.10392828064,10294.497834232543,1013.054396386924,953.054396386924,0.0,953.054396386924,10173.054396386924,10203.054396386924,10284.497834232543,10474.497834232543,350.0,3390.248120453955,0.0,0,0,0,1
S5,continuous,E,917,85,9170.0,9170.0,9234.672906712216,9234.672906712216,9270.606262317659,0.0,0.0,0.0,0.0,9170.0,9200.0,9260.606262317659,9450.606262317659,300.0,3580.242975038183,0.0,0,0,0,0
S5,continuous,E,918,2,9180.0,9541.28923498513,9574.231352002265,9644.231352002265,9656.479379426159,361.28923498512995,361.28923498512995,70.0,431.28923498512995,9541.28923498513,9571.28923498513,9646.479379426159,9836.479379426159,300.0,1101.33035472079,0.0,0,0,0,0
S5,continuous,E,919,4,9190.0,9571.28923498513,9614.231352002265,9824.231352002265,9846.479379426159,381.28923498512995,381.28923498512995,210.0,591.28923498513,9571.28923498513,9601.28923498513,9836.479379426159,10026.479379426159,350.0,1201.33035472079,0.0,0,0,0,1
S5,continuous,E,920,235,9200.0,9315.960898023473,9371.851504756642,9422.431756433254,9437.960034286763,115.96089802347342,115.96089802347342,50.580251676612534,166.54114970008595,9315.960898023473,9345.960898023473,9427.960034286763,9617.960034286763,350.0,1676.1571933688342,0.0,0,0,0,1
S5,continuous,E,921,120,9210.0,9210.0,9258.253073219546,9494.866489994174,9533.588664638146,0.0,0.0,236.6134167746277,236.6134167746277,9210.0,9240.0,9523.588664638146,9713.588664638146,400.0,1126.0718913116614,0.0,0,0,0,1
S5,continuous,E,922,261,9220.0,9220.0,9271.458846316014,9414.672906712216,9460.606262317659,0.0,0.0,143.2140603962016,143.2140603962016,9220.0,9250.0,9450.606262317659,9640.606262317659,350.0,2055.456418206729,0.0,0,0,0,1
S5,continuous,E,923,275,9230.0,9284.33162586145,9426.7450692405,9674.866489994174,9723.588664638146,54.33162586145045,54.33162586145045,248.1214207536741,302.45304661512455,9284.33162586145,9314.33162586145,9713.588664638146,9903.588664638146,450.0,4595.333851136514,0.0,0,0,0,1
S5,continuous,E,924,66,9240.0,9255.704700658454,9310.232710152373,9332.31238587506,9353.400441896949,15.704700658454385,15.704700658454385,22.07967572268717,37.784376381141556,9255.704700658454,9285.704700658454,9343.400441896949,9533.400441896949,300.0,1249.6833793366443,0.0,0,0,0,0
S5,continuous,E,925,196,9250.0,9288.989969431317,9418.383830037817,9418.383830037817,9444.407615673841,38.98996943131715,38.98996943131715,0.0,38.98996943131715,9288.989969431317,9318.989969431317,9434.407615673841,9624.407615673841,350.0,5628.012450359667,0.0,0,0,0,1
S5,continuous,E,926,87,9260.0,9260.0,9299.644431201963,9299.644431201963,9334.23621186983,0.0,0.0,0.0,0.0,9260.0,9290.0,9324.23621186983,9514.23621186983,300.0,1725.2125934280243,0.0,0,0,0,0
S5,continuous,E,927,76,9270.0,9270.0,9339.77413323618,9488.189354264323,9512.258791088054,0.0,0.0,148.4152210281427,148.4152210281427,9270.0,9300.0,9502.258791088054,9692.258791088054,350.0,3167.1559523092646,0.0,0,0,0,1
S5,continuous,E,928,71,9280.0,9290.0,9341.90391683489,9341.90391683489,9378.78889780726,10.0,10.0,0.0,10.0,9290.0,9320.0,9368.78889780726,9558.78889780726,350.0,1937.310970478991,0.0,0,0,0,1
S5,continuous,E,929,62,9290.0,9640.606262317659,9711.974678603092,9711.974678603092,9737.998464239115,350.60626231765855,350.60626231765855,0.0,350.60626231765855,9640.606262317659,9670.606262317659,9727.998464239115,9917.998464239115,350.0,2055.456418206729,0.0,0,0,0,1
S5,continuous,E,930,86,9300.0,9668.75773973103,9770.738090396151,9770.738090396151,9790.711812501815,368.7577397310306,368.7577397310306,0.0,368.7577397310306,9668.75773973103,9698.75773973103,9780.711812501815,9970.711812501815,300.0,3632.1729898828467,0.0,0,0,0,0
S5,continuous,E,931,18,9310.0,9488.200307287501,9544.81181631875,9544.81181631875,9563.220342031258,178.20030728750135,178.20030728750135,0.0,178.20030728750135,9488.200307287501,9518.200307287501,9553.220342031258,9743.220342031258,300.0,582.6987257698047,0.0,0,0,0,0
S5,continuous,E,932,1,9320.0,10203.054396386924,10252.416212880871,10252.416212880871,10272.604570558748,883.054396386924,883.054396386924,0.0,883.054396386924,10203.054396386924,10233.054396386924,10262.604570558748,10452.604570558748,350.0,1793.372685765952,0.0,0,0,0,1
S5,continuous,E,933,157,9330.0,9698.75773973103,9775.846363050066,9775.846363050066,9829.091409075083,368.7577397310306,368.7577397310306,0.0,368.7577397310306,9698.75773973103,9728.75773973103,9819.091409075083,10009.091409075083,300.0,2139.081119740608,0.0,0,0,0,0
S5,continuous,E,934,184,9340.0,9719.923588395468,9778.669190438866,9778.669190438866,9792.491851094763,379.92358839546796,379.92358839546796,0.0,379.92358839546796,9719.923588395468,9749.923588395468,9782.491851094763,9972.491851094763,350.0,2740.5380493702796,0.0,0,0,0,1
S5,continuous,E,935,9,9350.0,9350.0,9426.549054324141,9536.51934481361,9563.563839892713,0.0,0.0,109.97029048946933,109.97029048946933,9350.0,9380.0,9553.563839892713,9743.563839892713,350.0,3390.1132338223683,0.0,0,0,0,1
S5,continuous,E,936,29,9360.0,9483.86402657915,9521.909747109343,9521.909747109343,9522.07531590049,123.86402657914914,123.86402657914914,0.0,123.86402657914914,9483.86402657915,9513.86402657915,9521.909747109343,9711.909747109343,300.0,2423.0323318495134,0.0,0,0,0,0
S5,continuous,E,937,97,9370.0,9370.0,9515.565168394574,9604.672906712216,9680.606262317659,0.0,0.0,89.10773831764163,89.10773831764163,9370.0,9400.0,9670.606262317659,9860.606262317659,500.0,5105.647486078271,0.0,0,0,0,1
S5,continuous,E,938,236,9380.0,9536.683729959972,9620.56124274991,9646.889780334399,9654.842742549876,156.68372995997197,156.68372995997197,26.328537584488004,183.01226754445997,9536.683729959972,9566.683729959972,9646.889780334399,9836.889780334399,300.0,2429.136610415065,0.0,0,0,0,0
S5,continuous,E,939,285,9390.0,9630.66233703058,9703.562921126391,9703.562921126391,9766.954919732121,240.6623370305806,240.6623370305806,0.0,240.6623370305806,9630.66233703058,9660.66233703058,9756.954919732121,9946.954919732121,350.0,4186.749939696872,0.0,0,0,0,1
S5,continuous,E,940,14,9400.0,9617.960034286763,9728.118717037945,9937.217867959813,9967.37808615671,217.9600342867634,217.9600342867634,209.09915092186748,427.0591852086309,9617.960034286763,9647.960034286763,9957.37808615671,10147.37808615671,400.0,5920.469473430165,0.0,0,0,0,1
S5,continuous,E,941,153,9410.0,9410.0,9474.150613558259,9474.150613558259,9514.880838178591,0.0,0.0,0.0,0.0,9410.0,9440.0,9504.880838178591,9694.880838178591,300.0,2442.9954721027784,0.0,0,0,0,0
S5,continuous,E,942,188,9420.0,10026.479379426159,10056.143710645676,10056.143710645676,10109.112126834652,606.4793794261586,606.4793794261586,0.0,606.4793794261586,10026.479379426159,10056.479379426159,10099.112126834652,10289.112126834652,300.0,1487.1691377725938,0.0,0,0,0,0
S5,continuous,E,943,47,9430.0,9430.0,9552.578000666788,9654.150613558259,9704.880838178591,0.0,0.0,101.57261289147027,101.57261289147027,9430.0,9460.0,9694.880838178591,9884.880838178591,350.0,6577.138304371567,0.0,0,0,0,1
S5,continuous,E,944,79,9440.0,9460.0,9565.22147402129,9672.38021248221,9687.46969499528,20.0,20.0,107.15873846092109,127.15873846092109,9460.0,9490.0,9677.46969499528,9867.46969499528,300.0,5858.499484135404,0.0,0,0,0,0
S5,continuous,E,945,296,9450.0,9647.960034286763,9766.160211626006,10156.43424930399,10190.191845481238,197.9600342867634,197.9600342867634,390.27403767798387,588.2340719647473,9647.960034286763,9677.960034286763,10180.191845481238,10370.191845481238,450.0,5857.889335869262,0.0,0,0,0,1
S5,continuous,E,946,239,9460.0,9460.0,9532.243302374602,9532.243302374602,9580.037121565014,0.0,0.0,0.0,0.0,9460.0,9490.0,9570.037121565014,9760.037121565014,300.0,3919.9968353208915,0.0,0,0,0,0
S5,continuous,E,947,288,9470.0,9650.0,9720.86093526441,9720.86093526441,9793.829351453387,180.0,0.0,0.0,0.0,9650.0,9680.0,9783.829351453387,9973.829351453387,400.0,2764.862708530082,0.0,0,0,0,1
S5,continuous,E,948,91,9480.0,9624.407615673841,9691.547551623773,9726.51934481361,9753.563839892713,144.40761567384106,144.40761567384106,34.971793189837626,179.3794088636787,9624.407615673841,9654.407615673841,9743.563839892713,9933.563839892713,350.0,3006.4180911694716,0.0,0,0,0,1
S5,continuous,E,949,87,9490.0,9677.960034286763,9714.878519228416,9714.878519228416,9749.37891887344,187.9600342867634,187.9600342867634,0.0,187.9600342867634,9677.960034286763,9707.960034286763,9739.37891887344,9929.37891887344,350.0,1676.1571933688342,0.0,0,0,0,1
S5,continuous,E,950,94,9500.0,9500.0,9521.187304484843,9521.187304484843,9574.579303090573,0.0,0.0,0.0,0.0,9500.0,9530.0,9564.579303090573,9754.579303090573,300.0,1443.7162182379855,0.0,0,0,0,0
S5,continuous,E,951,126,9510.0,9711.909747109343,9755.487025041271,9916.51934481361,9943.563839892713,201.9097471093428,201.9097471093428,161.03231977233918,362.94206688168197,9711.909747109343,9741.909747109343,9933.563839892713,10123.563839892713,350.0,2413.497595403337,0.0,0,0,0,1
S5,continuous,E,952,46,9520.0,9566.683729959972,9669.16237885814,9955.846363050066,10019.091409075083,46.68372995997197,46.68372995997197,286.68398419192636,333.3677141518983,9566.683729959972,9596.683729959972,10009.091409075083,10199.091409075083,350.0,3329.0061033447882,0.0,0,0,0,1
S5,continuous,E,953,257,9530.0,9601.28923498513,9688.631860466538,9950.738090396151,9980.711812501815,71.28923498512995,71.28923498512995,262.1062299296136,333.39546491474357,9601.28923498513,9631.28923498513,9970.711812501815,10160.711812501815,350.0,4199.9927257477475,0.0,0,0,0,1
S5,continuous,E,954,294,9540.0,9946.954919732121,10023.795054487398,10023.795054487398,10038.567231522049,406.9549197321212,406.9549197321212,0.0,406.9549197321212,9946.954919732121,9976.954919732121,10028.567231522049,10218.567231522049,300.0,1904.0299548384485,0.0,0,0,0,0
S5,continuous,E,955,122,9550.0,9550.0,9622.3781862851,9622.3781862851,9654.583980954108,0.0,0.0,0.0,0.0,9550.0,9580.0,9644.583980954108,9834.583980954108,350.0,2858.7167475750825,0.0,0,0,0,1
S5,continuous,E,956,235,9560.0,9560.0,9656.283828655623,9855.250829845081,9896.33888586697,0.0,0.0,198.96700118945773,198.96700118945773,9560.0,9590.0,9886.33888586697,10076.33888586697,400.0,3772.8907537949817,0.0,0,0,0,1
S5,continuous,E,957,64,9570.0,9570.0,9632.325254747855,9632.325254747855,9659.210235720226,0.0,0.0,0.0,0.0,9570.0,9600.0,9649.210235720226,9839.210235720226,300.0,4053.711147605265,0.0,0,0,0,0
S5,continuous,E,958,81,9580.0,9580.0,9671.681087457802,9672.431756433254,9717.960034286763,0.0,0.0,0.7506689754518447,0.7506689754518447,9580.0,9610.0,9707.960034286763,9897.960034286763,500.0,2833.8157315934855,0.0,0,0,0,1
S5,continuous,E,959,41,9590.0,9867.46969499528,9895.950457088655,9895.950457088655,9897.801974074371,277.4696949952795,277.4696949952795,0.0,277.4696949952795,9867.46969499528,9897.46969499528,9895.950457088655,10085.950457088655,300.0,977.4569695143172,0.0,0,0,0,0
S5,continuous,E,960,113,9600.0,9600.0,9704.048359884731,9874.866489994174,9913.588664638146,0.0,0.0,170.8181301094428,170.8181301094428,9600.0,9630.0,9903.588664638146,10093.588664638146,400.0,4596.404744185495,0.0,0,0,0,1
S5,continuous,E,961,191,9610.0,9610.0,9697.851230827466,9894.878519228416,9939.37891887344,0.0,0.0,197.02728840095006,197.02728840095006,9610.0,9640.0,9929.37891887344,10119.37891887344,400.0,2808.554165173408,0.0,0,0,0,1
S5,continuous,E,962,51,9620.0,9884.880838178591,9979.475175520982,10236.143710645676,10299.112126834652,264.88083817859115,264.88083817859115,256.66853512469424,521.5493733032854,9884.880838178591,9914.880838178591,10289.112126834652,10479.112126834652,350.0,3492.7673855171433,0.0,0,0,0,1
S5,continuous,E,963,242,9630.0,9654.407615673841,9724.181748910021,9724.181748910021,9748.251185733752,24.407615673841065,24.407615673841065,0.0,24.407615673841065,9654.407615673841,9684.407615673841,9738.251185733752,9928.251185733752,350.0,3167.1559523092646,0.0,0,0,0,1
S5,continuous,E,964,190,9640.0,9640.0,9726.53141104701,9726.53141104701,9774.325230237422,0.0,0.0,0.0,0.0,9640.0,9670.0,9764.325230237422,9954.325230237422,300.0,3970.3666108698912,0.0,0,0,0,0
S5,continuous,E,965,193,9650.0,10093.588664638146,10137.303460172629,10137.303460172629,10189.235282658978,443.58866463814593,443.58866463814593,0.0,443.58866463814593,10093.588664638146,10123.588664638146,10179.235282658978,10369.235282658978,300.0,2019.4447116856281,0.0,0,0,0,0
S5,continuous,E,966,40,9660.0,9660.0,9765.39700752543,9812.3781862851,9844.583980954108,0.0,0.0,46.98117875967,46.98117875967,9660.0,9690.0,9834.583980954108,10024.583980954108,350.0,3368.367088382113,0.0,0,0,0,1
S5,continuous,E,967,295,9670.0,9790.0,9942.947272536638,10127.217867959813,10157.37808615671,120.0,0.0,184.2705954231751,184.2705954231751,9790.0,9820.0,10147.37808615671,10337.37808615671,400.0,7057.508140309478,0.0,0,0,0,1
S5,continuous,E,968,253,9680.0,10056.479379426159,10155.678189851296,10336.43424930399,10380.191845481238,376.47937942615863,376.47937942615863,180.75605945269308,557.2354388788517,10056.479379426159,10086.479379426159,10370.191845481238,10560.191845481238,500.0,3610.0803180886337,0.0,0,0,0,1
S5,continuous,E,969,19,9690.0,10123.588664638146,10187.407112531437,10187.407112531437,10216.153884156427,433.58866463814593,433.58866463814593,0.0,433.58866463814593,10123.588664638146,10153.588664638146,10206.153884156427,10396.153884156427,350.0,2627.0962812994744,0.0,0,0,0,1
S5,continuous,E,970,101,9700.0,9700.0,9748.83260225475,9748.83260225475,9785.07267960647,0.0,0.0,0.0,0.0,9700.0,9730.0,9775.07267960647,9965.07267960647,350.0,1663.9896202008747,0.0,0,0,0,1
S5,continuous,E,971,36,9710.0,9710.0,9747.832912562679,9747.832912562679,9762.60508959733,0.0,0.0,0.0,0.0,9710.0,9740.0,9752.60508959733,9942.60508959733,300.0,1556.823567824371,0.0,0,0,0,0
S5,continuous,E,972,166,9720.0,9720.0,9806.369602427,9806.369602427,9829.504778230488,0.0,0.0,0.0,0.0,9720.0,9750.0,9819.504778230488,10009.504778230488,350.0,2054.5203208258363,0.0,0,0,0,1
S5,continuous,E,973,96,9730.0,9860.606262317659,9944.665597546218,10006.369602427,10019.504778230488,130.60626231765855,130.60626231765855,61.70400488078121,192.31026719843976,9860.606262317659,9890.606262317659,10009.504778230488,10199.504778230488,300.0,3453.741298585822,0.0,0,0,0,0
S5,continuous,E,974,130,9740.0,9740.0,9761.576557353672,9761.576557353672,9771.764915031548,0.0,0.0,0.0,0.0,9740.0,9770.0,9761.764915031548,9951.764915031548,300.0,1115.7966189149288,0.0,0,0,0,0
S5,continuous,E,975,77,9750.0,9750.0,9845.018436081138,9892.431756433254,9907.960034286763,0.0,0.0,47.41332035211599,47.41332035211599,9750.0,9780.0,9897.960034286763,10087.960034286763,350.0,3758.173906460678,0.0,0,0,0,1
S5,continuous,E,976,21,9760.0,9972.491851094763,10003.153276114763,10003.153276114763,10053.547182066666,212.49185109476275,212.49185109476275,0.0,212.49185109476275,9972.491851094763,10002.491851094763,10043.547182066666,10233.547182066666,350.0,1443.6671239792258,0.0,0,0,0,1
S5,continuous,E,977,98,9770.0,10199.091409075083,10294.655082542293,10294.655082542293,10319.427259576943,429.091409075083,369.091409075083,0.0,369.091409075083,10199.091409075083,10229.091409075083,10309.427259576943,10499.427259576943,350.0,2594.661278111193,0.0,0,0,0,1
S5,continuous,E,978,76,9780.0,10119.37891887344,10184.163608996654,10184.163608996654,10228.75538966452,339.37891887344085,339.37891887344085,0.0,339.37891887344085,10119.37891887344,10149.37891887344,10218.75538966452,10408.75538966452,350.0,2414.4136001103707,0.0,0,0,0,1
S5,continuous,E,979,7,9790.0,10233.054396386924,10325.81138512085,10325.81138512085,10341.33966297436,443.05439638692405,443.05439638692405,0.0,443.05439638692405,10233.054396386924,10263.054396386924,10331.33966297436,10521.33966297436,350.0,4663.083769309438,0.0,0,0,0,1
S5,continuous,E,980,138,9800.0,10160.711812501815,10242.18308663904,10242.18308663904,10274.388881308048,360.7118125018151,360.7118125018151,0.0,360.7118125018151,10160.711812501815,10190.711812501815,10264.388881308048,10454.388881308048,350.0,3744.0677193106662,0.0,0,0,0,1
S5,continuous,E,981,216,9810.0,10153.588664638146,10262.80635289679,10432.416212880871,10462.604570558748,343.58866463814593,343.58866463814593,169.60985998408069,513.1985246222266,10153.588664638146,10183.588664638146,10452.604570558748,10642.604570558748,400.0,5044.253569254133,0.0,0,0,0,1
S5,continuous,E,982,54,9820.0,9820.0,9939.202017056128,10104.878519228416,10159.37891887344,0.0,0.0,165.67650217228766,165.67650217228766,9820.0,9850.0,10149.37891887344,10339.37891887344,450.0,3878.3456015996503,0.0,0,0,0,1
S5,continuous,E,983,50,9830.0,9836.889780334399,9911.436722007587,9911.436722007587,9956.028502675454,6.889780334398893,6.889780334398893,0.0,6.889780334398893,9836.889780334399,9866.889780334399,9946.028502675454,10136.028502675454,350.0,4085.655678264196,0.0,0,0,0,1
S5,continuous,E,984,85,9840.0,10024.583980954108,10109.808151749443,10109.808151749443,10124.897634262512,184.58398095410848,184.58398095410848,0.0,184.58398095410848,10024.583980954108,10054.583980954108,10114.897634262512,10304.897634262512,300.0,4387.701460998738,0.5389797467314565,1,0,1,0
S5,continuous,E,985,274,9850.0,10229.091409075083,10302.5111392298,10302.5111392298,10310.464101445277,379.091409075083,379.091409075083,0.0,379.091409075083,10229.091409075083,10259.091409075083,10302.5111392298,10492.5111392298,300.0,1650.9689831824926,0.0,0,0,0,0
S5,continuous,E,986,292,9860.0,9920.0,10065.413713453265,10065.413713453265,10137.661740877158,60.0,0.0,0.0,0.0,9920.0,9950.0,10127.661740877158,10317.661740877158,600.0,3153.025314012311,0.0,0,0,0,1
S5,continuous,E,987,226,9870.0,9870.0,9886.924771294676,10042.3781862851,10064.583980954108,0.0,0.0,155.45341499042297,155.45341499042297,9870.0,9900.0,10054.583980954108,10244.583980954108,300.0,865.7647332708771,0.0,0,0,0,0
S5,continuous,E,988,173,9880.0,9880.0,9982.13044190441,10422.18308663904,10464.388881308048,0.0,0.0,440.0526447346292,440.0526447346292,9880.0,9910.0,10454.388881308048,10644.388881308048,400.0,3295.4342332716456,0.0,0,0,0,1
S5,continuous,E,989,298,9890.0,10479.112126834652,10597.572255063435,10597.572255063435,10617.732473260332,589.1121268346524,409.1121268346524,0.0,409.1121268346524,10479.112126834652,10509.112126834652,10607.732473260332,10797.732473260332,350.0,4115.090641249803,0.0,0,0,0,1
S5,continuous,E,990,279,9900.0,9965.07267960647,10008.828584378278,10082.431756433254,10097.960034286763,65.07267960647005,65.07267960647005,73.60317205497631,138.67585166144636,9965.07267960647,9995.07267960647,10087.960034286763,10277.960034286763,350.0,759.8969373652762,0.0,0,0,0,1
S5,continuous,E,991,248,9910.0,9910.0,9975.054305742344,9975.054305742344,9995.24266342022,0.0,0.0,0.0,0.0,9910.0,9940.0,9985.24266342022,10175.24266342022,350.0,2665.1779210045756,0.0,0,0,0,1
S5,continuous,E,992,40,9920.0,9940.0,9976.417318855352,10186.369602427,10209.504778230488,20.0,20.0,209.95228357164706,229.95228357164706,9940.0,9970.0,10199.504778230488,10389.504778230488,350.0,770.7795524998058,0.0,0,0,0,1
S5,continuous,E,993,29,9930.0,9930.0,9961.41312591947,9961.41312591947,10014.805124525199,0.0,0.0,0.0,0.0,9930.0,9960.0,10004.805124525199,10194.805124525199,300.0,1430.6502993539655,0.0,0,0,0,0
S5,continuous,E,994,221,9940.0,9950.0,10064.101466119906,10064.101466119906,10080.159557899136,10.0,10.0,0.0,10.0,9950.0,9980.0,10070.159557899136,10260.159557899136,350.0,3867.9258135649707,0.0,0,0,0,1
S5,continuous,E,995,290,9950.0,9950.0,10011.434011351039,10011.434011351039,10054.781759239431,0.0,0.0,0.0,0.0,9950.0,9980.0,10044.781759239431,10234.781759239431,350.0,2604.964439468966,0.0,0,0,0,1
S5,continuous,E,996,106,9960.0,9960.0,10027.273901480177,10027.273901480177,10031.096562136074,0.0,0.0,0.0,0.0,9960.0,9990.0,10027.273901480177,10217.273901480177,300.0,2466.6768470751367,0.0,0,0,0,0
S5,continuous,E,997,64,9970.0,10183.588664638146,10287.715206789233,10287.715206789233,10313.634507365772,213.58866463814593,213.58866463814593,0.0,213.58866463814593,10183.588664638146,10213.588664638146,10303.634507365772,10493.634507365772,350.0,5300.165209910278,0.0,0,0,0,1
S5,continuous,E,998,190,9980.0,9980.0,10052.879101991572,10052.879101991572,10089.119179343292,0.0,0.0,0.0,0.0,9980.0,10010.0,10079.119179343292,10269.119179343292,350.0,1475.8550027879014,0.0,0,0,0,1
S5,continuous,E,999,231,9990.0,10337.37808615671,10415.436579776951,10415.436579776951,10446.52463579884,347.3780861567102,347.3780861567102,0.0,347.3780861567102,10337.37808615671,10367.37808615671,10436.52463579884,10626.52463579884,350.0,4116.126399316842,0.0,0,0,0,1
S5,continuous,E,1000,251,10000.0,10000.0,10105.834085283008,10474.655082542293,10509.427259576943,0.0,0.0,368.8209972592849,368.8209972592849,10000.0,10030.0,10499.427259576943,10689.427259576943,400.0,3780.242975038183,0.0,0,0,0,1
S5,continuous,E,1001,56,10010.0,10030.0,10126.54875831181,10367.407112531437,10406.153884156427,20.0,20.0,240.85835421962656,260.85835421962656,10030.0,10060.0,10396.153884156427,10586.153884156427,400.0,3181.0941499100113,0.0,0,0,0,1
S5,continuous,E,1002,16,10020.0,10367.37808615671,10440.855577010358,10440.855577010358,10442.707093996074,347.3780861567102,347.3780861567102,0.0,347.3780861567102,10367.37808615671,10397.37808615671,10440.855577010358,10630.855577010358,300.0,4281.210186363041,0.32343991451307375,2,1,2,0
S5,continuous,E,1003,61,10030.0,10030.0,10100.529003532589,10317.303460172629,10379.235282658978,0.0,0.0,216.77445664003972,216.77445664003972,10030.0,10060.0,10369.235282658978,10559.235282658978,350.0,1447.6404978622504,0.0,0,0,0,1
S5,continuous,E,1004,46,10040.0,10123.563839892713,10193.062548351712,10193.062548351712,10219.914950862969,83.56383989271308,83.56383989271308,0.0,83.56383989271308,10123.563839892713,10153.563839892713,10209.914950862969,10399.914950862969,350.0,3099.765379944919,0.0,0,0,0,1
S5,continuous,E,1005,13,10050.0,10213.588664638146,10365.432116014734,10365.432116014734,10415.592334211631,163.58866463814593,163.58866463814593,0.0,163.58866463814593,10213.588664638146,10243.588664638146,10405.592334211631,10595.592334211631,500.0,6752.497079712034,0.0,0,0,0,1
S5,continuous,E,1006,225,10060.0,10190.711812501815,10261.042101943378,10261.042101943378,10287.927082915749,130.71181250181507,130.71181250181507,0.0,130.71181250181507,10190.711812501815,10220.711812501815,10277.927082915749,10467.927082915749,300.0,3591.398004450157,0.0,0,0,0,0
S5,continuous,E,1007,162,10070.0,10070.0,10164.944509209907,10164.944509209907,10192.631672291673,0.0,0.0,0.0,0.0,10070.0,10100.0,10182.631672291673,10372.631672291673,350.0,2904.1175793272187,0.0,0,0,0,1
S5,continuous,E,1008,214,10080.0,10085.950457088655,10124.991383471179,10252.879101991572,10279.119179343292,5.95045708865473,5.95045708865473,127.88771852039281,133.83817560904754,10085.950457088655,10115.950457088655,10269.119179343292,10459.119179343292,300.0,2619.7519314743186,0.0,0,0,0,0
S5,continuous,E,1009,15,10090.0,10220.711812501815,10343.289813168603,10343.289813168603,10394.020037788936,130.71181250181507,130.71181250181507,0.0,130.71181250181507,10220.711812501815,10250.711812501815,10384.020037788936,10574.020037788936,350.0,6577.138304371567,0.0,0,0,0,1
S5,continuous,E,1010,100,10100.0,10100.0,10184.150613558259,10523.289813168603,10584.020037788936,0.0,0.0,339.1391996103448,339.1391996103448,10100.0,10130.0,10574.020037788936,10764.020037788936,400.0,2642.9954721027784,0.0,0,0,0,1
S5,continuous,E,1011,174,10110.0,10509.112126834652,10627.572255063435,10787.572255063435,10807.732473260332,399.1121268346524,399.1121268346524,160.0,559.1121268346524,10509.112126834652,10539.112126834652,10797.732473260332,10987.732473260332,350.0,4115.090641249803,0.0,0,0,0,1
S5,continuous,E,1012,175,10120.0,10539.112126834652,10641.768332463835,10641.768332463835,10672.856388485723,419.1121268346524,419.1121268346524,0.0,419.1121268346524,10539.112126834652,10569.112126834652,10662.856388485723,10852.856388485723,350.0,3116.1349904013955,0.0,0,0,0,1
S5,continuous,E,1013,132,10130.0,10560.191845481238,10611.963622541132,10611.963622541132,10629.91658475661,430.1918454812385,430.1918454812385,0.0,430.1918454812385,10560.191845481238,10590.191845481238,10619.91658475661,10809.91658475661,350.0,2692.831517473317,0.0,0,0,0,1
S5,continuous,E,1014,131,10140.0,10140.0,10245.018436081138,10505.81138512085,10531.33966297436,0.0,0.0,260.79294903971277,260.79294903971277,10140.0,10170.0,10521.33966297436,10711.33966297436,400.0,3858.173906460678,0.0,0,0,0,1
S5,continuous,E,1015,133,10150.0,10689.427259576943,10743.091459097215,10743.091459097215,10793.821683717548,539.4272595769435,359.42725957694347,0.0,359.42725957694347,10689.427259576943,10719.427259576943,10783.821683717548,10973.821683717548,350.0,2303.6468406496224,0.0,0,0,0,1
S5,continuous,E,1016,73,10160.0,10160.0,10181.283486415037,10181.283486415037,10214.32180892665,0.0,0.0,0.0,0.0,10160.0,10190.0,10204.32180892665,10394.32180892665,300.0,448.8982879558931,0.0,0,0,0,0
S5,continuous,E,1017,88,10170.0,10389.504778230488,10432.591798484202,10432.591798484202,10446.661235307933,219.50477823048823,219.50477823048823,0.0,219.50477823048823,10389.504778230488,10419.504778230488,10436.661235307933,10626.661235307933,300.0,2132.812693151126,0.0,0,0,0,0
S5,continuous,E,1018,211,10180.0,10394.32180892665,10458.045759112445,10458.045759112445,10463.785886392963,214.3218089266502,214.3218089266502,0.0,214.3218089266502,10394.32180892665,10424.32180892665,10458.045759112445,10648.045759112445,300.0,2239.6007605727914,0.0,0,0,0,0
S5,continuous,E,1019,105,10190.0,10339.37891887344,10420.60855120574,10684.655082542293,10729.427259576943,149.37891887344085,149.37891887344085,264.046531336553,413.42545020999387,10339.37891887344,10369.37891887344,10719.427259576943,10909.427259576943,450.0,2278.3117292166953,0.0,0,0,0,1
S5,continuous,E,1020,250,10200.0,10263.054396386924,10334.10392828064,10434.10392828064,10484.497834232543,63.054396386924054,63.054396386924054,100.0,163.05439638692405,10263.054396386924,10293.054396386924,10474.497834232543,10664.497834232543,350.0,3390.248120453955,0.0,0,0,0,1
S5,continuous,E,1021,28,10210.0,10304.897634262512,10390.559536088309,10390.559536088309,10453.597858599922,94.89763426251193,94.89763426251193,0.0,94.89763426251193,10304.897634262512,10334.897634262512,10443.597858599922,10633.597858599922,450.0,3245.466979305298,0.0,0,0,0,1
S5,continuous,E,1022,8,10220.0,10633.597858599922,10701.85418845351,10701.85418845351,10730.6009600785,413.5978585999219,413.5978585999219,0.0,413.5978585999219,10633.597858599922,10663.597858599922,10720.6009600785,10910.6009600785,350.0,2040.1259601480303,0.0,0,0,0,1
S5,continuous,E,1023,169,10230.0,10586.153884156427,10655.038547372667,10864.655082542293,10919.427259576943,356.153884156427,356.153884156427,209.61653516962542,565.7704193260524,10586.153884156427,10616.153884156427,10909.427259576943,11099.427259576943,500.0,1243.4541827148662,0.0,0,0,0,1
S5,continuous,E,1024,171,10240.0,10408.75538966452,10524.99891291877,10851.85418845351,10920.6009600785,168.7553896645204,168.7553896645204,326.8552755347391,495.61066519925953,10408.75538966452,10438.75538966452,10910.6009600785,11100.6009600785,550.0,2876.808933889931,0.0,0,0,0,1
S5,continuous,E,1025,271,10250.0,10987.732473260332,11079.44740647666,11079.44740647666,11116.33238744903,737.732473260332,737.732473260332,0.0,737.732473260332,10987.732473260332,11017.732473260332,11106.33238744903,11296.33238744903,350.0,5055.540330475102,0.0,0,0,0,1
S5,continuous,E,1026,40,10260.0,10260.159557899136,10315.908565163161,10315.908565163161,10326.07413395431,0.15955789913641638,0.15955789913641638,0.0,0.15955789913641638,10260.159557899136,10290.159557899136,10316.07413395431,10506.07413395431,350.0,2777.179335171568,0.0,0,0,0,1
S5,continuous,E,1027,239,10270.0,10642.604570558748,10695.331145453592,10695.331145453592,10708.466321257081,372.6045705587476,372.6045705587476,0.0,372.6045705587476,10642.604570558748,10672.604570558748,10698.466321257081,10888.466321257081,300.0,2952.498815204752,0.0,0,0,0,0
S5,continuous,E,1028,113,10280.0,10438.75538966452,10547.431994149725,10624.10392828064,10674.497834232543,158.7553896645204,158.7553896645204,76.67193413091445,235.42732379543486,10438.75538966452,10468.75538966452,10664.497834232543,10854.497834232543,350.0,4747.2500209214195,0.0,0,0,0,1
S5,continuous,E,1029,291,10290.0,11017.732473260332,11102.897613247858,11102.897613247858,11127.669790282509,727.732473260332,727.732473260332,0.0,727.732473260332,11017.732473260332,11047.732473260332,11117.669790282509,11307.669790282509,350.0,4558.323428866295,0.0,0,0,0,1
S5,continuous,E,1030,162,10300.0,10590.191845481238,10673.161949768073,10923.091459097215,10983.821683717548,290.1918454812385,290.1918454812385,249.9295093291421,540.1213548103806,10590.191845481238,10620.191845481238,10973.821683717548,11163.821683717548,400.0,4369.939644626923,0.0,0,0,0,1
S5,continuous,E,1031,206,10310.0,10372.631672291673,10437.469525392933,10437.469525392933,10495.263344583345,62.63167229167266,62.63167229167266,0.0,62.63167229167266,10372.631672291673,10402.631672291673,10485.263344583345,10675.263344583345,350.0,2904.1175793272187,0.0,0,0,0,1
S5,continuous,E,1032,123,10320.0,10402.631672291673,10464.772537172401,10507.303460172629,10569.235282658978,82.63167229167266,82.63167229167266,42.53092300022763,125.16259529190029,10402.631672291673,10432.631672291673,10559.235282658978,10749.235282658978,350.0,2745.0083811047857,0.0,0,0,0,1
S5,continuous,E,1033,110,10330.0,10330.0,10383.813977810232,10383.813977810232,10408.903460323301,0.0,0.0,0.0,0.0,10330.0,10360.0,10398.903460323301,10588.903460323301,350.0,2742.404750948818,0.0,0,0,0,1
S5,continuous,E,1034,91,10340.0,10340.0,10459.431698570394,10459.431698570394,10489.405420676057,0.0,0.0,0.0,0.0,10340.0,10370.0,10479.405420676057,10669.405420676057,350.0,6194.885060538056,0.0,0,0,0,1
S5,continuous,E,1035,81,10350.0,10350.0,10404.182606936469,11017.572255063435,11057.732473260332,0.0,0.0,613.3896481269658,613.3896481269658,10350.0,10380.0,11047.732473260332,11237.732473260332,450.0,1589.3925603632085,0.0,0,0,0,1
S5,continuous,E,1036,197,10360.0,10432.631672291673,10482.708764375075,10482.708764375075,10518.948841726795,72.63167229167266,72.63167229167266,0.0,72.63167229167266,10432.631672291673,10462.631672291673,10508.948841726795,10698.948841726795,350.0,1812.2981356098044,0.0,0,0,0,1
S5,continuous,E,1037,153,10370.0,11163.821683717548,11213.904166403507,11213.904166403507,11217.726827059403,793.8216837175478,793.8216837175478,0.0,793.8216837175478,11163.821683717548,11193.821683717548,11213.904166403507,11403.904166403507,300.0,846.2482974229563,0.0,0,0,0,0
S5,continuous,E,1038,5,10380.0,10459.119179343292,10568.16842993382,10629.431698570394,10679.405420676057,79.11917934329176,79.11917934329176,61.26326863657414,140.3824479798659,10459.119179343292,10489.119179343292,10669.405420676057,10859.405420676057,450.0,4051.6805465407747,0.0,0,0,0,1
S5,continuous,E,1039,198,10390.0,11193.821683717548,11284.809765511012,11284.809765511012,11311.662168022269,803.8216837175478,803.8216837175478,0.0,803.8216837175478,11193.821683717548,11223.821683717548,11301.662168022269,11491.662168022269,350.0,3071.7702805334543,0.0,0,0,0,1
S5,continuous,E,1040,266,10400.0,10640.0,10709.213912280185,10885.331145453592,10898.466321257081,240.0,0.0,176.11723317340693,176.11723317340693,10640.0,10670.0,10888.466321257081,11078.466321257081,300.0,4448.218266766179,0.20039999643722695,2,2,1,0
S5,continuous,E,1041,46,10410.0,10410.0,10519.189241317246,10573.813977810232,10598.903460323301,0.0,0.0,54.6247364929859,54.6247364929859,10410.0,10440.0,10588.903460323301,10778.903460323301,350.0,3504.618995505756,0.0,0,0,0,1
S5,continuous,E,1042,0,10420.0,10493.634507365772,10601.14598413567,10601.14598413567,10644.493732024062,73.63450736577215,73.63450736577215,0.0,73.63450736577215,10493.634507365772,10523.634507365772,10634.493732024062,10824.493732024062,350.0,5785.813655215288,0.0,0,0,0,1
S5,continuous,E,1043,114,10430.0,10430.0,10556.743802807056,10556.743802807056,10582.663103383595,0.0,0.0,0.0,0.0,10430.0,10460.0,10572.663103383595,10762.663103383595,350.0,4670.010109333077,0.0,0,0,0,1
S5,continuous,E,1044,60,10440.0,10492.5111392298,10592.044522033166,11031.85418845351,11110.6009600785,52.51113922980039,52.51113922980039,439.809666420344,492.3208056501444,10492.5111392298,10522.5111392298,11100.6009600785,11290.6009600785,600.0,2838.8600417282864,0.0,0,0,0,1
S5,continuous,E,1045,102,10450.0,10450.0,10563.81844789329,11221.85418845351,11300.6009600785,0.0,0.0,658.035740560219,658.035740560219,10450.0,10480.0,11290.6009600785,11480.6009600785,600.0,3127.096281299475,0.0,0,0,0,1
S5,continuous,E,1046,94,10460.0,10460.0,10529.664331219517,10529.664331219517,10622.632747408494,0.0,0.0,0.0,0.0,10460.0,10490.0,10612.632747408494,10802.632747408494,500.0,1887.1691377725938,0.0,0,0,0,1
S5,continuous,E,1047,7,10470.0,10626.52463579884,10711.49571333737,10711.49571333737,10773.42753582372,156.52463579883988,156.52463579883988,0.0,156.52463579883988,10626.52463579884,10656.52463579884,10763.42753582372,10953.42753582372,350.0,4057.300826984014,0.0,0,0,0,1
S5,continuous,E,1048,54,10480.0,11237.732473260332,11318.525254805141,11461.85418845351,11490.6009600785,757.732473260332,757.732473260332,143.32893364836855,901.0614069087005,11237.732473260332,11267.732473260332,11480.6009600785,11670.6009600785,350.0,4286.705838970198,0.0,0,0,0,1
S5,continuous,E,1049,185,10490.0,10778.903460323301,10857.011318962695,10857.011318962695,10879.217113631705,288.90346032330126,288.90346032330126,0.0,288.90346032330126,10778.903460323301,10808.903460323301,10869.217113631705,11059.217113631705,300.0,4387.701460998738,0.5389797467314565,1,0,1,0
S5,continuous,E,1050,124,10500.0,10663.597858599922,10747.208600424263,10793.813977810232,10818.903460323301,163.5978585999219,163.5978585999219,46.605377385969405,210.2032359858913,10663.597858599922,10693.597858599922,10808.903460323301,10998.903460323301,350.0,3045.466979305298,0.0,0,0,0,1
S5,continuous,E,1051,148,10510.0,10630.855577010358,10697.837263750713,10697.837263750713,10724.881758829815,120.85557701035759,120.85557701035759,0.0,120.85557701035759,10630.855577010358,10660.855577010358,10714.881758829815,10904.881758829815,350.0,3869.824710633304,0.0,0,0,0,1
S5,continuous,E,1052,263,10520.0,10520.0,10547.66561912235,10711.33966297436,10716.86794082787,0.0,0.0,163.67404385201007,163.67404385201007,10520.0,10550.0,10711.33966297436,10901.33966297436,300.0,1861.8059219701233,0.0,0,0,0,0
S5,continuous,E,1053,184,10530.0,11223.821683717548,11268.877451124512,11268.877451124512,11289.9655071464,693.8216837175478,693.8216837175478,0.0,693.8216837175478,11223.821683717548,11253.821683717548,11279.9655071464,11469.9655071464,300.0,597.4609223198408,0.0,0,0,0,0
S5,continuous,E,1054,230,10540.0,11253.821683717548,11333.443930823501,11333.443930823501,11358.216107858152,713.8216837175478,713.8216837175478,0.0,713.8216837175478,11253.821683717548,11283.821683717548,11348.216107858152,11538.216107858152,350.0,2303.6468406496224,0.0,0,0,0,1
S5,continuous,E,1055,194,10550.0,11307.669790282509,11360.936139529274,11360.936139529274,11408.729958719687,757.669790282509,757.669790282509,0.0,757.669790282509,11307.669790282509,11337.669790282509,11398.729958719687,11588.729958719687,300.0,2879.108128599687,0.0,0,0,0,0
S5,continuous,E,1056,256,10560.0,10660.855577010358,10719.638706284746,10801.963622541132,10819.91658475661,100.85557701035759,100.85557701035759,82.32491625638613,183.18049326674372,10660.855577010358,10690.855577010358,10809.91658475661,10999.91658475661,350.0,3277.79654858415,0.0,0,0,0,1
S5,continuous,E,1057,18,10570.0,10570.0,10665.996167298099,10814.10392828064,10864.497834232543,0.0,0.0,148.10776098254064,148.10776098254064,10570.0,10600.0,10854.497834232543,11044.497834232543,350.0,5046.91390207794,0.0,0,0,0,1
S5,continuous,E,1058,214,10580.0,10580.0,10686.974160714757,10686.974160714757,10702.714287995275,0.0,0.0,0.0,0.0,10580.0,10610.0,10692.714287995275,10882.714287995275,350.0,3301.138103366422,0.0,0,0,0,1
S5,continuous,E,1059,15,10590.0,11044.497834232543,11147.126763402403,11147.126763402403,11193.060119007845,454.497834232543,454.497834232543,0.0,454.497834232543,11044.497834232543,11074.497834232543,11183.060119007845,11373.060119007845,350.0,3963.9711889837845,0.0,0,0,0,1
S5,continuous,E,1060,212,10600.0,10852.856388485723,10905.92713736979,11075.331145453592,11088.466321257081,252.85638848572307,252.85638848572307,169.40400808380218,422.26039656952526,10852.856388485723,10882.856388485723,11078.466321257081,11268.466321257081,300.0,2303.2956832721115,0.7410490507036229,1,0,1,0
S5,continuous,E,1061,294,10610.0,10610.0,10671.756078554621,10671.756078554621,10706.256478199646,0.0,0.0,0.0,0.0,10610.0,10640.0,10696.256478199646,10886.256478199646,350.0,2582.1988451576085,0.0,0,0,0,1
S5,continuous,E,1062,93,10620.0,10620.0,10693.130796993597,10693.130796993597,10704.982313979313,0.0,0.0,0.0,0.0,10620.0,10650.0,10694.982313979313,10884.982313979313,350.0,2807.1194063918224,0.0,0,0,0,1
S5,continuous,E,1063,238,10630.0,10698.948841726795,10799.646690787129,11483.443930823501,11548.216107858152,68.94884172679485,68.94884172679485,683.7972400363724,752.7460817631672,10698.948841726795,10728.948841726795,11538.216107858152,11728.216107858152,550.0,2335.579385839495,0.0,0,0,0,1
S5,continuous,E,1064,232,10640.0,10884.982313979313,10952.337262221099,10952.337262221099,10995.685010109491,244.9823139793134,244.9823139793134,0.0,244.9823139793134,10884.982313979313,10914.982313979313,10985.685010109491,11175.685010109491,350.0,3976.225074775187,0.0,0,0,0,1
S5,continuous,E,1065,67,10650.0,10859.405420676057,10919.466597795794,10919.466597795794,10971.398420282143,209.40542067605747,209.40542067605747,0.0,209.40542067605747,10859.405420676057,10889.405420676057,10961.398420282143,11151.398420282143,300.0,3032.024723898179,0.0,0,0,0,0
S5,continuous,E,1066,192,10660.0,11074.497834232543,11206.61687063913,11663.443930823501,11738.216107858152,414.497834232543,414.497834232543,456.82706018437057,871.3248944169136,11074.497834232543,11104.497834232543,11728.216107858152,11918.216107858152,600.0,2990.8391119116977,0.0,0,0,0,1
S5,continuous,E,1067,55,10670.0,10670.0,10750.310982139523,10750.310982139523,10760.47655093067,0.0,0.0,0.0,0.0,10670.0,10700.0,10750.47655093067,10940.47655093067,350.0,2655.0668454055553,0.0,0,0,0,1
S5,continuous,E,1068,52,10680.0,10680.0,10760.031542099137,10760.031542099137,10798.75371674311,0.0,0.0,0.0,0.0,10680.0,10710.0,10788.75371674311,10978.75371674311,400.0,3256.4821916349174,0.0,0,0,0,1
S5,continuous,E,1069,189,10690.0,10901.33966297436,10924.383768247957,10924.383768247957,10960.623845599677,211.33966297436018,211.33966297436018,0.0,211.33966297436018,10901.33966297436,10931.33966297436,10950.623845599677,11140.623845599677,350.0,759.8969373652762,0.0,0,0,0,1
S5,continuous,E,1070,272,10700.0,10914.982313979313,10952.210326960618,10952.210326960618,10966.032987616514,214.9823139793134,214.9823139793134,0.0,214.9823139793134,10914.982313979313,10944.982313979313,10956.032987616514,11146.032987616514,350.0,1820.1372879139437,0.0,0,0,0,1
S5,continuous,E,1071,51,10710.0,10710.0,10774.810333027743,11104.383768247957,11150.623845599677,0.0,0.0,329.5734352202144,329.5734352202144,10710.0,10740.0,11140.623845599677,11330.623845599677,400.0,2279.3244337472966,0.0,0,0,0,1
S5,continuous,E,1072,73,10720.0,10720.0,10829.99799338001,10940.310982139523,10950.47655093067,0.0,0.0,110.31298875951325,110.31298875951325,10720.0,10750.0,10940.47655093067,11130.47655093067,350.0,3474.8541552696856,0.0,0,0,0,1
S5,continuous,E,1073,34,10730.0,10730.0,10801.469177294164,10983.813977810232,11008.903460323301,0.0,0.0,182.34480051606806,182.34480051606806,10730.0,10760.0,10998.903460323301,11188.903460323301,350.0,3645.110508707237,0.0,0,0,0,1
S5,continuous,E,1074,83,10740.0,10740.0,10796.549048788063,10796.549048788063,10814.23621186983,0.0,0.0,0.0,0.0,10740.0,10770.0,10804.23621186983,10994.23621186983,300.0,1725.2125934280243,0.0,0,0,0,0
S5,continuous,E,1075,191,10750.0,10750.0,10821.802820594092,10821.802820594092,10875.194819199822,0.0,0.0,0.0,0.0,10750.0,10780.0,10865.194819199822,11055.194819199822,300.0,3395.907539338546,0.0,0,0,0,0
S5,continuous,E,1076,64,10760.0,10760.0,10844.122981892762,11099.466597795794,11161.398420282143,0.0,0.0,255.3436159030316,255.3436159030316,10760.0,10790.0,11151.398420282143,11341.398420282143,350.0,3263.8280170664257,0.0,0,0,0,1
S5,continuous,E,1077,41,10770.0,11283.821683717548,11393.764416447466,11393.764416447466,11407.522012624715,513.8216837175478,513.8216837175478,0.0,513.8216837175478,11283.821683717548,11313.821683717548,11397.522012624715,11587.522012624715,350.0,4269.939644626922,0.0,0,0,0,1
S5,continuous,E,1078,253,10780.0,10780.0,10876.137158949401,10887.837263750713,10914.881758829815,0.0,0.0,11.700104801311682,11.700104801311682,10780.0,10810.0,10904.881758829815,11094.881758829815,350.0,4558.342400766629,0.0,0,0,0,1
S5,continuous,E,1079,122,10790.0,10790.0,10874.133588766523,10882.714287995275,10888.454415275794,0.0,0.0,8.580699228752565,8.580699228752565,10790.0,10820.0,10882.714287995275,11072.714287995275,300.0,2354.1620492947973,0.0,0,0,0,0
