scenario_id,sweep,model,vertiport_id,flight_id,aircraft_id,operation,start_s,end_s,duration_s,pad_delay_s
S1,continuous,A,1,0,66,takeoff,0.0,30.0,30.0,0.0
S1,continuous,A,0,0,66,landing,26.900250642450487,216.9002506424505,190.0,0.0
S1,continuous,A,3,1,72,takeoff,10.0,40.0,30.0,0.0
S1,continuous,A,0,1,72,landing,216.9002506424505,406.9002506424505,190.0,131.04616710695598
S1,continuous,A,2,2,44,takeoff,20.0,50.0,30.0,0.0
S1,continuous,A,5,2,44,landing,118.382350950339,308.382350950339,190.0,0.0
S1,continuous,A,6,3,17,takeoff,30.0,60.0,30.0,0.0
S1,continuous,A,3,3,17,landing,115.22403087447947,305.22403087447947,190.0,0.0
S1,continuous,A,5,4,0,takeoff,40.0,70.0,30.0,0.0
S1,continuous,A,3,4,0,landing,305.22403087447947,495.22403087447947,190.0,182.95224938478597
S1,continuous,A,6,5,60,takeoff,60.0,90.0,30.0,10.0
S1,continuous,A,0,5,60,landing,406.9002506424505,596.9002506424505,190.0,277.90218716354264
S1,continuous,A,7,6,3,takeoff,60.0,90.0,30.0,0.0
S1,continuous,A,1,6,3,landing,86.21536658401004,276.21536658401004,190.0,0.0
S1,continuous,A,7,7,13,takeoff,90.0,120.0,30.0,20.0
S1,continuous,A,0,7,13,landing,596.9002506424505,786.9002506424505,190.0,460.7846742400607
S1,continuous,A,2,8,45,takeoff,80.0,110.0,30.0,0.0
S1,continuous,A,4,8,45,landing,185.16656026853772,375.16656026853775,190.00000000000003,0.0
S1,continuous,A,7,9,33,takeoff,120.0,150.0,30.0,30.0
S1,continuous,A,6,9,33,landing,171.3153332923427,361.3153332923427,190.0,0.0
S1,continuous,A,2,10,32,takeoff,110.0,140.0,30.0,10.0
S1,continuous,A,1,10,32,landing,276.21536658401004,466.21536658401004,190.0,108.66419542855581
S1,continuous,A,4,11,16,takeoff,110.0,140.0,30.0,0.0
S1,continuous,A,3,11,16,landing,495.22403087447947,685.2240308744795,190.0,291.5423470165301
S1,continuous,A,1,12,68,takeoff,466.21536658401004,496.21536658401004,30.0,346.21536658401004
S1,continuous,A,6,12,68,landing,511.7128895785005,701.7128895785005,190.0,0.0
S1,continuous,A,5,13,34,takeoff,308.382350950339,338.382350950339,30.0,178.382350950339
S1,continuous,A,0,13,34,landing,786.9002506424505,976.9002506424505,190.0,404.6038122541366
S1,continuous,A,4,14,15,takeoff,140.0,170.0,30.0,0.0
S1,continuous,A,1,14,15,landing,496.21536658401004,686.2153665840101,190.00000000000006,292.2761072595206
S1,continuous,A,0,15,55,takeoff,976.9002506424505,1006.9002506424505,30.0,826.9002506424505
S1,continuous,A,3,15,55,landing,1052.7543341779449,1242.7543341779449,190.0,0.0
S1,continuous,A,2,16,4,takeoff,160.0,190.0,30.0,0.0
S1,continuous,A,7,16,4,landing,224.60651356686105,414.60651356686105,190.0,0.0
S1,continuous,A,2,17,42,takeoff,190.0,220.0,30.0,20.0
S1,continuous,A,4,17,42,landing,375.16656026853775,565.1665602685378,190.0,80.00000000000006
S1,continuous,A,7,18,59,takeoff,180.0,210.0,30.0,0.0
S1,continuous,A,0,18,59,landing,1006.9002506424505,1196.9002506424504,189.9999999999999,780.7846742400607
S1,continuous,A,6,19,39,takeoff,361.3153332923427,391.3153332923427,30.0,171.3153332923427
S1,continuous,A,2,19,39,landing,450.8577196773006,640.8577196773006,189.99999999999994,0.0
S1,continuous,A,6,20,58,takeoff,391.3153332923427,421.3153332923427,30.0,191.3153332923427
S1,continuous,A,1,20,58,landing,686.2153665840101,876.2153665840101,190.0,246.02036787754315
S1,continuous,A,1,21,43,takeoff,876.2153665840101,906.2153665840101,30.0,666.2153665840101
S1,continuous,A,4,21,43,landing,936.7724834888656,1126.7724834888656,190.0,0.0
S1,continuous,A,2,22,12,takeoff,220.0,250.0,30.0,0.0
S1,continuous,A,0,22,12,landing,1196.9002506424504,1386.9002506424504,190.0,899.4460358255785
S1,continuous,A,0,23,35,takeoff,1386.9002506424504,1416.9002506424504,30.0,1156.9002506424504
S1,continuous,A,2,23,35,landing,1464.3544654593222,1654.3544654593222,190.0,0.0
S1,continuous,A,7,24,50,takeoff,414.60651356686105,444.60651356686105,30.0,174.60651356686105
S1,continuous,A,5,24,50,landing,476.95330180121834,666.9533018012183,190.0,0.0
S1,continuous,A,2,25,53,takeoff,250.0,280.0,30.0,0.0
S1,continuous,A,1,25,53,landing,906.2153665840101,1096.21536658401,190.0,598.6641954285558
S1,continuous,A,6,26,64,takeoff,421.3153332923427,451.3153332923427,30.0,161.3153332923427
S1,continuous,A,7,26,64,landing,472.63066658468546,662.6306665846855,190.00000000000006,0.0
S1,continuous,A,4,27,36,takeoff,565.1665602685378,595.1665602685378,30.0,295.16656026853775
S1,continuous,A,3,27,36,landing,685.2240308744795,875.2240308744795,190.0,26.37578674799238
S1,continuous,A,5,28,66,takeoff,338.382350950339,368.382350950339,30.0,58.382350950339
S1,continuous,A,6,28,66,landing,701.7128895785005,891.7128895785005,190.0,285.65732625930696
S1,continuous,A,2,29,51,takeoff,290.0,320.0,30.0,0.0
S1,continuous,A,7,29,51,landing,662.6306665846855,852.6306665846855,190.0,308.02415301782446
S1,continuous,A,3,30,22,takeoff,875.2240308744795,905.2240308744795,30.0,575.2240308744795
S1,continuous,A,6,30,22,landing,960.4480617489588,1150.448061748959,190.0000000000001,0.0
S1,continuous,A,4,31,32,takeoff,595.1665602685378,625.1665602685378,30.0,285.16656026853775
S1,continuous,A,3,31,32,landing,1242.7543341779449,1432.7543341779449,190.0,553.9060900514578
S1,continuous,A,6,32,52,takeoff,451.3153332923427,481.3153332923427,30.0,131.3153332923427
S1,continuous,A,4,32,52,landing,625.1665602685378,815.1665602685378,190.0,91.71127743149725
S1,continuous,A,2,33,48,takeoff,330.0,360.0,30.0,0.0
S1,continuous,A,4,33,48,landing,1126.7724834888656,1316.7724834888656,190.0,691.6059232203279
S1,continuous,A,5,34,38,takeoff,368.382350950339,398.382350950339,30.0,28.382350950339003
S1,continuous,A,4,34,38,landing,1316.7724834888656,1506.7724834888656,190.0,863.0168104646175
S1,continuous,A,5,35,11,takeoff,398.382350950339,428.382350950339,30.0,48.382350950339
S1,continuous,A,4,35,11,landing,1506.7724834888656,1696.7724834888656,190.0,1023.0168104646175
S1,continuous,A,3,36,21,takeoff,905.2240308744795,935.2240308744795,30.0,545.2240308744795
S1,continuous,A,5,36,21,landing,987.4958123641729,1177.495812364173,190.0,0.0
S1,continuous,A,7,37,57,takeoff,852.6306665846855,882.6306665846855,30.0,482.6306665846855
S1,continuous,A,1,37,57,landing,1096.21536658401,1286.21536658401,190.0,217.3693334153146
S1,continuous,A,3,38,29,takeoff,935.2240308744795,965.2240308744795,30.0,555.2240308744795
S1,continuous,A,2,38,29,landing,1038.7875371662572,1228.7875371662572,190.0,0.0
S1,continuous,A,2,39,54,takeoff,390.0,420.0,30.0,0.0
S1,continuous,A,6,39,54,landing,1150.448061748959,1340.448061748959,190.0,670.905675364001
S1,continuous,A,7,40,0,takeoff,882.6306665846855,912.6306665846855,30.0,482.6306665846855
S1,continuous,A,2,40,0,landing,1228.7875371662572,1418.7875371662572,190.0,281.5503570147106
S1,continuous,A,3,41,46,takeoff,965.2240308744795,995.2240308744795,30.0,555.2240308744795
S1,continuous,A,1,41,46,landing,1286.21536658401,1476.21536658401,190.0,262.2693279362089
S1,continuous,A,2,42,49,takeoff,420.0,450.0,30.0,0.0
S1,continuous,A,5,42,49,landing,666.9533018012183,856.9533018012183,190.0,148.5709508508794
S1,continuous,A,1,43,18,takeoff,1476.21536658401,1506.21536658401,30.0,1046.21536658401
S1,continuous,A,7,43,18,landing,1499.0485907483865,1689.0485907483865,190.0,0.0
S1,continuous,A,4,44,70,takeoff,815.1665602685378,845.1665602685378,30.0,375.16656026853775
S1,continuous,A,0,44,70,landing,1416.9002506424504,1606.9002506424504,190.0,518.0746518377138
S1,continuous,A,6,45,33,takeoff,481.3153332923427,511.3153332923427,30.0,31.3153332923427
S1,continuous,A,2,45,33,landing,640.8577196773006,830.8577196773006,190.0,69.99999999999989
S1,continuous,A,0,46,6,takeoff,1606.9002506424504,1636.9002506424504,30.0,1146.9002506424504
S1,continuous,A,3,46,6,landing,1682.754334177945,1872.754334177945,190.0,0.0
S1,continuous,A,2,47,17,takeoff,830.8577196773006,860.8577196773006,30.0,360.85771967730057
S1,continuous,A,5,47,17,landing,1177.495812364173,1367.495812364173,190.0,248.2557417365333
S1,continuous,A,4,48,8,takeoff,845.1665602685378,875.1665602685378,30.0,365.16656026853775
S1,continuous,A,5,48,8,landing,1367.495812364173,1557.495812364173,190.0,436.9559300217261
S1,continuous,A,6,49,63,takeoff,891.7128895785005,921.7128895785005,30.0,401.7128895785005
S1,continuous,A,4,49,63,landing,1696.7724834888656,1886.7724834888656,190.0,722.9196443656674
S1,continuous,A,0,50,62,takeoff,1636.9002506424504,1666.9002506424504,30.0,1136.9002506424504
S1,continuous,A,6,50,62,landing,1705.8983141213582,1895.8983141213582,190.0,0.0
S1,continuous,A,6,51,71,takeoff,921.7128895785005,951.7128895785005,30.0,411.7128895785005
S1,continuous,A,2,51,71,landing,1654.3544654593222,1844.3544654593222,190.0,643.0991894958638
S1,continuous,A,3,52,69,takeoff,995.2240308744795,1025.2240308744795,30.0,475.22403087447947
S1,continuous,A,7,52,69,landing,1064.444786522104,1254.444786522104,190.0,0.0
S1,continuous,A,2,53,39,takeoff,860.8577196773006,890.8577196773006,30.0,330.85771967730057
S1,continuous,A,0,53,39,landing,1666.9002506424504,1856.9002506424504,190.0,728.5883161482781
S1,continuous,A,5,54,45,takeoff,856.9533018012183,886.9533018012183,30.0,316.95330180121834
S1,continuous,A,3,54,45,landing,1432.7543341779449,1622.7543341779449,190.0,493.5292508870331
S1,continuous,A,0,55,47,takeoff,1856.9002506424504,1886.9002506424504,30.0,1306.9002506424504
S1,continuous,A,2,55,47,landing,1934.3544654593222,2124.3544654593225,190.00000000000023,0.0
S1,continuous,A,4,56,27,takeoff,875.1665602685378,905.1665602685378,30.0,315.16656026853775
S1,continuous,A,3,56,27,landing,1872.754334177945,2062.754334177945,190.0,903.906090051458
S1,continuous,A,7,57,73,takeoff,912.6306665846855,942.6306665846855,30.0,342.6306665846855
S1,continuous,A,3,57,73,landing,2062.754334177945,2252.754334177945,190.0,1080.902911945635
S1,continuous,A,0,58,74,takeoff,1886.9002506424504,1916.9002506424504,30.0,1306.9002506424504
S1,continuous,A,2,58,74,landing,2124.3544654593225,2314.3544654593225,190.0,160.00000000000023
S1,continuous,A,3,59,68,takeoff,1622.7543341779449,1652.7543341779449,30.0,1032.7543341779449
S1,continuous,A,6,59,68,landing,1895.8983141213582,2085.8983141213585,190.00000000000023,187.91994906893387
S1,continuous,A,3,60,44,takeoff,1652.7543341779449,1682.7543341779449,30.0,1052.7543341779449
S1,continuous,A,5,60,44,landing,1735.0261156676384,1925.0261156676384,190.0,0.0
S1,continuous,A,5,61,42,takeoff,886.9533018012183,916.9533018012183,30.0,276.95330180121834
S1,continuous,A,4,61,42,landing,1886.7724834888656,2076.772483488866,190.00000000000023,914.4458596137382
S1,continuous,A,5,62,7,takeoff,916.9533018012183,946.9533018012183,30.0,296.95330180121834
S1,continuous,A,7,62,7,landing,1254.444786522104,1444.444786522104,190.0,275.1446964865286
S1,continuous,A,7,63,19,takeoff,942.6306665846855,972.6306665846855,30.0,312.6306665846855
S1,continuous,A,6,63,19,landing,1340.448061748959,1530.448061748959,190.0,346.5020618719308
S1,continuous,A,2,64,20,takeoff,890.8577196773006,920.8577196773006,30.0,250.85771967730057
S1,continuous,A,3,64,20,landing,2252.754334177945,2442.754334177945,190.0,1258.3331082088669
S1,continuous,A,4,65,1,takeoff,905.1665602685378,935.1665602685378,30.0,255.16656026853775
S1,continuous,A,2,65,1,landing,2314.3544654593225,2504.3544654593225,190.0,1304.021344922247
S1,continuous,A,2,66,41,takeoff,920.8577196773006,950.8577196773006,30.0,260.85771967730057
S1,continuous,A,1,66,41,landing,1506.21536658401,1696.21536658401,190.0,527.8064757512552
S1,continuous,A,3,67,3,takeoff,2442.754334177945,2472.754334177945,30.0,1772.754334177945
S1,continuous,A,1,67,3,landing,2501.476341951267,2691.476341951267,190.0,0.0
S1,continuous,A,6,68,9,takeoff,1530.448061748959,1560.448061748959,30.0,850.4480617489589
S1,continuous,A,7,68,9,landing,1689.0485907483865,1879.0485907483865,190.0,107.28519570708477
S1,continuous,A,7,69,37,takeoff,972.6306665846855,1002.6306665846855,30.0,282.6306665846855
S1,continuous,A,3,69,37,landing,2472.754334177945,2662.754334177945,190.0,1430.902911945635
S1,continuous,A,7,70,58,takeoff,1002.6306665846855,1032.6306665846855,30.0,302.6306665846855
S1,continuous,A,0,70,58,landing,1916.9002506424504,2106.9002506424504,190.0,868.1540076553749
S1,continuous,A,7,71,49,takeoff,1032.6306665846855,1062.6306665846855,30.0,322.6306665846855
S1,continuous,A,3,71,49,landing,2662.754334177945,2852.754334177945,190.0,1560.902911945635
S1,continuous,A,7,72,30,takeoff,1444.444786522104,1474.444786522104,30.0,724.4447865221041
S1,continuous,A,3,72,30,landing,2852.754334177945,3042.754334177945,190.0,1339.0887920082164
S1,continuous,A,7,73,40,takeoff,1879.0485907483865,1909.0485907483865,30.0,1149.0485907483865
S1,continuous,A,2,73,40,landing,2504.3544654593225,2694.3544654593225,190.0,560.6993611440748
S1,continuous,A,4,74,31,takeoff,2076.772483488866,2106.772483488866,30.0,1336.7724834888659
S1,continuous,A,2,74,31,landing,2694.3544654593225,2884.3544654593225,190.0,512.4154217019191
S1,continuous,A,4,75,61,takeoff,2106.772483488866,2136.772483488866,30.0,1356.7724834888659
S1,continuous,A,0,75,61,landing,2190.431522025065,2380.431522025065,190.0,0.0
S1,continuous,A,0,76,5,takeoff,2106.9002506424504,2136.9002506424504,30.0,1346.9002506424504
S1,continuous,A,7,76,5,landing,2153.01582704484,2343.01582704484,190.0,0.0
S1,continuous,A,3,77,26,takeoff,3042.754334177945,3072.754334177945,30.0,2272.754334177945
S1,continuous,A,5,77,26,landing,3125.026115667639,3315.026115667639,190.0,0.0
S1,continuous,A,0,78,67,takeoff,2136.9002506424504,2166.9002506424504,30.0,1356.9002506424504
S1,continuous,A,6,78,67,landing,2205.8983141213585,2395.8983141213585,190.0,0.0
S1,continuous,A,1,79,15,takeoff,1696.21536658401,1726.21536658401,30.0,906.2153665840101
S1,continuous,A,4,79,15,landing,2136.772483488866,2326.772483488866,190.0,380.0
S1,continuous,A,4,80,33,takeoff,2326.772483488866,2356.772483488866,30.0,1526.7724834888659
S1,continuous,A,3,80,33,landing,3072.754334177945,3262.754334177945,190.0,652.3001668311299
S1,continuous,A,3,81,64,takeoff,3262.754334177945,3292.754334177945,30.0,2452.754334177945
S1,continuous,A,0,81,64,landing,3338.6084177134394,3528.6084177134394,190.0,0.0
S1,continuous,A,6,82,16,takeoff,1560.448061748959,1590.448061748959,30.0,740.4480617489589
S1,continuous,A,4,82,16,landing,2356.772483488866,2546.772483488866,190.0,714.1844721952091
S1,continuous,A,6,83,51,takeoff,1590.448061748959,1620.448061748959,30.0,760.4480617489589
S1,continuous,A,2,83,51,landing,2884.3544654593225,3074.3544654593225,190.0,1204.3640173254055
S1,continuous,A,2,84,14,takeoff,950.8577196773006,980.8577196773006,30.0,110.85771967730057
S1,continuous,A,0,84,14,landing,2380.431522025065,2570.431522025065,190.0,1352.1195875308927
S1,continuous,A,2,85,60,takeoff,980.8577196773006,1010.8577196773006,30.0,130.85771967730057
S1,continuous,A,1,85,60,landing,1726.21536658401,1916.21536658401,190.0,687.8064757512552
S1,continuous,A,1,86,24,takeoff,1916.21536658401,1946.21536658401,30.0,1056.21536658401
S1,continuous,A,0,86,24,landing,2570.431522025065,2760.431522025065,190.0,627.3159047986044
S1,continuous,A,1,87,72,takeoff,1946.21536658401,1976.21536658401,30.0,1076.21536658401
S1,continuous,A,3,87,72,landing,3292.754334177945,3482.754334177945,190.0,1291.199102240247
S1,continuous,A,5,88,34,takeoff,946.9533018012183,976.9533018012183,30.0,66.95330180121834
S1,continuous,A,7,88,34,landing,1909.0485907483865,2099.0485907483862,189.99999999999977,899.7485007128109
S1,continuous,A,7,89,52,takeoff,2099.0485907483862,2129.0485907483862,30.0,1209.0485907483862
S1,continuous,A,2,89,52,landing,3074.3544654593225,3264.3544654593225,190.0,910.6993611440757
S1,continuous,A,6,90,56,takeoff,1620.448061748959,1650.448061748959,30.0,720.4480617489589
S1,continuous,A,7,90,56,landing,2343.01582704484,2533.01582704484,190.0,671.2524320035384
S1,continuous,A,6,91,13,takeoff,1650.448061748959,1680.448061748959,30.0,740.4480617489589
S1,continuous,A,3,91,13,landing,3482.754334177945,3672.754334177945,190.0,1747.0822415545067
S1,continuous,A,3,92,25,takeoff,3672.754334177945,3702.754334177945,30.0,2752.754334177945
S1,continuous,A,5,92,25,landing,3755.026115667639,3945.026115667639,190.0,0.0
S1,continuous,A,1,93,50,takeoff,1976.21536658401,2006.21536658401,30.0,1046.21536658401
S1,continuous,A,5,93,50,landing,2028.0233009209242,2218.023300920924,190.0,0.0
S1,continuous,A,3,94,36,takeoff,3702.754334177945,3732.754334177945,30.0,2762.754334177945
S1,continuous,A,7,94,36,landing,3771.9750898255697,3961.9750898255697,190.0,0.0
S1,continuous,A,7,95,10,takeoff,2533.01582704484,2563.01582704484,30.0,1583.01582704484
S1,continuous,A,1,95,10,landing,2691.476341951267,2881.476341951267,190.0,132.2451483224172
S1,continuous,A,3,96,66,takeoff,3732.754334177945,3762.754334177945,30.0,2772.754334177945
S1,continuous,A,2,96,66,landing,3836.3178404697223,4026.3178404697223,190.0,0.0
S1,continuous,A,4,97,28,takeoff,2546.772483488866,2576.772483488866,30.0,1576.7724834888659
S1,continuous,A,6,97,28,landing,2628.9124330335635,2818.9124330335635,190.0,0.0
S1,continuous,A,4,98,4,takeoff,2576.772483488866,2606.772483488866,30.0,1596.7724834888659
S1,continuous,A,5,98,4,landing,2662.1458055627754,2852.1458055627754,190.0,0.0
S1,continuous,A,0,99,65,takeoff,2760.431522025065,2790.431522025065,30.0,1770.431522025065
S1,continuous,A,1,99,65,landing,2881.476341951267,3071.476341951267,190.0,90.76242686411751
S1,continuous,A,4,100,2,takeoff,2606.772483488866,2636.772483488866,30.0,1606.7724834888659
S1,continuous,A,6,100,2,landing,2818.9124330335635,3008.9124330335635,190.0,130.0
S1,continuous,A,0,101,23,takeoff,2790.431522025065,2820.431522025065,30.0,1780.431522025065
S1,continuous,A,3,101,23,landing,3762.754334177945,3952.754334177945,190.0,896.4687286173858
S1,continuous,A,7,102,53,takeoff,2563.01582704484,2593.01582704484,30.0,1543.01582704484
S1,continuous,A,5,102,53,landing,2852.1458055627754,3042.1458055627754,190.0,226.78319028357828
S1,continuous,A,2,103,22,takeoff,1418.7875371662572,1448.7875371662572,30.0,388.78753716625715
S1,continuous,A,7,103,22,landing,2593.01582704484,2783.01582704484,190.0,1109.6217763117218
S1,continuous,A,4,104,43,takeoff,2636.772483488866,2666.772483488866,30.0,1596.7724834888659
S1,continuous,A,1,104,43,landing,3071.476341951267,3261.476341951267,190.0,370.7645991379118
S1,continuous,A,5,105,29,takeoff,1557.495812364173,1587.495812364173,30.0,507.49581236417293
S1,continuous,A,4,105,29,landing,2666.772483488866,2856.772483488866,190.0,1023.9033490507838
S1,continuous,A,5,106,59,takeoff,1587.495812364173,1617.495812364173,30.0,527.4958123641729
S1,continuous,A,7,106,59,landing,2783.01582704484,2973.01582704484,190.0,1133.1732264463099
S1,continuous,A,3,107,55,takeoff,3952.754334177945,3982.754334177945,30.0,2882.754334177945
S1,continuous,A,5,107,55,landing,4035.026115667639,4225.026115667639,190.0,0.0
S1,continuous,A,1,108,69,takeoff,2006.21536658401,2036.21536658401,30.0,926.2153665840101
S1,continuous,A,5,108,69,landing,2218.023300920924,2408.023300920924,190.0,160.0
S1,continuous,A,2,109,21,takeoff,1844.3544654593222,1874.3544654593222,30.0,754.3544654593222
S1,continuous,A,0,109,21,landing,2820.431522025065,3010.431522025065,190.0,898.622841748871
S1,continuous,A,5,110,57,takeoff,1617.495812364173,1647.495812364173,30.0,514.6625881997966
S1,continuous,A,4,110,57,landing,2856.772483488866,3046.772483488866,190.0,1153.9033490507838
S1,continuous,A,3,111,48,takeoff,3982.754334177945,4012.754334177945,30.0,2845.9818506890797
S1,continuous,A,1,111,48,landing,4041.476341951267,4231.476341951267,190.00000000000045,0.0
S1,continuous,A,5,112,54,takeoff,1647.495812364173,1677.495812364173,30.0,487.047750615214
S1,continuous,A,2,112,54,landing,3264.3544654593225,3454.3544654593225,190.0,1518.4763021448105
S1,continuous,A,2,113,17,takeoff,1874.3544654593222,1904.3544654593222,30.0,686.8586530951493
S1,continuous,A,0,113,17,landing,3010.431522025065,3200.431522025065,190.0,1058.622841748871
S1,continuous,A,4,114,12,takeoff,3046.772483488866,3076.772483488866,30.0,1839.8722328464155
S1,continuous,A,5,114,12,landing,3315.026115667639,3505.026115667639,190.0,182.88031010486338
S1,continuous,A,4,115,0,takeoff,3076.772483488866,3106.772483488866,30.0,1837.9849463226087
S1,continuous,A,0,115,0,landing,3528.6084177134394,3718.6084177134394,190.0,368.1768956883743
S1,continuous,A,7,116,32,takeoff,2973.01582704484,3003.01582704484,30.0,1720.2614928668952
S1,continuous,A,5,116,32,landing,3505.026115667639,3695.026115667639,190.0,469.66350038844166
S1,continuous,A,1,117,7,takeoff,2036.21536658401,2066.21536658401,30.0,771.770580061906
S1,continuous,A,7,117,7,landing,3003.01582704484,3193.01582704484,190.0,943.9672362964538
S1,continuous,A,3,118,46,takeoff,4012.754334177945,4042.754334177945,30.0,2719.921110013569
S1,continuous,A,6,118,46,landing,4097.978365052425,4287.978365052425,190.0,0.0
S1,continuous,A,6,119,38,takeoff,2085.8983141213585,2115.8983141213585,30.0,759.1258306324928
S1,continuous,A,2,119,38,landing,3454.3544654593225,3644.3544654593225,190.0,1278.9137649530062
S1,continuous,A,1,120,19,takeoff,2066.21536658401,2096.21536658401,30.0,715.7673048350512
S1,continuous,A,4,120,19,landing,3106.772483488866,3296.772483488866,190.0,980.0000000000005
S1,continuous,A,0,121,8,takeoff,3200.431522025065,3230.431522025065,30.0,1822.9357096608921
S1,continuous,A,6,121,8,landing,3269.429585503973,3459.429585503973,190.0,0.0
S1,continuous,A,1,122,70,takeoff,2096.21536658401,2126.21536658401,30.0,669.3151159415597
S1,continuous,A,7,122,70,landing,3193.01582704484,3383.01582704484,190.0,1073.9672362964538
S1,continuous,A,4,123,45,takeoff,3296.772483488866,3326.772483488866,30.0,1854.018149310921
S1,continuous,A,3,123,45,landing,4042.754334177945,4232.754334177946,190.00000000000045,652.3001668311299
S1,continuous,A,0,124,35,takeoff,3230.431522025065,3260.431522025065,30.0,1756.0770565657429
S1,continuous,A,4,124,35,landing,3326.772483488866,3516.772483488866,190.0,12.68192292760159
S1,continuous,A,6,125,18,takeoff,2115.8983141213585,2145.8983141213585,30.0,606.849723372972
S1,continuous,A,1,125,18,landing,2164.7779795354827,2354.7779795354827,190.0,0.0
S1,continuous,A,2,126,41,takeoff,1904.3544654593222,1934.3544654593222,30.0,391.52124129494587
S1,continuous,A,0,126,41,landing,3718.6084177134394,3908.6084177134394,190.0,1736.7997374372453
S1,continuous,A,6,127,11,takeoff,2145.8983141213585,2175.8983141213585,30.0,629.1258306324928
S1,continuous,A,3,127,11,landing,4232.754334177946,4422.754334177946,190.0,2001.6319891821076
S1,continuous,A,1,128,71,takeoff,2126.21536658401,2156.21536658401,30.0,461.86090112468787
S1,continuous,A,6,128,71,landing,2395.8983141213585,2585.8983141213585,190.0,224.18542454285807
S1,continuous,A,5,129,39,takeoff,1677.495812364173,1707.495812364173,30.0,0.5955617217225608
S1,continuous,A,6,129,39,landing,3008.9124330335635,3198.9124330335635,190.0,1253.7434083005362
S1,continuous,A,5,130,6,takeoff,1925.0261156676384,1955.0261156676384,30.0,232.27178148969324
S1,continuous,A,0,130,6,landing,3908.6084177134394,4098.60841771344,190.00000000000045,1909.6682146078263
S1,continuous,A,0,131,9,takeoff,3260.431522025065,3290.431522025065,30.0,1561.3829312766786
S1,continuous,A,3,131,9,landing,4422.754334177946,4612.754334177946,190.0,1086.4687286173862
S1,continuous,A,4,132,63,takeoff,3516.772483488866,3546.772483488866,30.0,1810.0000000000002
S1,continuous,A,5,132,63,landing,4225.026115667639,4415.026115667639,190.0,622.8803101048634
S1,continuous,A,0,133,62,takeoff,3290.431522025065,3320.431522025065,30.0,1574.5332079037069
S1,continuous,A,3,133,62,landing,4612.754334177946,4802.754334177946,190.0,1246.4687286173862
S1,continuous,A,5,134,60,takeoff,1955.0261156676384,1985.0261156676384,30.0,222.192891503262
S1,continuous,A,0,134,60,landing,4098.60841771344,4288.60841771344,190.0,2069.6682146078265
S1,continuous,A,4,135,44,takeoff,3546.772483488866,3576.772483488866,30.0,1801.7463678212275
S1,continuous,A,3,135,44,landing,4802.754334177946,4992.754334177946,190.0,1162.3001668311304
S1,continuous,A,3,136,27,takeoff,4992.754334177946,5022.754334177946,30.0,3110.0
S1,continuous,A,1,136,27,landing,5051.476341951267,5241.476341951267,190.0,0.0
S1,continuous,A,6,137,42,takeoff,2175.8983141213585,2205.8983141213585,30.0,279.1258306324928
S1,continuous,A,2,137,42,landing,3644.3544654593225,3834.3544654593225,190.0,1378.9137649530062
S1,continuous,A,4,138,68,takeoff,3576.772483488866,3606.772483488866,30.0,1670.8741693675076
S1,continuous,A,5,138,68,landing,4415.026115667639,4605.026115667639,190.0,752.8803101048634
S1,continuous,A,3,139,34,takeoff,5022.754334177946,5052.754334177946,30.0,3103.7057434295593
S1,continuous,A,1,139,34,landing,5241.476341951267,5431.476341951267,190.0,160.0
S1,continuous,A,1,140,58,takeoff,2354.7779795354827,2384.7779795354827,30.0,427.8777288930323
S1,continuous,A,7,140,58,landing,3383.01582704484,3573.01582704484,190.0,1005.4046233449817
S1,continuous,A,6,141,47,takeoff,2585.8983141213585,2615.8983141213585,30.0,641.5438486620362
S1,continuous,A,5,141,47,landing,4605.026115667639,4795.026115667639,190.0,1941.4545891774255
S1,continuous,A,7,142,50,takeoff,3573.01582704484,3603.01582704484,30.0,1534.992526123916
S1,continuous,A,5,142,50,landing,4795.026115667639,4985.026115667639,190.0,1159.6635003884417
S1,continuous,A,1,143,73,takeoff,2384.7779795354827,2414.7779795354827,30.0,312.0236453575376
S1,continuous,A,4,143,73,landing,3606.772483488866,3796.772483488866,190.0,1161.4373870485279
S1,continuous,A,7,144,74,takeoff,3603.01582704484,3633.01582704484,30.0,1468.6613615855176
S1,continuous,A,4,144,74,landing,3796.772483488866,3986.772483488866,190.0,127.93908867101618
S1,continuous,A,5,145,15,takeoff,2408.023300920924,2438.023300920924,30.0,261.2508174320583
S1,continuous,A,2,145,15,landing,4026.3178404697223,4216.317840469723,190.00000000000045,1519.9121885984591
S1,continuous,A,5,146,5,takeoff,2438.023300920924,2468.023300920924,30.0,275.0074738760841
S1,continuous,A,1,146,5,landing,3261.476341951267,3451.476341951267,190.0,768.2629642737948
S1,continuous,A,3,147,18,takeoff,5052.754334177946,5082.754334177946,30.0,2881.358497062097
S1,continuous,A,2,147,18,landing,5156.317840469724,5346.317840469724,190.0,0.0
S1,continuous,A,4,148,61,takeoff,3986.772483488866,4016.772483488866,30.0,1786.3409614638008
S1,continuous,A,5,148,61,landing,4985.026115667639,5175.026115667639,190.0,912.8803101048634
S1,continuous,A,0,149,67,takeoff,4288.60841771344,4318.60841771344,30.0,2072.7101035920814
S1,continuous,A,4,149,67,landing,4372.2674562496395,4562.2674562496395,190.0,0.0
S1,continuous,A,3,150,69,takeoff,5082.754334177946,5112.754334177946,30.0,2854.731033257021
S1,continuous,A,0,150,69,landing,5158.608417713441,5348.608417713441,190.0,0.0
S1,continuous,A,6,151,20,takeoff,3198.9124330335635,3228.9124330335635,30.0,936.1580988556184
S1,continuous,A,2,151,20,landing,4216.317840469723,4406.317840469723,190.0,927.8630210512015
S1,continuous,A,1,152,1,takeoff,2414.7779795354827,2444.7779795354827,30.0,90.42351407616025
S1,continuous,A,6,152,1,landing,3459.429585503973,3649.429585503973,190.0,999.1540829740002
S1,continuous,A,6,153,56,takeoff,3228.9124330335635,3258.9124330335635,30.0,875.8966059887234
S1,continuous,A,4,153,56,landing,4016.772483488866,4206.772483488866,190.0,705.7201009106047
S1,continuous,A,6,154,16,takeoff,3649.429585503973,3679.429585503973,30.0,1282.6571020151073
S1,continuous,A,3,154,16,landing,5112.754334177946,5302.754334177946,190.0,1378.100717799493
S1,continuous,A,1,155,14,takeoff,2444.7779795354827,2474.7779795354827,30.0,54.34645751041762
S1,continuous,A,3,155,14,landing,5302.754334177946,5492.754334177946,190.0,2802.636489288775
S1,continuous,A,5,156,71,takeoff,2468.023300920924,2498.023300920924,30.0,62.124986799565704
S1,continuous,A,2,156,71,landing,4406.317840469723,4596.317840469723,190.0,1839.9121885984596
S1,continuous,A,1,157,37,takeoff,3451.476341951267,3481.476341951267,30.0,968.7220077733218
S1,continuous,A,7,157,37,landing,3961.9750898255697,4151.97508982557,190.0,487.6655237099267
S1,continuous,A,1,158,3,takeoff,3481.476341951267,3511.476341951267,30.0,973.382142419634
S1,continuous,A,7,158,3,landing,4151.97508982557,4341.97508982557,190.0,647.6655237099267
S1,continuous,A,1,159,40,takeoff,3511.476341951267,3541.476341951267,30.0,997.1218764919445
S1,continuous,A,4,159,40,landing,4562.2674562496395,4752.2674562496395,190.0,990.2339973935173
S1,continuous,A,5,160,24,takeoff,2580.431522025065,2610.431522025065,30.0,0.0
S1,continuous,A,6,160,24,landing,3679.429585503973,3869.429585503973,190.0,1021.3248511100533
S1,continuous,A,2,161,22,takeoff,4596.317840469723,4626.317840469723,30.0,1993.3020134248827
S1,continuous,A,0,161,22,landing,4673.772055286595,4863.772055286595,190.0,0.0
S1,continuous,A,3,162,28,takeoff,5492.754334177946,5522.754334177946,30.0,2853.841901144382
S1,continuous,A,5,162,28,landing,5575.026115667639,5765.026115667639,190.0,0.0
S1,continuous,A,4,163,4,takeoff,4206.772483488866,4236.772483488866,30.0,1534.6266779260905
S1,continuous,A,1,163,4,landing,4270.711742813356,4460.711742813356,190.0,0.0
S1,continuous,A,4,164,49,takeoff,4236.772483488866,4266.772483488866,30.0,1564.0181493109208
S1,continuous,A,7,164,49,landing,4341.97508982557,4531.97508982557,190.0,39.38503856369425
S1,continuous,A,0,165,29,takeoff,4318.60841771344,4348.60841771344,30.0,1641.835934224574
S1,continuous,A,5,165,29,landing,5175.026115667639,5365.026115667639,190.0,782.5036105162244
S1,continuous,A,2,166,10,takeoff,4626.317840469723,4656.317840469723,30.0,1928.2236409380898
S1,continuous,A,4,166,10,landing,4752.2674562496395,4942.2674562496395,190.0,20.783055511378734
S1,continuous,A,0,167,31,takeoff,4348.60841771344,4378.60841771344,30.0,1644.2539522541174
S1,continuous,A,4,167,31,landing,4942.2674562496395,5132.2674562496395,190.0,510.0
S1,continuous,A,2,168,59,takeoff,4656.317840469723,4686.317840469723,30.0,1863.3020134248827
S1,continuous,A,0,168,59,landing,4863.772055286595,5053.772055286595,190.0,130.0
S1,continuous,A,7,169,2,takeoff,3633.01582704484,3663.01582704484,30.0,804.1033940112766
S1,continuous,A,6,169,2,landing,3869.429585503973,4059.429585503973,190.0,185.09842516679055
S1,continuous,A,2,170,21,takeoff,4686.317840469723,4716.317840469723,30.0,1855.8863184446577
S1,continuous,A,5,170,21,landing,5365.026115667639,5555.026115667639,190.0,580.3259242475779
S1,continuous,A,4,171,53,takeoff,4266.772483488866,4296.772483488866,30.0,1404.6266779260905
S1,continuous,A,6,171,53,landing,4348.912433033564,4538.912433033564,190.0,0.0
S1,continuous,A,3,172,30,takeoff,5522.754334177946,5552.754334177946,30.0,2660.0000000000005
S1,continuous,A,0,172,30,landing,5598.608417713441,5788.608417713441,190.0,0.0
S1,continuous,A,7,173,57,takeoff,3663.01582704484,3693.01582704484,30.0,796.2433435559742
S1,continuous,A,5,173,57,landing,5765.026115667639,5955.026115667639,190.0,2039.6635003884417
S1,continuous,A,1,174,65,takeoff,3541.476341951267,3571.476341951267,30.0,653.382142419634
S1,continuous,A,6,174,65,landing,4538.912433033564,4728.912433033564,190.0,951.9385680878072
S1,continuous,A,3,175,51,takeoff,5552.754334177946,5582.754334177946,30.0,2658.399868718623
S1,continuous,A,2,175,51,landing,5656.317840469724,5846.317840469724,190.0,0.0
S1,continuous,A,7,176,7,takeoff,3693.01582704484,3723.01582704484,30.0,680.0
S1,continuous,A,1,176,7,landing,3719.2311936288497,3909.2311936288497,190.0,0.0
S1,continuous,A,2,177,39,takeoff,4716.317840469723,4746.317840469723,30.0,1697.4054074361593
S1,continuous,A,7,177,39,landing,4780.924354036583,4970.924354036583,190.0,0.0
S1,continuous,A,2,178,17,takeoff,4746.317840469723,4776.317840469723,30.0,1725.8863184446577
S1,continuous,A,0,178,17,landing,5348.608417713441,5538.608417713441,190.0,524.8363624268459
S1,continuous,A,1,179,43,takeoff,3571.476341951267,3601.476341951267,30.0,493.38214241963396
S1,continuous,A,2,179,43,landing,4776.317840469723,4966.317840469723,190.0,1150.6724697826357
S1,continuous,A,5,180,33,takeoff,3082.754334177945,3112.754334177945,30.0,0.0
S1,continuous,A,1,180,33,landing,4460.711742813356,4650.711742813356,190.0,1322.767331878863
S1,continuous,A,7,181,52,takeoff,3723.01582704484,3753.01582704484,30.0,638.6613615855176
S1,continuous,A,3,181,52,landing,5582.754334177946,5772.754334177946,190.0,1790.5177514854813
S1,continuous,A,0,182,19,takeoff,4378.60841771344,4408.60841771344,30.0,1261.835934224574
S1,continuous,A,6,182,19,landing,4728.912433033564,4918.912433033564,190.0,281.3059518412165
S1,continuous,A,6,183,26,takeoff,4059.429585503973,4089.429585503973,30.0,924.4034698363344
S1,continuous,A,4,183,26,landing,5132.2674562496395,5322.2674562496395,190.0,990.6979212009674
S1,continuous,A,5,184,70,takeoff,3695.026115667639,3725.026115667639,30.0,492.0102886227987
S1,continuous,A,7,184,70,landing,4531.97508982557,4721.97508982557,190.0,774.6021859235734
S1,continuous,A,1,185,5,takeoff,3601.476341951267,3631.476341951267,30.0,333.38214241963396
S1,continuous,A,2,185,5,landing,4966.317840469723,5156.317840469723,190.0,1310.6724697826357
S1,continuous,A,2,186,54,takeoff,5346.317840469724,5376.317840469724,30.0,2071.9633750104013
S1,continuous,A,4,186,54,landing,5451.484400738262,5641.484400738262,190.0,0.0
S1,continuous,A,7,187,8,takeoff,4721.97508982557,4751.97508982557,30.0,1442.5455043215966
S1,continuous,A,1,187,8,landing,4748.190456409579,4938.190456409579,190.0,0.0
S1,continuous,A,2,188,72,takeoff,5376.317840469724,5406.317840469724,30.0,2073.5635062917786
S1,continuous,A,1,188,72,landing,5433.869011625177,5623.869011625177,190.0,0.0
S1,continuous,A,6,189,12,takeoff,4287.978365052425,4317.978365052425,30.0,962.9522493847862
S1,continuous,A,5,189,12,landing,5955.026115667639,6145.026115667639,190.0,1589.3745382463594
S1,continuous,A,7,190,35,takeoff,4970.924354036583,5000.924354036583,30.0,1634.1518705477174
S1,continuous,A,2,190,35,landing,5406.317840469724,5596.317840469724,190.0,370.78697286627994
S1,continuous,A,7,191,64,takeoff,5000.924354036583,5030.924354036583,30.0,1652.315936323144
S1,continuous,A,5,191,64,landing,6145.026115667639,6335.026115667639,190.0,1081.754973396699
S1,continuous,A,2,192,58,takeoff,5596.317840469724,5626.317840469724,30.0,2203.3020134248836
S1,continuous,A,1,192,58,landing,5653.869011625177,5843.869011625177,190.0,0.0
S1,continuous,A,4,193,38,takeoff,4296.772483488866,4326.772483488866,30.0,832.4180180295434
S1,continuous,A,1,193,38,landing,5843.869011625177,6033.869011625177,190.0,1483.1572688118213
S1,continuous,A,6,194,1,takeoff,4317.978365052425,4347.978365052425,30.0,848.5487795484519
S1,continuous,A,2,194,1,landing,5846.317840469724,6036.317840469724,190.0,1438.7970890323413
S1,continuous,A,3,195,13,takeoff,5772.754334177946,5802.754334177946,30.0,2280.0000000000005
S1,continuous,A,6,195,13,landing,5857.978365052425,6047.978365052425,190.0,0.0
S1,continuous,A,6,196,32,takeoff,4918.912433033564,4948.912433033564,30.0,1403.8863173659256
S1,continuous,A,2,196,32,landing,6036.317840469724,6226.317840469724,190.0,1027.863021051202
S1,continuous,A,4,197,0,takeoff,4326.772483488866,4356.772483488866,30.0,788.1640657754265
S1,continuous,A,3,197,0,landing,5802.754334177946,5992.754334177946,190.0,1382.30016683113
S1,continuous,A,2,198,73,takeoff,5626.317840469724,5656.317840469724,30.0,2009.5453569808578
S1,continuous,A,1,198,73,landing,6033.869011625177,6223.869011625177,190.0,350.0
S1,continuous,A,2,199,42,takeoff,6226.317840469724,6256.317840469724,30.0,2571.9633750104013
S1,continuous,A,4,199,42,landing,6331.484400738262,6521.484400738262,190.0,0.0
S1,continuous,A,6,200,24,takeoff,4948.912433033564,4978.912433033564,30.0,1259.4828475295913
S1,continuous,A,0,200,24,landing,5788.608417713441,5978.608417713441,190.0,770.6979212009683
S1,continuous,A,6,201,7,takeoff,4978.912433033564,5008.912433033564,30.0,1253.0633818243487
S1,continuous,A,4,201,7,landing,5641.484400738262,5831.484400738262,190.0,580.4320181599987
S1,continuous,A,5,202,41,takeoff,3945.026115667639,3975.026115667639,30.0,216.4176979541994
S1,continuous,A,2,202,41,landing,6256.317840469724,6446.317840469724,190.0,2212.909373851746
S1,continuous,A,6,203,25,takeoff,5008.912433033564,5038.912433033564,30.0,1243.8863173659256
S1,continuous,A,3,203,25,landing,5992.754334177946,6182.754334177946,190.0,898.6178702699017
S1,continuous,A,0,204,23,takeoff,4408.60841771344,4438.60841771344,30.0,635.8540835354947
S1,continuous,A,2,204,23,landing,6446.317840469724,6636.317840469724,190.0,1960.2552079394118
S1,continuous,A,1,205,36,takeoff,3909.2311936288497,3939.2311936288497,30.0,127.25610380327998
S1,continuous,A,5,205,36,landing,6335.026115667639,6525.026115667639,190.0,2373.986987701875
S1,continuous,A,4,206,74,takeoff,5322.2674562496395,5352.2674562496395,30.0,1515.4949727607736
S1,continuous,A,5,206,74,landing,6525.026115667639,6715.026115667639,190.0,1117.3853373440897
S1,continuous,A,7,207,66,takeoff,5030.924354036583,5060.924354036583,30.0,1184.606513566861
S1,continuous,A,4,207,66,landing,5831.484400738262,6021.484400738262,190.0,734.7424789286688
S1,continuous,A,5,208,2,takeoff,3975.026115667639,4005.026115667639,30.0,95.59653016366565
S1,continuous,A,6,208,2,landing,5038.912433033564,5228.912433033564,190.0,986.2131049970708
S1,continuous,A,0,209,6,takeoff,4438.60841771344,4468.60841771344,30.0,520.0000000000005
S1,continuous,A,1,209,6,landing,6223.869011625177,6413.869011625177,190.0,1754.9782008496531
S1,continuous,A,0,210,37,takeoff,4468.60841771344,4498.60841771344,30.0,496.6333278878701
S1,continuous,A,3,210,37,landing,6182.754334177946,6372.754334177946,190.0,1638.2918329290105
S1,continuous,A,2,211,56,takeoff,6636.317840469724,6666.317840469724,30.0,2609.545356980858
S1,continuous,A,5,211,56,landing,6734.700191420062,6924.700191420062,190.0,0.0
S1,continuous,A,2,212,15,takeoff,6666.317840469724,6696.317840469724,30.0,2630.0000000000014
S1,continuous,A,1,212,15,landing,6723.869011625177,6913.869011625177,190.0,0.0
S1,continuous,A,4,213,55,takeoff,5352.2674562496395,5382.2674562496395,30.0,1307.2413405820007
S1,continuous,A,7,213,55,landing,5418.085024022649,5608.085024022649,190.0,0.0
S1,continuous,A,6,214,48,takeoff,5228.912433033564,5258.912433033564,30.0,1180.8182335019314
S1,continuous,A,4,214,48,landing,6021.484400738262,6211.484400738262,190.0,710.4320181599987
S1,continuous,A,2,215,45,takeoff,6696.317840469724,6726.317840469724,30.0,2643.5635062917786
S1,continuous,A,1,215,45,landing,6913.869011625177,7103.869011625177,190.0,160.0
S1,continuous,A,0,216,46,takeoff,4498.60841771344,4528.60841771344,30.0,390.6300526610148
S1,continuous,A,7,216,46,landing,5060.924354036583,5250.924354036583,190.0,516.2003599207537
S1,continuous,A,5,217,60,takeoff,6924.700191420062,6954.700191420062,30.0,2816.091773706622
S1,continuous,A,1,217,60,landing,7103.869011625177,7293.869011625177,190.0,123.97874344856791
S1,continuous,A,2,218,3,takeoff,6726.317840469724,6756.317840469724,30.0,2564.342750644155
S1,continuous,A,3,218,3,landing,6829.881346761502,7019.881346761502,190.0,0.0
S1,continuous,A,0,219,20,takeoff,4528.60841771344,4558.60841771344,30.0,302.29057724371705
S1,continuous,A,1,219,20,landing,6413.869011625177,6603.869011625177,190.0,1854.9782008496531
S1,continuous,A,1,220,63,takeoff,4235.026115667638,4265.026115667638,30.0,0.0
S1,continuous,A,0,220,63,landing,5978.608417713441,6168.608417713441,190.0,1716.6820514033525
S1,continuous,A,6,221,11,takeoff,5258.912433033564,5288.912433033564,30.0,1016.1580988556188
S1,continuous,A,4,221,11,landing,6521.484400738262,6711.484400738262,190.0,1180.4320181599987
S1,continuous,A,3,222,4,takeoff,6372.754334177946,6402.754334177946,30.0,2095.4247337842235
S1,continuous,A,5,222,4,landing,6954.700191420062,7144.700191420062,190.0,499.67407575242305
S1,continuous,A,0,223,49,takeoff,4558.60841771344,4588.60841771344,30.0,206.6333278878701
S1,continuous,A,6,223,49,landing,5288.912433033564,5478.912433033564,190.0,661.3059518412165
S1,continuous,A,4,224,53,takeoff,5382.2674562496395,5412.2674562496395,30.0,1023.3550232160751
S1,continuous,A,3,224,53,landing,6402.754334177946,6592.754334177946,190.0,926.8051940703563
S1,continuous,A,6,225,67,takeoff,5478.912433033564,5508.912433033564,30.0,1096.644976783925
S1,continuous,A,2,225,67,landing,6756.317840469724,6946.317840469724,190.0,1187.863021051202
S1,continuous,A,0,226,71,takeoff,4588.60841771344,4618.60841771344,30.0,172.29057724371705
S1,continuous,A,5,226,71,landing,7144.700191420062,7334.700191420062,190.0,2482.1776862686474
S1,continuous,A,0,227,68,takeoff,4618.60841771344,4648.60841771344,30.0,193.58230204580195
S1,continuous,A,5,227,68,landing,7334.700191420062,7524.700191420062,190.0,2642.1776862686474
S1,continuous,A,1,228,9,takeoff,4650.711742813356,4680.711742813356,30.0,217.9574086354105
S1,continuous,A,0,228,9,landing,6168.608417713441,6358.608417713441,190.0,1490.9964242576343
S1,continuous,A,1,229,33,takeoff,4680.711742813356,4710.711742813356,30.0,213.38214241963396
S1,continuous,A,0,229,33,landing,6358.608417713441,6548.608417713441,190.0,1650.9964242576343
S1,continuous,A,2,230,70,takeoff,6946.317840469724,6976.317840469724,30.0,2404.342750644155
S1,continuous,A,3,230,70,landing,7049.881346761502,7239.881346761502,190.0,0.0
S1,continuous,A,4,231,65,takeoff,5412.2674562496395,5442.2674562496395,30.0,863.3550232160751
S1,continuous,A,3,231,65,landing,6592.754334177946,6782.754334177946,190.0,1086.8051940703563
S1,continuous,A,6,232,40,takeoff,5508.912433033564,5538.912433033564,30.0,936.6449767839249
S1,continuous,A,0,232,40,landing,6548.608417713441,6738.608417713441,190.0,970.6979212009683
S1,continuous,A,7,233,47,takeoff,5250.924354036583,5280.924354036583,30.0,635.8982383689454
S1,continuous,A,2,233,47,landing,6976.317840469724,7166.317840469724,190.0,1660.78697286628
S1,continuous,A,3,234,62,takeoff,6782.754334177946,6812.754334177946,30.0,2160.0
S1,continuous,A,0,234,62,landing,6858.608417713441,7048.608417713441,190.0,0.0
S1,continuous,A,6,235,22,takeoff,5538.912433033564,5568.912433033564,30.0,855.1403777469695
S1,continuous,A,0,235,22,landing,7048.608417713441,7238.608417713441,190.0,1440.6979212009683
S1,continuous,A,5,236,19,takeoff,7524.700191420062,7554.700191420062,30.0,2785.7877583864974
S1,continuous,A,1,236,19,landing,7579.890268176609,7769.890268176609,190.0,0.0
S1,continuous,A,7,237,8,takeoff,5280.924354036583,5310.924354036583,30.0,526.1160400466379
S1,continuous,A,2,237,8,landing,7166.317840469724,7356.317840469724,190.0,1820.78697286628
S1,continuous,A,7,238,10,takeoff,5310.924354036583,5340.924354036583,30.0,548.6568977869438
S1,continuous,A,0,238,10,landing,7238.608417713441,7428.608417713441,190.0,1881.5684872744678
S1,continuous,A,1,239,43,takeoff,4938.190456409579,4968.190456409579,30.0,151.8726159398566
S1,continuous,A,0,239,43,landing,7428.608417713441,7618.608417713441,190.0,2463.517710661411
S1,continuous,A,0,240,39,takeoff,5053.772055286595,5083.772055286595,30.0,262.8477012500116
S1,continuous,A,6,240,39,landing,5568.912433033564,5758.912433033564,190.0,446.14231426806145
S1,continuous,A,4,241,50,takeoff,6211.484400738262,6241.484400738262,30.0,1406.4582850706238
S1,continuous,A,3,241,50,landing,7239.881346761502,7429.881346761502,190.0,934.7152621652904
S1,continuous,A,5,242,44,takeoff,7554.700191420062,7584.700191420062,30.0,2741.9458572421163
S1,continuous,A,7,242,44,landing,7617.0469796544185,7807.0469796544185,190.0,0.0
S1,continuous,A,2,243,59,takeoff,7356.317840469724,7386.317840469724,30.0,2482.545785183129
S1,continuous,A,5,243,59,landing,7584.700191420062,7774.700191420062,190.0,130.0
S1,continuous,A,0,244,31,takeoff,5083.772055286595,5113.772055286595,30.0,131.50459903695537
S1,continuous,A,4,244,31,landing,6711.484400738262,6901.484400738262,190.0,1544.0533069154671
S1,continuous,A,7,245,5,takeoff,5340.924354036583,5370.924354036583,30.0,364.6065135668605
S1,continuous,A,0,245,5,landing,7618.608417713441,7808.608417713441,190.0,2231.5684872744678
S1,continuous,A,2,246,61,takeoff,7386.317840469724,7416.317840469724,30.0,2391.291724802086
S1,continuous,A,1,246,61,landing,7769.890268176609,7959.890268176609,190.0,326.0212565514321
S1,continuous,A,7,247,2,takeoff,5370.924354036583,5400.924354036583,30.0,322.01192100301887
S1,continuous,A,5,247,2,landing,7774.700191420062,7964.700191420062,190.0,2341.429049149122
S1,continuous,A,5,248,27,takeoff,7964.700191420062,7994.700191420062,30.0,2906.6059918884284
S1,continuous,A,7,248,27,landing,8027.0469796544185,8217.046979654418,190.0,0.0
S1,continuous,A,0,249,46,takeoff,5113.772055286595,5143.772055286595,30.0,42.847701250011596
S1,continuous,A,5,249,46,landing,7994.700191420062,8184.700191420062,190.0,2807.0140486954924
S1,continuous,A,5,250,16,takeoff,8184.700191420062,8214.700191420063,30.00000000000091,3061.9458572421163
S1,continuous,A,6,250,16,landing,8262.373403788915,8452.373403788915,190.0,0.0
S1,continuous,A,2,251,26,takeoff,7416.317840469724,7446.317840469724,30.0,2274.050384220084
S1,continuous,A,3,251,26,landing,7519.881346761502,7709.881346761502,190.0,0.0
S1,continuous,A,2,252,18,takeoff,7446.317840469724,7476.317840469724,30.0,2280.0
S1,continuous,A,6,252,18,landing,7535.860226854681,7725.860226854681,190.0,0.0
S1,continuous,A,6,253,69,takeoff,5758.912433033564,5788.912433033564,30.0,590.3040153201237
S1,continuous,A,0,253,69,landing,7808.608417713441,7998.608417713441,190.0,1980.6979212009683
S1,continuous,A,2,254,29,takeoff,7476.317840469724,7506.317840469724,30.0,2291.291724802085
S1,continuous,A,5,254,29,landing,8214.700191420063,8404.700191420063,190.0,640.0000000000009
S1,continuous,A,5,255,34,takeoff,8404.700191420063,8434.700191420063,30.0,3156.6059918884293
S1,continuous,A,2,255,34,landing,8503.082542370403,8693.082542370403,190.0,0.0
S1,continuous,A,4,256,49,takeoff,6241.484400738262,6271.484400738262,30.0,942.5719677046973
S1,continuous,A,7,256,49,landing,6307.301968511271,6497.301968511271,190.0,0.0
S1,continuous,A,1,257,14,takeoff,5623.869011625177,5653.869011625177,30.0,311.11467744723177
S1,continuous,A,5,257,14,landing,8434.700191420063,8624.700191420063,190.0,2759.023245457972
S1,continuous,A,7,258,17,takeoff,5608.085024022649,5638.085024022649,30.0,249.47660630920836
S1,continuous,A,6,258,17,landing,6047.978365052425,6237.978365052425,190.0,388.57800773743384
S1,continuous,A,0,259,21,takeoff,5538.608417713441,5568.608417713441,30.0,163.58230204580195
S1,continuous,A,4,259,21,landing,6901.484400738262,7091.484400738262,190.0,1279.2169444886213
S1,continuous,A,3,260,35,takeoff,7019.881346761502,7049.881346761502,30.0,1603.5635062917781
S1,continuous,A,7,260,35,landing,7089.102102409127,7279.102102409127,190.0,0.0
S1,continuous,A,5,261,55,takeoff,8624.700191420063,8654.700191420063,30.0,3196.6151673974136
S1,continuous,A,7,261,55,landing,8687.046979654422,8877.046979654422,190.0,0.0
S1,continuous,A,0,262,72,takeoff,5568.608417713441,5598.608417713441,30.0,128.1215485078974
S1,continuous,A,1,262,72,landing,7293.869011625177,7483.869011625177,190.0,1694.9782008496522
S1,continuous,A,7,263,54,takeoff,5638.085024022649,5668.085024022649,30.0,176.60062328438744
S1,continuous,A,5,263,54,landing,8654.700191420063,8844.700191420063,190.0,2954.268379163057
S1,continuous,A,6,264,39,takeoff,5788.912433033564,5818.912433033564,30.0,210.0
S1,continuous,A,1,264,39,landing,7959.890268176609,8149.890268176609,190.0,2122.0981697289208
S1,continuous,A,6,265,28,takeoff,5818.912433033564,5848.912433033564,30.0,233.8863173659256
S1,continuous,A,3,265,28,landing,7709.881346761502,7899.881346761502,190.0,1805.744882853458
S1,continuous,A,0,266,52,takeoff,6738.608417713441,6768.608417713441,30.0,1145.8540835354952
S1,continuous,A,3,266,52,landing,7899.881346761502,8089.881346761502,190.0,1085.418845512566
S1,continuous,A,6,267,30,takeoff,6237.978365052425,6267.978365052425,30.0,629.3699473389843
S1,continuous,A,2,267,30,landing,7506.317840469724,7696.317840469724,190.0,1178.7970890323413
S1,continuous,A,2,268,7,takeoff,7696.317840469724,7726.317840469724,30.0,2044.833439731462
S1,continuous,A,1,268,7,landing,8149.890268176609,8339.890268176609,189.9999999999991,396.0212565514321
S1,continuous,A,2,269,58,takeoff,7726.317840469724,7756.317840469724,30.0,2065.8309712641803
S1,continuous,A,3,269,58,landing,8089.881346761502,8279.881346761502,190.0,260.0
S1,continuous,A,7,270,51,takeoff,5668.085024022649,5698.085024022649,30.0,1.7671835529254167
S1,continuous,A,2,270,51,landing,7756.317840469724,7946.317840469724,190.0,2023.626302880214
S1,continuous,A,5,271,57,takeoff,8844.700191420063,8874.700191420063,30.0,3069.674075752425
S1,continuous,A,6,271,57,landing,8922.373403788917,9112.373403788917,190.0,0.0
S1,continuous,A,5,272,24,takeoff,8874.700191420063,8904.700191420063,30.0,3076.091773706622
S1,continuous,A,4,272,24,landing,8960.073513493973,9150.073513493973,190.0,0.0
S1,continuous,A,6,273,0,takeoff,6267.978365052425,6297.978365052425,30.0,455.22403087447947
S1,continuous,A,4,273,0,landing,7091.484400738262,7281.484400738262,190.0,741.3660861411381
S1,continuous,A,3,274,66,takeoff,7429.881346761502,7459.881346761502,30.0,1588.3969460232402
S1,continuous,A,2,274,66,landing,7946.317840469724,8136.317840469724,190.0,412.8729874164437
S1,continuous,A,7,275,38,takeoff,5850.486869205543,5880.486869205543,30.0,0.0
S1,continuous,A,4,275,38,landing,7281.484400738262,7471.484400738262,190.0,1365.1799637597087
S1,continuous,A,4,276,1,takeoff,6271.484400738262,6301.484400738262,30.0,415.166560268538
S1,continuous,A,5,276,1,landing,8904.700191420063,9094.700191420063,190.0,2547.8424686078915
S1,continuous,A,2,277,13,takeoff,8136.317840469724,8166.317840469724,30.0,2268.3394754172987
S1,continuous,A,5,277,13,landing,9094.700191420063,9284.700191420063,190.0,860.0
S1,continuous,A,2,278,12,takeoff,8166.317840469724,8196.317840469725,30.00000000000091,2201.291724802085
S1,continuous,A,3,278,12,landing,8279.881346761502,8469.881346761502,190.0,10.0
S1,continuous,A,4,279,63,takeoff,6301.484400738262,6331.484400738262,30.0,312.8759830248209
S1,continuous,A,2,279,63,landing,8196.317840469725,8386.317840469725,190.0,1789.666879462925
S1,continuous,A,0,280,25,takeoff,6768.608417713441,6798.608417713441,30.0,765.8540835354952
S1,continuous,A,4,280,25,landing,7471.484400738262,7661.484400738262,190.0,619.2169444886213
S1,continuous,A,2,281,48,takeoff,8386.317840469725,8416.317840469725,30.0,2354.833439731463
S1,continuous,A,7,281,48,landing,8450.924354036586,8640.924354036586,190.0,0.0
S1,continuous,A,4,282,73,takeoff,7661.484400738262,7691.484400738262,30.0,1620.9975315327183
S1,continuous,A,3,282,73,landing,8469.881346761502,8659.881346761502,190.0,714.7152621652904
S1,continuous,A,6,283,32,takeoff,6297.978365052425,6327.978365052425,30.0,251.66052458270133
S1,continuous,A,2,283,32,landing,8693.082542370403,8883.082542370403,190.0,2305.5617909330203
S1,continuous,A,1,284,17,takeoff,6603.869011625177,6633.869011625177,30.0,545.8906465727523
S1,continuous,A,5,284,17,landing,9284.700191420063,9474.700191420063,190.0,2629.023245457972
S1,continuous,A,7,285,64,takeoff,6155.026115667639,6185.026115667639,30.0,0.0
S1,continuous,A,6,285,64,landing,6327.978365052425,6517.978365052425,190.0,121.63691609244415
S1,continuous,A,6,286,9,takeoff,6517.978365052425,6547.978365052425,30.0,339.3699473389843
S1,continuous,A,4,286,9,landing,7691.484400738262,7881.484400738262,190.0,1091.366086141138
S1,continuous,A,2,287,37,takeoff,8416.317840469725,8446.317840469725,30.0,2223.563506291779
S1,continuous,A,0,287,37,landing,8493.772055286596,8683.772055286596,190.0,0.0
S1,continuous,A,7,288,6,takeoff,6230.486869205543,6260.486869205543,30.0,0.0
S1,continuous,A,1,288,6,landing,8339.890268176609,8529.890268176609,190.0,2083.1880323870555
S1,continuous,A,3,289,41,takeoff,7459.881346761502,7489.881346761502,30.0,1193.5635062917781
S1,continuous,A,0,289,41,landing,7998.608417713441,8188.608417713441,190.0,462.8729874164437
S1,continuous,A,7,290,49,takeoff,6497.301968511271,6527.301968511271,30.0,180.0
S1,continuous,A,2,290,49,landing,8883.082542370403,9073.082542370403,190.0,2321.174060292271
S1,continuous,A,1,291,64,takeoff,6633.869011625177,6663.869011625177,30.0,295.8906465727523
S1,continuous,A,7,291,64,landing,6656.702235789553,6846.702235789553,190.0,0.0
S1,continuous,A,1,292,42,takeoff,6663.869011625177,6693.869011625177,30.0,322.38461088691565
S1,continuous,A,6,292,42,landing,6709.366534619668,6899.366534619668,190.0,0.0
S1,continuous,A,2,293,36,takeoff,8446.317840469725,8476.317840469725,30.0,2101.2917248020867
S1,continuous,A,5,293,36,landing,9474.700191420063,9664.700191420063,190.0,929.9999999999982
S1,continuous,A,4,294,33,takeoff,7881.484400738262,7911.484400738262,30.0,1512.875983024821
S1,continuous,A,0,294,33,landing,8188.608417713441,8378.60841771344,189.9999999999991,223.46497843897941
S1,continuous,A,2,295,53,takeoff,9073.082542370403,9103.082542370403,30.0,2660.328208192457
S1,continuous,A,7,295,53,landing,9137.689055937264,9327.689055937264,190.0,0.0
S1,continuous,A,3,296,20,takeoff,7489.881346761502,7519.881346761502,30.0,1069.3944775559585
S1,continuous,A,1,296,20,landing,8529.890268176609,8719.890268176609,190.0,981.2869136417848
S1,continuous,A,7,297,23,takeoff,6527.301968511271,6557.301968511271,30.0,70.98412804154759
S1,continuous,A,1,297,23,landing,8719.890268176609,8909.890268176609,190.0,2166.3729330813276
S1,continuous,A,0,298,11,takeoff,6798.608417713441,6828.608417713441,30.0,267.1240169751791
S1,continuous,A,1,298,11,landing,8909.890268176609,9099.890268176609,190.0,2080.9994574010834
S1,continuous,A,6,299,74,takeoff,6547.978365052425,6577.978365052425,30.0,12.952249384786228
S1,continuous,A,2,299,74,landing,9103.082542370403,9293.082542370403,190.0,2465.5617909330203
S1,continuous,A,7,300,40,takeoff,6558.608417713441,6588.608417713441,30.0,0.0
S1,continuous,A,0,300,40,landing,8683.772055286596,8873.772055286596,190.0,2079.0480611707653
S1,continuous,A,1,301,65,takeoff,6693.869011625177,6723.869011625177,30.0,91.11467744723177
S1,continuous,A,7,301,65,landing,6846.702235789553,7036.702235789553,190.0,130.0
S1,continuous,A,3,302,64,takeoff,8659.881346761502,8689.881346761502,30.0,1993.1791109719488
S1,continuous,A,0,302,64,landing,8873.772055286596,9063.772055286596,190.0,138.03662498959966
S1,continuous,A,0,303,42,takeoff,6828.608417713441,6858.608417713441,30.0,109.24188309377314
S1,continuous,A,2,303,42,landing,9293.082542370403,9483.082542370403,190.0,2387.01990984009
S1,continuous,A,7,304,31,takeoff,7036.702235789553,7066.702235789553,30.0,315.21783505129133
S1,continuous,A,3,304,31,landing,8689.881346761502,8879.881346761502,190.0,1583.9583553243237
S1,continuous,A,0,305,15,takeoff,8378.60841771344,8408.60841771344,30.0,1648.1215485078965
S1,continuous,A,7,305,15,landing,8877.046979654422,9067.046979654422,190.0,452.32298553859255
S1,continuous,A,1,306,56,takeoff,7483.869011625177,7513.869011625177,30.0,739.1688202051155
S1,continuous,A,4,306,56,landing,7911.484400738262,8101.484400738262,190.0,367.0582722082281
S1,continuous,A,1,307,67,takeoff,7513.869011625177,7543.869011625177,30.0,747.5511711554536
S1,continuous,A,6,307,67,landing,7725.860226854681,7915.860226854681,190.0,166.49369223501344
S1,continuous,A,3,308,3,takeoff,8879.881346761502,8909.881346761502,30.0,2040.0
S1,continuous,A,6,308,3,landing,9112.373403788917,9302.373403788917,190.0,147.2680261529349
S1,continuous,A,2,309,65,takeoff,9483.082542370403,9513.082542370403,30.0,2626.3803065808497
S1,continuous,A,1,309,65,landing,9540.633713525856,9730.633713525856,190.0,0.0
S1,continuous,A,6,310,62,takeoff,6899.366534619668,6929.366534619668,30.0,30.75811690622686
S1,continuous,A,3,310,62,landing,8909.881346761502,9099.881346761502,190.0,1925.2907812673548
S1,continuous,A,7,311,21,takeoff,7279.102102409127,7309.102102409127,30.0,367.61770167086524
S1,continuous,A,1,311,21,landing,9099.890268176609,9289.890268176609,190.0,1794.572799183472
S1,continuous,A,7,312,45,takeoff,7309.102102409127,7339.102102409127,30.0,388.61523320358356
S1,continuous,A,6,312,45,landing,7915.860226854681,8105.860226854681,190.0,555.442791153212
S1,continuous,A,4,313,4,takeoff,8101.484400738262,8131.484400738262,30.0,1136.7842093181998
S1,continuous,A,7,313,4,landing,8217.046979654418,8407.046979654418,190.0,49.74501114314717
S1,continuous,A,4,314,47,takeoff,8131.484400738262,8161.484400738262,30.0,1145.166560268538
S1,continuous,A,7,314,47,landing,9327.689055937264,9517.689055937264,190.0,1130.387087425992
S1,continuous,A,7,315,22,takeoff,7339.102102409127,7369.102102409127,30.0,280.49368469568617
S1,continuous,A,0,315,22,landing,9063.772055286596,9253.772055286596,190.0,1678.5543764750792
S1,continuous,A,7,316,70,takeoff,7369.102102409127,7399.102102409127,30.0,309.2207556476251
S1,continuous,A,4,316,70,landing,8161.484400738262,8351.484400738262,190.0,726.5647305561251
S1,continuous,A,2,317,35,takeoff,9513.082542370403,9543.082542370403,30.0,2413.980439961276
S1,continuous,A,6,317,35,landing,9602.62492875536,9792.62492875536,190.0,0.0
S1,continuous,A,5,318,0,takeoff,9664.700191420063,9694.700191420063,30.0,2563.215790681801
S1,continuous,A,7,318,0,landing,9727.046979654422,9917.046979654422,190.0,0.0
S1,continuous,A,4,319,60,takeoff,8351.484400738262,8381.484400738262,30.0,1240.9975315327183
S1,continuous,A,5,319,60,landing,9694.700191420063,9884.700191420063,190.0,1257.8424686078906
S1,continuous,A,7,320,71,takeoff,7399.102102409127,7429.102102409127,30.0,244.40191098906507
S1,continuous,A,1,320,71,landing,9289.890268176609,9479.890268176609,190.0,1864.572799183472
S1,continuous,A,4,321,8,takeoff,8381.484400738262,8411.484400738262,30.0,1205.166560268538
S1,continuous,A,3,321,8,landing,9099.881346761502,9289.881346761502,190.0,624.7152621652895
S1,continuous,A,3,322,10,takeoff,9289.881346761502,9319.881346761502,30.0,2041.272929048061
S1,continuous,A,0,322,10,landing,9365.735430296996,9555.735430296996,190.0,0.0
S1,continuous,A,6,323,50,takeoff,7249.881346761502,7279.881346761502,30.0,0.0
S1,continuous,A,1,323,50,landing,9730.633713525856,9920.633713525856,190.0,2431.8727013502303
S1,continuous,A,5,324,38,takeoff,9884.700191420063,9914.700191420063,30.0,2593.215790681801
S1,continuous,A,4,324,38,landing,9970.073513493973,10160.073513493973,190.0,0.0
S1,continuous,A,7,325,72,takeoff,7429.102102409127,7459.102102409127,30.0,128.61523320358356
S1,continuous,A,5,325,72,landing,9914.700191420063,10104.700191420063,190.0,2423.2513007765792
S1,continuous,A,1,326,68,takeoff,7543.869011625177,7573.869011625177,30.0,199.16882020511548
S1,continuous,A,3,326,68,landing,9319.881346761502,9509.881346761502,190.0,1720.6724697826367
S1,continuous,A,3,327,43,takeoff,9509.881346761502,9539.881346761502,30.0,2071.272929048061
S1,continuous,A,0,327,43,landing,9585.735430296996,9775.735430296996,190.0,0.0
S1,continuous,A,6,328,25,takeoff,7481.484400738262,7511.484400738262,30.0,0.0
S1,continuous,A,3,328,25,landing,9539.881346761502,9729.881346761502,190.0,1973.1729151487607
S1,continuous,A,7,329,30,takeoff,7516.317840469724,7546.317840469724,30.0,0.0
S1,continuous,A,5,329,30,landing,10104.700191420063,10294.700191420063,190.0,2526.0355627159825
S1,continuous,A,3,330,26,takeoff,9729.881346761502,9759.881346761502,30.0,2200.0
S1,continuous,A,1,330,26,landing,9920.633713525856,10110.633713525856,190.0,132.0303589910327
S1,continuous,A,1,331,18,takeoff,9479.890268176609,9509.890268176609,30.0,1934.0300413219275
S1,continuous,A,7,331,18,landing,9517.689055937264,9707.689055937264,190.0,14.965563596279026
S1,continuous,A,3,332,19,takeoff,9759.881346761502,9789.881346761502,30.0,2173.3732210045264
S1,continuous,A,6,332,19,landing,9845.105377635982,10035.105377635982,190.0,0.0
S1,continuous,A,0,333,59,takeoff,8408.60841771344,8438.60841771344,30.0,813.908226293378
S1,continuous,A,2,333,59,landing,9543.082542370403,9733.082542370403,190.0,1057.0199098400917
S1,continuous,A,2,334,44,takeoff,9733.082542370403,9763.082542370403,30.0,2106.0355627159843
S1,continuous,A,6,334,44,landing,10035.105377635982,10225.105377635982,190.0,212.48044888062213
S1,continuous,A,2,335,5,takeoff,9763.082542370403,9793.082542370403,30.0,2134.474124656962
S1,continuous,A,3,335,5,landing,9866.64604866218,10056.64604866218,190.0,0.0
S1,continuous,A,0,336,9,takeoff,8438.60841771344,8468.60841771344,30.0,737.1240169751782
S1,continuous,A,1,336,9,landing,10110.633713525856,10300.633713525856,190.0,1641.7429027503313
S1,continuous,A,6,337,28,takeoff,8105.860226854681,8135.860226854681,30.0,385.9788800931792
S1,continuous,A,5,337,28,landing,10294.700191420063,10484.700191420063,190.0,2111.1667521965273
S1,continuous,A,1,338,67,takeoff,9509.890268176609,9539.890268176609,30.0,1774.0300413219275
S1,continuous,A,0,338,67,landing,9775.735430296996,9965.735430296996,190.0,238.94491147793633
S1,continuous,A,2,339,51,takeoff,9793.082542370403,9823.082542370403,30.0,2026.764701900679
S1,continuous,A,3,339,51,landing,10056.64604866218,10246.64604866218,190.0,160.0
S1,continuous,A,5,340,61,takeoff,10484.700191420063,10514.700191420063,30.0,2708.1920656630873
S1,continuous,A,3,340,61,landing,10566.971972909758,10756.971972909758,190.0,0.0
S1,continuous,A,5,341,2,takeoff,10514.700191420063,10544.700191420063,30.0,2730.000000000001
S1,continuous,A,3,341,2,landing,10756.971972909758,10946.971972909758,190.0,160.0
S1,continuous,A,6,342,69,takeoff,8135.860226854681,8165.860226854681,30.0,317.2518091412403
S1,continuous,A,7,342,69,landing,9917.046979654422,10107.046979654422,190.0,1729.871419507399
S1,continuous,A,6,343,52,takeoff,8165.860226854681,8195.860226854682,30.00000000000091,255.9788800931792
S1,continuous,A,0,343,52,landing,9965.735430296996,10155.735430296996,190.0,1730.877139963406
S1,continuous,A,0,344,56,takeoff,9253.772055286596,9283.772055286596,30.0,1332.287654548334
S1,continuous,A,3,344,56,landing,10246.64604866218,10436.64604866218,190.0,917.0199098400899
S1,continuous,A,6,345,45,takeoff,8195.860226854682,8225.860226854682,30.0,270.0000000000009
S1,continuous,A,3,345,45,landing,10946.971972909758,11136.971972909758,190.0,2665.8877151805955
S1,continuous,A,5,346,66,takeoff,10544.700191420063,10574.700191420063,30.0,2588.382350950339
S1,continuous,A,2,346,66,landing,10643.082542370403,10833.082542370403,190.0,0.0
S1,continuous,A,7,347,39,takeoff,7966.5081257569755,7996.5081257569755,30.0,0.0
S1,continuous,A,0,347,39,landing,10155.735430296996,10345.735430296996,190.0,2143.111728137631
S1,continuous,A,2,348,46,takeoff,9823.082542370403,9853.082542370403,30.0,1818.3823509503409
S1,continuous,A,7,348,46,landing,10107.046979654422,10297.046979654422,190.0,219.35792371715797
S1,continuous,A,7,349,41,takeoff,8407.046979654418,8437.046979654418,30.0,398.4385619409777
S1,continuous,A,4,349,41,landing,8472.864547427429,8662.864547427429,190.0,0.0
S1,continuous,A,2,350,27,takeoff,9853.082542370403,9883.082542370403,30.0,1816.0355627159843
S1,continuous,A,5,350,27,landing,10574.700191420063,10764.700191420063,190.0,623.2352980993201
S1,continuous,A,6,351,58,takeoff,8225.860226854682,8255.860226854682,30.0,125.97888009318012
S1,continuous,A,7,351,58,landing,10297.046979654422,10487.046979654422,190.0,2019.8714195073971
S1,continuous,A,0,352,7,takeoff,9283.772055286596,9313.772055286596,30.0,1127.2639295296203
S1,continuous,A,3,352,7,landing,11136.971972909758,11326.971972909758,190.0,1777.3458340876678
S1,continuous,A,2,353,70,takeoff,9883.082542370403,9913.082542370403,30.0,1711.598141632141
S1,continuous,A,7,353,70,landing,10487.046979654422,10677.046979654422,190.0,539.357923717158
S1,continuous,A,4,354,33,takeoff,8411.484400738262,8441.484400738262,30.0,212.87598302482183
S1,continuous,A,3,354,33,landing,11326.971972909758,11516.971972909758,190.0,2821.8058883135454
S1,continuous,A,7,355,63,takeoff,8640.924354036586,8670.924354036586,30.0,434.6065135668614
S1,continuous,A,3,355,63,landing,11516.971972909758,11706.971972909758,190.0,2806.826863225546
S1,continuous,A,4,356,29,takeoff,8441.484400738262,8471.484400738262,30.0,216.78420931819892
S1,continuous,A,1,356,29,landing,10300.633713525856,10490.633713525856,190.0,1795.2100534631045
S1,continuous,A,2,357,4,takeoff,9913.082542370403,9943.082542370403,30.0,1686.0355627159843
S1,continuous,A,5,357,4,landing,10764.700191420063,10954.700191420063,190.0,753.2352980993201
S1,continuous,A,3,358,16,takeoff,9789.881346761502,9819.881346761502,30.0,1517.5079429725865
S1,continuous,A,1,358,16,landing,10490.633713525856,10680.633713525856,190.0,642.0303589910327
S1,continuous,A,1,359,12,takeoff,10680.633713525856,10710.633713525856,30.0,2390.7523667643545
S1,continuous,A,4,359,12,landing,10741.190830430713,10931.190830430713,190.0,0.0
S1,continuous,A,2,360,6,takeoff,9943.082542370403,9973.082542370403,30.0,1596.5744166134282
S1,continuous,A,5,360,6,landing,10954.700191420063,11144.700191420063,190.0,913.2352980993201
S1,continuous,A,3,361,14,takeoff,9819.881346761502,9849.881346761502,30.0,1375.181155341439
S1,continuous,A,1,361,14,landing,10710.633713525856,10900.633713525856,190.0,832.0303589910327
S1,continuous,A,4,362,48,takeoff,8662.864547427429,8692.864547427429,30.0,201.94019339084298
S1,continuous,A,3,362,48,landing,11706.971972909758,11896.971972909758,190.0,2950.425741624378
S1,continuous,A,2,363,73,takeoff,9973.082542370403,10003.082542370403,30.0,1493.201195608901
S1,continuous,A,5,363,73,landing,11144.700191420063,11334.700191420063,190.0,1073.23529809932
S1,continuous,A,4,364,41,takeoff,8692.864547427429,8722.864547427429,30.0,210.0
S1,continuous,A,1,364,41,landing,10900.633713525856,11090.633713525856,190.0,2143.829906773937
S1,continuous,A,0,365,37,takeoff,9313.772055286596,9343.772055286596,30.0,810.0
S1,continuous,A,7,365,37,landing,10677.046979654422,10867.046979654422,190.0,1317.1593479654366
S1,continuous,A,0,366,34,takeoff,9555.735430296996,9585.735430296996,30.0,1042.6528879265934
S1,continuous,A,6,366,34,landing,10225.105377635982,10415.105377635982,190.0,600.371883860078
S1,continuous,A,0,367,20,takeoff,10345.735430296996,10375.735430296996,30.0,1809.2273045400216
S1,continuous,A,5,367,20,landing,11334.700191420063,11524.700191420063,190.0,915.0506736850912
S1,continuous,A,2,368,54,takeoff,10003.082542370403,10033.082542370403,30.0,1338.38235095034
S1,continuous,A,5,368,54,landing,11524.700191420063,11714.700191420063,190.0,1423.23529809932
S1,continuous,A,4,369,40,takeoff,8722.864547427429,8752.864547427429,30.0,29.0924921408332
S1,continuous,A,5,369,40,landing,11714.700191420063,11904.700191420063,190.0,2906.4623219187233
S1,continuous,A,1,370,55,takeoff,11090.633713525856,11120.633713525856,30.0,2393.5867338714343
S1,continuous,A,6,370,55,landing,11136.131236520347,11326.131236520347,190.0,0.0
S1,continuous,A,4,371,31,takeoff,8752.864547427429,8782.864547427429,30.0,52.98320066592714
S1,continuous,A,7,371,31,landing,10867.046979654422,11057.046979654422,190.0,2048.3648644539826
S1,continuous,A,3,372,32,takeoff,10436.64604866218,10466.64604866218,30.0,1733.5635062917772
S1,continuous,A,1,372,32,landing,11120.633713525856,11310.633713525856,190.0,625.2656570903546
S1,continuous,A,1,373,23,takeoff,11310.633713525856,11340.633713525856,30.0,2584.125587768882
S1,continuous,A,4,373,23,landing,11371.190830430713,11561.190830430713,190.0,0.0
S1,continuous,A,5,374,64,takeoff,11904.700191420063,11934.700191420063,30.0,3020.928136133467
S1,continuous,A,4,374,64,landing,11990.073513493973,12180.073513493973,190.0,0.0
S1,continuous,A,1,375,15,takeoff,11340.633713525856,11370.633713525856,30.0,2453.5867338714343
S1,continuous,A,3,375,15,landing,11896.971972909758,12086.971972909758,190.0,500.9983940302136
S1,continuous,A,1,376,49,takeoff,11370.633713525856,11400.633713525856,30.0,2477.5511711554536
S1,continuous,A,4,376,49,landing,11561.190830430713,11751.190830430713,190.0,130.0
S1,continuous,A,4,377,1,takeoff,8914.700191420063,8944.700191420063,30.0,0.0
S1,continuous,A,0,377,1,landing,10375.735430296996,10565.735430296996,190.0,1377.3762003407337
S1,continuous,A,2,378,11,takeoff,10033.082542370403,10063.082542370403,30.0,1116.5744166134282
S1,continuous,A,1,378,11,landing,11400.633713525856,11590.633713525856,190.0,1310.0
S1,continuous,A,7,379,62,takeoff,9067.046979654422,9097.046979654422,30.0,147.16563289292026
S1,continuous,A,2,379,62,landing,10063.082542370403,10253.082542370403,190.0,931.4290491491192
S1,continuous,A,5,380,57,takeoff,11934.700191420063,11964.700191420063,30.0,3002.3267876311456
S1,continuous,A,3,380,57,landing,12086.971972909758,12276.971972909758,190.0,70.0
S1,continuous,A,6,381,24,takeoff,9302.373403788917,9332.373403788917,30.0,332.2998902949439
S1,continuous,A,7,381,24,landing,11057.046979654422,11247.046979654422,190.0,1703.358242573162
S1,continuous,A,5,382,22,takeoff,11964.700191420063,11994.700191420063,30.0,2890.928136133467
S1,continuous,A,4,382,22,landing,12180.073513493973,12370.073513493973,190.0,130.0
S1,continuous,A,5,383,13,takeoff,11994.700191420063,12024.700191420063,30.0,2890.0
S1,continuous,A,7,383,13,landing,12057.046979654422,12247.046979654422,190.0,0.0
S1,continuous,A,0,384,21,takeoff,10565.735430296996,10595.735430296996,30.0,1459.2273045400216
S1,continuous,A,3,384,21,landing,12276.971972909758,12466.971972909758,190.0,1635.3824590772674
S1,continuous,A,4,385,8,takeoff,9150.073513493973,9180.073513493973,30.0,40.19216673247138
S1,continuous,A,2,385,8,landing,10253.082542370403,10443.082542370403,190.0,997.8424686078906
S1,continuous,A,2,386,74,takeoff,10443.082542370403,10473.082542370403,30.0,1330.0
S1,continuous,A,6,386,74,landing,10532.62492875536,10722.62492875536,190.0,0.0
S1,continuous,A,4,387,3,takeoff,9180.073513493973,9210.073513493973,30.0,57.70010970505609
S1,continuous,A,7,387,3,landing,11247.046979654422,11437.046979654422,190.0,2001.1558983874384
S1,continuous,A,4,388,53,takeoff,9210.073513493973,9240.073513493973,30.0,62.384457556709094
S1,continuous,A,3,388,53,landing,12466.971972909758,12656.971972909758,190.0,3163.216775557834
S1,continuous,A,0,389,17,takeoff,10595.735430296996,10625.735430296996,30.0,1301.0352388769334
S1,continuous,A,7,389,17,landing,11437.046979654422,11627.046979654422,190.0,795.1959729550363
S1,continuous,A,2,390,71,takeoff,10473.082542370403,10503.082542370403,30.0,1176.5744166134282
S1,continuous,A,7,390,71,landing,11627.046979654422,11817.046979654422,190.0,1089.357923717158
S1,continuous,A,2,391,42,takeoff,10503.082542370403,10533.082542370403,30.0,1200.0
S1,continuous,A,4,391,42,landing,10931.190830430713,11121.190830430713,190.0,322.941727791771
S1,continuous,A,2,392,68,takeoff,10533.082542370403,10563.082542370403,30.0,1203.201195608901
S1,continuous,A,0,392,68,landing,10625.735430296996,10815.735430296996,190.0,15.198673109722222
S1,continuous,A,0,393,47,takeoff,10815.735430296996,10845.735430296996,30.0,1478.046374359732
S1,continuous,A,4,393,47,landing,11121.190830430713,11311.190830430713,190.0,221.7963615975168
S1,continuous,A,1,394,10,takeoff,11590.633713525856,11620.633713525856,30.0,2214.8982832288602
S1,continuous,A,3,394,10,landing,12656.971972909758,12846.971972909758,190.0,1010.9983940302136
S1,continuous,A,3,395,36,takeoff,10466.64604866218,10496.64604866218,30.0,981.9458572421172
S1,continuous,A,0,395,36,landing,10845.735430296996,11035.735430296996,190.0,303.2352980993219
S1,continuous,A,7,396,18,takeoff,11817.046979654422,11847.046979654422,30.0,2289.357923717158
S1,continuous,A,2,396,18,landing,11881.653493221283,12071.653493221283,190.0,0.0
S1,continuous,A,0,397,65,takeoff,11035.735430296996,11065.735430296996,30.0,1488.4838591907737
S1,continuous,A,5,397,65,landing,12024.700191420063,12214.700191420063,190.0,915.0506736850912
S1,continuous,A,5,398,25,takeoff,12214.700191420063,12244.700191420063,30.0,2664.818844658561
S1,continuous,A,7,398,25,landing,12277.046979654422,12467.046979654422,190.0,0.0
S1,continuous,A,2,399,59,takeoff,10563.082542370403,10593.082542370403,30.0,1010.0
S1,continuous,A,0,399,59,landing,11065.735430296996,11255.735430296996,190.0,425.1986731097222
S1,continuous,A,0,400,43,takeoff,11255.735430296996,11285.735430296996,30.0,1660.0
S1,continuous,A,5,400,43,landing,12244.700191420063,12434.700191420063,190.0,915.0506736850912
S1,continuous,A,4,401,35,takeoff,9612.62492875536,9642.62492875536,30.0,0.0
S1,continuous,A,1,401,35,landing,11620.633713525856,11810.633713525856,190.0,1944.069525446006
S1,continuous,A,6,402,60,takeoff,9792.62492875536,9822.62492875536,30.0,87.92473733529732
S1,continuous,A,2,402,60,landing,10833.082542370403,11023.082542370403,190.0,950.9152272300853
S1,continuous,A,7,403,0,takeoff,11847.046979654422,11877.046979654422,30.0,2110.0
S1,continuous,A,3,403,0,landing,12846.971972909758,13036.971972909758,190.0,930.7042376077097
S1,continuous,A,2,404,50,takeoff,10593.082542370403,10623.082542370403,30.0,855.8309712641803
S1,continuous,A,5,404,50,landing,12434.700191420063,12624.700191420063,190.0,1743.23529809932
S1,continuous,A,0,405,67,takeoff,11285.735430296996,11315.735430296996,30.0,1500.0
S1,continuous,A,3,405,67,landing,13036.971972909758,13226.971972909758,190.0,1675.3824590772674
S1,continuous,A,5,406,19,takeoff,12624.700191420063,12654.700191420063,30.0,2769.5948137840805
S1,continuous,A,1,406,19,landing,12679.89026817661,12869.89026817661,190.0,0.0
S1,continuous,A,0,407,5,takeoff,11315.735430296996,11345.735430296996,30.0,1439.0893816348162
S1,continuous,A,6,407,5,landing,11384.733493775904,11574.733493775904,190.0,0.0
S1,continuous,A,5,408,72,takeoff,12654.700191420063,12684.700191420063,30.0,2730.0
S1,continuous,A,2,408,72,landing,12753.082542370403,12943.082542370403,190.0,0.0
S1,continuous,A,6,409,69,takeoff,10415.105377635982,10445.105377635982,30.0,488.0583979815601
S1,continuous,A,7,409,69,landing,12467.046979654422,12657.046979654422,190.0,2000.626268726097
S1,continuous,A,7,410,26,takeoff,11877.046979654422,11907.046979654422,30.0,1949.7954085481997
S1,continuous,A,1,410,26,landing,11903.262346238433,12093.262346238433,190.0,0.0
S1,continuous,A,7,411,52,takeoff,11907.046979654422,11937.046979654422,30.0,1931.311549357426
S1,continuous,A,3,411,52,landing,13226.971972909758,13416.971972909758,190.0,1250.7042376077097
S1,continuous,A,7,412,38,takeoff,11937.046979654422,11967.046979654422,30.0,1956.9734661604489
S1,continuous,A,3,412,38,landing,13416.971972909758,13606.971972909758,190.0,1410.7042376077097
S1,continuous,A,4,413,44,takeoff,10160.073513493973,10190.073513493973,30.0,114.968135857991
S1,continuous,A,7,413,44,landing,12657.046979654422,12847.046979654422,190.0,2431.1558983874384
S1,continuous,A,0,414,51,takeoff,11345.735430296996,11375.735430296996,30.0,1279.0893816348162
S1,continuous,A,6,414,51,landing,11574.733493775904,11764.733493775904,190.0,160.0
S1,continuous,A,0,415,62,takeoff,11375.735430296996,11405.735430296996,30.0,1302.6528879265934
S1,continuous,A,5,415,62,landing,12684.700191420063,12874.700191420063,190.0,1235.0506736850912
S1,continuous,A,0,416,30,takeoff,11405.735430296996,11435.735430296996,30.0,1291.0352388769334
S1,continuous,A,3,416,30,landing,13606.971972909758,13796.971972909758,190.0,2125.3824590772674
S1,continuous,A,1,417,46,takeoff,11810.633713525856,11840.633713525856,30.0,1693.5867338714343
S1,continuous,A,3,417,46,landing,13796.971972909758,13986.971972909758,190.0,1930.9983940302136
S1,continuous,A,3,418,9,takeoff,10496.64604866218,10526.64604866218,30.0,379.39447755595756
S1,continuous,A,4,418,9,landing,11751.190830430713,11941.190830430713,190.0,1160.863097910582
S1,continuous,A,6,419,39,takeoff,10445.105377635982,10475.105377635982,30.0,279.3699473389861
S1,continuous,A,5,419,39,landing,12874.700191420063,13064.700191420063,190.0,2351.921601415226
S1,continuous,A,4,420,34,takeoff,10235.105377635982,10265.105377635982,30.0,0.0
S1,continuous,A,7,420,34,landing,12847.046979654422,13037.046979654422,190.0,2546.1240342454294
S1,continuous,A,1,421,56,takeoff,11840.633713525856,11870.633713525856,30.0,1583.9876648636764
S1,continuous,A,0,421,56,landing,11867.533964168308,12057.533964168308,190.0,0.0
S1,continuous,A,2,422,8,takeoff,11023.082542370403,11053.082542370403,30.0,760.0
S1,continuous,A,4,422,8,landing,12370.073513493973,12560.073513493973,190.0,1241.8244108550316
S1,continuous,A,4,423,28,takeoff,10304.700191420063,10334.700191420063,30.0,0.0
S1,continuous,A,2,423,28,landing,11053.082542370403,11243.082542370403,190.0,643.2157906818011
S1,continuous,A,7,424,58,takeoff,11967.046979654422,11997.046979654422,30.0,1660.0
S1,continuous,A,2,424,58,landing,12071.653493221283,12261.653493221283,190.0,40.0
S1,continuous,A,5,425,29,takeoff,13064.700191420063,13094.700191420063,30.0,2757.4486203138404
S1,continuous,A,1,425,29,landing,13119.89026817661,13309.89026817661,190.0,0.0
S1,continuous,A,5,426,1,takeoff,13094.700191420063,13124.700191420063,30.0,2708.9647611230666
S1,continuous,A,3,426,1,landing,13986.971972909758,14176.971972909758,190.0,810.0
S1,continuous,A,7,427,70,takeoff,11997.046979654422,12027.046979654422,30.0,1500.0
S1,continuous,A,5,427,70,landing,13124.700191420063,13314.700191420063,190.0,1065.3064235312813
S1,continuous,A,4,428,16,takeoff,10497.251571106222,10527.251571106222,30.0,0.0
S1,continuous,A,1,428,16,landing,12093.262346238433,12283.262346238433,190.0,1532.07151580772
S1,continuous,A,4,429,74,takeoff,10542.62492875536,10572.62492875536,30.0,0.0
S1,continuous,A,6,429,74,landing,10722.62492875536,10912.62492875536,190.0,97.86005045530146
S1,continuous,A,6,430,61,takeoff,10912.62492875536,10942.62492875536,30.0,335.65295584560226
S1,continuous,A,2,430,61,landing,11243.082542370403,11433.082542370403,190.0,240.9152272300853
S1,continuous,A,7,431,27,takeoff,12027.046979654422,12057.046979654422,30.0,1442.3467882343593
S1,continuous,A,5,431,27,landing,13314.700191420063,13504.700191420063,190.0,1225.3064235312813
S1,continuous,A,0,432,68,takeoff,11435.735430296996,11465.735430296996,30.0,800.0
S1,continuous,A,4,432,68,landing,12560.073513493973,12750.073513493973,190.0,1040.6790446607774
S1,continuous,A,1,433,66,takeoff,11870.633713525856,11900.633713525856,30.0,1217.5511711554536
S1,continuous,A,3,433,66,landing,14176.971972909758,14366.971972909758,190.0,2250.9983940302136
S1,continuous,A,1,434,37,takeoff,12283.262346238433,12313.262346238433,30.0,1596.2153665840106
S1,continuous,A,0,434,37,landing,12310.162596880884,12500.162596880884,190.0,0.0
S1,continuous,A,4,435,14,takeoff,11311.190830430713,11341.190830430713,30.0,593.9392593244902
S1,continuous,A,2,435,14,landing,11433.082542370403,11623.082542370403,190.0,16.725151671151252
S1,continuous,A,5,436,74,takeoff,13504.700191420063,13534.700191420063,30.0,2772.0752626647027
S1,continuous,A,1,436,74,landing,13559.89026817661,13749.89026817661,190.0,0.0
S1,continuous,A,3,437,12,takeoff,14366.971972909758,14396.971972909758,30.0,3615.7811424790452
S1,continuous,A,4,437,12,landing,14460.653656767709,14650.653656767709,190.0,0.0
S1,continuous,A,5,438,2,takeoff,13534.700191420063,13564.700191420063,30.0,2767.728218510305
S1,continuous,A,4,438,2,landing,13620.073513493973,13810.073513493973,190.0,0.0
S1,continuous,A,3,439,4,takeoff,14396.971972909758,14426.971972909758,30.0,3622.271781489695
S1,continuous,A,0,439,4,landing,14472.826056445252,14662.826056445252,190.0,0.0
S1,continuous,A,7,440,60,takeoff,12247.046979654422,12277.046979654422,30.0,1403.9644372840194
S1,continuous,A,1,440,60,landing,12313.262346238433,12503.262346238433,190.0,40.0
S1,continuous,A,2,441,36,takeoff,11623.082542370403,11653.082542370403,30.0,767.3471120734066
S1,continuous,A,5,441,36,landing,13564.700191420063,13754.700191420063,190.0,1843.23529809932
S1,continuous,A,6,442,31,takeoff,10942.62492875536,10972.62492875536,30.0,65.57794910093799
S1,continuous,A,3,442,31,landing,14426.971972909758,14616.971972909758,190.0,3399.1230132799174
S1,continuous,A,2,443,41,takeoff,11653.082542370403,11683.082542370403,30.0,745.8309712641803
S1,continuous,A,5,443,41,landing,13754.700191420063,13944.700191420063,190.0,2003.23529809932
S1,continuous,A,3,444,42,takeoff,14616.971972909758,14646.971972909758,30.0,3675.7811424790452
S1,continuous,A,6,444,42,landing,14702.196003784238,14892.196003784238,190.0,0.0
S1,continuous,A,0,445,45,takeoff,11465.735430296996,11495.735430296996,30.0,508.7634573872383
S1,continuous,A,2,445,45,landing,11683.082542370403,11873.082542370403,190.0,139.89289725653543
S1,continuous,A,5,446,6,takeoff,13944.700191420063,13974.700191420063,30.0,2980.0
S1,continuous,A,0,446,6,landing,14018.614278858038,14208.614278858038,190.0,0.0
S1,continuous,A,6,447,28,takeoff,11063.082542370403,11093.082542370403,30.0,0.0
S1,continuous,A,2,447,28,landing,12261.653493221283,12451.653493221283,190.0,1109.0285644659234
S1,continuous,A,7,448,24,takeoff,13037.046979654422,13067.046979654422,30.0,1970.0
S1,continuous,A,6,448,24,landing,13088.362312946765,13278.362312946765,190.0,0.0
S1,continuous,A,0,449,59,takeoff,11495.735430296996,11525.735430296996,30.0,420.0
S1,continuous,A,5,449,59,landing,13974.700191420063,14164.700191420063,190.0,2405.050673685091
S1,continuous,A,5,450,32,takeoff,14164.700191420063,14194.700191420063,30.0,3037.4486203138404
S1,continuous,A,3,450,32,landing,14646.971972909758,14836.971972909758,190.0,400.0
S1,continuous,A,0,451,47,takeoff,11525.735430296996,11555.735430296996,30.0,394.54459986628353
S1,continuous,A,7,451,47,landing,13067.046979654422,13257.046979654422,190.0,1495.1959729550363
S1,continuous,A,1,452,55,takeoff,12503.262346238433,12533.262346238433,30.0,1357.131109718086
S1,continuous,A,2,452,55,landing,12557.431374974252,12747.431374974252,190.0,0.0
S1,continuous,A,0,453,7,takeoff,11555.735430296996,11585.735430296996,30.0,408.7634573872383
S1,continuous,A,1,453,7,landing,12869.89026817661,13059.89026817661,190.0,1283.872444817529
S1,continuous,A,2,454,73,takeoff,12451.653493221283,12481.653493221283,30.0,1296.9533018012207
S1,continuous,A,7,454,73,landing,13257.046979654422,13447.046979654422,190.0,740.7869728662772
S1,continuous,A,0,455,61,takeoff,11585.735430296996,11615.735430296996,30.0,332.6528879265934
S1,continuous,A,6,455,61,landing,11764.733493775904,11954.733493775904,190.0,110.0
S1,continuous,A,3,456,3,takeoff,14836.971972909758,14866.971972909758,30.0,3579.9249932553357
S1,continuous,A,2,456,3,landing,14940.535479201535,15130.535479201535,190.0,0.0
S1,continuous,A,0,457,33,takeoff,11615.735430296996,11645.735430296996,30.0,278.7634573872383
S1,continuous,A,2,457,33,landing,12943.082542370403,13133.082542370403,190.0,1249.8928972565354
S1,continuous,A,3,458,20,takeoff,14866.971972909758,14896.971972909758,30.0,3522.271781489695
S1,continuous,A,5,458,20,landing,14949.243754399453,15139.243754399453,190.0,0.0
S1,continuous,A,2,459,23,takeoff,12481.653493221283,12511.653493221283,30.0,1100.462662790571
S1,continuous,A,6,459,23,landing,12571.19587960624,12761.19587960624,190.0,0.0
S1,continuous,A,6,460,5,takeoff,11954.733493775904,11984.733493775904,30.0,560.0
S1,continuous,A,1,460,5,landing,13309.89026817661,13499.89026817661,190.0,1306.2771089865819
S1,continuous,A,5,461,11,takeoff,14194.700191420063,14224.700191420063,30.0,2787.4486203138404
S1,continuous,A,0,461,11,landing,14268.614278858038,14458.614278858038,190.0,0.0
S1,continuous,A,3,462,14,takeoff,14896.971972909758,14926.971972909758,30.0,3453.889430539355
S1,continuous,A,1,462,14,landing,14955.69398068308,15145.69398068308,190.0,0.0
S1,continuous,A,4,463,17,takeoff,11941.190830430713,11971.190830430713,30.0,494.1438507762905
S1,continuous,A,0,463,17,landing,12057.533964168308,12247.533964168308,190.0,32.684095201395394
S1,continuous,A,5,464,63,takeoff,14224.700191420063,14254.700191420063,30.0,2697.728218510305
S1,continuous,A,0,464,63,landing,14662.826056445252,14852.826056445252,190.0,364.2117775872139
S1,continuous,A,6,465,54,takeoff,11984.733493775904,12014.733493775904,30.0,450.03330235584144
S1,continuous,A,5,465,54,landing,14254.700191420063,14444.700191420063,190.0,2192.293485275304
S1,continuous,A,3,466,49,takeoff,14926.971972909758,14956.971972909758,30.0,3355.7811424790452
S1,continuous,A,1,466,49,landing,15145.69398068308,15335.69398068308,190.0,160.0
S1,continuous,A,2,467,51,takeoff,12511.653493221283,12541.653493221283,30.0,926.9199994453793
S1,continuous,A,6,467,51,landing,12761.19587960624,12951.19587960624,190.0,160.0
S1,continuous,A,6,468,35,takeoff,12014.733493775904,12044.733493775904,30.0,387.4819226696818
S1,continuous,A,2,468,35,landing,13133.082542370403,13323.082542370403,190.0,1028.8066622095412
S1,continuous,A,2,469,71,takeoff,13323.082542370403,13353.082542370403,30.0,1686.0355627159806
S1,continuous,A,1,469,71,landing,13749.89026817661,13939.89026817661,190.0,369.25655465075397
S1,continuous,A,4,470,45,takeoff,12750.073513493973,12780.073513493973,30.0,1056.9909711235705
S1,continuous,A,5,470,45,landing,14444.700191420063,14634.700191420063,190.0,1609.253355852179
S1,continuous,A,3,471,48,takeoff,14956.971972909758,14986.971972909758,30.0,3240.0
S1,continuous,A,1,471,48,landing,15335.69398068308,15525.69398068308,190.0,320.0
S1,continuous,A,2,472,40,takeoff,13353.082542370403,13383.082542370403,30.0,1628.38235095034
S1,continuous,A,3,472,40,landing,14986.971972909758,15176.971972909758,190.0,1530.3259242475779
S1,continuous,A,6,473,9,takeoff,12044.733493775904,12074.733493775904,30.0,283.5426633451916
S1,continuous,A,5,473,9,landing,14634.700191420063,14824.700191420063,190.0,2512.293485275304
S1,continuous,A,6,474,61,takeoff,12074.733493775904,12104.733493775904,30.0,300.0
S1,continuous,A,1,474,61,landing,13939.89026817661,14129.89026817661,190.0,1816.2771089865819
S1,continuous,A,5,475,56,takeoff,14824.700191420063,14854.700191420063,30.0,2947.166227251755
S1,continuous,A,4,475,56,landing,14910.073513493973,15100.073513493973,190.0,0.0
S1,continuous,A,3,476,18,takeoff,15176.971972909758,15206.971972909758,30.0,3285.3184796884743
S1,continuous,A,0,476,18,landing,15252.826056445252,15442.826056445252,190.0,0.0
S1,continuous,A,7,477,15,takeoff,13447.046979654422,13477.046979654422,30.0,1540.0750067446643
S1,continuous,A,2,477,15,landing,13511.653493221283,13701.653493221283,190.0,0.0
S1,continuous,A,4,478,26,takeoff,12780.073513493973,12810.073513493973,30.0,870.1933096751745
S1,continuous,A,5,478,26,landing,15139.243754399453,15329.243754399453,190.0,2273.796918831569
S1,continuous,A,2,479,64,takeoff,13383.082542370403,13413.082542370403,30.0,1383.0090288764295
S1,continuous,A,1,479,64,landing,14129.89026817661,14319.89026817661,190.0,689.256554650754
S1,continuous,A,0,480,65,takeoff,12247.533964168308,12277.533964168308,30.0,212.83377274824488
S1,continuous,A,4,480,65,landing,12810.073513493973,13000.073513493973,190.0,478.8805107894659
S1,continuous,A,4,481,13,takeoff,13000.073513493973,13030.073513493973,30.0,933.0265338395511
S1,continuous,A,7,481,13,landing,13477.046979654422,13667.046979654422,190.0,411.15589838743836
S1,continuous,A,4,482,17,takeoff,13030.073513493973,13060.073513493973,30.0,962.5395493256656
S1,continuous,A,2,482,17,landing,13701.653493221283,13891.653493221283,190.0,566.4134194587714
S1,continuous,A,2,483,58,takeoff,13413.082542370403,13443.082542370403,30.0,1331.4290491491192
S1,continuous,A,3,483,58,landing,15206.971972909758,15396.971972909758,190.0,1690.3259242475779
S1,continuous,A,3,484,57,takeoff,15396.971972909758,15426.971972909758,30.0,3300.0
S1,continuous,A,0,484,57,landing,15472.826056445252,15662.826056445252,190.0,0.0
S1,continuous,A,1,485,16,takeoff,12533.262346238433,12563.262346238433,30.0,433.38214241963396
S1,continuous,A,0,485,16,landing,12560.162596880884,12750.162596880884,190.0,0.0
S1,continuous,A,5,486,22,takeoff,14854.700191420063,14884.700191420063,30.0,2664.6266779260895
S1,continuous,A,1,486,22,landing,15525.69398068308,15715.69398068308,190.0,615.8037125064693
S1,continuous,A,7,487,43,takeoff,13667.046979654422,13697.046979654422,30.0,1412.3467882343593
S1,continuous,A,3,487,43,landing,15426.971972909758,15616.971972909758,190.0,1690.7042376077097
S1,continuous,A,3,488,28,takeoff,15616.971972909758,15646.971972909758,30.0,3345.3184796884743
S1,continuous,A,0,488,28,landing,15692.826056445252,15882.826056445252,190.0,0.0
S1,continuous,A,2,489,21,takeoff,13443.082542370403,13473.082542370403,30.0,1156.110569460645
S1,continuous,A,7,489,21,landing,13697.046979654422,13887.046979654422,190.0,189.35792371715797
S1,continuous,A,7,490,25,takeoff,13887.046979654422,13917.046979654422,30.0,1600.0
S1,continuous,A,4,490,25,landing,13952.864547427433,14142.864547427433,190.0,0.0
S1,continuous,A,1,491,60,takeoff,12563.262346238433,12593.262346238433,30.0,243.38214241963396
S1,continuous,A,5,491,60,landing,15329.243754399453,15519.243754399453,190.0,2714.1734738241066
S1,continuous,A,1,492,37,takeoff,12593.262346238433,12623.262346238433,30.0,273.0997493575487
S1,continuous,A,7,492,37,landing,13917.046979654422,14107.046979654422,190.0,1300.9514092516129
S1,continuous,A,5,493,8,takeoff,14884.700191420063,14914.700191420063,30.0,2504.6266779260895
S1,continuous,A,1,493,8,landing,15715.69398068308,15905.69398068308,190.0,775.8037125064693
S1,continuous,A,1,494,50,takeoff,12623.262346238433,12653.262346238433,30.0,178.5621548183699
S1,continuous,A,6,494,50,landing,13278.362312946765,13468.362312946765,190.0,609.6024437138421
S1,continuous,A,4,495,53,takeoff,13060.073513493973,13090.073513493973,30.0,583.1015405842154
S1,continuous,A,6,495,53,landing,13468.362312946765,13658.362312946765,190.0,326.1488499080933
S1,continuous,A,0,496,69,takeoff,12500.162596880884,12530.162596880884,30.0,23.115617226461836
S1,continuous,A,2,496,69,landing,13891.653493221283,14081.653493221283,190.0,1314.0366815235284
S1,continuous,A,1,497,55,takeoff,13059.89026817661,13089.89026817661,30.0,492.458893202358
S1,continuous,A,6,497,55,landing,13658.362312946765,13848.362312946765,190.0,552.9745217756645
S1,continuous,A,0,498,68,takeoff,12750.162596880884,12780.162596880884,30.0,180.08908338691072
S1,continuous,A,2,498,68,landing,14081.653493221283,14271.653493221283,190.0,1254.0366815235284
S1,continuous,A,6,499,16,takeoff,12951.19587960624,12981.19587960624,30.0,381.0332827253569
S1,continuous,A,4,499,16,landing,13090.073513493973,13280.073513493973,190.0,56.737684343033834
S1,continuous,A,3,500,23,takeoff,15646.971972909758,15676.971972909758,30.0,3065.776093303517
S1,continuous,A,0,500,23,landing,15882.826056445252,16072.826056445252,190.0,160.0
S1,continuous,A,5,501,10,takeoff,14914.700191420063,14944.700191420063,30.0,2247.728218510305
S1,continuous,A,6,501,10,landing,14992.373403788917,15182.373403788917,190.0,0.0
S1,continuous,A,7,502,44,takeoff,14107.046979654422,14137.046979654422,30.0,1440.0
S1,continuous,A,4,502,44,landing,14172.864547427433,14362.864547427433,190.0,0.0
S1,continuous,A,4,503,19,takeoff,13280.073513493973,13310.073513493973,30.0,593.5653877369969
S1,continuous,A,1,503,19,landing,14319.89026817661,14509.89026817661,190.0,975.8774953581469
S1,continuous,A,0,504,62,takeoff,12780.162596880884,12810.162596880884,30.0,85.46240546082117
S1,continuous,A,7,504,62,landing,14137.046979654422,14327.046979654422,190.0,1310.7688063711485
S1,continuous,A,1,505,72,takeoff,13089.89026817661,13119.89026817661,30.0,326.8077258062076
S1,continuous,A,5,505,72,landing,15519.243754399453,15709.243754399453,190.0,2377.545551885929
S1,continuous,A,7,506,51,takeoff,14327.046979654422,14357.046979654422,30.0,1555.8511000481813
S1,continuous,A,5,506,51,landing,15709.243754399453,15899.243754399453,190.0,1319.8499865106714
S1,continuous,A,1,507,65,takeoff,13499.89026817661,13529.89026817661,30.0,679.8167546826371
S1,continuous,A,2,507,65,landing,14271.653493221283,14461.653493221283,190.0,717.5941963088535
S1,continuous,A,6,508,0,takeoff,12981.19587960624,13011.19587960624,30.0,124.22390669648303
S1,continuous,A,0,508,0,landing,13050.193943085149,13240.193943085149,190.0,0.0
S1,continuous,A,4,509,34,takeoff,13310.073513493973,13340.073513493973,30.0,453.0265338395511
S1,continuous,A,0,509,34,landing,13393.732552030173,13583.732552030173,190.0,0.0
S1,continuous,A,5,510,7,takeoff,15899.243754399453,15929.243754399453,30.0,3022.7356286424765
S1,continuous,A,0,510,7,landing,16072.826056445252,16262.826056445252,190.0,99.66821460782376
S1,continuous,A,1,511,39,takeoff,13529.89026817661,13559.89026817661,30.0,645.1900767565476
S1,continuous,A,4,511,39,landing,14650.653656767709,14840.653656767709,190.0,1060.206271686242
S1,continuous,A,1,512,33,takeoff,14509.89026817661,14539.89026817661,30.0,1556.8077258062076
S1,continuous,A,6,512,33,landing,15182.373403788917,15372.373403788917,190.0,626.9856126178165
S1,continuous,A,2,513,67,takeoff,13473.082542370403,13503.082542370403,30.0,426.1105694606449
S1,continuous,A,0,513,67,landing,13583.732552030173,13773.732552030173,190.0,33.19579484289898
S1,continuous,A,1,514,0,takeoff,14539.89026817661,14569.89026817661,30.0,1479.6963250914614
S1,continuous,A,3,514,0,landing,15676.971972909758,15866.971972909758,190.0,1081.7418393794596
S1,continuous,A,0,515,47,takeoff,13240.193943085149,13270.193943085149,30.0,163.14696343072683
S1,continuous,A,2,515,47,landing,14461.653493221283,14651.653493221283,190.0,1144.0053353192634
S1,continuous,A,6,516,24,takeoff,13848.362312946765,13878.362312946765,30.0,750.0
S1,continuous,A,1,516,24,landing,14569.89026817661,14759.89026817661,190.0,672.648289815721
S1,continuous,A,1,517,16,takeoff,14759.89026817661,14789.89026817661,30.0,1659.816754682637
S1,continuous,A,6,517,16,landing,15372.373403788917,15562.373403788917,190.0,566.9856126178165
S1,continuous,A,2,518,29,takeoff,14651.653493221283,14681.653493221283,30.0,1525.1453674643071
S1,continuous,A,5,518,29,landing,15929.243754399453,16119.243754399453,190.0,1179.2079102278294
S1,continuous,A,5,519,70,takeoff,16119.243754399453,16149.243754399453,30.0,2984.54356297939
S1,continuous,A,0,519,70,landing,16262.826056445252,16452.82605644525,189.99999999999818,69.66821460782376
S1,continuous,A,7,520,35,takeoff,14357.046979654422,14387.046979654422,30.0,1213.9644372840194
S1,continuous,A,5,520,35,landing,16149.243754399453,16339.243754399453,190.0,1729.8499865106714
S1,continuous,A,5,521,52,takeoff,16339.243754399453,16369.243754399453,30.0,3102.271781489695
S1,continuous,A,3,521,52,landing,16421.515535889146,16611.515535889146,190.0,0.0
S1,continuous,A,0,522,73,takeoff,13270.193943085149,13300.193943085149,30.0,3.146963430726828
S1,continuous,A,5,522,73,landing,16369.243754399453,16559.243754399453,190.0,3025.1357238763285
S1,continuous,A,1,523,50,takeoff,14789.89026817661,14819.89026817661,30.0,1501.5279552298452
S1,continuous,A,4,523,50,landing,15100.073513493973,15290.073513493973,190.0,249.62612841250666
S1,continuous,A,1,524,5,takeoff,14819.89026817661,14849.89026817661,30.0,1503.382142419634
S1,continuous,A,3,524,5,landing,15866.971972909758,16056.971972909758,190.0,991.7418393794596
S1,continuous,A,7,525,27,takeoff,14387.046979654422,14417.046979654422,30.0,1062.3467882343593
S1,continuous,A,6,525,27,landing,14438.362312946765,14628.362312946765,190.0,0.0
S1,continuous,A,0,526,34,takeoff,13773.732552030173,13803.732552030173,30.0,370.0
S1,continuous,A,2,526,34,landing,14681.653493221283,14871.653493221283,190.0,830.4667263742394
S1,continuous,A,1,527,38,takeoff,14849.89026817661,14879.89026817661,30.0,1422.9182952668525
S1,continuous,A,4,527,38,landing,15290.073513493973,15480.073513493973,190.0,379.62612841250666
S1,continuous,A,3,528,53,takeoff,16056.971972909758,16086.971972909758,30.0,2578.6096599629927
S1,continuous,A,4,528,53,landing,16150.653656767709,16340.653656767709,190.0,0.0
S1,continuous,A,0,529,13,takeoff,13803.732552030173,13833.732552030173,30.0,316.6855723757508
S1,continuous,A,5,529,13,landing,16559.243754399453,16749.243754399453,190.0,2681.5971149313045
S1,continuous,A,7,530,15,takeoff,14417.046979654422,14447.046979654422,30.0,895.3934864331386
S1,continuous,A,3,530,15,landing,16086.971972909758,16276.971972909758,190.0,1600.7042376077097
S1,continuous,A,7,531,74,takeoff,14447.046979654422,14477.046979654422,30.0,880.5388538974457
S1,continuous,A,0,531,74,landing,14852.826056445252,15042.826056445252,190.0,359.6635003884403
S1,continuous,A,5,532,36,takeoff,16749.243754399453,16779.243754399453,30.0,3174.54356297939
S1,continuous,A,4,532,36,landing,16834.61707647336,17024.61707647336,190.0,0.0
S1,continuous,A,5,533,67,takeoff,16779.243754399453,16809.243754399453,30.0,3185.51120236928
S1,continuous,A,4,533,67,landing,17024.61707647336,17214.61707647336,190.0,160.0
S1,continuous,A,6,534,30,takeoff,13878.362312946765,13908.362312946765,30.0,261.39034003700726
S1,continuous,A,1,534,30,landing,15905.69398068308,16095.69398068308,190.0,1978.4520023221903
S1,continuous,A,3,535,2,takeoff,16276.971972909758,16306.971972909758,30.0,2646.8984594157846
S1,continuous,A,6,535,2,landing,16362.196003784238,16552.196003784236,189.99999999999818,0.0
S1,continuous,A,2,536,55,takeoff,14871.653493221283,14901.653493221283,30.0,1203.2911802745184
S1,continuous,A,7,536,55,landing,14936.260006788145,15126.260006788145,190.0,0.0
S1,continuous,A,7,537,21,takeoff,14477.046979654422,14507.046979654422,30.0,770.0
S1,continuous,A,3,537,21,landing,16611.515535889146,16801.515535889146,190.0,2065.247800587098
S1,continuous,A,1,538,17,takeoff,14879.89026817661,14909.89026817661,30.0,1168.2367749553268
S1,continuous,A,2,538,17,landing,15130.535479201535,15320.535479201535,190.0,196.47618228910505
S1,continuous,A,3,539,71,takeoff,16306.971972909758,16336.971972909758,30.0,2550.4638471527815
S1,continuous,A,1,539,71,landing,16365.69398068308,16555.693980683078,189.99999999999818,0.0
S1,continuous,A,5,540,41,takeoff,16809.243754399453,16839.243754399453,30.0,3044.54356297939
S1,continuous,A,6,540,41,landing,16886.91696676831,17076.91696676831,190.0,0.0
S1,continuous,A,3,541,46,takeoff,16336.971972909758,16366.971972909758,30.0,2530.0
S1,continuous,A,4,541,46,landing,16430.653656767707,16620.653656767707,190.0,0.0
S1,continuous,A,5,542,69,takeoff,16839.243754399453,16869.243754399453,30.0,2937.5902611781694
S1,continuous,A,1,542,69,landing,16894.433831156002,17084.433831156002,190.0,0.0
S1,continuous,A,3,543,37,takeoff,16366.971972909758,16396.971972909756,29.99999999999818,2439.9249932553357
S1,continuous,A,1,543,37,landing,16555.693980683078,16745.693980683078,190.0,129.99999999999636
S1,continuous,A,6,544,61,takeoff,13946.508125756976,13976.508125756976,30.0,0.0
S1,continuous,A,4,544,61,landing,15480.073513493973,15670.073513493973,190.0,1451.4254381922983
S1,continuous,A,3,545,25,takeoff,16801.515535889146,16831.515535889146,30.0,2838.6509884617135
S1,continuous,A,7,545,25,landing,16870.736291536767,17060.736291536767,190.0,0.0
S1,continuous,A,7,546,59,takeoff,14507.046979654422,14537.046979654422,30.0,522.3467882343593
S1,continuous,A,4,546,59,landing,15670.073513493973,15860.073513493973,190.0,1097.2089660665406
S1,continuous,A,0,547,1,takeoff,14208.614278858038,14238.614278858038,30.0,211.6423059482804
S1,continuous,A,4,547,1,landing,15860.073513493973,16050.073513493973,190.0,1567.8001960997353
S1,continuous,A,7,548,6,takeoff,14537.046979654422,14567.046979654422,30.0,508.43270079638387
S1,continuous,A,6,548,6,landing,15562.373403788917,15752.373403788917,190.0,974.011090842152
S1,continuous,A,6,549,68,takeoff,14091.653493221283,14121.653493221283,30.0,0.0
S1,continuous,A,0,549,68,landing,15042.826056445252,15232.826056445252,190.0,882.1744997450605
S1,continuous,A,4,550,64,takeoff,14142.864547427433,14172.864547427433,30.0,6.356421670456257
S1,continuous,A,0,550,64,landing,16452.82605644525,16642.82605644525,190.0,2226.302470481618
S1,continuous,A,0,551,62,takeoff,14238.614278858038,14268.614278858038,30.0,91.56729920361613
S1,continuous,A,3,551,62,landing,16831.515535889146,17021.515535889146,190.0,2517.0471734956136
S1,continuous,A,4,552,44,takeoff,14362.864547427433,14392.864547427433,30.0,180.0
S1,continuous,A,3,552,44,landing,17021.515535889146,17211.515535889146,190.0,2564.969304603763
S1,continuous,A,0,553,66,takeoff,15442.826056445252,15472.826056445252,30.0,1255.8540835354943
S1,continuous,A,5,553,66,landing,16869.243754399453,17059.243754399453,190.0,1352.5036105162253
S1,continuous,A,4,554,54,takeoff,14392.864547427433,14422.864547427433,30.0,128.16435600736986
S1,continuous,A,5,554,54,landing,17059.243754399453,17249.243754399453,190.0,2581.00588489811
S1,continuous,A,3,555,11,takeoff,17211.515535889146,17241.515535889146,30.0,2932.901257031108
S1,continuous,A,5,555,11,landing,17293.78731737884,17483.78731737884,190.0,0.0
S1,continuous,A,2,556,65,takeoff,14901.653493221283,14931.653493221283,30.0,620.0
S1,continuous,A,4,556,65,landing,16620.653656767707,16810.653656767707,190.0,1613.8336032778843
S1,continuous,A,0,557,19,takeoff,15662.826056445252,15692.826056445252,30.0,1336.3179306882757
S1,continuous,A,2,557,19,landing,15740.280271262123,15930.280271262123,190.0,0.0
S1,continuous,A,4,558,31,takeoff,14840.653656767709,14870.653656767709,30.0,403.6816838579507
S1,continuous,A,1,558,31,landing,16095.69398068308,16285.69398068308,190.0,1191.101064590881
S1,continuous,A,0,559,27,takeoff,16642.82605644525,16672.82605644525,30.0,2194.463743498485
S1,continuous,A,4,559,27,landing,17214.61707647336,17404.61707647336,190.0,488.1319814919152
S1,continuous,A,4,560,45,takeoff,14870.653656767709,14900.653656767709,30.0,415.95346534764576
S1,continuous,A,3,560,45,landing,17241.515535889146,17431.515535889146,190.0,2277.180195263487
S1,continuous,A,3,561,12,takeoff,17431.515535889146,17461.515535889146,30.0,2960.8618791214376
S1,continuous,A,1,561,12,landing,17490.237543662468,17680.237543662468,190.0,0.0
S1,continuous,A,5,562,47,takeoff,17249.243754399453,17279.243754399453,30.0,2777.5902611781694
S1,continuous,A,6,562,47,landing,17326.91696676831,17516.91696676831,190.0,0.0
S1,continuous,A,7,563,4,takeoff,14567.046979654422,14597.046979654422,30.0,84.22092320917
S1,continuous,A,2,563,4,landing,15320.535479201535,15510.535479201535,190.0,688.8819859802516
S1,continuous,A,1,564,24,takeoff,14909.89026817661,14939.89026817661,30.0,333.38214241963396
S1,continuous,A,5,564,24,landing,17483.78731737884,17673.78731737884,190.0,2522.0891148653154
S1,continuous,A,0,565,9,takeoff,16672.82605644525,16702.82605644525,30.0,2028.1258650251875
S1,continuous,A,1,565,9,landing,17084.433831156002,17274.433831156002,190.0,381.32538164866855
S1,continuous,A,6,566,32,takeoff,14656.971972909758,14686.971972909758,30.0,0.0
S1,continuous,A,0,566,32,landing,16702.82605644525,16892.82605644525,190.0,1976.8560200565844
S1,continuous,A,4,567,39,takeoff,16050.073513493973,16080.073513493973,30.0,1389.4198567262647
S1,continuous,A,1,567,39,landing,17274.433831156002,17464.433831156002,190.0,1160.4210583375389
S1,continuous,A,7,568,63,takeoff,14672.826056445252,14702.826056445252,30.0,0.0
S1,continuous,A,2,568,63,landing,15510.535479201535,15700.535479201535,190.0,773.1029091894216
S1,continuous,A,3,569,34,takeoff,17461.515535889146,17491.515535889146,30.0,2769.8620426678626
S1,continuous,A,7,569,34,landing,17530.736291536767,17720.736291536767,190.0,0.0
S1,continuous,A,0,570,42,takeoff,16892.82605644525,16922.82605644525,30.0,2180.630052661012
S1,continuous,A,1,570,42,landing,17680.237543662468,17870.237543662468,190.0,757.1290941551342
S1,continuous,A,6,571,74,takeoff,14892.196003784238,14922.196003784238,30.0,29.369947338986094
S1,continuous,A,0,571,74,landing,16922.82605644525,17112.82605644525,190.0,1961.631989182104
S1,continuous,A,3,572,56,takeoff,17491.515535889146,17521.515535889146,30.0,2571.442022395173
S1,continuous,A,0,572,56,landing,17567.369619424637,17757.369619424637,190.0,0.0
S1,continuous,A,5,573,55,takeoff,17673.78731737884,17703.78731737884,30.0,2727.5273105906945
S1,continuous,A,3,573,55,landing,17756.059098868533,17946.059098868533,190.0,0.0
S1,continuous,A,6,574,3,takeoff,14950.535479201535,14980.535479201535,30.0,0.0
S1,continuous,A,4,574,3,landing,17404.61707647336,17594.61707647336,190.0,2371.941647727128
S1,continuous,A,0,575,20,takeoff,17112.82605644525,17142.82605644525,30.0,2153.5823020457974
S1,continuous,A,1,575,20,landing,17870.237543662468,18060.237543662468,190.0,727.1290941551342
S1,continuous,A,1,576,14,takeoff,16285.69398068308,16315.69398068308,30.0,1323.382142419634
S1,continuous,A,4,576,14,landing,17594.61707647336,17784.61707647336,190.0,1248.3659788854256
S1,continuous,A,3,577,40,takeoff,17521.515535889146,17551.515535889146,30.0,2524.5435629793883
S1,continuous,A,7,577,40,landing,17720.736291536767,17910.736291536767,190.0,130.0
S1,continuous,A,6,578,10,takeoff,15752.373403788917,15782.373403788917,30.0,750.0
S1,continuous,A,1,578,10,landing,18060.237543662468,18250.237543662468,190.0,2258.9844744594266
S1,continuous,A,7,579,68,takeoff,15126.260006788145,15156.260006788145,30.0,73.43395034289279
S1,continuous,A,3,579,68,landing,17551.515535889146,17741.515535889146,190.0,2356.0347734533752
S1,continuous,A,1,580,50,takeoff,16315.69398068308,16345.69398068308,30.0,1205.6204671891064
S1,continuous,A,6,580,50,landing,16552.196003784236,16742.196003784236,190.0,191.00450010666646
S1,continuous,A,1,581,17,takeoff,16745.693980683078,16775.693980683078,30.0,1605.1585014815428
S1,continuous,A,5,581,17,landing,17703.78731737884,17893.78731737884,190.0,906.2854023588443
S1,continuous,A,1,582,26,takeoff,16775.693980683078,16805.693980683078,30.0,1626.450226283625
S1,continuous,A,4,582,26,landing,17784.61707647336,17974.61707647336,190.0,948.3659788854275
S1,continuous,A,3,583,49,takeoff,17946.059098868533,17976.059098868533,30.0,2793.747260605087
S1,continuous,A,2,583,49,landing,18049.62260516031,18239.62260516031,190.0,0.0
S1,continuous,A,1,584,33,takeoff,16805.693980683078,16835.693980683078,30.0,1613.3205768941607
S1,continuous,A,0,584,33,landing,17142.82605644525,17332.82605644525,190.0,310.2318251197212
S1,continuous,A,5,585,58,takeoff,17893.78731737884,17923.78731737884,30.0,2676.8153444690815
S1,continuous,A,0,585,58,landing,17967.701404816813,18157.701404816813,190.0,0.0
S1,continuous,A,4,586,18,takeoff,16080.073513493973,16110.073513493973,30.0,817.2474570487211
S1,continuous,A,1,586,18,landing,18250.237543662468,18440.237543662468,190.0,2106.2247708440045
S1,continuous,A,7,587,38,takeoff,15300.073513493973,15330.073513493973,30.0,0.0
S1,continuous,A,0,587,38,landing,17332.82605644525,17522.82605644525,190.0,1986.6369665488874
S1,continuous,A,5,588,4,takeoff,17923.78731737884,17953.78731737884,30.0,2593.2518381773043
S1,continuous,A,2,588,4,landing,18239.62260516031,18429.62260516031,190.0,217.4529368311305
S1,continuous,A,4,589,60,takeoff,16110.073513493973,16140.073513493973,30.0,770.8297590945203
S1,continuous,A,3,589,60,landing,17976.059098868533,18166.059098868533,190.0,1772.3039015166087
S1,continuous,A,0,590,48,takeoff,17522.82605644525,17552.82605644525,30.0,2180.5142181818046
S1,continuous,A,1,590,48,landing,18440.237543662468,18630.237543662468,190.0,887.1290941551342
S1,continuous,A,6,591,16,takeoff,15782.373403788917,15812.373403788917,30.0,400.0
S1,continuous,A,1,591,16,landing,18630.237543662468,18820.237543662468,190.0,2798.9844744594266
S1,continuous,A,3,592,43,takeoff,18166.059098868533,18196.059098868533,30.0,2729.087125958775
S1,continuous,A,1,592,43,landing,18820.237543662468,19010.237543662468,190.0,595.4564370206135
S1,continuous,A,1,593,57,takeoff,16835.693980683078,16865.693980683078,30.0,1352.8679242378257
S1,continuous,A,7,593,57,landing,17060.736291536767,17250.736291536767,190.0,202.20908668931224
S1,continuous,A,1,594,61,takeoff,19010.237543662468,19040.237543662468,30.0,3520.1640301684947
S1,continuous,A,3,594,61,landing,19065.577409016158,19255.577409016158,190.0,0.0
S1,continuous,A,5,595,63,takeoff,17953.78731737884,17983.78731737884,30.0,2433.2518381773043
S1,continuous,A,3,595,63,landing,18196.059098868533,18386.059098868533,190.0,160.0
S1,continuous,A,7,596,72,takeoff,15529.243754399453,15559.243754399453,30.0,0.0
S1,continuous,A,1,596,72,landing,19040.237543662468,19230.237543662468,190.0,3484.7784226790045
S1,continuous,A,3,597,22,takeoff,18386.059098868533,18416.059098868533,30.0,2853.747260605087
S1,continuous,A,0,597,22,landing,18461.913182404023,18651.913182404023,190.0,0.0
S1,continuous,A,7,598,6,takeoff,15572.373403788917,15602.373403788917,30.0,0.0
S1,continuous,A,5,598,6,landing,17983.78731737884,18173.78731737884,190.0,2349.067125355563
S1,continuous,A,1,599,59,takeoff,19230.237543662468,19260.237543662468,30.0,3550.1640301684947
S1,continuous,A,3,599,59,landing,19285.577409016158,19475.577409016158,190.0,0.0
S1,continuous,A,6,600,0,takeoff,15812.373403788917,15842.373403788917,30.0,125.4014308791593
S1,continuous,A,4,600,0,landing,17974.61707647336,18164.61707647336,190.0,2080.103723139746
S1,continuous,A,6,601,28,takeoff,15842.373403788917,15872.373403788917,30.0,139.54734734366502
S1,continuous,A,4,601,28,landing,18164.61707647336,18354.61707647336,190.0,2240.103723139746
S1,continuous,A,7,602,51,takeoff,15719.243754399453,15749.243754399453,30.0,0.0
S1,continuous,A,2,602,51,landing,15930.280271262123,16120.280271262123,190.0,146.430003295809
S1,continuous,A,6,603,8,takeoff,15872.373403788917,15902.373403788917,30.0,150.06156552547145
S1,continuous,A,0,603,8,landing,17757.369619424637,17947.369619424637,190.0,1815.9981521568116
S1,continuous,A,1,604,19,takeoff,19260.237543662468,19290.237543662468,30.0,3509.9572724003447
S1,continuous,A,3,604,19,landing,19475.577409016158,19665.577409016158,190.0,160.0
S1,continuous,A,2,605,1,takeoff,16120.280271262123,16150.280271262123,30.0,250.20675776815006
S1,continuous,A,6,605,1,landing,17076.91696676831,17266.91696676831,190.0,867.0943091212284
S1,continuous,A,3,606,5,takeoff,18416.059098868533,18446.059098868533,30.0,2539.087125958775
S1,continuous,A,4,606,5,landing,18509.74078272648,18699.74078272648,190.0,0.0
S1,continuous,A,1,607,23,takeoff,19290.237543662468,19320.237543662468,30.0,3397.411487217216
S1,continuous,A,6,607,23,landing,19335.735066656962,19525.735066656962,190.0,0.0
S1,continuous,A,4,608,30,takeoff,16340.653656767709,16370.653656767709,30.0,428.34181850426285
S1,continuous,A,6,608,30,landing,17516.91696676831,17706.91696676831,190.0,1094.123360455902
S1,continuous,A,6,609,29,takeoff,15939.243754399453,15969.243754399453,30.0,0.0
S1,continuous,A,1,609,29,landing,19320.237543662468,19510.237543662468,190.0,3332.114123848891
S1,continuous,A,7,610,51,takeoff,15940.280271262123,15970.280271262123,30.0,0.0
S1,continuous,A,2,610,51,landing,16150.280271262123,16340.280271262123,190.0,145.3934864331386
S1,continuous,A,6,611,7,takeoff,16082.826056445252,16112.826056445252,30.0,0.0
S1,continuous,A,7,611,7,landing,16134.141389737595,16324.141389737595,190.0,0.0
S1,continuous,A,2,612,15,takeoff,16340.280271262123,16370.280271262123,30.0,243.30829835236545
S1,continuous,A,3,612,15,landing,18446.059098868533,18636.059098868533,190.0,2002.2153213146303
S1,continuous,A,6,613,31,takeoff,16112.826056445252,16142.826056445252,30.0,10.514218181806427
S1,continuous,A,4,613,31,landing,18699.74078272648,18889.74078272648,190.0,2504.774776736529
S1,continuous,A,4,614,7,takeoff,16370.653656767709,16400.65365676771,30.00000000000182,226.51226703011343
S1,continuous,A,0,614,7,landing,18157.701404816813,18347.701404816813,190.0,1703.3887095129066
S1,continuous,A,5,615,35,takeoff,18173.78731737884,18203.78731737884,30.0,2014.5435629793865
S1,continuous,A,6,615,35,landing,18251.460529747696,18441.460529747696,190.0,0.0
S1,continuous,A,7,616,51,takeoff,16324.141389737595,16354.141389737595,30.0,163.8611184754718
S1,continuous,A,2,616,51,landing,16388.74790330446,16578.74790330446,190.0,0.0
S1,continuous,A,7,617,53,takeoff,16354.141389737595,16384.141389737597,30.00000000000182,193.48773296988657
S1,continuous,A,5,617,53,landing,18203.78731737884,18393.78731737884,190.0,1787.299139406885
S1,continuous,A,1,618,70,takeoff,19510.237543662468,19540.237543662468,30.0,3237.411487217216
S1,continuous,A,6,618,70,landing,19555.735066656962,19745.735066656962,190.0,0.0
S1,continuous,A,2,619,2,takeoff,16578.74790330446,16608.74790330446,30.0,206.5518995202201
S1,continuous,A,5,619,2,landing,18393.78731737884,18583.78731737884,190.0,1716.6570631240393
S1,continuous,A,7,620,71,takeoff,16384.141389737597,16414.141389737597,30.0,11.82955147415123
S1,continuous,A,3,620,71,landing,18636.059098868533,18826.059098868533,190.0,2182.696953483315
S1,continuous,A,5,621,73,takeoff,18583.78731737884,18613.78731737884,30.0,2204.5435629793865
S1,continuous,A,1,621,73,landing,19540.237543662468,19730.237543662468,190.0,901.2601495270792
S1,continuous,A,0,622,51,takeoff,18347.701404816813,18377.701404816813,30.0,1948.9535015123547
S1,continuous,A,3,622,51,landing,18826.059098868533,19016.059098868533,190.0,402.50361051622895
S1,continuous,A,3,623,52,takeoff,19016.059098868533,19046.059098868533,30.0,2584.5435629793865
S1,continuous,A,6,623,52,landing,19101.283129743013,19291.283129743013,190.0,0.0
S1,continuous,A,1,624,46,takeoff,19730.237543662468,19760.237543662468,30.0,3289.5838868947612
S1,continuous,A,5,624,46,landing,19782.045477999385,19972.045477999385,190.0,0.0
S1,continuous,A,6,625,64,takeoff,16742.196003784236,16772.196003784236,30.0,279.3699473389861
S1,continuous,A,2,625,64,landing,16831.738390169197,17021.738390169197,190.0,0.0
S1,continuous,A,2,626,50,takeoff,16608.74790330446,16638.74790330446,30.0,46.55189952022192
S1,continuous,A,5,626,50,landing,18613.78731737884,18803.78731737884,190.0,1906.6570631240393
S1,continuous,A,6,627,37,takeoff,16772.196003784236,16802.196003784236,30.0,209.8841655207907
S1,continuous,A,2,627,37,landing,17021.738390169197,17211.738390169197,190.0,160.0
S1,continuous,A,1,628,13,takeoff,19760.237543662468,19790.237543662468,30.0,3190.993789263015
S1,continuous,A,7,628,13,landing,19783.070767826845,19973.070767826845,190.0,0.0
S1,continuous,A,7,629,21,takeoff,16621.515535889142,16651.515535889142,30.0,0.0
S1,continuous,A,6,629,21,landing,17706.91696676831,17896.91696676831,190.0,1034.0860975868236
S1,continuous,A,0,630,65,takeoff,18377.701404816813,18407.701404816813,30.0,1747.04774804911
S1,continuous,A,5,630,65,landing,18803.78731737884,18993.78731737884,190.0,352.1718251240527
S1,continuous,A,1,631,32,takeoff,19790.237543662468,19820.237543662468,30.0,3077.4114872172177
S1,continuous,A,0,631,32,landing,19817.13779430492,20007.13779430492,190.0,0.0
S1,continuous,A,0,632,62,takeoff,18407.701404816813,18437.701404816813,30.0,1566.1858689276705
S1,continuous,A,5,632,62,landing,18993.78731737884,19183.78731737884,190.0,512.1718251240527
S1,continuous,A,6,633,64,takeoff,16841.738390169197,16871.738390169197,30.0,0.0
S1,continuous,A,1,633,64,landing,19820.237543662468,20010.237543662468,190.0,2929.6194880791445
S1,continuous,A,0,634,36,takeoff,18651.913182404023,18681.913182404023,30.0,1807.2961059306617
S1,continuous,A,3,634,36,landing,19665.577409016158,19855.577409016158,190.0,937.8101430766437
S1,continuous,A,4,635,66,takeoff,18354.61707647336,18384.61707647336,30.0,1475.3733220739086
S1,continuous,A,5,635,66,landing,19183.78731737884,19373.78731737884,190.0,743.7969188315692
S1,continuous,A,4,636,25,takeoff,18384.61707647336,18414.61707647336,30.0,1503.8807849365949
S1,continuous,A,6,636,25,landing,18466.75702601806,18656.75702601806,190.0,0.0
S1,continuous,A,3,637,41,takeoff,19255.577409016158,19285.577409016158,30.0,2358.6604422478486
S1,continuous,A,1,637,41,landing,20010.237543662468,20200.237543662468,190.0,695.9381268729885
S1,continuous,A,1,638,69,takeoff,20200.237543662468,20230.237543662468,30.0,3299.185854926098
S1,continuous,A,7,638,69,landing,20223.070767826845,20413.070767826845,190.0,0.0
S1,continuous,A,1,639,74,takeoff,20230.237543662468,20260.237543662468,30.0,3297.4114872172177
S1,continuous,A,4,639,74,landing,20290.794660567324,20480.794660567324,190.0,0.0
S1,continuous,A,6,640,44,takeoff,17266.91696676831,17296.91696676831,30.0,235.40143087916658
S1,continuous,A,1,640,44,landing,20260.237543662468,20450.237543662468,190.0,2944.440911480033
S1,continuous,A,6,641,37,takeoff,17296.91696676831,17326.91696676831,30.0,265.1785765991117
S1,continuous,A,3,641,37,landing,19855.577409016158,20045.577409016158,190.0,2473.436411373368
S1,continuous,A,7,642,67,takeoff,17250.736291536767,17280.736291536767,30.0,216.11921506340514
S1,continuous,A,0,642,67,landing,18681.913182404023,18871.913182404023,190.0,1385.0613144648705
S1,continuous,A,4,643,54,takeoff,18414.61707647336,18444.61707647336,30.0,1345.3733220739086
S1,continuous,A,1,643,54,landing,20450.237543662468,20640.237543662468,190.0,1971.681207864618
S1,continuous,A,4,644,57,takeoff,18444.61707647336,18474.61707647336,30.0,1373.8807849365949
S1,continuous,A,5,644,57,landing,19373.78731737884,19563.78731737884,190.0,843.7969188315692
S1,continuous,A,6,645,1,takeoff,17896.91696676831,17926.91696676831,30.0,810.0
S1,continuous,A,2,645,1,landing,18429.62260516031,18619.62260516031,190.0,443.1632520070416
S1,continuous,A,6,646,9,takeoff,17926.91696676831,17956.91696676831,30.0,835.8652780319389
S1,continuous,A,5,646,9,landing,19563.78731737884,19753.78731737884,190.0,1559.197138241674
S1,continuous,A,3,647,33,takeoff,20045.577409016158,20075.577409016158,30.0,2892.7513525709073
S1,continuous,A,6,647,33,landing,20130.801439890638,20320.801439890638,190.0,0.0
S1,continuous,A,4,648,27,takeoff,18474.61707647336,18504.61707647336,30.0,1250.0
S1,continuous,A,1,648,27,landing,20640.237543662468,20830.237543662468,190.0,2101.681207864618
S1,continuous,A,4,649,45,takeoff,18889.74078272648,18919.74078272648,30.0,1638.2252468373372
S1,continuous,A,5,649,45,landing,19972.045477999385,20162.045477999385,190.0,996.9313731989969
S1,continuous,A,3,650,39,takeoff,20075.577409016158,20105.577409016158,30.0,2794.5257202797875
S1,continuous,A,4,650,39,landing,20480.794660567324,20670.794660567324,190.0,311.5355676932195
S1,continuous,A,2,651,11,takeoff,17303.78731737884,17333.78731737884,30.0,0.0
S1,continuous,A,4,651,11,landing,18919.74078272648,19109.74078272648,190.0,1510.7869050791014
S1,continuous,A,6,652,47,takeoff,17956.91696676831,17986.91696676831,30.0,620.0
S1,continuous,A,5,652,47,landing,20162.045477999385,20352.045477999385,190.0,2127.45529886222
S1,continuous,A,4,653,38,takeoff,19109.74078272648,19139.74078272648,30.0,1766.9147262812294
S1,continuous,A,2,653,38,landing,19214.90734299502,19404.90734299502,190.0,0.0
S1,continuous,A,3,654,3,takeoff,20105.577409016158,20135.577409016158,30.0,2690.960332542796
S1,continuous,A,4,654,3,landing,20670.794660567324,20860.794660567324,190.0,471.5355676932195
S1,continuous,A,6,655,24,takeoff,17986.91696676831,18016.91696676831,30.0,493.1296493894697
S1,continuous,A,1,655,24,landing,20830.237543662468,21020.237543662468,190.0,2794.440911480033
S1,continuous,A,2,656,12,takeoff,17496.855401242836,17526.855401242836,30.0,0.0
S1,continuous,A,0,656,12,landing,18871.913182404023,19061.913182404023,190.0,1297.6035663443145
S1,continuous,A,4,657,30,takeoff,19139.74078272648,19169.74078272648,30.0,1612.8238159581706
S1,continuous,A,0,657,30,landing,19223.399821262676,19413.399821262676,190.0,0.0
S1,continuous,A,2,658,34,takeoff,17540.736291536767,17570.736291536767,30.0,0.0
S1,continuous,A,0,658,34,landing,19413.399821262676,19603.399821262676,190.0,1795.209314909036
S1,continuous,A,2,659,68,takeoff,17570.736291536767,17600.736291536767,30.0,9.220755647624173
S1,continuous,A,1,659,68,landing,21020.237543662468,21210.237543662468,190.0,3391.950080970244
S1,continuous,A,0,660,56,takeoff,19061.913182404023,19091.913182404023,30.0,1484.5435629793865
S1,continuous,A,5,660,56,landing,20352.045477999385,20542.045477999385,190.0,1216.2182081573883
S1,continuous,A,3,661,14,takeoff,20135.577409016158,20165.577409016158,30.0,2530.960332542796
S1,continuous,A,0,661,14,landing,20211.43149255165,20401.43149255165,190.0,0.0
S1,continuous,A,6,662,42,takeoff,18016.91696676831,18046.91696676831,30.0,330.06156552547327
S1,continuous,A,2,662,42,landing,18619.62260516031,18809.62260516031,190.0,513.1632520070416
S1,continuous,A,0,663,17,takeoff,19091.913182404023,19121.913182404023,30.0,1378.1258650251839
S1,continuous,A,5,663,17,landing,20542.045477999385,20732.045477999385,190.0,1376.2182081573883
S1,continuous,A,6,664,21,takeoff,18046.91696676831,18076.91696676831,30.0,330.0
S1,continuous,A,1,664,21,landing,21210.237543662468,21400.237543662468,190.0,3114.440911480033
S1,continuous,A,0,665,40,takeoff,19121.913182404023,19151.913182404023,30.0,1391.1768908672566
S1,continuous,A,5,665,40,landing,20732.045477999385,20922.045477999385,190.0,1536.2182081573883
S1,continuous,A,6,666,55,takeoff,18076.91696676831,18106.91696676831,30.0,310.85786789977647
S1,continuous,A,0,666,55,landing,19603.399821262676,19793.399821262676,190.0,1457.4847910154604
S1,continuous,A,7,667,8,takeoff,17910.736291536767,17940.736291536767,30.0,143.3666721121299
S1,continuous,A,0,667,8,landing,20007.13779430492,20197.13779430492,190.0,2050.2859263657665
S1,continuous,A,5,668,26,takeoff,20922.045477999385,20952.045477999385,30.0,3127.4284015260237
S1,continuous,A,4,668,26,landing,21007.418800073294,21197.418800073294,190.0,0.0
S1,continuous,A,1,669,20,takeoff,21400.237543662468,21430.237543662468,30.0,3523.382142419632
S1,continuous,A,5,669,20,landing,21452.045477999385,21642.045477999385,190.0,0.0
S1,continuous,A,4,670,58,takeoff,19169.74078272648,19199.74078272648,30.0,1192.0393779096667
S1,continuous,A,1,670,58,landing,21430.237543662468,21620.237543662468,190.0,2196.5575016115
S1,continuous,A,2,671,0,takeoff,17984.61707647336,18014.61707647336,30.0,0.0
S1,continuous,A,7,671,0,landing,18049.223590040223,18239.223590040223,190.0,0.0
S1,continuous,A,6,672,60,takeoff,18106.91696676831,18136.91696676831,30.0,120.8578678997801
S1,continuous,A,5,672,60,landing,20952.045477999385,21142.045477999385,190.0,2767.45529886222
S1,continuous,A,0,673,6,takeoff,19151.913182404023,19181.913182404023,30.0,1158.1258650251839
S1,continuous,A,3,673,6,landing,20165.577409016158,20355.577409016158,190.0,937.8101430766437
S1,continuous,A,3,674,0,takeoff,20355.577409016158,20385.577409016158,30.0,2296.3538189759347
S1,continuous,A,5,674,0,landing,21142.045477999385,21332.045477999385,190.0,704.1962874935343
S1,continuous,A,3,675,49,takeoff,20385.577409016158,20415.577409016158,30.0,2325.954803855846
S1,continuous,A,2,675,49,landing,20489.140915307937,20679.140915307937,190.0,0.0
S1,continuous,A,6,676,10,takeoff,18136.91696676831,18166.91696676831,30.0,70.06156552547327
S1,continuous,A,3,676,10,landing,20415.577409016158,20605.577409016158,190.0,2193.436411373368
S1,continuous,A,2,677,7,takeoff,18809.62260516031,18839.62260516031,30.0,641.9212003434986
S1,continuous,A,1,677,7,landing,21620.237543662468,21810.237543662468,190.0,2753.063767346699
S1,continuous,A,5,678,28,takeoff,21332.045477999385,21362.045477999385,30.0,3157.4284015260237
S1,continuous,A,6,678,28,landing,21409.71869036824,21599.71869036824,190.0,0.0
S1,continuous,A,4,679,63,takeoff,19199.74078272648,19229.74078272648,30.0,993.6816838579471
S1,continuous,A,1,679,63,landing,21810.237543662468,22000.237543662468,190.0,2546.5575016115
S1,continuous,A,1,680,53,takeoff,22000.237543662468,22030.237543662468,30.0,3786.4502262836286
S1,continuous,A,4,680,53,landing,22060.794660567324,22250.794660567324,190.0,0.0
S1,continuous,A,6,681,4,takeoff,18656.75702601806,18686.75702601806,30.0,407.1344208577466
S1,continuous,A,7,681,4,landing,18708.0723593104,18898.0723593104,190.0,0.0
S1,continuous,A,1,682,18,takeoff,22030.237543662468,22060.237543662468,30.0,3773.382142419632
S1,continuous,A,5,682,18,landing,22082.045477999385,22272.045477999385,190.0,0.0
S1,continuous,A,5,683,35,takeoff,21362.045477999385,21392.045477999385,30.0,3100.5849482516896
S1,continuous,A,1,683,35,landing,22060.237543662468,22250.237543662468,190.0,643.0019889065334
S1,continuous,A,7,684,2,takeoff,18403.78731737884,18433.78731737884,30.0,0.0
S1,continuous,A,4,684,2,landing,19229.74078272648,19419.74078272648,190.0,760.1358975746334
S1,continuous,A,0,685,1,takeoff,19181.913182404023,19211.913182404023,30.0,742.2905772437116
S1,continuous,A,4,685,1,landing,19419.74078272648,19609.74078272648,190.0,154.1685617862604
S1,continuous,A,7,686,48,takeoff,18446.855401242836,18476.855401242836,30.0,0.0
S1,continuous,A,2,686,48,landing,18839.62260516031,19029.62260516031,190.0,328.16069035061446
S1,continuous,A,5,687,15,takeoff,21392.045477999385,21422.045477999385,30.0,2935.9863791308526
S1,continuous,A,0,687,15,landing,21465.95956543736,21655.95956543736,190.0,0.0
S1,continuous,A,3,688,22,takeoff,20605.577409016158,20635.577409016158,30.0,2133.6642266121344
S1,continuous,A,5,688,22,landing,21642.045477999385,21832.045477999385,190.0,954.1962874935343
S1,continuous,A,4,689,25,takeoff,19609.74078272648,19639.74078272648,30.0,1132.9837567084214
S1,continuous,A,0,689,25,landing,20401.43149255165,20591.43149255165,190.0,708.0316712889726
S1,continuous,A,5,690,5,takeoff,21422.045477999385,21452.045477999385,30.0,2902.3046952729055
S1,continuous,A,3,690,5,landing,21504.31725948908,21694.31725948908,190.0,0.0
S1,continuous,A,2,691,50,takeoff,19029.62260516031,19059.62260516031,30.0,405.8352877814723
S1,continuous,A,1,691,50,landing,22250.237543662468,22440.237543662468,190.0,3163.063767346699
S1,continuous,A,3,692,42,takeoff,20635.577409016158,20665.577409016158,30.0,2005.954803855846
S1,continuous,A,1,692,42,landing,22440.237543662468,22630.237543662468,190.0,1745.9381268729885
S1,continuous,A,7,693,16,takeoff,18636.855401242836,18666.855401242836,30.0,0.0
S1,continuous,A,1,693,16,landing,22630.237543662468,22820.237543662468,190.0,3967.1667758356234
S1,continuous,A,0,694,71,takeoff,20591.43149255165,20621.43149255165,30.0,1945.3723936831157
S1,continuous,A,3,694,71,landing,20667.28557608714,20857.28557608714,190.0,0.0
S1,continuous,A,0,695,67,takeoff,20621.43149255165,20651.43149255165,30.0,1929.518310147625
S1,continuous,A,7,695,67,landing,20667.547068954034,20857.547068954034,190.0,0.0
S1,continuous,A,6,696,31,takeoff,18709.740782726476,18739.740782726476,30.0,0.0
S1,continuous,A,4,696,31,landing,19639.74078272648,19829.74078272648,190.0,847.8600504553069
S1,continuous,A,1,697,4,takeoff,22820.237543662468,22850.237543662468,30.0,4102.165184352067
S1,continuous,A,6,697,4,landing,22865.735066656962,23055.735066656962,190.0,0.0
S1,continuous,A,7,698,65,takeoff,18898.0723593104,18928.0723593104,30.0,84.28504193156186
S1,continuous,A,5,698,65,landing,21832.045477999385,22022.045477999385,190.0,2871.6263304546264
S1,continuous,A,4,699,43,takeoff,19829.74078272648,19859.74078272648,30.0,1002.8853814836439
S1,continuous,A,5,699,43,landing,22272.045477999385,22462.045477999385,190.0,2356.931373198997
S1,continuous,A,6,700,51,takeoff,18836.059098868533,18866.059098868533,30.0,0.0
S1,continuous,A,0,700,51,landing,20651.43149255165,20841.43149255165,190.0,1746.3743302042094
S1,continuous,A,5,701,48,takeoff,22022.045477999385,22052.045477999385,30.0,3172.4228728390735
S1,continuous,A,2,701,48,landing,22120.427828949727,22310.427828949727,190.0,0.0
S1,continuous,A,5,702,12,takeoff,22052.045477999385,22082.045477999385,30.0,3170.132295595362
S1,continuous,A,4,702,12,landing,22250.794660567324,22440.794660567324,190.0,113.37586049403035
S1,continuous,A,2,703,11,takeoff,19059.62260516031,19089.62260516031,30.0,129.88182243383199
S1,continuous,A,5,703,11,landing,22462.045477999385,22652.045477999385,190.0,3304.0405218887317
S1,continuous,A,6,704,62,takeoff,19003.78731737884,19033.78731737884,30.0,0.0
S1,continuous,A,3,704,62,landing,20857.28557608714,21047.28557608714,190.0,1768.2742278338192
S1,continuous,A,3,705,72,takeoff,21047.28557608714,21077.28557608714,30.0,2000.430174844303
S1,continuous,A,6,705,72,landing,21132.50960696162,21322.50960696162,190.0,0.0
S1,continuous,A,3,706,61,takeoff,21077.28557608714,21107.28557608714,30.0,2001.7081670709813
S1,continuous,A,2,706,61,landing,21180.849082378918,21370.849082378918,190.0,0.0
S1,continuous,A,5,707,52,takeoff,22652.045477999385,22682.045477999385,30.0,3540.762348256372
S1,continuous,A,2,707,52,landing,22750.427828949727,22940.427828949727,190.0,0.0
S1,continuous,A,4,708,66,takeoff,19859.74078272648,19889.74078272648,30.0,665.9534653476403
S1,continuous,A,7,708,66,landing,19973.070767826845,20163.070767826845,190.0,47.51241732735798
S1,continuous,A,4,709,38,takeoff,19889.74078272648,19919.74078272648,30.0,664.8334397314611
S1,continuous,A,5,709,38,landing,22682.045477999385,22872.045477999385,190.0,2706.931373198997
S1,continuous,A,6,710,30,takeoff,19291.283129743013,19321.283129743013,30.0,57.88330848033729
S1,continuous,A,7,710,30,landing,19342.598463035356,19532.598463035356,190.0,0.0
S1,continuous,A,4,711,2,takeoff,19919.74078272648,19949.74078272648,30.0,680.0
S1,continuous,A,6,711,2,landing,20320.801439890638,20510.801439890638,190.0,318.9207076194616
S1,continuous,A,4,712,59,takeoff,19949.74078272648,19979.74078272648,30.0,654.163373710322
S1,continuous,A,2,712,59,landing,20054.90734299502,20244.90734299502,190.0,0.0
S1,continuous,A,6,713,29,takeoff,19525.735066656962,19555.735066656962,30.0,198.87966541412607
S1,continuous,A,4,713,29,landing,19979.74078272648,20169.74078272648,190.0,371.8657665248211
S1,continuous,A,6,714,23,takeoff,19745.735066656962,19775.735066656962,30.0,400.0
S1,continuous,A,7,714,23,landing,20413.070767826845,20603.070767826845,190.0,616.0203678775397
S1,continuous,A,2,715,30,takeoff,19404.90734299502,19434.90734299502,30.0,52.30887995966259
S1,continuous,A,3,715,30,landing,21107.28557608714,21297.28557608714,190.0,1598.8147268003413
S1,continuous,A,5,716,57,takeoff,22872.045477999385,22902.045477999385,30.0,3488.258160620546
S1,continuous,A,6,716,57,landing,23055.735066656962,23245.735066656962,190.0,106.0163762887205
S1,continuous,A,1,717,34,takeoff,22850.237543662468,22880.237543662468,30.0,3426.8377223997923
S1,continuous,A,5,717,34,landing,22902.045477999385,23092.045477999385,190.0,0.0
S1,continuous,A,7,718,1,takeoff,19532.598463035356,19562.598463035356,30.0,102.8576803088763
S1,continuous,A,3,718,1,landing,21297.28557608714,21487.28557608714,190.0,1695.4663574041624
S1,continuous,A,7,719,19,takeoff,19562.598463035356,19592.598463035356,30.0,77.02105401919835
S1,continuous,A,4,719,19,landing,21197.418800073294,21387.418800073294,190.0,1569.002769264931
S1,continuous,A,2,720,73,takeoff,19546.855401242836,19576.855401242836,30.0,0.0
S1,continuous,A,4,720,73,landing,21387.418800073294,21577.418800073294,190.0,1735.3968385619191
S1,continuous,A,7,721,70,takeoff,19592.598463035356,19622.598463035356,30.0,26.8633963783941
S1,continuous,A,5,721,70,landing,23092.045477999385,23282.045477999385,190.0,3437.1002267296717
S1,continuous,A,4,722,9,takeoff,20169.74078272648,20199.74078272648,30.0,595.9534653476403
S1,continuous,A,7,722,9,landing,20857.547068954034,21047.547068954034,190.0,621.9887184545478
S1,continuous,A,0,723,55,takeoff,20841.43149255165,20871.43149255165,30.0,1228.0316712889726
S1,continuous,A,1,723,55,landing,22880.237543662468,23070.237543662468,190.0,2008.5236580487363
S1,continuous,A,1,724,31,takeoff,23070.237543662468,23100.237543662468,30.0,3420.4967609359883
S1,continuous,A,6,724,31,landing,23245.735066656962,23435.735066656962,190.0,130.0
S1,continuous,A,1,725,36,takeoff,23100.237543662468,23130.237543662468,30.0,3424.6601346463103
S1,continuous,A,2,725,36,landing,23154.406572398293,23344.406572398293,190.0,0.0
S1,continuous,A,3,726,46,takeoff,21694.31725948908,21724.31725948908,30.0,1902.2717814896932
S1,continuous,A,6,726,46,landing,21779.54129036356,21969.54129036356,190.0,0.0
S1,continuous,A,3,727,13,takeoff,21724.31725948908,21754.31725948908,30.0,1931.246491662234
S1,continuous,A,4,727,13,landing,21817.998943347025,22007.998943347025,190.0,0.0
S1,continuous,A,0,728,64,takeoff,20871.43149255165,20901.43149255165,30.0,1044.5760913088125
S1,continuous,A,5,728,64,landing,23282.045477999385,23472.045477999385,190.0,2336.6998980097633
S1,continuous,A,7,729,32,takeoff,20163.070767826845,20193.070767826845,30.0,335.9329735219253
S1,continuous,A,2,729,32,landing,20244.90734299502,20434.90734299502,190.0,17.230061601312627
S1,continuous,A,0,730,37,takeoff,20901.43149255165,20931.43149255165,30.0,1035.8540835354906
S1,continuous,A,7,730,37,landing,21047.547068954034,21237.547068954034,190.0,100.0
S1,continuous,A,0,731,45,takeoff,20931.43149255165,20961.43149255165,30.0,949.3860145522631
S1,continuous,A,2,731,45,landing,21370.849082378918,21560.849082378918,190.0,361.9633750103967
S1,continuous,A,5,732,66,takeoff,23472.045477999385,23502.045477999385,30.0,3488.9747101725407
S1,continuous,A,4,732,66,landing,23557.418800073294,23747.418800073294,190.0,0.0
S1,continuous,A,6,733,29,takeoff,19989.74078272648,20019.74078272648,30.0,0.0
S1,continuous,A,5,733,29,landing,23502.045477999385,23692.045477999385,190.0,3434.6314829040493
S1,continuous,A,5,734,41,takeoff,23692.045477999385,23722.045477999385,30.0,3675.1900767565494
S1,continuous,A,3,734,41,landing,23774.31725948908,23964.31725948908,190.0,0.0
S1,continuous,A,6,735,8,takeoff,20019.74078272648,20049.74078272648,30.0,2.6029884215604397
S1,continuous,A,2,735,8,landing,20679.140915307937,20869.140915307937,190.0,569.857746196496
S1,continuous,A,0,736,59,takeoff,20961.43149255165,20991.43149255165,30.0,896.5241495566297
S1,continuous,A,2,736,59,landing,21560.849082378918,21750.849082378918,190.0,521.9633750103967
S1,continuous,A,6,737,33,takeoff,20510.801439890638,20540.801439890638,30.0,370.0
S1,continuous,A,1,737,33,landing,23130.237543662468,23320.237543662468,190.0,2570.556438357704
S1,continuous,A,2,738,47,takeoff,20434.90734299502,20464.90734299502,30.0,262.86186499563337
S1,continuous,A,5,738,47,landing,23722.045477999385,23912.045477999385,190.0,3188.755784054025
S1,continuous,A,0,739,6,takeoff,20991.43149255165,21021.43149255165,30.0,815.8540835354906
S1,continuous,A,5,739,6,landing,23912.045477999385,24102.045477999385,190.0,2846.6998980097633
S1,continuous,A,2,740,14,takeoff,20869.140915307937,20899.140915307937,30.0,647.7094227562884
S1,continuous,A,4,740,14,landing,21577.418800073294,21767.418800073294,190.0,603.1113244968183
S1,continuous,A,7,741,69,takeoff,20603.070767826845,20633.070767826845,30.0,370.0
S1,continuous,A,2,741,69,landing,20899.140915307937,21089.140915307937,190.0,231.46363391423074
S1,continuous,A,4,742,32,takeoff,20254.90734299502,20284.90734299502,30.0,0.0
S1,continuous,A,3,742,32,landing,21754.31725948908,21944.31725948908,190.0,1405.7282326361128
S1,continuous,A,3,743,44,takeoff,21944.31725948908,21974.31725948908,30.0,1677.4618582462426
S1,continuous,A,0,743,44,landing,22020.17134302457,22210.17134302457,190.0,0.0
S1,continuous,A,7,744,74,takeoff,20633.070767826845,20663.070767826845,30.0,332.27610725952036
S1,continuous,A,6,744,74,landing,20684.386101119188,20874.386101119188,190.0,0.0
S1,continuous,A,4,745,2,takeoff,20860.794660567324,20890.794660567324,30.0,529.9932206766862
S1,continuous,A,2,745,2,landing,21750.849082378918,21940.849082378918,190.0,784.8878615430549
S1,continuous,A,0,746,56,takeoff,21021.43149255165,21051.43149255165,30.0,659.3860145522631
S1,continuous,A,5,746,56,landing,24102.045477999385,24292.045477999385,190.0,3006.6998980097633
S1,continuous,A,6,747,25,takeoff,20540.801439890638,20570.801439890638,30.0,129.36994733898973
S1,continuous,A,1,747,25,landing,23320.237543662468,23510.237543662468,190.0,2730.556438357704
S1,continuous,A,5,748,23,takeoff,24292.045477999385,24322.045477999385,30.0,3868.9747101725407
S1,continuous,A,6,748,23,landing,24369.71869036824,24559.71869036824,190.0,0.0
S1,continuous,A,5,749,10,takeoff,24322.045477999385,24352.045477999385,30.0,3896.4680689832276
S1,continuous,A,1,749,10,landing,24377.235554755935,24567.235554755935,190.0,0.0
S1,continuous,A,4,750,54,takeoff,20890.794660567324,20920.794660567324,30.0,433.9392593244884
S1,continuous,A,6,750,54,landing,21969.54129036356,22159.54129036356,190.0,996.6066802515379
S1,continuous,A,5,751,39,takeoff,24352.045477999385,24382.045477999385,30.0,3861.250817432061
S1,continuous,A,7,751,39,landing,24414.392266233743,24604.392266233743,190.0,0.0
S1,continuous,A,5,752,49,takeoff,24382.045477999385,24412.045477999385,30.0,3882.9045626914485
S1,continuous,A,0,752,49,landing,24455.95956543736,24645.95956543736,190.0,0.0
S1,continuous,A,6,753,17,takeoff,20570.801439890638,20600.801439890638,30.0,18.75596189125281
S1,continuous,A,5,753,17,landing,24412.045477999385,24602.045477999385,190.0,3763.570825739891
S1,continuous,A,4,754,27,takeoff,20920.794660567324,20950.794660567324,30.0,273.9392593244884
S1,continuous,A,0,754,27,landing,21051.43149255165,21241.43149255165,190.0,46.97779344812807
S1,continuous,A,1,755,51,takeoff,23510.237543662468,23540.237543662468,30.0,2848.8060511108197
S1,continuous,A,0,755,51,landing,23537.13779430492,23727.13779430492,190.0,0.0
S1,continuous,A,0,756,71,takeoff,21241.43149255165,21271.43149255165,30.0,564.1459164645094
S1,continuous,A,4,756,71,landing,22440.794660567324,22630.794660567324,190.0,1115.70412947948
S1,continuous,A,2,757,67,takeoff,21089.140915307937,21119.140915307937,30.0,411.59384635390234
S1,continuous,A,0,757,67,landing,21271.43149255165,21461.43149255165,190.0,104.8363624268386
S1,continuous,A,0,758,3,takeoff,21655.95956543736,21685.95956543736,30.0,975.1649048700347
S1,continuous,A,4,758,3,landing,22630.794660567324,22820.794660567324,190.0,891.1760565937693
S1,continuous,A,6,759,8,takeoff,20874.386101119188,20904.386101119188,30.0,185.24518581125085
S1,continuous,A,5,759,8,landing,24602.045477999385,24792.045477999385,190.0,3649.9861645113415
S1,continuous,A,5,760,74,takeoff,24792.045477999385,24822.045477999385,30.0,4097.659376880198
S1,continuous,A,2,760,74,landing,24890.427828949727,25080.427828949727,190.0,0.0
S1,continuous,A,5,761,40,takeoff,24822.045477999385,24852.045477999385,30.0,4080.0
S1,continuous,A,3,761,40,landing,24904.31725948908,25094.31725948908,190.0,0.0
S1,continuous,A,6,762,24,takeoff,20904.386101119188,20934.386101119188,30.0,67.53069987635172
S1,continuous,A,4,762,24,landing,22820.794660567324,23010.794660567324,190.0,1834.26860990344
S1,continuous,A,0,763,62,takeoff,21685.95956543736,21715.95956543736,30.0,818.6739893502199
S1,continuous,A,3,763,62,landing,21974.31725948908,22164.31725948908,190.0,212.50361051622895
S1,continuous,A,0,764,9,takeoff,21715.95956543736,21745.95956543736,30.0,848.4124964833245
S1,continuous,A,4,764,9,landing,23010.794660567324,23200.794660567324,190.0,1211.1760565937693
S1,continuous,A,1,765,69,takeoff,23540.237543662468,23570.237543662468,30.0,2631.0966283545313
S1,continuous,A,4,765,69,landing,23747.418800073294,23937.418800073294,190.0,146.62413950596965
S1,continuous,A,2,766,60,takeoff,21119.140915307937,21149.140915307937,30.0,157.09543730855148
S1,continuous,A,1,766,60,landing,23570.237543662468,23760.237543662468,190.0,2393.545457199074
S1,continuous,A,4,767,26,takeoff,21767.418800073294,21797.418800073294,30.0,750.0
S1,continuous,A,2,767,26,landing,22310.427828949727,22500.427828949727,190.0,437.84246860789426
S1,continuous,A,7,768,68,takeoff,21237.547068954034,21267.547068954034,30.0,210.69166771119853
S1,continuous,A,4,768,68,landing,23200.794660567324,23390.794660567324,190.0,1897.430023840283
S1,continuous,A,2,769,37,takeoff,21149.140915307937,21179.140915307937,30.0,91.59384635390234
S1,continuous,A,1,769,37,landing,23760.237543662468,23950.237543662468,190.0,2553.545457199074
S1,continuous,A,7,770,27,takeoff,21267.547068954034,21297.547068954034,30.0,206.11557640238607
S1,continuous,A,4,770,27,landing,23937.418800073294,24127.418800073294,190.0,2604.0541633462526
S1,continuous,A,3,771,30,takeoff,22164.31725948908,22194.31725948908,30.0,1047.0316834019395
S1,continuous,A,0,771,30,landing,22240.17134302457,22430.17134302457,190.0,0.0
S1,continuous,A,6,772,72,takeoff,21322.50960696162,21352.50960696162,30.0,180.0
S1,continuous,A,1,772,72,landing,23950.237543662468,24140.237543662468,190.0,2578.8482712867226
S1,continuous,A,1,773,0,takeoff,24140.237543662468,24170.237543662468,30.0,2988.1920656630828
S1,continuous,A,6,773,0,landing,24559.71869036824,24749.71869036824,190.0,373.9836237112795
S1,continuous,A,7,774,61,takeoff,21297.547068954034,21327.547068954034,30.0,106.69798657511637
S1,continuous,A,2,774,61,landing,22500.427828949727,22690.427828949727,190.0,1138.2742464288312
S1,continuous,A,0,775,19,takeoff,21745.95956543736,21775.95956543736,30.0,538.540765364065
S1,continuous,A,5,775,19,landing,24852.045477999385,25042.045477999385,190.0,3032.1718251240527
S1,continuous,A,2,776,21,takeoff,21940.849082378918,21970.849082378918,30.0,723.9936811360822
S1,continuous,A,3,776,21,landing,22194.31725948908,22384.31725948908,190.0,149.90467081838142
S1,continuous,A,5,777,67,takeoff,25042.045477999385,25072.045477999385,30.0,3760.613985447737
S1,continuous,A,2,777,67,landing,25140.427828949727,25330.427828949727,190.0,0.0
S1,continuous,A,3,778,1,takeoff,22384.31725948908,22414.31725948908,30.0,1077.0316834019395
S1,continuous,A,5,778,1,landing,25072.045477999385,25262.045477999385,190.0,2605.4564370206135
S1,continuous,A,2,779,45,takeoff,21970.849082378918,22000.849082378918,30.0,590.0
S1,continuous,A,3,779,45,landing,22414.31725948908,22604.31725948908,190.0,339.9046708183814
S1,continuous,A,4,780,73,takeoff,22007.998943347025,22037.998943347025,30.0,610.5801432737317
S1,continuous,A,6,780,73,landing,22159.54129036356,22349.54129036356,190.0,69.4023974718366
S1,continuous,A,4,781,28,takeoff,23390.794660567324,23420.794660567324,30.0,1971.0759701990828
S1,continuous,A,5,781,28,landing,25262.045477999385,25452.045477999385,190.0,1785.8774953581524
S1,continuous,A,1,782,58,takeoff,24170.237543662468,24200.237543662468,30.0,2733.382142419632
S1,continuous,A,0,782,58,landing,24197.13779430492,24387.13779430492,190.0,0.0
S1,continuous,A,0,783,20,takeoff,21775.95956543736,21805.95956543736,30.0,313.91408743797365
S1,continuous,A,4,783,20,landing,24127.418800073294,24317.418800073294,190.0,2267.800196099739
S1,continuous,A,4,784,15,takeoff,23420.794660567324,23450.794660567324,30.0,1944.8350951299653
S1,continuous,A,2,784,15,landing,23525.961220835863,23715.961220835863,190.0,0.0
S1,continuous,A,3,785,5,takeoff,22604.31725948908,22634.31725948908,30.0,1090.0
S1,continuous,A,0,785,5,landing,22680.17134302457,22870.17134302457,190.0,0.0
S1,continuous,A,1,786,59,takeoff,24200.237543662468,24230.237543662468,30.0,2629.38846128355
S1,continuous,A,4,786,59,landing,24317.418800073294,24507.418800073294,190.0,56.62413950596965
S1,continuous,A,0,787,14,takeoff,21805.95956543736,21835.95956543736,30.0,218.540765364065
S1,continuous,A,7,787,14,landing,21852.075141839745,22042.075141839745,190.0,0.0
S1,continuous,A,4,788,7,takeoff,23450.794660567324,23480.794660567324,30.0,1823.9392593244884
S1,continuous,A,3,788,7,landing,23544.47634442527,23734.47634442527,190.0,0.0
S1,continuous,A,1,789,22,takeoff,24230.237543662468,24260.237543662468,30.0,2578.1920656630828
S1,continuous,A,0,789,22,landing,24645.95956543736,24835.95956543736,190.0,388.8217711324396
S1,continuous,A,7,790,2,takeoff,21760.849082378918,21790.849082378918,30.0,0.0
S1,continuous,A,0,790,2,landing,22430.17134302457,22620.17134302457,190.0,623.206684243265
S1,continuous,A,6,791,32,takeoff,22349.54129036356,22379.54129036356,30.0,585.2240308744804
S1,continuous,A,0,791,32,landing,22870.17134302457,23060.17134302457,190.0,451.631989182104
S1,continuous,A,2,792,46,takeoff,22000.849082378918,22030.849082378918,30.0,211.30779201535915
S1,continuous,A,3,792,46,landing,22634.31725948908,22824.31725948908,190.0,529.9046708183814
S1,continuous,A,5,793,63,takeoff,25452.045477999385,25482.045477999385,30.0,3635.1900767565494
S1,continuous,A,2,793,63,landing,25550.427828949727,25740.427828949727,190.0,0.0
S1,continuous,A,0,794,13,takeoff,21835.95956543736,21865.95956543736,30.0,7.960622090333345
S1,continuous,A,6,794,13,landing,22379.54129036356,22569.54129036356,190.0,474.5836614472937
S1,continuous,A,4,795,65,takeoff,23480.794660567324,23510.794660567324,30.0,1638.749182567939
S1,continuous,A,6,795,65,landing,23562.93461011202,23752.93461011202,190.0,0.0
S1,continuous,A,6,796,14,takeoff,22569.54129036356,22599.54129036356,30.0,707.4661485238139
S1,continuous,A,1,796,14,landing,24567.235554755935,24757.235554755935,190.0,1948.8145989782497
S1,continuous,A,1,797,54,takeoff,24260.237543662468,24290.237543662468,30.0,2280.696253298909
S1,continuous,A,2,797,54,landing,24314.406572398293,24504.406572398293,190.0,0.0
S1,continuous,A,0,798,62,takeoff,21984.31725948908,22014.31725948908,30.0,0.0
S1,continuous,A,6,798,62,landing,22599.54129036356,22789.54129036356,190.0,546.2259673955741
S1,continuous,A,3,799,44,takeoff,22824.31725948908,22854.31725948908,30.0,794.1459164645094
S1,continuous,A,2,799,44,landing,22940.427828949727,23130.427828949727,190.0,12.5470631688695
S1,continuous,A,5,800,35,takeoff,25482.045477999385,25512.045477999385,30.0,3415.1900767565494
S1,continuous,A,3,800,35,landing,25564.31725948908,25754.31725948908,190.0,0.0
S1,continuous,A,1,801,53,takeoff,24290.237543662468,24320.237543662468,30.0,2219.4428830951438
S1,continuous,A,5,801,53,landing,25512.045477999385,25702.045477999385,190.0,1170.0
S1,continuous,A,5,802,18,takeoff,25702.045477999385,25732.045477999385,30.0,3610.0
S1,continuous,A,2,802,18,landing,25800.427828949727,25990.427828949727,190.0,0.0
S1,continuous,A,3,803,48,takeoff,22854.31725948908,22884.31725948908,30.0,723.8894305393515
S1,continuous,A,2,803,48,landing,23715.961220835863,23905.961220835863,190.0,758.0804550550056
S1,continuous,A,5,804,73,takeoff,25732.045477999385,25762.045477999385,30.0,3562.5041876358264
S1,continuous,A,0,804,73,landing,25805.95956543736,25995.95956543736,190.0,0.0
S1,continuous,A,0,805,21,takeoff,22210.17134302457,22240.17134302457,30.0,5.854083535490645
S1,continuous,A,2,805,21,landing,23905.961220835863,24095.961220835863,190.0,1618.335662994421
S1,continuous,A,1,806,30,takeoff,24320.237543662468,24350.237543662468,30.0,2070.066200637899
S1,continuous,A,7,806,30,landing,24604.392266233743,24794.392266233743,190.0,261.3214984068982
S1,continuous,A,7,807,50,takeoff,22256.855401242836,22286.855401242836,30.0,0.0
S1,continuous,A,2,807,50,landing,24095.961220835863,24285.961220835863,190.0,1774.4993060261659
S1,continuous,A,4,808,12,takeoff,23510.794660567324,23540.794660567324,30.0,1250.0
S1,continuous,A,1,808,12,landing,24757.235554755935,24947.235554755935,190.0,1182.501634864122
S1,continuous,A,1,809,43,takeoff,24947.235554755935,24977.235554755935,30.0,2665.1900767565494
S1,continuous,A,0,809,43,landing,24974.135805398386,25164.135805398386,190.0,0.0
S1,continuous,A,3,810,26,takeoff,22884.31725948908,22914.31725948908,30.0,563.8894305393515
S1,continuous,A,5,810,26,landing,25762.045477999385,25952.045477999385,190.0,2795.4564370206135
S1,continuous,A,1,811,13,takeoff,24977.235554755935,25007.235554755935,30.0,2587.6942643923758
S1,continuous,A,7,811,13,landing,25000.06877892031,25190.06877892031,190.0,0.0
S1,continuous,A,5,812,45,takeoff,25952.045477999385,25982.045477999385,30.0,3527.7282185103068
S1,continuous,A,4,812,45,landing,26037.418800073294,26227.418800073294,190.0,0.0
S1,continuous,A,3,813,2,takeoff,22914.31725948908,22944.31725948908,30.0,474.14591646450936
S1,continuous,A,7,813,2,landing,22983.5380151367,23173.5380151367,190.0,0.0
S1,continuous,A,5,814,42,takeoff,25982.045477999385,26012.045477999385,30.0,3535.1900767565494
S1,continuous,A,3,814,42,landing,26064.31725948908,26254.31725948908,190.0,0.0
S1,continuous,A,5,815,71,takeoff,26012.045477999385,26042.045477999385,30.0,3561.250817432061
S1,continuous,A,7,815,71,landing,26074.392266233743,26264.392266233743,190.0,0.0
S1,continuous,A,2,816,11,takeoff,22690.427828949727,22720.427828949727,30.0,218.3823509503418
S1,continuous,A,4,816,11,landing,24507.418800073294,24697.418800073294,190.0,1711.824410855028
S1,continuous,A,1,817,61,takeoff,25007.235554755935,25037.235554755935,30.0,2496.8077258062076
S1,continuous,A,6,817,61,landing,25052.73307775043,25242.73307775043,190.0,0.0
S1,continuous,A,1,818,62,takeoff,25037.235554755935,25067.235554755935,30.0,2427.6942643923758
S1,continuous,A,2,818,62,landing,25330.427828949727,25520.427828949727,190.0,239.02324545796728
S1,continuous,A,1,819,16,takeoff,25067.235554755935,25097.235554755935,30.0,2430.380153513099
S1,continuous,A,0,819,16,landing,25164.135805398386,25354.135805398386,190.0,70.0
S1,continuous,A,4,820,3,takeoff,24697.418800073294,24727.418800073294,30.0,2056.6241395059697
S1,continuous,A,1,820,3,landing,25097.235554755935,25287.235554755935,190.0,335.8774953581524
S1,continuous,A,2,821,46,takeoff,22720.427828949727,22750.427828949727,30.0,76.11056946064855
S1,continuous,A,0,821,46,landing,23060.17134302457,23250.17134302457,190.0,262.2892992579691
S1,continuous,A,4,822,5,takeoff,24727.418800073294,24757.418800073294,30.0,2037.2474570487248
S1,continuous,A,3,822,5,landing,25094.31725948908,25284.31725948908,190.0,273.21677555783754
S1,continuous,A,2,823,38,takeoff,23344.406572398293,23374.406572398293,30.0,652.3610943989079
S1,continuous,A,6,823,38,landing,23752.93461011202,23942.93461011202,190.0,318.98565132876683
S1,continuous,A,0,824,52,takeoff,23250.17134302457,23280.17134302457,30.0,489.7435140748421
S1,continuous,A,2,824,52,landing,24504.406572398293,24694.406572398293,190.0,1176.781014556851
S1,continuous,A,2,825,24,takeoff,23374.406572398293,23404.406572398293,30.0,543.6119118309689
S1,continuous,A,1,825,24,landing,25287.235554755935,25477.235554755935,190.0,1855.2778112021842
S1,continuous,A,5,826,4,takeoff,26042.045477999385,26072.045477999385,30.0,3166.3104113424233
S1,continuous,A,4,826,4,landing,26227.418800073294,26417.418800073294,190.0,100.0
S1,continuous,A,4,827,32,takeoff,24757.418800073294,24787.418800073294,30.0,1877.2474570487248
S1,continuous,A,6,827,32,landing,24839.55874961799,25029.55874961799,190.0,0.0
S1,continuous,A,3,828,55,takeoff,22944.31725948908,22974.31725948908,30.0,57.46185824624263
S1,continuous,A,0,828,55,landing,23280.17134302457,23470.17134302457,190.0,260.0
S1,continuous,A,1,829,34,takeoff,25477.235554755935,25507.235554755935,30.0,2565.1900767565494
S1,continuous,A,2,829,34,landing,25990.427828949727,26180.427828949727,190.0,459.0232454579673
S1,continuous,A,7,830,44,takeoff,22950.427828949727,22980.427828949727,30.0,0.0
S1,continuous,A,1,830,44,landing,25507.235554755935,25697.235554755935,190.0,2530.592359222199
S1,continuous,A,1,831,2,takeoff,25697.235554755935,25727.235554755935,30.0,2703.6975396192356
S1,continuous,A,6,831,2,landing,25742.73307775043,25932.73307775043,190.0,0.0
S1,continuous,A,1,832,9,takeoff,25727.235554755935,25757.235554755935,30.0,2706.4408941886104
S1,continuous,A,4,832,9,landing,25787.79267166079,25977.79267166079,190.0,0.0
S1,continuous,A,0,833,57,takeoff,23470.17134302457,23500.17134302457,30.0,404.4362763676072
S1,continuous,A,4,833,57,landing,24787.418800073294,24977.418800073294,190.0,1233.5884185125287
S1,continuous,A,3,834,46,takeoff,23070.17134302457,23100.17134302457,30.0,0.0
S1,continuous,A,7,834,46,landing,23173.5380151367,23363.5380151367,190.0,34.145916464509355
S1,continuous,A,7,835,70,takeoff,23363.5380151367,23393.5380151367,30.0,261.4925371373138
S1,continuous,A,4,835,70,landing,24977.418800073294,25167.418800073294,190.0,1548.063217163588
S1,continuous,A,6,836,33,takeoff,23435.735066656962,23465.735066656962,30.0,298.87966541412607
S1,continuous,A,3,836,33,landing,23964.31725948908,24154.31725948908,190.0,443.3581619576362
S1,continuous,A,2,837,36,takeoff,23404.406572398293,23434.406572398293,30.0,240.0
S1,continuous,A,0,837,36,landing,23727.13779430492,23917.13779430492,190.0,245.27700708975317
S1,continuous,A,7,838,46,takeoff,23393.5380151367,23423.5380151367,30.0,210.0
S1,continuous,A,0,838,46,landing,23917.13779430492,24107.13779430492,190.0,477.4842027658342
S1,continuous,A,4,839,68,takeoff,25167.418800073294,25197.418800073294,30.0,1956.6241395059697
S1,continuous,A,3,839,68,landing,25284.31725948908,25474.31725948908,190.0,23.216775557837536
S1,continuous,A,1,840,31,takeoff,25757.235554755935,25787.235554755935,30.0,2501.5004880989727
S1,continuous,A,0,840,31,landing,25995.95956543736,26185.95956543736,190.0,211.82376003897298
S1,continuous,A,3,841,55,takeoff,23290.17134302457,23320.17134302457,30.0,0.0
S1,continuous,A,2,841,55,landing,24694.406572398293,24884.406572398293,190.0,1300.671723081945
S1,continuous,A,5,842,64,takeoff,26072.045477999385,26102.045477999385,30.0,2780.0
S1,continuous,A,2,842,64,landing,26180.427828949727,26370.427828949727,190.0,10.0
S1,continuous,A,2,843,25,takeoff,23434.406572398293,23464.406572398293,30.0,107.55117115545727
S1,continuous,A,5,843,25,landing,26102.045477999385,26292.045477999385,190.0,2569.2565546507503
S1,continuous,A,2,844,29,takeoff,25080.427828949727,25110.427828949727,30.0,1568.3823509503418
S1,continuous,A,6,844,29,landing,25242.73307775043,25432.73307775043,190.0,72.76286241574053
S1,continuous,A,5,845,15,takeoff,26292.045477999385,26322.045477999385,30.0,2756.084257163522
S1,continuous,A,2,845,15,landing,26390.427828949727,26580.427828949727,190.0,0.0
S1,continuous,A,6,846,51,takeoff,23942.93461011202,23972.93461011202,30.0,395.79681580710167
S1,continuous,A,4,846,51,landing,25197.418800073294,25387.418800073294,190.0,1172.3442404165762
S1,continuous,A,3,847,7,takeoff,23734.47634442527,23764.47634442527,30.0,180.0
S1,continuous,A,6,847,7,landing,23972.93461011202,24162.93461011202,190.0,153.23423481226928
S1,continuous,A,0,848,66,takeoff,24107.13779430492,24137.13779430492,30.0,539.7189942316254
S1,continuous,A,5,848,66,landing,26322.045477999385,26512.045477999385,190.0,2140.9935962564923
S1,continuous,A,2,849,65,takeoff,25110.427828949727,25140.427828949727,30.0,1537.493218837706
S1,continuous,A,6,849,65,landing,25432.73307775043,25622.73307775043,190.0,232.76286241574053
S1,continuous,A,4,850,60,takeoff,25387.418800073294,25417.418800073294,30.0,1810.563398830458
S1,continuous,A,2,850,60,landing,26580.427828949727,26770.427828949727,190.0,1087.8424686078943
S1,continuous,A,6,851,48,takeoff,24162.93461011202,24192.93461011202,30.0,436.97338927615783
S1,continuous,A,5,851,48,landing,26512.045477999385,26702.045477999385,190.0,2271.437655518508
S1,continuous,A,3,852,47,takeoff,24154.31725948908,24184.31725948908,30.0,422.27178148969324
S1,continuous,A,4,852,47,landing,25417.418800073294,25607.418800073294,190.0,1169.4198567262683
S1,continuous,A,4,853,36,takeoff,25607.418800073294,25637.418800073294,30.0,1870.2810057683746
S1,continuous,A,7,853,36,landing,25673.2363678463,25863.2363678463,190.0,0.0
S1,continuous,A,3,854,69,takeoff,24184.31725948908,24214.31725948908,30.0,426.8984594157846
S1,continuous,A,4,854,69,landing,26417.418800073294,26607.418800073294,190.0,2139.4198567262683
S1,continuous,A,1,855,38,takeoff,25787.235554755935,25817.235554755935,30.0,2024.3009446439137
S1,continuous,A,3,855,38,landing,25842.575420109624,26032.575420109624,190.0,0.0
S1,continuous,A,3,856,37,takeoff,24214.31725948908,24244.31725948908,30.0,447.4618582462426
S1,continuous,A,6,856,37,landing,25932.73307775043,26122.73307775043,190.0,1633.1917873868697
S1,continuous,A,2,857,41,takeoff,25520.427828949727,25550.427828949727,30.0,1736.1105694606485
S1,continuous,A,1,857,41,landing,25817.235554755935,26007.235554755935,190.0,239.25655465075033
S1,continuous,A,3,858,21,takeoff,24244.31725948908,24274.31725948908,30.0,328.35603865321536
S1,continuous,A,6,858,21,landing,26122.73307775043,26312.73307775043,190.0,1793.1917873868697
S1,continuous,A,4,859,6,takeoff,25637.418800073294,25667.418800073294,30.0,1715.3733220739086
S1,continuous,A,7,859,6,landing,25863.2363678463,26053.2363678463,190.0,160.0
S1,continuous,A,2,860,46,takeoff,25740.427828949727,25770.427828949727,30.0,1813.2900346448077
S1,continuous,A,0,860,46,landing,26185.95956543736,26375.95956543736,190.0,368.07752167075887
S1,continuous,A,6,861,27,takeoff,24192.93461011202,24222.93461011202,30.0,245.51581003872707
S1,continuous,A,4,861,27,landing,26607.418800073294,26797.418800073294,190.0,2332.344240416576
S1,continuous,A,3,862,72,takeoff,24274.31725948908,24304.31725948908,30.0,317.4618582462426
S1,continuous,A,2,862,72,landing,26770.427828949727,26960.427828949727,190.0,2392.5470631688695
S1,continuous,A,5,863,33,takeoff,26702.045477999385,26732.045477999385,30.0,2727.7282185103068
S1,continuous,A,0,863,33,landing,26775.95956543736,26965.95956543736,190.0,0.0
S1,continuous,A,4,864,7,takeoff,25667.418800073294,25697.418800073294,30.0,1684.484189961273
S1,continuous,A,2,864,7,landing,26960.427828949727,27150.427828949727,190.0,1187.8424686078943
S1,continuous,A,4,865,50,takeoff,25697.418800073294,25727.418800073294,30.0,1591.4575792374308
S1,continuous,A,2,865,50,landing,27150.427828949727,27340.427828949727,190.0,1347.8424686078943
S1,continuous,A,7,866,56,takeoff,24112.045477999385,24142.045477999385,30.0,0.0
S1,continuous,A,0,866,56,landing,25354.135805398386,25544.135805398386,190.0,1195.9747509966146
S1,continuous,A,5,867,20,takeoff,26732.045477999385,26762.045477999385,30.0,2594.6266779260914
S1,continuous,A,2,867,20,landing,27340.427828949727,27530.427828949727,190.0,510.0
S1,continuous,A,1,868,58,takeoff,26007.235554755935,26037.235554755935,30.0,1800.0977604510153
S1,continuous,A,0,868,58,landing,26375.95956543736,26565.95956543736,190.0,341.823760038973
S1,continuous,A,7,869,54,takeoff,24324.406572398293,24354.406572398293,30.0,0.0
S1,continuous,A,6,869,54,landing,26312.73307775043,26502.73307775043,190.0,1937.0111720597924
S1,continuous,A,7,870,59,takeoff,24354.406572398293,24384.406572398293,30.0,26.98777232499924
S1,continuous,A,1,870,59,landing,26037.235554755935,26227.235554755935,190.0,1656.6136157736328
S1,continuous,A,0,871,23,takeoff,24387.13779430492,24417.13779430492,30.0,7.419103936677857
S1,continuous,A,2,871,23,landing,27530.427828949727,27720.427828949727,190.0,3065.8358198279348
S1,continuous,A,4,872,10,takeoff,25727.418800073294,25757.418800073294,30.0,1343.5653877369914
S1,continuous,A,0,872,10,landing,26565.95956543736,26755.95956543736,190.0,754.881726827869
S1,continuous,A,4,873,17,takeoff,25757.418800073294,25787.418800073294,30.0,1335.3733220739086
S1,continuous,A,7,873,17,landing,26264.392266233743,26454.392266233743,190.0,441.155898387442
S1,continuous,A,0,874,39,takeoff,24424.392266233743,24454.392266233743,30.0,0.0
S1,continuous,A,5,874,39,landing,26762.045477999385,26952.045477999385,190.0,2263.739124327669
S1,continuous,A,2,875,49,takeoff,25770.427828949727,25800.427828949727,30.0,1304.4682635123681
S1,continuous,A,7,875,49,landing,26454.392266233743,26644.392266233743,190.0,619.3579237171543
S1,continuous,A,5,876,52,takeoff,26952.045477999385,26982.045477999385,30.0,2437.638905601092
S1,continuous,A,3,876,52,landing,27034.31725948908,27224.31725948908,190.0,0.0
S1,continuous,A,4,877,11,takeoff,25977.79267166079,26007.79267166079,30.0,1460.373871587497
S1,continuous,A,7,877,11,landing,26644.392266233743,26834.392266233743,190.0,600.782026799945
S1,continuous,A,7,878,0,takeoff,24794.392266233743,24824.392266233743,30.0,224.67357586550133
S1,continuous,A,0,878,0,landing,25544.135805398386,25734.135805398386,190.0,703.6279627622571
S1,continuous,A,5,879,14,takeoff,26982.045477999385,27012.045477999385,30.0,2408.1920656630828
S1,continuous,A,1,879,14,landing,27037.235554755935,27227.235554755935,190.0,0.0
S1,continuous,A,3,880,8,takeoff,24612.045477999385,24642.045477999385,30.0,0.0
S1,continuous,A,0,880,8,landing,26965.95956543736,27155.95956543736,190.0,2278.060003902483
S1,continuous,A,3,881,30,takeoff,24642.045477999385,24672.045477999385,30.0,27.65321176564248
S1,continuous,A,0,881,30,landing,27155.95956543736,27345.95956543736,190.0,2438.060003902483
S1,continuous,A,7,882,22,takeoff,24824.392266233743,24854.392266233743,30.0,168.43270079638387
S1,continuous,A,4,882,22,landing,26797.418800073294,26987.418800073294,190.0,1907.2089660665442
S1,continuous,A,0,883,55,takeoff,24835.95956543736,24865.95956543736,30.0,131.55299303906577
S1,continuous,A,1,883,55,landing,26227.235554755935,26417.235554755935,190.0,1360.9935962564923
S1,continuous,A,1,884,12,takeoff,26417.235554755935,26447.235554755935,30.0,1653.3821424196321
S1,continuous,A,5,884,12,landing,27012.045477999385,27202.045477999385,190.0,543.0019889065334
S1,continuous,A,1,885,57,takeoff,26447.235554755935,26477.235554755935,30.0,1649.8167546826407
S1,continuous,A,0,885,57,landing,27345.95956543736,27535.95956543736,190.0,871.823760038973
S1,continuous,A,4,886,32,takeoff,26987.418800073294,27017.418800073294,30.0,2137.8600504553033
S1,continuous,A,0,886,32,landing,27535.95956543736,27725.95956543736,190.0,464.881726827869
S1,continuous,A,1,887,19,takeoff,26477.235554755935,26507.235554755935,30.0,1615.1900767565494
S1,continuous,A,7,887,19,landing,26834.392266233743,27024.392266233743,190.0,334.32348731343154
S1,continuous,A,1,888,74,takeoff,26507.235554755935,26537.235554755935,30.0,1606.8077258062076
S1,continuous,A,2,888,74,landing,27720.427828949727,27910.427828949727,190.0,1159.0232454579673
S1,continuous,A,2,889,40,takeoff,27910.427828949727,27940.427828949727,30.0,2996.1105694606485
S1,continuous,A,0,889,40,landing,27987.8820437666,28177.8820437666,190.0,0.0
S1,continuous,A,5,890,43,takeoff,27202.045477999385,27232.045477999385,30.0,2217.9096726009993
S1,continuous,A,3,890,43,landing,27284.31725948908,27474.31725948908,190.0,0.0
S1,continuous,A,5,891,70,takeoff,27232.045477999385,27262.045477999385,30.0,2244.6266779260914
S1,continuous,A,3,891,70,landing,27474.31725948908,27664.31725948908,190.0,160.0
S1,continuous,A,6,892,13,takeoff,25622.73307775043,25652.73307775043,30.0,612.6642988301173
S1,continuous,A,3,892,13,landing,26254.31725948908,26444.31725948908,190.0,546.3601508641696
S1,continuous,A,1,893,61,takeoff,26537.235554755935,26567.235554755935,30.0,1474.502477005506
S1,continuous,A,5,893,61,landing,27262.045477999385,27452.045477999385,190.0,673.0019889065334
S1,continuous,A,3,894,1,takeoff,25474.31725948908,25504.31725948908,30.0,392.27178148969324
S1,continuous,A,4,894,1,landing,27017.418800073294,27207.418800073294,190.0,1449.4198567262683
S1,continuous,A,3,895,3,takeoff,25504.31725948908,25534.31725948908,30.0,400.463847152776
S1,continuous,A,7,895,3,landing,27024.392266233743,27214.392266233743,190.0,1450.8542510970437
S1,continuous,A,1,896,5,takeoff,26567.235554755935,26597.235554755935,30.0,1462.9182952668561
S1,continuous,A,2,896,5,landing,27940.427828949727,28130.427828949727,190.0,1319.0232454579673
S1,continuous,A,0,897,67,takeoff,25734.135805398386,25764.135805398386,30.0,583.7079764486589
S1,continuous,A,6,897,67,landing,26502.73307775043,26692.73307775043,190.0,699.5992088731364
S1,continuous,A,0,898,16,takeoff,25764.135805398386,25794.135805398386,30.0,590.0
S1,continuous,A,5,898,16,landing,27452.045477999385,27642.045477999385,190.0,1613.9955851630257
S1,continuous,A,2,899,51,takeoff,28130.427828949727,28160.427828949727,30.0,2923.009028876433
S1,continuous,A,6,899,51,landing,28219.970215334688,28409.970215334688,190.0,0.0
S1,continuous,A,2,900,29,takeoff,28160.427828949727,28190.427828949727,30.0,2907.6947511992985
S1,continuous,A,6,900,29,landing,28409.970215334688,28599.970215334688,190.0,160.0
S1,continuous,A,0,901,28,takeoff,27725.95956543736,27755.95956543736,30.0,2453.9140874379736
S1,continuous,A,1,901,28,landing,27756.241958499442,27946.241958499442,190.0,0.0
S1,continuous,A,2,902,24,takeoff,28190.427828949727,28220.427828949727,30.0,2896.5744166134245
S1,continuous,A,3,902,24,landing,28293.991335241506,28483.991335241506,190.0,0.0
S1,continuous,A,5,903,68,takeoff,27642.045477999385,27672.045477999385,30.0,2347.7282185103068
S1,continuous,A,1,903,68,landing,27946.241958499442,28136.241958499442,190.0,249.0064037435077
S1,continuous,A,7,904,62,takeoff,25340.427828949727,25370.427828949727,30.0,0.0
S1,continuous,A,3,904,62,landing,26444.31725948908,26634.31725948908,190.0,1034.668674891731
S1,continuous,A,2,905,56,takeoff,28220.427828949727,28250.427828949727,30.0,2856.292023551341
S1,continuous,A,0,905,56,landing,28297.8820437666,28487.8820437666,190.0,0.0
S1,continuous,A,6,906,47,takeoff,25652.73307775043,25682.73307775043,30.0,225.31427767713467
S1,continuous,A,2,906,47,landing,28250.427828949727,28440.427828949727,190.0,2508.1523648143375
S1,continuous,A,2,907,65,takeoff,28440.427828949727,28470.427828949727,30.0,2997.6947511992985
S1,continuous,A,1,907,65,landing,28497.979000105184,28687.979000105184,190.0,0.0
S1,continuous,A,7,908,44,takeoff,25513.853412336302,25543.853412336302,30.0,0.0
S1,continuous,A,6,908,44,landing,26692.73307775043,26882.73307775043,190.0,1127.564332121783
S1,continuous,A,5,909,53,takeoff,27672.045477999385,27702.045477999385,30.0,2150.0
S1,continuous,A,0,909,53,landing,27755.95956543736,27945.95956543736,190.0,10.0
S1,continuous,A,1,910,0,takeoff,26597.235554755935,26627.235554755935,30.0,1043.0997493575487
S1,continuous,A,5,910,0,landing,27702.045477999385,27892.045477999385,190.0,1053.0019889065334
S1,continuous,A,4,911,63,takeoff,27207.418800073294,27237.418800073294,30.0,1646.9909711235669
S1,continuous,A,3,911,63,landing,27664.31725948908,27854.31725948908,190.0,363.21677555783754
S1,continuous,A,7,912,35,takeoff,25574.31725948908,25604.31725948908,30.0,0.0
S1,continuous,A,3,912,35,landing,26634.31725948908,26824.31725948908,190.0,990.7792443523795
S1,continuous,A,1,913,36,takeoff,26627.235554755935,26657.235554755935,30.0,943.9991869096339
S1,continuous,A,0,913,36,landing,28487.8820437666,28677.8820437666,190.0,1833.746238368214
S1,continuous,A,2,914,2,takeoff,28470.427828949727,28500.427828949727,30.0,2717.6947511992985
S1,continuous,A,3,914,2,landing,28573.991335241506,28763.991335241506,190.0,0.0
S1,continuous,A,5,915,26,takeoff,27892.045477999385,27922.045477999385,30.0,2120.0
S1,continuous,A,0,915,26,landing,28677.8820437666,28867.8820437666,190.0,711.9224783292411
S1,continuous,A,0,916,9,takeoff,27945.95956543736,27975.95956543736,30.0,2148.166893776568
S1,continuous,A,1,916,9,landing,28136.241958499442,28326.241958499442,190.0,160.0
S1,continuous,A,5,917,18,takeoff,27922.045477999385,27952.045477999385,30.0,2111.617649049658
S1,continuous,A,2,917,18,landing,28500.427828949727,28690.427828949727,190.0,480.0
S1,continuous,A,1,918,73,takeoff,26657.235554755935,26687.235554755935,30.0,841.2759893185757
S1,continuous,A,3,918,73,landing,26824.31725948908,27014.31725948908,190.0,111.74183937945418
S1,continuous,A,3,919,41,takeoff,26032.575420109624,26062.575420109624,30.0,208.72200777332182
S1,continuous,A,4,919,41,landing,27237.418800073294,27427.418800073294,190.0,1111.1616961057225
S1,continuous,A,2,920,38,takeoff,28690.427828949727,28720.427828949727,30.0,2837.8524088401027
S1,continuous,A,3,920,38,landing,28793.991335241506,28983.991335241506,190.0,0.0
S1,continuous,A,0,921,6,takeoff,28177.8820437666,28207.8820437666,30.0,2304.6456759202993
S1,continuous,A,4,921,6,landing,28261.541082302796,28451.541082302796,190.0,0.0
S1,continuous,A,4,922,37,takeoff,27427.418800073294,27457.418800073294,30.0,1484.6857223228653
S1,continuous,A,2,922,37,landing,28720.427828949727,28910.427828949727,190.0,1187.8424686078943
S1,continuous,A,6,923,34,takeoff,26882.73307775043,26912.73307775043,30.0,882.3052488007015
S1,continuous,A,3,923,34,landing,27854.31725948908,28044.31725948908,190.0,886.3601508641696
S1,continuous,A,7,924,31,takeoff,27214.392266233743,27244.392266233743,30.0,1208.4327007963839
S1,continuous,A,5,924,31,landing,27952.045477999385,28142.045477999385,190.0,675.306423531285
S1,continuous,A,7,925,59,takeoff,27244.392266233743,27274.392266233743,30.0,1200.5388538974403
S1,continuous,A,5,925,59,landing,28142.045477999385,28332.045477999385,190.0,835.306423531285
S1,continuous,A,7,926,45,takeoff,27274.392266233743,27304.392266233743,30.0,1226.9734661604489
S1,continuous,A,6,926,45,landing,27325.707599526086,27515.707599526086,190.0,0.0
S1,continuous,A,6,927,42,takeoff,26912.73307775043,26942.73307775043,30.0,838.4158182613501
S1,continuous,A,5,927,42,landing,28332.045477999385,28522.045477999385,190.0,1341.6391878801005
S1,continuous,A,5,928,71,takeoff,28522.045477999385,28552.045477999385,30.0,2437.6532117656425
S1,continuous,A,7,928,71,landing,28584.392266233743,28774.392266233743,190.0,0.0
S1,continuous,A,5,929,25,takeoff,28552.045477999385,28582.045477999385,30.0,2440.0
S1,continuous,A,7,929,25,landing,28774.392266233743,28964.392266233743,190.0,160.0
S1,continuous,A,0,930,21,takeoff,28207.8820437666,28237.8820437666,30.0,2075.1489660161715
S1,continuous,A,4,930,21,landing,28451.541082302796,28641.541082302796,190.0,160.0
S1,continuous,A,0,931,64,takeoff,28237.8820437666,28267.8820437666,30.0,2047.454214816873
S1,continuous,A,1,931,64,landing,28687.979000105184,28877.979000105184,190.0,419.81456327650085
S1,continuous,A,7,932,46,takeoff,27304.392266233743,27334.392266233743,30.0,1108.4327007963839
S1,continuous,A,1,932,46,landing,27330.60763281775,27520.60763281775,190.0,0.0
S1,continuous,A,2,933,55,takeoff,28910.427828949727,28940.427828949727,30.0,2676.5744166134245
S1,continuous,A,5,933,55,landing,29008.81017990007,29198.81017990007,190.0,0.0
S1,continuous,A,2,934,4,takeoff,28940.427828949727,28970.427828949727,30.0,2703.009028876433
S1,continuous,A,1,934,4,landing,28997.979000105184,29187.979000105184,190.0,0.0
S1,continuous,A,1,935,13,takeoff,26687.235554755935,26717.235554755935,30.0,422.91829526685615
S1,continuous,A,0,935,13,landing,28867.8820437666,29057.8820437666,190.0,2153.746238368214
S1,continuous,A,2,936,17,takeoff,28970.427828949727,29000.427828949727,30.0,2696.0355627159843
S1,continuous,A,5,936,17,landing,29198.81017990007,29388.81017990007,190.0,130.0
S1,continuous,A,0,937,54,takeoff,28267.8820437666,28297.8820437666,30.0,1945.1489660161715
S1,continuous,A,2,937,54,landing,29000.427828949727,29190.427828949727,190.0,655.091570366254
S1,continuous,A,1,938,66,takeoff,26717.235554755935,26747.235554755935,30.0,385.1900767565494
S1,continuous,A,5,938,66,landing,28582.045477999385,28772.045477999385,190.0,1813.0019889065334
S1,continuous,A,5,939,58,takeoff,28772.045477999385,28802.045477999385,30.0,2386.0859125620264
S1,continuous,A,6,939,58,landing,28849.71869036824,29039.71869036824,190.0,0.0
S1,continuous,A,2,940,15,takeoff,29190.427828949727,29220.427828949727,30.0,2790.0
S1,continuous,A,7,940,15,landing,29255.03434251659,29445.03434251659,190.0,0.0
S1,continuous,A,1,941,69,takeoff,26747.235554755935,26777.235554755935,30.0,319.81675468264075
S1,continuous,A,3,941,69,landing,28044.31725948908,28234.31725948908,190.0,1241.7418393794542
S1,continuous,A,0,942,62,takeoff,29057.8820437666,29087.8820437666,30.0,2603.5647842775215
S1,continuous,A,7,942,62,landing,29445.03434251659,29635.03434251659,190.0,341.03672234760234
S1,continuous,A,7,943,49,takeoff,27334.392266233743,27364.392266233743,30.0,870.0
S1,continuous,A,5,943,49,landing,28802.045477999385,28992.045477999385,190.0,1405.306423531285
S1,continuous,A,6,944,67,takeoff,26942.73307775043,26972.73307775043,30.0,430.0
S1,continuous,A,4,944,67,landing,27457.418800073294,27647.418800073294,190.0,432.5457727781686
S1,continuous,A,0,945,48,takeoff,29087.8820437666,29117.8820437666,30.0,2565.836565767215
S1,continuous,A,5,945,48,landing,29388.81017990007,29578.81017990007,190.0,227.01404869549515
S1,continuous,A,2,946,10,takeoff,29220.427828949727,29250.427828949727,30.0,2644.468263512368
S1,continuous,A,7,946,10,landing,29635.03434251659,29825.03434251659,190.0,350.0
S1,continuous,A,4,947,60,takeoff,27647.418800073294,27677.418800073294,30.0,1056.9909711235669
S1,continuous,A,1,947,60,landing,29187.979000105184,29377.979000105184,190.0,1476.620940707402
S1,continuous,A,7,948,27,takeoff,27364.392266233743,27394.392266233743,30.0,746.9734661604489
S1,continuous,A,5,948,27,landing,29578.81017990007,29768.81017990007,190.0,2152.0711254319685
S1,continuous,A,3,949,35,takeoff,27224.31725948908,27254.31725948908,30.0,580.0
S1,continuous,A,4,949,35,landing,27677.418800073294,27867.418800073294,190.0,359.41985672626834
S1,continuous,A,5,950,11,takeoff,29768.81017990007,29798.81017990007,30.0,3114.417913666326
S1,continuous,A,4,950,11,landing,29854.183501973977,30044.183501973977,190.0,0.0
S1,continuous,A,5,951,44,takeoff,29798.81017990007,29828.81017990007,30.0,3096.0771021496403
S1,continuous,A,3,951,44,landing,29881.081961389762,30071.081961389762,190.0,0.0
S1,continuous,A,3,952,39,takeoff,27254.31725948908,27284.31725948908,30.0,482.27178148969324
S1,continuous,A,2,952,39,landing,29250.427828949727,29440.427828949727,190.0,1892.5470631688695
S1,continuous,A,3,953,72,takeoff,28234.31725948908,28264.31725948908,30.0,1453.8894305393515
S1,continuous,A,2,953,72,landing,29440.427828949727,29630.427828949727,190.0,1102.5470631688695
S1,continuous,A,1,954,33,takeoff,26785.95956543736,26815.95956543736,30.0,0.0
S1,continuous,A,5,954,33,landing,29828.81017990007,30018.81017990007,190.0,2991.0426801257927
S1,continuous,A,7,955,22,takeoff,27394.392266233743,27424.392266233743,30.0,586.9734661604489
S1,continuous,A,2,955,22,landing,29630.427828949727,29820.427828949727,190.0,2171.429049149123
S1,continuous,A,0,956,73,takeoff,29117.8820437666,29147.8820437666,30.0,2283.5647842775215
S1,continuous,A,2,956,73,landing,29820.427828949727,30010.427828949727,190.0,625.091570366254
S1,continuous,A,7,957,19,takeoff,27424.392266233743,27454.392266233743,30.0,580.0
S1,continuous,A,6,957,19,landing,27515.707599526086,27705.707599526086,190.0,40.0
S1,continuous,A,7,958,7,takeoff,27454.392266233743,27484.392266233743,30.0,483.96443728401573
S1,continuous,A,0,958,7,landing,29147.8820437666,29337.8820437666,190.0,1647.3742011304712
S1,continuous,A,0,959,8,takeoff,29337.8820437666,29367.8820437666,30.0,2361.922478329241
S1,continuous,A,3,959,8,landing,29413.73612730209,29603.73612730209,190.0,0.0
S1,continuous,A,6,960,12,takeoff,27022.045477999385,27052.045477999385,30.0,0.0
S1,continuous,A,2,960,12,landing,30010.427828949727,30200.427828949727,190.0,2898.839964565381
S1,continuous,A,1,961,1,takeoff,27227.235554755935,27257.235554755935,30.0,199.81675468264075
S1,continuous,A,6,961,1,landing,27705.707599526086,27895.707599526086,190.0,432.9745217756572
S1,continuous,A,7,962,3,takeoff,27484.392266233743,27514.392266233743,30.0,450.0
S1,continuous,A,4,962,3,landing,27867.418800073294,28057.418800073294,190.0,317.20896606654424
S1,continuous,A,2,963,14,takeoff,30200.427828949727,30230.427828949727,30.0,3156.5744166134245
S1,continuous,A,3,963,14,landing,30303.991335241506,30493.991335241506,190.0,0.0
S1,continuous,A,3,964,52,takeoff,28483.991335241506,28513.991335241506,30.0,1439.6740757524276
S1,continuous,A,5,964,52,landing,30018.81017990007,30208.81017990007,190.0,1452.5470631688695
S1,continuous,A,1,965,50,takeoff,27257.235554755935,27287.235554755935,30.0,96.8077258062076
S1,continuous,A,6,965,50,landing,27895.707599526086,28085.707599526086,190.0,592.9745217756572
S1,continuous,A,3,966,30,takeoff,28513.991335241506,28543.991335241506,30.0,1348.0317698041472
S1,continuous,A,0,966,30,landing,29367.8820437666,29557.8820437666,190.0,778.0366249896033
S1,continuous,A,1,967,41,takeoff,27287.235554755935,27317.235554755935,30.0,39.81675468264075
S1,continuous,A,2,967,41,landing,30230.427828949727,30420.427828949727,190.0,2889.0232454579673
S1,continuous,A,2,968,61,takeoff,30420.427828949727,30450.427828949727,30.0,3148.382350950342
S1,continuous,A,0,968,61,landing,30497.8820437666,30687.8820437666,190.0,0.0
S1,continuous,A,3,969,43,takeoff,28543.991335241506,28573.991335241506,30.0,1249.6740757524276
S1,continuous,A,5,969,43,landing,30208.81017990007,30398.81017990007,190.0,1582.5470631688695
S1,continuous,A,0,970,45,takeoff,29557.8820437666,29587.8820437666,30.0,2222.1744442405143
S1,continuous,A,4,970,45,landing,29641.541082302796,29831.541082302796,190.0,0.0
S1,continuous,A,2,971,46,takeoff,30450.427828949727,30480.427828949727,30.0,3113.2023385516077
S1,continuous,A,6,971,46,landing,30539.970215334688,30729.970215334688,190.0,0.0
S1,continuous,A,5,972,20,takeoff,30398.81017990007,30428.81017990007,30.0,3048.382350950342
S1,continuous,A,4,972,20,landing,30484.183501973977,30674.183501973977,190.0,0.0
S1,continuous,A,7,973,57,takeoff,27514.392266233743,27544.392266233743,30.0,158.43270079638387
S1,continuous,A,6,973,57,landing,28599.970215334688,28789.970215334688,190.0,1034.2626158086023
S1,continuous,A,6,974,16,takeoff,28085.707599526086,28115.707599526086,30.0,623.6621215267005
S1,continuous,A,7,974,16,landing,28137.02293281843,28327.02293281843,190.0,0.0
S1,continuous,A,3,975,67,takeoff,28763.991335241506,28793.991335241506,30.0,1296.5725351682122
S1,continuous,A,6,975,67,landing,29039.71869036824,29229.71869036824,190.0,190.50332425225497
S1,continuous,A,3,976,70,takeoff,28983.991335241506,29013.991335241506,30.0,1499.6740757524276
S1,continuous,A,4,976,70,landing,29077.673019099453,29267.673019099453,190.0,0.0
S1,continuous,A,7,977,19,takeoff,27544.392266233743,27574.392266233743,30.0,18.684666707657016
S1,continuous,A,3,977,19,landing,29013.991335241506,29203.991335241506,190.0,1400.3783133601428
S1,continuous,A,2,978,23,takeoff,30480.427828949727,30510.427828949727,30.0,2940.0
S1,continuous,A,5,978,23,landing,30578.81017990007,30768.81017990007,190.0,0.0
S1,continuous,A,5,979,32,takeoff,30428.81017990007,30458.81017990007,30.0,2882.85061446271
S1,continuous,A,2,979,32,landing,30527.19253085041,30717.19253085041,190.0,0.0
S1,continuous,A,3,980,63,takeoff,29203.991335241506,29233.991335241506,30.0,1529.6740757524276
S1,continuous,A,1,980,63,landing,29377.979000105184,29567.979000105184,190.0,115.2656570903564
S1,continuous,A,1,981,35,takeoff,27687.418800073294,27717.418800073294,30.0,0.0
S1,continuous,A,5,981,35,landing,30768.81017990007,30958.81017990007,190.0,3029.5834454898577
S1,continuous,A,5,982,0,takeoff,30458.81017990007,30488.81017990007,30.0,2746.7647019006836
S1,continuous,A,7,982,0,landing,30521.156968134426,30711.156968134426,190.0,0.0
S1,continuous,A,5,983,1,takeoff,30488.81017990007,30518.81017990007,30.0,2773.102580373983
S1,continuous,A,6,983,1,landing,30729.970215334688,30919.970215334688,190.0,163.48682306576302
S1,continuous,A,3,984,74,takeoff,29233.991335241506,29263.991335241506,30.0,1503.563506291779
S1,continuous,A,2,984,74,landing,30717.19253085041,30907.19253085041,190.0,1379.6376893171255
S1,continuous,A,1,985,28,takeoff,28326.241958499442,28356.241958499442,30.0,563.3821424196321
S1,continuous,A,3,985,28,landing,29603.73612730209,29793.73612730209,190.0,1222.1543034489587
S1,continuous,A,5,986,53,takeoff,30518.81017990007,30548.81017990007,30.0,2752.85061446271
S1,continuous,A,0,986,53,landing,30687.8820437666,30877.8820437666,190.0,95.15777642855755
S1,continuous,A,2,987,34,takeoff,30907.19253085041,30937.19253085041,30.0,3042.875271361332
S1,continuous,A,6,987,34,landing,30996.73491723537,31186.73491723537,190.0,0.0
S1,continuous,A,5,988,3,takeoff,30548.81017990007,30578.81017990007,30.0,2671.391379826775
S1,continuous,A,1,988,3,landing,30604.000256656618,30794.000256656618,190.0,0.0
S1,continuous,A,0,989,50,takeoff,29587.8820437666,29617.8820437666,30.0,1682.1744442405143
S1,continuous,A,6,989,50,landing,29656.880107245506,29846.880107245506,190.0,0.0
S1,continuous,A,7,990,5,takeoff,27950.427828949727,27980.427828949727,30.0,0.0
S1,continuous,A,4,990,5,landing,28057.418800073294,28247.418800073294,190.0,41.173403350559965
S1,continuous,A,1,991,68,takeoff,28356.241958499442,28386.241958499442,30.0,403.38214241963215
S1,continuous,A,3,991,68,landing,30071.081961389762,30261.081961389762,190.0,1659.50013753663
S1,continuous,A,0,992,31,takeoff,29617.8820437666,29647.8820437666,30.0,1655.8365657672148
S1,continuous,A,5,992,31,landing,30958.81017990007,31148.81017990007,190.0,1267.0140486954951
S1,continuous,A,7,993,40,takeoff,27997.8820437666,28027.8820437666,30.0,0.0
S1,continuous,A,4,993,40,landing,28641.541082302796,28831.541082302796,190.0,577.8414707631891
S1,continuous,A,2,994,69,takeoff,30937.19253085041,30967.19253085041,30.0,2882.875271361332
S1,continuous,A,7,994,69,landing,31001.799044417272,31191.799044417272,190.0,0.0
S1,continuous,A,1,995,5,takeoff,28386.241958499442,28416.241958499442,30.0,318.82315842614844
S1,continuous,A,6,995,5,landing,29229.71869036824,29419.71869036824,190.0,797.9792088743052
S1,continuous,A,3,996,9,takeoff,29263.991335241506,29293.991335241506,30.0,1121.131519161696
S1,continuous,A,0,996,9,landing,29647.8820437666,29837.8820437666,190.0,308.0366249896033
S1,continuous,A,2,997,16,takeoff,30967.19253085041,30997.19253085041,30.0,2820.169598031982
S1,continuous,A,5,997,16,landing,31148.81017990007,31338.81017990007,190.0,83.23529809931642
S1,continuous,A,7,998,59,takeoff,28327.02293281843,28357.02293281843,30.0,174.9774548190435
S1,continuous,A,1,998,59,landing,29567.979000105184,29757.979000105184,190.0,1214.7407007027468
S1,continuous,A,7,999,51,takeoff,28357.02293281843,28387.02293281843,30.0,127.05271748374071
S1,continuous,A,4,999,51,landing,28831.541082302796,29021.541082302796,190.0,408.7005817113604
S1,continuous,A,1,1000,47,takeoff,28416.241958499442,28446.241958499442,30.0,155.8141295497153
S1,continuous,A,6,1000,47,landing,29419.71869036824,29609.71869036824,190.0,957.9792088743052
S1,continuous,A,3,1001,6,takeoff,29293.991335241506,29323.991335241506,30.0,1022.45025293871
S1,continuous,A,7,1001,6,landing,29825.03434251659,30015.03434251659,190.0,461.8222516274618
S1,continuous,A,5,1002,24,takeoff,31338.81017990007,31368.81017990007,30.0,3034.8188446585627
S1,continuous,A,2,1002,24,landing,31437.19253085041,31627.19253085041,190.0,0.0
S1,continuous,A,6,1003,56,takeoff,28789.970215334688,28819.970215334688,30.0,482.088171568088
S1,continuous,A,3,1003,56,landing,30493.991335241506,30683.991335241506,190.0,1618.7970890323377
S1,continuous,A,1,1004,42,takeoff,28446.241958499442,28476.241958499442,30.0,104.19648050005708
S1,continuous,A,3,1004,42,landing,30683.991335241506,30873.991335241506,190.0,2182.409511388374
S1,continuous,A,5,1005,29,takeoff,31368.81017990007,31398.81017990007,30.0,2948.839964565381
S1,continuous,A,6,1005,29,landing,31446.483392268925,31636.483392268925,190.0,0.0
S1,continuous,A,1,1006,21,takeoff,28877.979000105184,28907.979000105184,30.0,416.43791780238826
S1,continuous,A,6,1006,21,landing,29846.880107245506,30036.880107245506,190.0,923.4035841458281
S1,continuous,A,0,1007,36,takeoff,29837.8820437666,29867.8820437666,30.0,1340.0
S1,continuous,A,6,1007,36,landing,30036.880107245506,30226.880107245506,190.0,130.0
S1,continuous,A,1,1008,65,takeoff,28907.979000105184,28937.979000105184,30.0,403.38214241963215
S1,continuous,A,4,1008,65,landing,29267.673019099453,29457.673019099453,190.0,299.1369020894126
S1,continuous,A,5,1009,18,takeoff,31398.81017990007,31428.81017990007,30.0,2888.382350950342
S1,continuous,A,0,1009,18,landing,31472.724267338042,31662.724267338042,190.0,0.0
S1,continuous,A,4,1010,2,takeoff,29021.541082302796,29051.541082302796,30.0,437.54974706128996
S1,continuous,A,2,1010,2,landing,30997.19253085041,31187.19253085041,190.0,1870.4848882790757
S1,continuous,A,7,1011,66,takeoff,28964.392266233743,28994.392266233743,30.0,372.3467882343575
S1,continuous,A,2,1011,66,landing,31187.19253085041,31377.19253085041,190.0,2158.1937510498065
S1,continuous,A,6,1012,71,takeoff,29609.71869036824,29639.71869036824,30.0,1015.3264241344987
S1,continuous,A,2,1012,71,landing,31627.19253085041,31817.19253085041,190.0,1927.9314540972082
S1,continuous,A,6,1013,57,takeoff,30226.880107245506,30256.880107245506,30.0,1616.9098919108183
S1,continuous,A,5,1013,57,landing,31428.81017990007,31618.81017990007,190.0,1124.2568602857064
S1,continuous,A,3,1014,40,takeoff,29323.991335241506,29353.991335241506,30.0,672.45025293871
S1,continuous,A,5,1014,40,landing,31618.81017990007,31808.81017990007,190.0,2212.5470631688695
S1,continuous,A,4,1015,26,takeoff,29457.673019099453,29487.673019099453,30.0,769.7909753328531
S1,continuous,A,3,1015,26,landing,30873.991335241506,31063.991335241506,190.0,1322.6366322841059
S1,continuous,A,5,1016,64,takeoff,31808.81017990007,31838.81017990007,30.0,3114.2133222145167
S1,continuous,A,4,1016,64,landing,31894.183501973977,32084.183501973977,190.0,0.0
S1,continuous,A,7,1017,37,takeoff,28994.392266233743,29024.392266233743,30.0,263.96443728401573
S1,continuous,A,1,1017,37,landing,29757.979000105184,29947.979000105184,190.0,737.3713672874328
S1,continuous,A,6,1018,25,takeoff,30256.880107245506,30286.880107245506,30.0,1472.4878410117635
S1,continuous,A,3,1018,25,landing,31063.991335241506,31253.991335241506,190.0,721.8871971215194
S1,continuous,A,7,1019,38,takeoff,29024.392266233743,29054.392266233743,30.0,220.40093099223668
S1,continuous,A,2,1019,38,landing,31817.19253085041,32007.19253085041,190.0,2728.1937510498065
S1,continuous,A,1,1020,49,takeoff,28937.979000105184,28967.979000105184,30.0,125.93352210579906
S1,continuous,A,4,1020,49,landing,30044.183501973977,30234.183501973977,190.0,1045.647384963937
S1,continuous,A,6,1021,51,takeoff,30286.880107245506,30316.880107245506,30.0,1445.3390249427102
S1,continuous,A,2,1021,51,landing,32007.19253085041,32197.19253085041,190.0,1630.7700372199433
S1,continuous,A,2,1022,58,takeoff,31377.19253085041,31407.19253085041,30.0,2517.473840482169
S1,continuous,A,4,1022,58,landing,31482.35909111895,31672.35909111895,190.0,0.0
S1,continuous,A,3,1023,13,takeoff,29353.991335241506,29383.991335241506,30.0,476.10929147490606
S1,continuous,A,0,1023,13,landing,29867.8820437666,30057.8820437666,190.0,438.0366249896033
S1,continuous,A,6,1024,4,takeoff,30316.880107245506,30346.880107245506,30.0,1312.2832495599541
S1,continuous,A,1,1024,4,landing,30365.759772659632,30555.759772659632,190.0,0.0
S1,continuous,A,6,1025,54,takeoff,30346.880107245506,30376.880107245506,30.0,1336.4522782957793
S1,continuous,A,7,1025,54,landing,30711.156968134426,30901.156968134426,190.0,312.96152759657707
S1,continuous,A,1,1026,55,takeoff,29947.979000105184,29977.979000105184,30.0,929.1688202051155
S1,continuous,A,7,1026,55,landing,30015.03434251659,30205.03434251659,190.0,44.22211824702754
S1,continuous,A,2,1027,19,takeoff,31407.19253085041,31437.19253085041,30.0,2383.2011956089045
S1,continuous,A,3,1027,19,landing,31510.75603714219,31700.75603714219,190.0,0.0
S1,continuous,A,7,1028,67,takeoff,29054.392266233743,29084.392266233743,30.0,4.673575865501334
S1,continuous,A,0,1028,67,landing,30057.8820437666,30247.8820437666,190.0,957.3742011304712
S1,continuous,A,3,1029,70,takeoff,29793.73612730209,29823.73612730209,30.0,706.0631082026375
S1,continuous,A,6,1029,70,landing,31186.73491723537,31376.73491723537,190.0,1307.7747590588006
S1,continuous,A,4,1030,7,takeoff,29487.673019099453,29517.673019099453,30.0,329.7909753328531
S1,continuous,A,7,1030,7,landing,30205.03434251659,30395.03434251659,190.0,651.5437556441284
S1,continuous,A,7,1031,60,takeoff,29194.596857685552,29224.596857685552,30.0,0.0
S1,continuous,A,1,1031,60,landing,29977.979000105184,30167.979000105184,190.0,757.1667758356234
S1,continuous,A,0,1032,17,takeoff,30247.8820437666,30277.8820437666,30.0,1039.0718638665312
S1,continuous,A,7,1032,17,landing,31191.799044417272,31381.799044417272,190.0,897.8014242482859
S1,continuous,A,1,1033,5,takeoff,30167.979000105184,30197.979000105184,30.0,928.2603097369429
S1,continuous,A,3,1033,5,landing,31253.991335241506,31443.991335241506,190.0,1030.672469782632
S1,continuous,A,1,1034,39,takeoff,30197.979000105184,30227.979000105184,30.0,937.5511711554573
S1,continuous,A,5,1034,39,landing,31838.81017990007,32028.81017990007,190.0,1589.0232454579673
S1,continuous,A,4,1035,15,takeoff,29517.673019099453,29547.673019099453,30.0,252.63867658286472
S1,continuous,A,1,1035,15,landing,30794.000256656618,30984.000256656618,190.0,1212.3879782326767
S1,continuous,A,7,1036,65,takeoff,30395.03434251659,30425.03434251659,30.0,1117.3613234171353
S1,continuous,A,1,1036,65,landing,30984.000256656618,31174.000256656618,190.0,562.750547556021
S1,continuous,A,0,1037,30,takeoff,30277.8820437666,30307.8820437666,30.0,900.0
S1,continuous,A,7,1037,30,landing,31381.799044417272,31571.799044417272,190.0,1057.801424248286
S1,continuous,A,2,1038,63,takeoff,32197.19253085041,32227.19253085041,30.0,2812.5956731648585
S1,continuous,A,6,1038,63,landing,32286.73491723537,32476.73491723537,190.0,0.0
S1,continuous,A,0,1039,48,takeoff,30307.8820437666,30337.8820437666,30.0,909.0718638665312
S1,continuous,A,2,1039,48,landing,32227.19253085041,32417.19253085041,190.0,1841.8562722669376
S1,continuous,A,6,1040,8,takeoff,30376.880107245506,30406.880107245506,30.0,953.1439799434156
S1,continuous,A,0,1040,8,landing,30877.8820437666,31067.8820437666,190.0,432.0038730421875
S1,continuous,A,0,1041,47,takeoff,30337.8820437666,30367.8820437666,30.0,908.1633533983586
S1,continuous,A,3,1041,47,landing,31700.75603714219,31890.75603714219,190.0,1287.019909840099
S1,continuous,A,2,1042,72,takeoff,32417.19253085041,32447.19253085041,30.0,2966.7647019006836
S1,continuous,A,6,1042,72,landing,32506.73491723537,32696.73491723537,190.0,0.0
S1,continuous,A,1,1043,62,takeoff,30227.979000105184,30257.979000105184,30.0,772.9446575885959
S1,continuous,A,7,1043,62,landing,31571.799044417272,31761.799044417272,190.0,1320.9868201477111
S1,continuous,A,2,1044,59,takeoff,32447.19253085041,32477.19253085041,30.0,2872.5956731648585
S1,continuous,A,0,1044,59,landing,32524.646745667284,32714.646745667284,190.0,0.0
S1,continuous,A,2,1045,27,takeoff,32477.19253085041,32507.19253085041,30.0,2888.382350950342
S1,continuous,A,7,1045,27,landing,32541.799044417272,32731.799044417272,190.0,0.0
S1,continuous,A,6,1046,28,takeoff,30406.880107245506,30436.880107245506,30.0,793.1439799434156
S1,continuous,A,0,1046,28,landing,31067.8820437666,31257.8820437666,190.0,592.0038730421875
S1,continuous,A,6,1047,22,takeoff,30436.880107245506,30466.880107245506,30.0,796.4522782957793
S1,continuous,A,5,1047,22,landing,32028.81017990007,32218.81017990007,190.0,1514.2568602857064
S1,continuous,A,1,1048,10,takeoff,30257.979000105184,30287.979000105184,30.0,612.9446575885959
S1,continuous,A,4,1048,10,landing,30674.183501973977,30864.183501973977,190.0,355.64738496393693
S1,continuous,A,2,1049,45,takeoff,32507.19253085041,32537.19253085041,30.0,2855.6514485476146
S1,continuous,A,5,1049,45,landing,32605.574881800752,32795.574881800756,190.00000000000364,0.0
S1,continuous,A,2,1050,9,takeoff,32537.19253085041,32567.19253085041,30.0,2879.3104870838106
S1,continuous,A,1,1050,9,landing,32594.743702005868,32784.74370200587,190.00000000000364,0.0
S1,continuous,A,4,1051,50,takeoff,30234.183501973977,30264.183501973977,30.0,567.3033947284712
S1,continuous,A,5,1051,50,landing,32218.81017990007,32408.81017990007,190.0,1899.2533558521827
S1,continuous,A,7,1052,37,takeoff,30425.03434251659,30455.03434251659,30.0,660.4374848310363
S1,continuous,A,2,1052,37,landing,32567.19253085041,32757.19253085041,190.0,2077.551674766961
S1,continuous,A,0,1053,73,takeoff,30367.8820437666,30397.8820437666,30.0,537.454214816873
S1,continuous,A,1,1053,73,landing,31174.000256656618,31364.000256656618,190.0,775.8358198279348
S1,continuous,A,6,1054,6,takeoff,30466.880107245506,30496.880107245506,30.0,631.8457647289179
S1,continuous,A,4,1054,6,landing,30864.183501973977,31054.183501973977,190.0,315.16344518377446
S1,continuous,A,6,1055,33,takeoff,30496.880107245506,30526.880107245506,30.0,658.0699273454375
S1,continuous,A,2,1055,33,landing,32757.19253085041,32947.192530850414,190.00000000000364,2170.7700372199433
S1,continuous,A,5,1056,21,takeoff,32408.81017990007,32438.81017990007,30.0,2551.9300726545625
S1,continuous,A,7,1056,21,landing,32731.799044417272,32921.799044417276,190.00000000000364,260.64207628284566
S1,continuous,A,7,1057,11,takeoff,30455.03434251659,30485.03434251659,30.0,590.850840542611
S1,continuous,A,6,1057,11,landing,31636.483392268925,31826.483392268925,190.0,1130.1337164599936
S1,continuous,A,2,1058,13,takeoff,32947.192530850414,32977.192530850414,30.0,3069.310487083814
S1,continuous,A,7,1058,13,landing,33011.79904441728,33201.79904441728,190.0,0.0
S1,continuous,A,3,1059,44,takeoff,30261.081961389762,30291.081961389762,30.0,370.0
S1,continuous,A,0,1059,44,landing,31257.8820437666,31447.8820437666,190.0,920.9459988413473
S1,continuous,A,7,1060,60,takeoff,30485.03434251659,30515.03434251659,30.0,500.4374848310363
S1,continuous,A,4,1060,60,landing,31054.183501973977,31244.183501973977,190.0,503.33159168438215
S1,continuous,A,5,1061,12,takeoff,32438.81017990007,32468.81017990007,30.0,2418.382350950342
S1,continuous,A,6,1061,12,landing,32696.73491723537,32886.73491723537,190.0,180.2515249664466
S1,continuous,A,5,1062,55,takeoff,32468.81017990007,32498.81017990007,30.0,2443.7758373834804
S1,continuous,A,3,1062,55,landing,32551.081961389762,32741.081961389762,190.0,0.0
S1,continuous,A,0,1063,52,takeoff,30397.8820437666,30427.8820437666,30.0,369.0718638665312
S1,continuous,A,2,1063,52,landing,32977.192530850414,33167.192530850414,190.0,2501.8562722669412
S1,continuous,A,0,1064,36,takeoff,30427.8820437666,30457.8820437666,30.0,381.00193652109374
S1,continuous,A,1,1064,36,landing,31364.000256656618,31554.000256656618,190.0,905.8358198279348
S1,continuous,A,1,1065,49,takeoff,30287.979000105184,30317.979000105184,30.0,233.79549813120684
S1,continuous,A,0,1065,49,landing,31662.724267338042,31852.724267338042,190.0,1347.8450165904069
S1,continuous,A,1,1066,67,takeoff,30317.979000105184,30347.979000105184,30.0,250.09695633858428
S1,continuous,A,5,1066,67,landing,32795.574881800756,32985.574881800756,190.0,2425.7879473586545
S1,continuous,A,2,1067,68,takeoff,33167.192530850414,33197.192530850414,30.0,3086.110569460652
S1,continuous,A,4,1067,68,landing,33272.35909111895,33462.35909111895,190.0,0.0
S1,continuous,A,1,1068,7,takeoff,30555.759772659632,30585.759772659632,30.0,340.7254301430439
S1,continuous,A,7,1068,7,landing,31761.799044417272,31951.799044417272,190.0,1183.206047593263
S1,continuous,A,0,1069,43,takeoff,30457.8820437666,30487.8820437666,30.0,239.0718638665312
S1,continuous,A,3,1069,43,landing,31890.75603714219,32080.75603714219,190.0,1357.019909840099
S1,continuous,A,6,1070,41,takeoff,30919.970215334688,30949.970215334688,30.0,679.542386384961
S1,continuous,A,4,1070,41,landing,31244.183501973977,31434.183501973977,190.0,242.07333709459272
S1,continuous,A,7,1071,14,takeoff,30901.156968134426,30931.156968134426,30.0,587.1656328929203
S1,continuous,A,3,1071,14,landing,32080.75603714219,32270.75603714219,190.0,1110.3783133601428
S1,continuous,A,7,1072,4,takeoff,30931.156968134426,30961.156968134426,30.0,558.7793378944261
S1,continuous,A,0,1072,4,landing,31852.724267338042,32042.724267338042,190.0,875.4517228012301
S1,continuous,A,2,1073,20,takeoff,33197.192530850414,33227.192530850414,30.0,2703.009028876437
S1,continuous,A,6,1073,20,landing,33286.73491723538,33476.73491723538,190.0,0.0
S1,continuous,A,1,1074,56,takeoff,31554.000256656618,31584.000256656618,30.0,1050.0089214151121
S1,continuous,A,7,1074,56,landing,31951.799044417272,32141.799044417272,190.0,374.9655635962772
S1,continuous,A,2,1075,61,takeoff,33227.192530850414,33257.192530850414,30.0,2719.310487083814
S1,continuous,A,5,1075,61,landing,33325.57488180075,33515.57488180075,190.0,0.0
S1,continuous,A,2,1076,0,takeoff,33257.192530850414,33287.192530850414,30.0,2726.035562715988
S1,continuous,A,6,1076,0,landing,33476.73491723538,33666.73491723538,190.0,130.0
S1,continuous,A,0,1077,32,takeoff,32042.724267338042,32072.724267338042,30.0,1505.5317364876319
S1,continuous,A,2,1077,32,landing,33287.192530850414,33477.192530850414,190.0,1167.0140486954988
S1,continuous,A,6,1078,46,takeoff,30949.970215334688,30979.970215334688,30.0,400.0
S1,continuous,A,0,1078,46,landing,32072.724267338042,32262.724267338042,190.0,1053.7559885244482
S1,continuous,A,1,1079,23,takeoff,31584.000256656618,31614.000256656618,30.0,995.1900767565494
S1,continuous,A,6,1079,23,landing,31826.483392268925,32016.483392268925,190.0,196.98561261781288
