scenario_id,sweep,model,flight_id,aircraft_id,planned_start_time,start_time,cruise_arrival_time,descent_start_time,end_time,delay_s,takeoff_pad_delay_s,landing_pad_delay_s,pad_delay_s,takeoff_pad_start_s,takeoff_pad_end_s,landing_pad_start_s,landing_pad_end_s,cruise_altitude,distance_m,detour_distance_m,building_risks,building_collisions,path_changes,altitude_changes
S2,continuous,C,0,19,0.0,0.0,73.86315104207944,73.86315104207944,96.42675369182186,0.0,0.0,0.0,0.0,0.0,30.0,86.42675369182186,276.4267536918219,300.0,2004.2553866050148,0.0,2,2,0,0
S2,continuous,C,1,54,10.0,10.0,63.89033708345087,63.89033708345087,90.54651472264908,0.0,0.0,0.0,0.0,10.0,40.0,80.54651472264908,270.5465147226491,300.0,1519.755956708848,0.0,1,1,0,0
S2,continuous,C,2,81,20.0,20.0,54.42441084012576,54.42441084012576,98.5001765922013,0.0,0.0,0.0,0.0,20.0,50.0,88.5001765922013,278.5001765922013,300.0,1123.9173880346457,0.0,1,1,0,0
S2,continuous,C,3,51,30.0,30.0,60.91836666213182,60.91836666213182,75.46039004796589,0.0,0.0,0.0,0.0,30.0,60.0,65.46039004796589,255.4603900479659,300.0,490.13693998740246,0.0,0,0,0,0
S2,continuous,C,4,30,40.0,270.5465147226491,309.6397303755022,309.6397303755022,318.171685158769,230.54651472264908,230.54651472264908,0.0,230.54651472264908,270.5465147226491,300.5465147226491,309.6397303755022,499.6397303755022,300.0,1005.0765296893172,0.0,2,2,0,0
S2,continuous,C,5,59,50.0,50.0,77.75752778585289,77.75752778585289,99.38047010525213,0.0,0.0,0.0,0.0,50.0,80.0,89.38047010525213,279.38047010525213,300.0,1432.4793523524056,0.0,4,4,0,0
S2,continuous,C,6,34,60.0,80.0,115.10384002992704,115.10384002992704,164.28393780477558,20.0,20.0,0.0,20.0,80.0,110.0,154.28393780477558,344.2839378047756,300.0,2060.019279234596,0.0,2,2,0,0
S2,continuous,C,7,11,70.0,70.0,130.47990329411903,250.91836666213183,265.4603900479659,0.0,0.0,120.4384633680128,120.4384633680128,70.0,100.0,255.4603900479659,445.4603900479659,300.0,1558.9234728874594,0.0,2,2,0,0
S2,continuous,C,8,9,80.0,300.5465147226491,345.31658506069493,345.31658506069493,381.0930294452982,220.54651472264908,220.54651472264908,0.0,220.54651472264908,300.5465147226491,330.5465147226491,371.0930294452982,561.0930294452983,300.0,1519.755956708848,0.0,1,1,0,0
S2,continuous,C,9,14,90.0,110.0,150.96899279692164,293.89033708345085,340.546514722649,20.0,20.0,142.92134428652923,162.92134428652923,110.0,140.0,330.5465147226491,520.5465147226491,400.0,1205.0765296893173,0.0,0,0,0,1
S2,continuous,C,10,46,100.0,445.4603900479659,461.5801330299986,461.5801330299986,514.3842326085085,345.4603900479659,345.4603900479659,0.0,345.4603900479659,445.4603900479659,475.4603900479659,504.3842326085085,694.3842326085085,300.0,441.9119212349611,0.0,0,0,0,0
S2,continuous,C,11,58,110.0,278.5001765922013,335.42616112648,499.6397303755022,508.171685158769,168.50017659220129,168.50017659220129,164.2135692490222,332.7137458412235,278.5001765922013,308.5001765922013,499.6397303755022,689.6397303755023,300.0,1119.7198548235888,0.0,1,1,0,0
S2,continuous,C,12,87,120.0,240.0,305.54492398964163,305.54492398964163,308.21237108552475,120.0,0.0,0.0,0.0,240.0,270.0,305.54492398964163,495.54492398964163,300.0,1126.7460274474124,0.0,0,0,0,0
S2,continuous,C,13,2,130.0,276.4267536918219,311.06498585646835,495.54492398964163,498.21237108552475,146.4267536918219,146.4267536918219,184.47993813317328,330.90669182499516,276.4267536918219,306.4267536918219,495.54492398964163,685.5449239896416,300.0,931.1305497217344,0.0,0,0,0,0
S2,continuous,C,14,56,140.0,270.0,335.4917589824247,335.4917589824247,357.1147013018239,130.0,10.0,0.0,10.0,270.0,300.0,347.1147013018239,537.114701301824,300.0,1217.9791697505295,0.0,1,1,0,0
S2,continuous,C,15,38,150.0,150.0,216.73225457232581,515.4917589824247,547.114701301824,0.0,0.0,298.7595044100989,298.7595044100989,150.0,180.0,537.114701301824,727.114701301824,350.0,1444.4848194357353,0.0,0,0,0,1
S2,continuous,C,16,81,160.0,300.0,385.49175898242464,695.4917589824247,737.114701301824,140.0,80.0,310.0000000000001,390.0000000000001,300.0,330.0,727.114701301824,917.114701301824,400.0,1417.9791697505295,0.0,0,0,0,1
S2,continuous,C,17,82,170.0,344.2839378047756,408.3959336306891,503.89033708345096,530.5465147226491,174.28393780477558,174.28393780477558,95.49440345276184,269.7783412575374,344.2839378047756,374.2839378047756,520.5465147226491,710.5465147226491,300.0,1374.641247141233,0.0,3,3,0,0
S2,continuous,C,18,65,180.0,374.2839378047756,445.5009684000224,535.3165850606949,571.0930294452982,194.28393780477558,194.28393780477558,89.81561666067262,284.0995544654482,374.2839378047756,404.2839378047756,561.0930294452983,751.0930294452983,300.0,1893.911565490476,0.0,2,2,0,0
S2,continuous,C,19,44,190.0,689.6397303755023,709.7475980905768,709.7475980905768,724.289621476411,499.63973037550227,379.63973037550227,0.0,379.63973037550227,689.6397303755023,719.6397303755023,714.289621476411,904.289621476411,300.0,887.097419632689,0.0,1,1,0,0
S2,continuous,C,20,8,200.0,500.0,546.825413037639,715.316585060695,761.0930294452983,300.0,0.0,168.49117202305604,168.49117202305604,500.0,530.0,751.0930294452983,941.0930294452983,350.0,1837.151648972516,0.0,0,0,0,1
S2,continuous,C,21,88,210.0,530.0,557.9410366922228,685.5449239896416,688.2123710855246,320.0,320.0,127.60388729741874,447.60388729741874,530.0,560.0,685.5449239896416,875.5449239896416,300.0,979.3149061678332,0.0,1,1,0,0
S2,continuous,C,22,97,220.0,308.5001765922013,399.3139549208952,399.3139549208952,478.49405269574373,88.50017659220129,88.50017659220129,0.0,88.50017659220129,308.5001765922013,338.5001765922013,468.49405269574373,658.4940526957437,450.0,1882.1468227425091,0.0,0,0,0,1
S2,continuous,C,23,35,230.0,710.5465147226491,742.2622178593584,742.2622178593584,795.0663174378683,480.54651472264914,480.54651472264914,0.0,480.54651472264914,710.5465147226491,740.5465147226491,785.0663174378683,975.0663174378683,300.0,734.6030859226134,0.0,0,0,0,0
S2,continuous,C,24,63,240.0,330.0,425.96987994581326,895.3165850606949,951.0930294452982,90.0,90.0,469.34670511488173,559.3467051148817,330.0,360.0,941.0930294452983,1131.0930294452983,400.0,2187.288077635793,0.0,0,0,0,1
S2,continuous,C,25,77,250.0,250.0,309.26702060125444,309.26702060125444,350.549942714492,0.0,0.0,0.0,0.0,250.0,280.0,340.549942714492,530.549942714492,300.0,961.8484557954962,0.0,0,0,0,0
S2,continuous,C,26,43,260.0,740.5465147226491,774.9401450236832,905.4917589824247,927.114701301824,480.54651472264914,480.54651472264914,130.55161395874154,611.0981286813907,740.5465147226491,770.5465147226491,917.114701301824,1107.114701301824,300.0,757.2257772487103,0.0,2,2,0,0
S2,continuous,C,27,52,270.0,306.4267536918219,383.67340960879517,589.3139549208952,668.4940526957437,36.42675369182189,36.42675369182189,205.64054531209996,242.06729900392185,306.4267536918219,336.4267536918219,658.4940526957437,848.4940526957437,450.0,2304.255386605015,0.0,0,0,0,1
S2,continuous,C,28,94,280.0,770.5465147226491,845.3165850606949,1075.3165850606952,1141.0930294452985,490.54651472264914,490.54651472264914,230.0000000000001,720.5465147226492,770.5465147226491,800.5465147226491,1131.0930294452983,1321.0930294452983,450.0,1819.755956708848,0.0,0,0,0,1
S2,continuous,C,29,95,290.0,530.549942714492,589.255392841716,872.8774768937585,885.5449239896416,240.54994271449198,180.54994271449198,283.6220840520425,464.1720267665345,530.549942714492,560.549942714492,875.5449239896416,1065.5449239896416,350.0,814.5870469780347,0.0,0,0,0,1
S2,continuous,C,30,5,300.0,300.0,393.887601632688,902.2622178593583,985.0663174378682,0.0,0.0,508.37461622667035,508.37461622667035,300.0,330.0,975.0663174378683,1165.0663174378683,450.0,1627.4930785507627,0.0,0,0,0,1
S2,continuous,C,31,57,310.0,560.0,596.1179363176419,711.1077755922355,729.6397303755023,250.0,250.0,114.98983927459358,364.9898392745936,560.0,590.0,719.6397303755023,909.6397303755023,350.0,987.097419632689,0.0,0,0,0,1
S2,continuous,C,32,99,320.0,560.549942714492,629.255392841716,1052.8774768937585,1075.5449239896416,240.54994271449198,240.54994271449198,423.6220840520425,664.1720267665345,560.549942714492,590.549942714492,1065.5449239896416,1255.5449239896416,400.0,914.5870469780347,0.0,0,0,0,1
S2,continuous,C,33,11,330.0,1255.5449239896416,1269.3146215768097,1269.3146215768097,1295.970799216008,925.5449239896416,925.5449239896416,0.0,925.5449239896416,1255.5449239896416,1285.5449239896416,1285.970799216008,1475.970799216008,300.0,886.7681564277509,0.0,1,1,0,0
S2,continuous,C,34,87,340.0,1107.114701301824,1137.9209780075128,1137.9209780075128,1189.7431541402855,767.114701301824,767.114701301824,0.0,767.114701301824,1107.114701301824,1137.114701301824,1179.7431541402855,1369.7431541402855,300.0,979.4478846801628,0.0,2,2,0,0
S2,continuous,C,35,93,350.0,350.0,420.95694873659176,1255.316585060695,1331.0930294452983,0.0,0.0,834.3596363241032,834.3596363241032,350.0,380.0,1321.0930294452983,1511.0930294452983,500.0,1251.2566409616875,0.0,0,0,0,1
S2,continuous,C,36,17,360.0,800.5465147226491,839.6397303755022,909.6397303755023,918.171685158769,440.54651472264914,440.54651472264914,70.00000000000011,510.54651472264925,800.5465147226491,830.5465147226491,909.6397303755023,1099.6397303755023,300.0,1005.0765296893172,0.0,2,2,0,0
S2,continuous,C,37,98,370.0,694.3842326085085,763.8052566219338,809.3139549208952,858.4940526957437,324.38423260850846,204.38423260850846,45.50869829896135,249.8929309074698,694.3842326085085,724.3842326085085,848.4940526957437,1038.4940526957437,300.0,1617.7159490944925,0.0,1,1,0,0
S2,continuous,C,38,12,380.0,1137.114701301824,1219.817800487733,1435.316585060695,1521.0930294452983,757.114701301824,757.114701301824,215.498784572962,972.613485874786,1137.114701301824,1167.114701301824,1511.0930294452983,1701.0930294452983,550.0,1525.6740579539971,0.0,0,0,0,1
S2,continuous,C,39,49,390.0,390.0,439.3506870920068,439.3506870920068,491.1728632247796,0.0,0.0,0.0,0.0,390.0,420.0,481.1728632247796,671.1728632247796,300.0,831.1511320863244,0.0,0,0,0,0
S2,continuous,C,40,40,400.0,590.549942714492,644.551998681111,644.551998681111,688.6277644331865,190.54994271449198,190.54994271449198,0.0,190.54994271449198,590.549942714492,620.549942714492,678.6277644331865,868.6277644331865,300.0,1274.7356962186627,0.0,0,0,0,0
S2,continuous,C,41,76,410.0,590.0,636.1179363176419,1081.1077755922356,1109.6397303755023,180.0,180.0,444.9898392745936,624.9898392745936,590.0,620.0,1099.6397303755023,1289.6397303755023,400.0,1087.097419632689,0.0,0,0,0,1
S2,continuous,C,42,91,420.0,620.0,646.5939964256426,646.5939964256426,698.4161725584153,200.0,200.0,0.0,200.0,620.0,650.0,688.4161725584153,878.4161725584153,300.0,1135.2858669135971,0.0,1,1,0,0
S2,continuous,C,43,33,430.0,1701.0930294452983,1751.1904710671558,1751.1904710671558,1803.0126471999286,1271.0930294452983,1271.0930294452983,0.0,1271.0930294452983,1701.0930294452983,1731.0930294452983,1793.0126471999286,1983.0126471999286,300.0,1392.7262517371585,0.0,0,0,0,0
S2,continuous,C,44,83,440.0,440.0,497.6801761900594,793.890337083451,840.5465147226491,0.0,0.0,296.2101608933915,296.2101608933915,440.0,470.0,830.5465147226491,1020.5465147226491,400.0,1453.8704707991697,0.0,0,0,0,1
S2,continuous,C,45,68,450.0,1731.0930294452983,1775.262819916751,1775.262819916751,1797.8264225664934,1281.0930294452983,1281.0930294452983,0.0,1281.0930294452983,1731.0930294452983,1761.0930294452983,1787.8264225664934,1977.8264225664934,300.0,851.2566409616875,0.0,1,1,0,0
S2,continuous,C,46,85,460.0,878.4161725584153,937.6831931596696,937.6831931596696,978.9661152729071,418.41617255841527,418.41617255841527,0.0,418.41617255841527,878.4161725584153,908.4161725584153,968.9661152729071,1158.9661152729072,300.0,961.8484557954962,0.0,0,0,0,0
S2,continuous,C,47,23,470.0,724.3842326085085,785.0926407830425,834.551998681111,878.6277644331865,254.38423260850846,194.38423260850846,49.45935789806845,243.8435905065769,724.3842326085085,754.3842326085085,868.6277644331865,1058.6277644331865,300.0,1011.3532330545418,0.0,2,2,0,0
S2,continuous,C,48,45,480.0,650.0,683.7390045667156,683.7390045667156,725.0219266799531,170.0,170.0,0.0,170.0,650.0,680.0,715.0219266799531,905.0219266799531,300.0,1558.9234728874594,0.0,2,2,0,0
S2,continuous,C,49,25,490.0,1285.5449239896416,1300.2870006004287,1300.2870006004287,1322.8506032501712,795.5449239896416,795.5449239896416,0.0,795.5449239896416,1285.5449239896416,1315.5449239896416,1312.8506032501712,1502.8506032501712,300.0,931.1305497217344,0.0,0,0,0,0
S2,continuous,C,50,80,500.0,1315.5449239896416,1327.3490348438504,1327.3490348438504,1335.880989627117,815.5449239896416,815.5449239896416,0.0,815.5449239896416,1315.5449239896416,1345.5449239896416,1327.3490348438504,1517.3490348438504,300.0,665.1079266174719,0.0,1,1,0,0
S2,continuous,C,51,61,510.0,510.0,587.6801761900593,963.890337083451,1030.5465147226491,0.0,0.0,376.2101608933916,376.2101608933916,510.0,540.0,1020.5465147226491,1210.5465147226491,500.0,1653.8704707991692,0.0,0,0,0,1
S2,continuous,C,52,62,520.0,620.549942714492,684.551998681111,1014.551998681111,1068.6277644331865,100.54994271449198,100.54994271449198,330.0,430.549942714492,620.549942714492,650.549942714492,1058.6277644331865,1248.6277644331865,350.0,1374.7356962186627,0.0,0,0,0,1
S2,continuous,C,53,32,530.0,1165.0663174378683,1236.8256671836807,1236.8256671836807,1278.1085892969181,635.0663174378683,395.0663174378683,0.0,395.0663174378683,1165.0663174378683,1195.0663174378683,1268.1085892969181,1458.1085892969181,300.0,1734.1184529455659,0.0,2,2,0,0
S2,continuous,C,54,69,540.0,1167.114701301824,1199.9962362249607,1490.2870006004287,1512.8506032501712,627.114701301824,627.114701301824,290.2907643754679,917.4054656772919,1167.114701301824,1197.114701301824,1502.8506032501712,1692.8506032501712,300.0,971.5055650948814,0.0,0,0,0,0
S2,continuous,C,55,54,550.0,1197.114701301824,1239.9962362249607,1955.262819916751,1987.8264225664934,647.114701301824,647.114701301824,715.2665836917902,1362.3812849936141,1197.114701301824,1227.114701301824,1977.8264225664934,2167.8264225664934,350.0,1071.5055650948814,0.0,0,0,0,1
S2,continuous,C,56,58,560.0,1289.6397303755023,1317.3083489170947,1342.8774768937585,1355.5449239896416,729.6397303755023,729.6397303755023,25.56912797666382,755.2088583521661,1289.6397303755023,1319.6397303755023,1345.5449239896416,1535.5449239896416,350.0,765.1079266174719,0.0,0,0,0,1
S2,continuous,C,57,41,570.0,570.0,640.8137783286938,989.3139549208952,1048.4940526957437,0.0,0.0,348.50017659220134,348.50017659220134,570.0,600.0,1038.4940526957437,1228.4940526957437,350.0,1682.1468227425091,0.0,0,0,0,1
S2,continuous,C,58,70,580.0,600.0,661.9800743480997,1142.2622178593583,1205.0663174378683,20.0,20.0,480.2821435112587,500.2821435112587,600.0,630.0,1195.0663174378683,1385.0663174378683,350.0,1111.3532330545418,0.0,0,0,0,1
S2,continuous,C,59,15,590.0,1517.3490348438504,1535.9898974227738,1535.9898974227738,1588.7939970012837,927.3490348438504,927.3490348438504,0.0,927.3490348438504,1517.3490348438504,1547.3490348438504,1578.7939970012837,1768.7939970012837,300.0,980.607458185995,0.0,1,1,0,0
S2,continuous,C,60,48,600.0,908.4161725584153,977.6831931596696,1416.8256671836807,1468.1085892969181,308.41617255841527,308.41617255841527,439.142474024011,747.5586465824263,908.4161725584153,938.4161725584153,1458.1085892969181,1648.1085892969181,350.0,1061.8484557954962,0.0,0,0,0,1
S2,continuous,C,61,9,610.0,650.549942714492,750.788114995032,1302.2622178593583,1395.0663174378683,40.549942714491976,40.549942714491976,551.4741028643265,592.0240455788185,650.549942714492,680.549942714492,1385.0663174378683,1575.0663174378683,500.0,2134.118452945566,0.0,0,0,0,1
S2,continuous,C,62,27,620.0,1761.0930294452983,1816.3229940177225,1816.3229940177225,1818.9904411136056,1141.0930294452983,1141.0930294452983,0.0,1141.0930294452983,1761.0930294452983,1791.0930294452983,1816.3229940177225,2006.3229940177225,300.0,1489.1208032571615,0.0,0,0,0,0
S2,continuous,C,63,22,630.0,1248.6277644331865,1309.4415427618803,1309.4415427618803,1358.6216405367288,618.6277644331865,558.6277644331865,0.0,558.6277644331865,1248.6277644331865,1278.6277644331865,1348.6216405367288,1538.6216405367288,300.0,1582.1468227425091,0.0,3,3,0,0
S2,continuous,C,64,97,640.0,680.549942714492,770.4537154433364,1479.4415427618803,1548.6216405367288,40.549942714491976,40.549942714491976,708.987827318544,749.5377700330359,680.549942714492,710.549942714492,1538.6216405367288,1728.6216405367288,400.0,2560.3718071475523,0.0,0,0,0,1
S2,continuous,C,65,31,650.0,650.0,727.2466559169733,1659.4415427618803,1738.6216405367288,0.0,0.0,932.194886844907,932.194886844907,650.0,680.0,1728.6216405367288,1918.6216405367288,450.0,2304.255386605015,0.0,0,0,0,1
S2,continuous,C,66,6,660.0,1278.6277644331865,1354.5643383756453,2135.262819916751,2177.8264225664934,618.6277644331865,618.6277644331865,780.6984815411056,1399.326245974292,1278.6277644331865,1308.6277644331865,2167.8264225664934,2357.8264225664934,400.0,1323.917388034646,0.0,0,0,0,1
S2,continuous,C,67,16,670.0,1535.5449239896416,1545.6348990995111,1616.8256671836807,1658.1085892969181,865.5449239896416,865.5449239896416,71.19076808416958,936.7356920738112,1535.5449239896416,1565.5449239896416,1648.1085892969181,1838.1085892969181,300.0,714.5870469780347,0.0,0,0,0,0
S2,continuous,C,68,73,680.0,905.0219266799531,1021.9370656003725,1705.316585060695,1801.0930294452983,225.02192667995314,225.02192667995314,683.3795194603224,908.4014461402755,905.0219266799531,935.0219266799531,1791.0930294452983,1981.0930294452983,600.0,2027.444619634661,0.0,0,0,0,1
S2,continuous,C,69,96,690.0,935.0219266799531,995.5018299740722,995.5018299740722,1010.0438533599063,245.02192667995314,245.02192667995314,0.0,245.02192667995314,935.0219266799531,965.0219266799531,1000.0438533599063,1190.0438533599063,300.0,1558.9234728874594,0.0,2,2,0,0
S2,continuous,C,70,51,700.0,1981.0930294452983,2027.9496306964113,2027.9496306964113,2049.5725730158106,1281.0930294452983,1281.0930294452983,0.0,1281.0930294452983,1981.0930294452983,2011.0930294452983,2039.5725730158106,2229.5725730158106,300.0,1025.6740579539971,0.0,1,1,0,0
S2,continuous,C,71,28,710.0,1768.7939970012837,1834.2857559837084,1834.2857559837084,1855.9086983031077,1058.7939970012837,998.7939970012837,0.0,998.7939970012837,1768.7939970012837,1798.7939970012837,1845.9086983031077,2035.9086983031077,300.0,1217.9791697505295,0.0,1,1,0,0
S2,continuous,C,72,40,720.0,1210.5465147226491,1292.1345904129123,1839.4415427618803,1928.6216405367288,490.54651472264914,490.54651472264914,547.306952348968,1037.8534670716172,1210.5465147226491,1240.5465147226491,1918.6216405367288,2108.6216405367286,500.0,1774.6412471412327,0.0,0,0,0,1
S2,continuous,C,73,77,730.0,938.4161725584153,1025.7964231626231,1542.8774768937585,1575.5449239896416,208.41617255841527,208.41617255841527,517.0810537311354,725.4972262895507,938.4161725584153,968.4161725584153,1565.5449239896416,1755.5449239896416,450.0,942.986414238962,0.0,0,0,0,1
S2,continuous,C,74,53,740.0,1798.7939970012837,1870.5533467470962,1870.5533467470962,1911.8362688603336,1058.7939970012837,998.7939970012837,0.0,998.7939970012837,1798.7939970012837,1828.7939970012837,1901.8362688603336,2091.836268860334,300.0,1734.1184529455659,0.0,2,2,0,0
S2,continuous,C,75,67,750.0,1755.5449239896416,1771.6113843919134,1771.6113843919134,1786.1534077777474,1005.5449239896416,1005.5449239896416,0.0,1005.5449239896416,1755.5449239896416,1785.5449239896416,1776.1534077777474,1966.1534077777474,300.0,979.3149061678332,0.0,1,1,0,0
S2,continuous,C,76,29,760.0,1547.3490348438504,1605.9898974227738,1745.9898974227738,1838.7939970012837,787.3490348438504,787.3490348438504,140.0,927.3490348438504,1547.3490348438504,1577.3490348438504,1828.7939970012837,2018.7939970012837,500.0,1380.607458185995,0.0,0,0,0,1
S2,continuous,C,77,81,770.0,2018.7939970012837,2076.6576220773045,2076.6576220773045,2103.3137997165027,1248.7939970012837,1248.7939970012837,0.0,1248.7939970012837,2018.7939970012837,2048.793997001284,2093.3137997165027,2283.3137997165027,300.0,734.6030859226136,0.0,0,0,0,0
S2,continuous,C,78,8,780.0,2048.793997001284,2114.285755983709,2217.9496306964115,2239.5725730158106,1268.793997001284,1268.793997001284,103.66387471270264,1372.4578717139866,2048.793997001284,2078.793997001284,2229.5725730158106,2419.5725730158106,300.0,1217.9791697505295,0.0,1,1,0,0
S2,continuous,C,79,34,790.0,1785.5449239896416,1860.9531954966562,1975.989897422774,2088.793997001284,995.5449239896416,995.5449239896416,115.03670192611776,1110.5816259157593,1785.5449239896416,1815.5449239896416,2078.793997001284,2268.793997001284,600.0,1726.7460274474124,0.0,0,0,0,1
S2,continuous,C,80,4,800.0,1240.5465147226491,1302.9825508393114,2040.5533467470964,2101.836268860334,440.54651472264914,440.54651472264914,737.5707959077849,1178.117310630434,1240.5465147226491,1270.5465147226491,2091.836268860334,2281.836268860334,400.0,1591.6860639264555,0.0,0,0,0,1
S2,continuous,C,81,19,810.0,1308.6277644331865,1421.7552892975007,1953.6555469218395,2016.3229940177225,498.6277644331865,498.6277644331865,531.9002576243388,1030.5280220575253,1308.6277644331865,1338.6277644331865,2006.3229940177225,2196.3229940177225,600.0,1437.1666717223734,0.0,0,0,0,1
S2,continuous,C,82,44,820.0,2268.793997001284,2323.1758161759926,2323.1758161759926,2337.7178395618266,1448.793997001284,1448.793997001284,0.0,1448.793997001284,2268.793997001284,2298.793997001284,2327.7178395618266,2517.7178395618266,300.0,441.9119212349611,0.0,0,0,0,0
S2,continuous,C,83,59,830.0,1190.0438533599063,1216.1553983939773,1216.1553983939773,1237.7783407133766,360.0438533599063,180.04385335990628,0.0,180.04385335990628,1190.0438533599063,1220.0438533599063,1227.7783407133766,1417.7783407133766,300.0,952.1262717419622,0.0,0,0,0,0
S2,continuous,C,84,1,840.0,1417.7783407133766,1484.8506154918641,2220.5533467470964,2291.836268860334,577.7783407133766,577.7783407133766,735.7027312552323,1313.4810719686088,1417.7783407133766,1447.7783407133766,2281.836268860334,2471.836268860334,450.0,1644.4848194357353,0.0,0,0,0,1
S2,continuous,C,85,3,850.0,1158.9661152729072,1212.968171239526,1304.551998681111,1348.6277644331865,308.96611527290725,308.96611527290725,91.58382744158484,400.5499427144921,1158.9661152729072,1188.9661152729072,1338.6277644331865,1528.6277644331865,300.0,1274.7356962186627,0.0,0,0,0,0
S2,continuous,C,86,21,860.0,1228.4940526957437,1316.295001086199,2430.5533467470964,2481.836268860334,368.4940526957437,368.4940526957437,1114.2583456608975,1482.7523983566412,1228.4940526957437,1258.4940526957437,2471.836268860334,2661.836268860334,350.0,2460.3718071475523,0.0,0,0,0,1
S2,continuous,C,87,64,870.0,2298.793997001284,2363.6635220797093,2363.6635220797093,2415.485698212482,1428.793997001284,1428.793997001284,0.0,1428.793997001284,2298.793997001284,2328.793997001284,2405.485698212482,2595.485698212482,300.0,1327.4930785507627,0.0,2,2,0,0
S2,continuous,C,88,36,880.0,1220.0438533599063,1286.8692663975453,1955.316585060695,2021.0930294452983,340.0438533599063,220.04385335990628,668.4473186631496,888.4911720230559,1220.0438533599063,1250.0438533599063,2011.0930294452983,2201.0930294452983,450.0,2037.151648972516,0.0,0,0,0,1
S2,continuous,C,89,10,890.0,1188.9661152729072,1276.0288958636088,1429.3146215768097,1485.970799216008,298.96611527290725,298.96611527290725,153.28572571320092,452.25184098610816,1188.9661152729072,1218.9661152729072,1475.970799216008,1665.970799216008,450.0,1691.6860639264555,0.0,0,0,0,1
S2,continuous,C,90,2,900.0,1218.9661152729072,1327.6715654001312,2143.6555469218392,2206.3229940177225,318.96611527290725,318.96611527290725,815.9839815217083,1134.9500967946155,1218.9661152729072,1248.9661152729072,2196.3229940177225,2386.3229940177225,600.0,1314.5870469780348,0.0,0,0,0,1
S2,continuous,C,91,83,910.0,2328.793997001284,2400.5533467470964,2630.5533467470964,2671.836268860334,1418.793997001284,1418.793997001284,230.0,1648.793997001284,2328.793997001284,2358.793997001284,2661.836268860334,2851.836268860334,300.0,1734.1184529455659,0.0,2,2,0,0
S2,continuous,C,92,71,920.0,1250.0438533599063,1313.864079073909,2315.262819916751,2367.8264225664934,330.0438533599063,270.0438533599063,1001.398740842842,1271.4425942027483,1250.0438533599063,1280.0438533599063,2357.8264225664934,2547.8264225664934,450.0,1770.7416187224624,0.0,0,0,0,1
S2,continuous,C,93,42,930.0,1110.0,1161.8418049779111,1265.5018299740723,1290.0438533599063,180.0,0.0,103.66002499616116,103.66002499616116,1110.0,1140.0,1280.0438533599063,1470.0438533599063,350.0,1570.7416187224626,0.0,0,0,0,1
S2,continuous,C,94,55,940.0,1577.3490348438504,1653.0816417589442,2135.3165850606947,2211.093029445298,637.3490348438504,637.3490348438504,482.2349433017507,1119.5839781456011,1577.3490348438504,1607.3490348438504,2201.0930294452983,2391.0930294452983,500.0,2434.9188046278346,0.0,0,0,0,1
S2,continuous,C,95,78,950.0,1258.4940526957437,1334.2910749055077,2305.989897422774,2368.793997001284,308.4940526957437,308.4940526957437,971.6988225172663,1280.19287521301,1258.4940526957437,1288.4940526957437,2358.793997001284,2548.793997001284,350.0,1717.7159490944925,0.0,0,0,0,1
S2,continuous,C,96,72,960.0,2391.0930294452983,2449.1528634817064,2513.1758161759926,2527.7178395618266,1431.0930294452983,1431.0930294452983,64.02295269428623,1495.1159821395845,2391.0930294452983,2421.0930294452983,2517.7178395618266,2707.7178395618266,300.0,1737.1516489725159,0.0,2,2,0,0
S2,continuous,C,97,60,970.0,1528.6277644331865,1601.7552892975007,2373.6555469218392,2396.3229940177225,558.6277644331865,558.6277644331865,771.9002576243388,1330.5280220575253,1528.6277644331865,1558.6277644331865,2386.3229940177225,2576.3229940177225,400.0,1037.1666717223734,0.0,0,0,0,1
S2,continuous,C,98,14,980.0,1665.970799216008,1747.686502352717,2455.989897422774,2558.793997001284,685.9707992160079,685.9707992160079,708.3033950700569,1394.2741942860648,1665.970799216008,1695.970799216008,2548.793997001284,2738.793997001284,550.0,1234.6030859226134,0.0,0,0,0,1
S2,continuous,C,99,38,990.0,1695.970799216008,1741.0041294523194,1931.1904710671558,1993.0126471999286,705.9707992160079,705.9707992160079,190.18634161483646,896.1571408308444,1695.970799216008,1725.970799216008,1983.0126471999286,2173.0126471999283,350.0,1050.8686086674074,0.0,0,0,0,1
S2,continuous,C,100,85,1000.0,1838.1085892969181,1895.1713698876197,2266.6576220773045,2293.3137997165027,838.1085892969181,838.1085892969181,371.4862521896848,1209.594841486603,1838.1085892969181,1868.1085892969181,2283.3137997165027,2473.3137997165027,300.0,1391.6860639264555,0.0,0,0,0,0
S2,continuous,C,101,30,1010.0,2576.3229940177225,2598.443961301427,2598.443961301427,2634.22040568603,1566.3229940177225,1566.3229940177225,0.0,1566.3229940177225,2576.3229940177225,2606.3229940177225,2624.22040568603,2814.22040568603,300.0,1489.1208032571615,0.0,0,0,0,0
S2,continuous,C,102,56,1020.0,2108.6216405367286,2222.484791578808,2495.262819916751,2557.8264225664934,1088.6216405367286,788.6216405367286,272.77802833794294,1061.3996688746715,2108.6216405367286,2138.6216405367286,2547.8264225664934,2737.8264225664934,500.0,2404.255386605015,0.0,0,0,0,1
S2,continuous,C,103,98,1030.0,1558.6277644331865,1641.7552892975007,2583.6555469218392,2616.3229940177225,528.6277644331865,528.6277644331865,941.9002576243388,1470.5280220575253,1558.6277644331865,1588.6277644331865,2606.3229940177225,2796.3229940177225,450.0,1137.1666717223734,0.0,0,0,0,1
S2,continuous,C,104,20,1040.0,1868.1085892969181,1938.0123620257623,2099.44154276188,2148.6216405367286,828.1085892969181,828.1085892969181,161.42918073611781,989.5377700330359,1868.1085892969181,1898.1085892969181,2138.6216405367286,2328.6216405367286,300.0,2360.3718071475523,0.0,4,4,0,0
S2,continuous,C,105,61,1050.0,1050.0,1143.82219525348,1376.1553983939773,1457.7783407133766,0.0,0.0,232.3332031404973,232.3332031404973,1050.0,1080.0,1447.7783407133766,1637.7783407133766,600.0,1571.5055650948814,0.0,0,0,0,1
S2,continuous,C,106,26,1060.0,2738.793997001284,2796.657622077305,2796.657622077305,2823.313799716503,1678.793997001284,1678.793997001284,0.0,1678.793997001284,2738.793997001284,2768.793997001284,2813.313799716503,3003.313799716503,300.0,734.6030859226136,0.0,0,0,0,0
S2,continuous,C,107,91,1070.0,1725.970799216008,1820.7408695540537,2345.3165850606947,2431.093029445298,655.9707992160079,655.9707992160079,524.5757155066412,1180.5465147226491,1725.970799216008,1755.970799216008,2421.0930294452983,2611.0930294452983,550.0,2019.755956708848,0.0,0,0,0,1
S2,continuous,C,108,88,1080.0,1607.3490348438504,1648.8645383056505,2111.1904710671556,2183.0126471999283,527.3490348438504,527.3490348438504,462.3259327615051,989.6749676053555,1607.3490348438504,1637.3490348438504,2173.0126471999283,2363.0126471999283,400.0,1367.3405664824336,0.0,0,0,0,1
S2,continuous,C,109,23,1090.0,1755.970799216008,1847.743550395523,2675.262819916751,2747.8264225664934,665.9707992160079,665.9707992160079,827.5192695212279,1493.4900687372358,1755.970799216008,1785.970799216008,2737.8264225664934,2927.8264225664934,550.0,1753.8704707991694,0.0,0,0,0,1
S2,continuous,C,110,18,1100.0,1369.7431541402855,1469.01017474154,2780.5533467470964,2861.836268860334,269.74315414028547,209.74315414028547,1311.5431720055565,1521.286326145842,1369.7431541402855,1399.7431541402855,2851.836268860334,3041.836268860334,500.0,1361.8484557954962,0.0,0,0,0,1
S2,continuous,C,111,45,1110.0,1692.8506032501712,1736.1871720907468,1736.1871720907468,1744.7191268740135,582.8506032501712,402.85060325017116,0.0,402.85060325017116,1692.8506032501712,1722.8506032501712,1736.1871720907468,1926.1871720907468,300.0,1540.3421998872593,0.0,1,1,0,0
S2,continuous,C,112,47,1120.0,1588.6277644331865,1650.1253205137232,1951.6113843919134,1976.1534077777474,468.6277644331865,468.6277644331865,301.4860638781902,770.1138283113767,1588.6277644331865,1618.6277644331865,1966.1534077777474,2156.1534077777474,350.0,887.8749675869525,0.0,0,0,0,1
S2,continuous,C,113,39,1130.0,2768.793997001284,2844.7638769470973,2844.7638769470973,2880.5403213317004,1638.793997001284,1638.793997001284,0.0,1638.793997001284,2768.793997001284,2798.793997001284,2870.5403213317004,3060.5403213317004,300.0,1987.288077635793,0.0,3,3,0,0
S2,continuous,C,114,89,1140.0,2798.793997001284,2853.1758161759926,2853.1758161759926,2867.7178395618266,1658.793997001284,1658.793997001284,0.0,1658.793997001284,2798.793997001284,2828.793997001284,2857.7178395618266,3047.7178395618266,300.0,441.9119212349611,0.0,0,0,0,0
S2,continuous,C,115,94,1150.0,1637.7783407133766,1730.9708046810129,2983.1758161759926,3057.7178395618266,487.77834071337656,487.77834071337656,1252.2050114949798,1739.9833522083563,1637.7783407133766,1667.7783407133766,3047.7178395618266,3237.7178395618266,600.0,1552.1262717419622,0.0,0,0,0,1
S2,continuous,C,116,52,1160.0,1399.7431541402855,1514.5488789515916,1877.6552173074801,1936.1871720907468,239.74315414028547,239.74315414028547,363.1063383558885,602.849492496174,1399.7431541402855,1429.7431541402855,1926.1871720907468,2116.1871720907466,550.0,1667.3405664824334,0.0,0,0,0,1
S2,continuous,C,117,5,1170.0,1170.0,1260.9569487365918,2974.763876947097,3070.5403213317,0.0,0.0,1713.8069282105052,1713.8069282105052,1170.0,1200.0,3060.5403213317004,3250.5403213317004,600.0,1451.2566409616875,0.0,0,0,0,1
S2,continuous,C,118,13,1180.0,1785.970799216008,1833.7292273464911,2793.6555469218392,2806.3229940177225,605.9707992160079,605.9707992160079,959.9263195753483,1565.8971187913562,1785.970799216008,1815.970799216008,2796.3229940177225,2986.3229940177225,350.0,986.7681564277509,0.0,0,0,0,1
S2,continuous,C,119,41,1190.0,2986.3229940177225,2994.548515585041,2994.548515585041,3046.3706917178138,1796.3229940177225,1796.3229940177225,0.0,1796.3229940177225,2986.3229940177225,3016.3229940177225,3036.3706917178138,3226.3706917178138,300.0,642.986414238962,0.0,0,0,0,0
S2,continuous,C,120,43,1200.0,1200.0,1297.2466559169734,2239.44154276188,2338.6216405367286,0.0,0.0,942.1948868449067,942.1948868449067,1200.0,1230.0,2328.6216405367286,2518.6216405367286,550.0,2504.255386605015,0.0,0,0,0,1
S2,continuous,C,121,74,1210.0,2828.793997001284,2904.7638769470973,3224.7638769470973,3260.5403213317004,1618.793997001284,1618.793997001284,320.0,1938.793997001284,2828.793997001284,2858.793997001284,3250.5403213317004,3440.5403213317004,300.0,1987.288077635793,0.0,3,3,0,0
S2,continuous,C,122,63,1220.0,3041.836268860334,3098.8990494510354,3098.8990494510354,3125.5552270902335,1821.8362688603338,1821.8362688603338,0.0,1821.8362688603338,3041.836268860334,3071.836268860334,3115.5552270902335,3305.5552270902335,300.0,1391.6860639264555,0.0,0,0,0,0
S2,continuous,C,123,24,1230.0,3071.836268860334,3128.8990494510354,3288.8990494510354,3315.5552270902335,1841.8362688603338,1841.8362688603338,160.0,2001.8362688603338,3071.836268860334,3101.836268860334,3305.5552270902335,3495.5552270902335,300.0,1391.6860639264555,0.0,0,0,0,0
S2,continuous,C,124,96,1240.0,3101.836268860334,3155.838324826953,3155.838324826953,3199.914090579028,1861.8362688603338,1861.8362688603338,0.0,1861.8362688603338,3101.836268860334,3131.836268860334,3189.914090579028,3379.914090579028,300.0,1274.7356962186627,0.0,0,0,0,0
S2,continuous,C,125,95,1250.0,3131.836268860334,3180.5417189875575,3180.5417189875575,3183.209166083441,1881.8362688603338,1881.8362688603338,0.0,1881.8362688603338,3131.836268860334,3161.836268860334,3180.5417189875575,3370.5417189875575,300.0,714.5870469780347,0.0,0,0,0,0
S2,continuous,C,126,46,1260.0,1667.7783407133766,1762.0889424366906,2755.989897422774,2868.793997001284,407.77834071337656,407.77834071337656,993.9009549860834,1401.67929569946,1667.7783407133766,1697.7783407133766,2858.793997001284,3048.793997001284,600.0,1817.9791697505295,0.0,0,0,0,1
S2,continuous,C,127,50,1270.0,3161.836268860334,3210.359961263728,3210.359961263728,3232.9235639134704,1891.8362688603338,1891.8362688603338,0.0,1891.8362688603338,3161.836268860334,3191.836268860334,3222.9235639134704,3412.9235639134704,300.0,801.9506431586985,0.0,0,0,0,0
S2,continuous,C,128,37,1280.0,3016.3229940177225,3040.092691604891,3468.8990494510354,3505.5552270902335,1736.3229940177225,1736.3229940177225,428.80635784614424,2165.1293518638668,3016.3229940177225,3046.3229940177225,3495.5552270902335,3685.5552270902335,350.0,986.7681564277509,0.0,0,0,0,1
S2,continuous,C,129,70,1290.0,2518.6216405367286,2599.8386711319754,3404.7638769470973,3450.5403213317004,1228.6216405367286,1168.6216405367286,804.9252058151219,1973.5468463518505,2518.6216405367286,2548.6216405367286,3440.5403213317004,3630.5403213317004,350.0,1993.911565490476,0.0,0,0,0,1
S2,continuous,C,130,75,1300.0,3048.793997001284,3114.285755983709,3114.285755983709,3135.908698303108,1748.793997001284,1748.793997001284,0.0,1748.793997001284,3048.793997001284,3078.793997001284,3125.908698303108,3315.908698303108,300.0,1217.9791697505295,0.0,1,1,0,0
S2,continuous,C,131,66,1310.0,2548.6216405367286,2622.484791578808,2915.262819916751,2937.8264225664934,1238.6216405367286,1178.6216405367286,292.77802833794294,1471.3996688746715,2548.6216405367286,2578.6216405367286,2927.8264225664934,3117.8264225664934,300.0,2004.2553866050148,0.0,2,2,0,0
S2,continuous,C,132,0,1320.0,1637.3490348438504,1733.0816417589442,3544.763876947097,3640.5403213317,317.3490348438504,317.3490348438504,1811.6822351881528,2129.0312700320032,1637.3490348438504,1667.3490348438504,3630.5403213317004,3820.5403213317004,600.0,2634.9188046278346,0.0,0,0,0,1
S2,continuous,C,133,42,1330.0,1815.970799216008,1908.4068353326702,3110.5533467470964,3201.836268860334,485.9707992160079,485.9707992160079,1202.1465114144262,1688.117310630434,1815.970799216008,1845.970799216008,3191.836268860334,3381.836268860334,550.0,1891.6860639264555,0.0,0,0,0,1
S2,continuous,C,134,35,1340.0,1697.7783407133766,1792.896231676164,2479.44154276188,2588.6216405367286,357.77834071337656,357.77834071337656,686.5453110857161,1044.3236517990927,1697.7783407133766,1727.7783407133766,2578.6216405367286,2768.6216405367286,600.0,1853.6784433637897,0.0,0,0,0,1
S2,continuous,C,135,65,1350.0,3381.836268860334,3430.564035442053,3430.564035442053,3482.3862115748257,2031.8362688603338,2031.8362688603338,0.0,2031.8362688603338,3381.836268860334,3411.836268860334,3472.3862115748257,3662.3862115748257,300.0,961.8484557954962,0.0,0,0,0,0
S2,continuous,C,136,25,1360.0,1470.0438533599063,1556.1553983939773,2347.949630696411,2429.57257301581,110.04385335990628,110.04385335990628,791.794232302434,901.8380856623403,1470.0438533599063,1500.0438533599063,2419.5725730158106,2609.5725730158106,600.0,1552.1262717419622,0.0,0,0,0,1
S2,continuous,C,137,7,1370.0,3411.836268860334,3468.5685234326593,3468.5685234326593,3490.1914657520583,2041.8362688603338,2041.8362688603338,0.0,2041.8362688603338,3411.836268860334,3441.836268860334,3480.1914657520583,3670.1914657520583,300.0,1344.4848194357353,0.0,1,1,0,0
S2,continuous,C,138,11,1380.0,1727.7783407133766,1788.5846174190654,2523.6635220797093,2605.485698212482,347.77834071337656,347.77834071337656,735.078904660644,1082.8572453740205,1727.7783407133766,1757.7783407133766,2595.485698212482,2785.485698212482,450.0,1279.4478846801628,0.0,0,0,0,1
S2,continuous,C,139,93,1390.0,1722.8506032501712,1784.6924082280823,3213.1758161759926,3247.7178395618266,332.85060325017116,332.85060325017116,1428.4834079479103,1761.3340111980815,1722.8506032501712,1752.8506032501712,3237.7178395618266,3427.7178395618266,400.0,1670.7416187224626,0.0,0,0,0,1
S2,continuous,C,140,9,1400.0,1618.6277644331865,1735.4226640386435,3350.5533467470964,3451.836268860334,218.62776443318648,218.62776443318648,1615.130682708453,1833.7584471416394,1618.6277644331865,1648.6277644331865,3441.836268860334,3631.836268860334,600.0,1874.7356962186627,0.0,0,0,0,1
S2,continuous,C,141,90,1410.0,3046.3229940177225,3068.0422002258447,3335.838324826953,3389.914090579028,1636.3229940177225,1636.3229940177225,267.7961246011082,1904.1191186188307,3046.3229940177225,3076.3229940177225,3379.914090579028,3569.914090579028,350.0,937.1666717223733,0.0,0,0,0,1
S2,continuous,C,142,76,1420.0,3078.793997001284,3154.285755983709,3648.5685234326593,3680.1914657520583,1658.793997001284,1658.793997001284,494.2827674489504,2153.0767644502344,3078.793997001284,3108.793997001284,3670.1914657520583,3860.1914657520583,350.0,1317.9791697505295,0.0,0,0,0,1
S2,continuous,C,143,57,1430.0,2768.6216405367286,2852.733636362642,3648.8990494510354,3695.5552270902335,1338.6216405367286,1338.6216405367286,796.1654130883935,2134.787053625122,2768.6216405367286,2798.6216405367286,3685.5552270902335,3875.5552270902335,400.0,1574.641247141233,0.0,0,0,0,1
S2,continuous,C,144,62,1440.0,1757.7783407133766,1817.1387356946118,1817.1387356946118,1873.79491333381,317.77834071337656,317.77834071337656,0.0,317.77834071337656,1757.7783407133766,1787.7783407133766,1863.79491333381,2053.7949133338097,450.0,1057.2257772487105,0.0,0,0,0,1
S2,continuous,C,145,59,1450.0,3631.836268860334,3692.316172154453,3692.316172154453,3706.858195540287,2181.836268860334,2181.836268860334,0.0,2181.836268860334,3631.836268860334,3661.836268860334,3696.858195540287,3886.858195540287,300.0,1558.9234728874594,0.0,2,2,0,0
S2,continuous,C,146,58,1460.0,1460.0,1580.199328729886,2396.6576220773045,2483.3137997165027,0.0,0.0,816.4582933474185,816.4582933474185,1460.0,1490.0,2473.3137997165027,2663.3137997165027,600.0,1550.8686086674074,0.0,0,0,0,1
S2,continuous,C,147,92,1470.0,2116.1871720907466,2211.9197790058406,3734.7638769470973,3830.5403213317004,646.1871720907466,406.18717209074657,1522.8440979412567,1929.0312700320032,2116.1871720907466,2146.1871720907466,3820.5403213317004,4010.5403213317004,600.0,2634.9188046278346,0.0,0,0,0,1
S2,continuous,C,148,87,1480.0,2814.22040568603,2873.1626304379365,3065.989897422774,3118.793997001284,1334.22040568603,1334.22040568603,192.82726698483748,1527.0476726708675,2814.22040568603,2844.22040568603,3108.793997001284,3298.793997001284,300.0,1987.288077635793,0.0,3,3,0,0
S2,continuous,C,149,61,1490.0,3076.3229940177225,3122.3894544199943,3393.1758161759926,3437.7178395618266,1586.3229940177225,1586.3229940177225,270.7863617559983,1857.1093557737208,3076.3229940177225,3106.3229940177225,3427.7178395618266,3617.7178395618266,450.0,1279.3149061678332,0.0,0,0,0,1
S2,continuous,C,150,80,1500.0,2053.7949133338097,2146.230949450472,3580.5533467470964,3671.836268860334,553.7949133338097,553.7949133338097,1434.3223972966243,1988.117310630434,2053.7949133338097,2083.7949133338097,3661.836268860334,3851.836268860334,550.0,1891.6860639264555,0.0,0,0,0,1
S2,continuous,C,151,3,1510.0,2156.1534077777474,2182.264952811818,2597.9496306964115,2619.5725730158106,646.1534077777474,406.15340777774736,415.6846778845934,821.8380856623407,2156.1534077777474,2186.1534077777474,2609.5725730158106,2799.5725730158106,300.0,952.1262717419622,0.0,0,0,0,0
S2,continuous,C,152,79,1520.0,2799.5725730158106,2840.421088337796,2840.421088337796,2848.953043121063,1279.5725730158106,979.5725730158106,0.0,979.5725730158106,2799.5725730158106,2829.5725730158106,2840.421088337796,3030.421088337796,300.0,1432.4793523524056,0.0,4,4,0,0
S2,continuous,C,153,84,1530.0,3117.8264225664934,3148.492400287458,3184.548515585041,3236.3706917178138,1587.8264225664934,1347.8264225664934,36.05611529758289,1383.8825378640763,3117.8264225664934,3147.8264225664934,3226.3706917178138,3416.3706917178138,300.0,912.0872319940779,0.0,0,0,0,0
S2,continuous,C,154,22,1540.0,3298.793997001284,3376.657622077305,3838.8990494510354,3885.5552270902335,1758.793997001284,1758.793997001284,462.2414273737304,2221.0354243750144,3298.793997001284,3328.793997001284,3875.5552270902335,4065.5552270902335,400.0,934.6030859226136,0.0,0,0,0,1
S2,continuous,C,155,32,1550.0,1648.6277644331865,1768.2376422520372,3924.763876947097,4020.5403213317,98.62776443318648,98.62776443318648,2156.52623469506,2255.153999128246,1648.6277644331865,1678.6277644331865,4010.5403213317004,4200.5403213317,600.0,2034.8685218017433,0.0,0,0,0,1
S2,continuous,C,156,12,1560.0,3328.793997001284,3413.1758161759926,3852.316172154453,3896.858195540287,1768.793997001284,1768.793997001284,439.1403559784603,2207.9343529797443,3328.793997001284,3358.793997001284,3886.858195540287,4076.858195540287,450.0,741.9119212349611,0.0,0,0,0,1
S2,continuous,C,157,10,1570.0,3358.793997001284,3413.1758161759926,4072.316172154453,4086.858195540287,1788.793997001284,1788.793997001284,659.1403559784603,2447.9343529797443,3358.793997001284,3388.793997001284,4076.858195540287,4266.858195540287,300.0,441.9119212349611,0.0,0,0,0,0
S2,continuous,C,158,99,1580.0,3388.793997001284,3470.5533467470964,3810.5533467470964,3861.836268860334,1808.793997001284,1808.793997001284,340.0,2148.793997001284,3388.793997001284,3418.793997001284,3851.836268860334,4041.836268860334,350.0,1834.1184529455659,0.0,0,0,0,1
S2,continuous,C,159,49,1590.0,4041.836268860334,4102.316172154453,4262.316172154453,4276.858195540287,2451.836268860334,2451.836268860334,160.0,2611.836268860334,4041.836268860334,4071.836268860334,4266.858195540287,4456.858195540287,300.0,1558.9234728874594,0.0,2,2,0,0
S2,continuous,C,160,86,1600.0,2186.1534077777474,2212.271344095389,2212.271344095389,2220.803298878656,586.1534077777474,406.15340777774736,0.0,406.15340777774736,2186.1534077777474,2216.1534077777474,2212.271344095389,2402.271344095389,300.0,887.097419632689,0.0,1,1,0,0
S2,continuous,C,161,82,1610.0,1787.7783407133766,1880.4814398992855,4114.763876947097,4210.5403213317,177.77834071337656,177.77834071337656,2234.2824370478115,2412.060777761188,1787.7783407133766,1817.7783407133766,4200.5403213317,4390.5403213317,600.0,1625.6740579539971,0.0,0,0,0,1
S2,continuous,C,162,48,1620.0,2798.6216405367286,2903.5429720908323,3347.874271891674,3380.5417189875575,1178.6216405367286,1178.6216405367286,444.33129980084186,1622.9529403375705,2798.6216405367286,2828.6216405367286,3370.5417189875575,3560.5417189875575,450.0,2275.3199763040047,0.0,0,0,0,1
S2,continuous,C,163,15,1630.0,4071.836268860334,4128.56852343266,4128.56852343266,4150.191465752059,2441.836268860334,2441.836268860334,0.0,2441.836268860334,4071.836268860334,4101.836268860334,4140.191465752059,4330.191465752059,300.0,1344.4848194357353,0.0,1,1,0,0
S2,continuous,C,164,77,1640.0,3147.8264225664934,3250.0183540242324,3315.989897422774,3428.793997001284,1507.8264225664934,1387.8264225664934,65.9715433985416,1453.797965965035,3147.8264225664934,3177.8264225664934,3418.793997001284,3608.793997001284,600.0,2285.3937650077014,0.0,0,0,0,1
S2,continuous,C,165,17,1650.0,3177.8264225664934,3231.6486178199734,3828.5685234326593,3870.1914657520583,1527.8264225664934,1407.8264225664934,596.9199056126859,2004.7463281791793,3177.8264225664934,3207.8264225664934,3860.1914657520583,4050.1914657520583,400.0,1171.5055650948814,0.0,0,0,0,1
S2,continuous,C,166,16,1660.0,3608.793997001284,3674.3389209909255,3674.3389209909255,3677.006368086809,1948.793997001284,1948.793997001284,0.0,1948.793997001284,3608.793997001284,3638.793997001284,3674.3389209909255,3864.3389209909255,300.0,1126.7460274474124,0.0,0,0,0,0
S2,continuous,C,167,97,1670.0,2663.3137997165027,2702.4070153693556,3030.421088337796,3038.953043121063,993.3137997165027,993.3137997165027,328.01407296844036,1321.327872684943,2663.3137997165027,2693.3137997165027,3030.421088337796,3220.421088337796,300.0,1005.0765296893172,0.0,2,2,0,0
S2,continuous,C,168,69,1680.0,2828.6216405367286,2954.4186627464924,3535.989897422774,3648.793997001284,1148.6216405367286,1148.6216405367286,581.5712346762816,1730.1928752130102,2828.6216405367286,2858.6216405367286,3638.793997001284,3828.793997001284,600.0,2217.7159490944923,0.0,0,0,0,1
S2,continuous,C,169,31,1738.6216405367288,2693.3137997165027,2728.347129952814,2743.6635220797093,2795.485698212482,954.6921591797739,954.6921591797739,15.316392126895153,970.008551306669,2693.3137997165027,2723.3137997165027,2785.485698212482,2975.485698212482,300.0,950.8686086674074,0.0,1,1,0,0
S2,continuous,C,170,45,1744.7191268740135,4390.5403213317,4437.396922582814,4437.396922582814,4459.019864902213,2645.821194457687,2645.821194457687,0.0,2645.821194457687,4390.5403213317,4420.5403213317,4449.019864902213,4639.019864902213,300.0,1025.6740579539971,0.0,1,1,0,0
S2,continuous,C,171,67,1786.1534077777474,2216.1534077777474,2284.09444446997,3831.6714738950423,3874.3389209909255,430.0,430.0,1547.5770294250724,1977.5770294250724,2216.1534077777474,2246.1534077777474,3864.3389209909255,4054.3389209909255,500.0,1379.3149061678332,0.0,0,0,0,1
S2,continuous,C,172,68,1797.8264225664934,2146.1871720907466,2197.156164887668,4018.8990494510354,4075.5552270902335,348.36074952425315,348.36074952425315,1821.7428845633672,2170.1036340876203,2146.1871720907466,2176.1871720907466,4065.5552270902335,4255.5552270902335,450.0,1305.0765296893173,0.0,0,0,0,1
S2,continuous,C,173,73,1801.0930294452983,4420.5403213317,4470.637762953558,4470.637762953558,4522.459939086331,2619.447291886402,2619.447291886402,0.0,2619.447291886402,4420.5403213317,4450.5403213317,4512.459939086331,4702.459939086331,300.0,1392.7262517371585,0.0,0,0,0,0
S2,continuous,C,174,33,1803.0126471999286,3828.793997001284,3893.1758161759926,4442.316172154453,4466.858195540287,2025.7813498013554,2025.7813498013554,549.1403559784603,2574.921705779816,3828.793997001284,3858.793997001284,4456.858195540287,4646.858195540287,350.0,541.911921234961,0.0,0,0,0,1
S2,continuous,C,175,27,1818.9904411136056,3412.9235639134704,3447.347974753596,3535.8383248269524,3579.914090579028,1593.9331227998648,1593.9331227998648,88.49035007335624,1682.423472873221,3412.9235639134704,3442.9235639134704,3569.914090579028,3759.914090579028,300.0,1123.9173880346457,0.0,1,1,0,0
S2,continuous,C,176,29,1838.7939970012837,3442.9235639134704,3545.1154953712094,3755.989897422774,3868.793997001284,1604.1295669121866,1604.1295669121866,210.87440205156463,1815.0039689637513,3442.9235639134704,3472.9235639134704,3858.793997001284,4048.793997001284,600.0,2285.3937650077014,0.0,0,0,0,1
S2,continuous,C,177,28,1855.9086983031077,4048.793997001284,4113.663522079709,4113.663522079709,4165.485698212482,2192.8852986981765,2192.8852986981765,0.0,2192.8852986981765,4048.793997001284,4078.793997001284,4155.485698212482,4345.485698212482,300.0,1327.4930785507627,0.0,2,2,0,0
S2,continuous,C,178,62,1873.79491333381,2829.5725730158106,2902.7650369834464,4602.316172154453,4656.858195540287,955.7776596820006,955.7776596820006,1699.5511351710065,2655.328794853007,2829.5725730158106,2859.5725730158106,4646.858195540287,4836.858195540287,500.0,1352.1262717419622,0.0,0,0,0,1
S2,continuous,C,179,53,1911.8362688603336,3472.9235639134704,3517.347974753596,3715.8383248269524,3769.914090579028,1561.0872950531368,1561.0872950531368,198.49035007335624,1759.577645126493,3472.9235639134704,3502.9235639134704,3759.914090579028,3949.914090579028,350.0,1223.9173880346457,0.0,0,0,0,1
S2,continuous,C,180,40,1928.6216405367288,3502.9235639134704,3582.7279368533696,4020.5533467470964,4111.836268860334,1574.3019233767416,1574.3019233767416,437.8254098937268,2012.1273332704684,3502.9235639134704,3532.9235639134704,4101.836268860334,4291.836268860334,550.0,1301.9506431586985,0.0,0,0,0,1
S2,continuous,C,181,52,1936.1871720907468,2246.1534077777474,2282.7474042033896,3610.564035442053,3672.3862115748257,309.96623568700056,309.96623568700056,1327.8166312386634,1637.782866925664,2246.1534077777474,2276.1534077777474,3662.3862115748257,3852.3862115748257,350.0,1235.2858669135971,0.0,0,0,0,1
S2,continuous,C,182,47,1976.1534077777474,4291.836268860334,4348.899049451036,4348.899049451036,4375.555227090234,2315.6828610825864,2315.6828610825864,0.0,2315.6828610825864,4291.836268860334,4321.836268860334,4365.555227090234,4555.555227090234,300.0,1391.6860639264555,0.0,0,0,0,0
S2,continuous,C,183,54,1987.8264225664934,4078.793997001284,4141.70700437545,4141.70700437545,4150.238959158717,2090.9675744347905,2090.9675744347905,0.0,2090.9675744347905,4078.793997001284,4108.793997001284,4141.70700437545,4331.70700437545,300.0,980.607458185995,0.0,1,1,0,0
S2,continuous,C,184,38,1993.0126471999286,3532.9235639134704,3624.7653688913815,4782.316172154453,4846.858195540287,1539.9109167135418,1539.9109167135418,1157.5508032630714,2697.4617199766135,3532.9235639134704,3562.9235639134704,4836.858195540287,5026.858195540287,550.0,1970.7416187224626,0.0,0,0,0,1
S2,continuous,C,185,19,2016.3229940177225,2363.0126471999283,2463.2119759298143,4498.899049451036,4565.555227090234,346.6896531822058,346.6896531822058,2035.687073521222,2382.3767267034277,2363.0126471999283,2393.0126471999283,4555.555227090234,4745.555227090234,500.0,1350.8686086674074,0.0,0,0,0,1
S2,continuous,C,186,36,2021.0930294452983,2707.7178395618266,2781.4568441285423,4250.553346747096,4331.836268860334,686.6248101165284,386.62481011652835,1469.096502618554,1855.7213127350824,2707.7178395618266,2737.7178395618266,4321.836268860334,4511.836268860334,500.0,1958.9234728874594,0.0,0,0,0,1
S2,continuous,C,187,51,2049.5725730158106,4511.836268860334,4560.359961263729,4560.359961263729,4582.923563913471,2462.263695844523,2462.263695844523,0.0,2462.263695844523,4511.836268860334,4541.836268860334,4572.923563913471,4762.923563913471,300.0,801.9506431586985,0.0,0,0,0,0
S2,continuous,C,188,34,2088.793997001284,2858.6216405367286,2989.8386711319754,4364.763876947098,4460.540321331701,769.8276435354446,769.8276435354446,1374.925205815122,2144.7528493505665,2858.6216405367286,2888.6216405367286,4450.5403213317,4640.5403213317,600.0,2493.9115654904763,0.0,0,0,0,1
S2,continuous,C,189,4,2101.836268860334,2101.836268860334,2204.963793724648,4011.6714738950423,4064.3389209909255,0.0,0.0,1806.7076801703943,1806.7076801703943,2101.836268860334,2131.836268860334,4054.3389209909255,4244.3389209909255,550.0,1337.1666717223734,0.0,0,0,0,1
S2,continuous,C,190,81,2103.3137997165027,4640.5403213317,4684.710111803153,4750.359961263729,4772.923563913471,2537.2265216151977,2537.2265216151977,65.64984946057575,2602.8763710757735,4640.5403213317,4670.5403213317,4762.923563913471,4952.923563913471,300.0,851.2566409616875,0.0,1,1,0,0
S2,continuous,C,191,20,2148.6216405367286,4541.836268860334,4618.751407780754,4624.763876947097,4680.5403213317,2393.214628323605,2393.214628323605,6.01246916634318,2399.2270974899484,4541.836268860334,4571.836268860334,4670.5403213317,4860.5403213317,400.0,1627.444619634661,0.0,0,0,0,1
S2,continuous,C,192,6,2177.8264225664934,3106.3229940177225,3143.425017337778,4607.396922582814,4649.019864902213,928.4965714512291,928.4965714512291,1463.971905245036,2392.468476696265,3106.3229940177225,3136.3229940177225,4639.019864902213,4829.019864902213,400.0,1283.7570286879022,0.0,0,0,0,1
S2,continuous,C,193,88,2183.0126471999283,2975.485698212482,3071.628871582509,4804.763876947098,4870.540321331701,792.4730510125537,792.4730510125537,1733.1350053645883,2525.608056377142,2975.485698212482,3005.485698212482,4860.5403213317,5050.5403213317,450.0,1692.7262517371585,0.0,0,0,0,1
S2,continuous,C,194,2,2206.3229940177225,5050.5403213317,5101.948982523486,5101.948982523486,5143.231904636724,2844.217327313978,2844.217327313978,0.0,2844.217327313978,5050.5403213317,5080.5403213317,5133.231904636724,5323.231904636724,300.0,1427.444619634661,0.0,1,1,0,0
S2,continuous,C,195,55,2211.093029445298,2859.5725730158106,2887.577492698648,2887.577492698648,2931.653258450723,648.4795435705128,648.4795435705128,0.0,648.4795435705128,2859.5725730158106,2889.5725730158106,2921.653258450723,3111.653258450723,300.0,753.9586979199278,0.0,1,1,0,0
S2,continuous,C,196,86,2220.803298878656,3562.9235639134704,3657.561796078117,4191.671473895042,4254.3389209909255,1342.1202650348146,1342.1202650348146,534.1096778169253,1876.22994285174,3562.9235639134704,3592.9235639134704,4244.3389209909255,4434.3389209909255,600.0,1531.1305497217345,0.0,0,0,0,1
S2,continuous,C,197,8,2239.5725730158106,2276.1534077777474,2298.1172214920425,2298.1172214920425,2342.192987244118,36.580834761936785,36.580834761936785,0.0,36.580834761936785,2276.1534077777474,2306.1534077777474,2332.192987244118,2522.192987244118,300.0,787.8749675869526,0.0,1,1,0,0
S2,continuous,C,198,1,2291.836268860334,2402.271344095389,2450.028871881242,2857.9496306964115,2899.5725730158106,110.43507523505514,110.43507523505514,407.9207588151694,518.3558340502245,2402.271344095389,2432.271344095389,2889.5725730158106,3079.5725730158106,400.0,1632.4793523524056,0.0,0,0,0,1
S2,continuous,C,199,85,2293.3137997165027,3005.485698212482,3096.4912087315442,4787.396922582814,4839.019864902213,712.1718984959793,712.1718984959793,1690.9057138512699,2403.077612347249,3005.485698212482,3035.485698212482,4829.019864902213,5019.019864902213,450.0,1279.4478846801628,0.0,0,0,0,1
S2,continuous,C,200,44,2337.7178395618266,3079.5725730158106,3130.378849721499,3790.564035442053,3862.3862115748257,741.854733453984,741.854733453984,660.1851857205538,1402.0399191745378,3079.5725730158106,3109.5725730158106,3852.3862115748257,4042.3862115748257,400.0,1179.4478846801628,0.0,0,0,0,1
S2,continuous,C,201,43,2338.6216405367286,2737.7178395618266,2793.8375825438593,4025.989897422774,4118.793997001284,399.09619902509803,399.09619902509803,1232.1523148789147,1631.2485139040127,2737.7178395618266,2767.7178395618266,4108.793997001284,4298.793997001284,500.0,841.911921234961,0.0,0,0,0,1
S2,continuous,C,202,8,2342.192987244118,4298.793997001284,4361.70700437545,4361.70700437545,4370.238959158717,1956.6010097571661,1956.6010097571661,0.0,1956.6010097571661,4298.793997001284,4328.793997001284,4361.70700437545,4551.70700437545,300.0,980.607458185995,0.0,1,1,0,0
S2,continuous,C,203,71,2367.8264225664934,3416.3706917178138,3496.295242921809,3560.359961263728,3602.9235639134704,1048.5442691513203,1048.5442691513203,64.06471834191916,1112.6089874932395,3416.3706917178138,3446.3706917178138,3592.9235639134704,3782.9235639134704,400.0,1112.087231994078,0.0,0,0,0,1
S2,continuous,C,204,78,2368.793997001284,3136.3229940177225,3148.127104871932,3220.421088337796,3228.953043121063,767.5289970164386,767.5289970164386,72.29398346586413,839.8229804823027,3136.3229940177225,3166.3229940177225,3220.421088337796,3410.421088337796,300.0,665.1079266174719,0.0,1,1,0,0
S2,continuous,C,205,60,2396.3229940177225,2888.6216405367286,3013.5429720908323,4391.671473895042,4444.3389209909255,492.29864651900607,492.29864651900607,1378.12850180421,1870.427148323216,2888.6216405367286,2918.6216405367286,4434.3389209909255,4624.3389209909255,550.0,2475.3199763040047,0.0,0,0,0,1
S2,continuous,C,206,64,2415.485698212482,4571.836268860334,4662.316172154453,4992.316172154453,5036.858195540287,2156.350570647852,2156.350570647852,330.0,2486.350570647852,4571.836268860334,4601.836268860334,5026.858195540287,5216.858195540287,450.0,1858.9234728874594,0.0,0,0,0,1
S2,continuous,C,207,25,2429.57257301581,2432.271344095389,2512.3792118104634,5152.316172154453,5226.858195540287,2.698771079578819,2.698771079578819,2639.9369603439895,2642.6357314235684,2432.271344095389,2462.271344095389,5216.858195540287,5406.858195540287,600.0,1487.0974196326893,0.0,0,0,0,1
S2,continuous,C,208,91,2431.093029445298,4328.793997001284,4391.70700437545,4551.70700437545,4560.238959158717,1897.7009675559862,1897.7009675559862,160.0,2057.700967555986,4328.793997001284,4358.793997001284,4551.70700437545,4741.70700437545,300.0,980.607458185995,0.0,1,1,0,0
S2,continuous,C,209,21,2481.836268860334,3315.908698303108,3351.0265892658954,3351.0265892658954,3400.206687040744,834.0724294427741,834.0724294427741,0.0,834.0724294427741,3315.908698303108,3345.908698303108,3390.206687040744,3580.206687040744,300.0,1253.6784433637897,0.0,2,2,0,0
S2,continuous,C,210,58,2483.3137997165027,2663.3137997165027,2774.8113557970396,5342.316172154453,5416.858195540287,180.0,0.0,2567.5048163574133,2567.5048163574133,2663.3137997165027,2693.3137997165027,5406.858195540287,5596.858195540287,600.0,1387.8749675869526,0.0,0,0,0,1
S2,continuous,C,211,72,2527.7178395618266,3782.9235639134704,3835.1154953712094,4305.989897422774,4368.793997001284,1255.2057243516438,1255.2057243516438,470.87440205156463,1726.0801264032084,3782.9235639134704,3812.9235639134704,4358.793997001284,4548.793997001284,350.0,1785.3937650077012,0.0,0,0,0,1
S2,continuous,C,212,56,2557.8264225664934,2557.8264225664934,2635.4950411080863,4571.671473895042,4634.3389209909255,0.0,0.0,1936.176432786956,1936.176432786956,2557.8264225664934,2587.8264225664934,4624.3389209909255,4814.3389209909255,600.0,1265.107926617472,0.0,0,0,0,1
S2,continuous,C,213,14,2558.793997001284,4548.793997001284,4624.3389209909255,4811.671473895042,4824.3389209909255,1990.0,1990.0,187.3325529041167,2177.3325529041167,4548.793997001284,4578.793997001284,4814.3389209909255,5004.3389209909255,350.0,1226.7460274474124,0.0,0,0,0,1
S2,continuous,C,214,35,2588.6216405367286,4601.836268860334,4671.740041589179,4671.740041589179,4720.920139364028,2013.2146283236052,2013.2146283236052,0.0,2013.2146283236052,4601.836268860334,4631.836268860334,4710.920139364028,4900.920139364028,300.0,2360.3718071475523,0.0,4,4,0,0
S2,continuous,C,215,11,2605.485698212482,2605.485698212482,2708.613223076796,4961.671473895042,5014.3389209909255,0.0,0.0,2253.058250818246,2253.058250818246,2605.485698212482,2635.485698212482,5004.3389209909255,5194.3389209909255,550.0,1337.1666717223734,0.0,0,0,0,1
S2,continuous,C,216,98,2616.3229940177225,2918.6216405367286,3004.3736235582373,3401.889133554529,3420.421088337796,302.29864651900607,302.29864651900607,397.5155099962917,699.8141565152978,2918.6216405367286,2948.6216405367286,3410.421088337796,3600.421088337796,350.0,2160.019279234596,0.0,0,0,0,1
S2,continuous,C,217,3,2619.5725730158106,2948.6216405367286,3051.2966869549655,4967.396922582814,5029.019864902213,329.049067520918,329.049067520918,1916.1002356278486,2245.1493031487666,2948.6216405367286,2978.6216405367286,5019.019864902213,5209.019864902213,500.0,1653.6784433637895,0.0,0,0,0,1
S2,continuous,C,218,30,2634.22040568603,2723.3137997165027,2782.4070153693556,3581.889133554529,3610.421088337796,89.09339403047261,89.09339403047261,799.4821181851735,888.5755122156461,2723.3137997165027,2753.3137997165027,3600.421088337796,3790.421088337796,400.0,1205.0765296893173,0.0,0,0,0,1
S2,continuous,C,219,83,2671.836268860334,4042.3862115748257,4149.766462179034,5151.671473895042,5204.3389209909255,1370.5499427144919,1370.5499427144919,1001.9050117160086,2372.4549544305005,4042.3862115748257,4072.3862115748257,5194.3389209909255,5384.3389209909255,550.0,1142.986414238962,0.0,0,0,0,1
S2,continuous,C,220,23,2747.8264225664934,3790.421088337796,3866.15369525289,5014.763876947098,5090.540321331701,1042.5946657713025,922.5946657713025,1148.6101816942073,2071.20484746551,3790.421088337796,3820.421088337796,5080.5403213317,5270.5403213317,500.0,2434.9188046278346,0.0,0,0,0,1
S2,continuous,C,221,31,2795.485698212482,3560.5417189875575,3607.643742307613,5167.396922582814,5219.019864902213,765.0560207750755,765.0560207750755,1559.753180275201,2324.8092010502764,3560.5417189875575,3590.5417189875575,5209.019864902213,5399.019864902213,450.0,1383.7570286879022,0.0,0,0,0,1
S2,continuous,C,222,13,2806.3229940177225,2806.3229940177225,2915.932871836573,5194.763876947098,5280.540321331701,0.0,0.0,2278.831005110524,2278.831005110524,2806.3229940177225,2836.3229940177225,5270.5403213317,5460.5403213317,550.0,1934.8685218017433,0.0,0,0,0,1
S2,continuous,C,223,26,2823.313799716503,3345.908698303108,3393.913617985945,3895.838324826953,3959.914090579028,522.5948985866048,522.5948985866048,501.9247068410077,1024.5196054276125,3345.908698303108,3375.908698303108,3949.914090579028,4139.914090579028,400.0,953.9586979199278,0.0,0,0,0,1
S2,continuous,C,224,79,2848.953043121063,4255.5552270902335,4285.504706289875,4285.504706289875,4329.58047204195,1406.6021839691707,1166.6021839691707,0.0,1166.6021839691707,4255.5552270902335,4285.5552270902335,4319.58047204195,4509.58047204195,300.0,573.2131543192338,0.0,2,2,0,0
S2,continuous,C,225,18,2861.836268860334,4072.3862115748257,4196.260360747407,5532.316172154453,5606.858195540287,1210.5499427144919,1210.5499427144919,1336.0558114070463,2546.605754121538,4072.3862115748257,4102.386211574825,5596.858195540287,5786.858195540287,600.0,1735.2858669135971,0.0,0,0,0,1
S2,continuous,C,226,89,2867.7178395618266,3375.908698303108,3428.7902332262447,3780.359961263728,3822.9235639134704,508.1908587412813,508.1908587412813,351.5697280374834,859.7605867787647,3375.908698303108,3405.908698303108,3812.9235639134704,4002.9235639134704,400.0,1171.5055650948814,0.0,0,0,0,1
S2,continuous,C,227,46,2868.793997001284,4139.914090579028,4200.727868907722,4200.727868907722,4249.907966682571,1271.1200935777442,971.1200935777442,0.0,971.1200935777442,4139.914090579028,4169.914090579028,4239.907966682571,4429.907966682571,300.0,1582.1468227425091,0.0,3,3,0,0
S2,continuous,C,228,39,2880.5403213317004,4102.386211574825,4228.529384944853,5374.763876947097,5470.5403213317,1221.8458902431248,1221.8458902431248,1146.2344920022442,2368.080382245369,4102.386211574825,4132.386211574825,5460.5403213317,5650.5403213317,600.0,1992.7262517371585,0.0,0,0,0,1
S2,continuous,C,229,1,2899.5725730158106,4345.485698212482,4414.7527188137365,4590.553346747096,4641.836268860334,1445.9131251966714,1445.9131251966714,175.80062793335946,1621.713753130031,4345.485698212482,4375.485698212482,4631.836268860334,4821.836268860334,350.0,1061.8484557954962,0.0,0,0,0,1
S2,continuous,C,230,55,2931.653258450723,3590.5417189875575,3642.662686271262,5594.763876947098,5660.540321331701,658.8884605368344,658.8884605368344,1952.1011906758354,2610.9896512126697,3590.5417189875575,3620.5417189875575,5650.5403213317,5840.5403213317,450.0,1789.1208032571615,0.0,0,0,0,1
S2,continuous,C,231,66,2937.8264225664934,3620.5417189875575,3642.3458298417668,3811.889133554529,3830.421088337796,682.7152964210641,682.7152964210641,169.54330371276228,852.2586001338263,3620.5417189875575,3650.5417189875575,3820.421088337796,4010.421088337796,350.0,765.1079266174719,0.0,0,0,0,1
S2,continuous,C,232,97,3038.953043121063,4169.914090579028,4267.283157891547,4678.899049451036,4755.555227090234,1130.9610474579654,950.9610474579654,411.6158915594897,1362.576939017455,4169.914090579028,4199.914090579028,4745.555227090234,4935.555227090234,550.0,1073.2131543192338,0.0,0,0,0,1
S2,continuous,C,233,41,3046.3706917178138,4285.5552270902335,4353.313655220717,5361.671473895042,5394.3389209909255,1239.1845353724198,1179.1845353724198,1008.3578186743252,2187.542354046745,4285.5552270902335,4315.5552270902335,5384.3389209909255,5574.3389209909255,450.0,1186.768156427751,0.0,0,0,0,1
S2,continuous,C,234,94,3057.7178395618266,5574.3389209909255,5591.440944310981,5591.440944310981,5613.06388663038,2516.621081429099,2516.621081429099,0.0,2516.621081429099,5574.3389209909255,5604.3389209909255,5603.06388663038,5793.06388663038,300.0,1083.7570286879022,0.0,2,2,0,0
S2,continuous,C,235,5,3070.5403213317,3405.908698303108,3456.7149750087965,4640.637762953558,4712.459939086331,335.368376971408,335.368376971408,1183.9227879447621,1519.2911649161701,3405.908698303108,3435.908698303108,4702.459939086331,4892.459939086331,400.0,1179.4478846801628,0.0,0,0,0,1
S2,continuous,C,236,87,3118.793997001284,4375.485698212482,4432.582795685186,4475.504706289875,4519.58047204195,1256.691701211198,1256.691701211198,42.92191060468849,1299.6136118158865,4375.485698212482,4405.485698212482,4509.58047204195,4699.58047204195,300.0,831.1511320863244,0.0,0,0,0,0
S2,continuous,C,237,63,3125.5552270902335,4821.836268860334,4870.359961263729,4940.359961263729,4962.923563913471,1696.2810417701003,1696.2810417701003,70.0,1766.2810417701003,4821.836268860334,4851.836268860334,4952.923563913471,5142.923563913471,300.0,801.9506431586985,0.0,0,0,0,0
S2,continuous,C,238,75,3135.908698303108,3617.7178395618266,3673.8293845958974,5357.396922582814,5409.019864902213,481.8091412587187,481.8091412587187,1683.5675379869167,2165.3766792456354,3617.7178395618266,3647.7178395618266,5399.019864902213,5589.019864902213,450.0,1252.1262717419622,0.0,0,0,0,1
S2,continuous,C,239,95,3183.209166083441,4199.914090579028,4307.283157891547,4858.899049451036,4945.555227090234,1016.7049244955874,1016.7049244955874,551.6158915594897,1568.320816055077,4199.914090579028,4229.914090579028,4935.555227090234,5125.555227090234,600.0,1173.2131543192338,0.0,0,0,0,1
S2,continuous,C,240,96,3199.914090579028,4229.914090579028,4330.371833694542,5731.440944310981,5803.06388663038,1030.0,1030.0,1401.0691106164386,2431.0691106164386,4229.914090579028,4259.914090579028,5793.06388663038,5983.06388663038,550.0,1253.9586979199278,0.0,0,0,0,1
S2,continuous,C,241,42,3201.836268860334,4259.914090579028,4373.041615443342,5551.671473895042,5614.3389209909255,1058.0778217186944,1058.0778217186944,1178.6298584516999,2236.7076801703943,4259.914090579028,4289.914090579028,5604.3389209909255,5794.3389209909255,600.0,1437.1666717223734,0.0,0,0,0,1
S2,continuous,C,242,78,3228.953043121063,4002.9235639134704,4100.60374010353,5048.899049451036,5135.555227090234,773.9705207924076,773.9705207924076,948.2953093475062,1722.2658301399138,4002.9235639134704,4032.9235639134704,5125.555227090234,5315.555227090234,600.0,1853.8704707991692,0.0,0,0,0,1
S2,continuous,C,243,50,3232.9235639134704,5794.3389209909255,5806.143031845135,5806.143031845135,5814.674986628402,2561.415357077455,2561.415357077455,0.0,2561.415357077455,5794.3389209909255,5824.3389209909255,5806.143031845135,5996.143031845135,300.0,665.1079266174719,0.0,1,1,0,0
S2,continuous,C,244,84,3236.3706917178138,4010.421088337796,4098.178616123649,5911.440944310981,5993.06388663038,774.0503966199822,774.0503966199822,1813.262328187332,2587.312724807314,4010.421088337796,4040.421088337796,5983.06388663038,6173.06388663038,600.0,2032.4793523524056,0.0,0,0,0,1
S2,continuous,C,245,93,3247.7178395618266,3647.7178395618266,3683.8375825438593,4515.989897422774,4588.793997001284,400.0,400.0,832.1523148789147,1232.1523148789147,3647.7178395618266,3677.7178395618266,4578.793997001284,4768.793997001284,400.0,641.911921234961,0.0,0,0,0,1
S2,continuous,C,246,74,3260.5403213317004,4699.58047204195,4751.560546390049,4751.560546390049,4804.364645968559,1439.0401507102497,1439.0401507102497,0.0,1439.0401507102497,4699.58047204195,4729.58047204195,4794.364645968559,4984.364645968559,300.0,1011.3532330545418,0.0,2,2,0,0
S2,continuous,C,247,24,3315.5552270902335,4040.421088337796,4085.524928367723,4380.727868907722,4439.907966682571,724.8658612475624,724.8658612475624,295.20294053999896,1020.0688017875614,4040.421088337796,4070.421088337796,4429.907966682571,4619.907966682571,350.0,2160.019279234596,0.0,0,0,0,1
S2,continuous,C,248,48,3380.5417189875575,4851.836268860334,4900.564035442053,4900.564035442053,4952.386211574826,1471.2945498727763,1471.2945498727763,0.0,1471.2945498727763,4851.836268860334,4881.836268860334,4942.386211574826,5132.386211574826,300.0,961.8484557954962,0.0,0,0,0,0
S2,continuous,C,249,90,3389.914090579028,4315.5552270902335,4357.327978269749,4357.327978269749,4379.891580919491,925.6411365112053,925.6411365112053,0.0,925.6411365112053,4315.5552270902335,4345.5552270902335,4369.891580919491,4559.891580919491,300.0,1253.8704707991694,0.0,4,4,0,0
S2,continuous,C,250,21,3400.206687040744,4405.485698212482,4531.628871582509,5754.763876947097,5850.5403213317,1005.2790111717381,1005.2790111717381,1223.1350053645874,2228.4140165363256,4405.485698212482,4435.485698212482,5840.5403213317,6030.5403213317,600.0,1992.7262517371585,0.0,0,0,0,1
S2,continuous,C,251,98,3420.421088337796,4881.836268860334,4930.564035442053,5090.564035442053,5142.386211574826,1461.4151805225379,1461.4151805225379,160.0,1621.4151805225379,4881.836268860334,4911.836268860334,5132.386211574826,5322.386211574826,300.0,961.8484557954962,0.0,0,0,0,0
S2,continuous,C,252,77,3428.793997001284,3668.793997001284,3784.5910192110478,4891.560546390048,4994.364645968558,240.0,0.0,1106.969527179001,1106.969527179001,3668.793997001284,3698.793997001284,4984.364645968559,5174.364645968559,550.0,2117.7159490944923,0.0,0,0,0,1
S2,continuous,C,253,61,3437.7178395618266,5315.555227090234,5354.648442743088,5354.648442743088,5363.180397526355,1877.8373875284078,1877.8373875284078,0.0,1877.8373875284078,5315.555227090234,5345.555227090234,5354.648442743088,5544.648442743088,300.0,1005.0765296893172,0.0,2,2,0,0
S2,continuous,C,254,70,3450.5403213317004,5824.3389209909255,5839.080997601713,5839.080997601713,5861.644600251455,2373.798599659225,2373.798599659225,0.0,2373.798599659225,5824.3389209909255,5854.3389209909255,5851.644600251455,6041.644600251455,300.0,931.1305497217344,0.0,0,0,0,0
S2,continuous,C,255,9,3451.836268860334,5786.858195540287,5822.9761318579285,5987.611077061868,6006.143031845135,2335.021926679953,2335.021926679953,164.63494520393942,2499.6568718838926,5786.858195540287,5816.858195540287,5996.143031845135,6186.143031845135,350.0,987.097419632689,0.0,0,0,0,1
S2,continuous,C,256,65,3482.3862115748257,5174.364645968559,5248.7464651432665,5792.316172154453,5826.858195540287,1691.978434393733,1691.978434393733,543.5697070111864,2235.5481414049195,5174.364645968559,5204.364645968559,5816.858195540287,6006.858195540287,400.0,641.911921234961,0.0,0,0,0,1
S2,continuous,C,257,7,3490.1914657520583,6006.858195540287,6028.822009254582,6028.822009254582,6072.897775006657,2516.6667297882286,2516.6667297882286,0.0,2516.6667297882286,6006.858195540287,6036.858195540287,6062.897775006657,6252.897775006657,300.0,787.8749675869526,0.0,1,1,0,0
S2,continuous,C,258,37,3505.5552270902335,4032.9235639134704,4093.589541634435,5250.564035442054,5332.386211574827,527.3683368232369,527.3683368232369,1156.9744938076183,1684.3428306308551,4032.9235639134704,4062.9235639134704,5322.386211574826,5512.386211574826,450.0,1212.087231994078,0.0,0,0,0,1
S2,continuous,C,259,27,3579.914090579028,3580.206687040744,3704.318682866657,5268.899049451036,5355.555227090234,0.2925964617156751,0.2925964617156751,1564.5803665843791,1564.8729630460948,3580.206687040744,3610.206687040744,5345.555227090234,5535.555227090234,600.0,1974.6412471412327,0.0,0,0,0,1
S2,continuous,C,260,71,3602.9235639134704,6030.5403213317,6080.637762953558,6080.637762953558,6132.459939086331,2427.61675741823,2427.61675741823,0.0,2427.61675741823,6030.5403213317,6060.5403213317,6122.459939086331,6312.459939086331,300.0,1392.7262517371585,0.0,0,0,0,0
S2,continuous,C,261,30,3610.421088337796,5204.364645968559,5276.123995714371,5291.948982523486,5333.231904636724,1593.9435576307628,1593.9435576307628,15.824986809115217,1609.768544439878,5204.364645968559,5234.364645968559,5323.231904636724,5513.231904636724,300.0,1734.1184529455659,0.0,2,2,0,0
S2,continuous,C,262,0,3640.5403213317,5535.555227090234,5574.648442743088,5574.648442743088,5583.180397526355,1895.0149057585345,1895.0149057585345,0.0,1895.0149057585345,5535.555227090234,5565.555227090234,5574.648442743088,5764.648442743088,300.0,1005.0765296893172,0.0,2,2,0,0
S2,continuous,C,263,69,3648.793997001284,4050.1914657520583,4092.894564937967,6024.763876947098,6070.540321331701,401.39746875077435,401.39746875077435,1931.8693120091302,2333.2667807599046,4050.1914657520583,4080.1914657520583,6060.5403213317,6250.5403213317,350.0,1125.6740579539971,0.0,0,0,0,1
S2,continuous,C,264,80,3671.836268860334,4062.9235639134704,4155.115495371209,5141.560546390049,5244.364645968559,391.0872950531366,391.0872950531366,986.4450510188399,1377.5323460719765,4062.9235639134704,4092.9235639134704,5234.364645968559,5424.364645968559,550.0,2185.3937650077014,0.0,0,0,0,1
S2,continuous,C,265,52,3672.3862115748257,3698.793997001284,3824.712107352751,4635.504706289874,4739.580472041949,26.407785426458304,26.407785426458304,810.7925989371233,837.2003843635816,3698.793997001284,3728.793997001284,4729.58047204195,4919.58047204195,600.0,2182.1468227425094,0.0,0,0,0,1
S2,continuous,C,266,16,3677.006368086809,3728.793997001284,3834.5459800227927,4713.175049592183,4751.70700437545,51.787628914475135,51.787628914475135,878.6290695693906,930.4166984838657,3728.793997001284,3758.793997001284,4741.70700437545,4931.70700437545,450.0,2360.019279234596,0.0,0,0,0,1
S2,continuous,C,267,76,3680.1914657520583,6250.5403213317,6301.850877783079,6301.850877783079,6345.926643535155,2570.348855579642,2570.348855579642,0.0,2570.348855579642,6250.5403213317,6280.5403213317,6335.926643535155,6525.926643535155,300.0,1434.8685218017433,0.0,3,3,0,0
S2,continuous,C,268,57,3695.5552270902335,6280.5403213317,6339.482546083607,6339.482546083607,6392.286645662117,2584.985094241467,2584.985094241467,0.0,2584.985094241467,6280.5403213317,6310.5403213317,6382.286645662117,6572.286645662117,300.0,1987.288077635793,0.0,3,3,0,0
S2,continuous,C,269,59,3706.858195540287,4080.1914657520583,4130.997742457747,5450.564035442053,5522.386211574826,373.3332702117714,373.3332702117714,1319.5662929843056,1692.899563196077,4080.1914657520583,4110.191465752058,5512.386211574826,5702.386211574826,400.0,1179.4478846801628,0.0,0,0,0,1
S2,continuous,C,270,53,3769.914090579028,4092.9235639134704,4176.74575916695,6111.440944310981,6183.06388663038,323.0094733344422,323.0094733344422,1934.6951851440308,2257.704658478473,4092.9235639134704,4122.92356391347,6173.06388663038,6363.06388663038,550.0,1471.5055650948814,0.0,0,0,0,1
S2,continuous,C,271,89,3822.9235639134704,4435.485698212482,4529.359847385063,6002.316172154453,6046.858195540287,612.5621342990116,612.5621342990116,1472.9563247693895,2085.518459068401,4435.485698212482,4465.485698212482,6036.858195540287,6226.858195540287,450.0,1435.2858669135971,0.0,0,0,0,1
S2,continuous,C,272,66,3830.421088337796,5565.555227090234,5607.32797826975,5607.32797826975,5629.891580919492,1735.1341387524385,1735.1341387524385,0.0,1735.1341387524385,5565.555227090234,5595.555227090234,5619.891580919492,5809.891580919492,300.0,1253.8704707991694,0.0,4,4,0,0
S2,continuous,C,273,92,3830.5403213317004,4919.58047204195,5001.078028122486,6192.316172154453,6236.858195540287,1089.0401507102497,1089.0401507102497,1191.2381440319668,2280.2782947422165,4919.58047204195,4949.58047204195,6226.858195540287,6416.858195540287,450.0,1087.8749675869526,0.0,0,0,0,1
S2,continuous,C,274,99,3861.836268860334,4330.191465752059,4369.551860733294,5568.899049451036,5605.555227090234,468.3551968917254,168.35519689172543,1199.347188717742,1367.7023856094675,4330.191465752059,4360.191465752059,5595.555227090234,5785.555227090234,350.0,857.2257772487104,0.0,0,0,0,1
S2,continuous,C,275,44,3862.3862115748257,4911.836268860334,4988.899049451036,5748.899049451036,5795.555227090234,1049.4500572855081,1049.4500572855081,760.0,1809.4500572855081,4911.836268860334,4941.836268860334,5785.555227090234,5975.555227090234,400.0,1591.6860639264555,0.0,0,0,0,1
S2,continuous,C,276,29,3868.793997001284,6310.5403213317,6369.482546083607,6529.482546083607,6582.286645662117,2441.7463243304164,2441.7463243304164,160.0,2601.7463243304164,6310.5403213317,6340.5403213317,6572.286645662117,6762.286645662117,300.0,1987.288077635793,0.0,3,3,0,0
S2,continuous,C,277,17,3870.1914657520583,4360.191465752059,4399.551860733294,5948.899049451036,5985.555227090234,490.0000000000009,190.0000000000009,1549.347188717742,1739.347188717743,4360.191465752059,4390.191465752059,5975.555227090234,6165.555227090234,350.0,857.2257772487104,0.0,0,0,0,1
S2,continuous,C,278,67,3874.3389209909255,5424.364645968559,5489.234171046984,5660.564035442053,5712.386211574826,1550.0257249776332,1550.0257249776332,171.3298643950693,1721.3555893727025,5424.364645968559,5454.364645968559,5702.386211574826,5892.386211574826,300.0,1327.4930785507627,0.0,2,2,0,0
S2,continuous,C,279,22,3885.5552270902335,5454.364645968559,5529.9095699582,5851.671473895042,5864.3389209909255,1568.8094188783252,1568.8094188783252,321.7619039368419,1890.5713228151672,5454.364645968559,5484.364645968559,5854.3389209909255,6044.3389209909255,350.0,1226.7460274474124,0.0,0,0,0,1
S2,continuous,C,280,12,3896.858195540287,3896.858195540287,4021.10662301917,6352.316172154453,6426.858195540287,0.0,0.0,2331.209549135283,2331.209549135283,3896.858195540287,3926.858195540287,6416.858195540287,6606.858195540287,600.0,1923.1659194057056,0.0,0,0,0,1
S2,continuous,C,281,26,3959.914090579028,4390.191465752059,4437.263740530547,4900.553346747096,4951.836268860334,430.27737517303103,250.27737517303103,463.28960621654915,713.5669813895802,4390.191465752059,4420.191465752059,4941.836268860334,5131.836268860334,350.0,1444.4848194357353,0.0,0,0,0,1
S2,continuous,C,282,32,4020.5403213317,5513.231904636724,5583.135677365569,5583.135677365569,5632.315775140418,1492.6915833050239,1492.6915833050239,0.0,1492.6915833050239,5513.231904636724,5543.231904636724,5622.315775140418,5812.315775140418,300.0,2360.3718071475523,0.0,4,4,0,0
S2,continuous,C,283,4,4064.3389209909255,6606.858195540287,6643.683608577926,6643.683608577926,6679.4600529625295,2542.5192745493614,2542.5192745493614,0.0,2542.5192745493614,6606.858195540287,6636.858195540287,6669.4600529625295,6859.4600529625295,300.0,1737.151648972516,0.0,2,2,0,0
S2,continuous,C,284,68,4075.5552270902335,4949.58047204195,5042.707996906264,6011.671473895042,6054.3389209909255,874.0252449517166,874.0252449517166,968.963476988778,1842.9887219404945,4949.58047204195,4979.58047204195,6044.3389209909255,6234.3389209909255,500.0,1237.1666717223734,0.0,0,0,0,1
S2,continuous,C,285,10,4086.858195540287,6234.3389209909255,6280.405381393198,6602.316172154453,6646.858195540287,2147.4807254506386,2147.4807254506386,321.91079076125516,2469.3915162118938,6234.3389209909255,6264.3389209909255,6636.858195540287,6826.858195540287,450.0,1279.3149061678332,0.0,0,0,0,1
S2,continuous,C,286,40,4111.836268860334,4979.58047204195,5061.078028122486,6792.316172154453,6836.858195540287,867.7442031816163,867.7442031816163,1731.2381440319668,2598.982347213583,4979.58047204195,5009.58047204195,6826.858195540287,7016.858195540287,450.0,1087.8749675869526,0.0,0,0,0,1
S2,continuous,C,287,43,4118.793997001284,6363.06388663038,6403.912401952365,6403.912401952365,6412.444356735632,2244.269889629096,2244.269889629096,0.0,2244.269889629096,6363.06388663038,6393.06388663038,6403.912401952365,6593.912401952365,300.0,1432.4793523524056,0.0,4,4,0,0
S2,continuous,C,288,15,4150.191465752059,4931.70700437545,4999.464532161303,6341.440944310981,6403.06388663038,781.515538623391,541.515538623391,1341.9764121496773,1883.4919507730683,4931.70700437545,4961.70700437545,6393.06388663038,6583.06388663038,500.0,1832.4793523524056,0.0,0,0,0,1
S2,continuous,C,289,54,4150.238959158717,6583.06388663038,6620.136161408867,6620.136161408867,6661.419083522105,2432.8249274716627,2432.8249274716627,0.0,2432.8249274716627,6583.06388663038,6613.06388663038,6651.419083522105,6841.419083522105,300.0,1344.4848194357353,0.0,1,1,0,0
S2,continuous,C,290,28,4165.485698212482,5142.923563913471,5213.5895416344365,5810.564035442053,5902.386211574826,977.4378657009893,797.4378657009893,596.9744938076165,1394.4123595086057,5142.923563913471,5172.923563913471,5892.386211574826,6082.386211574826,500.0,1312.087231994078,0.0,0,0,0,1
S2,continuous,C,291,82,4210.5403213317,6340.5403213317,6387.396922582814,6601.440944310981,6623.06388663038,2130.0,2130.0,214.04402172816663,2344.0440217281666,6340.5403213317,6370.5403213317,6613.06388663038,6803.06388663038,300.0,1025.6740579539971,0.0,1,1,0,0
S2,continuous,C,292,46,4249.907966682571,6264.3389209909255,6286.058127199048,6481.850877783079,6535.926643535155,2014.4309543083546,2014.4309543083546,195.79275058403164,2210.223704892386,6264.3389209909255,6294.3389209909255,6525.926643535155,6715.926643535155,350.0,937.1666717223733,0.0,0,0,0,1
S2,continuous,C,293,86,4254.3389209909255,5543.231904636724,5630.294685227426,6118.899049451036,6175.555227090234,1288.8929836457983,1288.8929836457983,488.60436422361,1777.4973478694083,5543.231904636724,5573.231904636724,6165.555227090234,6355.555227090234,450.0,1691.6860639264555,0.0,0,0,0,1
S2,continuous,C,294,49,4276.858195540287,6803.06388663038,6839.121405173951,6839.121405173951,6841.788852269834,2526.205691090093,2526.205691090093,0.0,2526.205691090093,6803.06388663038,6833.06388663038,6839.121405173951,7029.121405173951,300.0,1083.7570286879022,0.0,2,2,0,0
S2,continuous,C,295,79,4329.58047204195,4465.485698212482,4582.86594881669,6241.671473895042,6304.3389209909255,135.90522617053193,135.90522617053193,1658.8055250783518,1794.7107512488838,4465.485698212482,4495.485698212482,6294.3389209909255,6484.3389209909255,600.0,1242.986414238962,0.0,0,0,0,1
S2,continuous,C,296,36,4331.836268860334,7016.858195540287,7050.67842125429,7050.67842125429,7073.242023904032,2685.021926679953,2685.021926679953,0.0,2685.021926679953,7016.858195540287,7046.858195540287,7063.242023904032,7253.242023904032,300.0,1470.7416187224624,0.0,2,2,0,0
S2,continuous,C,297,72,4368.793997001284,7046.858195540287,7080.67842125429,7240.67842125429,7263.242023904032,2678.064198539003,2678.064198539003,160.0,2838.064198539003,7046.858195540287,7076.858195540287,7253.242023904032,7443.242023904032,300.0,1470.7416187224624,0.0,2,2,0,0
S2,continuous,C,298,8,4370.238959158717,6355.555227090234,6390.588557326546,6390.588557326546,6442.410733459319,1985.3162679315174,1985.3162679315174,0.0,1985.3162679315174,6355.555227090234,6385.555227090234,6432.410733459319,6622.410733459319,300.0,950.8686086674074,0.0,1,1,0,0
S2,continuous,C,299,47,4375.555227090234,5573.231904636724,5689.96415920905,6761.440944310981,6843.06388663038,1197.6766775464894,1197.6766775464894,1071.4767851019305,2269.15346264842,5573.231904636724,5603.231904636724,6833.06388663038,7023.06388663038,600.0,1944.4848194357353,0.0,0,0,0,1
S2,continuous,C,300,90,4379.891580919491,5484.364645968559,5609.9095699582,6431.671473895042,6494.3389209909255,1104.4730650490674,1104.4730650490674,821.7619039368419,1926.2349689859093,5484.364645968559,5514.364645968559,6484.3389209909255,6674.3389209909255,600.0,1726.7460274474124,0.0,0,0,0,1
S2,continuous,C,301,24,4439.907966682571,4892.459939086331,4992.659267816218,6328.899049451036,6395.555227090234,452.5519724037604,452.5519724037604,1336.2397816348184,1788.7917540385788,4892.459939086331,4922.459939086331,6385.555227090234,6575.555227090234,500.0,1350.8686086674074,0.0,0,0,0,1
S2,continuous,C,302,60,4444.3389209909255,5514.364645968559,5610.334525914372,6324.763876947097,6380.5403213317,1070.0257249776332,1070.0257249776332,714.4293510327252,1784.4550760103584,5514.364645968559,5544.364645968559,6370.5403213317,6560.5403213317,400.0,2187.288077635793,0.0,0,0,0,1
S2,continuous,C,303,45,4459.019864902213,4961.70700437545,5001.01192534955,5150.359961263729,5182.923563913471,502.68713947323704,502.68713947323704,149.34803591417858,652.0351753874156,4961.70700437545,4991.70700437545,5172.923563913471,5362.923563913471,350.0,1640.3421998872593,0.0,0,0,0,1
S2,continuous,C,304,34,4460.540321331701,5544.364645968559,5630.334525914372,6823.683608577926,6869.4600529625295,1083.8243246368575,1083.8243246368575,1193.3490826635543,2277.173407300412,5544.364645968559,5574.364645968559,6859.4600529625295,7049.4600529625295,350.0,2087.288077635793,0.0,0,0,0,1
S2,continuous,C,305,33,4466.858195540287,6674.3389209909255,6682.564442558244,6682.564442558244,6734.386618691017,2207.4807254506386,2207.4807254506386,0.0,2207.4807254506386,6674.3389209909255,6704.3389209909255,6724.386618691017,6914.386618691017,300.0,642.986414238962,0.0,0,0,0,0
S2,continuous,C,306,87,4519.58047204195,7076.858195540287,7106.468548630155,7106.468548630155,7155.648646405004,2557.277723498337,2557.277723498337,0.0,2557.277723498337,7076.858195540287,7106.858195540287,7145.648646405004,7335.648646405004,300.0,1323.1659194057054,0.0,1,1,0,0
S2,continuous,C,307,73,4522.459939086331,5574.364645968559,5643.785669981984,5773.135677365569,5822.315775140418,1051.9047068822274,1051.9047068822274,129.35000738358485,1181.2547142658123,5574.364645968559,5604.364645968559,5812.315775140418,6002.315775140418,300.0,1617.7159490944925,0.0,1,1,0,0
S2,continuous,C,308,91,4560.238959158717,6082.386211574826,6159.48330904753,6661.850877783079,6725.926643535155,1522.147252416109,1522.147252416109,502.36756873554896,2024.514821151658,6082.386211574826,6112.386211574826,6715.926643535155,6905.926643535155,400.0,1031.1511320863244,0.0,0,0,0,1
S2,continuous,C,309,19,4565.555227090234,6312.459939086331,6399.557036559036,6841.850877783079,6915.926643535155,1746.904711996097,1746.904711996097,442.2938412240437,2189.1985532201406,6312.459939086331,6342.459939086331,6905.926643535155,7095.926643535155,450.0,1131.1511320863244,0.0,0,0,0,1
S2,continuous,C,310,51,4582.923563913471,5603.231904636724,5651.755597040119,6029.080997601713,6051.644600251455,1020.3083407232525,1020.3083407232525,377.3254005615936,1397.633741284846,5603.231904636724,5633.231904636724,6041.644600251455,6231.644600251455,300.0,801.9506431586985,0.0,0,0,0,0
S2,continuous,C,311,93,4588.793997001284,4900.920139364028,4966.7171615737925,5561.560546390049,5614.364645968559,312.12614236274385,192.12614236274385,594.8433848162567,786.9695271790006,4900.920139364028,4930.920139364028,5604.364645968559,5794.364645968559,300.0,1617.7159490944925,0.0,1,1,0,0
S2,continuous,C,312,56,4634.3389209909255,6575.555227090234,6617.32797826975,6617.32797826975,6639.891580919492,1941.216306099309,1941.216306099309,0.0,1941.216306099309,6575.555227090234,6605.555227090234,6629.891580919492,6819.891580919492,300.0,1253.8704707991694,0.0,4,4,0,0
S2,continuous,C,313,1,4641.836268860334,4641.836268860334,4773.053299455581,6963.683608577926,7059.4600529625295,0.0,0.0,2190.6303091223454,2190.6303091223454,4641.836268860334,4671.836268860334,7049.4600529625295,7239.4600529625295,600.0,2493.9115654904763,0.0,0,0,0,1
S2,continuous,C,314,6,4649.019864902213,7106.858195540287,7150.67842125429,7420.67842125429,7453.242023904032,2457.838330638074,2457.838330638074,270.0,2727.838330638074,7106.858195540287,7136.858195540287,7443.242023904032,7633.242023904032,350.0,1570.7416187224624,0.0,0,0,0,1
S2,continuous,C,315,62,4656.858195540287,4991.70700437545,5063.22250783725,6822.564442558244,6924.386618691017,334.84880883516325,334.84880883516325,1759.3419347209938,2094.190743556157,4991.70700437545,5021.70700437545,6914.386618691017,7104.386618691017,550.0,1667.3405664824334,0.0,0,0,0,1
S2,continuous,C,316,20,4680.5403213317,5021.70700437545,5056.810844405378,5056.810844405378,5105.990942180227,341.1666830437498,341.1666830437498,0.0,341.1666830437498,5021.70700437545,5051.70700437545,5095.990942180227,5285.990942180227,300.0,2060.019279234596,0.0,2,2,0,0
S2,continuous,C,317,5,4712.459939086331,5009.58047204195,5100.038215157464,6971.440944310981,7033.06388663038,297.1205329556187,297.1205329556187,1871.4027291535167,2168.5232621091354,5009.58047204195,5039.58047204195,7023.06388663038,7213.06388663038,500.0,1153.9586979199278,0.0,0,0,0,1
S2,continuous,C,318,35,4720.920139364028,7213.06388663038,7243.870163336069,7243.870163336069,7295.692339468842,2492.143747266352,2492.143747266352,0.0,2492.143747266352,7213.06388663038,7243.06388663038,7285.692339468842,7475.692339468842,300.0,979.4478846801628,0.0,2,2,0,0
S2,continuous,C,319,52,4739.580472041949,6342.459939086331,6439.557036559036,7021.850877783079,7105.926643535155,1602.8794670443822,1602.8794670443822,582.2938412240437,2185.173308268426,6342.459939086331,6372.459939086331,7095.926643535155,7285.926643535155,500.0,1231.1511320863244,0.0,0,0,0,1
S2,continuous,C,320,16,4751.70700437545,7136.858195540287,7173.683608577926,7213.683608577926,7249.4600529625295,2385.1511911648367,2385.1511911648367,40.0,2425.1511911648367,7136.858195540287,7166.858195540287,7239.4600529625295,7429.4600529625295,300.0,1737.151648972516,0.0,2,2,0,0
S2,continuous,C,321,97,4755.555227090234,6605.555227090234,6644.648442743088,6644.648442743088,6653.180397526355,1850.0,1850.0,0.0,1850.0,6605.555227090234,6635.555227090234,6644.648442743088,6834.648442743088,300.0,1005.0765296893172,0.0,2,2,0,0
S2,continuous,C,322,81,4772.923563913471,7166.858195540287,7200.597200107002,7200.597200107002,7241.88012222024,2393.9346316268156,2393.9346316268156,0.0,2393.9346316268156,7166.858195540287,7196.858195540287,7231.88012222024,7421.88012222024,300.0,1558.9234728874594,0.0,2,2,0,0
S2,continuous,C,323,74,4804.364645968559,7243.06388663038,7275.766985816289,7403.683608577926,7439.4600529625295,2438.699240661821,2438.699240661821,127.91662276163697,2566.615863423458,7243.06388663038,7273.06388663038,7429.4600529625295,7619.4600529625295,300.0,1025.6740579539971,0.0,1,1,0,0
S2,continuous,C,324,14,4824.3389209909255,7196.858195540287,7250.67842125429,7600.67842125429,7643.242023904032,2372.5192745493614,2372.5192745493614,350.0,2722.5192745493614,7196.858195540287,7226.858195540287,7633.242023904032,7823.242023904032,400.0,1670.7416187224624,0.0,0,0,0,1
S2,continuous,C,325,85,4839.019864902213,5139.019864902213,5207.660727481137,5701.560546390049,5804.364645968559,300.0,0.0,493.8998189089125,493.8998189089125,5139.019864902213,5169.019864902213,5794.364645968559,5984.364645968559,550.0,1480.6074581859948,0.0,0,0,0,1
S2,continuous,C,326,38,4846.858195540287,6372.459939086331,6442.384490290327,6797.32797826975,6829.891580919492,1525.6017435460444,1525.6017435460444,354.94348797942257,1880.545231525467,6372.459939086331,6402.459939086331,6819.891580919492,7009.891580919492,350.0,1012.0872319940779,0.0,0,0,0,1
S2,continuous,C,327,88,4870.540321331701,7273.06388663038,7303.870163336069,7433.870163336069,7485.692339468842,2402.5235652986785,2402.5235652986785,130.0,2532.5235652986785,7273.06388663038,7303.06388663038,7475.692339468842,7665.692339468842,300.0,979.4478846801628,0.0,2,2,0,0
S2,continuous,C,328,95,4945.555227090234,4945.555227090234,5021.473337441702,5021.473337441702,5075.549103193777,0.0,0.0,0.0,0.0,4945.555227090234,4975.555227090234,5065.549103193777,5255.549103193777,350.0,1682.1468227425091,0.0,0,0,0,1
S2,continuous,C,329,26,4951.836268860334,5255.549103193777,5316.362881522471,5316.362881522471,5365.54297929732,303.7128343334434,303.7128343334434,0.0,303.7128343334434,5255.549103193777,5285.549103193777,5355.54297929732,5545.54297929732,300.0,1582.1468227425091,0.0,3,3,0,0
S2,continuous,C,330,48,4952.386211574826,6622.410733459319,6679.7909840635275,7029.121405173951,7031.788852269834,1670.024521884493,1670.024521884493,349.33042111042323,2019.3549429949162,6622.410733459319,6652.410733459319,7029.121405173951,7219.121405173951,300.0,642.986414238962,0.0,0,0,0,0
S2,continuous,C,331,63,4962.923563913471,5169.019864902213,5236.688483443806,7176.453958078067,7229.121405173951,206.09630098874186,26.09630098874186,1939.7654746342614,1965.8617756230033,5169.019864902213,5199.019864902213,7219.121405173951,7409.121405173951,550.0,1165.107926617472,0.0,0,0,0,1
S2,continuous,C,332,77,4994.364645968558,5362.923563913471,5456.745759166951,7231.440944310981,7313.06388663038,368.55891794491345,368.55891794491345,1774.69518514403,2143.2541030889433,5362.923563913471,5392.923563913471,7303.06388663038,7493.06388663038,600.0,1571.5055650948814,0.0,0,0,0,1
S2,continuous,C,333,11,5014.3389209909255,5285.549103193777,5397.046659274313,7162.316172154453,7236.858195540287,271.2101822028517,271.2101822028517,1765.2695128801397,2036.4796950829914,5285.549103193777,5315.549103193777,7226.858195540287,7416.858195540287,600.0,1387.8749675869526,0.0,0,0,0,1
S2,continuous,C,334,3,5029.019864902213,6652.410733459319,6716.298335092008,6719.482546083607,6772.286645662117,1623.390868557106,1623.390868557106,3.1842109915996843,1626.5750795487056,6652.410733459319,6682.410733459319,6762.286645662117,6952.286645662117,300.0,1327.4930785507627,0.0,2,2,0,0
S2,continuous,C,335,64,5036.858195540287,5285.990942180227,5400.102938006141,6568.899049451036,6645.555227090234,249.1327466399398,189.1327466399398,1168.7961114448954,1357.9288580848352,5285.990942180227,5315.990942180227,6635.555227090234,6825.555227090234,550.0,1874.6412471412327,0.0,0,0,0,1
S2,continuous,C,336,95,5075.549103193777,6704.3389209909255,6760.405381393198,7372.316172154453,7426.858195540287,1628.7898177971483,1628.7898177971483,611.9107907612552,2240.7006085584035,6704.3389209909255,6734.3389209909255,7416.858195540287,7606.858195540287,500.0,1379.3149061678332,0.0,0,0,0,1
S2,continuous,C,337,23,5090.540321331701,5199.019864902213,5279.988857699135,6748.899049451036,6835.555227090234,108.47954357051185,48.47954357051185,1468.910191751901,1517.389735322413,5199.019864902213,5229.019864902213,6825.555227090234,7015.555227090234,600.0,1605.0765296893173,0.0,0,0,0,1
S2,continuous,C,338,20,5105.990942180227,7606.858195540287,7640.67842125429,7810.67842125429,7833.242023904032,2500.86725336006,2500.86725336006,170.0,2670.86725336006,7606.858195540287,7636.858195540287,7823.242023904032,8013.242023904032,300.0,1470.7416187224624,0.0,2,2,0,0
S2,continuous,C,339,78,5135.555227090234,6560.5403213317,6623.517417848131,6834.648442743088,6843.180397526355,1424.985094241466,1424.985094241466,211.13102489495668,1636.1161191364226,6560.5403213317,6590.5403213317,6834.648442743088,7024.648442743088,300.0,2034.918804627834,0.0,1,1,0,0
S2,continuous,C,340,98,5142.386211574826,5322.386211574826,5447.30754312893,7366.453958078067,7419.121405173951,180.0,0.0,1919.1464149491376,1919.1464149491376,5322.386211574826,5352.386211574826,7409.121405173951,7599.121405173951,550.0,2475.3199763040047,0.0,0,0,0,1
S2,continuous,C,341,2,5143.231904636724,5984.364645968559,6056.797074355065,6219.080997601713,6241.644600251455,841.132741331835,841.132741331835,162.28392324664765,1003.4166645784826,5984.364645968559,6014.364645968559,6231.644600251455,6421.644600251455,300.0,1685.3937650077012,0.0,1,1,0,0
S2,continuous,C,342,45,5182.923563913471,7493.06388663038,7529.121405173951,7599.121405173951,7601.788852269834,2310.1403227169085,2310.1403227169085,70.0,2380.1403227169085,7493.06388663038,7523.06388663038,7599.121405173951,7789.121405173951,300.0,1083.7570286879022,0.0,2,2,0,0
S2,continuous,C,343,83,5204.3389209909255,5545.54297929732,5680.464310851424,7736.453958078067,7799.121405173951,341.2040583063945,341.2040583063945,2055.9896472266437,2397.193705533038,5545.54297929732,5575.54297929732,7789.121405173951,7979.121405173951,600.0,2575.3199763040047,0.0,0,0,0,1
S2,continuous,C,344,31,5219.019864902213,7015.555227090234,7096.4735937523665,7582.316172154453,7646.858195540287,1796.5353621880213,1796.5353621880213,485.8425784020865,2282.3779405901078,7015.555227090234,7045.555227090234,7636.858195540287,7826.858195540287,550.0,990.1369399874023,0.0,0,0,0,1
S2,continuous,C,345,25,5226.858195540287,5526.858195540287,5619.050126998026,5921.560546390049,6024.364645968559,300.0,0.0,302.5104193920233,302.5104193920233,5526.858195540287,5556.858195540287,6014.364645968559,6204.364645968559,550.0,2185.3937650077014,0.0,0,0,0,1
S2,continuous,C,346,80,5244.364645968559,7045.555227090234,7077.270930226944,7077.270930226944,7130.075029805454,1801.1905811216757,1801.1905811216757,0.0,1801.1905811216757,7045.555227090234,7075.555227090234,7120.075029805454,7310.075029805454,300.0,734.6030859226134,0.0,0,0,0,0
S2,continuous,C,347,13,5280.540321331701,6682.410733459319,6757.2164582706255,7016.116487959821,7034.648442743088,1401.8704121276178,1401.8704121276178,258.90002968919543,1660.7704418168132,6682.410733459319,6712.410733459319,7024.648442743088,7214.648442743088,350.0,1267.3405664824334,0.0,0,0,0,1
S2,continuous,C,348,37,5332.386211574827,7075.555227090234,7130.3252974282805,7583.683608577926,7629.4600529625295,1743.1690155154074,1743.1690155154074,453.3583111496455,2196.527326665053,7075.555227090234,7105.555227090234,7619.4600529625295,7809.4600529625295,350.0,1619.755956708848,0.0,0,0,0,1
S2,continuous,C,349,30,5333.231904636724,6204.364645968559,6318.7464651432665,7762.316172154453,7836.858195540287,871.132741331835,871.132741331835,1443.5697070111864,2314.7024483430214,6204.364645968559,6234.364645968559,7826.858195540287,8016.858195540287,600.0,1041.911921234961,0.0,0,0,0,1
S2,continuous,C,350,27,5355.555227090234,5544.648442743088,5625.61743554001,7028.899049451036,7115.555227090234,189.09321565285336,189.09321565285336,1403.2816139110264,1592.3748295638798,5544.648442743088,5574.648442743088,7105.555227090234,7295.555227090234,600.0,1605.0765296893173,0.0,0,0,0,1
S2,continuous,C,351,61,5363.180397526355,7523.06388663038,7576.256350598016,7992.316172154453,8026.858195540287,2159.883489104025,2159.883489104025,416.0598215564369,2575.943310660462,7523.06388663038,7553.06388663038,8016.858195540287,8206.858195540288,400.0,1152.1262717419622,0.0,0,0,0,1
S2,continuous,C,352,26,5365.54297929732,5764.648442743088,5786.030616308558,5786.030616308558,5830.106382060633,399.1054634457678,399.1054634457678,0.0,399.1054634457678,5764.648442743088,5794.648442743088,5820.106382060633,6010.106382060633,300.0,1119.7198548235888,0.0,1,1,0,0
S2,continuous,C,353,41,5394.3389209909255,8206.858195540288,8222.977938522321,8222.977938522321,8275.782038100831,2812.5192745493623,2812.5192745493623,0.0,2812.5192745493623,8206.858195540288,8236.858195540288,8265.782038100831,8455.782038100831,300.0,441.9119212349611,0.0,0,0,0,0
S2,continuous,C,354,75,5409.019864902213,6734.3389209909255,6752.564442558244,7613.870163336069,7675.692339468842,1325.3190560887124,1325.3190560887124,861.3057207778247,2186.624776866537,6734.3389209909255,6764.3389209909255,7665.692339468842,7855.692339468842,350.0,742.986414238962,0.0,0,0,0,1
S2,continuous,C,355,58,5416.858195540287,8236.858195540288,8273.683608577927,8273.683608577927,8309.46005296253,2820.000000000001,2820.000000000001,0.0,2820.000000000001,8236.858195540288,8266.858195540288,8299.46005296253,8489.46005296253,300.0,1737.151648972516,0.0,2,2,0,0
S2,continuous,C,356,39,5470.5403213317,5470.5403213317,5552.5203956798,7237.270930226944,7320.075029805454,0.0,0.0,1684.7505345471445,1684.7505345471445,5470.5403213317,5500.5403213317,7310.075029805454,7500.075029805454,450.0,1311.3532330545418,0.0,0,0,0,1
S2,continuous,C,357,59,5522.386211574826,6186.143031845135,6267.658535306935,7753.870163336069,7865.692339468842,663.7568202703087,663.7568202703087,1486.2116280291339,2149.9684482994426,6186.143031845135,6216.143031845135,7855.692339468842,8045.692339468842,600.0,1767.3405664824334,0.0,0,0,0,1
S2,continuous,C,358,0,5583.180397526355,6216.143031845135,6251.246871875062,6251.246871875062,6300.426969649911,632.9626343187801,632.9626343187801,0.0,632.9626343187801,6216.143031845135,6246.143031845135,6290.426969649911,6480.426969649911,300.0,2060.019279234596,0.0,2,2,0,0
S2,continuous,C,359,99,5605.555227090234,6590.5403213317,6648.353698536702,6648.353698536702,6697.533796311551,984.985094241466,984.985094241466,0.0,984.985094241466,6590.5403213317,6620.5403213317,6687.533796311551,6877.533796311551,300.0,1893.911565490476,0.0,2,2,0,0
S2,continuous,C,360,18,5606.858195540287,7295.555227090234,7347.991263206897,7380.597200107002,7431.88012222024,1688.6970315499475,1688.6970315499475,32.60593690010501,1721.3029684500525,7295.555227090234,7325.555227090234,7421.88012222024,7611.88012222024,350.0,1491.6860639264555,0.0,0,0,0,1
S2,continuous,C,361,94,5613.06388663038,7325.555227090234,7387.991263206897,7560.597200107002,7621.88012222024,1712.4913404598547,1712.4913404598547,172.605936900105,1885.0972773599597,7325.555227090234,7355.555227090234,7611.88012222024,7801.88012222024,400.0,1591.6860639264555,0.0,0,0,0,1
S2,continuous,C,362,42,5614.3389209909255,8266.858195540288,8296.468548630157,8296.468548630157,8345.648646405005,2652.5192745493623,2652.5192745493623,0.0,2652.5192745493623,8266.858195540288,8296.858195540288,8335.648646405005,8525.648646405005,300.0,1323.1659194057054,0.0,1,1,0,0
S2,continuous,C,363,93,5614.364645968559,6002.315775140418,6126.427770966332,7278.899049451036,7365.555227090234,387.95112917185907,387.95112917185907,1152.4712784847043,1540.4224076565633,6002.315775140418,6032.315775140418,7355.555227090234,7545.555227090234,600.0,1974.6412471412327,0.0,0,0,0,1
S2,continuous,C,364,66,5629.891580919492,7553.06388663038,7588.181777593167,7588.181777593167,7637.361875368016,1923.1723057108875,1923.1723057108875,0.0,1923.1723057108875,7553.06388663038,7583.06388663038,7627.361875368016,7817.361875368016,300.0,1253.6784433637897,0.0,2,2,0,0
S2,continuous,C,365,32,5632.315775140418,6032.315775140418,6133.532805735665,7753.683608577926,7819.4600529625295,400.0,400.0,1620.1508028422613,2020.1508028422613,6032.315775140418,6062.315775140418,7809.4600529625295,7999.4600529625295,450.0,2193.9115654904763,0.0,0,0,0,1
S2,continuous,C,366,55,5660.540321331701,5660.540321331701,5767.90938864422,7468.899049451036,7555.555227090234,0.0,0.0,1700.9896608068166,1700.9896608068166,5660.540321331701,5690.540321331701,7545.555227090234,7735.555227090234,600.0,1173.2131543192338,0.0,0,0,0,1
S2,continuous,C,367,67,5712.386211574826,7583.06388663038,7626.256350598016,8282.316172154453,8306.858195540288,1870.6776750555537,1870.6776750555537,656.0598215564378,2526.7374966119914,7583.06388663038,7613.06388663038,8296.858195540288,8486.858195540288,350.0,1052.1262717419622,0.0,0,0,0,1
S2,continuous,C,368,44,5795.555227090234,6010.106382060633,6117.475449373152,7658.899049451036,7745.555227090234,214.55115497039878,214.55115497039878,1541.4236000778847,1755.9747550482834,6010.106382060633,6040.106382060633,7735.555227090234,7925.555227090234,600.0,1173.2131543192338,0.0,0,0,0,1
S2,continuous,C,369,96,5803.06388663038,6062.315775140418,6197.237106694522,7926.453958078067,7989.121405173951,259.25188851003804,259.25188851003804,1729.2168513835459,1988.468739893584,6062.315775140418,6092.315775140418,7979.121405173951,8169.121405173951,600.0,2575.3199763040047,0.0,0,0,0,1
S2,continuous,C,370,85,5804.364645968559,6620.5403213317,6717.396922582814,7551.440944310981,7623.06388663038,816.1756753631416,816.1756753631416,834.0440217281666,1650.2196970913083,6620.5403213317,6650.5403213317,7613.06388663038,7803.06388663038,550.0,1525.6740579539971,0.0,0,0,0,1
S2,continuous,C,371,50,5814.674986628402,6246.143031845135,6341.875638760229,7913.683608577926,8009.4600529625295,431.4680452167331,431.4680452167331,1571.807969817697,2003.2760150344302,6246.143031845135,6276.143031845135,7999.4600529625295,8189.4600529625295,600.0,2634.9188046278346,0.0,0,0,0,1
S2,continuous,C,372,73,5822.315775140418,7104.386618691017,7161.4837161637215,7251.850877783079,7295.926643535155,1282.0708435505994,1282.0708435505994,90.36716161935783,1372.4380051699573,7104.386618691017,7134.386618691017,7285.926643535155,7475.926643535155,300.0,831.1511320863244,0.0,0,0,0,0
S2,continuous,C,373,65,5826.858195540287,7925.555227090234,7963.313655220718,8169.121405173951,8171.788852269834,2098.6970315499475,2098.6970315499475,205.80774995323281,2304.5047815031803,7925.555227090234,7955.555227090234,8169.121405173951,8359.121405173952,300.0,886.7681564277509,0.0,1,1,0,0
S2,continuous,C,374,26,5830.106382060633,7955.555227090234,7987.270930226944,7987.270930226944,8040.075029805454,2125.448845029601,2125.448845029601,0.0,2125.448845029601,7955.555227090234,7985.555227090234,8030.075029805454,8220.075029805454,300.0,734.6030859226134,0.0,0,0,0,0
S2,continuous,C,375,21,5850.5403213317,7985.555227090234,8033.313655220718,8356.45395807807,8369.121405173952,2135.014905758534,2135.014905758534,323.14030285735043,2458.1552086158845,7985.555227090234,8015.555227090234,8359.121405173952,8549.121405173952,350.0,986.7681564277509,0.0,0,0,0,1
S2,continuous,C,376,70,5861.644600251455,7803.06388663038,7866.256350598016,8452.316172154453,8496.858195540288,1941.4192863789249,1941.4192863789249,586.0598215564378,2527.4791079353627,7803.06388663038,7833.06388663038,8486.858195540288,8676.858195540288,450.0,1252.1262717419622,0.0,0,0,0,1
S2,continuous,C,377,22,5864.3389209909255,6252.897775006657,6366.025299870971,8496.45395807807,8559.121405173952,388.5588540157314,388.5588540157314,2130.428658207097,2518.9875122228286,6252.897775006657,6282.897775006657,8549.121405173952,8739.121405173952,600.0,1437.1666717223734,0.0,0,0,0,1
S2,continuous,C,378,28,5902.386211574826,6282.897775006657,6402.507652825508,8403.683608577925,8499.460052962528,380.51156343183084,380.51156343183084,2001.1759557524183,2381.687519184249,6282.897775006657,6312.897775006657,8489.46005296253,8679.46005296253,600.0,2034.8685218017433,0.0,0,0,0,1
S2,continuous,C,379,17,5985.555227090234,6092.315775140418,6176.178926182498,6399.080997601713,6431.644600251455,106.76054805018339,106.76054805018339,222.90207141921474,329.6626194693981,6092.315775140418,6122.315775140418,6421.644600251455,6611.644600251455,350.0,2104.255386605015,0.0,0,0,0,1
S2,continuous,C,380,84,5993.06388663038,8676.858195540288,8710.678421254292,8710.678421254292,8733.242023904035,2683.794308909908,2683.794308909908,0.0,2683.794308909908,8676.858195540288,8706.858195540288,8723.242023904035,8913.242023904035,300.0,1470.7416187224624,0.0,2,2,0,0
S2,continuous,C,381,9,6006.143031845135,7475.926643535155,7575.536521354005,8613.683608577925,8689.460052962528,1469.7836116900198,1469.7836116900198,1038.1470872239206,2507.9306989139404,7475.926643535155,7505.926643535155,8679.46005296253,8869.46005296253,500.0,1834.8685218017433,0.0,0,0,0,1
S2,continuous,C,382,25,6024.364645968559,7134.386618691017,7191.4837161637215,7471.850877783079,7515.926643535155,1110.0219727224585,1110.0219727224585,280.36716161935783,1390.3891343418163,7134.386618691017,7164.386618691017,7505.926643535155,7695.926643535155,300.0,831.1511320863244,0.0,0,0,0,0
S2,continuous,C,383,89,6046.858195540287,6276.143031845135,6353.900559630988,7771.440944310981,7843.06388663038,229.2848363048479,229.2848363048479,1417.5403846799927,1646.8252209848406,6276.143031845135,6306.143031845135,7833.06388663038,8023.06388663038,550.0,1932.4793523524056,0.0,0,0,0,1
S2,continuous,C,384,51,6051.644600251455,7009.891580919492,7077.571757109552,7968.899049451036,8025.555227090234,958.2469806680374,958.2469806680374,891.3272923414843,1849.5742730095217,7009.891580919492,7039.891580919492,8015.555227090234,8205.555227090234,450.0,1553.8704707991692,0.0,0,0,0,1
S2,continuous,C,385,68,6054.3389209909255,8013.242023904032,8043.908001624997,8043.908001624997,8095.73017775777,1958.9031029131065,1958.9031029131065,0.0,1958.9031029131065,8013.242023904032,8043.242023904032,8085.73017775777,8275.73017775777,300.0,912.0872319940779,0.0,0,0,0,0
S2,continuous,C,386,69,6070.540321331701,8189.4600529625295,8244.690017534953,8739.121405173952,8741.788852269834,2118.919731630828,2118.919731630828,494.4313876389988,2613.351119269827,8189.4600529625295,8219.46005296253,8739.121405173952,8929.121405173952,300.0,1489.1208032571615,0.0,0,0,0,0
S2,continuous,C,387,7,6072.897775006657,8219.46005296253,8287.27343016753,8476.468548630157,8535.648646405005,2146.5622779558726,2146.5622779558726,189.19511846262685,2335.7573964184994,8219.46005296253,8249.46005296253,8525.648646405005,8715.648646405005,350.0,1993.911565490476,0.0,0,0,0,1
S2,continuous,C,388,71,6132.459939086331,8249.46005296253,8300.868714154314,8300.868714154314,8342.151636267552,2117.000113876198,2117.000113876198,0.0,2117.000113876198,8249.46005296253,8279.46005296253,8332.151636267552,8522.151636267552,300.0,1427.444619634661,0.0,1,1,0,0
S2,continuous,C,389,86,6175.555227090234,8869.46005296253,8924.690017534953,8929.121405173952,8931.788852269834,2693.904825872295,2693.904825872295,4.431387638998785,2698.336213511294,8869.46005296253,8899.46005296253,8929.121405173952,9119.121405173952,300.0,1489.1208032571615,0.0,0,0,0,0
S2,continuous,C,390,53,6183.06388663038,6183.06388663038,6307.175882456294,8128.899049451035,8215.555227090234,0.0,0.0,1821.7231669947414,1821.7231669947414,6183.06388663038,6213.06388663038,8205.555227090234,8395.555227090234,600.0,1974.6412471412327,0.0,0,0,0,1
S2,continuous,C,391,92,6236.858195540287,8899.46005296253,8950.868714154314,8950.868714154314,8992.151636267552,2662.6018574222426,2662.6018574222426,0.0,2662.6018574222426,8899.46005296253,8929.46005296253,8982.151636267552,9172.151636267552,300.0,1427.444619634661,0.0,1,1,0,0
S2,continuous,C,392,2,6241.644600251455,7164.386618691017,7278.260767863599,8652.316172154453,8716.858195540288,922.7420184395623,922.7420184395623,1374.0554042908552,2296.7974227304176,7164.386618691017,7194.386618691017,8706.858195540288,8896.858195540288,550.0,1635.2858669135971,0.0,0,0,0,1
S2,continuous,C,393,0,6300.426969649911,7695.926643535155,7747.906717883254,7747.906717883254,7800.710817461763,1395.4996738852433,1395.4996738852433,0.0,1395.4996738852433,7695.926643535155,7725.926643535155,7790.710817461763,7980.710817461763,300.0,1011.3532330545418,0.0,2,2,0,0
S2,continuous,C,394,79,6304.3389209909255,6304.3389209909255,6421.401701581628,8318.899049451036,8405.555227090235,0.0,0.0,1897.4973478694073,1897.4973478694073,6304.3389209909255,6334.3389209909255,8395.555227090234,8585.555227090234,600.0,1991.6860639264555,0.0,0,0,0,1
S2,continuous,C,395,76,6345.926643535155,6345.926643535155,6446.164815815695,7417.270930226944,7510.075029805454,0.0,0.0,971.1061144112491,971.1061144112491,6345.926643535155,6375.926643535155,7500.075029805454,7690.075029805454,500.0,2134.118452945566,0.0,0,0,0,1
S2,continuous,C,396,60,6380.5403213317,8043.242023904032,8090.4886798210055,8090.4886798210055,8139.668777595854,1662.7017025723317,1662.7017025723317,0.0,1662.7017025723317,8043.242023904032,8073.242023904032,8129.668777595854,8319.668777595854,300.0,2004.2553866050148,0.0,2,2,0,0
S2,continuous,C,397,57,6392.286645662117,7725.926643535155,7837.424199615691,8832.316172154453,8906.858195540288,1333.6399978730378,1333.6399978730378,994.8919725387632,2328.531970411801,7725.926643535155,7755.926643535155,8896.858195540288,9086.858195540288,600.0,1387.8749675869526,0.0,0,0,0,1
S2,continuous,C,398,24,6395.555227090234,6593.912401952365,6675.427905414165,8173.908001624997,8285.73017775777,198.3571748621307,198.3571748621307,1498.480096210832,1696.8372710729627,6593.912401952365,6623.912401952365,8275.73017775777,8465.73017775777,600.0,1767.3405664824334,0.0,0,0,0,1
S2,continuous,C,399,15,6403.06388663038,8585.555227090234,8633.313655220718,9116.45395807807,9129.121405173952,2182.4913404598537,2182.4913404598537,483.14030285735134,2665.631643317205,8585.555227090234,8615.555227090234,9119.121405173952,9309.121405173952,350.0,986.7681564277509,0.0,0,0,0,1
S2,continuous,C,400,43,6412.444356735632,8023.06388663038,8052.424281611615,8598.899049451036,8625.555227090235,1610.6195298947478,1610.6195298947478,546.4747678394206,2157.0942977341683,8023.06388663038,8053.06388663038,8615.555227090234,8805.555227090234,300.0,757.2257772487104,0.0,2,2,0,0
S2,continuous,C,401,12,6426.858195540287,8929.46005296253,8980.770609413907,8980.770609413907,9024.846375165982,2502.6018574222426,2502.6018574222426,0.0,2502.6018574222426,8929.46005296253,8959.46005296253,9014.846375165982,9204.846375165982,300.0,1434.8685218017433,0.0,3,3,0,0
S2,continuous,C,402,17,6431.644600251455,7214.648442743088,7246.163946204888,8413.908001624997,8475.73017775777,783.0038424916329,783.0038424916329,1167.7440554201094,1950.7478979117423,7214.648442743088,7244.648442743088,8465.73017775777,8655.73017775777,350.0,1267.3405664824336,0.0,0,0,0,1
S2,continuous,C,403,8,6442.410733459319,6480.426969649911,6558.2279180403675,6810.136161408867,6851.419083522105,38.01623619059228,38.01623619059228,251.90824336849983,289.9244795590921,6480.426969649911,6510.426969649911,6841.419083522105,7031.419083522105,300.0,2360.3718071475523,0.0,4,4,0,0
S2,continuous,C,404,90,6494.3389209909255,6764.3389209909255,6784.428896100795,6990.136161408867,7041.419083522105,270.0,270.0,205.70726530807224,475.70726530807224,6764.3389209909255,6794.3389209909255,7031.419083522105,7221.419083522105,350.0,814.5870469780346,0.0,0,0,0,1
S2,continuous,C,405,46,6535.926643535155,9086.858195540288,9114.799232232512,9309.121405173952,9311.788852269834,2550.931552005133,2550.931552005133,194.32217294143993,2745.253724946573,9086.858195540288,9116.858195540288,9309.121405173952,9499.121405173952,300.0,979.3149061678332,0.0,1,1,0,0
S2,continuous,C,406,29,6582.286645662117,6582.286645662117,6696.149796704197,8020.67842125429,8083.242023904032,0.0,0.0,1324.528624550093,1324.528624550093,6582.286645662117,6612.286645662117,8073.242023904032,8263.242023904033,500.0,2404.255386605015,0.0,0,0,0,1
S2,continuous,C,407,82,6623.06388663038,6877.533796311551,6958.286676380422,8603.908001624997,8665.73017775777,254.46990968117098,194.46990968117098,1645.621325244575,1840.091234925746,6877.533796311551,6907.533796311551,8655.73017775777,8845.73017775777,350.0,2043.1968558062856,0.0,0,0,0,1
S2,continuous,C,408,56,6639.891580919492,8053.06388663038,8085.945421553516,8250.678421254292,8273.242023904035,1413.1723057108875,1413.1723057108875,164.7329997007746,1577.905305411662,8053.06388663038,8083.06388663038,8263.242023904033,8453.242023904033,300.0,971.5055650948814,0.0,0,0,0,0
S2,continuous,C,409,64,6645.555227090234,9116.858195540288,9143.452191965931,9143.452191965931,9195.274368098704,2471.3029684500534,2471.3029684500534,0.0,2471.3029684500534,9116.858195540288,9146.858195540288,9185.274368098704,9375.274368098704,300.0,1135.2858669135971,0.0,1,1,0,0
S2,continuous,C,410,10,6646.858195540287,9499.121405173952,9509.211380283821,9509.211380283821,9550.494302397059,2852.2632096336647,2672.2632096336647,0.0,2672.2632096336647,9499.121405173952,9529.121405173952,9540.494302397059,9730.494302397059,300.0,714.5870469780347,0.0,0,0,0,0
S2,continuous,C,411,97,6653.180397526355,8805.555227090234,8840.588557326546,8840.588557326546,8892.410733459319,2152.374829563879,2152.374829563879,0.0,2152.374829563879,8805.555227090234,8835.555227090234,8882.410733459319,9072.410733459319,300.0,950.8686086674074,0.0,1,1,0,0
S2,continuous,C,412,54,6661.419083522105,8083.06388663038,8123.912401952365,8123.912401952365,8132.444356735632,1421.6448031082746,1421.6448031082746,0.0,1421.6448031082746,8083.06388663038,8113.06388663038,8123.912401952365,8313.912401952366,300.0,1432.4793523524056,0.0,4,4,0,0
S2,continuous,C,413,4,6679.4600529625295,7244.648442743088,7323.953363717188,8390.678421254292,8463.242023904035,565.1883897805583,565.1883897805583,1066.7250575371027,1631.913447317661,7244.648442743088,7274.648442743088,8453.242023904033,8643.242023904033,550.0,2040.3421998872593,0.0,0,0,0,1
S2,continuous,C,414,99,6697.533796311551,7801.88012222024,7898.9429028109425,8778.899049451036,8845.555227090235,1104.3463259086893,1104.3463259086893,879.9561466400928,1984.3024725487821,7801.88012222024,7831.88012222024,8835.555227090234,9025.555227090234,500.0,1791.6860639264555,0.0,0,0,0,1
S2,continuous,C,415,91,6725.926643535155,8113.06388663038,8195.766985816288,8883.683608577927,8969.46005296253,1387.1372430952251,1387.1372430952251,687.9166227616388,2075.053865856864,8113.06388663038,8143.06388663038,8959.46005296253,9149.46005296253,550.0,1525.6740579539971,0.0,0,0,0,1
S2,continuous,C,416,33,6734.386618691017,7274.648442743088,7363.953363717188,8840.678421254292,8923.242023904035,540.2618240520706,540.2618240520706,1476.7250575371045,2016.986881589175,7274.648442743088,7304.648442743088,8913.242023904035,9103.242023904035,600.0,2140.342199887259,0.0,0,0,0,1
S2,continuous,C,417,3,6772.286645662117,7194.386618691017,7259.192343502324,7304.648442743088,7313.180397526355,422.0999730289004,422.0999730289004,45.45609924076416,467.5560722696646,7194.386618691017,7224.386618691017,7304.648442743088,7494.648442743088,300.0,1167.3405664824334,0.0,1,1,0,0
S2,continuous,C,418,38,6829.891580919492,9146.858195540288,9176.468548630157,9176.468548630157,9225.648646405005,2316.9666146207956,2316.9666146207956,0.0,2316.9666146207956,9146.858195540288,9176.858195540288,9215.648646405005,9405.648646405005,300.0,1323.1659194057054,0.0,1,1,0,0
S2,continuous,C,419,23,6835.555227090234,7755.926643535155,7867.424199615691,9112.316172154453,9186.858195540288,920.3714164449202,920.3714164449202,1244.8919725387632,2165.2633889836834,7755.926643535155,7785.926643535155,9176.858195540288,9366.858195540288,600.0,1387.8749675869526,0.0,0,0,0,1
S2,continuous,C,420,40,6836.858195540287,8143.06388663038,8222.424281611615,8958.899049451034,9035.555227090234,1306.2056910900928,1306.2056910900928,736.4747678394197,2042.6804589295125,8143.06388663038,8173.06388663038,9025.555227090234,9215.555227090234,550.0,1257.2257772487105,0.0,0,0,0,1
S2,continuous,C,421,49,6841.788852269834,7335.648646405004,7459.897073883887,9302.316172154453,9376.858195540288,493.85979413517,193.85979413516998,1842.4190982705668,2036.2788924057368,7335.648646405004,7365.648646405004,9366.858195540288,9556.858195540288,600.0,1923.1659194057056,0.0,0,0,0,1
S2,continuous,C,422,47,6843.06388663038,9556.858195540288,9590.597200107004,9699.211380283821,9740.494302397059,2713.794308909908,2713.794308909908,108.61418017681717,2822.4084890867252,9556.858195540288,9586.858195540288,9730.494302397059,9920.494302397059,300.0,1558.9234728874594,0.0,2,2,0,0
S2,continuous,C,423,78,6843.180397526355,7690.075029805454,7761.834379551266,7800.597200107002,7841.88012222024,846.8946322790989,546.8946322790989,38.76282055573665,585.6574528348356,7690.075029805454,7720.075029805454,7831.88012222024,8021.88012222024,300.0,1734.1184529455659,0.0,2,2,0,0
S2,continuous,C,424,8,6851.419083522105,9215.555227090234,9266.473593752366,9562.316172154453,9596.858195540288,2364.1361435681283,2364.1361435681283,295.8425784020874,2659.9787219702157,9215.555227090234,9245.555227090234,9586.858195540288,9776.858195540288,400.0,690.1369399874025,0.0,0,0,0,1
S2,continuous,C,425,34,6869.4600529625295,7224.386618691017,7297.781577117813,7326.468548630155,7375.648646405004,354.92656572848773,354.92656572848773,28.686971512342097,383.6135372408298,7224.386618691017,7254.386618691017,7365.648646405004,7555.648646405004,300.0,1943.1968558062856,0.0,2,2,0,0
S2,continuous,C,426,19,6915.926643535155,9245.555227090234,9275.504706289876,9275.504706289876,9319.580472041951,2329.628583555079,2329.628583555079,0.0,2329.628583555079,9245.555227090234,9275.555227090234,9309.580472041951,9499.580472041951,300.0,573.2131543192338,0.0,2,2,0,0
S2,continuous,C,427,62,6924.386618691017,9776.858195540288,9810.597200107004,9889.211380283821,9930.494302397059,2852.4715768492706,2852.4715768492706,78.61418017681717,2931.085757026088,9776.858195540288,9806.858195540288,9920.494302397059,10110.494302397059,300.0,1558.9234728874594,0.0,2,2,0,0
S2,continuous,C,428,48,7031.788852269834,7031.788852269834,7124.22128065634,9070.678421254292,9113.242023904035,0.0,0.0,1946.4571405979523,1946.4571405979523,7031.788852269834,7061.788852269834,9103.242023904035,9293.242023904035,400.0,1885.3937650077012,0.0,0,0,0,1
S2,continuous,C,429,5,7033.06388663038,7785.926643535155,7855.277330627161,9313.452191965931,9385.274368098704,752.8627569047749,752.8627569047749,1458.17486133877,2211.037618243545,7785.926643535155,7815.926643535155,9375.274368098704,9565.274368098704,400.0,1031.1511320863244,0.0,0,0,0,1
S2,continuous,C,430,13,7034.648442743088,8045.692339468842,8139.566488641423,9772.316172154453,9816.858195540288,1011.0438967257542,771.0438967257542,1632.7496835130305,2403.7935802387847,8045.692339468842,8075.692339468842,9806.858195540288,9996.858195540288,450.0,1435.2858669135971,0.0,0,0,0,1
S2,continuous,C,431,90,7041.419083522105,7494.648442743088,7539.752282773015,7768.181777593167,7827.361875368016,453.2293592209826,453.2293592209826,228.42949482015138,681.658854041134,7494.648442743088,7524.648442743088,7817.361875368016,8007.361875368016,350.0,2160.019279234596,0.0,0,0,0,1
S2,continuous,C,432,1,7059.4600529625295,9275.555227090234,9317.143302780498,9366.468548630157,9415.648646405005,2216.095174127704,2216.095174127704,49.32524584965904,2265.420419977363,9275.555227090234,9305.555227090234,9405.648646405005,9595.648646405005,300.0,1374.6412471412327,0.0,3,3,0,0
S2,continuous,C,433,36,7073.242023904032,8845.73017775777,8902.827275230475,9465.504706289876,9509.580472041951,1772.4881538537384,1532.4881538537384,562.677431059401,2095.1655849131394,8845.73017775777,8875.73017775777,9499.580472041951,9689.580472041951,300.0,831.1511320863244,0.0,0,0,0,0
S2,continuous,C,434,52,7105.926643535155,7524.648442743088,7556.030616308558,7771.850877783079,7825.926643535155,418.72179920793315,418.72179920793315,215.82026147452143,634.5420606824546,7524.648442743088,7554.648442743088,7815.926643535155,8005.926643535155,350.0,1219.7198548235888,0.0,0,0,0,1
S2,continuous,C,435,27,7115.555227090234,8021.88012222024,8128.79526114066,9073.683608577927,9159.46005296253,906.3248951300056,906.3248951300056,944.8883474372669,1851.2132425672726,8021.88012222024,8051.88012222024,9149.46005296253,9339.46005296253,550.0,1927.444619634661,0.0,0,0,0,1
S2,continuous,C,436,80,7130.075029805454,9305.555227090234,9357.143302780498,9546.468548630157,9605.648646405005,2175.48019728478,2175.48019728478,189.32524584965904,2364.805443134439,9305.555227090234,9335.555227090234,9595.648646405005,9785.648646405005,350.0,1474.6412471412327,0.0,0,0,0,1
S2,continuous,C,437,87,7155.648646405004,7554.648442743088,7650.381049658182,9253.683608577925,9349.460052962528,398.9997963380838,398.9997963380838,1603.3025589197441,2002.302355257828,7554.648442743088,7584.648442743088,9339.46005296253,9529.46005296253,600.0,2634.9188046278346,0.0,0,0,0,1
S2,continuous,C,438,63,7229.121405173951,9996.858195540288,10022.96974057436,10022.96974057436,10044.592682893759,2767.736790366337,2767.736790366337,0.0,2767.736790366337,9996.858195540288,10026.858195540288,10034.592682893759,10224.592682893759,300.0,952.1262717419622,0.0,0,0,0,0
S2,continuous,C,439,11,7236.858195540287,10026.858195540288,10060.597200107004,10079.211380283821,10120.494302397059,2790.000000000001,2790.000000000001,18.61418017681717,2808.614180176818,10026.858195540288,10056.858195540288,10110.494302397059,10300.494302397059,300.0,1558.9234728874594,0.0,2,2,0,0
S2,continuous,C,440,81,7241.88012222024,8173.06388663038,8201.068806313218,8201.068806313218,8245.144572065294,931.1837644101397,931.1837644101397,0.0,931.1837644101397,8173.06388663038,8203.06388663038,8235.144572065294,8425.144572065294,300.0,753.9586979199278,0.0,1,1,0,0
S2,continuous,C,441,16,7249.4600529625295,10056.858195540288,10075.662407949056,10075.662407949056,10102.318585588255,2807.3981425777583,2807.3981425777583,0.0,2807.3981425777583,10056.858195540288,10086.858195540288,10092.318585588255,10282.318585588255,300.0,490.13693998740246,0.0,0,0,0,0
S2,continuous,C,442,72,7263.242023904032,7720.075029805454,7785.566788787878,8191.440944310981,8213.06388663038,456.83300590142153,456.83300590142153,405.8741555231027,862.7071614245242,7720.075029805454,7750.075029805454,8203.06388663038,8393.06388663038,300.0,1217.9791697505295,0.0,1,1,0,0
S2,continuous,C,443,35,7295.692339468842,8005.926643535155,8086.7404218638485,8656.468548630157,8725.648646405005,710.2343040663127,710.2343040663127,569.7281267663075,1279.9624308326202,8005.926643535155,8035.926643535155,8715.648646405005,8905.648646405005,400.0,1782.1468227425091,0.0,0,0,0,1
S2,continuous,C,444,73,7295.926643535155,10086.858195540288,10120.597200107004,10269.211380283821,10310.494302397059,2790.931552005133,2790.931552005133,148.61418017681717,2939.5457321819504,10086.858195540288,10116.858195540288,10300.494302397059,10490.494302397059,300.0,1558.9234728874594,0.0,2,2,0,0
S2,continuous,C,445,77,7313.06388663038,9529.46005296253,9583.35039004598,9583.35039004598,9610.00656768518,2216.3961663321497,2216.3961663321497,0.0,2216.3961663321497,9529.46005296253,9559.46005296253,9600.00656768518,9790.00656768518,300.0,1519.755956708848,0.0,1,1,0,0
S2,continuous,C,446,3,7313.180397526355,8007.361875368016,8093.113858389525,8305.3804471691,8323.912401952366,694.181477841661,394.18147784166104,212.2665887795738,606.4480666212348,8007.361875368016,8037.361875368016,8313.912401952366,8503.912401952366,350.0,2160.019279234596,0.0,0,0,0,1
S2,continuous,C,447,39,7320.075029805454,10116.858195540288,10135.662407949056,10265.662407949056,10292.318585588255,2796.7831657348343,2796.7831657348343,130.0,2926.7831657348343,10116.858195540288,10146.858195540288,10282.318585588255,10472.318585588255,300.0,490.13693998740246,0.0,0,0,0,0
S2,continuous,C,448,93,7365.555227090234,7665.555227090234,7743.223845631827,9476.45395807807,9539.121405173952,300.0,0.0,1733.230112446241,1733.230112446241,7665.555227090234,7695.555227090234,9529.121405173952,9719.121405173952,600.0,1265.107926617472,0.0,0,0,0,1
S2,continuous,C,449,34,7375.648646405004,9559.46005296253,9622.43714947896,9622.43714947896,9630.969104262225,2183.8114065575255,2183.8114065575255,0.0,2183.8114065575255,9559.46005296253,9589.46005296253,9622.43714947896,9812.43714947896,300.0,2034.918804627834,0.0,1,1,0,0
S2,continuous,C,450,98,7419.121405173951,9589.46005296253,9639.557494584385,9639.557494584385,9691.379670717159,2170.338647788579,2170.338647788579,0.0,2170.338647788579,9589.46005296253,9619.46005296253,9681.379670717159,9871.379670717159,300.0,1392.7262517371585,0.0,0,0,0,0
S2,continuous,C,451,95,7426.858195540287,9619.46005296253,9673.35039004598,9773.35039004598,9800.00656768518,2192.6018574222426,2192.6018574222426,100.0,2292.6018574222426,9619.46005296253,9649.46005296253,9790.00656768518,9980.00656768518,300.0,1519.755956708848,0.0,1,1,0,0
S2,continuous,C,452,18,7431.88012222024,9072.410733459319,9155.805691886115,9736.468548630157,9795.648646405005,1640.530611239079,1640.530611239079,580.6628567440421,2221.193467983121,9072.410733459319,9102.410733459319,9785.648646405005,9975.648646405005,350.0,2043.1968558062856,0.0,0,0,0,1
S2,continuous,C,453,74,7439.4600529625295,7750.075029805454,7810.783437979987,8001.850877783079,8045.926643535155,310.6149768429241,310.6149768429241,191.06743980309238,501.68241664601646,7750.075029805454,7780.075029805454,8035.926643535155,8225.926643535155,300.0,1011.3532330545418,0.0,2,2,0,0
S2,continuous,C,454,6,7453.242023904032,7584.648442743088,7649.752282773015,8836.468548630157,8915.648646405005,131.40641883905573,131.40641883905573,1186.7162658571406,1318.1226846961963,7584.648442743088,7614.648442743088,8905.648646405005,9095.648646405005,450.0,2360.019279234596,0.0,0,0,0,1
S2,continuous,C,455,88,7485.692339468842,9335.555227090234,9369.948857391268,9369.948857391268,9391.571799710668,1849.8628876213916,1849.8628876213916,0.0,1849.8628876213916,9335.555227090234,9365.555227090234,9381.571799710668,9571.571799710668,300.0,757.2257772487103,0.0,2,2,0,0
S2,continuous,C,456,76,7510.075029805454,9719.121405173952,9739.211380283821,10449.211380283821,10500.494302397059,2209.046375368498,2209.046375368498,710.0,2919.046375368498,9719.121405173952,9749.121405173952,10490.494302397059,10680.494302397059,350.0,814.5870469780346,0.0,0,0,0,1
S2,continuous,C,457,25,7515.926643535155,9649.46005296253,9708.402277714436,9708.402277714436,9761.206377292947,2133.533409427375,2133.533409427375,0.0,2133.533409427375,9649.46005296253,9679.46005296253,9751.206377292947,9941.206377292947,300.0,1987.288077635793,0.0,3,3,0,0
S2,continuous,C,458,55,7555.555227090234,8393.06388663038,8430.136161408867,8490.868714154314,8532.151636267552,837.5086595401453,837.5086595401453,60.73255274544681,898.2412122855922,8393.06388663038,8423.06388663038,8522.151636267552,8712.151636267552,300.0,1344.4848194357353,0.0,1,1,0,0
S2,continuous,C,459,45,7601.788852269834,8425.144572065294,8528.272096929608,9706.45395807807,9759.121405173952,823.3557197954597,823.3557197954597,1178.1818611484614,2001.537580943921,8425.144572065294,8455.144572065294,9749.121405173952,9939.121405173952,550.0,1337.1666717223734,0.0,0,0,0,1
S2,continuous,C,460,94,7621.88012222024,7621.88012222024,7711.18504319434,9220.678421254292,9303.242023904035,0.0,0.0,1509.4933780599522,1509.4933780599522,7621.88012222024,7651.88012222024,9293.242023904035,9483.242023904035,600.0,2140.342199887259,0.0,0,0,0,1
S2,continuous,C,461,85,7623.06388663038,8051.88012222024,8161.783894949085,9896.468548630157,9985.648646405005,428.8162355898603,428.8162355898603,1734.6846536810717,2163.500889270932,8051.88012222024,8081.88012222024,9975.648646405005,10165.648646405005,500.0,2760.3718071475523,0.0,0,0,0,1
S2,continuous,C,462,37,7629.4600529625295,8455.144572065294,8521.081146007753,9460.678421254292,9493.242023904035,825.6845191027642,825.6845191027642,939.5972752465386,1765.2817943493028,8455.144572065294,8485.144572065294,9483.242023904035,9673.242023904035,350.0,1223.917388034646,0.0,0,0,0,1
S2,continuous,C,463,66,7637.361875368016,7980.710817461763,8052.470167207575,8052.470167207575,8093.753089320813,343.3489420937476,343.3489420937476,0.0,343.3489420937476,7980.710817461763,8010.710817461763,8083.753089320813,8273.753089320813,300.0,1734.1184529455659,0.0,2,2,0,0
S2,continuous,C,464,14,7643.242023904032,9365.555227090234,9420.32529742828,9643.683608577927,9689.46005296253,1722.3132031862015,1722.3132031862015,223.3583111496464,1945.6715143358479,9365.555227090234,9395.555227090234,9679.46005296253,9869.46005296253,350.0,1619.755956708848,0.0,0,0,0,1
S2,continuous,C,465,31,7646.858195540287,8273.753089320813,8390.668228241233,9783.683608577927,9879.46005296253,626.8948937805262,626.8948937805262,1393.0153803366939,2019.91027411722,8273.753089320813,8303.753089320813,9869.46005296253,10059.46005296253,600.0,2027.444619634661,0.0,0,0,0,1
S2,continuous,C,466,75,7675.692339468842,9395.555227090234,9457.991263206897,10629.211380283821,10690.494302397059,1719.8628876213916,1719.8628876213916,1171.220117076924,2891.0830046983156,9395.555227090234,9425.555227090234,10680.494302397059,10870.494302397059,400.0,1591.6860639264555,0.0,0,0,0,1
S2,continuous,C,467,44,7745.555227090234,8643.242023904033,8677.064219157513,8677.064219157513,8698.687161476913,897.6867968137985,897.6867968137985,0.0,897.6867968137985,8643.242023904033,8673.242023904033,8688.687161476913,8878.687161476913,300.0,971.5055650948814,0.0,0,0,0,0
S2,continuous,C,468,83,7799.121405173951,8423.06388663038,8512.424281611615,10395.662407949056,10482.318585588255,623.942481456429,623.942481456429,1883.238126337441,2507.18060779387,8423.06388663038,8453.06388663038,10472.318585588255,10662.318585588255,600.0,1357.2257772487105,0.0,0,0,0,1
S2,continuous,C,469,0,7800.710817461763,9939.121405173952,9953.863481784738,9953.863481784738,9976.427084434481,2138.4105877121883,2138.4105877121883,0.0,2138.4105877121883,9939.121405173952,9969.121405173952,9966.427084434481,10156.427084434481,300.0,931.1305497217344,0.0,0,0,0,0
S2,continuous,C,470,32,7819.4600529625295,8220.075029805454,8280.783437979988,8451.068806313218,8495.144572065294,400.6149768429241,400.6149768429241,170.2853683332305,570.9003451761546,8220.075029805454,8250.075029805454,8485.144572065294,8675.144572065294,300.0,1011.3532330545418,0.0,2,2,0,0
S2,continuous,C,471,52,7825.926643535155,10059.46005296253,10132.43714947896,10132.43714947896,10150.969104262225,2233.533409427375,2233.533409427375,0.0,2233.533409427375,10059.46005296253,10089.46005296253,10140.969104262225,10330.969104262225,350.0,2134.918804627834,0.0,0,0,0,1
S2,continuous,C,472,90,7827.361875368016,8673.242023904033,8760.922200094094,10595.662407949056,10672.318585588255,845.8801485360173,845.8801485360173,1834.7402078549621,2680.6203563909794,8673.242023904033,8703.242023904033,10662.318585588255,10852.318585588255,550.0,1753.8704707991692,0.0,0,0,0,1
S2,continuous,C,473,20,7833.242023904032,8453.06388663038,8542.424281611615,10775.662407949056,10862.318585588255,619.8218627263477,619.8218627263477,2233.238126337441,2853.0599890637886,8453.06388663038,8483.06388663038,10852.318585588255,11042.318585588255,600.0,1357.2257772487105,0.0,0,0,0,1
S2,continuous,C,474,30,7836.858195540287,9969.121405173952,9980.840611382073,9980.840611382073,10024.916377134148,2132.2632096336647,2132.2632096336647,0.0,2132.2632096336647,9969.121405173952,9999.121405173952,10014.916377134148,10204.916377134148,300.0,837.1666717223733,0.0,1,1,0,0
S2,continuous,C,475,78,7841.88012222024,9095.648646405005,9189.760642230918,10995.662407949056,11052.318585588255,1253.7685241847648,953.7685241847648,1805.9017657181375,2759.6702899029024,9095.648646405005,9125.648646405005,11042.318585588255,11232.318585588255,450.0,1674.6412471412327,0.0,0,0,0,1
S2,continuous,C,476,89,7843.06388663038,8483.06388663038,8568.181777593169,10076.468548630157,10175.648646405005,640.0,640.0,1508.2867710369883,2148.2867710369883,8483.06388663038,8513.06388663038,10165.648646405005,10355.648646405005,550.0,1753.6784433637897,0.0,0,0,0,1
S2,continuous,C,477,59,7865.692339468842,9673.242023904035,9707.064219157515,9707.064219157515,9728.687161476915,1807.5496844351928,1807.5496844351928,0.0,1807.5496844351928,9673.242023904035,9703.242023904035,9718.687161476915,9908.687161476915,300.0,971.5055650948814,0.0,0,0,0,0
S2,continuous,C,478,96,7989.121405173951,8712.151636267552,8768.883890839877,8867.064219157513,8888.687161476913,723.0302310936013,723.0302310936013,98.18032831763594,821.2105594112372,8712.151636267552,8742.151636267552,8878.687161476913,9068.687161476913,300.0,1344.4848194357353,0.0,1,1,0,0
S2,continuous,C,479,50,8009.4600529625295,8742.151636267552,8872.055408996397,10256.468548630157,10365.648646405005,732.6915833050225,732.6915833050225,1384.4131396337598,2117.1047229387823,8742.151636267552,8772.151636267552,10355.648646405005,10545.648646405005,600.0,2960.3718071475523,0.0,0,0,0,1
S2,continuous,C,480,51,8025.555227090234,8503.912401952366,8528.934640534464,8740.868714154314,8782.151636267552,478.3571748621316,358.3571748621316,211.9340736198501,570.2912484819817,8503.912401952366,8533.912401952366,8772.151636267552,8962.151636267552,300.0,1348.4266377379377,0.0,1,1,0,0
S2,continuous,C,481,61,8026.858195540287,10089.46005296253,10148.402277714436,10148.402277714436,10201.206377292947,2062.6018574222426,2062.6018574222426,0.0,2062.6018574222426,10089.46005296253,10119.46005296253,10191.206377292947,10381.206377292947,300.0,1987.288077635793,0.0,3,3,0,0
S2,continuous,C,482,26,8040.075029805454,10119.46005296253,10177.519886998936,10177.519886998936,10192.061910384771,2079.385023157076,2079.385023157076,0.0,2079.385023157076,10119.46005296253,10149.46005296253,10182.061910384771,10372.061910384771,300.0,1737.1516489725159,0.0,2,2,0,0
S2,continuous,C,483,74,8045.926643535155,10146.858195540288,10180.678421254292,10180.678421254292,10203.242023904035,2100.931552005133,2100.931552005133,0.0,2100.931552005133,10146.858195540288,10176.858195540288,10193.242023904035,10383.242023904035,300.0,1470.7416187224624,0.0,2,2,0,0
S2,continuous,C,484,29,8083.242023904032,8455.782038100831,8541.326962090474,9986.45395807807,10009.121405173952,372.54001419679935,372.54001419679935,1445.1269959875954,1817.6670101843947,8455.782038100831,8485.782038100831,9999.121405173952,10189.121405173952,400.0,1326.7460274474124,0.0,0,0,0,1
S2,continuous,C,485,66,8093.753089320813,10372.061910384771,10435.800914951487,10809.211380283821,10880.494302397059,2278.308821063958,2278.308821063958,373.41046533233384,2651.719286396292,10372.061910384771,10402.061910384771,10870.494302397059,11060.494302397059,450.0,1858.9234728874594,0.0,0,0,0,1
S2,continuous,C,486,68,8095.73017775777,9172.151636267552,9236.153692234171,9645.504706289876,9699.580472041951,1076.4214585097816,1076.4214585097816,409.3510140557046,1485.7724725654862,9172.151636267552,9202.151636267552,9689.580472041951,9879.580472041951,350.0,1374.7356962186627,0.0,0,0,0,1
S2,continuous,C,487,54,8132.444356735632,8513.06388663038,8560.136161408867,9160.868714154314,9212.151636267552,380.61952989474776,380.61952989474776,600.7325527454468,981.3520826401946,8513.06388663038,8543.06388663038,9202.151636267552,9392.151636267552,350.0,1444.4848194357353,0.0,0,0,0,1
S2,continuous,C,488,60,8139.668777595854,9125.648646405005,9233.44959479546,10999.211380283821,11070.494302397059,985.9798688091505,985.9798688091505,1765.761785488361,2751.7416542975116,9125.648646405005,9155.648646405005,11060.494302397059,11250.494302397059,450.0,2660.3718071475523,0.0,0,0,0,1
S2,continuous,C,489,65,8171.788852269834,10149.46005296253,10208.402277714436,10338.402277714436,10391.206377292947,1977.6712006926955,1977.6712006926955,130.0,2107.6712006926955,10149.46005296253,10179.46005296253,10381.206377292947,10571.206377292947,300.0,1987.288077635793,0.0,3,3,0,0
S2,continuous,C,490,72,8213.06388663038,9425.555227090234,9503.313655220718,10156.45395807807,10199.121405173952,1212.4913404598537,1212.4913404598537,653.1403028573513,1865.631643317205,9425.555227090234,9455.555227090234,10189.121405173952,10379.121405173952,500.0,1286.768156427751,0.0,0,0,0,1
S2,continuous,C,491,53,8215.555227090234,10402.061910384771,10418.181653366804,10528.402277714436,10581.206377292947,2186.5066832945377,2186.5066832945377,110.22062434763211,2296.7273076421698,10402.061910384771,10432.061910384771,10571.206377292947,10761.206377292947,300.0,441.9119212349611,0.0,0,0,0,0
S2,continuous,C,492,81,8245.144572065294,9392.151636267552,9440.879402849272,9829.557494584385,9881.379670717159,1147.0070642022583,1147.0070642022583,388.6780917351134,1535.6851559373717,9392.151636267552,9422.151636267552,9871.379670717159,10061.379670717159,300.0,961.8484557954962,0.0,0,0,0,0
S2,continuous,C,493,56,8273.242023904035,8543.06388663038,8635.945421553517,9630.678421254292,9713.242023904035,269.821862726345,269.821862726345,994.7329997007746,1264.5548624271196,8543.06388663038,8573.06388663038,9703.242023904035,9893.242023904035,600.0,1571.5055650948814,0.0,0,0,0,1
S2,continuous,C,494,41,8275.782038100831,10432.061910384771,10458.655906810414,10458.655906810414,10510.478082943187,2156.2798722839398,2156.2798722839398,0.0,2156.2798722839398,10432.061910384771,10462.061910384771,10500.478082943187,10690.478082943187,300.0,1135.2858669135971,0.0,1,1,0,0
S2,continuous,C,495,24,8285.73017775777,8573.06388663038,8650.136161408867,11179.211380283821,11260.494302397059,287.33370887260935,287.33370887260935,2529.075218874954,2816.408927747563,8573.06388663038,8603.06388663038,11250.494302397059,11440.494302397059,500.0,1744.4848194357353,0.0,0,0,0,1
S2,continuous,C,496,67,8306.858195540288,10179.46005296253,10242.43714947896,10330.969104262225,10339.501059045491,1872.6018574222417,1872.6018574222417,88.53195478326597,1961.1338122055076,10179.46005296253,10209.46005296253,10330.969104262225,10520.969104262225,300.0,2034.918804627834,0.0,1,1,0,0
S2,continuous,C,497,58,8309.46005296253,9422.151636267552,9480.879402849272,10009.557494584385,10071.379670717159,1112.6915833050225,1112.6915833050225,528.6780917351134,1641.369675040136,9422.151636267552,9452.151636267552,10061.379670717159,10251.379670717159,350.0,1061.8484557954962,0.0,0,0,0,1
S2,continuous,C,498,3,8323.912401952366,9155.648646405005,9241.56675675647,10150.840611382073,10214.916377134148,831.7362444526389,831.7362444526389,909.2738546256023,1741.0100990782412,9155.648646405005,9185.648646405005,10204.916377134148,10394.916377134148,400.0,1782.1468227425091,0.0,0,0,0,1
S2,continuous,C,499,71,8342.151636267552,9452.151636267552,9542.055408996397,10486.468548630157,10555.648646405005,1110.0,1110.0,944.4131396337598,2054.41313963376,9452.151636267552,9482.151636267552,10545.648646405005,10735.648646405005,400.0,2560.3718071475523,0.0,0,0,0,1
S2,continuous,C,500,42,8345.648646405005,8533.912401952366,8613.217322926464,10320.678421254292,10393.242023904035,188.26375554736114,188.26375554736114,1707.4610983278271,1895.7248538751883,8533.912401952366,8563.912401952366,10383.242023904035,10573.242023904035,550.0,2040.3421998872593,0.0,0,0,0,1
S2,continuous,C,501,21,8369.121405173952,9455.555227090234,9495.504706289876,10350.840611382073,10404.916377134148,1086.4338219162819,1086.4338219162819,855.3359050921972,1941.769727008479,9455.555227090234,9485.555227090234,10394.916377134148,10584.916377134148,350.0,673.2131543192338,0.0,0,0,0,1
S2,continuous,C,502,79,8405.555227090235,10209.46005296253,10307.27343016753,10656.468548630157,10745.648646405005,1803.9048258722942,1803.9048258722942,349.19511846262685,2153.099944334921,10209.46005296253,10239.46005296253,10735.648646405005,10925.648646405005,500.0,2293.9115654904763,0.0,0,0,0,1
S2,continuous,C,503,4,8463.242023904035,10239.46005296253,10289.557494584385,10648.655906810414,10700.478082943187,1776.2180290584947,1776.2180290584947,359.0984122260288,2135.3164412845235,10239.46005296253,10269.46005296253,10690.478082943187,10880.478082943187,300.0,1392.7262517371585,0.0,0,0,0,0
S2,continuous,C,504,17,8475.73017775777,8485.782038100831,8581.326962090474,10356.45395807807,10389.121405173952,10.05186034306098,10.05186034306098,1775.1269959875954,1785.1788563306563,8485.782038100831,8515.782038100831,10379.121405173952,10569.121405173952,450.0,1426.7460274474124,0.0,0,0,0,1
S2,continuous,C,505,32,8495.144572065294,9102.410733459319,9188.553906829346,10223.683608577927,10279.46005296253,607.2661613940254,607.2661613940254,1035.1297017485813,1642.3958631426067,9102.410733459319,9132.410733459319,10269.46005296253,10459.46005296253,400.0,1592.7262517371585,0.0,0,0,0,1
S2,continuous,C,506,70,8496.858195540288,10459.46005296253,10519.557494584385,10828.655906810414,10890.478082943187,1962.6018574222417,1962.6018574222417,309.0984122260288,2271.7002696482705,10459.46005296253,10489.46005296253,10880.478082943187,11070.478082943187,350.0,1492.7262517371585,0.0,0,0,0,1
S2,continuous,C,507,28,8499.460052962528,10462.061910384771,10478.181653366804,10718.402277714436,10771.206377292947,1962.6018574222435,1962.6018574222435,240.2206243476321,2202.8224817698756,10462.061910384771,10492.061910384771,10761.206377292947,10951.206377292947,300.0,441.9119212349611,0.0,0,0,0,0
S2,continuous,C,508,55,8532.151636267552,8603.06388663038,8695.76698581629,10403.683608577927,10499.46005296253,70.91225036282776,70.91225036282776,1707.916622761637,1778.8288731244647,8603.06388663038,8633.06388663038,10489.46005296253,10679.46005296253,600.0,1625.6740579539971,0.0,0,0,0,1
S2,continuous,C,509,7,8535.648646405005,8655.648646405005,8763.512271481026,11165.662407949056,11242.318585588255,120.0,0.0,2402.15013646803,2402.15013646803,8655.648646405005,8685.648646405005,11232.318585588255,11422.318585588255,550.0,1234.6030859226134,0.0,0,0,0,1
S2,continuous,C,510,22,8559.121405173952,9132.410733459319,9219.507830932023,10520.840611382073,10594.916377134148,573.2893282853674,573.2893282853674,1301.3327804500495,1874.622108735417,9132.410733459319,9162.410733459319,10584.916377134148,10774.916377134148,450.0,1131.1511320863244,0.0,0,0,0,1
S2,continuous,C,511,43,8625.555227090235,9482.151636267552,9559.066775187972,10633.683608577927,10689.46005296253,856.5964091773167,856.5964091773167,1074.616833389955,1931.2132425672717,9482.151636267552,9512.151636267552,10679.46005296253,10869.46005296253,400.0,1627.444619634661,0.0,0,0,0,1
S2,continuous,C,512,82,8665.73017775777,10869.46005296253,10927.519886998936,10927.519886998936,10942.061910384771,2203.729875204759,2203.729875204759,0.0,2203.729875204759,10869.46005296253,10899.46005296253,10932.061910384771,11122.061910384771,300.0,1737.1516489725159,0.0,2,2,0,0
S2,continuous,C,513,9,8689.460052962528,8749.460052962528,8838.764973936626,10500.678421254292,10583.242023904035,60.0,0.0,1661.9134473176655,1661.9134473176655,8749.460052962528,8779.460052962528,10573.242023904035,10763.242023904035,600.0,2140.342199887259,0.0,0,0,0,1
S2,continuous,C,514,44,8698.687161476913,9893.242023904035,9943.908001625,10189.557494584385,10261.379670717159,1194.5548624271214,1194.5548624271214,245.6494929593846,1440.204355386506,9893.242023904035,9923.242023904035,10251.379670717159,10441.379670717159,400.0,1112.087231994078,0.0,0,0,0,1
S2,continuous,C,515,2,8716.858195540288,9923.242023904035,9993.046396843934,11369.211380283821,11450.494302397059,1206.383828363747,1206.383828363747,1376.1649834398868,2582.5488118036337,9923.242023904035,9953.242023904035,11440.494302397059,11630.494302397059,500.0,1201.9506431586985,0.0,0,0,0,1
S2,continuous,C,516,35,8725.648646405005,10899.46005296253,10957.519886998936,11117.519886998936,11132.061910384771,2173.8114065575246,2173.8114065575246,160.0,2333.8114065575246,10899.46005296253,10929.46005296253,11122.061910384771,11312.061910384771,300.0,1737.1516489725159,0.0,2,2,0,0
S2,continuous,C,517,84,8733.242023904035,10569.121405173952,10597.34692674127,11008.655906810414,11080.478082943187,1835.8793812699168,1835.8793812699168,411.30898006914504,2247.188361339062,10569.121405173952,10599.121405173952,11070.478082943187,11260.478082943187,400.0,842.986414238962,0.0,0,0,0,1
S2,continuous,C,518,69,8741.788852269834,10492.061910384771,10558.88732342241,10873.683608577927,10939.46005296253,1750.2730581149372,1750.2730581149372,314.79628515551667,2065.069343270454,10492.061910384771,10522.061910384771,10929.46005296253,11119.46005296253,450.0,2037.151648972516,0.0,0,0,0,1
S2,continuous,C,519,51,8782.151636267552,10599.121405173952,10624.529676680966,10898.402277714436,10961.206377292947,1816.9697689063996,1816.9697689063996,273.87260103347035,2090.84236993987,10599.121405173952,10629.121405173952,10951.206377292947,11141.206377292947,350.0,1226.7460274474124,0.0,0,0,0,1
S2,continuous,C,520,99,8845.555227090235,11630.494302397059,11679.017994800453,11679.017994800453,11701.581597450197,2784.9390753068237,2784.9390753068237,0.0,2784.9390753068237,11630.494302397059,11660.494302397059,11691.581597450197,11881.581597450197,300.0,801.9506431586985,0.0,0,0,0,0
S2,continuous,C,521,96,8888.687161476913,9485.555227090234,9550.588557326546,11188.655906810414,11270.478082943187,596.8680656133201,596.8680656133201,1638.0673494838684,2234.9354150971885,9485.555227090234,9515.555227090234,11260.478082943187,11450.478082943187,450.0,1250.8686086674074,0.0,0,0,0,1
S2,continuous,C,522,97,8892.410733459319,9565.274368098704,9650.080092910011,9793.905194695693,9822.43714947896,672.863634639385,672.863634639385,143.8251017856819,816.688736425067,9565.274368098704,9595.274368098704,9812.43714947896,10002.43714947896,400.0,1367.3405664824334,0.0,0,0,0,1
S2,continuous,C,523,57,8906.858195540288,8906.858195540288,9014.227262852806,11345.662407949056,11432.318585588255,0.0,0.0,2331.4351450962495,2331.4351450962495,8906.858195540288,8936.858195540288,11422.318585588255,11612.318585588255,600.0,1173.2131543192338,0.0,0,0,0,1
S2,continuous,C,524,6,8915.648646405005,11660.494302397059,11717.409441317479,11717.409441317479,11753.185885702082,2744.845655992054,2744.845655992054,0.0,2744.845655992054,11660.494302397059,11690.494302397059,11743.185885702082,11933.185885702082,300.0,1427.444619634661,0.0,1,1,0,0
S2,continuous,C,525,33,8923.242023904035,10156.427084434481,10230.851495274608,10700.840611382073,10784.916377134148,1233.1850605304462,1233.1850605304462,469.9891161074647,1703.174176637911,10156.427084434481,10186.427084434481,10774.916377134148,10964.916377134148,500.0,1523.917388034646,0.0,0,0,0,1
S2,continuous,C,526,86,8931.788852269834,10763.242023904035,10810.488679821008,10886.468548630157,10935.648646405005,1831.4531716342008,1831.4531716342008,75.97986880914868,1907.4330404433495,10763.242023904035,10793.242023904035,10925.648646405005,11115.648646405005,300.0,2004.2553866050148,0.0,2,2,0,0
S2,continuous,C,527,91,8969.46005296253,9068.687161476913,9146.692081159752,10880.840611382073,10974.916377134148,99.22710851438387,99.22710851438387,1734.148530222321,1833.3756387367048,9068.687161476913,9098.687161476913,10964.916377134148,11154.916377134148,550.0,1253.9586979199278,0.0,0,0,0,1
S2,continuous,C,528,92,8992.151636267552,11119.46005296253,11163.629843433982,11163.629843433982,11186.193446083726,2127.3084166949775,2127.3084166949775,0.0,2127.3084166949775,11119.46005296253,11149.46005296253,11176.193446083726,11366.193446083726,300.0,851.2566409616875,0.0,1,1,0,0
S2,continuous,C,529,12,9024.846375165982,9024.846375165982,9106.228548731451,11060.840611382073,11164.916377134148,0.0,0.0,1954.6120626506217,1954.6120626506217,9024.846375165982,9054.846375165982,11154.916377134148,11344.916377134148,600.0,1719.7198548235888,0.0,0,0,0,1
S2,continuous,C,530,40,9035.555227090234,9155.555227090234,9277.98765547674,10730.678421254292,10803.242023904035,120.0,0.0,1452.6907657775519,1452.6907657775519,9155.555227090234,9185.555227090234,10793.242023904035,10983.242023904035,550.0,2185.3937650077014,0.0,0,0,0,1
S2,continuous,C,531,48,9113.242023904035,9185.555227090234,9248.4682344644,9248.4682344644,9257.000189247667,72.31320318619873,12.313203186198734,0.0,12.313203186198734,9185.555227090234,9215.555227090234,9248.4682344644,9438.4682344644,300.0,980.607458185995,0.0,1,1,0,0
S2,continuous,C,532,15,9129.121405173952,9129.121405173952,9214.14364375605,11599.211380283821,11700.494302397059,0.0,0.0,2385.0677365277716,2385.0677365277716,9129.121405173952,9159.121405173952,11690.494302397059,11880.494302397059,600.0,1948.4266377379377,0.0,0,0,0,1
S2,continuous,C,533,27,9159.46005296253,10629.121405173952,10677.34692674127,11368.655906810414,11460.478082943187,1469.6613522114221,1469.6613522114221,691.308980069145,2160.970332280567,10629.121405173952,10659.121405173952,11450.478082943187,11640.478082943187,500.0,1042.986414238962,0.0,0,0,0,1
S2,continuous,C,534,23,9186.858195540288,9306.858195540288,9428.6175452861,11799.211380283821,11890.494302397059,120.0,0.0,2370.5938349977205,2370.5938349977205,9306.858195540288,9336.858195540288,11880.494302397059,12070.494302397059,550.0,2234.118452945566,0.0,0,0,0,1
S2,continuous,C,535,64,9195.274368098704,11115.648646405005,11199.760642230918,11575.662407949056,11622.318585588255,1920.3742783063008,1920.3742783063008,375.90176571813754,2296.2760440244383,11115.648646405005,11145.648646405005,11612.318585588255,11802.318585588255,400.0,1574.641247141233,0.0,0,0,0,1
S2,continuous,C,536,54,9212.151636267552,9212.151636267552,9293.533809833021,11250.840611382073,11354.916377134148,0.0,0.0,1957.3068015490517,1957.3068015490517,9212.151636267552,9242.151636267552,11344.916377134148,11534.916377134148,600.0,1719.7198548235888,0.0,0,0,0,1
S2,continuous,C,537,38,9225.648646405005,9438.4682344644,9519.437227261322,11725.662407949056,11812.318585588255,212.81958805939576,212.81958805939576,2206.225180687734,2419.0447687471296,9438.4682344644,9468.4682344644,11802.318585588255,11992.318585588255,600.0,1605.0765296893173,0.0,0,0,0,1
S2,continuous,C,538,48,9257.000189247667,11149.46005296253,11193.629843433982,11353.629843433982,11376.193446083726,1892.4598637148629,1892.4598637148629,160.0,2052.459863714863,11149.46005296253,11179.46005296253,11366.193446083726,11556.193446083726,300.0,851.2566409616875,0.0,1,1,0,0
S2,continuous,C,539,94,9303.242023904035,11145.648646405005,11209.897073883887,11307.519886998936,11322.061910384771,1842.4066225009701,1842.4066225009701,97.62281311504921,1940.0294356160193,11145.648646405005,11175.648646405005,11312.061910384771,11502.061910384771,300.0,1323.1659194057056,0.0,1,1,0,0
S2,continuous,C,540,46,9311.788852269834,10983.242023904035,11035.083828881947,11487.519886998936,11512.061910384771,1671.4531716342008,1671.4531716342008,452.43605811698944,2123.88922975119,10983.242023904035,11013.242023904035,11502.061910384771,11692.061910384771,350.0,1570.7416187224626,0.0,0,0,0,1
S2,continuous,C,541,19,9319.580472041951,11013.242023904035,11104.198972640628,11104.198972640628,11199.97541702523,1693.6615518620838,1693.6615518620838,0.0,1693.6615518620838,11013.242023904035,11043.242023904035,11189.97541702523,11379.97541702523,600.0,1451.2566409616875,0.0,0,0,0,1
S2,continuous,C,542,87,9349.460052962528,12070.494302397059,12127.409441317479,12127.409441317479,12163.185885702082,2721.0342494345314,2721.0342494345314,0.0,2721.0342494345314,12070.494302397059,12100.494302397059,12153.185885702082,12343.185885702082,300.0,1427.444619634661,0.0,1,1,0,0
S2,continuous,C,543,49,9376.858195540288,11379.97541702523,11431.285973476608,11500.840611382073,11544.916377134148,2003.117221484943,2003.117221484943,69.55463790546492,2072.671859390408,11379.97541702523,11409.97541702523,11534.916377134148,11724.916377134148,300.0,1434.8685218017433,0.0,3,3,0,0
S2,continuous,C,544,5,9385.274368098704,11409.97541702523,11493.865754108681,11945.662407949056,12002.318585588255,2024.7010489265267,2024.7010489265267,451.79665384037435,2476.497702766901,11409.97541702523,11439.97541702523,11992.318585588255,12182.318585588255,450.0,1819.7559567088479,0.0,0,0,0,1
S2,continuous,C,545,88,9391.571799710668,11043.242023904035,11133.046396843934,12009.211380283821,12110.494302397059,1651.6702241933672,1651.6702241933672,876.1649834398868,2527.835207633254,11043.242023904035,11073.242023904035,12100.494302397059,12290.494302397059,600.0,1401.9506431586985,0.0,0,0,0,1
S2,continuous,C,546,1,9415.648646405005,9879.580472041951,9941.078028122487,10507.519886998936,10532.061910384771,463.9318256369461,463.9318256369461,566.4418588764493,1030.3736845133953,9879.580472041951,9909.580472041951,10522.061910384771,10712.061910384771,350.0,887.8749675869525,0.0,0,0,0,1
S2,continuous,C,547,37,9493.242023904035,11439.97541702523,11498.035251061638,11687.519886998936,11702.061910384771,1946.733393121196,1946.733393121196,189.48463593729866,2136.2180290584947,11439.97541702523,11469.97541702523,11692.061910384771,11882.061910384771,300.0,1737.1516489725159,0.0,2,2,0,0
S2,continuous,C,548,36,9509.580472041951,9571.571799710668,9649.576719393506,11640.840611382073,11734.916377134148,61.99132766871662,61.99132766871662,1991.2638919885667,2053.2552196572833,9571.571799710668,9601.571799710668,11724.916377134148,11914.916377134148,550.0,1253.9586979199278,0.0,0,0,0,1
S2,continuous,C,549,93,9539.121405173952,12290.494302397059,12344.496358363678,12344.496358363678,12388.572124115753,2751.3728972231074,2751.3728972231074,0.0,2751.3728972231074,12290.494302397059,12320.494302397059,12378.572124115753,12568.572124115753,300.0,1274.7356962186627,0.0,0,0,0,0
S2,continuous,C,550,10,9550.494302397059,10659.121405173952,10729.211380283821,12229.211380283821,12330.494302397059,1108.6271027768926,1108.6271027768926,1500.0,2608.6271027768926,10659.121405173952,10689.121405173952,12320.494302397059,12510.494302397059,600.0,1314.5870469780346,0.0,0,0,0,1
S2,continuous,C,551,8,9596.858195540288,9909.580472041951,10002.707996906265,10656.45395807807,10699.121405173952,312.72227650166315,312.72227650166315,653.7459611718041,966.4682376734672,9909.580472041951,9939.580472041951,10689.121405173952,10879.121405173952,500.0,1237.1666717223734,0.0,0,0,0,1
S2,continuous,C,552,80,9605.648646405005,11469.97541702523,11538.035251061638,11867.519886998936,11892.061910384771,1864.326770620226,1864.326770620226,329.48463593729866,2193.8114065575246,11469.97541702523,11499.97541702523,11882.061910384771,12072.061910384771,350.0,1837.1516489725159,0.0,0,0,0,1
S2,continuous,C,553,77,9610.00656768518,9980.00656768518,10051.722270821889,11058.402277714436,11151.206377292947,370.0,370.0,1006.6800068925477,1376.6800068925477,9980.00656768518,10010.00656768518,11141.206377292947,11331.206377292947,500.0,1134.6030859226134,0.0,0,0,0,1
S2,continuous,C,554,34,9630.969104262225,10002.43714947896,10083.40614227588,12105.662407949056,12192.318585588255,371.468045216734,371.468045216734,2022.2562656731752,2393.7243108899092,10002.43714947896,10032.43714947896,12182.318585588255,12372.318585588255,600.0,1605.0765296893173,0.0,0,0,0,1
S2,continuous,C,555,14,9689.46005296253,9689.46005296253,9804.329578040955,11548.655906810414,11650.478082943187,0.0,0.0,1744.326328769459,1744.326328769459,9689.46005296253,9719.46005296253,11640.478082943187,11830.478082943187,550.0,1827.4930785507627,0.0,0,0,0,1
S2,continuous,C,556,98,9691.379670717159,9908.687161476915,9991.390260662825,11424.198972640628,11509.97541702523,217.30749075975655,217.30749075975655,1432.808711977803,1650.1162027375594,9908.687161476915,9938.687161476915,11499.97541702523,11689.97541702523,550.0,1525.6740579539971,0.0,0,0,0,1
S2,continuous,C,557,68,9699.580472041951,10032.43714947896,10128.169756394052,11847.409441317479,11943.185885702082,332.85667743700833,332.85667743700833,1719.2396849234265,2052.096362360435,10032.43714947896,10062.43714947896,11933.185885702082,12123.185885702082,600.0,2634.9188046278346,0.0,0,0,0,1
S2,continuous,C,558,56,9713.242023904035,11175.648646405005,11251.400629426513,11251.400629426513,11259.932584209779,1462.4066225009701,1462.4066225009701,0.0,1462.4066225009701,11175.648646405005,11205.648646405005,11251.400629426513,11441.400629426513,300.0,2060.019279234596,0.0,2,2,0,0
S2,continuous,C,559,59,9728.687161476915,10010.00656768518,10085.039897921492,11748.655906810414,11840.478082943187,281.3194062082639,281.3194062082639,1663.6160088889228,1944.9354150971867,10010.00656768518,10040.00656768518,11830.478082943187,12020.478082943187,500.0,1350.8686086674074,0.0,0,0,0,1
S2,continuous,C,560,47,9740.494302397059,10062.43714947896,10090.194677264812,10212.96974057436,10234.592682893759,321.94284708190025,321.94284708190025,122.77506330954748,444.71791039144773,10062.43714947896,10092.43714947896,10224.592682893759,10414.592682893759,300.0,1432.4793523524056,0.0,4,4,0,0
S2,continuous,C,561,45,9759.121405173952,11914.916377134148,11966.413933214684,12067.519886998936,12082.061910384771,2155.7949719601966,1915.7949719601966,101.10595378425205,2016.9009257444486,11914.916377134148,11944.916377134148,12072.061910384771,12262.061910384771,300.0,787.8749675869525,0.0,1,1,0,0
S2,continuous,C,562,25,9761.206377292947,11944.916377134148,12041.711276739605,12439.211380283821,12520.494302397059,2183.7099998412014,1943.7099998412014,397.5001035442165,2341.210103385418,11944.916377134148,11974.916377134148,12510.494302397059,12700.494302397059,500.0,1674.7356962186627,0.0,0,0,0,1
S2,continuous,C,563,18,9795.648646405005,12700.494302397059,12754.496358363678,12754.496358363678,12798.572124115753,2904.845655992054,2904.845655992054,0.0,2904.845655992054,12700.494302397059,12730.494302397059,12788.572124115753,12978.572124115753,300.0,1274.7356962186627,0.0,0,0,0,0
S2,continuous,C,564,95,9800.00656768518,10092.43714947896,10160.10576802055,10836.45395807807,10889.121405173952,292.4305817937802,292.4305817937802,676.3481900575189,968.7787718512991,10092.43714947896,10122.43714947896,10879.121405173952,11069.121405173952,550.0,1165.107926617472,0.0,0,0,0,1
S2,continuous,C,565,13,9816.858195540288,11073.242023904035,11107.880256068682,11107.880256068682,11110.547703164564,1256.383828363747,1256.383828363747,0.0,1256.383828363747,11073.242023904035,11103.242023904035,11107.880256068682,11297.880256068682,300.0,931.1305497217344,0.0,0,0,0,0
S2,continuous,C,566,97,9822.43714947896,10441.379670717159,10506.185395528466,10520.969104262225,10529.501059045491,618.9425212381993,618.9425212381993,14.78370873375934,633.7262299719587,10441.379670717159,10471.379670717159,10520.969104262225,10710.969104262225,300.0,1167.3405664824334,0.0,1,1,0,0
S2,continuous,C,567,31,9879.46005296253,12730.494302397059,12779.22206897878,12779.22206897878,12831.044245111552,2851.0342494345296,2851.0342494345296,0.0,2851.0342494345296,12730.494302397059,12760.494302397059,12821.044245111552,13011.044245111552,300.0,961.8484557954962,0.0,0,0,0,0
S2,continuous,C,568,81,9881.379670717159,11689.97541702523,11747.788794230231,11747.788794230231,11796.96889200508,1808.5957463080722,1808.5957463080722,0.0,1808.5957463080722,11689.97541702523,11719.97541702523,11786.96889200508,11976.96889200508,300.0,1893.911565490476,0.0,2,2,0,0
S2,continuous,C,569,62,9930.494302397059,10710.969104262225,10791.938097059146,12295.662407949056,12382.318585588255,780.4748018651662,780.4748018651662,1503.7243108899092,2284.1991127550755,10710.969104262225,10740.969104262225,12372.318585588255,12562.318585588255,600.0,1605.0765296893173,0.0,0,0,0,1
S2,continuous,C,570,0,9976.427084434481,11205.648646405005,11336.401526473875,11918.655906810414,12030.478082943187,1229.221561970524,1229.221561970524,582.2543803365388,1811.4759423070627,11205.648646405005,11235.648646405005,12020.478082943187,12210.478082943187,600.0,2543.1968558062854,0.0,0,0,0,1
S2,continuous,C,571,85,9985.648646405005,12760.494302397059,12809.22206897878,12969.22206897878,13021.044245111552,2774.845655992054,2774.845655992054,160.0,2934.845655992054,12760.494302397059,12790.494302397059,13011.044245111552,13201.044245111552,300.0,961.8484557954962,0.0,0,0,0,0
S2,continuous,C,572,29,10009.121405173952,11331.206377292947,11396.75130128259,11396.75130128259,11399.418748378472,1322.0849721189952,1142.0849721189952,0.0,1142.0849721189952,11331.206377292947,11361.206377292947,11396.75130128259,11586.75130128259,300.0,1126.7460274474124,0.0,0,0,0,0
S2,continuous,C,573,30,10024.916377134148,10712.061910384771,10808.88732342241,12257.409441317479,12353.185885702082,687.145533250623,687.145533250623,1448.5221178950687,2135.6676511456917,10712.061910384771,10742.061910384771,12343.185885702082,12533.185885702082,600.0,2337.1516489725163,0.0,0,0,0,1
S2,continuous,C,574,63,10044.592682893759,11974.916377134148,12056.896451482247,12056.896451482247,12139.700551060758,1930.3236942403892,1930.3236942403892,0.0,1930.3236942403892,11974.916377134148,12004.916377134148,12129.700551060758,12319.700551060758,450.0,1311.3532330545418,0.0,0,0,0,1
S2,continuous,C,575,58,10071.379670717159,12123.185885702082,12173.283327323938,12173.283327323938,12225.10550345671,2051.806214984923,2051.806214984923,0.0,2051.806214984923,12123.185885702082,12153.185885702082,12215.10550345671,12405.10550345671,300.0,1392.7262517371585,0.0,0,0,0,0
S2,continuous,C,576,16,10102.318585588255,11361.206377292947,11426.698136275372,11426.698136275372,11448.321078594772,1258.887791704692,1198.887791704692,0.0,1198.887791704692,11361.206377292947,11391.206377292947,11438.321078594772,11628.321078594772,300.0,1217.9791697505295,0.0,1,1,0,0
S2,continuous,C,577,11,10120.494302397059,12405.10550345671,12468.979652629292,12468.979652629292,12483.521676015127,2284.6112010596516,2284.6112010596516,0.0,2284.6112010596516,12405.10550345671,12435.10550345671,12473.521676015127,12663.521676015127,300.0,1135.2858669135971,0.0,1,1,0,0
S2,continuous,C,578,52,10150.969104262225,11235.648646405005,11310.569977959109,11586.75130128259,11589.418748378472,1084.6795421427796,1084.6795421427796,276.1813233234807,1360.8608654662603,11235.648646405005,11265.648646405005,11586.75130128259,11776.75130128259,300.0,1975.3199763040045,0.0,2,2,0,0
S2,continuous,C,579,89,10175.648646405005,12790.494302397059,12839.199752524284,12839.199752524284,12841.867199620167,2614.845655992054,2614.845655992054,0.0,2614.845655992054,12790.494302397059,12820.494302397059,12839.199752524284,13029.199752524284,300.0,714.5870469780347,0.0,0,0,0,0
S2,continuous,C,580,26,10192.061910384771,10742.061910384771,10828.655906810414,12333.283327323938,12445.10550345671,550.0,550.0,1504.6274205135232,2054.6274205135232,10742.061910384771,10772.061910384771,12435.10550345671,12625.10550345671,600.0,1735.285866913597,0.0,0,0,0,1
S2,continuous,C,581,72,10199.121405173952,11069.121405173952,11125.187865576223,12217.519886998936,12272.061910384771,870.0,870.0,1092.3320214227133,1962.3320214227133,11069.121405173952,11099.121405173952,12262.061910384771,12452.061910384771,500.0,1379.3149061678332,0.0,0,0,0,1
S2,continuous,C,582,61,10201.206377292947,10740.969104262225,10821.938097059146,12485.662407949056,12572.318585588255,539.7627269692784,539.7627269692784,1663.7243108899092,2203.4870378591877,10740.969104262225,10770.969104262225,12562.318585588255,12752.318585588255,600.0,1605.0765296893173,0.0,0,0,0,1
S2,continuous,C,583,74,10203.242023904035,12752.318585588255,12782.268064787897,12944.496358363678,12988.572124115753,2549.07656168422,2549.07656168422,162.2282935757812,2711.304855260001,12752.318585588255,12782.318585588255,12978.572124115753,13168.572124115753,300.0,573.2131543192338,0.0,2,2,0,0
S2,continuous,C,584,3,10214.916377134148,10414.592682893759,10505.398959599448,12523.283327323938,12635.10550345671,199.67630575961084,199.67630575961084,2017.8843677244895,2217.5606734841003,10414.592682893759,10444.592682893759,12625.10550345671,12815.10550345671,600.0,1579.4478846801628,0.0,0,0,0,1
S2,continuous,C,585,47,10234.592682893759,11265.648646405005,11341.400629426513,11441.400629426513,11449.932584209779,1031.0559635112459,1031.0559635112459,100.0,1131.0559635112459,11265.648646405005,11295.648646405005,11441.400629426513,11631.400629426513,300.0,2060.019279234596,0.0,2,2,0,0
S2,continuous,C,586,44,10261.379670717159,11391.206377292947,11454.119384667114,11631.400629426513,11639.932584209779,1129.8267065757882,1129.8267065757882,177.28124475939876,1307.107951335187,11391.206377292947,11421.206377292947,11631.400629426513,11821.400629426513,300.0,980.607458185995,0.0,1,1,0,0
S2,continuous,C,587,32,10279.46005296253,10444.592682893759,10540.65020143733,11724.083854186707,11786.75130128259,165.13262993122953,165.13262993122953,1183.433652749376,1348.5662826806056,10444.592682893759,10474.592682893759,11776.75130128259,11966.75130128259,600.0,1683.7570286879022,0.0,0,0,0,1
S2,continuous,C,588,39,10292.318585588255,12820.494302397059,12879.22206897878,13149.22206897878,13211.044245111552,2528.1757168088043,2528.1757168088043,270.0,2798.1757168088043,12820.494302397059,12850.494302397059,13201.044245111552,13391.044245111552,350.0,1061.8484557954962,0.0,0,0,0,1
S2,continuous,C,589,73,10310.494302397059,11295.648646405005,11426.86567700025,12447.409441317479,12543.185885702082,985.1543440079458,985.1543440079458,1020.5437643172281,2005.698108325174,11295.648646405005,11325.648646405005,12533.185885702082,12723.185885702082,600.0,2493.9115654904763,0.0,0,0,0,1
S2,continuous,C,590,67,10339.501059045491,11103.242023904035,11194.198972640628,12637.409441317479,12733.185885702082,763.7409648585435,763.7409648585435,1443.2104686768507,2206.9514335353942,11103.242023904035,11133.242023904035,12723.185885702082,12913.185885702082,600.0,1451.2566409616875,0.0,0,0,0,1
S2,continuous,C,591,50,10365.648646405005,12782.318585588255,12821.411801241109,12821.411801241109,12829.943756024375,2416.66993918325,2416.66993918325,0.0,2416.66993918325,12782.318585588255,12812.318585588255,12821.411801241109,13011.411801241109,300.0,1005.0765296893172,0.0,2,2,0,0
S2,continuous,C,592,17,10389.121405173952,11297.880256068682,11324.982279388736,11606.698136275372,11638.321078594772,908.7588508947301,908.7588508947301,281.7158568866362,1190.4747077813663,11297.880256068682,11327.880256068682,11628.321078594772,11818.321078594772,350.0,1183.7570286879022,0.0,0,0,0,1
S2,continuous,C,593,65,10391.206377292947,12850.494302397059,12899.199752524284,13029.199752524284,13031.867199620167,2459.287925104112,2459.287925104112,130.0,2589.287925104112,12850.494302397059,12880.494302397059,13029.199752524284,13219.199752524284,300.0,714.5870469780347,0.0,0,0,0,0
S2,continuous,C,594,42,10393.242023904035,11327.880256068682,11369.599462276803,11940.840611382073,12014.916377134148,934.638232164647,934.638232164647,571.2411491052699,1505.8793812699168,11327.880256068682,11357.880256068682,12004.916377134148,12194.916377134148,450.0,1137.1666717223734,0.0,0,0,0,1
S2,continuous,C,595,21,10404.916377134148,12880.494302397059,12940.7324746776,12940.7324746776,12993.53657425611,2475.577925262911,2475.577925262911,0.0,2475.577925262911,12880.494302397059,12910.494302397059,12983.53657425611,13173.53657425611,300.0,1734.1184529455659,0.0,2,2,0,0
S2,continuous,C,596,83,10482.318585588255,10772.061910384771,10868.88732342241,12827.409441317479,12923.185885702082,289.7433247965164,289.7433247965164,1958.5221178950687,2248.265442691585,10772.061910384771,10802.061910384771,12913.185885702082,13103.185885702082,600.0,2337.1516489725163,0.0,0,0,0,1
S2,continuous,C,597,55,10499.46005296253,11133.242023904035,11210.922200094095,12755.662407949056,12822.318585588255,633.7819709415053,633.7819709415053,1544.7402078549603,2178.5221787964656,11133.242023904035,11163.242023904035,12812.318585588255,13002.318585588255,500.0,1653.8704707991692,0.0,0,0,0,1
S2,continuous,C,598,76,10500.494302397059,10740.494302397059,10794.804904120374,11358.402277714436,11431.206377292947,240.0,0.0,563.5973735940624,563.5973735940624,10740.494302397059,10770.494302397059,11421.206377292947,11611.206377292947,400.0,1417.9791697505295,0.0,0,0,0,1
S2,continuous,C,599,41,10510.478082943187,10770.969104262225,10851.938097059146,12925.662407949056,13012.318585588255,260.4910213190378,260.4910213190378,2073.7243108899092,2334.215332208947,10770.969104262225,10800.969104262225,13002.318585588255,13192.318585588255,600.0,1605.0765296893173,0.0,0,0,0,1
S2,continuous,C,600,97,10529.501059045491,11325.648646405005,11463.44959479546,12819.211380283821,12920.494302397059,796.1475873595136,796.1475873595136,1355.761785488361,2151.9093728478747,11325.648646405005,11355.648646405005,12910.494302397059,13100.494302397059,600.0,2960.3718071475523,0.0,0,0,0,1
S2,continuous,C,601,1,10532.061910384771,11611.206377292947,11676.698136275372,11806.698136275372,11828.321078594772,1079.1444669081757,1079.1444669081757,130.0,1209.1444669081757,11611.206377292947,11641.206377292947,11818.321078594772,12008.321078594772,300.0,1217.9791697505295,0.0,1,1,0,0
S2,continuous,C,602,71,10555.648646405005,11357.880256068682,11417.970231178551,13019.211380283821,13110.494302397059,802.2316096636769,802.2316096636769,1601.2411491052699,2403.4727587689467,11357.880256068682,11387.880256068682,13100.494302397059,13290.494302397059,550.0,1214.5870469780346,0.0,0,0,0,1
S2,continuous,C,603,53,10581.206377292947,11556.193446083726,11613.440102000699,11927.788794230231,11986.96889200508,974.9870687907787,974.9870687907787,314.3486922295324,1289.335761020311,11556.193446083726,11586.193446083726,11976.96889200508,12166.96889200508,350.0,2104.255386605015,0.0,0,0,0,1
S2,continuous,C,604,9,10583.242023904035,11641.206377292947,11713.638805679453,11869.017994800453,11891.581597450197,1057.964353388912,1057.964353388912,155.3791891210003,1213.3435425099124,11641.206377292947,11671.206377292947,11881.581597450197,12071.581597450197,300.0,1685.3937650077012,0.0,1,1,0,0
S2,continuous,C,605,22,10594.916377134148,11586.193446083726,11660.617856923853,12494.496358363678,12578.572124115753,991.2770689495774,991.2770689495774,833.8785014398254,1825.1555703894028,11586.193446083726,11616.193446083726,12568.572124115753,12758.572124115753,500.0,1523.917388034646,0.0,0,0,0,1
S2,continuous,C,606,90,10672.318585588255,11671.206377292947,11765.588196467656,12618.979652629292,12673.521676015127,998.8877917046921,998.8877917046921,853.3914561616366,1852.2792478663287,11671.206377292947,11701.206377292947,12663.521676015127,12853.521676015127,500.0,841.9119212349611,0.0,0,0,0,1
S2,continuous,C,607,43,10689.46005296253,13103.185885702082,13161.245719738488,13161.245719738488,13175.787743124323,2413.725832739552,2413.725832739552,0.0,2413.725832739552,13103.185885702082,13133.185885702082,13165.787743124323,13355.787743124323,300.0,1737.1516489725159,0.0,2,2,0,0
S2,continuous,C,608,75,10690.494302397059,11701.206377292947,11786.075902371373,13329.22206897878,13401.044245111552,1010.7120748958878,1010.7120748958878,1543.1461666074065,2553.8582415032943,11701.206377292947,11731.206377292947,13391.044245111552,13581.044245111552,400.0,1527.4930785507627,0.0,0,0,0,1
S2,continuous,C,609,8,10699.121405173952,11355.648646405005,11493.44959479546,13199.211380283821,13300.494302397059,656.5272412310533,656.5272412310533,1705.761785488361,2362.2890267194143,11355.648646405005,11385.648646405005,13290.494302397059,13480.494302397059,600.0,2960.3718071475523,0.0,0,0,0,1
S2,continuous,C,610,4,10700.478082943187,11385.648646405005,11499.897073883887,12798.979652629292,12863.521676015127,685.1705634618174,685.1705634618174,1299.082578745405,1984.2531422072225,11385.648646405005,11415.648646405005,12853.521676015127,13043.521676015127,550.0,1823.1659194057056,0.0,0,0,0,1
S2,continuous,C,611,79,10745.648646405005,13480.494302397059,13529.199752524284,13529.199752524284,13531.867199620167,2734.845655992054,2734.845655992054,0.0,2734.845655992054,13480.494302397059,13510.494302397059,13529.199752524284,13719.199752524284,300.0,714.5870469780347,0.0,0,0,0,0
S2,continuous,C,612,28,10771.206377292947,10800.969104262225,10882.484607724025,13479.22206897878,13591.044245111552,29.762726969278447,29.762726969278447,2596.7374612547537,2626.500188224032,10800.969104262225,10830.969104262225,13581.044245111552,13771.044245111552,600.0,1767.3405664824334,0.0,0,0,0,1
S2,continuous,C,613,33,10784.916377134148,13043.521676015127,13073.132029104996,13073.132029104996,13122.312126879844,2258.605298880979,2138.605298880979,0.0,2138.605298880979,13043.521676015127,13073.521676015127,13112.312126879844,13302.312126879844,300.0,1323.1659194057054,0.0,1,1,0,0
S2,continuous,C,614,40,10803.242023904035,13510.494302397059,13568.267508309129,13568.267508309129,13576.799463092395,2707.2522784930243,2707.2522784930243,0.0,2707.2522784930243,13510.494302397059,13540.494302397059,13568.267508309129,13758.267508309129,300.0,1348.4266377379377,0.0,1,1,0,0
S2,continuous,C,615,20,10862.318585588255,13192.318585588255,13230.07701371874,13230.07701371874,13232.744460814622,2330.0,2330.0,0.0,2330.0,13192.318585588255,13222.318585588255,13230.07701371874,13420.07701371874,300.0,886.7681564277509,0.0,1,1,0,0
S2,continuous,C,616,66,10880.494302397059,12194.916377134148,12255.730155462841,12255.730155462841,12304.91025323769,1314.4220747370891,1314.4220747370891,0.0,1314.4220747370891,12194.916377134148,12224.916377134148,12294.91025323769,12484.91025323769,300.0,1582.1468227425091,0.0,3,3,0,0
S2,continuous,C,617,95,10889.121405173952,11966.75130128259,12028.47050749071,13084.496358363678,13178.572124115753,1077.6298961086377,1077.6298961086377,1056.0258508729676,2133.6557469816053,11966.75130128259,11996.75130128259,13168.572124115753,13358.572124115753,550.0,1337.1666717223734,0.0,0,0,0,1
S2,continuous,C,618,70,10890.478082943187,11616.193446083726,11696.859423804692,13679.22206897878,13781.044245111552,725.7153631405381,725.7153631405381,1982.3626451740874,2708.0780083146255,11616.193446083726,11646.193446083726,13771.044245111552,13961.044245111552,550.0,1412.087231994078,0.0,0,0,0,1
S2,continuous,C,619,86,10935.648646405005,13961.044245111552,14034.439203538348,14034.439203538348,14083.619301313196,3025.3955987065474,3025.3955987065474,0.0,3025.3955987065474,13961.044245111552,13991.044245111552,14073.619301313196,14263.619301313196,300.0,1943.1968558062856,0.0,2,2,0,0
S2,continuous,C,620,69,10939.46005296253,12224.916377134148,12278.043901998462,12278.043901998462,12280.711349094345,1285.4563241716187,1285.4563241716187,0.0,1285.4563241716187,12224.916377134148,12254.916377134148,12278.043901998462,12468.043901998462,300.0,837.1666717223733,0.0,1,1,0,0
S2,continuous,C,621,82,10942.061910384771,13540.494302397059,13594.496358363678,13594.496358363678,13638.572124115753,2598.432392012288,2598.432392012288,0.0,2598.432392012288,13540.494302397059,13570.494302397059,13628.572124115753,13818.572124115753,300.0,1274.7356962186627,0.0,0,0,0,0
S2,continuous,C,622,51,10961.206377292947,13222.318585588255,13270.07701371874,13716.532305428402,13729.199752524284,2261.112208295308,2261.112208295308,446.45529170966256,2707.5675000049705,13222.318585588255,13252.318585588255,13719.199752524284,13909.199752524284,350.0,986.7681564277509,0.0,0,0,0,1
S2,continuous,C,623,91,10974.916377134148,13133.185885702082,13190.999262907082,13263.132029104996,13312.312126879844,2158.2695085679334,2158.2695085679334,72.13276619791395,2230.4022747658473,13133.185885702082,13163.185885702082,13302.312126879844,13492.312126879844,300.0,1893.911565490476,0.0,2,2,0,0
S2,continuous,C,624,78,11052.318585588255,11415.648646405005,11539.511797447083,12009.017994800453,12081.581597450197,363.3300608167501,363.3300608167501,469.5061973533702,832.8362581701203,11415.648646405005,11445.648646405005,12071.581597450197,12261.581597450197,550.0,2504.255386605015,0.0,0,0,0,1
S2,continuous,C,625,60,11070.494302397059,11445.648646405005,11540.569977959109,11984.083854186707,12006.75130128259,375.15434400794584,375.15434400794584,443.5138762275983,818.6682202355441,11445.648646405005,11475.648646405005,11996.75130128259,12186.75130128259,400.0,2175.3199763040047,0.0,0,0,0,1
S2,continuous,C,626,84,11080.478082943187,11821.400629426513,11876.504469456439,12425.730155462841,12494.91025323769,740.9225464833253,560.9225464833253,549.2256860064026,1110.148232489728,11821.400629426513,11851.400629426513,12484.91025323769,12674.91025323769,400.0,2260.019279234596,0.0,0,0,0,1
S2,continuous,C,627,13,11110.547703164564,13073.521676015127,13107.34190172913,13107.34190172913,13129.905504378874,1962.9739728505629,1962.9739728505629,0.0,1962.9739728505629,13073.521676015127,13103.521676015127,13119.905504378874,13309.905504378874,300.0,1470.7416187224624,0.0,2,2,0,0
S2,continuous,C,628,35,11132.061910384771,13103.521676015127,13129.633221049198,13129.633221049198,13151.256163368598,1971.4597656303558,1971.4597656303558,0.0,1971.4597656303558,13103.521676015127,13133.521676015127,13141.256163368598,13331.256163368598,300.0,952.1262717419622,0.0,0,0,0,0
S2,continuous,C,629,77,11151.206377292947,13133.521676015127,13149.64141899716,13149.64141899716,13202.44551857567,1982.3152987221802,1982.3152987221802,0.0,1982.3152987221802,13133.521676015127,13163.521676015127,13192.44551857567,13382.44551857567,300.0,441.9119212349611,0.0,0,0,0,0
S2,continuous,C,630,12,11164.916377134148,11851.400629426513,11932.782802991982,13264.496358363678,13368.572124115753,686.4842522923645,626.4842522923645,1331.7135553716962,1958.1978076640607,11851.400629426513,11881.400629426513,13358.572124115753,13548.572124115753,600.0,1719.7198548235888,0.0,0,0,0,1
S2,continuous,C,631,92,11186.193446083726,13570.494302397059,13628.267508309129,13758.267508309129,13766.799463092395,2384.3008563133335,2384.3008563133335,130.0,2514.3008563133335,13570.494302397059,13600.494302397059,13758.267508309129,13948.267508309129,300.0,1348.4266377379377,0.0,1,1,0,0
S2,continuous,C,632,19,11199.97541702523,11881.400629426513,11946.504469456439,12605.730155462841,12684.91025323769,681.4252124012819,621.4252124012819,659.2256860064026,1280.6508984076845,11881.400629426513,11911.400629426513,12674.91025323769,12864.91025323769,450.0,2360.019279234596,0.0,0,0,0,1
S2,continuous,C,633,7,11242.318585588255,13991.044245111552,14050.968796315548,14050.968796315548,14073.532398965292,2748.7256595232975,2748.7256595232975,0.0,2748.7256595232975,13991.044245111552,14021.044245111552,14063.532398965292,14253.532398965292,300.0,912.0872319940779,0.0,0,0,0,0
S2,continuous,C,634,56,11259.932584209779,11646.193446083726,11743.873622273786,13175.662407949056,13262.318585588255,386.26086187394685,386.26086187394685,1431.7887856752695,1818.0496475492164,11646.193446083726,11676.193446083726,13252.318585588255,13442.318585588255,600.0,1853.8704707991692,0.0,0,0,0,1
S2,continuous,C,635,24,11260.494302397059,12261.581597450197,12353.423402428109,13301.245719738488,13365.787743124323,1001.0872950531375,1001.0872950531375,947.8223173103797,1948.9096123635172,12261.581597450197,12291.581597450197,13355.787743124323,13545.787743124323,550.0,1970.7416187224626,0.0,0,0,0,1
S2,continuous,C,636,96,11270.478082943187,11475.648646405005,11609.511797447083,12219.017994800453,12301.581597450197,205.17056346181744,205.17056346181744,609.5061973533702,814.6767608151877,11475.648646405005,11505.648646405005,12291.581597450197,12481.581597450197,600.0,2604.255386605015,0.0,0,0,0,1
S2,continuous,C,637,94,11322.061910384771,13442.318585588255,13484.091336767771,13484.091336767771,13506.654939417514,2120.2566752034836,2120.2566752034836,0.0,2120.2566752034836,13442.318585588255,13472.318585588255,13496.654939417514,13686.654939417514,300.0,1253.8704707991694,0.0,4,4,0,0
S2,continuous,C,638,54,11354.916377134148,12008.321078594772,12096.32599827761,13724.496358363678,13828.572124115753,653.404701460624,593.404701460624,1628.1703600860674,2221.5750615466914,12008.321078594772,12038.321078594772,13818.572124115753,14008.572124115753,600.0,1353.9586979199278,0.0,0,0,0,1
S2,continuous,C,639,48,11376.193446083726,14021.044245111552,14080.311265712808,14080.311265712808,14121.594187826046,2644.8507990278267,2644.8507990278267,0.0,2644.8507990278267,14021.044245111552,14051.044245111552,14111.594187826046,14301.594187826046,300.0,961.8484557954962,0.0,0,0,0,0
S2,continuous,C,640,29,11399.418748378472,13545.787743124323,13575.398096214192,13575.398096214192,13624.57819398904,2146.3689947458515,2146.3689947458515,0.0,2146.3689947458515,13545.787743124323,13575.787743124323,13614.57819398904,13804.57819398904,300.0,1323.1659194057054,0.0,1,1,0,0
S2,continuous,C,641,76,11431.206377292947,14051.044245111552,14117.187418481579,14117.187418481579,14152.963862866181,2619.8378678186054,2619.8378678186054,0.0,2619.8378678186054,14051.044245111552,14081.044245111552,14142.963862866181,14332.963862866181,300.0,1392.7262517371585,0.0,0,0,0,0
S2,continuous,C,642,57,11432.318585588255,12038.321078594772,12131.513542562408,13511.245719738488,13585.787743124323,606.0024930065174,606.0024930065174,1379.7321771760799,1985.7346701825973,12038.321078594772,12068.321078594772,13575.787743124323,13765.787743124323,600.0,1552.1262717419622,0.0,0,0,0,1
S2,continuous,C,643,16,11448.321078594772,12254.916377134148,12310.852951076607,12469.017994800453,12491.581597450197,806.595298539376,806.595298539376,158.16504372384588,964.7603422632219,12254.916377134148,12284.916377134148,12481.581597450197,12671.581597450197,300.0,1123.917388034646,0.0,1,1,0,0
S2,continuous,C,644,47,11449.932584209779,14081.044245111552,14147.187418481579,14307.187418481579,14342.963862866181,2631.1116609017736,2631.1116609017736,160.0,2791.1116609017736,14081.044245111552,14111.044245111552,14332.963862866181,14522.963862866181,300.0,1392.7262517371585,0.0,0,0,0,0
S2,continuous,C,645,2,11450.494302397059,12068.321078594772,12147.681473576007,13405.662407949056,13482.318585588255,617.8267761977131,617.8267761977131,1257.9809343730485,1875.8077105707616,12068.321078594772,12098.321078594772,13472.318585588255,13662.318585588255,550.0,1257.2257772487105,0.0,0,0,0,1
S2,continuous,C,646,27,11460.478082943187,13765.787743124323,13793.728779816547,13909.199752524284,13911.867199620167,2305.3096601811358,2305.3096601811358,115.47097270773702,2420.780632888873,13765.787743124323,13795.787743124323,13909.199752524284,14099.199752524284,300.0,979.3149061678332,0.0,1,1,0,0
S2,continuous,C,647,98,11509.97541702523,13163.185885702082,13238.415850274505,14086.532305428402,14109.199752524284,1653.2104686768507,1653.2104686768507,848.1164551538968,2501.3269238307475,13163.185885702082,13193.185885702082,14099.199752524284,14289.199752524284,400.0,1689.1208032571615,0.0,0,0,0,1
S2,continuous,C,648,46,11512.061910384771,11512.061910384771,11636.310337863653,13731.245719738488,13805.787743124323,0.0,0.0,2094.935381874835,2094.935381874835,11512.061910384771,11542.061910384771,13795.787743124323,13985.787743124323,600.0,1923.1659194057056,0.0,0,0,0,1
S2,continuous,C,649,49,11544.916377134148,11544.916377134148,11682.717325524603,13509.211380283821,13610.494302397059,0.0,0.0,1826.4940547592178,1826.4940547592178,11544.916377134148,11574.916377134148,13600.494302397059,13790.494302397059,600.0,2960.3718071475523,0.0,0,0,0,1
S2,continuous,C,650,52,11589.418748378472,11889.418748378472,11981.178098124285,13739.211380283821,13800.494302397059,300.0,0.0,1758.0332821595366,1758.0332821595366,11889.418748378472,11919.418748378472,13790.494302397059,13980.494302397059,400.0,1934.1184529455659,0.0,0,0,0,1
S2,continuous,C,651,64,11622.318585588255,13985.787743124323,14025.398096214192,14214.439203538348,14273.619301313196,2363.4691575360685,2363.4691575360685,189.04110732415575,2552.510264860224,13985.787743124323,14015.787743124323,14263.619301313196,14453.619301313196,350.0,1423.1659194057054,0.0,0,0,0,1
S2,continuous,C,652,17,11638.321078594772,12166.96889200508,12232.765914214842,12276.896451482247,12329.700551060758,528.6478134103072,408.6478134103072,44.13053726740509,452.7783506777123,12166.96889200508,12196.96889200508,12319.700551060758,12509.700551060758,300.0,1617.7159490944925,0.0,1,1,0,0
S2,continuous,C,653,44,11639.932584209779,13980.494302397059,14034.496358363678,14034.496358363678,14078.572124115753,2340.5617181872803,2340.5617181872803,0.0,2340.5617181872803,13980.494302397059,14010.494302397059,14068.572124115753,14258.572124115753,300.0,1274.7356962186627,0.0,0,0,0,0
S2,continuous,C,654,14,11650.478082943187,14015.787743124323,14065.398096214192,14394.439203538348,14463.619301313196,2365.3096601811358,2365.3096601811358,329.04110732415575,2694.3507675052915,14015.787743124323,14045.787743124323,14453.619301313196,14643.619301313196,400.0,1523.1659194057054,0.0,0,0,0,1
S2,continuous,C,655,15,11700.494302397059,11911.400629426513,11960.041492005435,12436.896451482247,12519.700551060758,210.90632702945368,210.90632702945368,476.8549594768119,687.7612865062656,11911.400629426513,11941.400629426513,12509.700551060758,12699.700551060758,450.0,1280.607458185995,0.0,0,0,0,1
S2,continuous,C,656,99,11701.581597450197,14010.494302397059,14070.7324746776,14070.7324746776,14123.53657425611,2308.9127049468625,2308.9127049468625,0.0,2308.9127049468625,14010.494302397059,14040.494302397059,14113.53657425611,14303.53657425611,300.0,1734.1184529455659,0.0,2,2,0,0
S2,continuous,C,657,37,11702.061910384771,12284.916377134148,12352.285444446667,13625.662407949056,13672.318585588255,582.854466749377,582.854466749377,1273.3769635023891,1856.2314302517661,12284.916377134148,12314.916377134148,13662.318585588255,13852.318585588255,400.0,773.2131543192338,0.0,0,0,0,1
S2,continuous,C,658,36,11734.916377134148,14111.044245111552,14174.93184674424,14260.7324746776,14313.53657425611,2376.127867977404,2376.127867977404,85.80062793335856,2461.9284959107626,14111.044245111552,14141.044245111552,14303.53657425611,14493.53657425611,300.0,1327.4930785507627,0.0,2,2,0,0
S2,continuous,C,659,6,11753.185885702082,13193.185885702082,13274.594546893866,14240.311265712808,14311.594187826046,1440.0,1440.0,965.7167188189414,2405.7167188189414,13193.185885702082,13223.185885702082,14301.594187826046,14491.594187826046,450.0,1727.444619634661,0.0,0,0,0,1
S2,continuous,C,660,32,11786.75130128259,12098.321078594772,12195.39335337326,14400.311265712808,14501.594187826046,311.56977731218285,311.56977731218285,2204.917912339548,2516.4876896517308,12098.321078594772,12128.321078594772,14491.594187826046,14681.594187826046,600.0,1944.4848194357353,0.0,0,0,0,1
S2,continuous,C,661,81,11796.96889200508,14040.494302397059,14097.226556969385,14097.226556969385,14118.849499288785,2243.5254103919797,2243.5254103919797,0.0,2243.5254103919797,14040.494302397059,14070.494302397059,14108.849499288785,14298.849499288785,300.0,1344.4848194357353,0.0,1,1,0,0
S2,continuous,C,662,38,11812.318585588255,14070.494302397059,14130.974205691178,14130.974205691178,14145.516229077013,2258.1757168088043,2258.1757168088043,0.0,2258.1757168088043,14070.494302397059,14100.494302397059,14135.516229077013,14325.516229077013,300.0,1558.9234728874594,0.0,2,2,0,0
S2,continuous,C,663,1,11828.321078594772,13852.318585588255,13904.091336767771,14230.968796315548,14263.532398965292,2023.9975069934826,2023.9975069934826,326.8774595477771,2350.8749665412597,13852.318585588255,13882.318585588255,14253.532398965292,14443.532398965292,350.0,1353.8704707991694,0.0,0,0,0,1
S2,continuous,C,664,59,11840.478082943187,14045.787743124323,14064.591955533091,14064.591955533091,14091.24813317229,2205.3096601811358,2205.3096601811358,0.0,2205.3096601811358,14045.787743124323,14075.787743124323,14081.24813317229,14271.24813317229,300.0,490.13693998740246,0.0,0,0,0,0
S2,continuous,C,665,23,11890.494302397059,12314.916377134148,12405.730155462841,12795.730155462841,12874.91025323769,424.42207473708913,424.42207473708913,390.0,814.4220747370891,12314.916377134148,12344.916377134148,12864.91025323769,13054.91025323769,450.0,1882.1468227425091,0.0,0,0,0,1
S2,continuous,C,666,9,11891.581597450197,12344.916377134148,12428.043901998462,12445.37645490258,12478.043901998462,453.33477968395164,453.33477968395164,17.33255290411762,470.66733258806926,12344.916377134148,12374.916377134148,12468.043901998462,12658.043901998462,450.0,1137.1666717223734,0.0,0,0,0,1
S2,continuous,C,667,80,11892.061910384771,12128.321078594772,12211.513542562408,14270.974205691178,14335.516229077013,236.259168210001,236.259168210001,2059.4606631287697,2295.7198313387707,12128.321078594772,12158.321078594772,14325.516229077013,14515.516229077013,550.0,1452.1262717419622,0.0,0,0,0,1
S2,continuous,C,668,68,11943.185885702082,14681.594187826046,14738.656968416748,14738.656968416748,14765.313146055947,2738.408302123964,2738.408302123964,0.0,2738.408302123964,14681.594187826046,14711.594187826046,14755.313146055947,14945.313146055947,300.0,1391.6860639264555,0.0,0,0,0,0
S2,continuous,C,669,53,11986.96889200508,12186.75130128259,12262.81776168486,14450.974205691178,14525.516229077013,199.78240927750994,199.78240927750994,2188.1564440063175,2387.9388532838275,12186.75130128259,12216.75130128259,14515.516229077013,14705.516229077013,600.0,1579.3149061678332,0.0,0,0,0,1
S2,continuous,C,670,5,12002.318585588255,13223.185885702082,13314.594546893866,14640.311265712808,14721.594187826046,1220.8673001138268,1220.8673001138268,1325.7167188189414,2546.5840189327682,13223.185885702082,13253.185885702082,14711.594187826046,14901.594187826046,500.0,1827.444619634661,0.0,0,0,0,1
S2,continuous,C,671,60,12006.75130128259,12699.700551060758,12799.121575074183,13735.398096214192,13814.57819398904,692.9492497781685,572.9492497781685,936.2765211400092,1509.2257709181777,12699.700551060758,12729.700551060758,13804.57819398904,13994.57819398904,450.0,1917.7159490944925,0.0,0,0,0,1
S2,continuous,C,672,42,12014.916377134148,14141.044245111552,14205.84996992286,14205.84996992286,14214.381924706126,2126.127867977404,2126.127867977404,0.0,2126.127867977404,14141.044245111552,14171.044245111552,14205.84996992286,14395.84996992286,300.0,1167.3405664824334,0.0,1,1,0,0
S2,continuous,C,673,0,12030.478082943187,12729.700551060758,12815.2454750504,14276.532305428402,14299.199752524284,699.2224681175703,579.2224681175703,1461.2868303780015,2040.5092984955718,12729.700551060758,12759.700551060758,14289.199752524284,14479.199752524284,400.0,1326.7460274474124,0.0,0,0,0,1
S2,continuous,C,674,78,12081.581597450197,14171.044245111552,14230.968796315548,14430.968796315548,14453.532398965292,2089.4626476613557,2089.4626476613557,200.0,2289.4626476613557,14171.044245111552,14201.044245111552,14443.532398965292,14633.532398965292,300.0,912.0872319940779,0.0,0,0,0,0
S2,continuous,C,675,45,12082.061910384771,13054.91025323769,13169.158680716571,14650.974205691178,14715.516229077013,972.848342852918,732.848342852918,1481.815524974607,2214.663867827525,13054.91025323769,13084.91025323769,14705.516229077013,14895.516229077013,550.0,1823.1659194057056,0.0,0,0,0,1
S2,continuous,C,676,88,12110.494302397059,14901.594187826046,14962.074091120165,14962.074091120165,14976.616114506,2791.0998854289865,2791.0998854289865,0.0,2791.0998854289865,14901.594187826046,14931.594187826046,14966.616114506,15156.616114506,300.0,1558.9234728874594,0.0,2,2,0,0
S2,continuous,C,677,63,12139.700551060758,13492.312126879844,13620.1130752703,14850.311265712808,14941.594187826046,1352.6115758190863,1172.6115758190863,1230.1981904425083,2402.8097662615946,13492.312126879844,13522.312126879844,14931.594187826046,15121.594187826046,550.0,2860.3718071475523,0.0,0,0,0,1
S2,continuous,C,678,87,12163.185885702082,12758.572124115753,12828.182001934603,13217.409441317479,13263.185885702082,595.3862384136719,595.3862384136719,389.2274393828757,984.6136777965476,12758.572124115753,12788.572124115753,13253.185885702082,13443.185885702082,350.0,1534.8685218017433,0.0,0,0,0,1
S2,continuous,C,679,34,12192.318585588255,13443.185885702082,13528.415850274505,14456.532305428402,14489.199752524284,1250.8673001138268,1250.8673001138268,928.1164551538968,2178.9837552677236,13443.185885702082,13473.185885702082,14479.199752524284,14669.199752524284,450.0,1789.1208032571615,0.0,0,0,0,1
S2,continuous,C,680,58,12225.10550345671,13522.312126879844,13588.109149089607,13588.109149089607,13640.913248668117,1297.2066234231334,1237.2066234231334,0.0,1237.2066234231334,13522.312126879844,13552.312126879844,13630.913248668117,13820.913248668117,300.0,1617.7159490944925,0.0,1,1,0,0
S2,continuous,C,681,72,12272.061910384771,12671.581597450197,12761.385970390096,15030.311265712808,15131.594187826046,399.5196870654254,399.5196870654254,2268.9252953227115,2668.444982388137,12671.581597450197,12701.581597450197,15121.594187826046,15311.594187826046,600.0,1401.9506431586985,0.0,0,0,0,1
S2,continuous,C,682,69,12280.711349094345,12701.581597450197,12796.006008290324,14164.496358363678,14268.572124115753,420.8702483558518,420.8702483558518,1368.4903500733544,1789.3605984292062,12701.581597450197,12731.581597450197,14258.572124115753,14448.572124115753,600.0,1723.917388034646,0.0,0,0,0,1
S2,continuous,C,683,96,12301.581597450197,13882.318585588255,13922.268064787897,14404.496358363678,14458.572124115753,1580.7369881380582,1580.7369881380582,482.2282935757812,2062.9652817138394,13882.318585588255,13912.318585588255,14448.572124115753,14638.572124115753,350.0,673.2131543192338,0.0,0,0,0,1
S2,continuous,C,684,66,12304.91025323769,14201.044245111552,14304.439203538348,14574.439203538348,14653.619301313196,1896.1339918738631,1896.1339918738631,270.0,2166.133991873863,14201.044245111552,14231.044245111552,14643.619301313196,14833.619301313196,450.0,2243.1968558062854,0.0,0,0,0,1
S2,continuous,C,685,17,12329.700551060758,13552.312126879844,13638.23023723131,14584.496358363678,14648.572124115753,1222.6115758190863,1222.6115758190863,946.2661211323684,2168.8776969514547,13552.312126879844,13582.312126879844,14638.572124115753,14828.572124115753,400.0,1782.1468227425091,0.0,0,0,0,1
S2,continuous,C,686,10,12330.494302397059,12759.700551060758,12871.45990080657,15240.311265712808,15321.594187826046,429.2062486636987,429.2062486636987,2368.851364906237,2798.0576135699357,12759.700551060758,12789.700551060758,15311.594187826046,15501.594187826046,500.0,2134.118452945566,0.0,0,0,0,1
S2,continuous,C,687,30,12353.185885702082,13912.318585588255,13956.712215889289,14277.226556969385,14308.849499288785,1559.1326998861732,1559.1326998861732,320.5143410800956,1879.6470409662688,13912.318585588255,13942.318585588255,14298.849499288785,14488.849499288785,350.0,857.2257772487103,0.0,0,0,0,1
S2,continuous,C,688,62,12382.318585588255,14231.044245111552,14314.93184674424,14430.7324746776,14503.53657425611,1848.7256595232975,1848.7256595232975,115.80062793335856,1964.526287456656,14231.044245111552,14261.044245111552,14493.53657425611,14683.53657425611,400.0,1527.4930785507627,0.0,0,0,0,1
S2,continuous,C,689,93,12388.572124115753,12731.581597450197,12822.247575171163,14159.22206897878,14271.044245111552,343.0094733344431,343.0094733344431,1336.9744938076165,1679.9839671420596,12731.581597450197,12761.581597450197,14261.044245111552,14451.044245111552,600.0,1512.087231994078,0.0,0,0,0,1
S2,continuous,C,690,26,12445.10550345671,12505.10550345671,12595.9117801624,14349.22206897878,14461.044245111552,60.0,0.0,1753.3102888163794,1753.3102888163794,12505.10550345671,12535.10550345671,14451.044245111552,14641.044245111552,600.0,1579.4478846801628,0.0,0,0,0,1
S2,continuous,C,691,9,12478.043901998462,12718.043901998462,12732.785978609249,12749.017994800453,12771.581597450197,240.0,0.0,16.23201619120482,16.23201619120482,12718.043901998462,12748.043901998462,12761.581597450197,12951.581597450197,300.0,931.1305497217344,0.0,0,0,0,0
S2,continuous,C,692,11,12483.521676015127,13548.572124115753,13640.552198463853,13738.109149089607,13830.913248668117,1065.0504481006265,1065.0504481006265,97.55695062575433,1162.6073987263808,13548.572124115753,13578.572124115753,13820.913248668117,14010.913248668117,500.0,1411.3532330545418,0.0,0,0,0,1
S2,continuous,C,693,16,12491.581597450197,14641.044245111552,14698.42449571576,14698.42449571576,14701.091942811643,2149.4626476613557,2149.4626476613557,0.0,2149.4626476613557,14641.044245111552,14671.044245111552,14698.42449571576,14888.42449571576,300.0,642.986414238962,0.0,0,0,0,0
S2,continuous,C,694,84,12494.91025323769,12748.043901998462,12818.133877108332,15410.311265712808,15511.594187826046,253.1336487607732,13.133648760773212,2592.1773886044757,2605.311037365249,12748.043901998462,12778.043901998462,15501.594187826046,15691.594187826046,600.0,1314.5870469780346,0.0,0,0,0,1
S2,continuous,C,695,15,12519.700551060758,14671.044245111552,14744.439203538348,14794.439203538348,14843.619301313196,2151.3436940507945,2151.3436940507945,50.0,2201.3436940507945,14671.044245111552,14701.044245111552,14833.619301313196,15023.619301313196,300.0,1943.1968558062856,0.0,2,2,0,0
S2,continuous,C,696,25,12520.494302397059,13582.312126879844,13703.065006948715,14609.22206897878,14711.044245111552,1061.817824482785,1061.817824482785,906.1570620300645,1967.9748865128495,13582.312126879844,13612.312126879844,14701.044245111552,14891.044245111552,550.0,2443.1968558062854,0.0,0,0,0,1
S2,continuous,C,697,73,12543.185885702082,12658.043901998462,12734.110362400734,15092.074091120165,15166.616114506,114.85801629638081,114.85801629638081,2357.963728719431,2472.8217450158118,12658.043901998462,12688.043901998462,15156.616114506,15346.616114506,600.0,1579.3149061678332,0.0,0,0,0,1
S2,continuous,C,698,61,12572.318585588255,13578.572124115753,13629.029867231267,13629.029867231267,13650.652809550667,1006.2535385274987,1006.2535385274987,0.0,1006.2535385274987,13578.572124115753,13608.572124115753,13640.652809550667,13830.652809550667,300.0,753.9586979199278,0.0,1,1,0,0
S2,continuous,C,699,22,12578.572124115753,14891.044245111552,14964.439203538348,14984.439203538348,15033.619301313196,2312.472120995799,2312.472120995799,20.0,2332.472120995799,14891.044245111552,14921.044245111552,15023.619301313196,15213.619301313196,300.0,1943.1968558062856,0.0,2,2,0,0
S2,continuous,C,700,3,12635.10550345671,13473.185885702082,13583.283327323938,14819.22206897878,14931.044245111552,838.0803822453709,838.0803822453709,1235.9387416548416,2074.0191239002124,13473.185885702082,13503.185885702082,14921.044245111552,15111.044245111552,600.0,1992.7262517371585,0.0,0,0,0,1
S2,continuous,C,701,90,12673.521676015127,15111.044245111552,15220.311265712808,15610.311265712808,15701.594187826046,2437.5225690964253,2437.5225690964253,390.0,2827.5225690964253,15111.044245111552,15141.044245111552,15691.594187826046,15881.594187826046,550.0,1461.8484557954962,0.0,0,0,0,1
S2,continuous,C,702,19,12684.91025323769,12744.91025323769,12829.932491819787,15790.311265712808,15891.594187826046,60.0,0.0,2960.3787738930205,2960.3787738930205,12744.91025323769,12774.91025323769,15881.594187826046,16071.594187826046,600.0,1948.4266377379377,0.0,0,0,0,1
S2,continuous,C,703,67,12733.185885702082,14008.572124115753,14064.508698058213,14620.968796315548,14643.532398965292,1275.386238413672,1275.386238413672,556.4600982573356,1831.8463366710075,14008.572124115753,14038.572124115753,14633.532398965292,14823.532398965292,300.0,1123.917388034646,0.0,1,1,0,0
S2,continuous,C,704,9,12771.581597450197,14038.572124115753,14139.385902444446,15134.439203538348,15223.619301313196,1266.990526665557,1266.990526665557,995.0533010939016,2262.0438277594585,14038.572124115753,14068.572124115753,15213.619301313196,15403.619301313196,500.0,1982.1468227425091,0.0,0,0,0,1
S2,continuous,C,705,18,12798.572124115753,13011.411801241109,13106.515641271035,15304.439203538348,15413.619301313196,212.8396771253556,212.8396771253556,2197.923562267313,2410.7632393926688,13011.411801241109,13041.411801241109,15403.619301313196,15593.619301313196,600.0,2660.019279234596,0.0,0,0,0,1
S2,continuous,C,706,55,12822.318585588255,14075.787743124323,14143.728779816547,14855.757048619878,14898.42449571576,1253.4691575360685,1253.4691575360685,712.0282688033312,1965.4974263393997,14075.787743124323,14105.787743124323,14888.42449571576,15078.42449571576,500.0,1379.3149061678332,0.0,0,0,0,1
S2,continuous,C,707,50,12829.943756024375,13503.185885702082,13547.355676173534,13674.091336767771,13696.654939417514,673.2421296777065,673.2421296777065,126.73566059423683,799.9777902719434,13503.185885702082,13533.185885702082,13686.654939417514,13876.654939417514,300.0,851.2566409616875,0.0,1,1,0,0
S2,continuous,C,708,31,12831.044245111552,16071.594187826046,16128.509326746465,16128.509326746465,16164.285771131068,3240.549942714493,3240.549942714493,0.0,3240.549942714493,16071.594187826046,16101.594187826046,16154.285771131068,16344.285771131068,300.0,1427.444619634661,0.0,1,1,0,0
S2,continuous,C,709,89,12841.867199620167,13533.185885702082,13606.162982218511,13939.735553525863,13958.267508309129,691.3186860819151,691.3186860819151,333.5725713073516,1024.8912573892667,13533.185885702082,13563.185885702082,13948.267508309129,14138.267508309129,350.0,2134.918804627834,0.0,0,0,0,1
S2,continuous,C,710,4,12863.521676015127,13420.07701371874,13486.14347412101,15292.074091120165,15356.616114506,556.5553377036122,556.5553377036122,1805.9306169991542,2362.4859547027663,13420.07701371874,13450.07701371874,15346.616114506,15536.616114506,550.0,1479.3149061678332,0.0,0,0,0,1
S2,continuous,C,711,23,12874.91025323769,13563.185885702082,13681.245719738488,15472.074091120165,15546.616114506,688.2756324643924,688.2756324643924,1790.8283713816763,2479.1040038460687,13563.185885702082,13593.185885702082,15536.616114506,15726.616114506,600.0,2337.151648972516,0.0,0,0,0,1
S2,continuous,C,712,97,12920.494302397059,14828.572124115753,14879.029867231267,14879.029867231267,14900.652809550667,1908.0778217186944,1908.0778217186944,0.0,1908.0778217186944,14828.572124115753,14858.572124115753,14890.652809550667,15080.652809550667,300.0,753.9586979199278,0.0,1,1,0,0
S2,continuous,C,713,83,12923.185885702082,13942.318585588255,14004.091336767771,14790.968796315548,14833.532398965292,1019.1326998861732,1019.1326998861732,786.8774595477771,1806.0101594339503,13942.318585588255,13972.318585588255,14823.532398965292,15013.532398965292,400.0,1453.8704707991694,0.0,0,0,0,1
S2,continuous,C,714,74,12988.572124115753,13994.57819398904,14098.441345031119,14970.968796315548,15023.532398965292,1006.0060698732868,1006.0060698732868,872.5274512844298,1878.5335211577167,13994.57819398904,14024.57819398904,15013.532398965292,15203.532398965292,450.0,2304.255386605015,0.0,0,0,0,1
S2,continuous,C,715,21,12993.53657425611,15141.044245111552,15198.141342584257,15198.141342584257,15242.217108336332,2147.5076708554425,2147.5076708554425,0.0,2147.5076708554425,15141.044245111552,15171.044245111552,15232.217108336332,15422.217108336332,300.0,831.1511320863244,0.0,0,0,0,0
S2,continuous,C,716,41,13012.318585588255,13972.318585588255,14063.90666127852,15504.439203538348,15603.619301313196,960.0,960.0,1440.532542259829,2400.532542259829,13972.318585588255,14002.318585588255,15593.619301313196,15783.619301313196,550.0,1874.6412471412327,0.0,0,0,0,1
S2,continuous,C,717,85,13021.044245111552,14024.57819398904,14130.496304340506,14784.496358363678,14868.572124115753,1003.533948877488,1003.533948877488,654.0000540231722,1657.5340029006602,14024.57819398904,14054.57819398904,14858.572124115753,15048.572124115753,500.0,1982.1468227425091,0.0,0,0,0,1
S2,continuous,C,718,65,13031.867199620167,16101.594187826046,16159.367393738115,16159.367393738115,16167.899348521381,3069.726988205879,3069.726988205879,0.0,3069.726988205879,16101.594187826046,16131.594187826046,16159.367393738115,16349.367393738115,300.0,1348.4266377379377,0.0,1,1,0,0
S2,continuous,C,719,71,13110.494302397059,16131.594187826046,16185.596243792665,16185.596243792665,16229.67200954474,3021.0998854289865,3021.0998854289865,0.0,3021.0998854289865,16131.594187826046,16161.594187826046,16219.67200954474,16409.672009544738,300.0,1274.7356962186627,0.0,0,0,0,0
S2,continuous,C,720,33,13122.312126879844,13593.185885702082,13698.415850274505,15035.757048619878,15088.42449571576,470.8737588222375,470.8737588222375,1337.3411983453734,1808.214957167611,13593.185885702082,13623.185885702082,15078.42449571576,15268.42449571576,550.0,1989.1208032571615,0.0,0,0,0,1
S2,continuous,C,721,13,13129.905504378874,15171.044245111552,15231.243573841439,15231.243573841439,15257.899751480638,2041.1387407326783,2041.1387407326783,0.0,2041.1387407326783,15171.044245111552,15201.044245111552,15247.899751480638,15437.899751480638,300.0,950.8686086674074,0.0,1,1,0,0
S2,continuous,C,722,35,13151.256163368598,13623.185885702082,13724.594546893866,16080.311265712808,16171.594187826046,471.92972233348337,471.92972233348337,2355.7167188189414,2827.646441152425,13623.185885702082,13653.185885702082,16161.594187826046,16351.594187826046,550.0,1927.444619634661,0.0,0,0,0,1
S2,continuous,C,723,43,13175.787743124323,13382.44551857567,13494.877946962177,15150.968796315548,15213.532398965292,206.65777545134733,206.65777545134733,1656.0908493533716,1862.748624804719,13382.44551857567,13412.44551857567,15203.532398965292,15393.532398965292,500.0,2085.3937650077014,0.0,0,0,0,1
S2,continuous,C,724,95,13178.572124115753,13478.572124115753,13553.594362697851,16270.311265712808,16361.594187826046,300.0,0.0,2716.716903014956,2716.716903014956,13478.572124115753,13508.572124115753,16351.594187826046,16541.594187826046,550.0,1848.4266377379377,0.0,0,0,0,1
S2,continuous,C,725,77,13202.44551857567,16541.594187826046,16598.656968416748,16598.656968416748,16625.313146055945,3339.148669250375,3339.148669250375,0.0,3339.148669250375,16541.594187826046,16571.594187826046,16615.313146055945,16805.313146055945,300.0,1391.6860639264555,0.0,0,0,0,0
S2,continuous,C,726,39,13211.044245111552,15048.572124115753,15137.92281120776,15137.92281120776,15229.744987340533,1837.5278790042012,1837.5278790042012,0.0,1837.5278790042012,15048.572124115753,15078.572124115753,15219.744987340533,15409.744987340533,500.0,1231.1511320863244,0.0,0,0,0,1
S2,continuous,C,727,20,13232.744460814622,13653.185885702082,13736.162982218511,14377.318015139594,14405.84996992286,420.44142488746,420.44142488746,641.1550329210822,1061.5964578085423,13653.185885702082,13683.185885702082,14395.84996992286,14585.84996992286,400.0,2234.918804627834,0.0,0,0,0,1
S2,continuous,C,728,56,13262.318585588255,13412.44551857567,13515.358525949838,14547.318015139594,14595.84996992286,150.12693298741578,150.12693298741578,1031.959489189756,1182.0864221771717,13412.44551857567,13442.44551857567,14585.84996992286,14775.84996992286,500.0,1380.607458185995,0.0,0,0,0,1
S2,continuous,C,729,87,13263.185885702082,14002.318585588255,14057.088655926302,14487.187418481579,14532.963862866181,739.1326998861732,739.1326998861732,430.09876255527706,1169.2314624414503,14002.318585588255,14032.318585588255,14522.963862866181,14712.963862866181,350.0,1619.755956708848,0.0,0,0,0,1
S2,continuous,C,730,8,13300.494302397059,14138.267508309129,14184.000115224222,14677.187418481579,14722.963862866181,837.7732059120699,597.7732059120699,493.1873032573567,1090.9605091694266,14138.267508309129,14168.267508309129,14712.963862866181,14902.963862866181,350.0,2134.918804627834,0.0,0,0,0,1
S2,continuous,C,731,91,13312.312126879844,15409.744987340533,15503.619136513114,15692.074091120165,15736.616114506,2097.432860460689,2097.432860460689,188.45495460705024,2285.887815067739,15409.744987340533,15439.744987340533,15726.616114506,15916.616114506,450.0,1435.2858669135971,0.0,0,0,0,1
S2,continuous,C,732,24,13365.787743124323,15078.572124115753,15130.552198463853,15130.552198463853,15183.356298042363,1712.7843809914302,1712.7843809914302,0.0,1712.7843809914302,15078.572124115753,15108.572124115753,15173.356298042363,15363.356298042363,300.0,1011.3532330545418,0.0,2,2,0,0
S2,continuous,C,733,12,13368.572124115753,13442.44551857567,13544.877946962177,15350.968796315548,15403.532398965292,73.87339445991711,73.87339445991711,1806.0908493533716,1879.9642438132887,13442.44551857567,13472.44551857567,15393.532398965292,15583.532398965292,450.0,1985.3937650077012,0.0,0,0,0,1
S2,continuous,C,734,75,13401.044245111552,15783.619301313196,15846.294347731433,15846.294347731433,15867.917290050833,2382.5750562016437,2382.5750562016437,0.0,2382.5750562016437,15783.619301313196,15813.619301313196,15857.917290050833,16047.917290050833,300.0,1253.6784433637895,0.0,2,2,0,0
S2,continuous,C,735,2,13482.318585588255,14895.516229077013,14962.110225502656,15357.92281120776,15449.744987340533,1413.1976434887583,1413.1976434887583,395.81258570510363,1809.010229193862,14895.516229077013,14925.516229077013,15439.744987340533,15629.744987340533,500.0,1535.285866913597,0.0,0,0,0,1
S2,continuous,C,736,94,13506.654939417514,14925.516229077013,15009.25523364373,16490.311265712808,16581.594187826046,1418.8612896594987,1418.8612896594987,1481.0560320690784,2899.917321728577,14925.516229077013,14955.516229077013,16571.594187826046,16761.594187826046,550.0,2058.9234728874594,0.0,0,0,0,1
S2,continuous,C,737,79,13531.867199620167,13531.867199620167,13637.412123609809,15235.757048619878,15278.42449571576,0.0,0.0,1598.3449250100693,1598.3449250100693,13531.867199620167,13561.867199620167,15268.42449571576,15458.42449571576,500.0,1526.7460274474124,0.0,0,0,0,1
S2,continuous,C,738,40,13576.799463092395,15458.42449571576,15475.526519035815,15475.526519035815,15497.149461355215,1881.6250326233658,1881.6250326233658,0.0,1881.6250326233658,15458.42449571576,15488.42449571576,15487.149461355215,15677.149461355215,300.0,1083.7570286879022,0.0,2,2,0,0
S2,continuous,C,739,57,13585.787743124323,13585.787743124323,13682.86001790281,16670.311265712808,16771.594187826046,0.0,0.0,2987.451247809997,2987.451247809997,13585.787743124323,13615.787743124323,16761.594187826046,16951.594187826046,600.0,1944.4848194357353,0.0,0,0,0,1
S2,continuous,C,740,28,13591.044245111552,16951.594187826046,17008.656968416748,17008.656968416748,17035.313146055945,3360.549942714493,3360.549942714493,0.0,3360.549942714493,16951.594187826046,16981.594187826046,17025.313146055945,17215.313146055945,300.0,1391.6860639264555,0.0,0,0,0,0
S2,continuous,C,741,49,13610.494302397059,15108.572124115753,15180.06968019629,15892.074091120165,15926.616114506,1498.0778217186944,1498.0778217186944,712.0044109238752,2210.0822326425696,15108.572124115753,15138.572124115753,15916.616114506,16106.616114506,400.0,987.8749675869525,0.0,0,0,0,1
S2,continuous,C,742,29,13624.57819398904,15138.572124115753,15198.182001934603,15198.182001934603,15233.958446319206,1513.9939301267132,1513.9939301267132,0.0,1513.9939301267132,15138.572124115753,15168.572124115753,15223.958446319206,15413.958446319206,300.0,1434.8685218017433,0.0,3,3,0,0
S2,continuous,C,743,82,13638.572124115753,14168.267508309129,14249.783011770929,15527.92281120776,15639.744987340533,529.6953841933755,529.6953841933755,1278.1397994368308,1807.8351836302063,14168.267508309129,14198.267508309129,15629.744987340533,15819.744987340533,600.0,1767.3405664824334,0.0,0,0,0,1
S2,continuous,C,744,58,13640.913248668117,16981.594187826046,17030.321954407766,17030.321954407766,17082.14413054054,3340.680939157928,3340.680939157928,0.0,3340.680939157928,16981.594187826046,17011.594187826046,17072.14413054054,17262.14413054054,300.0,961.8484557954962,0.0,0,0,0,0
S2,continuous,C,745,61,13650.652809550667,13876.654939417514,13961.079350257642,15338.141342584257,15432.217108336332,226.0021298668471,226.0021298668471,1377.061992326615,1603.064122193462,13876.654939417514,13906.654939417514,15422.217108336332,15612.217108336332,550.0,1623.917388034646,0.0,0,0,0,1
S2,continuous,C,746,37,13672.318585588255,14010.913248668117,14120.334272681543,15734.439203538348,15823.619301313196,338.5946630798626,338.5946630798626,1614.1049308568054,1952.699593936668,14010.913248668117,14040.913248668117,15813.619301313196,16003.619301313196,500.0,2017.7159490944925,0.0,0,0,0,1
S2,continuous,C,747,50,13696.654939417514,13696.654939417514,13790.824729888967,15520.968796315548,15593.532398965292,0.0,0.0,1730.144066426581,1730.144066426581,13696.654939417514,13726.654939417514,15583.532398965292,15773.532398965292,550.0,1351.2566409616875,0.0,0,0,0,1
S2,continuous,C,748,51,13729.199752524284,16106.616114506,16180.355119072716,16940.311265712808,17021.594187826046,2377.4163619817155,2377.4163619817155,759.9561466400919,3137.3725086218074,16106.616114506,16136.616114506,17011.594187826046,17201.594187826046,500.0,1958.9234728874594,0.0,0,0,0,1
S2,continuous,C,749,92,13766.799463092395,15168.572124115753,15219.029867231267,15219.029867231267,15240.652809550667,1401.7726610233585,1401.7726610233585,0.0,1401.7726610233585,15168.572124115753,15198.572124115753,15230.652809550667,15420.652809550667,300.0,753.9586979199278,0.0,1,1,0,0
S2,continuous,C,750,70,13781.044245111552,16136.616114506,16152.735857488033,16152.735857488033,16205.539957066543,2355.5718693944473,2355.5718693944473,0.0,2355.5718693944473,16136.616114506,16166.616114506,16195.539957066543,16385.539957066543,300.0,441.9119212349611,0.0,0,0,0,0
S2,continuous,C,751,52,13800.494302397059,15198.572124115753,15280.06968019629,16132.074091120165,16176.616114506,1398.0778217186944,1398.0778217186944,852.0044109238752,2250.0822326425696,15198.572124115753,15228.572124115753,16166.616114506,16356.616114506,450.0,1087.8749675869526,0.0,0,0,0,1
S2,continuous,C,752,46,13805.787743124323,15488.42449571576,15515.526519035815,16026.294347731433,16057.917290050833,1682.6367525914375,1682.6367525914375,510.76782869561794,2193.4045812870554,15488.42449571576,15518.42449571576,16047.917290050833,16237.917290050833,350.0,1183.7570286879022,0.0,0,0,0,1
S2,continuous,C,753,60,13814.57819398904,13814.57819398904,13929.808158561464,15465.757048619878,15528.42449571576,0.0,0.0,1535.9488900584147,1535.9488900584147,13814.57819398904,13844.57819398904,15518.42449571576,15708.42449571576,600.0,2089.1208032571612,0.0,0,0,0,1
S2,continuous,C,754,54,13828.572124115753,16003.619301313196,16084.836331908442,16308.509326746465,16354.285771131068,2175.0471771974426,2175.0471771974426,223.67299483802344,2398.720172035466,16003.619301313196,16033.619301313196,16344.285771131068,16534.285771131068,350.0,1993.911565490476,0.0,0,0,0,1
S2,continuous,C,755,11,13830.913248668117,15773.532398965292,15815.72433042303,15815.72433042303,15868.528430001541,1942.6191502971742,1702.6191502971742,0.0,1702.6191502971742,15773.532398965292,15803.532398965292,15858.528430001541,16048.528430001541,300.0,1685.3937650077012,0.0,1,1,0,0
S2,continuous,C,756,27,13911.867199620167,17201.594187826046,17262.074091120165,17262.074091120165,17276.616114506,3289.726988205879,3289.726988205879,0.0,3289.726988205879,17201.594187826046,17231.594187826046,17266.616114506,17456.616114506,300.0,1558.9234728874594,0.0,2,2,0,0
S2,continuous,C,757,89,13958.267508309129,17231.594187826046,17288.32644239837,17288.32644239837,17309.94938471777,3273.3266795169166,3273.3266795169166,0.0,3273.3266795169166,17231.594187826046,17261.594187826046,17299.94938471777,17489.94938471777,300.0,1344.4848194357353,0.0,1,1,0,0
S2,continuous,C,758,7,14073.532398965292,16356.616114506,16390.436340220003,16390.436340220003,16412.999942869745,2283.083715540708,2283.083715540708,0.0,2283.083715540708,16356.616114506,16386.616114506,16402.999942869745,16592.999942869745,300.0,1470.7416187224624,0.0,2,2,0,0
S2,continuous,C,759,44,14078.572124115753,15803.532398965292,15834.198376686258,15834.198376686258,15886.02055281903,1724.960274849538,1724.960274849538,0.0,1724.960274849538,15803.532398965292,15833.532398965292,15876.02055281903,16066.02055281903,300.0,912.0872319940779,0.0,0,0,0,0
S2,continuous,C,760,86,14083.619301313196,15612.217108336332,15671.826986155182,15671.826986155182,15707.603430539784,1528.5978070231358,1528.5978070231358,0.0,1528.5978070231358,15612.217108336332,15642.217108336332,15697.603430539784,15887.603430539784,300.0,1434.8685218017433,0.0,3,3,0,0
S2,continuous,C,761,59,14091.24813317229,16033.619301313196,16109.537411664662,16365.596243792663,16419.672009544738,1942.3711681409059,1942.3711681409059,256.0588321280011,2198.430000268907,16033.619301313196,16063.619301313196,16409.672009544738,16599.672009544738,350.0,1682.1468227425091,0.0,0,0,0,1
S2,continuous,C,762,98,14109.199752524284,14902.963862866181,15020.777240071182,15964.439203538348,16073.619301313196,793.7641103418973,733.7641103418973,943.6619634671661,1677.4260738090634,14902.963862866181,14932.963862866181,16063.619301313196,16253.619301313196,600.0,2493.9115654904763,0.0,0,0,0,1
S2,continuous,C,763,81,14118.849499288785,16386.616114506,16413.210110931643,16413.210110931643,16465.032287064416,2267.766615217215,2267.766615217215,0.0,2267.766615217215,16386.616114506,16416.616114506,16455.032287064416,16645.032287064416,300.0,1135.2858669135971,0.0,1,1,0,0
S2,continuous,C,764,48,14121.594187826046,16416.616114506,16444.557151198223,16444.557151198223,16447.224598294106,2295.021926679954,2295.021926679954,0.0,2295.021926679954,16416.616114506,16446.616114506,16444.557151198223,16634.557151198223,300.0,979.3149061678332,0.0,1,1,0,0
S2,continuous,C,765,99,14123.53657425611,14775.84996992286,14857.36547338466,15964.198376686258,16076.02055281903,652.3133956667498,652.3133956667498,1106.832903301598,1759.1462989683478,14775.84996992286,14805.84996992286,16066.02055281903,16256.02055281903,600.0,1767.3405664824334,0.0,0,0,0,1
S2,continuous,C,766,38,14145.516229077013,14488.849499288785,14559.69801461077,14777.318015139594,14815.84996992286,343.3332702117714,343.3332702117714,217.62000052882286,560.9532707405942,14488.849499288785,14518.849499288785,14805.84996992286,14995.84996992286,450.0,1732.4793523524056,0.0,0,0,0,1
S2,continuous,C,767,76,14152.963862866181,15642.217108336332,15695.344633200646,15708.42449571576,15711.091942811643,1489.2532454701504,1489.2532454701504,13.079862515114655,1502.333107985265,15642.217108336332,15672.217108336332,15708.42449571576,15898.42449571576,300.0,837.1666717223733,0.0,1,1,0,0
S2,continuous,C,768,42,14214.381924706126,14518.849499288785,14611.731034211922,15760.968796315548,15843.532398965292,304.4675745826589,304.4675745826589,1149.2377621036267,1453.7053366862856,14518.849499288785,14548.849499288785,15833.532398965292,16023.532398965292,600.0,1571.5055650948814,0.0,0,0,0,1
S2,continuous,C,769,1,14263.532398965292,15672.217108336332,15721.567795428338,16214.198376686258,16266.02055281903,1408.6847093710403,1408.6847093710403,492.6305812579194,1901.3152906289597,15672.217108336332,15702.217108336332,16256.02055281903,16446.02055281903,300.0,831.1511320863244,0.0,0,0,0,0
S2,continuous,C,770,69,14268.572124115753,15819.744987340533,15876.842084813237,15876.842084813237,15920.917850565313,1551.1728632247796,1551.1728632247796,0.0,1551.1728632247796,15819.744987340533,15849.744987340533,15910.917850565313,16100.917850565313,300.0,831.1511320863244,0.0,0,0,0,0
S2,continuous,C,771,93,14271.044245111552,16253.619301313196,16337.482452355274,16570.436340220003,16602.999942869745,1982.5750562016437,1982.5750562016437,232.95388786472722,2215.528944066371,16253.619301313196,16283.619301313196,16592.999942869745,16782.999942869745,350.0,2104.255386605015,0.0,0,0,0,1
S2,continuous,C,772,64,14273.619301313196,14995.84996992286,15070.872208504958,17180.311265712808,17271.594187826046,722.2306686096636,722.2306686096636,2109.43905720785,2831.6697258175136,14995.84996992286,15025.84996992286,17261.594187826046,17451.594187826046,550.0,1848.4266377379377,0.0,0,0,0,1
S2,continuous,C,773,0,14299.199752524284,15702.217108336332,15761.826986155182,15861.826986155182,15897.603430539784,1403.0173558120478,1403.0173558120478,100.0,1503.0173558120478,15702.217108336332,15732.217108336332,15887.603430539784,16077.603430539784,300.0,1434.8685218017433,0.0,3,3,0,0
S2,continuous,C,774,30,14308.849499288785,14683.53657425611,14794.244982430644,16515.596243792665,16609.67200954474,374.6870749673253,374.6870749673253,1721.3512613620187,2096.038336329344,14683.53657425611,14713.53657425611,16599.672009544738,16789.672009544738,550.0,1511.3532330545418,0.0,0,0,0,1
S2,continuous,C,775,6,14311.594187826046,16023.532398965292,16117.956809805419,16695.596243792665,16799.67200954474,1711.938211139246,1711.938211139246,577.639433987244,2289.57764512649,16023.532398965292,16053.532398965292,16789.672009544738,16979.672009544738,600.0,1723.917388034646,0.0,0,0,0,1
S2,continuous,C,776,36,14313.53657425611,16283.619301313196,16358.5406328673,16634.557151198223,16637.224598294106,1970.0827270570862,1970.0827270570862,276.01651833092365,2246.09924538801,16283.619301313196,16313.619301313196,16634.557151198223,16824.557151198223,300.0,1975.3199763040045,0.0,2,2,0,0
S2,continuous,C,777,80,14335.516229077013,16645.032287064416,16718.427245491213,16718.427245491213,16767.607343266063,2309.5160579874027,2309.5160579874027,0.0,2309.5160579874027,16645.032287064416,16675.032287064416,16757.607343266063,16947.607343266063,300.0,1943.1968558062856,0.0,2,2,0,0
S2,continuous,C,778,47,14342.963862866181,16313.619301313196,16398.540632867298,16821.88970410234,16834.557151198223,1970.6554384470146,1970.6554384470146,423.3490712350431,2394.0045096820577,16313.619301313196,16343.619301313196,16824.557151198223,17014.557151198223,350.0,2075.3199763040047,0.0,0,0,0,1
S2,continuous,C,779,20,14405.84996992286,16343.619301313196,16414.836331908446,16508.509326746465,16544.285771131068,1937.7693313903364,1937.7693313903364,93.6729948380198,2031.4423262283563,16343.619301313196,16373.619301313196,16534.285771131068,16724.285771131068,300.0,1893.911565490476,0.0,2,2,0,0
S2,continuous,C,780,78,14453.532398965292,15732.217108336332,15791.567795428338,16623.210110931643,16685.032287064416,1278.6847093710403,1278.6847093710403,831.6423155033044,2110.3270248743447,15732.217108336332,15762.217108336332,16675.032287064416,16865.032287064416,350.0,931.1511320863244,0.0,0,0,0,1
S2,continuous,C,781,96,14458.572124115753,15762.217108336332,15819.14309287061,15819.14309287061,15827.675047653876,1303.6449842205784,1303.6449842205784,0.0,1303.6449842205784,15762.217108336332,15792.217108336332,15819.14309287061,16009.14309287061,300.0,1119.7198548235888,0.0,1,1,0,0
S2,continuous,C,782,26,14461.044245111552,15898.42449571576,15963.832767222775,16292.735857488033,16395.539957066543,1437.3802506042084,1437.3802506042084,328.90309026525756,1766.283340869466,15898.42449571576,15928.42449571576,16385.539957066543,16575.539957066543,550.0,1626.7460274474124,0.0,0,0,0,1
S2,continuous,C,783,14,14463.619301313196,14548.849499288785,14645.921774067272,17360.311265712808,17461.594187826046,85.23019797558845,85.23019797558845,2714.3894916455356,2799.619689621124,14548.849499288785,14578.849499288785,17451.594187826046,17641.594187826046,600.0,1944.4848194357353,0.0,0,0,0,1
S2,continuous,C,784,34,14489.199752524284,15025.84996992286,15056.81896271978,15411.243573841439,15447.899751480638,536.6502173985755,536.6502173985755,354.424611121658,891.0748285202335,15025.84996992286,15055.84996992286,15437.899751480638,15627.899751480638,350.0,1105.0765296893173,0.0,0,0,0,1
S2,continuous,C,785,32,14501.594187826046,16865.032287064416,16928.919888697103,16928.919888697103,16981.72398827561,2363.4380992383703,2363.4380992383703,0.0,2363.4380992383703,16865.032287064416,16895.032287064416,16971.72398827561,17161.72398827561,300.0,1327.4930785507627,0.0,2,2,0,0
S2,continuous,C,786,62,14503.53657425611,14743.53657425611,14834.342850961799,17160.321954407766,17272.14413054054,240.0,0.0,2325.9791034459668,2325.9791034459668,14743.53657425611,14773.53657425611,17262.14413054054,17452.14413054054,600.0,1579.4478846801628,0.0,0,0,0,1
S2,continuous,C,787,53,14525.516229077013,14525.516229077013,14623.274657207498,15875.757048619878,15938.42449571576,0.0,0.0,1252.4823914123808,1252.4823914123808,14525.516229077013,14555.516229077013,15928.42449571576,16118.42449571576,600.0,1486.768156427751,0.0,0,0,0,1
S2,continuous,C,788,87,14532.963862866181,14932.963862866181,15037.133653337634,15980.968796315548,16063.532398965292,400.0,400.0,943.8351429779141,1343.835142977914,14932.963862866181,14962.963862866181,16053.532398965292,16243.532398965292,600.0,1451.2566409616875,0.0,0,0,0,1
S2,continuous,C,789,56,14595.84996992286,16243.532398965292,16281.212575155352,16281.212575155352,16307.868752794551,1647.682429042432,1647.682429042432,0.0,1647.682429042432,16243.532398965292,16273.532398965292,16297.868752794551,16487.86875279455,300.0,1253.8704707991697,0.0,4,4,0,0
S2,continuous,C,790,67,14643.532398965292,16446.616114506,16476.22646759587,16476.22646759587,16525.40656537072,1803.083715540708,1803.083715540708,0.0,1803.083715540708,16446.616114506,16476.616114506,16515.40656537072,16705.40656537072,300.0,1323.1659194057054,0.0,1,1,0,0
S2,continuous,C,791,17,14648.572124115753,16373.619301313196,16501.420249703653,17560.311265712808,17651.594187826046,1725.0471771974426,1725.0471771974426,1058.8910160091546,2783.938193206597,16373.619301313196,16403.619301313196,17641.594187826046,17831.594187826046,550.0,2860.3718071475523,0.0,0,0,0,1
S2,continuous,C,792,66,14653.619301313196,17831.594187826046,17889.367393738114,17889.367393738114,17897.89934852138,3177.9748865128495,3177.9748865128495,0.0,3177.9748865128495,17831.594187826046,17861.594187826046,17889.367393738114,18079.367393738114,300.0,1348.4266377379377,0.0,1,1,0,0
S2,continuous,C,793,16,14701.091942811643,15080.652809550667,15177.725084329155,17770.311265712808,17871.594187826046,379.5608667390243,199.56086673902428,2592.5861813836527,2792.147048122677,15080.652809550667,15110.652809550667,17861.594187826046,18051.594187826046,600.0,1944.4848194357353,0.0,0,0,0,1
S2,continuous,C,794,25,14711.044245111552,15055.84996992286,15084.490832501782,15310.552198463853,15373.356298042363,344.8057248113073,344.8057248113073,226.06136596207034,570.8670907733776,15055.84996992286,15085.84996992286,15363.356298042363,15553.356298042363,350.0,1080.607458185995,0.0,0,0,0,1
S2,continuous,C,795,45,14715.516229077013,16895.032287064416,16958.919888697103,17118.919888697103,17171.72398827561,2179.5160579874027,2179.5160579874027,160.0,2339.5160579874027,16895.032287064416,16925.032287064416,17161.72398827561,17351.72398827561,300.0,1327.4930785507627,0.0,2,2,0,0
S2,continuous,C,796,5,14721.594187826046,16476.616114506,16560.355119072716,17970.311265712808,18061.594187826046,1755.021926679954,1755.021926679954,1409.956146640092,3164.978073320046,16476.616114506,16506.616114506,18051.594187826046,18241.594187826046,550.0,2058.9234728874594,0.0,0,0,0,1
S2,continuous,C,797,8,14722.963862866181,15085.84996992286,15180.953809952785,16848.427245491213,16957.607343266063,362.88610705667816,362.88610705667816,1667.4734355384298,2030.359542595108,15085.84996992286,15115.84996992286,16947.607343266063,17137.607343266063,600.0,2660.019279234596,0.0,0,0,0,1
S2,continuous,C,798,68,14765.313146055947,16118.42449571576,16190.143701923882,16885.596243792665,16989.67200954474,1353.1113496598136,1353.1113496598136,695.4525418687808,2048.5638915285945,16118.42449571576,16148.42449571576,16979.672009544738,17169.672009544738,600.0,1437.1666717223734,0.0,0,0,0,1
S2,continuous,C,799,38,14815.84996992286,14962.963862866181,15074.372524057966,18150.311265712808,18251.594187826046,147.11389294332184,147.11389294332184,3075.9387416548416,3223.0526345981634,14962.963862866181,14992.963862866181,18241.594187826046,18431.594187826046,600.0,2027.444619634661,0.0,0,0,0,1
S2,continuous,C,800,83,14833.532398965292,14833.532398965292,14955.291748711104,18350.311265712808,18441.594187826046,0.0,0.0,3395.019517001703,3395.019517001703,14833.532398965292,14863.532398965292,18431.594187826046,18621.594187826046,550.0,2234.118452945566,0.0,0,0,0,1
S2,continuous,C,801,15,14843.619301313196,16273.532398965292,16324.198376686258,17390.321954407766,17462.14413054054,1429.9130976520955,1429.9130976520955,1066.123577721508,2496.0366753736034,16273.532398965292,16303.532398965292,17452.14413054054,17642.14413054054,400.0,1112.087231994078,0.0,0,0,0,1
S2,continuous,C,802,85,14868.572124115753,16303.532398965292,16346.868967805867,16349.367393738115,16357.899348521381,1434.960274849538,1434.960274849538,2.4984259322482103,1437.4587007817863,16303.532398965292,16333.532398965292,16349.367393738115,16539.367393738117,300.0,1540.3421998872593,0.0,1,1,0,0
S2,continuous,C,803,55,14898.42449571576,18621.594187826046,18678.656968416748,18678.656968416748,18705.313146055945,3723.169692110285,3723.169692110285,0.0,3723.169692110285,18621.594187826046,18651.594187826046,18695.313146055945,18885.313146055945,300.0,1391.6860639264555,0.0,0,0,0,0
S2,continuous,C,804,97,14900.652809550667,16333.532398965292,16384.489347701885,16678.509326746465,16734.285771131068,1432.8795894146242,1432.8795894146242,294.0199790445804,1726.8995684592046,16333.532398965292,16363.532398965292,16724.285771131068,16914.285771131068,400.0,1051.2566409616875,0.0,0,0,0,1
S2,continuous,C,805,3,14931.044245111552,15792.217108336332,15904.197182684431,16472.735857488035,16585.539957066543,861.1728632247796,861.1728632247796,568.5386748036017,1429.7115380283813,15792.217108336332,15822.217108336332,16575.539957066543,16765.539957066543,600.0,1611.3532330545418,0.0,0,0,0,1
S2,continuous,C,806,63,14941.594187826046,14992.963862866181,15075.940959382611,15097.318015139594,15125.84996992286,51.36967504013592,51.36967504013592,21.377055756982372,72.74673079711829,14992.963862866181,15022.963862866181,15115.84996992286,15305.84996992286,400.0,2234.918804627834,0.0,0,0,0,1
S2,continuous,C,807,88,14976.616114506,15110.652809550667,15143.355908736577,15388.182001934603,15423.958446319206,134.0366950446678,134.0366950446678,244.82609319802577,378.86278824269357,15110.652809550667,15140.652809550667,15413.958446319206,15603.958446319206,300.0,1025.6740579539971,0.0,1,1,0,0
S2,continuous,C,808,74,15023.532398965292,18651.594187826046,18708.32644239837,18708.32644239837,18729.94938471777,3628.061788860754,3628.061788860754,0.0,3628.061788860754,18651.594187826046,18681.594187826046,18719.94938471777,18909.94938471777,300.0,1344.4848194357353,0.0,1,1,0,0
S2,continuous,C,809,22,15033.619301313196,15093.619301313196,15132.71251696605,15305.84996992286,15314.381924706126,60.0,0.0,173.13745295680928,173.13745295680928,15093.619301313196,15123.619301313196,15305.84996992286,15495.84996992286,300.0,1005.0765296893172,0.0,2,2,0,0
S2,continuous,C,810,33,15088.42449571576,16363.532398965292,16406.86896780587,16539.367393738117,16547.899348521383,1275.1079032495309,1275.1079032495309,132.4984259322482,1407.606329181779,16363.532398965292,16393.53239896529,16539.367393738117,16729.367393738117,300.0,1540.3421998872593,0.0,1,1,0,0
S2,continuous,C,811,63,15125.84996992286,16403.619301313196,16489.371284334706,16720.83543895485,16739.367393738117,1277.7693313903364,1277.7693313903364,231.46415462014556,1509.233486010482,16403.619301313196,16433.619301313196,16729.367393738117,16919.367393738117,350.0,2160.019279234596,0.0,0,0,0,1
S2,continuous,C,812,72,15131.594187826046,15495.84996992286,15557.36547338466,17560.321954407766,17652.14413054054,364.2557820968141,364.2557820968141,2002.9564810231059,2367.21226311992,15495.84996992286,15525.84996992286,17642.14413054054,17832.14413054054,500.0,1567.3405664824334,0.0,0,0,0,1
S2,continuous,C,813,73,15166.616114506,16782.999942869745,16827.63817503439,17011.88970410234,17024.557151198223,1616.3838283637451,1616.3838283637451,184.2515290679512,1800.6353574316963,16782.999942869745,16812.999942869745,17014.557151198223,17204.557151198223,350.0,1031.1305497217345,0.0,0,0,0,1
S2,continuous,C,814,24,15183.356298042363,15627.899751480638,15709.672502660154,16760.436340220003,16822.999942869745,444.5434534382748,384.5434534382748,1050.7638375598472,1435.307290998122,15627.899751480638,15657.899751480638,16812.999942869745,17002.999942869745,500.0,1653.8704707991694,0.0,0,0,0,1
S2,continuous,C,815,43,15213.532398965292,17002.999942869745,17083.66592059071,17740.321954407766,17842.14413054054,1789.4675439044531,1789.4675439044531,656.6560338170566,2446.1235777215097,17002.999942869745,17032.999942869745,17832.14413054054,18022.14413054054,550.0,1412.087231994078,0.0,0,0,0,1
S2,continuous,C,816,9,15223.619301313196,17032.999942869745,17080.246598786718,17098.427245491213,17147.607343266063,1809.3806415565487,1809.3806415565487,18.180646704495302,1827.561288261044,17032.999942869745,17062.999942869745,17137.607343266063,17327.607343266063,300.0,2004.2553866050148,0.0,2,2,0,0
S2,continuous,C,817,39,15229.744987340533,15603.958446319206,15722.900671071113,16662.735857488035,16775.539957066543,374.21345897867286,374.21345897867286,939.8351864169199,1314.0486453955928,15603.958446319206,15633.958446319206,16765.539957066543,16955.539957066543,600.0,2587.288077635793,0.0,0,0,0,1
S2,continuous,C,818,29,15233.958446319206,16506.616114506,16590.436340220003,17000.436340220003,17072.999942869745,1272.6576681867937,1272.6576681867937,410.0,1682.6576681867937,16506.616114506,16536.616114506,17062.999942869745,17252.999942869745,550.0,1970.7416187224624,0.0,0,0,0,1
S2,continuous,C,819,92,15240.652809550667,16536.616114506,16584.557151198223,17191.88970410234,17214.557151198223,1295.9633049553322,1295.9633049553322,607.3325529041176,1903.2958578594498,16536.616114506,16566.616114506,17204.557151198223,17394.557151198223,400.0,1179.3149061678332,0.0,0,0,0,1
S2,continuous,C,820,21,15242.217108336332,16566.616114506,16602.735857488035,17288.919888697103,17361.72398827561,1324.3990061696677,1324.3990061696677,686.184031209068,2010.5830373787358,16566.616114506,16596.616114506,17351.72398827561,17541.72398827561,400.0,641.911921234961,0.0,0,0,0,1
S2,continuous,C,821,13,15257.899751480638,16925.032287064416,16988.906436236997,16988.906436236997,17003.448459622832,1667.132535583778,1667.132535583778,0.0,1667.132535583778,16925.032287064416,16955.032287064416,16993.448459622832,17183.448459622832,300.0,1135.2858669135971,0.0,1,1,0,0
S2,continuous,C,822,79,15278.42449571576,18681.594187826046,18735.596243792665,18735.596243792665,18779.67200954474,3403.169692110285,3403.169692110285,0.0,3403.169692110285,18681.594187826046,18711.594187826046,18769.67200954474,18959.67200954474,300.0,1274.7356962186627,0.0,0,0,0,0
S2,continuous,C,823,22,15314.381924706126,17252.999942869745,17290.6801190598,17290.6801190598,17317.336296699,1938.6180181636191,1938.6180181636191,0.0,1938.6180181636191,17252.999942869745,17282.999942869745,17307.336296699,17497.336296699,300.0,1253.8704707991697,0.0,4,4,0,0
S2,continuous,C,824,10,15321.594187826046,15657.899751480638,15749.615454617347,17438.9198886971,17551.723988275608,336.30556365459233,336.30556365459233,1689.3044340797533,2025.6099977343456,15657.899751480638,15687.899751480638,17541.72398827561,17731.72398827561,600.0,1334.6030859226134,0.0,0,0,0,1
S2,continuous,C,825,4,15356.616114506,15525.84996992286,15607.36547338466,17920.321954407766,18032.14413054054,169.23385541686002,169.23385541686002,2312.956481023106,2482.190336439966,15525.84996992286,15555.84996992286,18022.14413054054,18212.14413054054,600.0,1767.3405664824334,0.0,0,0,0,1
S2,continuous,C,826,25,15373.356298042363,15822.217108336332,15938.153682278791,17210.436340220003,17292.999942869745,448.8608102939688,448.8608102939688,1272.2826579412103,1721.1434682351792,15822.217108336332,15852.217108336332,17282.999942869745,17472.999942869745,600.0,1723.917388034646,0.0,0,0,0,1
S2,continuous,C,827,12,15403.532398965292,16596.616114506,16680.355119072716,18630.311265712808,18721.594187826046,1193.083715540708,1193.083715540708,1949.956146640092,3143.0398621808,16596.616114506,16626.616114506,18711.594187826046,18901.594187826046,550.0,2058.9234728874594,0.0,0,0,0,1
S2,continuous,C,828,18,15413.619301313196,15687.899751480638,15779.615454617347,17628.9198886971,17741.723988275608,274.2804501674418,274.2804501674418,1849.3044340797533,2123.584884247195,15687.899751480638,15717.899751480638,17731.72398827561,17921.72398827561,600.0,1334.6030859226134,0.0,0,0,0,1
S2,continuous,C,829,88,15423.958446319206,16433.619301313196,16538.5406328673,17371.88970410234,17404.557151198223,1009.6608549939901,1009.6608549939901,833.3490712350394,1843.0099262290296,16433.619301313196,16463.619301313196,17394.557151198223,17584.557151198223,450.0,2275.3199763040047,0.0,0,0,0,1
S2,continuous,C,830,61,15432.217108336332,15633.958446319206,15687.848783402656,15701.243573841439,15727.899751480638,201.74133798287403,201.74133798287403,13.394790438782366,215.1361284216564,15633.958446319206,15663.958446319206,15717.899751480638,15907.899751480638,300.0,1519.755956708848,0.0,1,1,0,0
S2,continuous,C,831,34,15447.899751480638,15677.149461355215,15727.997976677201,16910.83543895485,16929.367393738117,229.2497098745771,169.2497098745771,1182.83746227765,1352.0871721522271,15677.149461355215,15707.149461355215,16919.367393738117,17109.367393738117,350.0,1532.4793523524056,0.0,0,0,0,1
S2,continuous,C,832,2,15449.744987340533,18901.594187826046,18961.832360106586,18961.832360106586,19014.636459685094,3451.8492004855125,3451.8492004855125,0.0,3451.8492004855125,18901.594187826046,18931.594187826046,19004.636459685094,19194.636459685094,300.0,1734.1184529455659,0.0,2,2,0,0
S2,continuous,C,833,40,15497.149461355215,18931.594187826046,18980.321954407766,18980.321954407766,19032.14413054054,3434.4447264708306,3434.4447264708306,0.0,3434.4447264708306,18931.594187826046,18961.594187826046,19022.14413054054,19212.14413054054,300.0,961.8484557954962,0.0,0,0,0,0
S2,continuous,C,834,84,15511.594187826046,15555.84996992286,15574.490832501782,15574.490832501782,15627.294932080293,44.25578209681407,44.25578209681407,0.0,44.25578209681407,15555.84996992286,15585.84996992286,15617.294932080293,15807.294932080293,300.0,980.607458185995,0.0,1,1,0,0
S2,continuous,C,835,60,15528.42449571576,16955.032287064416,17016.037797583478,17016.037797583478,17037.660739902876,1426.6077913486552,1426.6077913486552,0.0,1426.6077913486552,16955.032287064416,16985.032287064416,17027.660739902876,17217.660739902876,300.0,979.4478846801628,0.0,2,2,0,0
S2,continuous,C,836,23,15546.616114506,16463.619301313196,16557.86772879208,16592.074091120165,16636.616114506,917.0031868071965,917.0031868071965,34.20636232808465,951.2095491352811,16463.619301313196,16493.619301313196,16626.616114506,16816.616114506,450.0,1623.1659194057056,0.0,0,0,0,1
S2,continuous,C,837,50,15593.532398965292,18961.594187826046,19010.29963795327,19010.29963795327,19012.967085049153,3368.061788860754,3368.061788860754,0.0,3368.061788860754,18961.594187826046,18991.594187826046,19010.29963795327,19200.29963795327,300.0,714.5870469780347,0.0,0,0,0,0
S2,continuous,C,838,41,15603.619301313196,17472.999942869745,17516.33651171032,17516.33651171032,17524.868466493586,1869.3806415565487,1869.3806415565487,0.0,1869.3806415565487,17472.999942869745,17502.999942869745,17516.33651171032,17706.33651171032,300.0,1540.3421998872593,0.0,1,1,0,0
S2,continuous,C,839,84,15627.294932080293,16048.528430001541,16131.441437375708,17090.83543895485,17119.367393738117,421.2334979212483,181.23349792124827,959.3940015791432,1140.6274995003914,16048.528430001541,16078.528430001541,17109.367393738117,17299.367393738117,400.0,1180.607458185995,0.0,0,0,0,1
S2,continuous,C,840,82,15639.744987340533,16816.616114506,16884.557151198223,17551.88970410234,17594.557151198223,1176.8711271654665,1176.8711271654665,667.3325529041176,1844.2036800695842,16816.616114506,16846.616114506,17584.557151198223,17774.557151198223,500.0,1379.3149061678332,0.0,0,0,0,1
S2,continuous,C,841,90,15701.594187826046,15907.899751480638,15945.658179611122,16148.42449571576,16151.091942811643,206.30556365459233,206.30556365459233,202.76631610463846,409.0718797592308,15907.899751480638,15937.899751480638,16148.42449571576,16338.42449571576,300.0,886.7681564277509,0.0,1,1,0,0
S2,continuous,C,842,86,15707.603430539784,16237.917290050833,16333.035181013622,17228.427245491213,17337.607343266063,530.3138595110486,350.3138595110486,895.3920644775935,1245.705923988642,16237.917290050833,16267.917290050833,17327.607343266063,17517.607343266063,600.0,1853.6784433637897,0.0,0,0,0,1
S2,continuous,C,843,76,15711.091942811643,16077.603430539784,16170.580527056214,17270.83543895485,17309.367393738117,366.5114877281412,366.5114877281412,1100.2549118986371,1466.7663996267784,16077.603430539784,16107.603430539784,17299.367393738117,17489.367393738117,450.0,2334.918804627834,0.0,0,0,0,1
S2,continuous,C,844,61,15727.899751480638,16705.40656537072,16821.203587580483,17828.919888697103,17931.72398827561,977.5068138900806,977.5068138900806,1007.7163011166194,1985.2231150067,16705.40656537072,16735.40656537072,17921.72398827561,18111.72398827561,550.0,2117.7159490944923,0.0,0,0,0,1
S2,continuous,C,845,91,15736.616114506,16846.616114506,16875.42032691477,17470.6801190598,17507.336296699,1110.0,1110.0,595.2597921450324,1705.2597921450324,16846.616114506,16876.616114506,17497.336296699,17687.336296699,350.0,590.1369399874025,0.0,0,0,0,1
S2,continuous,C,846,37,15823.619301313196,17517.607343266063,17580.2823896843,17580.2823896843,17601.9053320037,1693.9880419528672,1693.9880419528672,0.0,1693.9880419528672,17517.607343266063,17547.607343266063,17591.9053320037,17781.9053320037,300.0,1253.6784433637895,0.0,2,2,0,0
S2,continuous,C,847,96,15827.675047653876,15827.675047653876,15942.056866828585,17392.074091120165,17466.616114506,0.0,0.0,1450.0172242915796,1450.0172242915796,15827.675047653876,15857.675047653876,17456.616114506,17646.616114506,600.0,1041.911921234961,0.0,0,0,0,1
S2,continuous,C,848,42,15843.532398965292,17502.999942869745,17544.841747847655,17642.074091120165,17656.616114506,1659.4675439044531,1659.4675439044531,97.23234327250975,1756.6998871769629,17502.999942869745,17532.999942869745,17646.616114506,17836.616114506,300.0,1470.7416187224626,0.0,2,2,0,0
S2,continuous,C,849,75,15867.917290050833,18991.594187826046,19048.656968416748,19048.656968416748,19075.313146055945,3123.6768977752126,3123.6768977752126,0.0,3123.6768977752126,18991.594187826046,19021.594187826046,19065.313146055945,19255.313146055945,300.0,1391.6860639264555,0.0,0,0,0,0
S2,continuous,C,850,11,15868.528430001541,19021.594187826046,19075.596243792665,19075.596243792665,19119.67200954474,3153.0657578245045,3153.0657578245045,0.0,3153.0657578245045,19021.594187826046,19051.594187826046,19109.67200954474,19299.67200954474,300.0,1274.7356962186627,0.0,0,0,0,0
S2,continuous,C,851,44,15886.02055281903,16876.616114506,16912.727659540073,17760.2823896843,17791.9053320037,990.5955616869687,990.5955616869687,847.5547301442275,1838.1502918311962,16876.616114506,16906.616114506,17781.9053320037,17971.9053320037,350.0,1052.1262717419622,0.0,0,0,0,1
S2,continuous,C,852,19,15891.594187826046,16985.032287064416,17078.906436236997,17802.074091120165,17846.616114506,1093.4380992383703,1093.4380992383703,723.1676548831674,1816.6057541215378,16985.032287064416,17015.032287064416,17836.616114506,18026.616114506,450.0,1435.2858669135971,0.0,0,0,0,1
S2,continuous,C,853,0,15897.603430539784,18111.72398827561,18176.593513354033,18176.593513354033,18228.415689486807,2214.120557735827,1914.1205577358269,0.0,1914.1205577358269,18111.72398827561,18141.72398827561,18218.415689486807,18408.415689486807,300.0,1327.4930785507627,0.0,2,2,0,0
S2,continuous,C,854,69,15920.917850565313,16267.917290050833,16361.10975401847,17962.074091120165,18036.616114506,346.99943948552027,346.99943948552027,1600.9643371016973,1947.9637765872176,16267.917290050833,16297.917290050833,18026.616114506,18216.616114506,600.0,1552.1262717419622,0.0,0,0,0,1
S2,continuous,C,855,49,15926.616114506,19051.594187826046,19109.367393738114,19109.367393738114,19117.89934852138,3124.978073320046,3124.978073320046,0.0,3124.978073320046,19051.594187826046,19081.594187826046,19109.367393738114,19299.367393738114,300.0,1348.4266377379377,0.0,1,1,0,0
S2,continuous,C,856,53,15938.42449571576,17532.999942869745,17570.6801190598,17670.6801190598,17697.336296699,1594.575447153984,1594.575447153984,100.0,1694.575447153984,17532.999942869745,17562.999942869745,17687.336296699,17877.336296699,300.0,1253.8704707991697,0.0,4,4,0,0
S2,continuous,C,857,46,16057.917290050833,16487.86875279455,16578.787119456683,18152.074091120165,18226.616114506,429.95146274371837,189.95146274371837,1573.2869716634814,1763.2384344071997,16487.86875279455,16517.86875279455,18216.616114506,18406.616114506,600.0,1090.1369399874025,0.0,0,0,0,1
S2,continuous,C,858,87,16063.532398965292,16297.917290050833,16394.98956482932,18990.311265712808,19091.594187826046,234.3848910855413,234.3848910855413,2595.321700883487,2829.7065919690285,16297.917290050833,16327.917290050833,19081.594187826046,19271.594187826046,600.0,1944.4848194357353,0.0,0,0,0,1
S2,continuous,C,859,98,16073.619301313196,17015.032287064416,17088.427245491213,17508.427245491213,17557.607343266063,941.4129857512198,941.4129857512198,420.0,1361.4129857512198,17015.032287064416,17045.032287064416,17547.607343266063,17737.607343266063,300.0,1943.1968558062856,0.0,2,2,0,0
S2,continuous,C,860,99,16076.02055281903,17169.672009544738,17229.28188736359,17229.28188736359,17265.058331748194,1093.6514567257072,973.6514567257072,0.0,973.6514567257072,17169.672009544738,17199.672009544738,17255.058331748194,17445.058331748194,300.0,1434.8685218017433,0.0,3,3,0,0
S2,continuous,C,861,90,16151.091942811643,17706.33651171032,17727.718685275788,17727.718685275788,17771.794451027865,1555.2445688986772,1555.2445688986772,0.0,1555.2445688986772,17706.33651171032,17736.33651171032,17761.794451027865,17951.794451027865,300.0,1119.7198548235888,0.0,1,1,0,0
S2,continuous,C,862,31,16164.285771131068,19271.594187826046,19320.321954407766,19320.321954407766,19372.14413054054,3107.3084166949775,3107.3084166949775,0.0,3107.3084166949775,19271.594187826046,19301.594187826046,19362.14413054054,19552.14413054054,300.0,961.8484557954962,0.0,0,0,0,0
S2,continuous,C,863,65,16167.899348521381,16914.285771131068,17002.345605167477,18372.074091120165,18416.616114506,746.3864226096866,746.3864226096866,1369.728485952688,2116.1149085623747,16914.285771131068,16944.285771131068,18406.616114506,18596.616114506,450.0,2037.1516489725159,0.0,0,0,0,1
S2,continuous,C,864,35,16171.594187826046,18141.72398827561,18211.145012289035,18211.145012289035,18260.325110063884,1970.1298004495657,1970.1298004495657,0.0,1970.1298004495657,18141.72398827561,18171.72398827561,18250.325110063884,18440.325110063884,300.0,1617.7159490944925,0.0,1,1,0,0
S2,continuous,C,865,52,16176.616114506,17199.672009544738,17261.65208389284,18118.919888697103,18181.72398827561,1023.0558950387385,963.0558950387385,857.2678048042617,1820.3236998430002,17199.672009544738,17229.672009544738,18171.72398827561,18361.72398827561,350.0,1111.3532330545418,0.0,0,0,0,1
S2,continuous,C,866,70,16205.539957066543,16517.86875279455,16608.787119456683,18532.074091120165,18606.616114506,312.3287957280081,192.32879572800812,1923.2869716634814,2115.6157673914895,16517.86875279455,16547.86875279455,18596.616114506,18786.616114506,600.0,1090.1369399874025,0.0,0,0,0,1
S2,continuous,C,867,71,16229.67200954474,19301.594187826046,19358.509326746465,19358.509326746465,19394.285771131068,3071.9221782813056,3071.9221782813056,0.0,3071.9221782813056,19301.594187826046,19331.594187826046,19384.285771131068,19574.285771131068,300.0,1427.444619634661,0.0,1,1,0,0
S2,continuous,C,868,1,16266.02055281903,16944.285771131068,17011.14237238218,17940.2823896843,17981.9053320037,678.2652183120372,678.2652183120372,929.1400173021211,1607.4052356141583,16944.285771131068,16974.285771131068,17971.9053320037,18161.9053320037,400.0,1225.6740579539971,0.0,0,0,0,1
S2,continuous,C,869,56,16307.868752794551,16974.285771131068,17077.2628676475,18040.835438954848,18089.367393738114,666.4170183365168,666.4170183365168,963.572571307348,1629.9895896438647,16974.285771131068,17004.285771131068,18079.367393738114,18269.367393738114,500.0,2434.918804627834,0.0,0,0,0,1
S2,continuous,C,870,54,16354.285771131068,18361.72398827561,18473.483338021422,19260.311265712808,19341.594187826046,2007.4382171445432,2007.4382171445432,786.8279276913854,2794.2661448359286,18361.72398827561,18391.72398827561,19331.594187826046,19521.594187826046,500.0,2134.118452945566,0.0,0,0,0,1
S2,continuous,C,871,85,16357.899348521381,17004.285771131068,17098.45556160252,17500.436340220003,17572.999942869745,646.3864226096866,646.3864226096866,401.98077861748243,1048.367201227169,17004.285771131068,17034.285771131068,17562.999942869745,17752.999942869745,550.0,1351.2566409616875,0.0,0,0,0,1
S2,continuous,C,872,95,16361.594187826046,17034.285771131068,17123.227995882975,18318.919888697103,18401.72398827561,672.6915833050225,672.6915833050225,1195.6918928141276,1868.3834761191501,17034.285771131068,17064.285771131068,18391.72398827561,18581.72398827561,450.0,2287.288077635793,0.0,0,0,0,1
S2,continuous,C,873,26,16395.539957066543,18581.72398827561,18649.587613351632,19228.656968416748,19265.313146055945,2186.184031209068,2186.184031209068,579.0693550651158,2765.253386274184,18581.72398827561,18611.72398827561,19255.313146055945,19445.313146055945,350.0,834.6030859226136,0.0,0,0,0,1
S2,continuous,C,874,7,16412.999942869745,17064.285771131068,17182.345605167477,18722.074091120165,18796.616114506,651.2858282613233,651.2858282613233,1539.728485952688,2191.0143142140114,17064.285771131068,17094.285771131068,18786.616114506,18976.616114506,600.0,2337.151648972516,0.0,0,0,0,1
S2,continuous,C,875,59,16419.672009544738,16906.616114506,16964.557151198223,17751.88970410234,17784.557151198223,486.9441049612615,486.9441049612615,787.3325529041176,1274.276657865379,16906.616114506,16936.616114506,17774.557151198223,17964.557151198223,450.0,1279.3149061678332,0.0,0,0,0,1
S2,continuous,C,876,48,16447.224598294106,17094.285771131068,17195.596327582447,17195.596327582447,17289.672093334524,647.0611728369622,647.0611728369622,0.0,647.0611728369622,17094.285771131068,17124.285771131068,17279.672093334524,17469.672093334524,550.0,1934.8685218017433,0.0,0,0,0,1
S2,continuous,C,877,81,16465.032287064416,17124.285771131068,17198.176108214517,17840.6801190598,17887.336296699,659.2534840666522,659.2534840666522,642.5040108452849,1301.757494911937,17124.285771131068,17154.285771131068,17877.336296699,18067.336296699,400.0,1719.755956708848,0.0,0,0,0,1
S2,continuous,C,878,67,16525.40656537072,17752.999942869745,17816.33651171032,18250.835438954848,18279.367393738114,1227.5933774990262,1227.5933774990262,434.4989272445273,1662.0923047435535,17752.999942869745,17782.999942869745,18269.367393738114,18459.367393738114,400.0,1740.3421998872593,0.0,0,0,0,1
S2,continuous,C,879,20,16544.285771131068,16544.285771131068,16637.167306054205,17710.436340220003,17792.999942869745,0.0,0.0,1073.269034165798,1073.269034165798,16544.285771131068,16574.285771131068,17782.999942869745,17972.999942869745,600.0,1571.5055650948814,0.0,0,0,0,1
S2,continuous,C,880,33,16547.899348521383,18611.72398827561,18681.145012289035,18681.145012289035,18730.325110063884,2063.824639754228,2063.824639754228,0.0,2063.824639754228,18611.72398827561,18641.72398827561,18720.325110063884,18910.325110063884,300.0,1617.7159490944925,0.0,1,1,0,0
S2,continuous,C,881,94,16581.594187826046,18408.415689486807,18474.558862856833,18474.558862856833,18510.335307241436,1826.821501660761,1826.821501660761,0.0,1826.821501660761,18408.415689486807,18438.415689486807,18500.335307241436,18690.335307241436,300.0,1392.7262517371585,0.0,0,0,0,0
S2,continuous,C,882,3,16585.539957066543,17229.672009544738,17296.597994079017,18450.835438954848,18469.367393738114,644.132052478195,644.132052478195,1154.237444875831,1798.369497354026,17229.672009544738,17259.672009544738,18459.367393738114,18649.367393738114,350.0,1219.7198548235888,0.0,0,0,0,1
S2,continuous,C,883,93,16602.999942869745,17964.557151198223,18030.623611600495,18922.074091120165,18986.616114506,1361.5572083284787,1361.5572083284787,891.4504795196699,2253.0076878481486,17964.557151198223,17994.557151198223,18976.616114506,19166.616114506,550.0,1479.3149061678332,0.0,0,0,0,1
S2,continuous,C,884,30,16609.67200954474,17736.33651171032,17757.30550450724,18050.6801190598,18077.336296699,1126.6645021655786,1126.6645021655786,293.374614552562,1420.0391167181406,17736.33651171032,17766.33651171032,18067.336296699,18257.336296699,300.0,1005.0765296893172,0.0,2,2,0,0
S2,continuous,C,885,77,16625.313146055945,17766.33651171032,17795.64143268442,17960.436340220003,17982.999942869745,1141.023365654375,1141.023365654375,164.79490753558275,1305.8182731899578,17766.33651171032,17796.33651171032,17972.999942869745,18162.999942869745,300.0,1540.3421998872593,0.0,1,1,0,0
S2,continuous,C,886,23,16636.616114506,16636.616114506,16729.808578473636,19102.074091120165,19176.616114506,0.0,0.0,2372.265512646529,2372.265512646529,16636.616114506,16666.616114506,19166.616114506,19356.616114506,600.0,1552.1262717419622,0.0,0,0,0,1
S2,continuous,C,887,36,16637.224598294106,16805.313146055945,16907.749182172607,19430.311265712808,19531.594187826046,168.08854776183944,168.08854776183944,2522.5620835402005,2690.65063130204,16805.313146055945,16835.313146055945,19521.594187826046,19711.594187826046,600.0,1991.6860639264555,0.0,0,0,0,1
S2,continuous,C,888,78,16685.032287064416,18162.999942869745,18242.804315809644,19630.311265712808,19721.594187826046,1477.9676558053288,1477.9676558053288,1387.5069499031633,2865.474605708492,18162.999942869745,18192.999942869745,19711.594187826046,19901.594187826046,550.0,1301.9506431586985,0.0,0,0,0,1
S2,continuous,C,889,97,16734.285771131068,17796.33651171032,17817.718685275788,17917.718685275788,17961.794451027865,1062.0507405792523,1062.0507405792523,100.0,1162.0507405792523,17796.33651171032,17826.33651171032,17951.794451027865,18141.794451027865,300.0,1119.7198548235888,0.0,1,1,0,0
S2,continuous,C,890,63,16739.367393738117,17737.607343266063,17832.52867482017,17981.88970410234,18004.557151198223,998.239949527946,998.239949527946,149.36102928217224,1147.6009788101182,17737.607343266063,17767.607343266063,17994.557151198223,18184.557151198223,400.0,2175.3199763040047,0.0,0,0,0,1
S2,continuous,C,891,80,16767.607343266063,18184.557151198223,18199.29922780901,18199.29922780901,18221.86283045875,1416.9498079321602,1416.9498079321602,0.0,1416.9498079321602,18184.557151198223,18214.557151198223,18211.86283045875,18401.86283045875,300.0,931.1305497217344,0.0,0,0,0,0
S2,continuous,C,892,57,16771.594187826046,17154.285771131068,17272.345605167477,19292.074091120165,19366.616114506,382.6915833050225,382.6915833050225,2019.728485952688,2402.4200692577106,17154.285771131068,17184.285771131068,19356.616114506,19546.616114506,600.0,2337.151648972516,0.0,0,0,0,1
S2,continuous,C,893,39,16775.539957066543,18438.415689486807,18532.289838659388,19512.074091120165,19556.616114506,1662.8757324202634,1662.8757324202634,979.7842524607768,2642.65998488104,18438.415689486807,18468.415689486807,19546.616114506,19736.616114506,450.0,1435.2858669135971,0.0,0,0,0,1
S2,continuous,C,894,6,16799.67200954474,17469.672093334524,17541.652167682627,18578.919888697103,18651.72398827561,670.0000837897824,670.0000837897824,1037.2677210144757,1707.267804804258,17469.672093334524,17499.672093334524,18641.72398827561,18831.72398827561,400.0,1211.3532330545418,0.0,0,0,0,1
S2,continuous,C,895,24,16822.999942869745,18214.557151198223,18228.32684878539,18240.6801190598,18267.336296699,1391.5572083284787,1391.5572083284787,12.353270274412353,1403.910478602891,18214.557151198223,18244.557151198223,18257.336296699,18447.336296699,300.0,886.7681564277509,0.0,1,1,0,0
S2,continuous,C,896,47,16834.557151198223,17183.448459622832,17235.41227333713,17435.596327582447,17509.672093334524,348.8913084246087,168.89130842460872,200.18405424531738,369.0753626699261,17183.448459622832,17213.448459622832,17499.672093334524,17689.672093334524,450.0,1087.8749675869526,0.0,0,0,0,1
S2,continuous,C,897,34,16929.367393738117,17689.672093334524,17805.608667276985,18329.29922780901,18411.86283045875,760.3046995964069,760.3046995964069,523.6905605320244,1283.9952601284313,17689.672093334524,17719.672093334524,18401.86283045875,18591.86283045875,600.0,1723.917388034646,0.0,0,0,0,1
S2,continuous,C,898,8,16957.607343266063,18244.557151198223,18256.276357406343,18256.276357406343,18300.35212315842,1286.9498079321602,1286.9498079321602,0.0,1286.9498079321602,18244.557151198223,18274.557151198223,18290.35212315842,18480.35212315842,300.0,837.1666717223733,0.0,1,1,0,0
S2,continuous,C,899,32,16981.72398827561,18831.72398827561,18897.215747258033,18898.32644239837,18919.94938471777,1850.0,1850.0,1.1106951403380663,1851.110695140338,18831.72398827561,18861.72398827561,18909.94938471777,19099.94938471777,300.0,1217.9791697505295,0.0,1,1,0,0
S2,continuous,C,900,68,16989.67200954474,18468.415689486807,18525.795940091015,18525.795940091015,18528.463387186897,1478.7436799420648,1478.7436799420648,0.0,1478.7436799420648,18468.415689486807,18498.415689486807,18525.795940091015,18715.795940091015,300.0,642.986414238962,0.0,0,0,0,0
S2,continuous,C,901,13,17003.448459622832,19736.616114506,19762.727659540073,19762.727659540073,19784.35060185947,2733.1676548831674,2493.1676548831674,0.0,2493.1676548831674,19736.616114506,19766.616114506,19774.35060185947,19964.35060185947,300.0,952.1262717419622,0.0,0,0,0,0
S2,continuous,C,902,51,17021.594187826046,19766.616114506,19800.436340220003,19800.436340220003,19822.999942869745,2745.021926679954,2505.021926679954,0.0,2505.021926679954,19766.616114506,19796.616114506,19812.999942869745,20002.999942869745,300.0,1470.7416187224624,0.0,2,2,0,0
S2,continuous,C,903,73,17024.557151198223,19901.594187826046,19955.596243792665,19955.596243792665,19999.67200954474,2877.037036627822,2877.037036627822,0.0,2877.037036627822,19901.594187826046,19931.594187826046,19989.67200954474,20179.67200954474,300.0,1274.7356962186627,0.0,0,0,0,0
S2,continuous,C,904,28,17035.313146055945,18861.72398827561,18936.10580745032,19772.074091120165,19806.616114506,1826.410842219666,1826.410842219666,835.9682836698448,2662.3791258895108,18861.72398827561,18891.72398827561,19796.616114506,19986.616114506,400.0,641.911921234961,0.0,0,0,0,1
S2,continuous,C,905,60,17037.660739902876,17719.672093334524,17819.022780426534,18406.593513354033,18508.415689486807,682.0113534316479,682.0113534316479,587.5707329274992,1269.582086359147,17719.672093334524,17749.672093334524,18498.415689486807,18688.415689486807,550.0,1331.1511320863244,0.0,0,0,0,1
S2,continuous,C,906,29,17072.999942869745,18274.557151198223,18286.361262052433,18649.367393738114,18657.89934852138,1201.5572083284787,1201.5572083284787,363.0061316856809,1564.5633400141596,18274.557151198223,18304.557151198223,18649.367393738114,18839.367393738114,300.0,665.1079266174719,0.0,1,1,0,0
S2,continuous,C,907,58,17082.14413054054,18891.72398827561,18956.593513354033,19510.321954407766,19562.14413054054,1809.5798577350724,1809.5798577350724,553.7284410537322,2363.3082987888047,18891.72398827561,18921.72398827561,19552.14413054054,19742.14413054054,300.0,1327.4930785507627,0.0,2,2,0,0
S2,continuous,C,908,84,17119.367393738117,17445.058331748194,17563.118165784603,19922.074091120165,19996.616114506,325.69093801007693,205.69093801007693,2358.955925335562,2564.646863345639,17445.058331748194,17475.058331748194,19986.616114506,20176.616114506,600.0,2337.151648972516,0.0,0,0,0,1
S2,continuous,C,909,9,17147.607343266063,18591.86283045875,18671.66720339865,19850.311265712808,19941.594187826046,1444.2554871926877,1444.2554871926877,1178.644062314157,2622.899549506845,18591.86283045875,18621.86283045875,19931.594187826046,20121.594187826046,550.0,1301.9506431586985,0.0,0,0,0,1
S2,continuous,C,910,45,17171.72398827561,17217.660739902876,17308.50925522486,18790.835438954848,18849.367393738114,45.93675162726504,45.93675162726504,1482.326183729987,1528.262935357252,17217.660739902876,17247.660739902876,18839.367393738114,19029.367393738114,550.0,1932.4793523524056,0.0,0,0,0,1
S2,continuous,C,911,92,17214.557151198223,18304.557151198223,18380.623611600495,20112.074091120165,20186.616114506,1090.0,1090.0,1731.45047951967,2821.45047951967,18304.557151198223,18334.557151198223,20176.616114506,20366.616114506,600.0,1579.3149061678332,0.0,0,0,0,1
S2,continuous,C,912,99,17265.058331748194,18161.9053320037,18217.96285054727,18321.88970410234,18344.557151198223,896.8470002555041,596.8470002555041,103.92685355507274,700.7738538105768,18161.9053320037,18191.9053320037,18334.557151198223,18524.557151198223,400.0,1283.7570286879022,0.0,0,0,0,1
S2,continuous,C,913,64,17271.594187826046,17826.33651171032,17857.718685275788,18436.276357406343,18490.35212315842,554.7423238842748,554.7423238842748,578.5576721305551,1133.29999601483,17826.33651171032,17856.33651171032,18480.35212315842,18670.35212315842,350.0,1219.7198548235888,0.0,0,0,0,1
S2,continuous,C,914,62,17272.14413054054,17489.94938471777,17522.652483903676,17522.652483903676,17558.42892828828,217.80525417723038,217.80525417723038,0.0,217.80525417723038,17489.94938471777,17519.94938471777,17548.42892828828,17738.42892828828,300.0,1025.6740579539971,0.0,1,1,0,0
S2,continuous,C,915,27,17276.616114506,18621.86283045875,18701.66720339865,20040.311265712808,20131.594187826046,1345.2467159527514,1345.2467159527514,1338.644062314157,2683.8907782669085,18621.86283045875,18651.86283045875,20121.594187826046,20311.594187826046,550.0,1301.9506431586985,0.0,0,0,0,1
S2,continuous,C,916,48,17289.672093334524,18651.86283045875,18695.68502571223,19078.32644239837,19109.94938471777,1362.1907371242269,1362.1907371242269,382.64141668613956,1744.8321538103664,18651.86283045875,18681.86283045875,19099.94938471777,19289.94938471777,350.0,1071.5055650948814,0.0,0,0,0,1
S2,continuous,C,917,25,17292.999942869745,18688.415689486807,18761.810647913604,18871.145012289035,18920.325110063884,1395.4157466170618,1395.4157466170618,109.3343643754306,1504.7501109924924,18688.415689486807,18718.415689486807,18910.325110063884,19100.325110063884,300.0,1943.1968558062856,0.0,2,2,0,0
S2,continuous,C,918,76,17309.367393738117,17856.33651171032,17937.85201517212,18616.593513354033,18728.415689486807,546.9691179722031,546.9691179722031,678.7414981819129,1225.710616154116,17856.33651171032,17886.33651171032,18718.415689486807,18908.415689486807,600.0,1767.3405664824334,0.0,0,0,0,1
S2,continuous,C,919,89,17309.94938471777,20311.594187826046,20368.32644239837,20368.32644239837,20389.94938471777,3001.6448031082764,3001.6448031082764,0.0,3001.6448031082764,20311.594187826046,20341.594187826046,20379.94938471777,20569.94938471777,300.0,1344.4848194357353,0.0,1,1,0,0
S2,continuous,C,920,22,17317.336296699,18921.72398827561,18997.268912265252,19197.63219085739,19210.29963795327,1604.3876915766123,1604.3876915766123,200.36327859213634,1804.7509701687486,18921.72398827561,18951.72398827561,19200.29963795327,19390.29963795327,350.0,1226.7460274474124,0.0,0,0,0,1
S2,continuous,C,921,86,17337.607343266063,18908.415689486807,18982.303291119493,19141.832360106586,19204.636459685094,1570.8083462207433,1570.8083462207433,159.52906898709261,1730.3374152078359,18908.415689486807,18938.415689486807,19194.636459685094,19384.636459685094,350.0,1427.4930785507627,0.0,0,0,0,1
S2,continuous,C,922,21,17361.72398827561,18938.415689486807,18998.340240690803,18998.340240690803,19020.903843340544,1576.6917012111953,1576.6917012111953,0.0,1576.6917012111953,18938.415689486807,18968.415689486807,19010.903843340544,19200.903843340544,300.0,912.0872319940779,0.0,0,0,0,0
S2,continuous,C,923,88,17404.557151198223,20341.594187826046,20390.321954407766,20390.321954407766,20442.14413054054,2937.037036627822,2937.037036627822,0.0,2937.037036627822,20341.594187826046,20371.594187826046,20432.14413054054,20622.14413054054,300.0,961.8484557954962,0.0,0,0,0,0
S2,continuous,C,924,14,17461.594187826046,18191.9053320037,18288.977606782184,20280.311265712808,20381.594187826046,730.3111441776527,610.3111441776527,1991.3336589306236,2601.6448031082764,18191.9053320037,18221.9053320037,20371.594187826046,20561.594187826046,600.0,1944.4848194357353,0.0,0,0,0,1
S2,continuous,C,925,15,17462.14413054054,18221.9053320037,18318.977606782184,20470.311265712808,20571.594187826046,759.7612014631595,639.7612014631595,2151.3336589306236,2791.094860393783,18221.9053320037,18251.9053320037,20561.594187826046,20751.594187826046,600.0,1944.4848194357353,0.0,0,0,0,1
S2,continuous,C,926,96,17466.616114506,20366.616114506,20396.22646759587,20396.22646759587,20445.40656537072,2900.0,2900.0,0.0,2900.0,20366.616114506,20396.616114506,20435.40656537072,20625.40656537072,300.0,1323.1659194057054,0.0,1,1,0,0
S2,continuous,C,927,91,17507.336296699,20751.594187826046,20809.367393738114,20809.367393738114,20817.89934852138,3244.2578911270466,3244.2578911270466,0.0,3244.2578911270466,20751.594187826046,20781.594187826046,20809.367393738114,20999.367393738114,300.0,1348.4266377379377,0.0,1,1,0,0
S2,continuous,C,928,47,17509.672093334524,18681.86283045875,18745.199399299327,19280.835438954848,19309.367393738114,1172.1907371242269,1172.1907371242269,535.636039655521,1707.826776779748,18681.86283045875,18711.86283045875,19299.367393738114,19489.367393738114,400.0,1740.3421998872593,0.0,0,0,0,1
S2,continuous,C,929,41,17524.868466493586,18951.72398827561,19009.587613351632,19428.656968416748,19455.313146055945,1426.8555217820249,1426.8555217820249,419.0693550651158,1845.9248768471407,18951.72398827561,18981.72398827561,19445.313146055945,19635.313146055945,300.0,734.6030859226136,0.0,0,0,0,0
S2,continuous,C,930,10,17551.723988275608,17767.607343266063,17905.40829165652,20690.311265712808,20791.594187826046,215.8833549904557,215.8833549904557,2784.9029740562873,3000.786329046743,17767.607343266063,17797.607343266063,20781.594187826046,20971.594187826046,600.0,2960.3718071475523,0.0,0,0,0,1
S2,continuous,C,931,98,17557.607343266063,18447.336296699,18519.10904787851,18669.29922780901,18721.86283045875,889.7289534329357,889.7289534329357,150.19017993049783,1039.9191333634335,18447.336296699,18477.336296699,18711.86283045875,18901.86283045875,450.0,1553.8704707991694,0.0,0,0,0,1
S2,continuous,C,932,62,17558.42892828828,18477.336296699,18538.25466336113,20362.074091120165,20406.616114506,918.9073684107207,918.9073684107207,1823.8194277590337,2742.7267961697544,18477.336296699,18507.336296699,20396.616114506,20586.616114506,450.0,790.1369399874023,0.0,0,0,0,1
S2,continuous,C,933,85,17572.999942869745,18251.9053320037,18352.753847325683,19430.835438954848,19499.367393738114,678.9053891339536,678.9053891339536,1078.081591629165,1756.9869807631185,18251.9053320037,18281.9053320037,19489.367393738114,19679.367393738114,600.0,2032.4793523524056,0.0,0,0,0,1
S2,continuous,C,934,82,17594.557151198223,18141.794451027865,18234.92197589218,18683.128492995133,18725.795940091015,547.2372998296414,547.2372998296414,448.2065171029535,995.4438169325949,18141.794451027865,18171.794451027865,18715.795940091015,18905.795940091015,500.0,1237.1666717223734,0.0,0,0,0,1
S2,continuous,C,935,37,17601.9053320037,19029.367393738114,19064.47123376804,19064.47123376804,19113.65133154289,1427.4620617344153,1427.4620617344153,0.0,1427.4620617344153,19029.367393738114,19059.367393738114,19103.65133154289,19293.65133154289,300.0,2060.019279234596,0.0,2,2,0,0
S2,continuous,C,936,17,17651.594187826046,17738.42892828828,17832.319265371727,19578.656968416748,19645.313146055945,86.83474046223273,86.83474046223273,1746.337703045021,1833.1724435072538,17738.42892828828,17768.42892828828,19635.313146055945,19825.313146055945,500.0,1919.7559567088479,0.0,0,0,0,1
S2,continuous,C,937,72,17652.14413054054,18905.795940091015,18942.89796341107,19258.32644239837,19299.94938471777,1253.6518095504762,1253.6518095504762,315.4284789873018,1569.080288537778,18905.795940091015,18935.795940091015,19289.94938471777,19479.94938471777,400.0,1283.7570286879022,0.0,0,0,0,1
S2,continuous,C,938,42,17656.616114506,17797.607343266063,17935.40829165652,20880.311265712808,20981.594187826046,140.99122876006368,140.99122876006368,2944.9029740562873,3085.894202816351,17797.607343266063,17827.607343266063,20971.594187826046,21161.594187826046,600.0,2960.3718071475523,0.0,0,0,0,1
S2,continuous,C,939,53,17697.336296699,19059.367393738114,19129.475261453186,20532.074091120165,20596.616114506,1362.0310970391147,1362.0310970391147,1402.5988296669784,2764.629926706093,19059.367393738114,19089.367393738114,20586.616114506,20776.616114506,550.0,1387.0974196326893,0.0,0,0,0,1
S2,continuous,C,940,18,17741.723988275608,18901.86283045875,18975.199399299327,19650.835438954848,19689.367393738114,1160.1388421831434,1160.1388421831434,675.636039655521,1835.7748818386644,18901.86283045875,18931.86283045875,19679.367393738114,19869.367393738114,450.0,1840.3421998872593,0.0,0,0,0,1
S2,continuous,C,941,90,17771.794451027865,18935.795940091015,18964.021461658333,19680.321954407766,19752.14413054054,1164.00148906315,1164.00148906315,716.300492749433,1880.301981812583,18935.795940091015,18965.795940091015,19742.14413054054,19932.14413054054,400.0,842.986414238962,0.0,0,0,0,1
S2,continuous,C,942,59,17784.557151198223,19384.636459685094,19447.54946705926,19869.367393738114,19877.89934852138,1600.079308486871,1600.079308486871,421.81792667885384,2021.8972351657249,19384.636459685094,19414.636459685094,19869.367393738114,20059.367393738114,300.0,980.607458185995,0.0,1,1,0,0
S2,continuous,C,943,44,17791.9053320037,18171.794451027865,18243.774525375968,19351.832360106586,19424.636459685094,379.8891190241666,379.8891190241666,1108.0578347306182,1487.9469537547848,18171.794451027865,18201.794451027865,19414.636459685094,19604.636459685094,400.0,1211.3532330545418,0.0,0,0,0,1
S2,continuous,C,944,20,17792.999942869745,18201.794451027865,18262.60822935656,18401.145012289035,18450.325110063884,408.79450815812015,408.79450815812015,138.53678293247503,547.3312910905952,18201.794451027865,18231.794451027865,18440.325110063884,18630.325110063884,300.0,1582.1468227425091,0.0,3,3,0,0
S2,continuous,C,945,43,17842.14413054054,17842.14413054054,17958.062240892006,19215.596243792665,19309.67200954474,0.0,0.0,1257.5340029006584,1257.5340029006584,17842.14413054054,17872.14413054054,19299.67200954474,19489.67200954474,550.0,2082.1468227425094,0.0,0,0,0,1
S2,continuous,C,946,19,17846.616114506,17872.14413054054,17987.065462094644,19357.63219085739,19400.29963795327,25.528016034539178,25.528016034539178,1370.5667287627439,1396.094744797283,17872.14413054054,17902.14413054054,19390.29963795327,19580.29963795327,500.0,2375.3199763040047,0.0,0,0,0,1
S2,continuous,C,947,16,17871.594187826046,21161.594187826046,21219.367393738114,21219.367393738114,21227.89934852138,3290.0,3290.0,0.0,3290.0,21161.594187826046,21191.594187826046,21219.367393738114,21409.367393738114,300.0,1348.4266377379377,0.0,1,1,0,0
S2,continuous,C,948,81,17887.336296699,17902.14413054054,18028.062240892006,19395.596243792665,19499.67200954474,14.807833841539832,14.807833841539832,1367.5340029006584,1382.3418367421982,17902.14413054054,17932.14413054054,19489.67200954474,19679.67200954474,600.0,2182.1468227425094,0.0,0,0,0,1
S2,continuous,C,949,66,17897.89934852138,17897.89934852138,18002.069138992832,19128.340240690803,19210.903843340544,0.0,0.0,1126.2711016979702,1126.2711016979702,17897.89934852138,17927.89934852138,19200.903843340544,19390.903843340544,600.0,1451.2566409616875,0.0,0,0,0,1
S2,continuous,C,950,61,17931.72398827561,17931.72398827561,18035.893778747064,19318.340240690803,19400.903843340544,0.0,0.0,1282.4464619437385,1282.4464619437385,17931.72398827561,17961.72398827561,19390.903843340544,19580.903843340544,600.0,1451.2566409616875,0.0,0,0,0,1
S2,continuous,C,951,97,17961.794451027865,18931.86283045875,19019.543006648808,19758.656968416748,19835.313146055945,970.0683794308861,970.0683794308861,739.11396176794,1709.1823411988262,18931.86283045875,18961.86283045875,19825.313146055945,20015.313146055945,550.0,1753.8704707991692,0.0,0,0,0,1
S2,continuous,C,952,1,17981.9053320037,18101.9053320037,18200.847556755605,19521.832360106586,19614.636459685094,120.0,0.0,1320.9848033509807,1320.9848033509807,18101.9053320037,18131.9053320037,19604.636459685094,19794.636459685094,500.0,2387.288077635793,0.0,0,0,0,1
S2,continuous,C,953,77,17982.999942869745,20776.616114506,20792.735857488035,20792.735857488035,20845.539957066543,2793.616171636255,2793.616171636255,0.0,2793.616171636255,20776.616114506,20806.616114506,20835.539957066543,21025.539957066543,300.0,441.9119212349611,0.0,0,0,0,0
S2,continuous,C,954,63,18004.557151198223,21191.594187826046,21245.596243792665,21245.596243792665,21289.67200954474,3187.037036627822,3187.037036627822,0.0,3187.037036627822,21191.594187826046,21221.594187826046,21279.67200954474,21469.67200954474,300.0,1274.7356962186627,0.0,0,0,0,0
S2,continuous,C,955,4,18032.14413054054,20059.367393738114,20080.336386535033,20080.336386535033,20106.99256417423,2027.2232631975749,2027.2232631975749,0.0,2027.2232631975749,20059.367393738114,20089.367393738114,20096.99256417423,20286.99256417423,300.0,1005.0765296893172,0.0,2,2,0,0
S2,continuous,C,956,69,18036.616114506,18965.795940091015,19025.885915200884,21140.311265712808,21231.594187826046,929.1798255850154,929.1798255850154,2114.425350511923,3043.6051760969385,18965.795940091015,18995.795940091015,21221.594187826046,21411.594187826046,550.0,1214.5870469780346,0.0,0,0,0,1
S2,continuous,C,957,5,18061.594187826046,18670.35212315842,18741.84967923896,20782.074091120165,20816.616114506,608.7579353323745,368.7579353323745,2040.224411881205,2408.9823472135795,18670.35212315842,18700.35212315842,20806.616114506,20996.616114506,400.0,987.8749675869525,0.0,0,0,0,1
S2,continuous,C,958,30,18077.336296699,18968.415689486807,19075.795940091015,19537.63219085739,19590.29963795327,891.0793927878076,891.0793927878076,461.83625076637327,1352.9156435541809,18968.415689486807,18998.415689486807,19580.29963795327,19770.29963795327,550.0,1142.986414238962,0.0,0,0,0,1
S2,continuous,C,959,56,18089.367393738114,19212.14413054054,19286.031732173225,19741.832360106586,19804.636459685094,1122.7767368024251,1122.7767368024251,455.8006279333604,1578.5773647357855,19212.14413054054,19242.14413054054,19794.636459685094,19984.636459685094,350.0,1427.4930785507627,0.0,0,0,0,1
S2,continuous,C,960,52,18181.72398827561,18507.336296699,18606.42951235185,20030.835438954848,20099.367393738114,325.61230842338773,325.61230842338773,1424.405926602998,1750.0182350263858,18507.336296699,18537.336296699,20089.367393738114,20279.367393738114,600.0,1605.076529689317,0.0,0,0,0,1
S2,continuous,C,961,80,18221.86283045875,18281.86283045875,18386.032620930204,19508.340240690803,19590.903843340544,60.0,0.0,1122.3076197605988,1122.3076197605988,18281.86283045875,18311.86283045875,19580.903843340544,19770.903843340544,600.0,1451.2566409616875,0.0,0,0,0,1
S2,continuous,C,962,46,18226.616114506,20279.367393738114,20298.008256317036,20298.008256317036,20350.812355895545,2052.751279232114,2052.751279232114,0.0,2052.751279232114,20279.367393738114,20309.367393738114,20340.812355895545,20530.812355895545,300.0,980.607458185995,0.0,1,1,0,0
S2,continuous,C,963,0,18228.415689486807,19242.14413054054,19362.343459270425,20210.336386535033,20296.99256417423,1013.7284410537322,1013.7284410537322,847.9929272646077,1861.72136831834,19242.14413054054,19272.14413054054,20286.99256417423,20476.99256417423,600.0,1550.8686086674074,0.0,0,0,0,1
S2,continuous,C,964,38,18251.594187826046,18251.594187826046,18298.450789077157,18298.450789077157,18320.073731396555,0.0,0.0,0.0,0.0,18251.594187826046,18281.594187826046,18310.073731396555,18500.073731396555,300.0,1025.6740579539971,0.0,1,1,0,0
S2,continuous,C,965,35,18260.325110063884,18700.35212315842,18772.332197506523,19921.832360106586,19994.636459685094,440.0270130945355,380.0270130945355,1149.500162600063,1529.5271756945986,18700.35212315842,18730.35212315842,19984.636459685094,20174.636459685094,400.0,1211.3532330545418,0.0,0,0,0,1
S2,continuous,C,966,24,18267.336296699,18730.35212315842,18823.479648022734,19737.63219085739,19780.29963795327,463.0158264594211,463.0158264594211,914.152542834654,1377.168369294075,18730.35212315842,18760.35212315842,19770.29963795327,19960.29963795327,500.0,1237.1666717223734,0.0,0,0,0,1
S2,continuous,C,967,67,18279.367393738114,19272.14413054054,19389.524381144747,19907.63219085739,19970.29963795327,992.7767368024251,992.7767368024251,518.107809712641,1510.8845465150662,19272.14413054054,19302.14413054054,19960.29963795327,20150.29963795327,600.0,1242.986414238962,0.0,0,0,0,1
S2,continuous,C,968,8,18300.35212315842,18537.336296699,18599.05199983571,20458.008256317036,20540.812355895545,236.98417354057892,236.98417354057892,1858.9562564813277,2095.9404300219066,18537.336296699,18567.336296699,20530.812355895545,20720.812355895545,450.0,1034.6030859226134,0.0,0,0,0,1
S2,continuous,C,969,38,18320.073731396555,18959.67200954474,19046.59799407902,20280.835438954848,20319.367393738114,639.5982781481871,639.5982781481871,1234.2374448758274,1873.8357230240144,18959.67200954474,18989.67200954474,20309.367393738114,20499.367393738114,450.0,1419.7198548235888,0.0,0,0,0,1
S2,continuous,C,970,99,18344.557151198223,20150.29963795327,20165.041714564057,20165.041714564057,20187.605317213798,1805.7424867550471,1805.7424867550471,0.0,1805.7424867550471,20150.29963795327,20180.29963795327,20177.605317213798,20367.605317213798,300.0,931.1305497217344,0.0,0,0,0,0
S2,continuous,C,971,95,18401.72398827561,18401.72398827561,18516.953952848035,20127.63219085739,20190.29963795327,0.0,0.0,1610.6782380093537,1610.6782380093537,18401.72398827561,18431.72398827561,20180.29963795327,20370.29963795327,600.0,2089.1208032571612,0.0,0,0,0,1
S2,continuous,C,972,34,18411.86283045875,19479.94938471777,19574.25998644108,20922.735857488035,21035.539957066543,1068.0865542590182,768.0865542590182,1348.4758710469541,2116.5624253059723,19479.94938471777,19509.94938471777,21025.539957066543,21215.539957066543,600.0,1817.9791697505295,0.0,0,0,0,1
S2,continuous,C,973,65,18416.616114506,20370.29963795327,20387.401661273325,20558.32644239837,20579.94938471777,1953.683523447271,1953.683523447271,170.92478112504614,2124.608304572317,20370.29963795327,20400.29963795327,20569.94938471777,20759.94938471777,300.0,1083.7570286879022,0.0,2,2,0,0
S2,continuous,C,974,83,18441.594187826046,20400.29963795327,20475.707909460285,21112.735857488035,21225.539957066543,1958.705450127225,1958.705450127225,637.0279480277495,2595.7333981549746,20400.29963795327,20430.29963795327,21215.539957066543,21405.539957066543,600.0,1726.7460274474124,0.0,0,0,0,1
S2,continuous,C,975,20,18450.325110063884,20430.29963795327,20442.10374880748,20499.367393738114,20507.89934852138,1979.974527889386,1979.974527889386,57.263644930633745,2037.2381728200198,20430.29963795327,20460.29963795327,20499.367393738114,20689.367393738114,300.0,665.1079266174719,0.0,1,1,0,0
S2,continuous,C,976,3,18469.367393738114,21411.594187826046,21481.49796055489,21481.49796055489,21530.67805832974,2942.226794087932,2942.226794087932,0.0,2942.226794087932,21411.594187826046,21441.594187826046,21520.67805832974,21710.67805832974,300.0,2360.3718071475523,0.0,4,4,0,0
S2,continuous,C,977,64,18490.35212315842,20460.29963795327,20468.52515952059,20580.321954407766,20632.14413054054,1969.9475147948506,1969.9475147948506,111.79679488717738,2081.744309682028,20460.29963795327,20490.29963795327,20622.14413054054,20812.14413054054,300.0,642.986414238962,0.0,0,0,0,0
S2,continuous,C,978,60,18508.415689486807,20174.636459685094,20249.505984763517,20760.321954407766,20822.14413054054,1666.220770198288,1666.220770198288,510.815969644249,2177.036739842537,20174.636459685094,20204.636459685094,20812.14413054054,21002.14413054054,350.0,1427.4930785507627,0.0,0,0,0,1
S2,continuous,C,979,94,18510.335307241436,20689.367393738114,20730.882897199914,20940.321954407766,21012.14413054054,2179.032086496678,2179.032086496678,209.43905720785187,2388.47114370453,20689.367393738114,20719.367393738114,21002.14413054054,21192.14413054054,400.0,1367.3405664824336,0.0,0,0,0,1
S2,continuous,C,980,68,18528.463387186897,18961.86283045875,19019.109486375724,19244.47123376804,19303.65133154289,433.39944327185367,433.39944327185367,225.361747392315,658.7611906641687,18961.86283045875,18991.86283045875,19293.65133154289,19483.65133154289,350.0,2104.255386605015,0.0,0,0,0,1
S2,continuous,C,981,70,18606.616114506,20719.367393738114,20769.475261453186,20962.074091120165,21006.616114506,2112.751279232114,2112.751279232114,192.59882966697842,2305.3501088990924,20719.367393738114,20749.367393738114,20996.616114506,21186.616114506,450.0,1187.097419632689,0.0,0,0,0,1
S2,continuous,C,982,6,18651.72398827561,19302.14413054054,19363.1496410596,19498.32644239837,19519.94938471777,650.4201422649276,650.4201422649276,135.17680133877002,785.5969436036976,19302.14413054054,19332.14413054054,19509.94938471777,19699.94938471777,300.0,979.4478846801628,0.0,2,2,0,0
S2,continuous,C,983,29,18657.89934852138,20749.367393738114,20800.882897199914,21120.321954407766,21202.14413054054,2091.468045216734,2091.468045216734,319.4390572078519,2410.907102424586,20749.367393738114,20779.367393738114,21192.14413054054,21382.14413054054,450.0,1467.3405664824334,0.0,0,0,0,1
S2,continuous,C,984,55,18705.313146055945,18705.313146055945,18815.4105876778,19830.321954407766,19942.14413054054,0.0,0.0,1014.9113667299644,1014.9113667299644,18705.313146055945,18735.313146055945,19932.14413054054,20122.14413054054,600.0,1992.7262517371585,0.0,0,0,0,1
S2,continuous,C,985,12,18721.594187826046,21441.594187826046,21499.367393738114,21499.367393738114,21507.89934852138,2720.0,2720.0,0.0,2720.0,21441.594187826046,21471.594187826046,21499.367393738114,21689.367393738114,300.0,1348.4266377379377,0.0,1,1,0,0
S2,continuous,C,986,98,18721.86283045875,21186.616114506,21223.44152754364,21223.44152754364,21259.217971928243,2464.7532840472486,2464.7532840472486,0.0,2464.7532840472486,21186.616114506,21216.616114506,21249.217971928243,21439.217971928243,300.0,1737.151648972516,0.0,2,2,0,0
S2,continuous,C,987,82,18725.795940091015,21216.616114506,21243.210110931643,21340.321954407766,21392.14413054054,2490.8201744149846,2490.8201744149846,97.11184347612289,2587.9320178911075,21216.616114506,21246.616114506,21382.14413054054,21572.14413054054,300.0,1135.2858669135971,0.0,1,1,0,0
S2,continuous,C,988,76,18728.415689486807,19770.903843340544,19818.150499257517,19818.150499257517,19867.330597032367,1042.4881538537375,1042.4881538537375,0.0,1042.4881538537375,19770.903843340544,19800.903843340544,19857.330597032367,20047.330597032367,300.0,2004.2553866050148,0.0,2,2,0,0
S2,continuous,C,989,74,18729.94938471777,20002.999942869745,20047.63817503439,20487.63219085739,20500.29963795327,1273.0505581519756,1273.0505581519756,439.99401582299834,1713.044573974974,20002.999942869745,20032.999942869745,20490.29963795327,20680.29963795327,350.0,1031.1305497217345,0.0,0,0,0,1
S2,continuous,C,990,33,18730.325110063884,20680.29963795327,20708.70831882841,20708.70831882841,20757.88841660326,1949.974527889386,1949.974527889386,0.0,1949.974527889386,20680.29963795327,20710.29963795327,20747.88841660326,20937.88841660326,300.0,1975.3199763040045,0.0,2,2,0,0
S2,continuous,C,991,79,18779.67200954474,18779.67200954474,18894.901974117165,20657.63219085739,20720.29963795327,0.0,0.0,1762.730216740223,1762.730216740223,18779.67200954474,18809.67200954474,20710.29963795327,20900.29963795327,600.0,2089.1208032571612,0.0,0,0,0,1
S2,continuous,C,992,7,18796.616114506,19483.65133154289,19554.86836213814,19554.86836213814,19590.64480652274,687.0352170368897,687.0352170368897,0.0,687.0352170368897,19483.65133154289,19513.65133154289,19580.64480652274,19770.64480652274,300.0,1893.911565490476,0.0,2,2,0,0
S2,continuous,C,993,45,18849.367393738114,19699.94938471777,19794.25998644108,21302.735857488035,21415.539957066543,850.5819909796555,850.5819909796555,1508.4758710469541,2359.0578620266097,19699.94938471777,19729.94938471777,21405.539957066543,21595.539957066543,600.0,1817.9791697505295,0.0,0,0,0,1
S2,continuous,C,994,32,18919.94938471777,19729.94938471777,19827.021659496255,21380.311265712808,21481.594187826046,810.0,810.0,1553.2896062165528,2363.289606216553,19729.94938471777,19759.94938471777,21471.594187826046,21661.594187826046,600.0,1944.4848194357353,0.0,0,0,0,1
S2,continuous,C,995,25,18920.325110063884,19679.67200954474,19771.16956562528,21202.074091120165,21256.616114506,759.3468994808572,579.3468994808572,1430.9045254948833,2010.2514249757405,19679.67200954474,19709.67200954474,21246.616114506,21436.616114506,500.0,1187.8749675869526,0.0,0,0,0,1
S2,continuous,C,996,93,18986.616114506,19332.14413054054,19446.01827971312,21382.074091120165,21446.616114506,345.5280160345392,345.5280160345392,1936.0558114070445,2281.5838274415837,19332.14413054054,19362.14413054054,21436.616114506,21626.616114506,550.0,1635.2858669135971,0.0,0,0,0,1
S2,continuous,C,997,50,19012.967085049153,20122.14413054054,20232.343459270425,20410.336386535033,20486.99256417423,1109.1770454913858,1109.1770454913858,177.99292726460772,1287.1699727559935,20122.14413054054,20152.14413054054,20476.99256417423,20666.99256417423,550.0,1450.8686086674074,0.0,0,0,0,1
S2,continuous,C,998,2,19014.636459685094,20032.999942869745,20112.804315809644,21580.311265712808,21671.594187826046,1018.3634831846502,1018.3634831846502,1467.5069499031633,2485.8704330878136,20032.999942869745,20062.999942869745,21661.594187826046,21851.594187826046,550.0,1301.9506431586985,0.0,0,0,0,1
S2,continuous,C,999,21,19020.903843340544,20015.313146055945,20107.028849192655,21492.735857488035,21605.539957066543,994.4093027154013,934.4093027154013,1385.7070082953796,2320.116311010781,20015.313146055945,20045.313146055945,21595.539957066543,21785.539957066543,600.0,1334.6030859226134,0.0,0,0,0,1
S2,continuous,C,1000,40,19032.14413054054,20779.367393738114,20815.10000065321,20815.10000065321,20850.87644503781,1747.2232631975749,1747.2232631975749,0.0,1747.2232631975749,20779.367393738114,20809.367393738114,20840.87644503781,21030.87644503781,300.0,2034.918804627834,0.0,1,1,0,0
S2,continuous,C,1001,75,19075.313146055945,19709.67200954474,19809.02269663675,20060.321954407766,20162.14413054054,634.3588634887965,574.3588634887965,251.2992577710138,825.6581212598103,19709.67200954474,19739.67200954474,20152.14413054054,20342.14413054054,550.0,1331.1511320863244,0.0,0,0,0,1
S2,continuous,C,1002,87,19091.594187826046,20900.29963795327,20914.069335540436,20914.069335540436,20940.725513179634,1808.705450127225,1808.705450127225,0.0,1808.705450127225,20900.29963795327,20930.29963795327,20930.725513179634,21120.725513179634,300.0,886.7681564277509,0.0,1,1,0,0
S2,continuous,C,1003,48,19109.94938471777,20930.29963795327,20952.420605236974,21005.10000065321,21040.87644503781,1820.3502532355014,1820.3502532355014,52.67939541623491,1873.0296486517364,20930.29963795327,20960.29963795327,21030.87644503781,21220.87644503781,300.0,1489.1208032571615,0.0,0,0,0,0
S2,continuous,C,1004,37,19113.65133154289,21851.594187826046,21908.656968416748,21908.656968416748,21935.313146055945,2737.9428562831563,2737.9428562831563,0.0,2737.9428562831563,21851.594187826046,21881.594187826046,21925.313146055945,22115.313146055945,300.0,1391.6860639264555,0.0,0,0,0,0
S2,continuous,C,1005,49,19117.89934852138,19964.35060185947,19997.053701045377,19997.053701045377,20032.83014542998,846.4512533380912,846.4512533380912,0.0,846.4512533380912,19964.35060185947,19994.35060185947,20022.83014542998,20212.83014542998,300.0,1025.6740579539971,0.0,1,1,0,0
S2,continuous,C,1006,11,19119.67200954474,21881.594187826046,21938.32644239837,21938.32644239837,21959.94938471777,2761.922178281304,2761.922178281304,0.0,2761.922178281304,21881.594187826046,21911.594187826046,21949.94938471777,22139.94938471777,300.0,1344.4848194357353,0.0,1,1,0,0
S2,continuous,C,1007,23,19176.616114506,19770.64480652274,19817.501407773852,19982.727659540073,20004.35060185947,594.0286920167418,414.02869201674184,165.22625176622023,579.2549437829621,19770.64480652274,19800.64480652274,19994.35060185947,20184.35060185947,300.0,1025.6740579539971,0.0,1,1,0,0
S2,continuous,C,1008,86,19204.636459685094,20062.999942869745,20140.6801190598,20610.336386535033,20676.99256417423,858.3634831846502,858.3634831846502,469.6562674752313,1328.0197506598815,20062.999942869745,20092.999942869745,20666.99256417423,20856.99256417423,500.0,1653.8704707991692,0.0,0,0,0,1
S2,continuous,C,1009,22,19210.29963795327,20204.636459685094,20286.395809430906,21870.311265712808,21921.594187826046,994.3368217318239,994.3368217318239,1583.9154562819022,2578.252278013726,20204.636459685094,20234.636459685094,21911.594187826046,22101.594187826046,350.0,1834.1184529455659,0.0,0,0,0,1
S2,continuous,C,1010,66,19210.903843340544,20092.999942869745,20126.822138123225,20172.727659540073,20194.35060185947,882.0960995292007,882.0960995292007,45.90552141684748,928.0016209460482,20092.999942869745,20122.999942869745,20184.35060185947,20374.35060185947,300.0,971.5055650948814,0.0,0,0,0,0
S2,continuous,C,1011,26,19265.313146055945,20759.94938471777,20803.141848685405,21612.074091120165,21636.616114506,1494.6362386618239,1494.6362386618239,808.9322424347592,2303.568481096583,20759.94938471777,20789.94938471777,21626.616114506,21816.616114506,350.0,1052.1262717419622,0.0,0,0,0,1
S2,continuous,C,1012,72,19299.94938471777,20234.636459685094,20310.181383674735,20957.63219085739,20970.29963795327,934.6870749673253,934.6870749673253,647.4508071826531,1582.1378821499784,20234.636459685094,20264.636459685094,20960.29963795327,21150.29963795327,350.0,1226.7460274474124,0.0,0,0,0,1
S2,continuous,C,1013,68,19303.65133154289,19800.64480652274,19904.814596994194,20295.041714564057,20377.605317213798,496.9934749798522,436.9934749798522,390.22711756986246,827.2205925497146,19800.64480652274,19830.64480652274,20367.605317213798,20557.605317213798,600.0,1451.2566409616875,0.0,0,0,0,1
S2,continuous,C,1014,47,19309.367393738114,22101.594187826046,22171.49796055489,22171.49796055489,22220.67805832974,2792.226794087932,2792.226794087932,0.0,2792.226794087932,22101.594187826046,22131.594187826046,22210.67805832974,22400.67805832974,300.0,2360.3718071475523,0.0,4,4,0,0
S2,continuous,C,1015,43,19309.67200954474,21816.616114506,21845.42032691477,22088.656968416748,22125.313146055945,2506.944104961258,2506.944104961258,243.23664150197874,2750.1807464632366,21816.616114506,21846.616114506,22115.313146055945,22305.313146055945,350.0,590.1369399874025,0.0,0,0,0,1
S2,continuous,C,1016,54,19341.594187826046,20789.94938471777,20830.797900039754,20999.367393738114,21007.89934852138,1448.3551968917236,1448.3551968917236,168.56949369836002,1616.9246905900836,20789.94938471777,20819.94938471777,20999.367393738114,21189.367393738114,300.0,1432.4793523524056,0.0,4,4,0,0
S2,continuous,C,1017,57,19366.616114506,20342.14413054054,20403.1496410596,20808.32644239837,20829.94938471777,975.5280160345392,975.5280160345392,405.17680133877,1380.7048173733092,20342.14413054054,20372.14413054054,20819.94938471777,21009.94938471777,300.0,979.4478846801628,0.0,2,2,0,0
S2,continuous,C,1018,31,19372.14413054054,20372.14413054054,20445.539088967336,20898.70831882841,20947.88841660326,1000.0,1000.0,453.1692298610724,1453.1692298610724,20372.14413054054,20402.14413054054,20937.88841660326,21127.88841660326,300.0,1943.1968558062856,0.0,2,2,0,0
S2,continuous,C,1019,71,19394.285771131068,21846.616114506,21883.44152754364,21883.44152754364,21919.217971928243,2452.3303433749315,2452.3303433749315,0.0,2452.3303433749315,21846.616114506,21876.616114506,21909.217971928243,22099.217971928243,300.0,1737.151648972516,0.0,2,2,0,0
S2,continuous,C,1020,19,19400.29963795327,21150.29963795327,21168.52515952059,21520.321954407766,21582.14413054054,1750.0,1750.0,351.7967948871774,2101.7967948871774,21150.29963795327,21180.29963795327,21572.14413054054,21762.14413054054,350.0,742.986414238962,0.0,0,0,0,1
S2,continuous,C,1021,61,19400.903843340544,20402.14413054054,20485.539088967336,21078.70831882841,21137.88841660326,1001.2402871999948,1001.2402871999948,593.1692298610724,1594.4095170610672,20402.14413054054,20432.14413054054,21127.88841660326,21317.88841660326,350.0,2043.1968558062856,0.0,0,0,0,1
S2,continuous,C,1022,44,19424.636459685094,21189.367393738114,21235.10000065321,21403.44152754364,21449.217971928243,1764.7309340530192,1764.7309340530192,168.34152689043185,1933.072460943451,21189.367393738114,21219.367393738114,21439.217971928243,21629.217971928243,350.0,2134.918804627834,0.0,0,0,0,1
S2,continuous,C,1023,41,19455.313146055945,21762.14413054054,21851.411151141794,22070.311265712808,22141.594187826046,2306.8309844845935,2306.8309844845935,218.90011457101355,2525.731099055607,21762.14413054054,21792.14413054054,22131.594187826046,22321.594187826046,450.0,1261.8484557954962,0.0,0,0,0,1
S2,continuous,C,1024,85,19499.367393738114,21792.14413054054,21866.01827971312,21866.01827971312,21890.560303098955,2292.776736802425,2292.776736802425,0.0,2292.776736802425,21792.14413054054,21822.14413054054,21880.560303098955,22070.560303098955,350.0,1235.2858669135971,0.0,0,0,0,1
S2,continuous,C,1025,81,19499.67200954474,19830.64480652274,19888.458183727744,20008.150499257517,20057.330597032367,330.9727969779997,330.9727969779997,119.69231552977362,450.6651125077733,19830.64480652274,19860.64480652274,20047.330597032367,20237.330597032367,300.0,1893.911565490476,0.0,2,2,0,0
S2,continuous,C,1026,6,19519.94938471777,19519.94938471777,19644.870716271875,21137.63219085739,21190.29963795327,0.0,0.0,1492.7614745855135,1492.7614745855135,19519.94938471777,19549.94938471777,21180.29963795327,21370.29963795327,550.0,2475.3199763040047,0.0,0,0,0,1
S2,continuous,C,1027,36,19531.594187826046,21409.367393738114,21430.74956730358,21435.596243792665,21479.67200954474,1877.773205912068,1877.773205912068,4.84667648908362,1882.6198824011517,21409.367393738114,21439.367393738114,21469.67200954474,21659.67200954474,300.0,1119.7198548235888,0.0,1,1,0,0
S2,continuous,C,1028,39,19556.616114506,21822.14413054054,21879.241228013245,21879.241228013245,21923.316993765322,2265.528016034539,2265.528016034539,0.0,2265.528016034539,21822.14413054054,21852.14413054054,21913.316993765322,22103.316993765322,300.0,831.1511320863244,0.0,0,0,0,0
S2,continuous,C,1029,58,19562.14413054054,20237.330597032367,20372.251928586473,21317.63219085739,21380.29963795327,675.1864664918285,375.18646649182847,945.3802622709154,1320.5667287627439,20237.330597032367,20267.330597032367,21370.29963795327,21560.29963795327,600.0,2575.3199763040047,0.0,0,0,0,1
S2,continuous,C,1030,30,19590.29963795327,22070.560303098955,22099.364515507725,22278.656968416748,22315.313146055945,2480.2606651456845,2480.2606651456845,179.29245290902327,2659.5531180547077,22070.560303098955,22100.560303098955,22305.313146055945,22495.313146055945,350.0,590.1369399874025,0.0,0,0,0,1
S2,continuous,C,1031,7,19590.64480652274,22321.594187826046,22378.509326746465,22378.509326746465,22414.285771131068,2730.949381303304,2730.949381303304,0.0,2730.949381303304,22321.594187826046,22351.594187826046,22404.285771131068,22594.285771131068,300.0,1427.444619634661,0.0,1,1,0,0
S2,continuous,C,1032,80,19590.903843340544,21560.29963795327,21578.52515952059,21800.321954407766,21862.14413054054,1969.3957946127266,1969.3957946127266,221.79679488717738,2191.192589499904,21560.29963795327,21590.29963795327,21852.14413054054,22042.14413054054,350.0,742.986414238962,0.0,0,0,0,1
S2,continuous,C,1033,1,19614.636459685094,19734.636459685094,19865.38933975397,21940.321954407766,22052.14413054054,120.0,0.0,2074.932614653797,2074.932614653797,19734.636459685094,19764.636459685094,22042.14413054054,22232.14413054054,600.0,2543.1968558062854,0.0,0,0,0,1
S2,continuous,C,1034,17,19645.313146055945,21439.367393738114,21468.672314712214,21468.672314712214,21491.235917361955,1794.0542476821684,1794.0542476821684,0.0,1794.0542476821684,21439.367393738114,21469.367393738114,21481.235917361955,21671.235917361955,300.0,1540.3421998872593,0.0,1,1,0,0
S2,continuous,C,1035,18,19689.367393738114,21469.367393738114,21530.882897199914,22150.321954407766,22242.14413054054,1780.0,1780.0,619.4390572078519,2399.439057207852,21469.367393738114,21499.367393738114,22232.14413054054,22422.14413054054,500.0,1567.3405664824334,0.0,0,0,0,1
S2,continuous,C,1036,78,19721.594187826046,22422.14413054054,22486.01827971312,22486.01827971312,22500.560303098955,2700.549942714493,2700.549942714493,0.0,2700.549942714493,22422.14413054054,22452.14413054054,22490.560303098955,22680.560303098955,300.0,1135.2858669135971,0.0,1,1,0,0
S2,continuous,C,1037,90,19752.14413054054,20122.999942869745,20224.841747847655,22036.01827971312,22110.560303098955,370.85581232920595,370.85581232920595,1811.1765318654652,2182.032344194671,20122.999942869745,20152.999942869745,22100.560303098955,22290.560303098955,600.0,2070.7416187224626,0.0,0,0,0,1
S2,continuous,C,1038,24,19780.29963795327,22452.14413054054,22516.031732173225,22516.031732173225,22568.835831751734,2671.844492587268,2671.844492587268,0.0,2671.844492587268,22452.14413054054,22482.14413054054,22558.835831751734,22748.835831751734,300.0,1327.4930785507627,0.0,2,2,0,0
S2,continuous,C,1039,13,19784.35060185947,22290.560303098955,22324.38052881296,22324.38052881296,22346.9441314627,2506.2097012394843,2506.2097012394843,0.0,2506.2097012394843,22290.560303098955,22320.560303098955,22336.9441314627,22526.9441314627,300.0,1470.7416187224624,0.0,2,2,0,0
S2,continuous,C,1040,56,19804.636459685094,21590.29963795327,21602.10374880748,21689.367393738114,21697.89934852138,1785.6631782681761,1785.6631782681761,87.26364493063375,1872.9268231988099,21590.29963795327,21620.29963795327,21689.367393738114,21879.367393738114,300.0,665.1079266174719,0.0,1,1,0,0
S2,continuous,C,1041,28,19806.616114506,21879.367393738114,21897.036012279706,21897.036012279706,21899.70345937559,2072.751279232114,2072.751279232114,0.0,2072.751279232114,21879.367393738114,21909.367393738114,21897.036012279706,22087.036012279706,300.0,665.1079266174719,0.0,1,1,0,0
S2,continuous,C,1042,51,19822.999942869745,21909.367393738114,21938.672314712214,21938.672314712214,21961.235917361955,2086.367450868369,2086.367450868369,0.0,2086.367450868369,21909.367393738114,21939.367393738114,21951.235917361955,22141.235917361955,300.0,1540.3421998872593,0.0,1,1,0,0
S2,continuous,C,1043,97,19835.313146055945,21009.94938471777,21090.755661423456,22390.321954407766,22492.14413054054,1174.6362386618239,1174.6362386618239,1299.5662929843093,2474.202531646133,21009.94938471777,21039.94938471777,22482.14413054054,22672.14413054054,550.0,1479.4478846801628,0.0,0,0,0,1
S2,continuous,C,1044,76,19867.330597032367,22672.14413054054,22736.949855351846,22736.949855351846,22745.481810135112,2804.8135335081715,2804.8135335081715,0.0,2804.8135335081715,22672.14413054054,22702.14413054054,22736.949855351846,22926.949855351846,300.0,1167.3405664824334,0.0,1,1,0,0
S2,continuous,C,1045,59,19877.89934852138,22351.594187826046,22400.29963795327,22400.29963795327,22402.967085049153,2473.694839304666,2473.694839304666,0.0,2473.694839304666,22351.594187826046,22381.594187826046,22400.29963795327,22590.29963795327,300.0,714.5870469780347,0.0,0,0,0,0
S2,continuous,C,1046,9,19941.594187826046,20557.605317213798,20611.42751246728,21008.32644239837,21049.94938471777,616.0111293877526,616.0111293877526,396.8989299310924,1012.910059318845,20557.605317213798,20587.605317213798,21039.94938471777,21229.94938471777,400.0,1171.5055650948814,0.0,0,0,0,1
S2,continuous,C,1047,55,19942.14413054054,21939.367393738114,21958.008256317036,21958.008256317036,22010.812355895545,1997.2232631975749,1997.2232631975749,0.0,1997.2232631975749,21939.367393738114,21969.367393738114,22000.812355895545,22190.812355895545,300.0,980.607458185995,0.0,1,1,0,0
S2,continuous,C,1048,67,19970.29963795327,22702.14413054054,22762.068681744535,22762.068681744535,22784.632284394276,2731.844492587268,2731.844492587268,0.0,2731.844492587268,22702.14413054054,22732.14413054054,22774.632284394276,22964.632284394276,300.0,912.0872319940779,0.0,0,0,0,0
S2,continuous,C,1049,35,19994.636459685094,21229.94938471777,21320.755661423456,22630.321954407766,22742.14413054054,1235.3129250326747,1235.3129250326747,1309.5662929843093,2544.879218016984,21229.94938471777,21259.94938471777,22732.14413054054,22922.14413054054,600.0,1579.4478846801628,0.0,0,0,0,1
S2,continuous,C,1050,84,19996.616114506,21259.94938471777,21305.067275680554,21661.49796055489,21720.67805832974,1263.3332702117696,1263.3332702117696,356.4306848743363,1619.7639550861059,21259.94938471777,21289.94938471777,21710.67805832974,21900.67805832974,350.0,1353.6784433637897,0.0,0,0,0,1
S2,continuous,C,1051,73,19999.67200954474,20264.636459685094,20350.181383674735,21607.63219085739,21630.29963795327,264.9644501403527,264.9644501403527,1257.450807182653,1522.4152573230058,20264.636459685094,20294.636459685094,21620.29963795327,21810.29963795327,400.0,1326.7460274474124,0.0,0,0,0,1
S2,continuous,C,1052,23,20004.35060185947,20856.99256417423,20951.386194475264,21218.32644239837,21299.94938471777,852.6419623147594,732.6419623147594,266.94024792310665,999.5822102378661,20856.99256417423,20886.99256417423,21289.94938471777,21479.94938471777,600.0,1357.2257772487103,0.0,0,0,0,1
S2,continuous,C,1053,49,20032.83014542998,22320.560303098955,22348.50133979118,22590.29963795327,22592.967085049153,2287.730157668975,2287.730157668975,241.79829816209167,2529.528455831067,22320.560303098955,22350.560303098955,22590.29963795327,22780.29963795327,300.0,979.3149061678332,0.0,1,1,0,0
S2,continuous,C,1054,81,20057.330597032367,20294.636459685094,20380.128218667516,21448.32644239837,21489.94938471777,237.30586265272723,237.30586265272723,1068.1982237308548,1305.504086383582,20294.636459685094,20324.636459685094,21479.94938471777,21669.94938471777,400.0,1417.9791697505295,0.0,0,0,0,1
S2,continuous,C,1055,52,20099.367393738114,20267.330597032367,20391.57902451125,22616.01827971312,22690.560303098955,167.96320329425362,167.96320329425362,2224.439255201869,2392.4024584961226,20267.330597032367,20297.330597032367,22680.560303098955,22870.560303098955,600.0,1923.1659194057056,0.0,0,0,0,1
S2,continuous,C,1056,4,20106.99256417423,22350.560303098955,22380.170656188824,22380.170656188824,22429.350753963674,2243.567738924725,2243.567738924725,0.0,2243.567738924725,22350.560303098955,22380.560303098955,22419.350753963674,22609.350753963674,300.0,1323.1659194057054,0.0,1,1,0,0
S2,continuous,C,1057,27,20131.594187826046,22381.594187826046,22438.509326746465,22568.509326746465,22604.285771131068,2250.0,2250.0,130.0,2380.0,22381.594187826046,22411.594187826046,22594.285771131068,22784.285771131068,300.0,1427.444619634661,0.0,1,1,0,0
S2,continuous,C,1058,75,20162.14413054054,21669.94938471777,21704.25998644108,21742.735857488035,21795.539957066543,1507.8052541772304,1507.8052541772304,38.475871046954126,1546.2811252241845,21669.94938471777,21699.94938471777,21785.539957066543,21975.539957066543,300.0,1217.9791697505295,0.0,1,1,0,0
S2,continuous,C,1059,92,20186.616114506,20186.616114506,20297.073857621515,21628.32644239837,21709.94938471777,0.0,0.0,1331.2525847768557,1331.2525847768557,20186.616114506,20216.616114506,21699.94938471777,21889.94938471777,600.0,1353.9586979199278,0.0,0,0,0,1
S2,continuous,C,1060,99,20187.605317213798,20297.330597032367,20363.248707383835,20363.248707383835,20407.324473135912,109.7252798185691,109.7252798185691,0.0,109.7252798185691,20297.330597032367,20327.330597032367,20397.324473135912,20587.324473135912,300.0,1582.1468227425091,0.0,3,3,0,0
S2,continuous,C,1061,95,20190.29963795327,20370.29963795327,20481.708299145055,22320.311265712808,22421.594187826046,180.0,0.0,1838.6029665677524,1838.6029665677524,20370.29963795327,20400.29963795327,22411.594187826046,22601.594187826046,600.0,2027.444619634661,0.0,0,0,0,1
S2,continuous,C,1062,66,20194.35060185947,20587.605317213798,20654.85197313077,21258.70831882841,21327.88841660326,393.25471535432735,393.25471535432735,603.8563456976372,997.1110610519645,20587.605317213798,20617.605317213798,21317.88841660326,21507.88841660326,400.0,2204.255386605015,0.0,0,0,0,1
S2,continuous,C,1063,0,20296.99256417423,22380.560303098955,22399.364515507725,22478.656968416748,22505.313146055945,2083.567738924725,2083.567738924725,79.29245290902327,2162.860191833748,22380.560303098955,22410.560303098955,22495.313146055945,22685.313146055945,300.0,490.13693998740246,0.0,0,0,0,0
S2,continuous,C,1064,38,20319.367393738114,20319.367393738114,20432.344490254545,21920.835438954848,21979.367393738114,0.0,0.0,1488.4909487003024,1488.4909487003024,20319.367393738114,20349.367393738114,21969.367393738114,22159.367393738114,550.0,2534.918804627834,0.0,0,0,0,1
S2,continuous,C,1065,46,20350.812355895545,20720.812355895545,20793.24478428205,20793.24478428205,20815.808386931792,370.0,370.0,0.0,370.0,20720.812355895545,20750.812355895545,20805.808386931792,20995.808386931792,300.0,1685.3937650077012,0.0,1,1,0,0
S2,continuous,C,1066,68,20377.605317213798,22601.594187826046,22658.656968416748,22668.656968416748,22695.313146055945,2223.9888706122474,2223.9888706122474,10.0,2233.9888706122474,22601.594187826046,22631.594187826046,22685.313146055945,22875.313146055945,300.0,1391.6860639264555,0.0,0,0,0,0
S2,continuous,C,1067,14,20381.594187826046,22631.594187826046,22680.11788022944,22952.068681744535,22974.632284394276,2250.0,2250.0,271.9508015150932,2521.950801515093,22631.594187826046,22661.594187826046,22964.632284394276,23154.632284394276,300.0,801.9506431586985,0.0,0,0,0,0
S2,continuous,C,1068,89,20389.94938471777,20750.812355895545,20823.72536326971,22150.835438954848,22169.367393738114,360.86297117777576,360.86297117777576,1327.1100756851374,1687.9730468629132,20750.812355895545,20780.812355895545,22159.367393738114,22349.367393738114,350.0,1080.607458185995,0.0,0,0,0,1
S2,continuous,C,1069,62,20406.616114506,20406.616114506,20513.47271575711,22068.32644239837,22149.94938471777,0.0,0.0,1554.8537266412604,1554.8537266412604,20406.616114506,20436.616114506,22139.94938471777,22329.94938471777,600.0,1625.6740579539971,0.0,0,0,0,1
S2,continuous,C,1070,99,20407.324473135912,20436.616114506,20515.558339257906,22128.008256317036,22200.812355895545,29.291641370087746,29.291641370087746,1612.4499170591298,1641.7415584292175,20436.616114506,20466.616114506,22190.812355895545,22380.812355895545,400.0,2187.288077635793,0.0,0,0,0,1
S2,continuous,C,1071,88,20442.14413054054,22661.594187826046,22710.29963795327,22780.29963795327,22782.967085049153,2219.450057285507,2219.450057285507,70.0,2289.450057285507,22661.594187826046,22691.594187826046,22780.29963795327,22970.29963795327,300.0,714.5870469780347,0.0,0,0,0,0
S2,continuous,C,1072,96,20445.40656537072,22691.594187826046,22748.32644239837,22748.32644239837,22769.94938471777,2246.187622455327,2246.187622455327,0.0,2246.187622455327,22691.594187826046,22721.594187826046,22759.94938471777,22949.94938471777,300.0,1344.4848194357353,0.0,1,1,0,0
S2,continuous,C,1073,50,20486.99256417423,22721.594187826046,22770.321954407766,22880.321954407766,22932.14413054054,2234.6016236518153,2234.6016236518153,110.0,2344.6016236518153,22721.594187826046,22751.594187826046,22922.14413054054,23112.14413054054,300.0,961.8484557954962,0.0,0,0,0,0
S2,continuous,C,1074,74,20500.29963795327,21889.94938471777,21922.652483903676,22073.44152754364,22109.217971928243,1389.6497467644986,1389.6497467644986,150.7890436399648,1540.4387904044634,21889.94938471777,21919.94938471777,22099.217971928243,22289.217971928243,300.0,1025.6740579539971,0.0,1,1,0,0
S2,continuous,C,1075,20,20507.89934852138,22410.560303098955,22439.364515507725,22848.656968416748,22885.313146055945,1902.6609545775755,1902.6609545775755,409.29245290902327,2311.9534074865987,22410.560303098955,22440.560303098955,22875.313146055945,23065.313146055945,350.0,590.1369399874025,0.0,0,0,0,1
S2,continuous,C,1076,8,20540.812355895545,21629.217971928243,21694.447936500666,22084.368565183824,22097.036012279706,1088.4056160326982,788.4056160326982,389.9206286831577,1178.3262447158559,21629.217971928243,21659.217971928243,22087.036012279706,22277.036012279706,350.0,1589.1208032571615,0.0,0,0,0,1
S2,continuous,C,1077,15,20571.594187826046,22751.594187826046,22810.11788022944,23132.068681744535,23164.632284394276,2180.0,2180.0,321.9508015150932,2501.950801515093,22751.594187826046,22781.594187826046,23154.632284394276,23344.632284394276,350.0,901.9506431586985,0.0,0,0,0,1
S2,continuous,C,1078,65,20579.94938471777,23112.14413054054,23185.539088967336,23185.539088967336,23234.719186742186,2532.1947458227696,2532.1947458227696,0.0,2532.1947458227696,23112.14413054054,23142.14413054054,23224.719186742186,23414.719186742186,300.0,1943.1968558062856,0.0,2,2,0,0
S2,continuous,C,1079,53,20596.616114506,20617.605317213798,20698.271294934762,23050.321954407766,23152.14413054054,20.98920270779854,20.98920270779854,2352.050659473003,2373.0398621808017,20617.605317213798,20647.605317213798,23142.14413054054,23332.14413054054,550.0,1412.087231994078,0.0,0,0,0,1
