scenario_id,sweep,model,vertiport_id,flight_id,aircraft_id,operation,start_s,end_s,duration_s,pad_delay_s
S1,continuous,A,2,0,59,takeoff,0.0,30.0,30.0,0.0
S1,continuous,A,4,0,59,landing,77.59263749473178,267.5926374947318,190.0,0.0
S1,continuous,A,1,1,28,takeoff,10.0,40.0,30.0,0.0
S1,continuous,A,2,1,28,landing,76.62877961763759,266.6287796176376,190.0,0.0
S1,continuous,A,4,2,51,takeoff,20.0,50.0,30.0,0.0
S1,continuous,A,3,2,51,landing,103.34477557660557,293.34477557660557,190.0,0.0
S1,continuous,A,3,3,31,takeoff,30.0,60.0,30.0,0.0
S1,continuous,A,1,3,31,landing,92.38876679277824,282.38876679277826,190.0,0.0
S1,continuous,A,7,4,37,takeoff,40.0,70.0,30.0,0.0
S1,continuous,A,0,4,37,landing,95.19619056069969,285.1961905606997,190.0,0.0
S1,continuous,A,3,5,26,takeoff,60.0,90.0,30.0,10.0
S1,continuous,A,0,5,26,landing,285.1961905606997,475.1961905606997,190.0,125.55426335059471
S1,continuous,A,6,6,43,takeoff,60.0,90.0,30.0,0.0
S1,continuous,A,7,6,43,landing,74.514773916254,264.514773916254,190.0,0.0
S1,continuous,A,2,7,29,takeoff,266.6287796176376,296.6287796176376,30.0,196.62877961763758
S1,continuous,A,1,7,29,landing,333.25755923527515,523.2575592352752,190.0,0.0
S1,continuous,A,1,8,56,takeoff,282.38876679277826,312.38876679277826,30.0,202.38876679277826
S1,continuous,A,4,8,56,landing,366.66833905537027,556.6683390553703,190.00000000000006,0.0
S1,continuous,A,1,9,5,takeoff,523.2575592352752,553.2575592352752,30.0,433.25755923527515
S1,continuous,A,5,9,5,landing,571.5442485872443,761.5442485872443,190.0,0.0
S1,continuous,A,4,10,20,takeoff,267.5926374947318,297.5926374947318,30.0,167.59263749473178
S1,continuous,A,5,10,20,landing,332.0242584720235,522.0242584720236,190.00000000000006,0.0
S1,continuous,A,7,11,40,takeoff,264.514773916254,294.514773916254,30.0,154.514773916254
S1,continuous,A,6,11,40,landing,274.76565390476674,464.76565390476674,190.0,0.0
S1,continuous,A,7,12,18,takeoff,294.514773916254,324.514773916254,30.0,174.514773916254
S1,continuous,A,6,12,18,landing,464.76565390476674,654.7656539047667,190.0,160.0
S1,continuous,A,2,13,13,takeoff,296.6287796176376,326.6287796176376,30.0,166.62877961763758
S1,continuous,A,6,13,13,landing,654.7656539047667,844.7656539047667,190.0,325.3446495872319
S1,continuous,A,5,14,23,takeoff,140.0,170.0,30.0,0.0
S1,continuous,A,7,14,23,landing,324.514773916254,514.514773916254,189.99999999999994,152.71225955085288
S1,continuous,A,2,15,64,takeoff,326.6287796176376,356.6287796176376,30.0,176.62877961763758
S1,continuous,A,4,15,64,landing,556.6683390553703,746.6683390553703,190.0,152.44692194300092
S1,continuous,A,7,16,34,takeoff,514.514773916254,544.514773916254,30.0,354.51477391625394
S1,continuous,A,6,16,34,landing,844.7656539047667,1034.7656539047666,189.9999999999999,320.0000000000001
S1,continuous,A,7,17,31,takeoff,544.514773916254,574.514773916254,30.0,374.51477391625394
S1,continuous,A,6,17,31,landing,1034.7656539047666,1224.7656539047666,190.0,480.0
S1,continuous,A,6,18,10,takeoff,180.0,210.0,30.0,0.0
S1,continuous,A,3,18,10,landing,293.34477557660557,483.34477557660557,190.0,66.86869644525251
S1,continuous,A,1,19,51,takeoff,553.2575592352752,583.2575592352752,30.0,363.25755923527515
S1,continuous,A,0,19,51,landing,649.5695401472584,839.5695401472584,190.0,0.0
S1,continuous,A,1,20,24,takeoff,583.2575592352752,613.2575592352752,30.0,383.25755923527515
S1,continuous,A,0,20,24,landing,839.5695401472584,1029.5695401472585,190.0000000000001,160.0
S1,continuous,A,1,21,45,takeoff,613.2575592352752,643.2575592352752,30.0,403.25755923527515
S1,continuous,A,5,21,45,landing,761.5442485872443,951.5442485872443,190.0,100.0
S1,continuous,A,5,22,71,takeoff,220.0,250.0,30.0,0.0
S1,continuous,A,3,22,71,landing,483.34477557660557,673.3447755766056,190.0,221.39196593748966
S1,continuous,A,2,23,60,takeoff,356.6287796176376,386.6287796176376,30.0,126.62877961763758
S1,continuous,A,4,23,60,landing,746.6683390553703,936.6683390553703,190.0,312.4469219430009
S1,continuous,A,3,24,7,takeoff,673.3447755766056,703.3447755766056,30.0,433.34477557660557
S1,continuous,A,0,24,7,landing,1029.5695401472585,1219.5695401472585,190.0,256.58283736054796
S1,continuous,A,4,25,2,takeoff,297.5926374947318,327.5926374947318,30.0,47.592637494731775
S1,continuous,A,1,25,2,landing,643.2575592352752,833.2575592352752,190.0,261.38534947795137
S1,continuous,A,0,26,38,takeoff,475.1961905606997,505.1961905606997,30.0,215.19619056069968
S1,continuous,A,7,26,38,landing,574.514773916254,764.514773916254,190.0,35.075515406279806
S1,continuous,A,4,27,1,takeoff,327.5926374947318,357.5926374947318,30.0,57.592637494731775
S1,continuous,A,5,27,1,landing,951.5442485872443,1141.5442485872443,190.0,559.5199901152207
S1,continuous,A,4,28,66,takeoff,936.6683390553703,966.6683390553703,30.0,656.6683390553703
S1,continuous,A,5,28,66,landing,1141.5442485872443,1331.5442485872443,190.0,140.44428855458216
S1,continuous,A,1,29,17,takeoff,833.2575592352752,863.2575592352752,30.0,543.2575592352752
S1,continuous,A,6,29,17,landing,1224.7656539047666,1414.7656539047666,190.0,342.71413972863854
S1,continuous,A,4,30,68,takeoff,966.6683390553703,996.6683390553703,30.0,666.6683390553703
S1,continuous,A,6,30,68,landing,1414.7656539047666,1604.7656539047666,190.0,385.184269873075
S1,continuous,A,5,31,40,takeoff,522.0242584720236,552.0242584720236,30.0,212.02425847202358
S1,continuous,A,0,31,40,landing,1219.5695401472585,1409.5695401472585,190.0,615.5326433029356
S1,continuous,A,5,32,9,takeoff,1331.5442485872443,1361.5442485872443,30.0,1011.5442485872443
S1,continuous,A,3,32,9,landing,1373.4970582263602,1563.4970582263602,190.0,0.0
S1,continuous,A,4,33,30,takeoff,996.6683390553703,1026.6683390553703,30.0,666.6683390553703
S1,continuous,A,0,33,30,landing,1409.5695401472585,1599.5695401472585,190.0,300.972173378814
S1,continuous,A,1,34,8,takeoff,863.2575592352752,893.2575592352752,30.0,523.2575592352752
S1,continuous,A,2,34,8,landing,929.8863388529127,1119.8863388529126,189.9999999999999,0.0
S1,continuous,A,7,35,23,takeoff,764.514773916254,794.514773916254,30.0,414.51477391625394
S1,continuous,A,3,35,23,landing,802.9832965046274,992.9832965046274,190.0,0.0
S1,continuous,A,4,36,63,takeoff,1026.6683390553703,1056.6683390553703,30.0,666.6683390553703
S1,continuous,A,0,36,63,landing,1599.5695401472585,1789.5695401472585,190.0,460.972173378814
S1,continuous,A,4,37,35,takeoff,1056.6683390553703,1086.6683390553703,30.0,686.6683390553703
S1,continuous,A,6,37,35,landing,1604.7656539047666,1794.7656539047666,190.0,485.184269873075
S1,continuous,A,3,38,12,takeoff,703.3447755766056,733.3447755766056,30.0,323.34477557660557
S1,continuous,A,4,38,12,landing,1086.6683390553703,1276.6683390553703,190.0,299.9787879021592
S1,continuous,A,1,39,10,takeoff,893.2575592352752,923.2575592352752,30.0,503.25755923527515
S1,continuous,A,0,39,10,landing,1789.5695401472585,1979.5695401472585,190.0,800.0000000000001
S1,continuous,A,3,40,4,takeoff,733.3447755766056,763.3447755766056,30.0,333.34477557660557
S1,continuous,A,6,40,4,landing,1794.7656539047666,1984.7656539047666,190.0,1010.1618157359745
S1,continuous,A,0,41,53,takeoff,505.1961905606997,535.1961905606997,30.000000000000057,95.19619056069968
S1,continuous,A,1,41,53,landing,923.2575592352752,1113.257559235275,189.9999999999999,321.74938776259216
S1,continuous,A,3,42,27,takeoff,763.3447755766056,793.3447755766056,30.0,343.34477557660557
S1,continuous,A,1,42,27,landing,1113.257559235275,1303.257559235275,190.0,287.5240168658912
S1,continuous,A,7,43,32,takeoff,794.514773916254,824.514773916254,30.0,364.51477391625394
S1,continuous,A,1,43,32,landing,1303.257559235275,1493.257559235275,190.0,474.51053373932825
S1,continuous,A,2,44,65,takeoff,440.0,470.0,30.0,0.0
S1,continuous,A,6,44,65,landing,1984.7656539047666,2174.7656539047666,190.0,1511.9734292048693
S1,continuous,A,6,45,6,takeoff,2174.7656539047666,2204.7656539047666,30.0,1724.7656539047666
S1,continuous,A,1,45,6,landing,2218.7766253847863,2408.7766253847863,190.0,0.0
S1,continuous,A,1,46,72,takeoff,1493.257559235275,1523.257559235275,30.0,1033.257559235275
S1,continuous,A,6,46,72,landing,2204.7656539047666,2394.7656539047666,190.0,662.7141397286387
S1,continuous,A,3,47,16,takeoff,992.9832965046274,1022.9832965046274,30.0,522.9832965046274
S1,continuous,A,2,47,16,landing,1119.8863388529126,1309.8863388529126,190.0,60.112730417746434
S1,continuous,A,7,48,3,takeoff,824.514773916254,854.514773916254,30.0,344.51477391625394
S1,continuous,A,1,48,3,landing,1523.257559235275,1713.257559235275,190.0,664.5105337393283
S1,continuous,A,3,49,21,takeoff,1022.9832965046274,1052.9832965046276,30.000000000000114,532.9832965046274
S1,continuous,A,0,49,21,landing,1979.5695401472585,2169.5695401472585,190.0,856.944316432526
S1,continuous,A,0,50,55,takeoff,535.1961905606997,565.1961905606997,30.0,35.19619056069973
S1,continuous,A,2,50,55,landing,616.0986461647628,806.0986461647628,190.0,0.0
S1,continuous,A,6,51,57,takeoff,2394.7656539047666,2424.7656539047666,30.0,1884.7656539047666
S1,continuous,A,2,51,57,landing,2422.7748951438307,2612.7748951438307,190.0,0.0
S1,continuous,A,4,52,47,takeoff,1276.6683390553703,1306.6683390553703,30.0,756.6683390553703
S1,continuous,A,5,52,47,landing,1361.5442485872443,1551.5442485872443,190.0,20.444288554582272
S1,continuous,A,1,53,71,takeoff,1713.257559235275,1743.257559235275,30.0,1183.257559235275
S1,continuous,A,7,53,71,landing,1756.5366882035428,1946.5366882035428,190.0,0.0
S1,continuous,A,6,54,15,takeoff,2424.7656539047666,2454.7656539047666,30.0,1884.7656539047666
S1,continuous,A,3,54,15,landing,2471.24173303612,2661.24173303612,190.0,0.0
S1,continuous,A,2,55,44,takeoff,550.0,580.0,30.0,0.0
S1,continuous,A,5,55,44,landing,1551.5442485872443,1741.5442485872443,190.0,954.0399107821111
S1,continuous,A,1,56,39,takeoff,1743.257559235275,1773.257559235275,30.0,1183.257559235275
S1,continuous,A,6,56,39,landing,2454.7656539047666,2644.7656539047666,190.0,662.7141397286387
S1,continuous,A,1,57,25,takeoff,1773.257559235275,1803.257559235275,30.0,1203.257559235275
S1,continuous,A,6,57,25,landing,2644.7656539047666,2834.7656539047666,190.0,822.7141397286387
S1,continuous,A,5,58,62,takeoff,1741.5442485872443,1771.5442485872443,30.0,1161.5442485872443
S1,continuous,A,2,58,62,landing,1789.0485863923775,1979.0485863923775,190.0,0.0
S1,continuous,A,5,59,18,takeoff,1771.5442485872443,1801.5442485872443,30.0,1181.5442485872443
S1,continuous,A,6,59,18,landing,2834.7656539047666,3024.7656539047666,190.0,1030.0864827712717
S1,continuous,A,6,60,56,takeoff,3024.7656539047666,3054.7656539047666,30.0,2424.7656539047666
S1,continuous,A,0,60,56,landing,3079.1465440253855,3269.1465440253855,190.0,0.0
S1,continuous,A,3,61,54,takeoff,1052.9832965046276,1082.9832965046276,30.0,442.98329650462756
S1,continuous,A,0,61,54,landing,2169.5695401472585,2359.5695401472585,190.0,1016.944316432526
S1,continuous,A,4,62,22,takeoff,1306.6683390553703,1336.6683390553703,30.0,686.6683390553703
S1,continuous,A,3,62,22,landing,1563.4970582263602,1753.4970582263602,190.0,173.4839435943843
S1,continuous,A,4,63,42,takeoff,1336.6683390553703,1366.6683390553703,30.0,706.6683390553703
S1,continuous,A,7,63,42,landing,1400.3774070181178,1590.3774070181178,190.0,0.0
S1,continuous,A,6,64,38,takeoff,3054.7656539047666,3084.7656539047666,30.0,2414.7656539047666
S1,continuous,A,1,64,38,landing,3098.7766253847863,3288.7766253847863,190.0,0.0
S1,continuous,A,3,65,50,takeoff,1082.9832965046276,1112.9832965046276,30.0,432.98329650462756
S1,continuous,A,2,65,50,landing,1309.8863388529126,1499.8863388529126,190.0,160.11273041774643
S1,continuous,A,6,66,19,takeoff,3084.7656539047666,3114.7656539047666,30.0,2424.7656539047666
S1,continuous,A,7,66,19,landing,3099.2804278210206,3289.2804278210206,190.0,0.0
S1,continuous,A,2,67,5,takeoff,806.0986461647628,836.0986461647628,30.0,136.09864616476284
S1,continuous,A,1,67,5,landing,1803.257559235275,1993.257559235275,190.0,930.5301334528747
S1,continuous,A,2,68,14,takeoff,836.0986461647628,866.0986461647628,30.0,156.09864616476284
S1,continuous,A,3,68,14,landing,1112.9832965046276,1302.9832965046276,190.0,210.09433840932616
S1,continuous,A,4,69,69,takeoff,1366.6683390553703,1396.6683390553703,30.0,676.6683390553703
S1,continuous,A,6,69,69,landing,3114.7656539047666,3304.7656539047666,190.0,1685.184269873075
S1,continuous,A,2,70,59,takeoff,866.0986461647628,896.0986461647628,30.0,166.09864616476284
S1,continuous,A,5,70,59,landing,1801.5442485872443,1991.5442485872443,190.0,887.9412646173482
S1,continuous,A,5,71,20,takeoff,1991.5442485872443,2021.5442485872443,30.0,1281.5442485872443
S1,continuous,A,2,71,20,landing,2039.0485863923775,2229.0485863923777,190.00000000000023,0.0
S1,continuous,A,5,72,73,takeoff,2021.5442485872443,2051.5442485872445,30.000000000000227,1301.5442485872443
S1,continuous,A,6,72,73,landing,3304.7656539047666,3494.7656539047666,190.0,1250.0864827712717
S1,continuous,A,5,73,67,takeoff,2051.5442485872445,2081.5442485872445,30.0,1321.5442485872445
S1,continuous,A,4,73,67,landing,2115.9758695645364,2305.9758695645364,190.0,0.0
S1,continuous,A,7,74,61,takeoff,854.514773916254,884.514773916254,30.0,114.51477391625394
S1,continuous,A,0,74,61,landing,2359.5695401472585,2549.5695401472585,190.0,1449.858575670305
S1,continuous,A,3,75,52,takeoff,1302.9832965046276,1332.9832965046276,30.0,552.9832965046276
S1,continuous,A,0,75,52,landing,2549.5695401472585,2739.5695401472585,190.0,1146.944316432526
S1,continuous,A,0,76,64,takeoff,2739.5695401472585,2769.5695401472585,30.0,1979.5695401472585
S1,continuous,A,2,76,64,landing,2820.4719957513216,3010.4719957513216,190.0,0.0
S1,continuous,A,6,77,29,takeoff,3494.7656539047666,3524.7656539047666,30.0,2724.7656539047666
S1,continuous,A,4,77,29,landing,3552.8957154202544,3742.8957154202544,190.0,0.0
S1,continuous,A,1,78,45,takeoff,1993.257559235275,2023.257559235275,30.0,1213.257559235275
S1,continuous,A,4,78,45,landing,2305.9758695645364,2495.9758695645364,190.0,228.43873806666943
S1,continuous,A,5,79,11,takeoff,2081.5442485872445,2111.5442485872445,30.0,1291.5442485872445
S1,continuous,A,2,79,11,landing,2229.0485863923777,2419.0485863923777,190.0,99.99999999999955
S1,continuous,A,0,80,60,takeoff,2769.5695401472585,2799.5695401472585,30.0,1969.5695401472585
S1,continuous,A,7,80,60,landing,2833.8126080965326,3023.8126080965326,190.0,0.0
S1,continuous,A,4,81,41,takeoff,1396.6683390553703,1426.6683390553703,30.0,586.6683390553703
S1,continuous,A,3,81,41,landing,1753.4970582263602,1943.4970582263602,190.0,273.4839435943843
S1,continuous,A,7,82,55,takeoff,884.514773916254,914.514773916254,30.0,64.51477391625394
S1,continuous,A,5,82,55,landing,2111.5442485872445,2301.5442485872445,190.0,1204.2738376941643
S1,continuous,A,6,83,2,takeoff,3524.7656539047666,3554.7656539047666,30.0,2694.7656539047666
S1,continuous,A,2,83,2,landing,3552.7748951438307,3742.7748951438307,190.0,0.0
S1,continuous,A,0,84,43,takeoff,2799.5695401472585,2829.5695401472585,30.0,1959.5695401472585
S1,continuous,A,2,84,43,landing,3010.4719957513216,3200.4719957513216,190.0,130.0
S1,continuous,A,5,85,49,takeoff,2301.5442485872445,2331.5442485872445,30.0,1451.5442485872445
S1,continuous,A,1,85,49,landing,2408.7766253847863,2598.7766253847863,190.0,58.94568744557273
S1,continuous,A,6,86,34,takeoff,3554.7656539047666,3584.7656539047666,30.0,2694.7656539047666
S1,continuous,A,2,86,34,landing,3742.7748951438307,3932.7748951438307,190.0,160.0
S1,continuous,A,0,87,23,takeoff,2829.5695401472585,2859.5695401472585,30.0,1959.5695401472585
S1,continuous,A,3,87,23,landing,2929.2114673573633,3119.2114673573633,190.0,0.0
S1,continuous,A,7,88,0,takeoff,914.514773916254,944.514773916254,30.0,34.514773916253944
S1,continuous,A,6,88,0,landing,3584.7656539047666,3774.7656539047666,190.0,2660.0
S1,continuous,A,5,89,36,takeoff,2331.5442485872445,2361.5442485872445,30.0,1441.5442485872445
S1,continuous,A,3,89,36,landing,2661.24173303612,2851.24173303612,190.0,287.74467480975954
S1,continuous,A,7,90,24,takeoff,944.514773916254,974.514773916254,30.0,44.514773916253944
S1,continuous,A,2,90,24,landing,1499.8863388529126,1689.8863388529126,190.0,523.7783192427878
S1,continuous,A,0,91,26,takeoff,2859.5695401472585,2889.5695401472585,30.0,1949.5695401472585
S1,continuous,A,1,91,26,landing,3288.7766253847863,3478.7766253847863,190.0,332.8951043255447
S1,continuous,A,7,92,70,takeoff,974.514773916254,1004.514773916254,30.0,54.514773916253944
S1,continuous,A,4,92,70,landing,1426.6683390553703,1616.6683390553703,190.0,397.4913745649437
S1,continuous,A,4,93,33,takeoff,1616.6683390553703,1646.6683390553703,30.0,686.6683390553703
S1,continuous,A,1,93,33,landing,2023.257559235275,2213.257559235275,190.0,322.30964791731253
S1,continuous,A,0,94,28,takeoff,2889.5695401472585,2919.5695401472585,30.0,1949.5695401472585
S1,continuous,A,4,94,28,landing,3001.4985678603325,3191.4985678603325,190.0,0.0
S1,continuous,A,3,95,48,takeoff,1332.9832965046276,1362.9832965046276,30.0,382.98329650462756
S1,continuous,A,0,95,48,landing,3269.1465440253855,3459.1465440253855,190.0,1836.521320310653
S1,continuous,A,3,96,46,takeoff,1943.4970582263602,1973.4970582263602,30.0,983.4970582263602
S1,continuous,A,2,96,46,landing,2612.7748951438307,2802.7748951438307,190.0,602.4875249869319
S1,continuous,A,7,97,74,takeoff,1004.514773916254,1034.514773916254,30.0,34.514773916253944
S1,continuous,A,1,97,74,landing,2598.7766253847863,2788.7766253847863,190.0,1560.0295998888394
S1,continuous,A,5,98,37,takeoff,2361.5442485872445,2391.5442485872445,30.0,1381.5442485872445
S1,continuous,A,7,98,37,landing,2393.346762952646,2583.346762952646,190.0,0.0
S1,continuous,A,7,99,8,takeoff,1034.514773916254,1064.514773916254,30.0,44.514773916253944
S1,continuous,A,6,99,8,landing,3774.7656539047666,3964.7656539047666,190.0,2730.0
S1,continuous,A,3,100,1,takeoff,1973.4970582263602,2003.4970582263602,30.0,973.4970582263602
S1,continuous,A,1,100,1,landing,2788.7766253847863,2978.7766253847863,190.0,752.8908003656477
S1,continuous,A,5,101,51,takeoff,2391.5442485872445,2421.5442485872445,30.0,1381.5442485872445
S1,continuous,A,1,101,51,landing,3478.7766253847863,3668.7766253847863,190.0,1038.9456874455727
S1,continuous,A,2,102,13,takeoff,1689.8863388529126,1719.8863388529126,30.0,669.8863388529126
S1,continuous,A,7,102,13,landing,1946.5366882035428,2136.536688203543,190.0,216.01022626818462
S1,continuous,A,3,103,53,takeoff,2003.4970582263602,2033.4970582263602,30.0,973.4970582263602
S1,continuous,A,5,103,53,landing,2421.5442485872445,2611.5442485872445,190.0,376.0943807217684
S1,continuous,A,6,104,7,takeoff,3964.7656539047666,3994.7656539047666,30.0,2924.7656539047666
S1,continuous,A,3,104,7,landing,4011.24173303612,4201.24173303612,190.00000000000045,0.0
S1,continuous,A,4,105,31,takeoff,1646.6683390553703,1676.6683390553703,30.0,596.6683390553703
S1,continuous,A,2,105,31,landing,3200.4719957513216,3390.4719957513216,190.0,1476.2110192012196
S1,continuous,A,2,106,58,takeoff,1719.8863388529126,1749.8863388529126,30.0,659.8863388529126
S1,continuous,A,3,106,58,landing,2033.4970582263602,2223.4970582263604,190.00000000000023,246.82040744290907
S1,continuous,A,0,107,12,takeoff,2919.5695401472585,2949.5695401472585,30.0,1822.9012010918882
S1,continuous,A,5,107,12,landing,3001.582178519558,3191.582178519558,190.0,0.0
S1,continuous,A,4,108,14,takeoff,1676.6683390553703,1706.6683390553703,30.0,553.6850425507428
S1,continuous,A,2,108,14,landing,3932.7748951438307,4122.774895143831,190.0,2178.5139185937287
S1,continuous,A,5,109,27,takeoff,2611.5442485872445,2641.5442485872445,30.0,1488.2866893519692
S1,continuous,A,3,109,27,landing,3119.2114673573633,3309.2114673573633,190.0,465.71440913100287
S1,continuous,A,1,110,16,takeoff,2978.7766253847863,3008.7766253847863,30.0,1848.8902865318737
S1,continuous,A,0,110,16,landing,3459.1465440253855,3649.1465440253855,190.0,384.05793772861625
S1,continuous,A,5,111,66,takeoff,2641.5442485872445,2671.5442485872445,30.0,1490.0000000000002
S1,continuous,A,2,111,66,landing,4122.774895143831,4312.774895143831,190.0,1433.7263087514525
S1,continuous,A,1,112,40,takeoff,3008.7766253847863,3038.7766253847863,30.0,1779.2070852375275
S1,continuous,A,2,112,40,landing,4312.774895143831,4502.774895143831,190.0,1237.369490141407
S1,continuous,A,4,113,17,takeoff,1706.6683390553703,1736.6683390553703,30.0,476.6856686114372
S1,continuous,A,1,113,17,landing,3668.7766253847863,3858.7766253847863,190.0,1877.8287140668237
S1,continuous,A,2,114,32,takeoff,1749.8863388529126,1779.8863388529126,30.0,436.6287796176373
S1,continuous,A,1,114,32,landing,3858.7766253847863,4048.7766253847863,190.0,2042.261506914236
S1,continuous,A,6,115,50,takeoff,3994.7656539047666,4024.7656539047666,30.0,2674.879315051854
S1,continuous,A,5,115,50,landing,4023.117592990184,4213.117592990184,189.99999999999955,0.0
S1,continuous,A,4,116,47,takeoff,1736.6683390553703,1766.6683390553703,30.0,365.12409046812604
S1,continuous,A,2,116,47,landing,4502.774895143831,4692.774895143831,190.0,2688.5139185937287
S1,continuous,A,1,117,9,takeoff,3038.7766253847863,3068.7766253847863,30.0,1655.279567158426
S1,continuous,A,6,117,9,landing,4024.7656539047666,4214.765653904767,190.0,937.1950735791274
S1,continuous,A,4,118,42,takeoff,1766.6683390553703,1796.6683390553703,30.0,365.33780942582734
S1,continuous,A,7,118,42,landing,2136.536688203543,2326.536688203543,190.0,306.159281185425
S1,continuous,A,4,119,30,takeoff,1796.6683390553703,1826.6683390553703,30.0,377.0987989081118
S1,continuous,A,3,119,30,landing,2223.4970582263604,2413.4970582263604,190.0,343.4839435943845
S1,continuous,A,2,120,68,takeoff,1979.0485863923775,2009.0485863923775,30.0,559.0659159484444
S1,continuous,A,1,120,68,landing,4048.7766253847863,4238.776625384786,189.99999999999955,2003.099259374771
S1,continuous,A,1,121,70,takeoff,3068.7766253847863,3098.7766253847863,30.0,1632.1082863294157
S1,continuous,A,6,121,70,landing,4214.765653904767,4404.765653904767,190.0,1097.1950735791274
S1,continuous,A,1,122,24,takeoff,4238.776625384786,4268.776625384786,30.0,2728.8902865318732
S1,continuous,A,0,122,24,landing,4335.088606296769,4525.088606296769,190.0,0.0
S1,continuous,A,5,123,3,takeoff,2671.5442485872445,2701.5442485872445,30.0,1138.2866893519692
S1,continuous,A,2,123,3,landing,4692.774895143831,4882.774895143831,190.0,1973.7263087514525
S1,continuous,A,7,124,44,takeoff,1590.3774070181178,1620.3774070181178,30.0,28.833158430873482
S1,continuous,A,3,124,44,landing,3309.2114673573633,3499.2114673573633,190.0,1680.3655377508721
S1,continuous,A,1,125,22,takeoff,4268.776625384786,4298.776625384786,30.0,2695.2795671584254
S1,continuous,A,4,125,22,landing,4353.056197647378,4543.056197647378,190.0,0.0
S1,continuous,A,0,126,63,takeoff,2949.5695401472585,2979.5695401472585,30.0,1340.0
S1,continuous,A,7,126,63,landing,3289.2804278210206,3479.2804278210206,190.0,275.467819724488
S1,continuous,A,0,127,35,takeoff,2979.5695401472585,3009.5695401472585,30.0,1369.5868697033254
S1,continuous,A,5,127,35,landing,3191.582178519558,3381.582178519558,190.0,130.0
S1,continuous,A,2,128,71,takeoff,2009.0485863923775,2039.0485863923775,30.0,251.5587755774095
S1,continuous,A,5,128,71,landing,2701.5442485872445,2891.5442485872445,190.0,644.9913243897336
S1,continuous,A,2,129,41,takeoff,3390.4719957513216,3420.4719957513216,30.0,1626.9749375249614
S1,continuous,A,6,129,41,landing,4404.765653904767,4594.765653904767,190.0,981.5014334535476
S1,continuous,A,6,130,62,takeoff,4594.765653904767,4624.765653904767,30.0,2795.717067512389
S1,continuous,A,7,130,62,landing,4609.280427821021,4799.280427821021,190.0,0.0
S1,continuous,A,7,131,10,takeoff,2326.536688203543,2356.536688203543,30.0,526.967148056284
S1,continuous,A,0,131,10,landing,3649.1465440253855,3839.1465440253855,190.0,1267.4136652611433
S1,continuous,A,6,132,4,takeoff,4624.765653904767,4654.765653904767,30.0,2824.7829834608337
S1,continuous,A,5,132,4,landing,4653.117592990184,4843.117592990184,190.0,0.0
S1,continuous,A,4,133,59,takeoff,1826.6683390553703,1856.6683390553703,30.0,15.124090468126042
S1,continuous,A,5,133,59,landing,3381.582178519558,3571.582178519558,190.0,1490.482218486896
S1,continuous,A,6,134,5,takeoff,4654.765653904767,4684.765653904767,30.0,2841.5080946694916
S1,continuous,A,4,134,5,landing,4712.895715420254,4902.895715420254,190.0,0.0
S1,continuous,A,2,135,13,takeoff,3420.4719957513216,3450.4719957513216,30.0,1472.9821849363536
S1,continuous,A,7,135,13,landing,3479.2804278210206,3669.2804278210206,190.0,18.168308987253113
S1,continuous,A,6,136,21,takeoff,4684.765653904767,4714.765653904767,30.0,2695.196113757508
S1,continuous,A,0,136,21,landing,4739.146544025385,4929.146544025385,190.0,0.0
S1,continuous,A,5,137,65,takeoff,2891.5442485872445,2921.5442485872445,30.0,901.5615781433114
S1,continuous,A,7,137,65,landing,3669.2804278210206,3859.2804278210206,190.0,745.9336648683748
S1,continuous,A,0,138,33,takeoff,3009.5695401472585,3039.5695401472585,30.0,976.3119809119835
S1,continuous,A,6,138,33,landing,4714.765653904767,4904.765653904767,190.0,1646.032240176056
S1,continuous,A,7,139,58,takeoff,2356.536688203543,2386.536688203543,30.0,313.0396299771826
S1,continuous,A,4,139,58,landing,2495.9758695645364,2685.9758695645364,190.0,84.77699078682099
S1,continuous,A,2,140,20,takeoff,3450.4719957513216,3480.4719957513216,30.0,1401.423409358944
S1,continuous,A,1,140,20,landing,4298.776625384786,4488.776625384786,190.0,781.6758500158267
S1,continuous,A,7,141,55,takeoff,2583.346762952646,2613.346762952646,30.0,461.80251436540084
S1,continuous,A,1,141,55,landing,4488.776625384786,4678.776625384786,190.0,1871.1976108524468
S1,continuous,A,5,142,67,takeoff,2921.5442485872445,2951.5442485872445,30.0,795.5683790227081
S1,continuous,A,0,142,67,landing,3839.1465440253855,4029.1465440253855,190.0,835.5896570658415
S1,continuous,A,7,143,42,takeoff,2613.346762952646,2643.346762952646,30.0,475.8569521376776
S1,continuous,A,2,143,42,landing,4882.774895143831,5072.774895143831,190.0,2237.8348864973136
S1,continuous,A,5,144,54,takeoff,2951.5442485872445,2981.5442485872445,30.0,771.974708439986
S1,continuous,A,7,144,54,landing,3859.2804278210206,4049.2804278210206,190.0,875.9336648683748
S1,continuous,A,1,145,72,takeoff,4678.776625384786,4708.776625384786,30.0,2468.7939549408525
S1,continuous,A,7,145,72,landing,4799.280427821021,4989.280427821021,190.0,77.22467346796748
S1,continuous,A,1,146,6,takeoff,4708.776625384786,4738.776625384786,30.0,2479.9999999999995
S1,continuous,A,6,146,6,landing,4904.765653904767,5094.765653904767,190.0,147.1950735791279
S1,continuous,A,1,147,30,takeoff,4738.776625384786,4768.776625384786,30.0,2505.2795671584254
S1,continuous,A,0,147,30,landing,4929.146544025385,5119.146544025385,190.0,94.0579377286158
S1,continuous,A,6,148,11,takeoff,5094.765653904767,5124.765653904767,30.0,2855.717067512389
S1,continuous,A,5,148,11,landing,5123.117592990184,5313.117592990184,190.0,0.0
S1,continuous,A,5,149,45,takeoff,3571.582178519558,3601.582178519558,30.0,1255.6063089550216
S1,continuous,A,3,149,45,landing,3613.534988158674,3803.534988158674,190.0,0.0
S1,continuous,A,2,150,61,takeoff,3480.4719957513216,3510.4719957513216,30.0,1110.902455604063
S1,continuous,A,4,150,61,landing,3742.8957154202544,3932.8957154202544,190.0,184.83108217420113
S1,continuous,A,7,151,37,takeoff,2643.346762952646,2673.346762952646,30.0,249.04687738857456
S1,continuous,A,2,151,37,landing,5072.774895143831,5262.774895143831,190.0,2397.8348864973136
S1,continuous,A,2,152,49,takeoff,3510.4719957513216,3540.4719957513216,30.0,1091.6953703665354
S1,continuous,A,7,152,49,landing,4049.2804278210206,4239.280427821021,190.0,498.1683089872531
S1,continuous,A,2,153,53,takeoff,5262.774895143831,5292.774895143831,30.0,2831.2306465565857
S1,continuous,A,7,153,53,landing,5303.4150182262765,5493.4150182262765,190.0,0.0
S1,continuous,A,1,154,57,takeoff,4768.776625384786,4798.776625384786,30.0,2336.001730240955
S1,continuous,A,3,154,57,landing,4831.165392177564,5021.165392177564,190.0,0.0
S1,continuous,A,7,155,39,takeoff,2673.346762952646,2703.346762952646,30.0,213.36409250871247
S1,continuous,A,2,155,39,landing,5292.774895143831,5482.774895143831,190.0,2587.8348864973136
S1,continuous,A,7,156,15,takeoff,2703.346762952646,2733.346762952646,30.0,222.10502991652584
S1,continuous,A,6,156,15,landing,5124.765653904767,5314.765653904767,190.0,2411.168010963608
S1,continuous,A,5,157,58,takeoff,3601.582178519558,3631.582178519558,30.0,1095.6063089550216
S1,continuous,A,1,157,58,landing,4798.776625384786,4988.776625384786,190.0,1148.9077575132587
S1,continuous,A,3,158,52,takeoff,2851.24173303612,2881.24173303612,30.0,291.67219288886145
S1,continuous,A,2,158,52,landing,5482.774895143831,5672.774895143831,190.0,2564.742850177172
S1,continuous,A,0,159,74,takeoff,3039.5695401472585,3069.5695401472585,30.0,430.7929147624727
S1,continuous,A,3,159,74,landing,3803.534988158674,3993.534988158674,190.0,664.3235208013107
S1,continuous,A,7,160,46,takeoff,2733.346762952646,2763.346762952646,30.0,110.57186780881511
S1,continuous,A,1,160,46,landing,4988.776625384786,5178.776625384786,190.0,2221.197610852447
S1,continuous,A,1,161,25,takeoff,5178.776625384786,5208.776625384786,30.0,2528.7939549408525
S1,continuous,A,7,161,25,landing,5493.4150182262765,5683.4150182262765,190.0,271.3592638732234
S1,continuous,A,6,162,36,takeoff,5314.765653904767,5344.765653904767,30.0,2643.5239208686467
S1,continuous,A,3,162,36,landing,5361.2417330361195,5551.2417330361195,190.0,0.0
S1,continuous,A,1,163,71,takeoff,5208.776625384786,5238.776625384786,30.0,2497.2323767975413
S1,continuous,A,7,163,71,landing,5683.4150182262765,5873.4150182262765,190.0,431.3592638732234
S1,continuous,A,1,164,1,takeoff,5238.776625384786,5268.776625384786,30.0,2440.0
S1,continuous,A,7,164,1,landing,5873.4150182262765,6063.4150182262765,190.0,591.3592638732234
S1,continuous,A,5,165,64,takeoff,3631.582178519558,3661.582178519558,30.0,801.1101827682364
S1,continuous,A,1,165,64,landing,5268.776625384786,5458.776625384786,190.0,1588.9077575132587
S1,continuous,A,7,166,60,takeoff,3023.8126080965326,3053.8126080965326,30.0,189.04687738857456
S1,continuous,A,0,166,60,landing,4029.1465440253855,4219.146544025385,189.99999999999955,950.1377453681534
S1,continuous,A,5,167,18,takeoff,3661.582178519558,3691.582178519558,30.0,821.5995080756247
S1,continuous,A,0,167,18,landing,4525.088606296769,4715.088606296769,190.0,781.4937894049117
S1,continuous,A,0,168,23,takeoff,4219.146544025385,4249.146544025385,30.0,1279.9350766680218
S1,continuous,A,5,168,23,landing,4301.159182397684,4491.159182397684,190.0,0.0
S1,continuous,A,4,169,28,takeoff,3191.4985678603325,3221.4985678603325,30.0,180.0
S1,continuous,A,2,169,28,landing,5672.774895143831,5862.774895143831,190.0,2403.6836897887665
S1,continuous,A,3,170,12,takeoff,3499.2114673573633,3529.2114673573633,30.0,487.62928883780523
S1,continuous,A,4,170,12,landing,3932.8957154202544,4122.895715420254,190.0,350.339472486286
S1,continuous,A,4,171,43,takeoff,3221.4985678603325,3251.4985678603325,30.0,201.02657210901089
S1,continuous,A,7,171,43,landing,4239.280427821021,4429.280427821021,190.0,954.0727919979408
S1,continuous,A,2,172,56,takeoff,5862.774895143831,5892.774895143831,30.0,2773.628351118445
S1,continuous,A,1,172,56,landing,5929.403674761468,6119.403674761468,190.0,0.0
S1,continuous,A,2,173,19,takeoff,5892.774895143831,5922.774895143831,30.0,2792.5413447113847
S1,continuous,A,4,173,19,landing,5970.367532638563,6160.367532638563,190.0,0.0
S1,continuous,A,2,174,38,takeoff,5922.774895143831,5952.774895143831,30.0,2813.9982697590444
S1,continuous,A,5,174,38,landing,5970.279232948964,6160.279232948964,190.0,0.0
S1,continuous,A,5,175,69,takeoff,3691.582178519558,3721.582178519558,30.0,571.5995080756247
S1,continuous,A,4,175,69,landing,4122.895715420254,4312.895715420254,190.0,366.88191592340445
S1,continuous,A,0,176,27,takeoff,4249.146544025385,4279.146544025385,30.0,1119.9350766680218
S1,continuous,A,1,176,27,landing,5458.776625384786,5648.776625384786,190.0,1113.3181004474172
S1,continuous,A,2,177,35,takeoff,5952.774895143831,5982.774895143831,30.0,2751.1927166242726
S1,continuous,A,4,177,35,landing,6160.367532638563,6350.367532638563,190.0,130.0
S1,continuous,A,3,178,31,takeoff,3529.2114673573633,3559.2114673573633,30.0,318.73947160604166
S1,continuous,A,5,178,31,landing,3721.582178519558,3911.582178519558,190.0,150.41790152307885
S1,continuous,A,4,179,48,takeoff,3279.146544025385,3309.146544025385,30.0,0.0
S1,continuous,A,1,179,48,landing,5648.776625384786,5838.776625384786,190.0,2285.350509096809
S1,continuous,A,4,180,63,takeoff,3309.146544025385,3339.146544025385,30.0,18.912993592939074
S1,continuous,A,0,180,63,landing,5119.146544025385,5309.146544025385,190.0,1698.070972286926
S1,continuous,A,7,181,26,takeoff,4429.280427821021,4459.280427821021,30.0,1130.5038024362343
S1,continuous,A,0,181,26,landing,5309.146544025385,5499.146544025385,190.0,824.669925643665
S1,continuous,A,4,182,73,takeoff,3339.146544025385,3369.146544025385,30.0,29.163873581451753
S1,continuous,A,1,182,73,landing,6119.403674761468,6309.403674761468,190.0,2695.9775584734916
S1,continuous,A,5,183,44,takeoff,3911.582178519558,3941.582178519558,30.0,592.3707111621948
S1,continuous,A,4,183,44,landing,4902.895715420254,5092.895715420254,190.0,926.8819159234044
S1,continuous,A,7,184,59,takeoff,4459.280427821021,4489.280427821021,30.0,1067.6982493014625
S1,continuous,A,5,184,59,landing,4843.117592990184,5033.117592990184,190.0,361.0815281923369
S1,continuous,A,5,185,16,takeoff,3941.582178519558,3971.582178519558,30.0,472.4356344941725
S1,continuous,A,2,185,16,landing,5982.774895143831,6172.774895143831,190.0,1993.688378819139
S1,continuous,A,1,186,13,takeoff,5838.776625384786,5868.776625384786,30.0,2358.54307495234
S1,continuous,A,0,186,13,landing,5935.088606296769,6125.088606296769,190.0,0.0
S1,continuous,A,5,187,51,takeoff,3971.582178519558,4001.582178519558,30.0,482.8055531347718
S1,continuous,A,2,187,51,landing,6172.774895143831,6362.774895143831,190.0,2153.688378819139
S1,continuous,A,7,188,2,takeoff,4489.280427821021,4519.280427821021,30.0,926.5055326771899
S1,continuous,A,3,188,2,landing,4527.748950409394,4717.748950409394,190.0,0.0
S1,continuous,A,2,189,29,takeoff,6362.774895143831,6392.774895143831,30.0,2799.8791797235763
S1,continuous,A,1,189,29,landing,6429.403674761468,6619.403674761468,190.0,0.0
S1,continuous,A,0,190,0,takeoff,4279.146544025385,4309.146544025385,30.0,689.1638735814518
S1,continuous,A,4,190,0,landing,5092.895715420254,5282.895715420254,190.0,701.8201436817953
S1,continuous,A,6,191,45,takeoff,5344.765653904767,5374.765653904767,30.0,1721.2306657460927
S1,continuous,A,3,191,45,landing,5551.2417330361195,5741.2417330361195,190.0,160.0
S1,continuous,A,6,192,10,takeoff,5374.765653904767,5404.765653904767,30.0,1715.619109879381
S1,continuous,A,7,192,10,landing,6063.4150182262765,6253.4150182262765,190.0,674.134590405256
S1,continuous,A,3,193,65,takeoff,4201.24173303612,4231.24173303612,30.0,531.0081826036744
S1,continuous,A,4,193,65,landing,5282.895715420254,5472.895715420254,190.0,998.3092068075284
S1,continuous,A,0,194,17,takeoff,5499.146544025385,5529.146544025385,30.0,1820.3699186405993
S1,continuous,A,6,194,17,landing,5558.310417606837,5748.310417606837,190.0,0.0
S1,continuous,A,0,195,31,takeoff,5529.146544025385,5559.146544025385,30.0,1797.564365505827
S1,continuous,A,1,195,31,landing,6619.403674761468,6809.403674761468,190.0,993.9451498240996
S1,continuous,A,5,196,34,takeoff,4213.117592990184,4243.117592990184,30.0,460.3426978463531
S1,continuous,A,2,196,34,landing,6392.774895143831,6582.774895143831,190.0,2132.1529643485137
S1,continuous,A,2,197,61,takeoff,6582.774895143831,6612.774895143831,30.0,2829.8791797235763
S1,continuous,A,4,197,61,landing,6660.367532638563,6850.367532638563,190.0,0.0
S1,continuous,A,5,198,8,takeoff,4243.117592990184,4273.117592990184,30.0,463.13492254625044
S1,continuous,A,6,198,8,landing,5748.310417606837,5938.310417606837,190.0,1472.0579020704026
S1,continuous,A,6,199,74,takeoff,5404.765653904767,5434.765653904767,30.0,1591.2306657460927
S1,continuous,A,0,199,74,landing,5559.146544025385,5749.146544025385,190.0,100.0
S1,continuous,A,7,200,67,takeoff,4519.280427821021,4549.280427821021,30.0,670.133883795635
S1,continuous,A,2,200,67,landing,6612.774895143831,6802.774895143831,190.0,2061.9012216289393
S1,continuous,A,6,201,54,takeoff,5434.765653904767,5464.765653904767,30.0,1574.5321034723206
S1,continuous,A,2,201,54,landing,6802.774895143831,6992.774895143831,190.0,1340.0
S1,continuous,A,7,202,32,takeoff,4549.280427821021,4579.280427821021,30.0,680.5038024362348
S1,continuous,A,4,202,32,landing,5472.895715420254,5662.895715420254,190.0,868.9530970250607
S1,continuous,A,2,203,14,takeoff,6992.774895143831,7022.774895143831,30.0,3050.0
S1,continuous,A,7,203,14,landing,7033.4150182262765,7223.4150182262765,190.0,0.0
S1,continuous,A,3,204,12,takeoff,4231.24173303612,4261.24173303612,30.0,288.346017615866
S1,continuous,A,5,204,12,landing,5313.117592990184,5503.117592990184,190.0,1039.9230503149474
S1,continuous,A,0,205,7,takeoff,5749.146544025385,5779.146544025385,30.0,1727.9048109892651
S1,continuous,A,3,205,7,landing,5848.78847123549,6038.78847123549,190.0,0.0
S1,continuous,A,4,206,9,takeoff,4312.895715420254,4342.895715420254,30.0,282.9130449763211
S1,continuous,A,7,206,9,landing,4989.280427821021,5179.280427821021,190.0,612.675644438018
S1,continuous,A,5,207,50,takeoff,4491.159182397684,4521.159182397684,30.0,458.04158940749994
S1,continuous,A,1,207,50,landing,6809.403674761468,6999.403674761468,190.0,2269.9578030118155
S1,continuous,A,1,208,60,takeoff,5868.776625384786,5898.776625384786,30.0,1829.6300813594003
S1,continuous,A,2,208,60,landing,7022.774895143831,7212.774895143831,190.0,1087.3694901414074
S1,continuous,A,4,209,49,takeoff,4543.056197647378,4573.056197647378,30.0,492.8226472149322
S1,continuous,A,2,209,49,landing,7212.774895143831,7402.774895143831,190.0,2592.1260600017204
S1,continuous,A,6,210,68,takeoff,5464.765653904767,5494.765653904767,30.0,1405.9890285199808
S1,continuous,A,5,210,68,landing,5503.117592990184,5693.117592990184,190.0,10.0
S1,continuous,A,2,211,66,takeoff,7402.774895143831,7432.774895143831,30.0,3270.0
S1,continuous,A,4,211,66,landing,7480.367532638563,7670.367532638563,190.0,0.0
S1,continuous,A,2,212,69,takeoff,7432.774895143831,7462.774895143831,30.0,3299.8791797235763
S1,continuous,A,3,212,69,landing,7499.565207074369,7689.565207074369,190.0,0.0
S1,continuous,A,5,213,70,takeoff,4521.159182397684,4551.159182397684,30.0,301.1765119537513
S1,continuous,A,7,213,70,landing,6253.4150182262765,6443.4150182262765,190.0,1700.453321463191
S1,continuous,A,1,214,43,takeoff,5898.776625384786,5928.776625384786,30.0,1658.5430749523402
S1,continuous,A,6,214,43,landing,5947.570580325639,6137.570580325639,190.0,0.0
S1,continuous,A,2,215,20,takeoff,7462.774895143831,7492.774895143831,30.0,3153.998269759045
S1,continuous,A,0,215,20,landing,7543.677350747894,7733.677350747894,190.0,0.0
S1,continuous,A,6,216,23,takeoff,5494.765653904767,5524.765653904767,30.0,1183.6064715070825
S1,continuous,A,4,216,23,landing,5662.895715420254,5852.895715420254,190.0,110.0
S1,continuous,A,1,217,40,takeoff,6309.403674761468,6339.403674761468,30.0,1986.6287796176375
S1,continuous,A,6,217,40,landing,6358.197629702321,6548.197629702321,190.0,0.0
S1,continuous,A,3,218,24,takeoff,4345.088606296769,4375.088606296769,30.0,0.0
S1,continuous,A,1,218,24,landing,6999.403674761468,7189.403674761468,190.0,2591.9263016719206
S1,continuous,A,2,219,22,takeoff,7492.774895143831,7522.774895143831,30.0,3129.7186974964525
S1,continuous,A,4,219,22,landing,7670.367532638563,7860.367532638563,190.0,100.0
S1,continuous,A,0,220,41,takeoff,5779.146544025385,5809.146544025385,30.0,1369.1638735814522
S1,continuous,A,2,220,41,landing,7522.774895143831,7712.774895143831,190.0,1662.7258955143825
S1,continuous,A,6,221,55,takeoff,5524.765653904767,5554.765653904767,30.0,1025.9890285199808
S1,continuous,A,4,221,55,landing,6350.367532638563,6540.367532638563,190.0,767.4718172183084
S1,continuous,A,0,222,47,takeoff,5809.146544025385,5839.146544025385,30.0,1296.3716488815544
S1,continuous,A,3,222,47,landing,6038.78847123549,6228.78847123549,190.0,130.0
S1,continuous,A,3,223,18,takeoff,4717.748950409394,4747.748950409394,30.0,182.66034411262444
S1,continuous,A,0,223,18,landing,6125.088606296769,6315.088606296769,190.0,1307.6977286772708
S1,continuous,A,1,224,2,takeoff,6339.403674761468,6369.403674761468,30.0,1801.6547243520745
S1,continuous,A,5,224,2,landing,6387.690364113437,6577.690364113437,190.0,0.0
S1,continuous,A,2,225,62,takeoff,7712.774895143831,7742.774895143831,30.0,3102.541344711385
S1,continuous,A,7,225,62,landing,7753.4150182262765,7943.4150182262765,190.0,0.0
S1,continuous,A,3,226,4,takeoff,4747.748950409394,4777.748950409394,30.0,84.63135741920996
S1,continuous,A,4,226,4,landing,6850.367532638563,7040.367532638563,190.0,2019.2738066525635
S1,continuous,A,2,227,3,takeoff,7742.774895143831,7772.774895143831,30.0,3040.0
S1,continuous,A,3,227,3,landing,7809.565207074369,7999.565207074369,190.0,0.0
S1,continuous,A,2,228,33,takeoff,7772.774895143831,7802.774895143831,30.0,3052.792224699898
S1,continuous,A,6,228,33,landing,7805.5671198437285,7995.5671198437285,190.0,0.0
S1,continuous,A,1,229,5,takeoff,6369.403674761468,6399.403674761468,30.0,1646.5079593412138
S1,continuous,A,2,229,5,landing,7802.774895143831,7992.774895143831,190.0,1366.742440764725
S1,continuous,A,3,230,21,takeoff,4777.748950409394,4807.748950409394,30.0,28.602406384008646
S1,continuous,A,1,230,21,landing,7189.403674761468,7379.403674761468,190.0,2349.265957559296
S1,continuous,A,4,231,72,takeoff,5852.895715420254,5882.895715420254,30.0,1052.6621649878089
S1,continuous,A,0,231,72,landing,6315.088606296769,6505.088606296769,190.0,350.2638631634409
S1,continuous,A,4,232,58,takeoff,5882.895715420254,5912.895715420254,30.0,1074.1190900354686
S1,continuous,A,6,232,58,landing,6137.570580325639,6327.570580325639,190.0,191.76181992906277
S1,continuous,A,3,233,57,takeoff,5021.165392177564,5051.165392177564,30.0,180.0
S1,continuous,A,7,233,57,landing,6443.4150182262765,6633.4150182262765,190.0,1374.7342260717642
S1,continuous,A,1,234,59,takeoff,6399.403674761468,6429.403674761468,30.0,1546.2860817712844
S1,continuous,A,7,234,59,landing,6633.4150182262765,6823.4150182262765,190.0,190.73221449654102
S1,continuous,A,1,235,42,takeoff,7379.403674761468,7409.403674761468,30.0,2486.6287796176375
S1,continuous,A,5,235,42,landing,7427.690364113437,7617.690364113437,190.0,0.0
S1,continuous,A,2,236,6,takeoff,7992.774895143831,8022.774895143831,30.0,3082.792224699898
S1,continuous,A,3,236,6,landing,8059.565207074369,8249.565207074369,190.0,0.0
S1,continuous,A,0,237,44,takeoff,5839.146544025385,5869.146544025385,30.0,926.2508286051307
S1,continuous,A,3,237,44,landing,6228.78847123549,6418.78847123549,190.0,290.0
S1,continuous,A,1,238,30,takeoff,7409.403674761468,7439.403674761468,30.0,2470.257130736083
S1,continuous,A,3,238,30,landing,8249.565207074369,8439.565207074369,190.0,777.7727655201224
S1,continuous,A,5,239,9,takeoff,5033.117592990184,5063.117592990184,30.0,42.88404255773821
S1,continuous,A,4,239,9,landing,7040.367532638563,7230.367532638563,190.0,1942.8183186710876
S1,continuous,A,1,240,46,takeoff,7439.403674761468,7469.403674761468,30.0,2440.6270493766824
S1,continuous,A,4,240,46,landing,7860.367532638563,8050.367532638563,190.0,336.6842856145022
S1,continuous,A,6,241,37,takeoff,6327.570580325639,6357.570580325639,30.0,1244.795685181808
S1,continuous,A,1,241,37,landing,7469.403674761468,7659.403674761468,190.0,1097.8221229558103
S1,continuous,A,3,242,0,takeoff,5102.895715420254,5132.895715420254,30.0,0.0
S1,continuous,A,2,242,0,landing,8022.774895143831,8212.77489514383,189.9999999999991,2853.088867793038
S1,continuous,A,4,243,63,takeoff,5912.895715420254,5942.895715420254,30.0,783.7491713948693
S1,continuous,A,2,243,63,landing,8212.77489514383,8402.77489514383,190.0,2222.2865422288432
S1,continuous,A,6,244,15,takeoff,6548.197629702321,6578.197629702321,30.0,1418.2149592583883
S1,continuous,A,0,244,15,landing,6602.57851982294,6792.57851982294,190.0,0.0
S1,continuous,A,6,245,11,takeoff,6578.197629702321,6608.197629702321,30.0,1445.0800367121374
S1,continuous,A,3,245,11,landing,6624.673708833674,6814.673708833674,190.0,0.0
S1,continuous,A,5,246,64,takeoff,5693.117592990184,5723.117592990184,30.0,414.34096760539796
S1,continuous,A,3,246,64,landing,6418.78847123549,6608.78847123549,190.0,683.7180686061902
S1,continuous,A,6,247,65,takeoff,6608.197629702321,6638.197629702321,30.0,1315.3019142820667
S1,continuous,A,7,247,65,landing,6823.4150182262765,7013.4150182262765,190.0,200.70261460770143
S1,continuous,A,5,248,39,takeoff,5723.117592990184,5753.117592990184,30.0,420.3426978463531
S1,continuous,A,3,248,39,landing,6814.673708833674,7004.673708833674,190.0,1049.6033062043743
S1,continuous,A,4,249,53,takeoff,6540.367532638563,6570.367532638563,30.0,1235.9993918008613
S1,continuous,A,7,249,53,landing,7223.4150182262765,7413.4150182262765,190.0,619.3384176249656
S1,continuous,A,0,250,26,takeoff,5869.146544025385,5899.146544025385,30.0,550.0
S1,continuous,A,6,250,26,landing,6638.197629702321,6828.197629702321,190.0,709.8872120954838
S1,continuous,A,2,251,12,takeoff,8402.77489514383,8432.77489514383,30.0,3079.657302153646
S1,continuous,A,0,251,12,landing,8483.677350747894,8673.677350747894,190.0,0.0
S1,continuous,A,7,252,36,takeoff,7413.4150182262765,7443.4150182262765,30.0,2042.173285190157
S1,continuous,A,1,252,36,landing,7659.403674761468,7849.403674761468,190.0,211.75640495549942
S1,continuous,A,1,253,27,takeoff,7849.403674761468,7879.403674761468,30.0,2380.6270493766824
S1,continuous,A,2,253,27,landing,8432.77489514383,8622.77489514383,190.0,516.742440764724
S1,continuous,A,7,254,32,takeoff,7443.4150182262765,7473.4150182262765,30.0,1960.519302806022
S1,continuous,A,4,254,32,landing,8050.367532638563,8240.367532638564,190.0000000000009,552.2903238381132
S1,continuous,A,1,255,52,takeoff,7879.403674761468,7909.403674761468,30.0,2386.6287796176375
S1,continuous,A,5,255,52,landing,7927.690364113437,8117.690364113437,190.0,0.0
S1,continuous,A,4,256,25,takeoff,6570.367532638563,6600.367532638563,30.0,1075.9993918008613
S1,continuous,A,3,256,25,landing,7004.673708833674,7194.673708833674,190.0,350.96140061850565
S1,continuous,A,7,257,68,takeoff,7473.4150182262765,7503.4150182262765,30.0,1960.2974252360927
S1,continuous,A,4,257,68,landing,8240.367532638564,8430.367532638564,190.0,712.2903238381141
S1,continuous,A,7,258,45,takeoff,7503.4150182262765,7533.4150182262765,30.0,1942.173285190157
S1,continuous,A,6,258,45,landing,7513.665898214789,7703.665898214789,190.0,0.0
S1,continuous,A,3,259,17,takeoff,5741.2417330361195,5771.2417330361195,30.0,177.71429889011597
S1,continuous,A,7,259,17,landing,7533.4150182262765,7723.4150182262765,190.0,1744.6578852132088
S1,continuous,A,4,260,74,takeoff,6600.367532638563,6630.367532638563,30.0,1031.2209886131777
S1,continuous,A,5,260,74,landing,6664.799153615854,6854.799153615854,190.0,0.0
S1,continuous,A,1,261,48,takeoff,7909.403674761468,7939.403674761468,30.0,2250.6270493766824
S1,continuous,A,2,261,48,landing,8622.77489514383,8812.77489514383,190.0,646.742440764724
S1,continuous,A,2,262,23,takeoff,8812.77489514383,8842.77489514383,30.0,3139.8791797235754
S1,continuous,A,5,262,23,landing,8860.279232948964,9050.279232948964,190.0,0.0
S1,continuous,A,5,263,28,takeoff,5753.117592990184,5783.117592990184,30.0,70.34269784635308
S1,continuous,A,6,263,28,landing,6828.197629702321,7018.197629702321,190.0,1041.9451141658865
S1,continuous,A,7,264,71,takeoff,7723.4150182262765,7753.4150182262765,30.0,2039.046877388575
S1,continuous,A,0,264,71,landing,7778.611208786976,7968.611208786976,190.0,0.0
S1,continuous,A,2,265,8,takeoff,8842.77489514383,8872.77489514383,30.0,3089.2474609978262
S1,continuous,A,0,265,8,landing,8923.677350747894,9113.677350747894,190.0,0.0
S1,continuous,A,0,266,7,takeoff,5899.146544025385,5929.146544025385,30.0,40.35807278989523
S1,continuous,A,5,266,7,landing,6160.279232948964,6350.279232948964,190.0,179.12005055127975
S1,continuous,A,6,267,1,takeoff,7018.197629702321,7048.197629702321,30.0,1143.8294888646196
S1,continuous,A,7,267,1,landing,7943.4150182262765,8133.4150182262765,190.0,910.7026146077014
S1,continuous,A,5,268,56,takeoff,5939.403674761468,5969.403674761468,30.0,0.0
S1,continuous,A,7,268,56,landing,8133.4150182262765,8323.415018226277,190.0,2162.208829099407
S1,continuous,A,2,269,13,takeoff,8872.77489514383,8902.77489514383,30.0,2927.6862888470605
S1,continuous,A,1,269,13,landing,8939.403674761468,9129.403674761468,190.0,0.0
S1,continuous,A,3,270,43,takeoff,7194.673708833674,7224.673708833674,30.0,1241.886111968869
S1,continuous,A,6,270,43,landing,7245.932771425861,7435.932771425861,190.0,0.0
S1,continuous,A,5,271,38,takeoff,6350.279232948964,6380.279232948964,30.0,370.0
S1,continuous,A,6,271,38,landing,7048.197629702321,7238.197629702321,190.0,664.7834742071063
S1,continuous,A,5,272,19,takeoff,6577.690364113437,6607.690364113437,30.0,597.322831474874
S1,continuous,A,4,272,19,landing,7230.367532638563,7420.367532638563,190.0,588.2455475478346
S1,continuous,A,1,273,16,takeoff,7939.403674761468,7969.403674761468,30.0,1946.6287796176375
S1,continuous,A,5,273,16,landing,8117.690364113437,8307.690364113438,190.0000000000009,130.0
S1,continuous,A,0,274,47,takeoff,6505.088606296769,6535.088606296769,30.0,456.30013506127943
S1,continuous,A,1,274,47,landing,7969.403674761468,8159.403674761468,190.0,1368.0030875527154
S1,continuous,A,7,275,10,takeoff,8323.415018226277,8353.415018226277,30.0,2259.046877388575
S1,continuous,A,6,275,10,landing,8333.66589821479,8523.66589821479,190.0,0.0
S1,continuous,A,3,276,73,takeoff,7224.673708833674,7254.673708833674,30.0,1095.2700340722058
S1,continuous,A,4,276,73,landing,8430.367532638564,8620.367532638564,190.0,1122.3490482282841
S1,continuous,A,7,277,18,takeoff,8353.415018226277,8383.415018226277,30.0,2218.3264119295072
S1,continuous,A,1,277,18,landing,8387.64726980597,8577.64726980597,190.0,0.0
S1,continuous,A,0,278,58,takeoff,6535.088606296769,6565.088606296769,30.0,392.3010094319643
S1,continuous,A,5,278,58,landing,6854.799153615854,7044.799153615854,190.0,237.6979089467859
S1,continuous,A,3,279,7,takeoff,7254.673708833674,7284.673708833674,30.0,1084.3944758847101
S1,continuous,A,0,279,7,landing,7968.611208786976,8158.611208786976,190.0,614.2955727431972
S1,continuous,A,3,280,35,takeoff,7284.673708833674,7314.673708833674,30.0,1114.3061761951112
S1,continuous,A,0,280,35,landing,8158.611208786976,8348.611208786977,190.0000000000009,774.2955727431972
S1,continuous,A,7,281,51,takeoff,8383.415018226277,8413.415018226277,30.0,2200.640123082446
S1,continuous,A,5,281,51,landing,8406.170655203103,8596.170655203103,190.0,0.0
S1,continuous,A,5,282,44,takeoff,6607.690364113437,6637.690364113437,30.0,368.9018928779469
S1,continuous,A,3,282,44,landing,8439.565207074369,8629.565207074369,190.0,1789.9220333218163
S1,continuous,A,0,283,70,takeoff,6565.088606296769,6595.088606296769,30.0,310.7204654590678
S1,continuous,A,2,283,70,landing,8902.77489514383,9092.77489514383,190.0,2256.7838332429974
S1,continuous,A,4,284,72,takeoff,6630.367532638563,6660.367532638563,30.0,305.2789263417935
S1,continuous,A,2,284,72,landing,9092.77489514383,9282.77489514383,190.0,2384.814725010535
S1,continuous,A,4,285,55,takeoff,7420.367532638563,7450.367532638563,30.0,1060.0
S1,continuous,A,0,285,55,landing,8673.677350747894,8863.677350747894,190.0,1141.380790396257
S1,continuous,A,1,286,40,takeoff,8159.403674761468,8189.403674761468,30.0,1795.9890285199808
S1,continuous,A,3,286,40,landing,8629.565207074369,8819.565207074369,190.0,407.77276552012154
S1,continuous,A,4,287,2,takeoff,7450.367532638563,7480.367532638563,30.0,1052.677168525126
S1,continuous,A,2,287,2,landing,9282.77489514383,9472.77489514383,190.0,1754.8147250105349
S1,continuous,A,3,288,34,takeoff,7314.673708833674,7344.673708833674,30.0,911.8988136898433
S1,continuous,A,4,288,34,landing,8620.367532638564,8810.367532638564,190.0,1222.3490482282841
S1,continuous,A,5,289,64,takeoff,7044.799153615854,7074.799153615854,30.0,616.0106823803644
S1,continuous,A,0,289,64,landing,7126.811791988153,7316.811791988153,190.0,0.0
S1,continuous,A,6,290,29,takeoff,7435.932771425861,7465.932771425861,30.0,996.5290966643925
S1,continuous,A,0,290,29,landing,9113.677350747894,9303.677350747894,190.0,1623.3636892014147
S1,continuous,A,3,291,57,takeoff,7344.673708833674,7374.673708833674,30.0,900.3055679959725
S1,continuous,A,6,291,57,landing,7995.5671198437285,8185.5671198437285,190.0,599.6343484178678
S1,continuous,A,0,292,15,takeoff,6792.57851982294,6822.57851982294,30.0,180.0
S1,continuous,A,6,292,15,landing,8523.66589821479,8713.66589821479,190.0,1671.9235048103974
S1,continuous,A,0,293,67,takeoff,6822.57851982294,6852.57851982294,30.0,199.8036246791089
S1,continuous,A,5,293,67,landing,7074.799153615854,7264.799153615854,190.0,170.2079954206156
S1,continuous,A,6,294,31,takeoff,7465.932771425861,7495.932771425861,30.0,836.5290966643925
S1,continuous,A,5,294,31,landing,7617.690364113437,7807.690364113437,190.0,123.40565360215896
S1,continuous,A,1,295,59,takeoff,8189.403674761468,8219.403674761468,30.0,1555.0355339237667
S1,continuous,A,0,295,59,landing,9303.677350747894,9493.677350747894,190.0,1017.9616950744421
S1,continuous,A,1,296,11,takeoff,8219.403674761468,8249.403674761468,30.0,1584.7299659277942
S1,continuous,A,6,296,11,landing,8713.66589821479,8903.66589821479,190.0,445.46826851246806
S1,continuous,A,1,297,26,takeoff,8249.403674761468,8279.403674761468,30.0,1605.9890285199808
S1,continuous,A,6,297,26,landing,8903.66589821479,9093.66589821479,190.0,605.4682685124681
S1,continuous,A,2,298,61,takeoff,9472.77489514383,9502.77489514383,30.0,2802.407362505267
S1,continuous,A,5,298,61,landing,9520.279232948964,9710.279232948964,190.0,0.0
S1,continuous,A,6,299,74,takeoff,7703.665898214789,7733.665898214789,30.0,1028.866744598935
S1,continuous,A,5,299,74,landing,8596.170655203103,8786.170655203103,190.0,864.1528179028965
S1,continuous,A,2,300,54,takeoff,9502.77489514383,9532.77489514383,30.0,2689.999999999999
S1,continuous,A,6,300,54,landing,9535.567119843727,9725.567119843727,190.0,0.0
S1,continuous,A,2,301,50,takeoff,9532.77489514383,9562.77489514383,30.0,2713.3712203823616
S1,continuous,A,6,301,50,landing,9725.567119843727,9915.567119843727,190.0,160.0
S1,continuous,A,7,302,65,takeoff,8413.415018226277,8443.415018226277,30.0,1589.046877388575
S1,continuous,A,0,302,65,landing,9493.677350747894,9683.677350747894,190.0,1025.0661419609187
S1,continuous,A,3,303,39,takeoff,7374.673708833674,7404.673708833674,30.0,550.0
S1,continuous,A,2,303,39,landing,9562.77489514383,9752.77489514383,190.0,2121.3108743796174
S1,continuous,A,3,304,28,takeoff,7404.673708833674,7434.673708833674,30.0,571.2590625921866
S1,continuous,A,7,304,28,landing,8443.415018226277,8633.415018226277,190.0,991.2259094156543
S1,continuous,A,4,305,4,takeoff,8810.367532638564,8840.367532638564,30.0,1950.000000000001
S1,continuous,A,2,305,4,landing,9752.77489514383,9942.77489514383,190.0,864.814725010534
S1,continuous,A,7,306,58,takeoff,8633.415018226277,8663.415018226277,30.0,1768.6158646104222
S1,continuous,A,6,306,58,landing,9093.66589821479,9283.66589821479,190.0,450.0
S1,continuous,A,2,307,24,takeoff,9942.77489514383,9972.77489514383,30.0,2933.3712203823616
S1,continuous,A,3,307,24,landing,10009.565207074369,10199.565207074369,190.0,0.0
S1,continuous,A,4,308,25,takeoff,8840.367532638564,8870.367532638564,30.0,1825.6938238048897
S1,continuous,A,5,308,25,landing,9050.279232948964,9240.279232948964,190.0,145.48007933310691
S1,continuous,A,4,309,60,takeoff,8870.367532638564,8900.367532638564,30.0,1837.592637494733
S1,continuous,A,7,309,60,landing,8934.076600601311,9124.076600601311,190.0,0.0
S1,continuous,A,0,310,14,takeoff,7034.3681408377015,7064.3681408377015,30.0,0.0
S1,continuous,A,2,310,14,landing,9972.77489514383,10162.77489514383,190.0,2857.504298702065
S1,continuous,A,4,311,9,takeoff,8900.367532638564,8930.367532638564,30.0,1850.000000000001
S1,continuous,A,2,311,9,landing,10162.77489514383,10352.77489514383,190.0,1184.814725010534
S1,continuous,A,0,312,38,takeoff,7064.3681408377015,7094.3681408377015,30.0,10.953494596214114
S1,continuous,A,5,312,38,landing,9240.279232948964,9430.279232948964,190.0,2093.8984537389633
S1,continuous,A,4,313,67,takeoff,8930.367532638564,8960.367532638564,30.0,1845.5683790227095
S1,continuous,A,7,313,67,landing,9124.076600601311,9314.076600601311,190.0,130.0
S1,continuous,A,7,314,64,takeoff,8663.415018226277,8693.415018226277,30.0,1526.6032262381232
S1,continuous,A,4,314,64,landing,8960.367532638564,9150.367532638564,190.0,242.290323838115
S1,continuous,A,0,315,21,takeoff,7316.811791988153,7346.811791988153,30.0,117.40811722668514
S1,continuous,A,1,315,21,landing,8577.64726980597,8767.64726980597,190.0,1164.5234969058329
S1,continuous,A,6,316,49,takeoff,7733.665898214789,7763.665898214789,30.0,510.8910030709585
S1,continuous,A,2,316,49,landing,10352.77489514383,10542.77489514383,190.0,2591.0997556899765
S1,continuous,A,4,317,53,takeoff,9150.367532638564,9180.367532638564,30.0,1925.9993918008622
S1,continuous,A,0,317,53,landing,9683.677350747894,9873.677350747894,190.0,421.3807903962552
S1,continuous,A,7,318,19,takeoff,8693.415018226277,8723.415018226277,30.0,1453.0474855877137
S1,continuous,A,6,318,19,landing,9283.66589821479,9473.66589821479,190.0,580.0
S1,continuous,A,4,319,43,takeoff,9180.367532638564,9210.367532638564,30.0,1929.2177446735368
S1,continuous,A,3,319,43,landing,9263.71230821517,9453.71230821517,190.0,0.0
S1,continuous,A,7,320,42,takeoff,8723.415018226277,8753.415018226277,30.0,1285.7246541128397
S1,continuous,A,6,320,42,landing,9915.567119843727,10105.567119843727,190.0,1181.9012216289375
S1,continuous,A,0,321,37,takeoff,7479.403674761468,7509.403674761468,30.0,0.0
S1,continuous,A,6,321,37,landing,10105.567119843727,10295.567119843727,190.0,2566.9995715008063
S1,continuous,A,1,322,66,takeoff,8279.403674761468,8309.403674761468,30.0,789.0361421229054
S1,continuous,A,7,322,66,landing,9314.076600601311,9504.076600601311,190.0,991.3937968715745
S1,continuous,A,2,323,69,takeoff,10542.77489514383,10572.77489514383,30.0,3033.2096880694608
S1,continuous,A,0,323,69,landing,10623.677350747894,10813.677350747894,190.0,0.0
S1,continuous,A,1,324,45,takeoff,8309.403674761468,8339.403674761468,30.0,790.5207600075128
S1,continuous,A,7,324,45,landing,9504.076600601311,9694.076600601311,190.0,1151.3937968715745
S1,continuous,A,2,325,41,takeoff,10572.77489514383,10602.77489514383,30.0,3039.999999999999
S1,continuous,A,7,325,41,landing,10613.415018226275,10803.415018226275,190.0,0.0
S1,continuous,A,1,326,17,takeoff,8339.403674761468,8369.403674761468,30.0,805.0355339237667
S1,continuous,A,6,326,17,landing,10295.567119843727,10485.567119843727,190.0,1907.3694901414055
S1,continuous,A,0,327,20,takeoff,7733.677350747894,7763.677350747894,30.0,180.0
S1,continuous,A,4,327,20,landing,9210.367532638564,9400.367532638564,190.0,1364.761154177596
S1,continuous,A,1,328,31,takeoff,8767.64726980597,8797.64726980597,30.0,1139.956905692533
S1,continuous,A,6,328,31,landing,10485.567119843727,10675.567119843727,190.0,1669.125895096904
S1,continuous,A,0,329,36,takeoff,8348.611208786977,8378.611208786977,30.0,679.2075340255087
S1,continuous,A,5,329,36,landing,9710.279232948964,9900.279232948964,190.0,1279.655385789687
S1,continuous,A,5,330,22,takeoff,7807.690364113437,7837.690364113437,30.0,127.32283147487396
S1,continuous,A,2,330,22,landing,10602.77489514383,10792.77489514383,190.0,2747.58019322526
S1,continuous,A,0,331,62,takeoff,8378.611208786977,8408.611208786977,30.0,624.2430679492754
S1,continuous,A,1,331,62,landing,9129.403674761468,9319.403674761468,190.0,654.4804850625078
S1,continuous,A,0,332,71,takeoff,8408.611208786977,8438.611208786977,30.0,620.0000000000009
S1,continuous,A,7,332,71,landing,9694.076600601311,9884.076600601311,190.0,1221.2223238650604
S1,continuous,A,5,333,33,takeoff,7837.690364113437,7867.690364113437,30.0,26.906227730542014
S1,continuous,A,6,333,33,landing,10675.567119843727,10865.567119843727,190.0,2804.741833184039
S1,continuous,A,0,334,5,takeoff,8438.611208786977,8468.611208786977,30.0,625.8363136431462
S1,continuous,A,5,334,5,landing,9900.279232948964,10090.279232948964,190.0,1379.655385789687
S1,continuous,A,4,335,3,takeoff,9400.367532638564,9430.367532638564,30.0,1580.8023255641947
S1,continuous,A,3,335,3,landing,9483.71230821517,9673.71230821517,190.0,0.0
S1,continuous,A,3,336,46,takeoff,7999.565207074369,8029.565207074369,30.0,129.19767443580622
S1,continuous,A,5,336,46,landing,10090.279232948964,10280.279232948964,190.0,2048.761216235479
S1,continuous,A,5,337,52,takeoff,8307.690364113438,8337.690364113438,30.0,370.0000000000009
S1,continuous,A,4,337,52,landing,9430.367532638564,9620.367532638564,190.0,1058.2455475478328
S1,continuous,A,0,338,1,takeoff,8863.677350747894,8893.677350747894,30.0,919.3092099101923
S1,continuous,A,2,338,1,landing,10792.77489514383,10982.77489514383,190.0,1848.195088791872
S1,continuous,A,5,339,7,takeoff,8337.690364113438,8367.690364113438,30.0,359.07915532646166
S1,continuous,A,1,339,7,landing,9319.403674761468,9509.403674761468,190.0,933.4266212960592
S1,continuous,A,7,340,47,takeoff,8753.415018226277,8783.415018226277,30.0,774.0113434648083
S1,continuous,A,5,340,47,landing,10280.279232948964,10470.279232948964,190.0,1504.108577745861
S1,continuous,A,2,341,57,takeoff,10982.77489514383,11012.77489514383,30.0,2981.990758760935
S1,continuous,A,1,341,57,landing,11049.403674761468,11239.403674761468,190.0,0.0
S1,continuous,A,3,342,0,takeoff,8819.565207074369,8849.565207074369,30.0,786.7903119305383
S1,continuous,A,6,342,0,landing,10865.567119843727,11055.567119843727,190.0,1994.742850177172
S1,continuous,A,7,343,32,takeoff,8783.415018226277,8813.415018226277,30.0,723.0474855877137
S1,continuous,A,0,343,32,landing,9873.677350747894,10063.677350747894,190.0,1035.0661419609187
S1,continuous,A,1,344,6,takeoff,8797.64726980597,8827.64726980597,30.0,728.0820627316007
S1,continuous,A,6,344,6,landing,11055.567119843727,11245.567119843727,190.0,2209.125895096904
S1,continuous,A,3,345,16,takeoff,8849.565207074369,8879.565207074369,30.0,721.8748429609323
S1,continuous,A,1,345,16,landing,9509.403674761468,9699.403674761468,190.0,597.4497008943199
S1,continuous,A,3,346,56,takeoff,8879.565207074369,8909.565207074369,30.0,745.1970662366675
S1,continuous,A,2,346,56,landing,11012.77489514383,11202.77489514383,190.0,2066.4193761389215
S1,continuous,A,2,347,35,takeoff,11202.77489514383,11232.77489514383,30.0,3034.1636863568538
S1,continuous,A,7,347,35,landing,11243.415018226275,11433.415018226275,190.0,0.0
S1,continuous,A,1,348,63,takeoff,8827.64726980597,8857.64726980597,30.0,604.8723746621399
S1,continuous,A,6,348,63,landing,11245.567119843727,11435.567119843727,190.0,2369.125895096904
S1,continuous,A,0,349,68,takeoff,8893.677350747894,8923.677350747894,30.0,643.3098181093301
S1,continuous,A,4,349,68,landing,9620.367532638564,9810.367532638564,190.0,614.761154177595
S1,continuous,A,4,350,30,takeoff,9810.367532638564,9840.367532638564,30.0,1550.8023255641947
S1,continuous,A,2,350,30,landing,11232.77489514383,11422.77489514383,190.0,1344.814725010534
S1,continuous,A,3,351,10,takeoff,8909.565207074369,8939.565207074369,30.0,570.6822923204127
S1,continuous,A,6,351,10,landing,11435.567119843727,11625.567119843727,190.0,2474.742850177172
S1,continuous,A,5,352,18,takeoff,8786.170655203103,8816.170655203103,30.0,388.5233853971331
S1,continuous,A,0,352,18,landing,10063.677350747894,10253.677350747894,190.0,1195.494057172491
S1,continuous,A,7,353,51,takeoff,8813.415018226277,8843.415018226277,30.0,397.2443630231737
S1,continuous,A,1,353,51,landing,9699.403674761468,9889.403674761468,190.0,851.7564049554985
S1,continuous,A,0,354,73,takeoff,10253.677350747894,10283.677350747894,30.0,1813.30981810933
S1,continuous,A,7,354,73,landing,10317.920418697167,10507.920418697167,190.0,0.0
S1,continuous,A,4,355,27,takeoff,9840.367532638564,9870.367532638564,30.0,1397.592637494734
S1,continuous,A,0,355,27,landing,10283.677350747894,10473.677350747894,190.0,331.3807903962552
S1,continuous,A,5,356,28,takeoff,8816.170655203103,8846.170655203103,30.0,371.8025143654013
S1,continuous,A,7,356,28,landing,9884.076600601311,10074.076600601311,190.0,1036.1034310328068
S1,continuous,A,7,357,44,takeoff,8843.415018226277,8873.415018226277,30.0,393.8498111519075
S1,continuous,A,6,357,44,landing,11625.567119843727,11815.567119843727,190.0,2771.9012216289375
S1,continuous,A,1,358,12,takeoff,8857.64726980597,8887.64726980597,30.0,363.9699190580759
S1,continuous,A,7,358,12,landing,10074.076600601311,10264.076600601311,190.0,1173.150201827073
S1,continuous,A,1,359,15,takeoff,8887.64726980597,8917.64726980597,30.0,358.76435505201334
S1,continuous,A,3,359,15,landing,8950.036036598749,9140.036036598749,190.0,0.0
S1,continuous,A,4,360,21,takeoff,9870.367532638564,9900.367532638564,30.0,1282.7202628325922
S1,continuous,A,2,360,21,landing,11422.77489514383,11612.77489514383,190.0,1474.814725010534
S1,continuous,A,0,361,74,takeoff,10473.677350747894,10503.677350747894,30.0,1867.5066955447892
S1,continuous,A,2,361,74,landing,11612.77489514383,11802.77489514383,190.0,1058.195088791872
S1,continuous,A,3,362,34,takeoff,9140.036036598749,9170.036036598749,30.0,509.66850396018526
S1,continuous,A,0,362,34,landing,10813.677350747894,11003.677350747894,190.0,1573.99938693904
S1,continuous,A,5,363,48,takeoff,9430.279232948964,9460.279232948964,30.0,797.5043378051341
S1,continuous,A,7,363,48,landing,10803.415018226275,10993.415018226275,190.0,1341.3332709119095
S1,continuous,A,0,364,40,takeoff,10503.677350747894,10533.677350747894,30.0,1864.1121436735248
S1,continuous,A,7,364,40,landing,10993.415018226275,11183.415018226275,190.0,425.4945995291073
S1,continuous,A,2,365,55,takeoff,11802.77489514383,11832.77489514383,30.0,3119.097544395936
S1,continuous,A,0,365,55,landing,11883.677350747894,12073.677350747894,190.0,0.0
S1,continuous,A,1,366,11,takeoff,9889.403674761468,9919.403674761468,30.0,1170.5207600075119
S1,continuous,A,6,366,11,landing,11815.567119843727,12005.567119843727,190.0,1877.3694901414055
S1,continuous,A,5,367,23,takeoff,9460.279232948964,9490.279232948964,30.0,590.0
S1,continuous,A,6,367,23,landing,12005.567119843727,12195.567119843727,190.0,2512.152964348512
S1,continuous,A,5,368,26,takeoff,9490.279232948964,9520.279232948964,30.0,581.3963181950076
S1,continuous,A,0,368,26,landing,11003.677350747894,11193.677350747894,190.0,1431.38547942663
S1,continuous,A,0,369,70,takeoff,10533.677350747894,10563.677350747894,30.0,1620.902455604064
S1,continuous,A,1,369,70,landing,10629.989331659877,10819.989331659877,190.0,0.0
S1,continuous,A,5,370,8,takeoff,10470.279232948964,10500.279232948964,30.0,1536.60188220107
S1,continuous,A,3,370,8,landing,10512.23204258808,10702.23204258808,190.0,0.0
S1,continuous,A,1,371,60,takeoff,9919.403674761468,9949.403674761468,30.0,984.3739515487323
S1,continuous,A,4,371,60,landing,10003.68324702406,10193.68324702406,190.0,0.0
S1,continuous,A,7,372,13,takeoff,10264.076600601311,10294.076600601311,30.0,1314.6729258398427
S1,continuous,A,4,372,13,landing,10318.738791175483,10508.738791175483,190.0,0.0
S1,continuous,A,1,373,15,takeoff,9949.403674761468,9979.403674761468,30.0,989.3676381627192
S1,continuous,A,2,373,15,landing,11832.77489514383,12022.77489514383,190.0,1816.7424407647231
S1,continuous,A,4,374,64,takeoff,9900.367532638564,9930.367532638564,30.0,930.0
S1,continuous,A,6,374,64,landing,12195.567119843727,12385.567119843727,190.0,2232.2865422288414
S1,continuous,A,2,375,25,takeoff,12022.77489514383,12052.77489514383,30.0,2962.495662194866
S1,continuous,A,7,375,25,landing,12063.415018226275,12253.415018226275,190.0,0.0
S1,continuous,A,6,376,58,takeoff,9473.66589821479,9503.66589821479,30.0,374.78298346083284
S1,continuous,A,2,376,58,landing,12052.77489514383,12242.77489514383,190.0,2551.0997556899765
S1,continuous,A,6,377,72,takeoff,9503.66589821479,9533.66589821479,30.0,400.8910030709594
S1,continuous,A,4,377,72,landing,10508.738791175483,10698.738791175483,190.0,946.9428314452052
S1,continuous,A,1,378,29,takeoff,9979.403674761468,10009.403674761468,30.0,855.7263240135744
S1,continuous,A,3,378,29,landing,10199.565207074369,10389.565207074369,190.0,157.77276552012154
S1,continuous,A,3,379,67,takeoff,9170.036036598749,9200.036036598749,30.0,45.00631338601306
S1,continuous,A,6,379,67,landing,12385.567119843727,12575.567119843727,190.0,3164.272020652792
S1,continuous,A,2,380,62,takeoff,12242.77489514383,12272.77489514383,30.0,3103.3712203823616
S1,continuous,A,1,380,62,landing,12309.403674761468,12499.403674761468,190.0,0.0
S1,continuous,A,7,381,20,takeoff,10507.920418697167,10537.920418697167,30.0,1287.5528860586037
S1,continuous,A,3,381,20,landing,10702.23204258808,10892.23204258808,190.0,155.84310130254016
S1,continuous,A,2,382,38,takeoff,12272.77489514383,12302.77489514383,30.0,3022.495662194864
S1,continuous,A,5,382,38,landing,12320.279232948964,12510.279232948964,190.0,0.0
S1,continuous,A,1,383,43,takeoff,10009.403674761468,10039.403674761468,30.0,735.691366546298
S1,continuous,A,2,383,43,landing,12302.77489514383,12492.77489514383,190.0,2226.742440764723
S1,continuous,A,6,384,19,takeoff,12575.567119843727,12605.567119843727,30.0,3286.6842050897703
S1,continuous,A,3,384,19,landing,12622.04319897508,12812.04319897508,190.0,0.0
S1,continuous,A,6,385,2,takeoff,12605.567119843727,12635.567119843727,30.0,3312.792224699897
S1,continuous,A,7,385,2,landing,12620.081893759982,12810.081893759982,190.0,0.0
S1,continuous,A,6,386,59,takeoff,12635.567119843727,12665.567119843727,30.0,3321.889769095833
S1,continuous,A,0,386,59,landing,12689.948009964346,12879.948009964346,190.0,0.0
S1,continuous,A,0,387,66,takeoff,10563.677350747894,10593.677350747894,30.0,1248.6476275351579
S1,continuous,A,2,387,66,landing,12492.77489514383,12682.77489514383,190.0,1848.195088791872
S1,continuous,A,3,388,7,takeoff,9453.71230821517,9483.71230821517,30.0,124.30863345370199
S1,continuous,A,1,388,7,landing,10039.403674761468,10229.403674761468,190.0,523.3025997535187
S1,continuous,A,3,389,52,takeoff,9673.71230821517,9703.71230821517,30.0,233.34477557660648
S1,continuous,A,5,389,52,landing,10500.279232948964,10690.279232948964,190.0,784.6141150946769
S1,continuous,A,4,390,3,takeoff,9930.367532638564,9960.367532638564,30.0,436.6552244233935
S1,continuous,A,6,390,3,landing,12665.567119843727,12855.567119843727,190.0,2672.2865422288414
S1,continuous,A,5,391,65,takeoff,10690.279232948964,10720.279232948964,30.0,1186.60188220107
S1,continuous,A,0,391,65,landing,11193.677350747894,11383.677350747894,190.0,421.3854794266299
S1,continuous,A,0,392,45,takeoff,10593.677350747894,10623.677350747894,30.0,1088.6476275351579
S1,continuous,A,6,392,45,landing,12855.567119843727,13045.567119843727,190.0,2202.7258955143807
S1,continuous,A,1,393,16,takeoff,10229.403674761468,10259.403674761468,30.0,710.0
S1,continuous,A,5,393,16,landing,10720.279232948964,10910.279232948964,190.0,442.5888688355244
S1,continuous,A,2,394,61,takeoff,12682.77489514383,12712.77489514383,30.0,3152.495662194866
S1,continuous,A,7,394,61,landing,12810.081893759982,13000.081893759982,190.0,86.66687553370684
S1,continuous,A,2,395,54,takeoff,12712.77489514383,12742.77489514383,30.0,3171.990758760936
S1,continuous,A,6,395,54,landing,13045.567119843727,13235.567119843727,190.0,300.0
S1,continuous,A,5,396,39,takeoff,10910.279232948964,10940.279232948964,30.0,1337.5043378051341
S1,continuous,A,2,396,39,landing,12742.77489514383,12932.77489514383,190.0,1784.9913243897317
S1,continuous,A,2,397,68,takeoff,12932.77489514383,12962.77489514383,30.0,3302.407362505266
S1,continuous,A,4,397,68,landing,13010.367532638562,13200.367532638562,190.0,0.0
S1,continuous,A,1,398,53,takeoff,10259.403674761468,10289.403674761468,30.0,565.7263240135744
S1,continuous,A,7,398,53,landing,11433.415018226275,11623.415018226275,190.0,1130.7322144965383
S1,continuous,A,3,399,71,takeoff,9703.71230821517,9733.71230821517,30.0,8.68258500243428
S1,continuous,A,2,399,71,landing,12962.77489514383,13152.77489514383,190.0,3192.2722749981203
S1,continuous,A,6,400,51,takeoff,13235.567119843727,13265.567119843727,30.0,3526.1634450822585
S1,continuous,A,2,400,51,landing,13263.57636108279,13453.57636108279,190.0,0.0
S1,continuous,A,0,401,36,takeoff,11383.677350747894,11413.677350747894,30.0,1663.39811779893
S1,continuous,A,1,401,36,landing,11479.989331659877,11669.989331659877,190.0,0.0
S1,continuous,A,0,402,50,takeoff,11413.677350747894,11443.677350747894,30.0,1682.893214365
S1,continuous,A,1,402,50,landing,11669.989331659877,11859.989331659877,190.0,160.0
S1,continuous,A,4,403,4,takeoff,9960.367532638564,9990.367532638564,30.0,197.59263749473394
S1,continuous,A,7,403,4,landing,11623.415018226275,11813.415018226275,190.0,1599.3384176249638
S1,continuous,A,5,404,32,takeoff,10940.279232948964,10970.279232948964,30.0,1056.60188220107
S1,continuous,A,0,404,32,landing,11443.677350747894,11633.677350747894,190.0,421.3854794266299
S1,continuous,A,2,405,28,takeoff,13152.77489514383,13182.77489514383,30.0,3267.745171931094
S1,continuous,A,6,405,28,landing,13265.567119843727,13455.567119843727,190.0,80.0
S1,continuous,A,1,406,5,takeoff,10289.403674761468,10319.403674761468,30.0,379.1244418125043
S1,continuous,A,5,406,5,landing,10970.279232948964,11160.279232948964,190.0,632.5888688355244
S1,continuous,A,5,407,42,takeoff,11160.279232948964,11190.279232948964,30.0,1239.49509656607
S1,continuous,A,1,407,42,landing,11239.403674761468,11429.403674761468,190.0,30.83775246053301
S1,continuous,A,2,408,14,takeoff,13182.77489514383,13212.77489514383,30.0,3200.0
S1,continuous,A,7,408,14,landing,13223.415018226275,13413.415018226275,190.0,0.0
S1,continuous,A,2,409,60,takeoff,13212.77489514383,13242.77489514383,30.0,3199.091648119769
S1,continuous,A,4,409,60,landing,13290.367532638562,13480.367532638562,190.0,0.0
S1,continuous,A,2,410,24,takeoff,13453.57636108279,13483.57636108279,30.0,3434.0111540084217
S1,continuous,A,1,410,24,landing,13520.20514070043,13710.20514070043,190.0,0.0
S1,continuous,A,4,411,7,takeoff,10193.68324702406,10223.68324702406,30.0,144.2795722625924
S1,continuous,A,5,411,7,landing,11190.279232948964,11380.279232948964,190.0,932.16436494761
S1,continuous,A,1,412,18,takeoff,10319.403674761468,10349.403674761468,30.0,245.7263240135744
S1,continuous,A,4,412,18,landing,10698.738791175483,10888.738791175483,190.0,295.0555441514225
S1,continuous,A,2,413,12,takeoff,13483.57636108279,13513.57636108279,30.0,3408.546637870055
S1,continuous,A,6,413,12,landing,13516.368585782688,13706.368585782688,190.0,0.0
S1,continuous,A,5,414,46,takeoff,11380.279232948964,11410.279232948964,30.0,1279.9999999999982
S1,continuous,A,0,414,46,landing,11633.677350747894,11823.677350747894,190.0,171.3854794266299
S1,continuous,A,0,415,37,takeoff,11823.677350747894,11853.677350747894,30.0,1712.893214365
S1,continuous,A,1,415,37,landing,11919.989331659877,12109.989331659877,190.0,0.0
S1,continuous,A,4,416,9,takeoff,10223.68324702406,10253.68324702406,30.0,50.90835188023084
S1,continuous,A,6,416,9,landing,13706.368585782688,13896.368585782688,190.0,3419.7722937823055
S1,continuous,A,3,417,29,takeoff,10389.565207074369,10419.565207074369,30.0,180.0
S1,continuous,A,0,417,29,landing,12073.677350747894,12263.677350747894,190.0,1584.47021646342
S1,continuous,A,7,418,47,takeoff,10537.920418697167,10567.920418697167,30.0,247.6411857482035
S1,continuous,A,1,418,47,landing,10819.989331659877,11009.989331659877,190.0,247.8366613830167
S1,continuous,A,6,419,27,takeoff,13455.567119843727,13485.567119843727,30.0,3161.889769095833
S1,continuous,A,3,419,27,landing,13502.04319897508,13692.04319897508,190.0,0.0
S1,continuous,A,3,420,17,takeoff,10419.565207074369,10449.565207074369,30.0,118.78107069147518
S1,continuous,A,0,420,17,landing,12263.677350747894,12453.677350747894,190.0,1744.47021646342
S1,continuous,A,5,421,73,takeoff,11410.279232948964,11440.279232948964,30.0,1091.4056916403715
S1,continuous,A,0,421,73,landing,12453.677350747894,12643.677350747894,190.0,961.3854794266299
S1,continuous,A,0,422,13,takeoff,11853.677350747894,11883.677350747894,30.0,1524.9385595724107
S1,continuous,A,1,422,13,landing,12109.989331659877,12299.989331659877,190.0,160.0
S1,continuous,A,6,423,49,takeoff,13485.567119843727,13515.567119843727,30.0,3122.792224699897
S1,continuous,A,7,423,49,landing,13500.081893759982,13690.081893759982,190.0,0.0
S1,continuous,A,3,424,31,takeoff,10892.23204258808,10922.23204258808,30.0,401.4479062051869
S1,continuous,A,0,424,31,landing,12879.948009964346,13069.948009964346,190.0,1888.0740401661606
S1,continuous,A,6,425,52,takeoff,13896.368585782688,13926.368585782688,30.0,3386.0893528337238
S1,continuous,A,5,425,52,landing,13924.720524868106,14114.720524868106,190.0,0.0
S1,continuous,A,3,426,72,takeoff,10922.23204258808,10952.23204258808,30.0,403.4932514125976
S1,continuous,A,7,426,72,landing,11813.415018226275,12003.415018226275,190.0,843.6675756612458
S1,continuous,A,1,427,8,takeoff,10522.23204258808,10552.23204258808,30.0,0.0
S1,continuous,A,7,427,8,landing,12253.415018226275,12443.415018226275,190.0,1687.9038466699258
S1,continuous,A,0,428,22,takeoff,12643.677350747894,12673.677350747894,30.0,2030.902455604064
S1,continuous,A,1,428,22,landing,12739.989331659877,12929.989331659877,190.0,0.0
S1,continuous,A,1,429,41,takeoff,11009.989331659877,11039.989331659877,30.0,395.6211908221776
S1,continuous,A,2,429,41,landing,13513.57636108279,13703.57636108279,190.0,2436.958249805275
S1,continuous,A,3,430,69,takeoff,10952.23204258808,10982.23204258808,30.0,318.55469184018693
S1,continuous,A,6,430,69,landing,13926.368585782688,14116.368585782688,190.0,2922.877480602421
S1,continuous,A,4,431,70,takeoff,10888.738791175483,10918.738791175483,30.0,248.74945951560585
S1,continuous,A,5,431,70,landing,11440.279232948964,11630.279232948964,190.0,487.1088207961875
S1,continuous,A,4,432,33,takeoff,10918.738791175483,10948.738791175483,30.0,237.95465479258928
S1,continuous,A,5,432,33,landing,11630.279232948964,11820.279232948964,190.0,647.1088207961875
S1,continuous,A,2,433,18,takeoff,13703.57636108279,13733.57636108279,30.0,2994.8375699073076
S1,continuous,A,5,433,18,landing,14114.720524868106,14304.720524868106,190.0,363.63982598018083
S1,continuous,A,1,434,20,takeoff,11429.403674761468,11459.403674761468,30.0,717.1716321733875
S1,continuous,A,4,434,20,landing,11513.68324702406,11703.68324702406,190.0,0.0
S1,continuous,A,7,435,16,takeoff,11183.415018226275,11213.415018226275,30.0,453.1357852773108
S1,continuous,A,1,435,16,landing,12499.403674761468,12689.403674761468,190.0,1281.7564049555003
S1,continuous,A,6,436,1,takeoff,14116.368585782688,14146.368585782688,30.0,3313.593690638858
S1,continuous,A,1,436,1,landing,14160.379557262708,14350.379557262708,190.0,0.0
S1,continuous,A,0,437,48,takeoff,13069.948009964346,13099.948009964346,30.0,2265.5798691266464
S1,continuous,A,3,437,48,landing,13169.58993717445,13359.58993717445,190.0,0.0
S1,continuous,A,0,438,34,takeoff,13099.948009964346,13129.948009964346,30.0,2276.2706592164523
S1,continuous,A,2,438,34,landing,13733.57636108279,13923.57636108279,190.0,552.7258955143807
S1,continuous,A,4,439,47,takeoff,10948.738791175483,10978.738791175483,30.0,118.74945951560585
S1,continuous,A,5,439,47,landing,11820.279232948964,12010.279232948964,190.0,807.1088207961875
S1,continuous,A,6,440,0,takeoff,14146.368585782688,14176.368585782688,30.0,3275.584449399794
S1,continuous,A,0,440,0,landing,14200.749475903307,14390.749475903307,190.0,0.0
S1,continuous,A,4,441,5,takeoff,10980.279232948964,11010.279232948964,30.0,0.0
S1,continuous,A,5,441,5,landing,12010.279232948964,12200.279232948964,190.0,965.5683790227067
S1,continuous,A,1,442,40,takeoff,11859.989331659877,11889.989331659877,30.0,865.6211908221776
S1,continuous,A,2,442,40,landing,13923.57636108279,14113.57636108279,190.0,1996.958249805275
S1,continuous,A,1,443,26,takeoff,11889.989331659877,11919.989331659877,30.0,876.3119809119835
S1,continuous,A,7,443,26,landing,13000.081893759982,13190.081893759982,190.0,1066.813433131836
S1,continuous,A,3,444,56,takeoff,11022.77489514383,11052.77489514383,30.0,0.0
S1,continuous,A,0,444,56,landing,13129.948009964346,13319.948009964346,190.0,2007.5311876104115
S1,continuous,A,5,445,57,takeoff,12200.279232948964,12230.279232948964,30.0,1140.8755581874957
S1,continuous,A,6,445,57,landing,14176.368585782688,14366.368585782688,190.0,1942.9544302874729
S1,continuous,A,6,446,6,takeoff,14366.368585782688,14396.368585782688,30.0,3305.584449399794
S1,continuous,A,2,446,6,landing,14394.377827021752,14584.377827021752,190.0,0.0
S1,continuous,A,5,447,7,takeoff,12230.279232948964,12260.279232948964,30.0,1030.0
S1,continuous,A,7,447,7,landing,13690.081893759982,13880.081893759982,190.0,1428.0001464456163
S1,continuous,A,5,448,65,takeoff,12260.279232948964,12290.279232948964,30.0,1056.60188220107
S1,continuous,A,0,448,65,landing,13319.948009964346,13509.948009964346,190.0,977.6561386430822
S1,continuous,A,3,449,30,takeoff,11242.77489514383,11272.77489514383,30.0,0.0
S1,continuous,A,6,449,30,landing,14396.368585782688,14586.368585782688,190.0,3102.334628046672
S1,continuous,A,1,450,35,takeoff,12689.403674761468,12719.403674761468,30.0,1445.0355339237685
S1,continuous,A,4,450,35,landing,12773.68324702406,12963.68324702406,190.0,0.0
S1,continuous,A,1,451,42,takeoff,12929.989331659877,12959.989331659877,30.0,1680.585656898409
S1,continuous,A,0,451,42,landing,13509.948009964346,13699.948009964346,190.0,483.6466973924853
S1,continuous,A,7,452,63,takeoff,12003.415018226275,12033.415018226275,30.0,752.6308818433808
S1,continuous,A,2,452,63,landing,14113.57636108279,14303.57636108279,190.0,2078.568097162646
S1,continuous,A,6,453,21,takeoff,14586.368585782688,14616.368585782688,30.0,3153.593690638858
S1,continuous,A,4,453,21,landing,14644.498647298176,14834.498647298176,190.0,0.0
S1,continuous,A,6,454,53,takeoff,14616.368585782688,14646.368585782688,30.0,3182.000444944988
S1,continuous,A,2,454,53,landing,14644.377827021752,14834.377827021752,190.0,0.0
S1,continuous,A,3,455,10,takeoff,11440.784136382894,11470.784136382894,30.0,0.0
S1,continuous,A,1,455,10,landing,12959.989331659877,13149.989331659877,190.0,1456.8164284842042
S1,continuous,A,4,456,70,takeoff,11450.279232948964,11480.279232948964,30.0,0.0
S1,continuous,A,6,456,70,landing,14646.368585782688,14836.368585782688,190.0,3133.176307857402
S1,continuous,A,6,457,32,takeoff,14836.368585782688,14866.368585782688,30.0,3382.691235034794
S1,continuous,A,1,457,32,landing,14880.379557262708,15070.379557262708,190.0,0.0
S1,continuous,A,5,458,36,takeoff,12290.279232948964,12320.279232948964,30.0,800.2899012890866
S1,continuous,A,3,458,36,landing,12332.23204258808,12522.23204258808,190.0,0.0
S1,continuous,A,4,459,20,takeoff,11703.68324702406,11733.68324702406,30.0,180.0
S1,continuous,A,3,459,20,landing,11787.028022600667,11977.028022600667,190.0,0.0
S1,continuous,A,1,460,74,takeoff,13149.989331659877,13179.989331659877,30.0,1527.2144365160475
S1,continuous,A,3,460,74,landing,13692.04319897508,13882.04319897508,190.0,479.665100522423
S1,continuous,A,0,461,4,takeoff,13699.948009964346,13729.948009964346,30.0,2075.5798691266464
S1,continuous,A,6,461,4,landing,14866.368585782688,15056.368585782688,190.0,1107.2567022368894
S1,continuous,A,2,462,44,takeoff,14303.57636108279,14333.57636108279,30.0,2672.792224699897
S1,continuous,A,7,462,44,landing,14344.216484165236,14534.216484165236,190.0,0.0
S1,continuous,A,1,463,33,takeoff,13179.989331659877,13209.989331659877,30.0,1539.7100987109134
S1,continuous,A,7,463,33,landing,13880.081893759982,14070.081893759982,190.0,656.8134331318361
S1,continuous,A,7,464,46,takeoff,12033.415018226275,12063.415018226275,30.0,389.7376674783809
S1,continuous,A,0,464,46,landing,13729.948009964346,13919.948009964346,190.0,1641.3368011773728
S1,continuous,A,5,465,50,takeoff,12510.279232948964,12540.279232948964,30.0,830.2899012890866
S1,continuous,A,1,465,50,landing,13209.989331659877,13399.989331659877,190.0,651.4234093589421
S1,continuous,A,7,466,20,takeoff,12443.415018226275,12473.415018226275,30.0,646.3869956256076
S1,continuous,A,3,466,20,landing,12812.04319897508,13002.04319897508,190.0,330.1596581604317
S1,continuous,A,4,467,72,takeoff,11814.3681408377,11844.3681408377,30.0,0.0
S1,continuous,A,3,467,72,landing,11977.028022600667,12167.028022600667,190.0,79.31510618636094
S1,continuous,A,0,468,11,takeoff,13919.948009964346,13949.948009964346,30.0,2099.163873581452
S1,continuous,A,4,468,11,landing,14031.877037677421,14221.877037677421,190.0,0.0
S1,continuous,A,4,469,47,takeoff,11844.3681408377,11874.3681408377,30.0,14.088907888735775
S1,continuous,A,7,469,47,landing,14070.081893759982,14260.081893759982,190.0,2162.0046849595346
S1,continuous,A,7,470,15,takeoff,12473.415018226275,12503.415018226275,30.0,630.6401230824449
S1,continuous,A,5,470,15,landing,12540.279232948964,12730.279232948964,190.0,44.10857774586293
S1,continuous,A,3,471,55,takeoff,12167.028022600667,12197.028022600667,30.0,273.3506718527733
S1,continuous,A,5,471,55,landing,12730.279232948964,12920.279232948964,190.0,521.29840070918
S1,continuous,A,3,472,37,takeoff,12197.028022600667,12227.028022600667,30.0,267.0386909407898
S1,continuous,A,7,472,37,landing,14534.216484165236,14724.216484165236,190.0,2289.6730615876204
S1,continuous,A,7,473,72,takeoff,12503.415018226275,12533.415018226275,30.0,516.3869956256076
S1,continuous,A,2,473,72,landing,14834.377827021752,15024.377827021752,190.0,2299.369563101607
S1,continuous,A,1,474,23,takeoff,13399.989331659877,13429.989331659877,30.0,1389.2051952769834
S1,continuous,A,5,474,23,landing,13448.276021011849,13638.276021011849,190.0,0.0
S1,continuous,A,3,475,5,takeoff,12227.028022600667,12257.028022600667,30.0,206.7487896517032
S1,continuous,A,4,475,5,landing,12310.372798177274,12500.372798177274,190.0,0.0
S1,continuous,A,3,476,58,takeoff,12257.028022600667,12287.028022600667,30.0,194.25312745683732
S1,continuous,A,7,476,58,landing,14724.216484165236,14914.216484165236,190.0,2419.6730615876204
S1,continuous,A,7,477,25,takeoff,12533.415018226275,12563.415018226275,30.0,469.046877388575
S1,continuous,A,1,477,25,landing,13710.20514070043,13900.20514070043,190.0,1142.5578708944613
S1,continuous,A,2,478,29,takeoff,14333.57636108279,14363.57636108279,30.0,2249.899010334897
S1,continuous,A,4,478,29,landing,14411.168998577523,14601.168998577523,190.0,0.0
S1,continuous,A,5,479,13,takeoff,12920.279232948964,12950.279232948964,30.0,800.2899012890866
S1,continuous,A,7,479,13,landing,14914.216484165236,15104.216484165236,190.0,1962.1347368508705
S1,continuous,A,3,480,64,takeoff,12287.028022600667,12317.028022600667,30.0,86.24388621777325
S1,continuous,A,0,480,64,landing,13949.948009964346,14139.948009964346,190.0,1563.2780601535742
S1,continuous,A,7,481,8,takeoff,12563.415018226275,12593.415018226275,30.0,309.046877388575
S1,continuous,A,2,481,8,landing,15024.377827021752,15214.377827021752,190.0,2429.369563101607
S1,continuous,A,6,482,17,takeoff,15056.368585782688,15086.368585782688,30.0,2782.691235034794
S1,continuous,A,2,482,17,landing,15214.377827021752,15404.377827021752,190.0,130.0
S1,continuous,A,0,483,43,takeoff,14139.948009964346,14169.948009964346,30.0,1827.1731148205163
S1,continuous,A,2,483,43,landing,15404.377827021752,15594.377827021752,190.0,1183.5273614533417
S1,continuous,A,6,484,62,takeoff,15086.368585782688,15116.368585782688,30.0,2766.9649110212195
S1,continuous,A,5,484,62,landing,15114.720524868106,15304.720524868106,190.0,0.0
S1,continuous,A,3,485,5,takeoff,12522.23204258808,12552.23204258808,30.0,201.85924441080715
S1,continuous,A,7,485,5,landing,15104.216484165236,15294.216484165236,190.0,2534.4690416002068
S1,continuous,A,0,486,38,takeoff,14169.948009964346,14199.948009964346,30.0,1839.6687770153821
S1,continuous,A,6,486,38,landing,15116.368585782688,15306.368585782688,190.0,887.2567022368894
S1,continuous,A,2,487,36,takeoff,14363.57636108279,14393.57636108279,30.0,2021.34431849471
S1,continuous,A,1,487,36,landing,14430.20514070043,14620.20514070043,190.0,0.0
S1,continuous,A,1,488,67,takeoff,13429.989331659877,13459.989331659877,30.0,1039.2051952769834
S1,continuous,A,3,488,67,landing,13882.04319897508,14072.04319897508,190.0,389.665100522423
S1,continuous,A,5,489,73,takeoff,12950.279232948964,12980.279232948964,30.0,486.6018822010701
S1,continuous,A,4,489,73,landing,13480.367532638562,13670.367532638562,190.0,465.6566787123047
S1,continuous,A,7,490,66,takeoff,13190.081893759982,13220.081893759982,30.0,687.3069986161518
S1,continuous,A,4,490,66,landing,13670.367532638562,13860.367532638562,190.0,425.62344830440816
S1,continuous,A,7,491,16,takeoff,13413.415018226275,13443.415018226275,30.0,904.0113434648065
S1,continuous,A,4,491,16,landing,14834.498647298176,15024.498647298176,190.0,1366.4214384977295
S1,continuous,A,4,492,15,takeoff,12550.279232948964,12580.279232948964,30.0,0.0
S1,continuous,A,6,492,15,landing,15306.368585782688,15496.368585782688,190.0,2693.176307857402
S1,continuous,A,2,493,2,takeoff,14584.377827021752,14614.377827021752,30.0,1963.3428106503452
S1,continuous,A,7,493,2,landing,15294.216484165236,15484.216484165236,190.0,669.198534061039
S1,continuous,A,0,494,19,takeoff,14390.749475903307,14420.749475903307,30.0,1758.7062769282275
S1,continuous,A,7,494,19,landing,15484.216484165236,15674.216484165236,190.0,1029.223940312655
S1,continuous,A,3,495,3,takeoff,13002.04319897508,13032.04319897508,30.0,331.2590625921857
S1,continuous,A,0,495,3,landing,14420.749475903307,14610.749475903307,190.0,1319.0643497181227
S1,continuous,A,4,496,59,takeoff,12699.948009964346,12729.948009964346,30.0,0.0
S1,continuous,A,5,496,59,landing,12980.279232948964,13170.279232948964,190.0,215.89960200732457
S1,continuous,A,7,497,55,takeoff,13443.415018226275,13473.415018226275,30.0,703.1357852773108
S1,continuous,A,4,497,55,landing,15024.498647298176,15214.498647298176,190.0,1526.4214384977295
S1,continuous,A,7,498,22,takeoff,14260.081893759982,14290.081893759982,30.0,1510.0925621001043
S1,continuous,A,3,498,22,landing,14298.550416348355,14488.550416348355,190.0,0.0
S1,continuous,A,3,499,39,takeoff,13032.04319897508,13062.04319897508,30.0,279.2683038312498
S1,continuous,A,6,499,39,landing,15496.368585782688,15686.368585782688,190.0,2413.0663242154224
S1,continuous,A,5,500,35,takeoff,13170.279232948964,13200.279232948964,30.0,386.5959859249033
S1,continuous,A,4,500,35,landing,15214.498647298176,15404.498647298176,190.0,1979.7877933719192
S1,continuous,A,1,501,61,takeoff,13459.989331659877,13489.989331659877,30.0,648.9543152884708
S1,continuous,A,2,501,61,landing,15594.377827021752,15784.377827021752,190.0,2067.759715744236
S1,continuous,A,0,502,20,takeoff,14610.749475903307,14640.749475903307,30.0,1788.7062769282275
S1,continuous,A,4,502,20,landing,15404.498647298176,15594.498647298176,190.0,681.8201436817944
S1,continuous,A,6,503,45,takeoff,15686.368585782688,15716.368585782688,30.0,2825.584449399794
S1,continuous,A,4,503,45,landing,15744.498647298176,15934.498647298176,190.0,0.0
S1,continuous,A,3,504,31,takeoff,13062.04319897508,13092.04319897508,30.0,172.09518901073352
S1,continuous,A,6,504,31,landing,15716.368585782688,15906.368585782688,190.0,2603.0663242154224
S1,continuous,A,5,505,10,takeoff,13200.279232948964,13230.279232948964,30.0,230.28990128908663
S1,continuous,A,3,505,10,landing,14072.04319897508,14262.04319897508,190.0,829.8111563869988
S1,continuous,A,6,506,71,takeoff,15906.368585782688,15936.368585782688,30.0,2933.593690638858
S1,continuous,A,7,506,71,landing,15920.883359698943,16110.883359698943,190.0,0.0
S1,continuous,A,4,507,59,takeoff,13200.367532638562,13230.367532638562,30.0,210.088299689598
S1,continuous,A,1,507,59,landing,13900.20514070043,14090.20514070043,190.0,615.5580357992749
S1,continuous,A,5,508,26,takeoff,13230.279232948964,13260.279232948964,30.0,229.24421657755738
S1,continuous,A,4,508,26,landing,15934.498647298176,16124.498647298176,190.0,2639.787793371919
S1,continuous,A,0,509,68,takeoff,14640.749475903307,14670.749475903307,30.0,1620.3819432647451
S1,continuous,A,4,509,68,landing,16124.498647298176,16314.498647298176,190.0,1371.8201436817944
S1,continuous,A,1,510,54,takeoff,13489.989331659877,13519.989331659877,30.0,439.20519527698343
S1,continuous,A,0,510,54,landing,14670.749475903307,14860.749475903307,190.0,1084.4481633314463
S1,continuous,A,5,511,56,takeoff,13260.279232948964,13290.279232948964,30.0,120.33122298461785
S1,continuous,A,0,511,56,landing,14860.749475903307,15050.749475903307,190.0,1518.4576045820431
S1,continuous,A,1,512,48,takeoff,14090.20514070043,14120.20514070043,30.0,910.6152035259784
S1,continuous,A,6,512,48,landing,15936.368585782688,16126.368585782688,190.0,1797.3694901414055
S1,continuous,A,3,513,50,takeoff,13359.58993717445,13389.58993717445,30.0,139.60060551457354
S1,continuous,A,5,513,50,landing,13638.276021011849,13828.276021011849,190.0,236.73327419828092
S1,continuous,A,0,514,14,takeoff,15050.749475903307,15080.749475903307,30.0,1826.3813350656073
S1,continuous,A,1,514,14,landing,15147.06145681529,15337.06145681529,190.0,0.0
S1,continuous,A,0,515,28,takeoff,15080.749475903307,15110.749475903307,30.0,1809.9653395204132
S1,continuous,A,3,515,28,landing,15180.391403113412,15370.391403113412,190.0,0.0
S1,continuous,A,1,516,51,takeoff,14120.20514070043,14150.20514070043,30.0,846.6287796176384
S1,continuous,A,3,516,51,landing,14488.550416348355,14678.550416348355,190.0,305.95650885514624
S1,continuous,A,7,517,60,takeoff,14290.081893759982,14320.081893759982,30.0,989.7143611214196
S1,continuous,A,2,517,60,landing,15784.377827021752,15974.377827021752,190.0,1462.7026875679003
S1,continuous,A,2,518,65,takeoff,14614.377827021752,14644.377827021752,30.0,1284.4298170574057
S1,continuous,A,4,518,65,landing,16314.498647298176,16504.498647298176,190.0,1622.5281827816925
S1,continuous,A,7,519,23,takeoff,15674.216484165236,15704.216484165236,30.0,2215.940463153387
S1,continuous,A,2,519,23,landing,15974.377827021752,16164.377827021752,190.0,268.56809716264615
S1,continuous,A,2,520,73,takeoff,16164.377827021752,16194.377827021752,30.0,2674.01029438319
S1,continuous,A,4,520,73,landing,16504.498647298176,16694.498647298176,190.0,262.5281827816925
S1,continuous,A,2,521,49,takeoff,16194.377827021752,16224.377827021752,30.0,2693.342810650345
S1,continuous,A,4,521,49,landing,16694.498647298176,16884.498647298176,190.0,422.5281827816925
S1,continuous,A,0,522,27,takeoff,15110.749475903307,15140.749475903307,30.0,1598.7062769282275
S1,continuous,A,2,522,27,landing,16224.377827021752,16414.37782702175,190.0,1032.7258955143807
S1,continuous,A,2,523,42,takeoff,16414.37782702175,16444.37782702175,30.0,2894.4298170574057
S1,continuous,A,4,523,42,landing,16884.498647298176,17074.498647298176,190.0,392.52818278169434
S1,continuous,A,4,524,12,takeoff,13860.367532638562,13890.367532638562,30.0,338.7819303167071
S1,continuous,A,7,524,12,landing,15704.216484165236,15894.216484165236,190.0,1780.1398835639266
S1,continuous,A,3,525,41,takeoff,14262.04319897508,14292.04319897508,30.0,738.4668378922888
S1,continuous,A,4,525,41,landing,17074.498647298176,17264.498647298176,190.0,2729.1106727464903
S1,continuous,A,3,526,24,takeoff,14678.550416348355,14708.550416348355,30.0,1148.3452756479255
S1,continuous,A,0,526,24,landing,15140.749475903307,15330.749475903307,190.0,362.55713234484756
S1,continuous,A,5,527,50,takeoff,13828.276021011849,13858.276021011849,30.0,180.0
S1,continuous,A,4,527,50,landing,17264.498647298176,17454.498647298176,190.0,3371.7910053090345
S1,continuous,A,5,528,66,takeoff,13858.276021011849,13888.276021011849,30.0,177.90848837328667
S1,continuous,A,3,528,66,landing,14708.550416348355,14898.550416348355,190.0,808.3215856973893
S1,continuous,A,4,529,7,takeoff,13890.367532638562,13920.367532638562,30.0,199.33251626715537
S1,continuous,A,0,529,7,landing,15330.749475903307,15520.749475903307,190.0,1328.4529155516702
S1,continuous,A,3,530,74,takeoff,14898.550416348355,14928.550416348355,30.0,1196.5072173732751
S1,continuous,A,0,530,74,landing,15520.749475903307,15710.749475903307,190.0,522.5571323448476
S1,continuous,A,5,531,9,takeoff,13888.276021011849,13918.276021011849,30.0,176.69041868999375
S1,continuous,A,1,531,9,landing,14620.20514070043,14810.20514070043,190.0,683.6424303366093
S1,continuous,A,6,532,25,takeoff,16126.368585782688,16156.368585782688,30.0,2406.1634450822585
S1,continuous,A,3,532,25,landing,16172.84466491404,16362.84466491404,190.0,0.0
S1,continuous,A,3,533,46,takeoff,14928.550416348355,14958.550416348355,30.0,1188.6024063840086
S1,continuous,A,1,533,46,landing,15337.06145681529,15527.06145681529,190.0,346.12227367415653
S1,continuous,A,5,534,34,takeoff,14304.720524868106,14334.720524868106,30.0,561.144163785315
S1,continuous,A,1,534,34,landing,15527.06145681529,15717.06145681529,190.0,1174.0542425952135
S1,continuous,A,0,535,33,takeoff,15710.749475903307,15740.749475903307,30.0,1829.7144595319005
S1,continuous,A,2,535,33,landing,16444.37782702175,16634.37782702175,190.0,652.7258955143807
S1,continuous,A,2,536,67,takeoff,16634.37782702175,16664.37782702175,30.0,2742.334628046672
S1,continuous,A,5,536,67,landing,16681.882164826882,16871.882164826882,190.0,0.0
S1,continuous,A,5,537,59,takeoff,14334.720524868106,14364.720524868106,30.0,424.51538416767653
S1,continuous,A,7,537,59,landing,16110.883359698943,16300.883359698943,190.0,1744.3603204654355
S1,continuous,A,3,538,69,takeoff,14958.550416348355,14988.550416348355,30.0,1026.9648140264999
S1,continuous,A,0,538,69,landing,15740.749475903307,15930.749475903307,190.0,682.5571323448476
S1,continuous,A,2,539,40,takeoff,16664.37782702175,16694.37782702175,30.0,2730.801465938961
S1,continuous,A,6,539,40,landing,16697.17005172165,16887.17005172165,190.0,0.0
S1,continuous,A,3,540,52,takeoff,14988.550416348355,15018.550416348355,30.0,1053.829891480249
S1,continuous,A,2,540,52,landing,16694.37782702175,16884.37782702175,190.0,1639.0370987428578
S1,continuous,A,0,541,64,takeoff,15930.749475903307,15960.749475903307,30.0,1970.801465938961
S1,continuous,A,6,541,64,landing,16156.368585782688,16346.368585782688,190.0,166.45523629792842
S1,continuous,A,2,542,11,takeoff,16884.37782702175,16914.37782702175,30.0,2842.5007893443308
S1,continuous,A,1,542,11,landing,16951.00660663939,17141.00660663939,190.0,0.0
S1,continuous,A,4,543,47,takeoff,14221.877037677421,14251.877037677421,30.0,150.84202130601443
S1,continuous,A,5,543,47,landing,14364.720524868106,14554.720524868106,190.0,78.41186621339148
S1,continuous,A,5,544,10,takeoff,14554.720524868106,14584.720524868106,30.0,472.67732589302614
S1,continuous,A,2,544,10,landing,16914.37782702175,17104.37782702175,190.0,2312.152964348512
S1,continuous,A,1,545,63,takeoff,14350.379557262708,14380.379557262708,30.0,226.803196179917
S1,continuous,A,3,545,63,landing,15370.391403113412,15560.391403113412,190.0,957.6230790579248
S1,continuous,A,3,546,18,takeoff,15018.550416348355,15048.550416348355,30.0,893.829891480249
S1,continuous,A,1,546,18,landing,15717.06145681529,15907.06145681529,190.0,636.1222736741565
S1,continuous,A,0,547,1,takeoff,15960.749475903307,15990.749475903307,30.0,1790.3699186405993
S1,continuous,A,4,547,1,landing,17454.498647298176,17644.498647298176,190.0,1381.8201436817944
S1,continuous,A,2,548,57,takeoff,17104.37782702175,17134.37782702175,30.0,2922.792224699897
S1,continuous,A,4,548,57,landing,17644.498647298176,17834.498647298176,190.0,462.52818278169434
S1,continuous,A,1,549,0,takeoff,14380.379557262708,14410.379557262708,30.0,169.63008135940072
S1,continuous,A,0,549,0,landing,15990.749475903307,16180.749475903307,190.0,1514.0579377286158
S1,continuous,A,5,550,22,takeoff,14584.720524868106,14614.720524868106,30.0,276.170108519751
S1,continuous,A,1,550,22,landing,15907.06145681529,16097.06145681529,190.0,1274.0542425952135
S1,continuous,A,0,551,44,takeoff,16180.749475903307,16210.749475903307,30.0,1835.5798691266464
S1,continuous,A,5,551,44,landing,16262.762114275607,16452.762114275607,190.0,0.0
S1,continuous,A,2,552,47,takeoff,17134.37782702175,17164.37782702175,30.0,2759.657302153646
S1,continuous,A,7,552,47,landing,17175.017950104197,17365.017950104197,190.0,0.0
S1,continuous,A,5,553,30,takeoff,14614.720524868106,14644.720524868106,30.0,213.1349225462509
S1,continuous,A,3,553,30,landing,15560.391403113412,15750.391403113412,190.0,903.7180686061893
S1,continuous,A,4,554,6,takeoff,14601.168998577523,14631.168998577523,30.0,196.79117155577114
S1,continuous,A,2,554,6,landing,17164.37782702175,17354.37782702175,190.0,2485.6161909494967
S1,continuous,A,5,555,29,takeoff,14644.720524868106,14674.720524868106,30.0,223.55152629058284
S1,continuous,A,6,555,29,landing,16346.368585782688,16536.368585782686,189.99999999999818,1668.513138368331
S1,continuous,A,2,556,3,takeoff,17354.37782702175,17384.37782702175,30.0,2923.6283511184447
S1,continuous,A,5,556,3,landing,17401.882164826882,17591.882164826882,190.0,0.0
S1,continuous,A,6,557,36,takeoff,16536.368585782686,16566.368585782686,30.0,2096.1634450822567
S1,continuous,A,0,557,36,landing,16590.749475903303,16780.749475903303,190.0,0.0
S1,continuous,A,3,558,51,takeoff,15048.550416348355,15078.550416348355,30.0,550.0
S1,continuous,A,1,558,51,landing,16097.06145681529,16287.06145681529,190.0,986.1222736741565
S1,continuous,A,5,559,37,takeoff,14674.720524868106,14704.720524868106,30.0,139.55091809144506
S1,continuous,A,0,559,37,landing,16210.749475903307,16400.749475903307,190.0,1454.0163126629013
S1,continuous,A,7,560,9,takeoff,16300.883359698943,16330.883359698943,30.0,1670.6782189985133
S1,continuous,A,1,560,9,landing,16335.115611278636,16525.115611278634,189.99999999999818,0.0
S1,continuous,A,5,561,70,takeoff,14704.720524868106,14734.720524868106,30.0,53.13492254625089
S1,continuous,A,4,561,70,landing,17834.498647298176,18024.498647298176,190.0,3065.3465014527774
S1,continuous,A,6,562,53,takeoff,16566.368585782686,16596.368585782686,30.0,1911.990758760934
S1,continuous,A,2,562,53,landing,17384.37782702175,17574.37782702175,190.0,790.0000000000036
S1,continuous,A,2,563,21,takeoff,17574.37782702175,17604.37782702175,30.0,2919.8791797235754
S1,continuous,A,3,563,21,landing,17641.16813895229,17831.16813895229,190.0,0.0
S1,continuous,A,6,564,54,takeoff,16596.368585782686,16626.368585782686,30.0,1915.6191098793788
S1,continuous,A,3,564,54,landing,16642.84466491404,16832.84466491404,190.0,0.0
S1,continuous,A,4,565,66,takeoff,15594.498647298176,15624.498647298176,30.0,875.9482309498217
S1,continuous,A,3,565,66,landing,15750.391403113412,15940.391403113412,190.0,72.54798023862895
S1,continuous,A,4,566,58,takeoff,15624.498647298176,15654.498647298176,30.0,899.3290405215157
S1,continuous,A,0,566,58,landing,16780.749475903303,16970.749475903303,190.0,1044.3218008920521
S1,continuous,A,4,567,72,takeoff,15654.498647298176,15684.498647298176,30.0,810.1208202764246
S1,continuous,A,1,567,72,landing,16525.115611278634,16715.115611278634,190.0,786.3373917178651
S1,continuous,A,5,568,16,takeoff,14844.498647298176,14874.498647298176,30.0,0.0
S1,continuous,A,4,568,16,landing,18024.498647298176,18214.498647298176,190.0,3115.5683790227067
S1,continuous,A,2,569,56,takeoff,17604.37782702175,17634.37782702175,30.0,2733.6283511184447
S1,continuous,A,1,569,56,landing,17671.00660663939,17861.00660663939,190.0,0.0
S1,continuous,A,5,570,4,takeoff,14874.498647298176,14904.498647298176,30.0,2.913044976321544
S1,continuous,A,7,570,4,landing,16330.883359698943,16520.883359698943,190.0,1424.5821980353649
S1,continuous,A,6,571,32,takeoff,16626.368585782686,16656.368585782686,30.0,1735.989028519978
S1,continuous,A,3,571,32,landing,16832.84466491404,17022.84466491404,190.0,160.0
S1,continuous,A,3,572,13,takeoff,15078.550416348355,15108.550416348355,30.0,163.38080957169404
S1,continuous,A,5,572,13,landing,15304.720524868106,15494.720524868106,190.0,184.2172988806342
S1,continuous,A,5,573,8,takeoff,15034.377827021752,15064.377827021752,30.0,0.0
S1,continuous,A,2,573,8,landing,17634.37782702175,17824.37782702175,190.0,2552.495662194866
S1,continuous,A,4,574,55,takeoff,15684.498647298176,15714.498647298176,30.0,650.0
S1,continuous,A,6,574,55,landing,16887.17005172165,17077.17005172165,190.0,1139.7583594471507
S1,continuous,A,3,575,5,takeoff,15108.550416348355,15138.550416348355,30.0,3.3808095716940443
S1,continuous,A,6,575,5,landing,17077.17005172165,17267.17005172165,190.0,1917.3605727811082
S1,continuous,A,4,576,38,takeoff,15714.498647298176,15744.498647298176,30.0,592.9130449763215
S1,continuous,A,5,576,38,landing,15778.93026827547,15968.93026827547,190.0,0.0
S1,continuous,A,6,577,62,takeoff,16656.368585782686,16686.368585782686,30.0,1531.6480609145801
S1,continuous,A,2,577,62,landing,17824.37782702175,18014.37782702175,190.0,1140.0000000000036
S1,continuous,A,1,578,24,takeoff,16287.06145681529,16317.06145681529,30.0,1136.3119809119835
S1,continuous,A,4,578,24,landing,18214.498647298176,18404.498647298176,190.0,1843.1576182202934
S1,continuous,A,1,579,14,takeoff,16715.115611278634,16745.115611278634,30.0,1558.0541544633434
S1,continuous,A,4,579,14,landing,18404.498647298176,18594.498647298176,190.0,1605.1034637569537
S1,continuous,A,4,580,28,takeoff,18594.498647298176,18624.498647298176,30.0,3404.1072441847646
S1,continuous,A,6,580,28,landing,18657.411692274494,18847.411692274494,190.0,0.0
S1,continuous,A,1,581,17,takeoff,16745.115611278634,16775.115611278634,30.0,1520.7377842568822
S1,continuous,A,4,581,17,landing,18624.498647298176,18814.498647298176,190.0,1795.1034637569537
S1,continuous,A,3,582,35,takeoff,15940.391403113412,15970.391403113412,30.0,715.8927558152354
S1,continuous,A,5,582,35,landing,15982.344212752529,16172.344212752529,190.0,0.0
S1,continuous,A,4,583,2,takeoff,18814.498647298176,18844.498647298176,30.0,3519.3290405215157
S1,continuous,A,7,583,2,landing,18878.207715260924,19068.207715260924,190.0,0.0
S1,continuous,A,2,584,15,takeoff,18014.37782702175,18044.37782702175,30.0,2702.792224699897
S1,continuous,A,4,584,15,landing,18844.498647298176,19034.498647298176,190.0,752.5281827816943
S1,continuous,A,7,585,13,takeoff,16520.883359698943,16550.883359698943,30.0,1206.1628348308368
S1,continuous,A,0,585,13,landing,16970.749475903303,17160.749475903303,190.0,394.66992564365864
S1,continuous,A,4,586,7,takeoff,19034.498647298176,19064.498647298176,30.0,3693.7491713948693
S1,continuous,A,6,586,7,landing,19097.411692274494,19287.411692274494,190.0,0.0
S1,continuous,A,4,587,46,takeoff,19064.498647298176,19094.498647298176,30.0,3717.437190482886
S1,continuous,A,6,587,46,landing,19287.411692274494,19477.411692274494,190.0,160.0
S1,continuous,A,6,588,63,takeoff,17267.17005172165,17297.17005172165,30.0,1886.7786486082368
S1,continuous,A,5,588,63,landing,17591.882164826882,17781.882164826882,190.0,296.36017401981735
S1,continuous,A,3,589,43,takeoff,15970.391403113412,16000.391403113412,30.0,556.0135760916601
S1,continuous,A,5,589,43,landing,16452.762114275607,16642.762114275607,190.0,440.4179015230784
S1,continuous,A,1,590,20,takeoff,16775.115611278634,16805.115611278634,30.0,1360.6169639804575
S1,continuous,A,2,590,20,landing,18044.37782702175,18234.37782702175,190.0,1202.6334361254812
S1,continuous,A,3,591,19,takeoff,16000.391403113412,16030.391403113412,30.0,515.2217963367511
S1,continuous,A,2,591,19,landing,18234.37782702175,18424.37782702175,190.0,2167.1961119778007
S1,continuous,A,0,592,39,takeoff,16400.749475903307,16430.749475903307,30.0,899.1638735814522
S1,continuous,A,1,592,39,landing,17141.00660663939,17331.00660663939,190.0,643.945149824096
S1,continuous,A,1,593,74,takeoff,16805.115611278634,16835.115611278634,30.0,1274.3661353753268
S1,continuous,A,3,593,74,landing,17022.84466491404,17212.84466491404,190.0,155.3402868426274
S1,continuous,A,1,594,34,takeoff,16835.115611278634,16865.115611278634,30.0,1298.0541544633434
S1,continuous,A,3,594,34,landing,17212.84466491404,17402.84466491404,190.0,315.3402868426274
S1,continuous,A,0,595,30,takeoff,16430.749475903307,16460.749475903307,30.0,860.3580727898952
S1,continuous,A,3,595,30,landing,17402.84466491404,17592.84466491404,190.0,872.4532618006233
S1,continuous,A,2,596,61,takeoff,18424.37782702175,18454.37782702175,30.0,2820.0
S1,continuous,A,7,596,61,landing,18465.017950104197,18655.017950104197,190.0,0.0
S1,continuous,A,4,597,12,takeoff,19094.498647298176,19124.498647298176,30.0,3389.3290405215157
S1,continuous,A,7,597,12,landing,19158.207715260924,19348.207715260924,190.0,0.0
S1,continuous,A,4,598,31,takeoff,19124.498647298176,19154.498647298176,30.0,3402.9130449763215
S1,continuous,A,2,598,31,landing,19202.091284792907,19392.091284792907,190.0,0.0
S1,continuous,A,5,599,18,takeoff,15727.06145681529,15757.06145681529,30.0,0.0
S1,continuous,A,0,599,18,landing,17160.749475903303,17350.749475903303,190.0,1351.675380715713
S1,continuous,A,3,600,69,takeoff,16030.391403113412,16060.391403113412,30.0,279.64192721010477
S1,continuous,A,7,600,69,landing,16550.883359698943,16740.883359698943,190.0,472.97655660858254
S1,continuous,A,3,601,45,takeoff,16060.391403113412,16090.391403113412,30.0,305.89275581523543
S1,continuous,A,1,601,45,landing,17331.00660663939,17521.00660663939,190.0,1208.2264367331973
S1,continuous,A,0,602,66,takeoff,16460.749475903307,16490.749475903307,30.0,700.3580727898952
S1,continuous,A,7,602,66,landing,16740.883359698943,16930.883359698943,190.0,215.89081584636006
S1,continuous,A,2,603,38,takeoff,18454.37782702175,18484.37782702175,30.0,2665.447558746282
S1,continuous,A,0,603,38,landing,18535.280282625816,18725.280282625816,190.0,0.0
S1,continuous,A,3,604,60,takeoff,16090.391403113412,16120.391403113412,30.0,296.01357609166007
S1,continuous,A,0,604,60,landing,17350.749475903303,17540.749475903303,190.0,1160.7161455797868
S1,continuous,A,0,605,22,takeoff,16490.749475903307,16520.749475903307,30.0,573.6880190880165
S1,continuous,A,7,605,22,landing,16930.883359698943,17120.883359698943,190.0,375.89081584636006
S1,continuous,A,3,606,71,takeoff,16120.391403113412,16150.391403113412,30.0,198.5549208030443
S1,continuous,A,2,606,71,landing,18484.37782702175,18674.37782702175,190.0,2297.1961119778007
S1,continuous,A,2,607,48,takeoff,18674.37782702175,18704.37782702175,30.0,2732.792224699897
S1,continuous,A,5,607,48,landing,18721.882164826882,18911.882164826882,190.0,0.0
S1,continuous,A,7,608,26,takeoff,17120.883359698943,17150.883359698943,30.0,1176.3847124007661
S1,continuous,A,3,608,26,landing,17831.16813895229,18021.16813895229,190.0,671.8162566649698
S1,continuous,A,5,609,23,takeoff,16172.344212752529,16202.344212752529,30.0,187.9663857307769
S1,continuous,A,0,609,23,landing,17540.749475903303,17730.749475903303,190.0,1286.3926247784748
S1,continuous,A,7,610,35,takeoff,17365.017950104197,17395.017950104197,30.0,1372.673737351668
S1,continuous,A,1,610,35,landing,17861.00660663939,18051.00660663939,190.0,461.7564049554967
S1,continuous,A,7,611,0,takeoff,17395.017950104197,17425.017950104197,30.0,1394.2684742008896
S1,continuous,A,6,611,0,landing,17405.26883009271,17595.26883009271,190.0,0.0
S1,continuous,A,0,612,51,takeoff,16520.749475903307,16550.749475903307,30.0,413.6880190880165
S1,continuous,A,4,612,51,landing,19154.498647298176,19344.498647298176,190.0,2521.8201436817944
S1,continuous,A,5,613,59,takeoff,16202.344212752529,16232.344212752529,30.0,90.50773044216112
S1,continuous,A,7,613,59,landing,17425.017950104197,17615.017950104197,190.0,1190.8712229862667
S1,continuous,A,4,614,68,takeoff,19344.498647298176,19374.498647298176,30.0,3210.0
S1,continuous,A,6,614,68,landing,19477.411692274494,19667.411692274494,190.0,70.0
S1,continuous,A,5,615,64,takeoff,16232.344212752529,16262.344212752529,30.0,70.7586104306738
S1,continuous,A,4,615,64,landing,19374.498647298176,19564.498647298176,190.0,3077.7228135683545
S1,continuous,A,6,616,25,takeoff,17297.17005172165,17327.17005172165,30.0,1114.325386807608
S1,continuous,A,2,616,25,landing,18704.37782702175,18894.37782702175,190.0,1379.1985340610408
S1,continuous,A,0,617,37,takeoff,16550.749475903307,16580.749475903307,30.0,330.0
S1,continuous,A,1,617,37,landing,18051.00660663939,18241.00660663939,190.0,1403.945149824096
S1,continuous,A,7,618,27,takeoff,17615.017950104197,17645.017950104197,30.0,1380.640123082445
S1,continuous,A,3,618,27,landing,18021.16813895229,18211.16813895229,190.0,367.6816662597157
S1,continuous,A,0,619,44,takeoff,17730.749475903303,17760.749475903303,30.0,1457.9873616276964
S1,continuous,A,1,619,44,landing,18241.00660663939,18431.00660663939,190.0,413.94514982409964
S1,continuous,A,5,620,65,takeoff,16642.762114275607,16672.762114275607,30.0,318.26346697743065
S1,continuous,A,3,620,65,landing,18211.16813895229,18401.16813895229,190.0,1526.4532150375671
S1,continuous,A,4,621,4,takeoff,19564.498647298176,19594.498647298176,30.0,3232.662164987809
S1,continuous,A,0,621,4,landing,19676.42767501125,19866.42767501125,190.0,0.0
S1,continuous,A,1,622,9,takeoff,16865.115611278634,16895.115611278634,30.0,519.9999999999982
S1,continuous,A,0,622,9,landing,17760.749475903303,17950.749475903303,190.0,799.3218837126842
S1,continuous,A,2,623,29,takeoff,18894.37782702175,18924.37782702175,30.0,2542.792224699897
S1,continuous,A,6,623,29,landing,19667.411692274494,19857.411692274494,190.0,740.2416405528456
S1,continuous,A,2,624,33,takeoff,18924.37782702175,18954.37782702175,30.0,2470.0000000000036
S1,continuous,A,0,624,33,landing,19005.280282625816,19195.280282625816,190.0,0.0
S1,continuous,A,6,625,43,takeoff,17327.17005172165,17357.17005172165,30.0,864.4079374460416
S1,continuous,A,1,625,43,landing,18431.00660663939,18621.00660663939,190.0,1059.8255834377233
S1,continuous,A,6,626,73,takeoff,17357.17005172165,17387.17005172165,30.0,842.6714044234723
S1,continuous,A,5,626,73,landing,17781.882164826882,17971.882164826882,190.0,396.36017401981735
S1,continuous,A,6,627,72,takeoff,17595.26883009271,17625.26883009271,30.0,1060.1532188140773
S1,continuous,A,1,627,72,landing,18621.00660663939,18811.00660663939,190.0,981.7268050666607
S1,continuous,A,7,628,69,takeoff,17645.017950104197,17675.017950104197,30.0,1093.1814677938273
S1,continuous,A,6,628,69,landing,17655.26883009271,17845.26883009271,190.0,0.0
S1,continuous,A,7,629,36,takeoff,17675.017950104197,17705.017950104197,30.0,1074.2684742008933
S1,continuous,A,2,629,36,landing,18954.37782702175,19144.37782702175,190.0,1247.7666312236834
S1,continuous,A,7,630,54,takeoff,17705.017950104197,17735.017950104197,30.0,1052.173285190158
S1,continuous,A,1,630,54,landing,18811.00660663939,19001.00660663939,190.0,1071.7564049554967
S1,continuous,A,6,631,67,takeoff,17625.26883009271,17655.26883009271,30.0,933.3866652658289
S1,continuous,A,4,631,67,landing,19594.498647298176,19784.498647298176,190.0,1911.099755689982
S1,continuous,A,4,632,40,takeoff,19784.498647298176,19814.498647298176,30.0,3082.1115790373624
S1,continuous,A,1,632,40,landing,19868.778219560765,20058.778219560765,190.0,0.0
S1,continuous,A,2,633,52,takeoff,19144.37782702175,19174.37782702175,30.0,2440.0000000000036
S1,continuous,A,5,633,52,landing,19191.882164826882,19381.882164826882,190.0,0.0
S1,continuous,A,3,634,49,takeoff,17592.84466491404,17622.84466491404,30.0,888.3460176158624
S1,continuous,A,2,634,49,landing,19392.091284792907,19582.091284792907,190.0,1732.4563079483305
S1,continuous,A,6,635,66,takeoff,17845.26883009271,17875.26883009271,30.0,1103.4323477823418
S1,continuous,A,0,635,66,landing,17950.749475903303,18140.749475903303,190.0,51.0997556899747
S1,continuous,A,2,636,58,takeoff,19582.091284792907,19612.091284792907,30.0,2791.3418088895996
S1,continuous,A,1,636,58,landing,19648.720064410543,19838.720064410543,190.0,0.0
S1,continuous,A,6,637,32,takeoff,17875.26883009271,17905.26883009271,30.0,1032.4241651786724
S1,continuous,A,5,637,32,landing,17971.882164826882,18161.882164826882,190.0,68.26139564875484
S1,continuous,A,4,638,55,takeoff,19814.498647298176,19844.498647298176,30.0,2922.1115790373624
S1,continuous,A,5,638,55,landing,19878.930268275464,20068.930268275464,190.0,0.0
S1,continuous,A,2,639,42,takeoff,19612.091284792907,19642.091284792907,30.0,2717.5926374947303
S1,continuous,A,3,639,42,landing,19678.881596723444,19868.881596723444,190.0,0.0
S1,continuous,A,4,640,10,takeoff,19844.498647298176,19874.498647298176,30.0,2920.1208202764283
S1,continuous,A,3,640,10,landing,19927.843422874783,20117.843422874783,190.0,0.0
S1,continuous,A,4,641,22,takeoff,19874.498647298176,19904.498647298176,30.0,2942.662164987807
S1,continuous,A,5,641,22,landing,20068.930268275464,20258.930268275464,190.0,130.0
S1,continuous,A,7,642,11,takeoff,17735.017950104197,17765.017950104197,30.0,774.0113434648083
S1,continuous,A,6,642,11,landing,17905.26883009271,18095.26883009271,190.0,160.0
S1,continuous,A,7,643,13,takeoff,17765.017950104197,17795.017950104197,30.0,784.2684742008933
S1,continuous,A,1,643,13,landing,19001.00660663939,19191.00660663939,190.0,1201.7564049554967
S1,continuous,A,1,644,74,takeoff,17521.00660663939,17551.00660663939,30.0,488.1619417253496
S1,continuous,A,4,644,74,landing,19904.498647298176,20094.498647298176,190.0,2299.2124683961993
S1,continuous,A,3,645,5,takeoff,18401.16813895229,18431.16813895229,30.0,1318.7810706914752
S1,continuous,A,4,645,5,landing,20094.498647298176,20284.498647298176,190.0,1609.9857327692807
S1,continuous,A,5,646,41,takeoff,17084.498647298176,17114.498647298176,30.0,0.0
S1,continuous,A,4,646,41,landing,20284.498647298176,20474.498647298176,190.0,3135.568379022712
S1,continuous,A,2,647,39,takeoff,19642.091284792907,19672.091284792907,30.0,2491.0846781535183
S1,continuous,A,3,647,39,landing,20117.843422874783,20307.843422874783,190.0,408.96182615133876
S1,continuous,A,7,648,18,takeoff,17795.017950104197,17825.017950104197,30.0,624.2684742008896
S1,continuous,A,6,648,18,landing,18095.26883009271,18285.26883009271,190.0,290.0
S1,continuous,A,7,649,6,takeoff,17825.017950104197,17855.017950104197,30.0,650.6401230824486
S1,continuous,A,6,649,6,landing,18285.26883009271,18475.26883009271,190.0,450.0
S1,continuous,A,2,650,47,takeoff,19672.091284792907,19702.091284792907,30.0,2496.120212077283
S1,continuous,A,4,650,47,landing,20474.498647298176,20664.498647298176,190.0,724.8147250105394
S1,continuous,A,6,651,34,takeoff,18475.26883009271,18505.26883009271,30.0,1252.4241651786724
S1,continuous,A,7,651,34,landing,18655.017950104197,18845.017950104197,190.0,165.23434609523247
S1,continuous,A,0,652,50,takeoff,18140.749475903303,18170.749475903303,30.0,866.250828605127
S1,continuous,A,2,652,50,landing,19702.091284792907,19892.091284792907,190.0,1480.4393532855393
S1,continuous,A,6,653,45,takeoff,18505.26883009271,18535.26883009271,30.0,1164.2622234533264
S1,continuous,A,7,653,45,landing,19348.207715260924,19538.207715260924,190.0,828.4241112519594
S1,continuous,A,4,654,60,takeoff,20664.498647298176,20694.498647298176,30.0,3303.7491713948693
S1,continuous,A,7,654,60,landing,20728.207715260924,20918.207715260924,190.0,0.0
S1,continuous,A,6,655,53,takeoff,18535.26883009271,18565.26883009271,30.0,1140.8910030709594
S1,continuous,A,2,655,53,landing,19892.091284792907,20082.091284792907,190.0,1328.8132134611333
S1,continuous,A,7,656,0,takeoff,17855.017950104197,17885.017950104197,30.0,444.53210347232016
S1,continuous,A,0,656,0,landing,18170.749475903303,18360.749475903303,190.0,260.5353352384045
S1,continuous,A,5,657,3,takeoff,18161.882164826882,18191.882164826882,30.0,750.0
S1,continuous,A,3,657,3,landing,18431.16813895229,18621.16813895229,190.0,227.33316448629193
S1,continuous,A,7,658,30,takeoff,17885.017950104197,17915.017950104197,30.0,472.1732851901579
S1,continuous,A,4,658,30,landing,20694.498647298176,20884.498647298176,190.0,2754.8185066198057
S1,continuous,A,3,659,59,takeoff,18621.16813895229,18651.16813895229,30.0,1195.1970662366657
S1,continuous,A,5,659,59,landing,18911.882164826882,19101.882164826882,190.0,248.76121623547806
S1,continuous,A,6,660,1,takeoff,18565.26883009271,18595.26883009271,30.0,1100.7701827945348
S1,continuous,A,5,660,1,landing,19381.882164826882,19571.882164826882,190.0,788.2613956487548
S1,continuous,A,0,661,23,takeoff,18360.749475903303,18390.749475903303,30.0,809.9999999999964
S1,continuous,A,3,661,23,landing,18651.16813895229,18841.16813895229,190.0,190.77673583887736
S1,continuous,A,0,662,63,takeoff,18390.749475903303,18420.749475903303,30.0,788.8673110764212
S1,continuous,A,2,662,63,landing,20082.091284792907,20272.091284792907,190.0,1610.4393532855393
S1,continuous,A,3,663,8,takeoff,18841.16813895229,18871.16813895229,30.0,1196.790311930541
S1,continuous,A,0,663,8,landing,19195.280282625816,19385.280282625816,190.0,254.47021646341818
S1,continuous,A,6,664,21,takeoff,18595.26883009271,18625.26883009271,30.0,944.100691140422
S1,continuous,A,2,664,21,landing,20272.091284792907,20462.091284792907,190.0,1648.8132134611333
S1,continuous,A,1,665,57,takeoff,19191.00660663939,19221.00660663939,30.0,1536.507959341212
S1,continuous,A,7,665,57,landing,19538.207715260924,19728.207715260924,190.0,303.92197965326704
S1,continuous,A,3,666,69,takeoff,18871.16813895229,18901.16813895229,30.0,1210.6822923204127
S1,continuous,A,2,666,69,landing,20462.091284792907,20652.091284792907,190.0,1524.13283391008
S1,continuous,A,3,667,56,takeoff,18901.16813895229,18931.16813895229,30.0,1220.1615323129008
S1,continuous,A,0,667,56,landing,19385.280282625816,19575.280282625816,190.0,384.4702164634182
S1,continuous,A,7,668,9,takeoff,17915.017950104197,17945.017950104197,30.0,144.26847420089325
S1,continuous,A,3,668,9,landing,18931.16813895229,19121.16813895229,190.0,977.6816662597157
S1,continuous,A,1,669,73,takeoff,19221.00660663939,19251.00660663939,30.0,1429.1244418125061
S1,continuous,A,0,669,73,landing,19866.42767501125,20056.42767501125,190.0,549.1090874598776
S1,continuous,A,2,670,62,takeoff,20652.091284792907,20682.091284792907,30.0,2817.713457771155
S1,continuous,A,4,670,62,landing,20884.498647298176,21074.498647298176,190.0,154.8147250105394
S1,continuous,A,5,671,26,takeoff,18191.882164826882,18221.882164826882,30.0,350.71402587459306
S1,continuous,A,3,671,26,landing,19121.16813895229,19311.16813895229,190.0,887.3331644862919
S1,continuous,A,2,672,70,takeoff,20682.091284792907,20712.091284792907,30.0,2837.5926374947303
S1,continuous,A,1,672,70,landing,20748.720064410543,20938.720064410543,190.0,0.0
S1,continuous,A,7,673,35,takeoff,17945.017950104197,17975.017950104197,30.0,74.0113434648083
S1,continuous,A,0,673,35,landing,18725.280282625816,18915.280282625816,190.0,725.0661419609169
S1,continuous,A,2,674,11,takeoff,20712.091284792907,20742.091284792907,30.0,2801.60543816103
S1,continuous,A,1,674,11,landing,20938.720064410543,21128.720064410543,190.0,160.0
S1,continuous,A,1,675,66,takeoff,19251.00660663939,19281.00660663939,30.0,1290.257130736085
S1,continuous,A,5,675,66,landing,19571.882164826882,19761.882164826882,190.0,272.5888688355262
S1,continuous,A,6,676,32,takeoff,18625.26883009271,18655.26883009271,30.0,643.3866652658289
S1,continuous,A,5,676,32,landing,20258.930268275464,20448.930268275464,190.0,1605.3094990973368
S1,continuous,A,0,677,27,takeoff,18420.749475903303,18450.749475903303,30.0,389.58133695101424
S1,continuous,A,7,677,27,landing,19728.207715260924,19918.207715260924,190.0,1243.2151714083448
S1,continuous,A,0,678,16,takeoff,18450.749475903303,18480.749475903303,30.0,416.250828605127
S1,continuous,A,4,678,16,landing,21074.498647298176,21264.498647298176,190.0,2511.820143681798
S1,continuous,A,7,679,20,takeoff,18054.37782702175,18084.37782702175,30.0,0.0
S1,continuous,A,3,679,20,landing,19311.16813895229,19501.16813895229,190.0,1218.3217893421606
S1,continuous,A,2,680,37,takeoff,20742.091284792907,20772.091284792907,30.0,2681.0846781535183
S1,continuous,A,5,680,37,landing,20789.595622598037,20979.595622598037,190.0,0.0
S1,continuous,A,7,681,18,takeoff,18100.485846631876,18130.485846631876,30.0,0.0
S1,continuous,A,5,681,18,landing,18221.882164826882,18411.882164826882,190.0,98.64068121817763
S1,continuous,A,7,682,0,takeoff,18180.749475903303,18210.749475903303,30.0,0.0
S1,continuous,A,1,682,0,landing,19281.00660663939,19471.00660663939,190.0,1066.02487915639
S1,continuous,A,7,683,65,takeoff,18221.16813895229,18251.16813895229,30.0,0.0
S1,continuous,A,3,683,65,landing,20307.843422874783,20497.843422874783,190.0,2048.206761334117
S1,continuous,A,1,684,24,takeoff,19471.00660663939,19501.00660663939,30.0,1246.507959341212
S1,continuous,A,3,684,24,landing,20497.843422874783,20687.843422874783,190.0,964.448049442617
S1,continuous,A,0,685,18,takeoff,18480.749475903303,18510.749475903303,30.0,248.86731107642117
S1,continuous,A,2,685,18,landing,20772.091284792907,20962.091284792907,190.0,2210.4393532855393
S1,continuous,A,2,686,19,takeoff,20962.091284792907,20992.091284792907,30.0,2717.7134577711586
S1,continuous,A,1,686,19,landing,21128.720064410543,21318.720064410543,190.0,100.0
S1,continuous,A,0,687,44,takeoff,18915.280282625816,18945.280282625816,30.0,664.2736759864274
S1,continuous,A,5,687,44,landing,20448.930268275464,20638.930268275464,190.0,1451.6373472773485
S1,continuous,A,2,688,6,takeoff,20992.091284792907,21022.091284792907,30.0,2701.60543816103
S1,continuous,A,5,688,6,landing,21039.595622598037,21229.595622598037,190.0,0.0
S1,continuous,A,1,689,14,takeoff,19501.00660663939,19531.00660663939,30.0,1086.507959341212
S1,continuous,A,4,689,14,landing,21264.498647298176,21454.498647298176,190.0,1679.2124683961993
S1,continuous,A,7,690,43,takeoff,18845.017950104197,18875.017950104197,30.0,404.0113434648083
S1,continuous,A,1,690,43,landing,20058.778219560765,20248.778219560765,190.0,1179.5280178768735
S1,continuous,A,3,691,3,takeoff,19501.16813895229,19531.16813895229,30.0,1060.0
S1,continuous,A,4,691,3,landing,21454.498647298176,21644.498647298176,190.0,1869.9857327692807
S1,continuous,A,7,692,61,takeoff,19068.207715260924,19098.207715260924,30.0,602.2366425453001
S1,continuous,A,0,692,61,landing,20056.42767501125,20246.42767501125,190.0,933.0237691896255
S1,continuous,A,4,693,71,takeoff,21644.498647298176,21674.498647298176,30.0,3150.1208202764283
S1,continuous,A,0,693,71,landing,21756.42767501125,21946.42767501125,190.0,0.0
S1,continuous,A,6,694,38,takeoff,18847.411692274494,18877.411692274494,30.0,302.1314096486785
S1,continuous,A,4,694,38,landing,21674.498647298176,21864.498647298176,190.0,2768.956893508199
S1,continuous,A,1,695,72,takeoff,19531.00660663939,19561.00660663939,30.0,900.0
S1,continuous,A,7,695,72,landing,19918.207715260924,20108.207715260924,190.0,343.92197965326704
S1,continuous,A,1,696,17,takeoff,19561.00660663939,19591.00660663939,30.0,926.507959341212
S1,continuous,A,6,696,17,landing,19857.411692274494,20047.411692274494,190.0,247.61113069425483
S1,continuous,A,1,697,34,takeoff,19591.00660663939,19621.00660663939,30.0,935.0355339237649
S1,continuous,A,5,697,34,landing,21229.595622598037,21419.595622598037,190.0,1590.3023266066812
S1,continuous,A,6,698,23,takeoff,18877.411692274494,18907.411692274494,30.0,216.24355332220512
S1,continuous,A,2,698,23,landing,21022.091284792907,21212.091284792907,190.0,2116.67035127935
S1,continuous,A,3,699,28,takeoff,19531.16813895229,19561.16813895229,30.0,868.5394301386295
S1,continuous,A,6,699,28,landing,20047.411692274494,20237.411692274494,190.0,464.98449073001757
S1,continuous,A,0,700,25,takeoff,18945.280282625816,18975.280282625816,30.0,230.90245560406402
S1,continuous,A,6,700,25,landing,20237.411692274494,20427.411692274494,190.0,1232.9675360672263
S1,continuous,A,5,701,48,takeoff,19101.882164826882,19131.882164826882,30.0,370.0
S1,continuous,A,2,701,48,landing,21212.091284792907,21402.091284792907,190.0,2062.704782160894
S1,continuous,A,6,702,35,takeoff,18907.411692274494,18937.411692274494,30.0,172.13140964867853
S1,continuous,A,4,702,35,landing,21864.498647298176,22054.498647298176,190.0,2898.956893508199
S1,continuous,A,0,703,54,takeoff,18975.280282625816,19005.280282625816,30.0,154.2736759864274
S1,continuous,A,2,703,54,landing,21402.091284792907,21592.091284792907,190.0,2345.908546563027
S1,continuous,A,0,704,15,takeoff,19575.280282625816,19605.280282625816,30.0,720.7816353276394
S1,continuous,A,3,704,15,landing,20687.843422874783,20877.843422874783,190.0,1012.9212130388587
S1,continuous,A,2,705,2,takeoff,21592.091284792907,21622.091284792907,30.0,2712.9304469205563
S1,continuous,A,1,705,2,landing,21658.720064410543,21848.720064410543,190.0,0.0
S1,continuous,A,3,706,59,takeoff,19561.16813895229,19591.16813895229,30.0,639.2859741254069
S1,continuous,A,0,706,59,landing,20246.42767501125,20436.42767501125,190.0,585.6176088488537
S1,continuous,A,3,707,9,takeoff,19591.16813895229,19621.16813895229,30.0,650.0
S1,continuous,A,5,707,9,landing,21419.595622598037,21609.595622598037,190.0,1786.474674006633
S1,continuous,A,1,708,36,takeoff,19838.720064410543,19868.720064410543,30.0,874.3422373887915
S1,continuous,A,7,708,36,landing,20108.207715260924,20298.207715260924,190.0,226.2085218821121
S1,continuous,A,3,709,13,takeoff,19621.16813895229,19651.16813895229,30.0,610.1615323129008
S1,continuous,A,4,709,13,landing,22054.498647298176,22244.498647298176,190.0,2349.9857327692807
S1,continuous,A,0,710,33,takeoff,19605.280282625816,19635.280282625816,30.0,590.0
S1,continuous,A,6,710,33,landing,20427.411692274494,20617.411692274494,190.0,762.9675360672263
S1,continuous,A,7,711,7,takeoff,19102.62870881366,19132.62870881366,30.0,0.0
S1,continuous,A,0,711,7,landing,20436.42767501125,20626.42767501125,190.0,1278.6027756368894
S1,continuous,A,7,712,26,takeoff,20298.207715260924,20328.207715260924,30.0,1167.0395763086344
S1,continuous,A,2,712,26,landing,21622.091284792907,21812.091284792907,190.0,1292.2903238381114
S1,continuous,A,0,713,12,takeoff,19635.280282625816,19665.280282625816,30.0,476.11944475346536
S1,continuous,A,7,713,12,landing,20328.207715260924,20518.207715260924,190.0,628.6843646858324
S1,continuous,A,0,714,51,takeoff,20626.42767501125,20656.42767501125,30.0,1461.929027713075
S1,continuous,A,4,714,51,landing,22244.498647298176,22434.498647298176,190.0,1506.1419445738502
S1,continuous,A,0,715,52,takeoff,20656.42767501125,20686.42767501125,30.0,1454.545510184369
S1,continuous,A,3,715,52,landing,20877.843422874783,21067.843422874783,190.0,121.77382065342317
S1,continuous,A,4,716,8,takeoff,22434.498647298176,22464.498647298176,30.0,3229.2183646723606
S1,continuous,A,1,716,8,landing,22518.778219560765,22708.778219560765,190.0,0.0
S1,continuous,A,2,717,31,takeoff,21812.091284792907,21842.091284792907,30.0,2600.0
S1,continuous,A,6,717,31,landing,21844.883509492804,22034.883509492804,190.0,0.0
S1,continuous,A,6,718,0,takeoff,20617.411692274494,20647.411692274494,30.0,1326.405085635106
S1,continuous,A,7,718,0,landing,20918.207715260924,21108.207715260924,190.0,286.2812490701763
S1,continuous,A,0,719,46,takeoff,20686.42767501125,20716.42767501125,30.0,1393.7989661975917
S1,continuous,A,2,719,46,landing,21842.091284792907,22032.091284792907,190.0,1074.7611541775914
S1,continuous,A,7,720,20,takeoff,20518.207715260924,20548.207715260924,30.0,1197.0395763086344
S1,continuous,A,2,720,20,landing,22032.091284792907,22222.091284792907,190.0,1482.2903238381114
S1,continuous,A,6,721,45,takeoff,20647.411692274494,20677.411692274494,30.0,1298.250854402144
S1,continuous,A,1,721,45,landing,21318.720064410543,21508.720064410543,190.0,627.2974006560326
S1,continuous,A,7,722,64,takeoff,20548.207715260924,20578.207715260924,30.0,1163.7090679627472
S1,continuous,A,5,722,64,landing,21609.595622598037,21799.595622598037,190.0,1038.6322703602855
S1,continuous,A,2,723,1,takeoff,22222.091284792907,22252.091284792907,30.0,2830.2091199660244
S1,continuous,A,7,723,1,landing,22262.73140787535,22452.73140787535,190.0,0.0
S1,continuous,A,6,724,56,takeoff,20677.411692274494,20707.411692274494,30.0,1282.1314096486785
S1,continuous,A,4,724,56,landing,22464.498647298176,22654.498647298176,190.0,1728.9568935081988
S1,continuous,A,5,725,49,takeoff,19761.882164826882,19791.882164826882,30.0,359.79088003397555
S1,continuous,A,2,725,49,landing,22252.091284792907,22442.091284792907,190.0,2442.704782160894
S1,continuous,A,2,726,68,takeoff,22442.091284792907,22472.091284792907,30.0,2959.462575979247
S1,continuous,A,4,726,68,landing,22654.498647298176,22844.498647298176,190.0,134.8147250105394
S1,continuous,A,7,727,57,takeoff,20578.207715260924,20608.207715260924,30.0,1039.0468773885732
S1,continuous,A,5,727,57,landing,21799.595622598037,21989.595622598037,190.0,1198.6322703602855
S1,continuous,A,2,728,66,takeoff,22472.091284792907,22502.091284792907,30.0,2890.2091199660244
S1,continuous,A,1,728,66,landing,22708.778219560765,22898.778219560765,190.0,170.05815515022186
S1,continuous,A,4,729,67,takeoff,22844.498647298176,22874.498647298176,30.0,3240.0
S1,continuous,A,1,729,67,landing,22928.778219560765,23118.778219560765,190.0,0.0
S1,continuous,A,6,730,58,takeoff,20707.411692274494,20737.411692274494,30.0,1048.691627863951
S1,continuous,A,0,730,58,landing,20761.792582395112,20951.792582395112,190.0,0.0
S1,continuous,A,1,731,29,takeoff,20248.778219560765,20278.778219560765,30.0,576.1495107471055
S1,continuous,A,7,731,29,landing,21108.207715260924,21298.207715260924,190.0,816.1503667318902
S1,continuous,A,1,732,4,takeoff,20278.778219560765,20308.778219560765,30.0,592.3505445495139
S1,continuous,A,2,732,4,landing,22502.091284792907,22692.091284792907,190.0,2156.684285614505
S1,continuous,A,0,733,42,takeoff,20716.42767501125,20746.42767501125,30.0,1027.5460782878072
S1,continuous,A,1,733,42,landing,21848.720064410543,22038.720064410543,190.0,1035.9804084873067
S1,continuous,A,5,734,50,takeoff,19791.882164826882,19821.882164826882,30.0,79.79088003397555
S1,continuous,A,4,734,50,landing,22874.498647298176,23064.498647298176,190.0,3018.1848614940063
S1,continuous,A,4,735,27,takeoff,23064.498647298176,23094.498647298176,30.0,3335.337809425826
S1,continuous,A,7,735,27,landing,23128.207715260924,23318.207715260924,190.0,0.0
S1,continuous,A,5,736,17,takeoff,20638.930268275464,20668.930268275464,30.0,776.3015594618046
S1,continuous,A,6,736,17,landing,20737.411692274494,20927.411692274494,190.0,65.3465014527792
S1,continuous,A,5,737,73,takeoff,20668.930268275464,20698.930268275464,30.0,792.5025932642129
S1,continuous,A,6,737,73,landing,20927.411692274494,21117.411692274494,190.0,225.3465014527792
S1,continuous,A,0,738,40,takeoff,20951.792582395112,20981.792582395112,30.0,1073.0143628343467
S1,continuous,A,2,738,40,landing,22692.091284792907,22882.091284792907,190.0,1659.3962467937308
S1,continuous,A,6,739,55,takeoff,21117.411692274494,21147.411692274494,30.0,1228.48142399903
S1,continuous,A,0,739,55,landing,21171.792582395112,21361.792582395112,190.0,0.0
S1,continuous,A,6,740,53,takeoff,21147.411692274494,21177.411692274494,30.0,1245.3204074815876
S1,continuous,A,5,740,53,landing,21989.595622598037,22179.595622598037,190.0,813.8319912381266
S1,continuous,A,0,741,74,takeoff,20981.792582395112,21011.792582395112,30.0,1067.2939350969355
S1,continuous,A,2,741,74,landing,22882.091284792907,23072.091284792907,190.0,1819.3962467937308
S1,continuous,A,6,742,72,takeoff,21177.411692274494,21207.411692274494,30.0,1258.250854402144
S1,continuous,A,3,742,72,landing,21223.887771405847,21413.887771405847,190.0,0.0
S1,continuous,A,2,743,10,takeoff,23072.091284792907,23102.091284792907,30.0,3134.247861918124
S1,continuous,A,3,743,10,landing,23138.881596723444,23328.881596723444,190.0,0.0
S1,continuous,A,6,744,28,takeoff,21207.411692274494,21237.411692274494,30.0,1154.7829834608347
S1,continuous,A,3,744,28,landing,21413.887771405847,21603.887771405847,190.0,160.0
S1,continuous,A,5,745,61,takeoff,20698.930268275464,20728.930268275464,30.0,632.5025932642129
S1,continuous,A,7,745,61,landing,21298.207715260924,21488.207715260924,190.0,567.4749326200581
S1,continuous,A,3,746,43,takeoff,21067.843422874783,21097.843422874783,30.0,999.0652033140177
S1,continuous,A,1,746,43,landing,22038.720064410543,22228.720064410543,190.0,908.487874742983
S1,continuous,A,1,747,22,takeoff,20308.778219560765,20338.778219560765,30.0,229.84795128530095
S1,continuous,A,6,747,22,landing,21237.411692274494,21427.411692274494,190.0,879.839517772878
S1,continuous,A,5,748,63,takeoff,20728.930268275464,20758.930268275464,30.0,636.8389834825575
S1,continuous,A,1,748,63,landing,22228.720064410543,22418.720064410543,190.0,1451.5031067831114
S1,continuous,A,7,749,5,takeoff,20608.207715260924,20638.207715260924,30.0,503.7090679627472
S1,continuous,A,5,749,5,landing,22179.595622598037,22369.595622598037,190.0,1548.6322703602855
S1,continuous,A,2,750,36,takeoff,23102.091284792907,23132.091284792907,30.0,2992.9304469205563
S1,continuous,A,7,750,36,landing,23318.207715260924,23508.207715260924,190.0,175.476307385572
S1,continuous,A,3,751,39,takeoff,21097.843422874783,21127.843422874783,30.0,970.0
S1,continuous,A,6,751,39,landing,21427.411692274494,21617.411692274494,190.0,278.3092068075239
S1,continuous,A,0,752,25,takeoff,21011.792582395112,21041.792582395112,30.0,769.1638735814522
S1,continuous,A,1,752,25,landing,23118.778219560765,23308.778219560765,190.0,2010.673656253668
S1,continuous,A,5,753,59,takeoff,20758.930268275464,20788.930268275464,30.0,502.5025932642129
S1,continuous,A,1,753,59,landing,23308.778219560765,23498.778219560765,190.0,2501.5612619333333
S1,continuous,A,6,754,32,takeoff,21617.411692274494,21647.411692274494,30.0,1348.48142399903
S1,continuous,A,4,754,32,landing,23094.498647298176,23284.498647298176,190.0,1418.9568935081988
S1,continuous,A,1,755,21,takeoff,20338.778219560765,20368.778219560765,30.0,56.686934767858475
S1,continuous,A,0,755,21,landing,21361.792582395112,21551.792582395112,190.0,926.7023819223614
S1,continuous,A,7,756,41,takeoff,20638.207715260924,20668.207715260924,30.0,343.7090679627472
S1,continuous,A,6,756,41,landing,21647.411692274494,21837.411692274494,190.0,998.9530970250562
S1,continuous,A,7,757,65,takeoff,20668.207715260924,20698.207715260924,30.0,350.36429238614073
S1,continuous,A,3,757,65,landing,21603.887771405847,21793.887771405847,190.0,897.2115335565468
S1,continuous,A,1,758,12,takeoff,20368.778219560765,20398.778219560765,30.0,39.61738168841475
S1,continuous,A,5,758,12,landing,22369.595622598037,22559.595622598037,190.0,1952.5307136853044
S1,continuous,A,3,759,33,takeoff,21127.843422874783,21157.843422874783,30.0,695.2147140611232
S1,continuous,A,4,759,33,landing,23284.498647298176,23474.498647298176,190.0,2073.310448846787
S1,continuous,A,4,760,7,takeoff,23474.498647298176,23504.498647298176,30.0,3028.070972286925
S1,continuous,A,6,760,7,landing,23537.411692274494,23727.411692274494,190.0,0.0
S1,continuous,A,2,761,44,takeoff,23132.091284792907,23162.091284792907,30.0,2673.1610165174425
S1,continuous,A,1,761,44,landing,23498.778219560765,23688.778219560765,190.0,300.05815515022186
S1,continuous,A,3,762,69,takeoff,21157.843422874783,21187.843422874783,30.0,685.7521380818762
S1,continuous,A,0,762,69,landing,21551.792582395112,21741.792582395112,190.0,294.30723231022057
S1,continuous,A,7,763,47,takeoff,20698.207715260924,20728.207715260924,30.0,213.7090679627472
S1,continuous,A,2,763,47,landing,23162.091284792907,23352.091284792907,190.0,2432.2903238381114
S1,continuous,A,1,764,24,takeoff,20507.843422874783,20537.843422874783,30.0,0.0
S1,continuous,A,0,764,24,landing,21946.42767501125,22136.42767501125,190.0,1342.2722712244831
S1,continuous,A,0,765,15,takeoff,21041.792582395112,21071.792582395112,30.0,343.949159520329
S1,continuous,A,2,765,15,landing,23352.091284792907,23542.091284792907,190.0,2229.396246793731
S1,continuous,A,7,766,30,takeoff,21488.207715260924,21518.207715260924,30.0,783.7090679627472
S1,continuous,A,3,766,30,landing,21793.887771405847,21983.887771405847,190.0,267.2115335565468
S1,continuous,A,6,767,60,takeoff,22034.883509492804,22064.883509492804,30.0,1305.7226716204532
S1,continuous,A,7,767,60,landing,22049.398283409057,22239.398283409057,190.0,0.0
S1,continuous,A,6,768,17,takeoff,22064.883509492804,22094.883509492804,30.0,1322.254800679144
S1,continuous,A,4,768,17,landing,23504.498647298176,23694.498647298176,190.0,1381.4850762898895
S1,continuous,A,2,769,70,takeoff,23542.091284792907,23572.091284792907,30.0,2783.3712203823634
S1,continuous,A,5,769,70,landing,23589.595622598037,23779.595622598037,190.0,0.0
S1,continuous,A,3,770,58,takeoff,21187.843422874783,21217.843422874783,30.0,416.050840479671
S1,continuous,A,6,770,58,landing,22094.883509492804,22284.883509492804,190.0,855.7810240258332
S1,continuous,A,1,771,18,takeoff,21508.720064410543,21538.720064410543,30.0,726.6287796176366
S1,continuous,A,6,771,18,landing,22284.883509492804,22474.883509492804,190.0,727.3694901414092
S1,continuous,A,7,772,37,takeoff,21518.207715260924,21548.207715260924,30.0,718.6120926628864
S1,continuous,A,2,772,37,landing,23572.091284792907,23762.091284792907,190.0,2022.2903238381114
S1,continuous,A,5,773,52,takeoff,20979.595622598037,21009.595622598037,30.0,91.75219972325431
S1,continuous,A,4,773,52,landing,23694.498647298176,23884.498647298176,190.0,2650.4714037228514
S1,continuous,A,5,774,62,takeoff,21009.595622598037,21039.595622598037,30.0,115.09697529986079
S1,continuous,A,1,774,62,landing,23688.778219560765,23878.778219560765,190.0,2630.8959076107603
S1,continuous,A,5,775,0,takeoff,22559.595622598037,22589.595622598037,30.0,1640.4347847256868
S1,continuous,A,6,775,0,landing,22592.730545144288,22782.730545144288,190.0,0.0
S1,continuous,A,6,776,73,takeoff,22474.883509492804,22504.883509492804,30.0,1542.254800679144
S1,continuous,A,3,776,73,landing,22521.359588624156,22711.359588624156,190.0,0.0
S1,continuous,A,6,777,11,takeoff,22504.883509492804,22534.883509492804,30.0,1556.1634450822603
S1,continuous,A,4,777,11,landing,23884.498647298176,24074.498647298176,190.0,1321.4850762898895
S1,continuous,A,2,778,23,takeoff,23762.091284792907,23792.091284792907,30.0,2730.0
S1,continuous,A,1,778,23,landing,23878.778219560765,24068.778219560765,190.0,50.058155150221864
S1,continuous,A,7,779,6,takeoff,21548.207715260924,21578.207715260924,30.0,498.6120926628864
S1,continuous,A,6,779,6,landing,22782.730545144288,22972.730545144288,190.0,1224.27194989485
S1,continuous,A,0,780,16,takeoff,21084.498647298176,21114.498647298176,30.0,0.0
S1,continuous,A,5,780,16,landing,22589.595622598037,22779.595622598037,190.0,1423.0843369275608
S1,continuous,A,4,781,29,takeoff,24074.498647298176,24104.498647298176,30.0,2965.337809425826
S1,continuous,A,2,781,29,landing,24152.091284792907,24342.091284792907,190.0,0.0
S1,continuous,A,0,782,19,takeoff,21138.720064410543,21168.720064410543,30.0,0.0
S1,continuous,A,7,782,19,landing,21578.207715260924,21768.207715260924,190.0,375.2445829011049
S1,continuous,A,6,783,55,takeoff,22534.883509492804,22564.883509492804,30.0,1353.0909270976917
S1,continuous,A,2,783,55,landing,23792.091284792907,23982.091284792907,190.0,1229.1985340610408
S1,continuous,A,2,784,48,takeoff,23982.091284792907,24012.091284792907,30.0,2760.0
S1,continuous,A,3,784,48,landing,24048.881596723444,24238.881596723444,190.0,0.0
S1,continuous,A,0,785,72,takeoff,22136.42767501125,22166.42767501125,30.0,902.5399036054041
S1,continuous,A,5,785,72,landing,22779.595622598037,22969.595622598037,190.0,561.1553092144859
S1,continuous,A,1,786,34,takeoff,21538.720064410543,21568.720064410543,30.0,299.1244418125061
S1,continuous,A,0,786,34,landing,22166.42767501125,22356.42767501125,190.0,531.3956296887227
S1,continuous,A,4,787,22,takeoff,24104.498647298176,24134.498647298176,30.0,2861.8699384845168
S1,continuous,A,5,787,22,landing,24168.930268275464,24358.930268275464,190.0,0.0
S1,continuous,A,7,788,14,takeoff,21768.207715260924,21798.207715260924,30.0,493.7090679627472
S1,continuous,A,0,788,14,landing,22356.42767501125,22546.42767501125,190.0,533.0237691896255
S1,continuous,A,0,789,61,takeoff,22546.42767501125,22576.42767501125,30.0,1247.2668371389009
S1,continuous,A,4,789,61,landing,24134.498647298176,24324.498647298176,190.0,1476.1419445738502
S1,continuous,A,4,790,45,takeoff,24324.498647298176,24354.498647298176,30.0,2995.778582887633
S1,continuous,A,0,790,45,landing,24436.42767501125,24626.42767501125,190.0,0.0
S1,continuous,A,0,791,21,takeoff,22576.42767501125,22606.42767501125,30.0,1204.6350926161394
S1,continuous,A,3,791,21,landing,22711.359588624156,22901.359588624156,190.0,35.289986402796785
S1,continuous,A,4,792,54,takeoff,24354.498647298176,24384.498647298176,30.0,2942.4073625052697
S1,continuous,A,3,792,54,landing,24437.843422874783,24627.843422874783,190.0,0.0
S1,continuous,A,2,793,28,takeoff,24012.091284792907,24042.091284792907,30.0,2588.2035133870595
S1,continuous,A,6,793,28,landing,24044.883509492804,24234.883509492804,190.0,0.0
S1,continuous,A,7,794,9,takeoff,21798.207715260924,21828.207715260924,30.0,368.6120926628864
S1,continuous,A,6,794,9,landing,22972.730545144288,23162.730545144288,190.0,1164.27194989485
S1,continuous,A,1,795,39,takeoff,21568.720064410543,21598.720064410543,30.0,136.09135559688366
S1,continuous,A,3,795,39,landing,21983.887771405847,22173.887771405847,190.0,352.7789402025264
S1,continuous,A,2,796,3,takeoff,24042.091284792907,24072.091284792907,30.0,2577.5926374947303
S1,continuous,A,0,796,3,landing,24122.99374039697,24312.99374039697,190.0,0.0
S1,continuous,A,7,797,69,takeoff,21828.207715260924,21858.207715260924,30.0,266.41513286581176
S1,continuous,A,0,797,69,landing,22606.42767501125,22796.42767501125,190.0,723.0237691896255
S1,continuous,A,1,798,19,takeoff,21598.720064410543,21628.720064410543,30.0,19.55922653819289
S1,continuous,A,5,798,19,landing,22969.595622598037,23159.595622598037,190.0,1322.5888688355262
S1,continuous,A,7,799,65,takeoff,21858.207715260924,21888.207715260924,30.0,244.31994385507642
S1,continuous,A,5,799,65,landing,23159.595622598037,23349.595622598037,190.0,1278.6322703602855
S1,continuous,A,3,800,64,takeoff,22173.887771405847,22203.887771405847,30.0,554.29214880781
S1,continuous,A,4,800,64,landing,24384.498647298176,24574.498647298176,190.0,2127.2661003157227
S1,continuous,A,6,801,26,takeoff,23162.730545144288,23192.730545144288,30.0,1530.6392603513814
S1,continuous,A,3,801,26,landing,23328.881596723444,23518.881596723444,190.0,119.67497244780316
S1,continuous,A,1,802,41,takeoff,22418.720064410543,22448.720064410543,30.0,766.0913555968837
S1,continuous,A,2,802,41,landing,24342.091284792907,24532.091284792907,190.0,1856.7424407647268
S1,continuous,A,4,803,2,takeoff,24574.498647298176,24604.498647298176,30.0,2905.778582887633
S1,continuous,A,2,803,2,landing,24652.091284792907,24842.091284792907,190.0,0.0
S1,continuous,A,0,804,38,takeoff,22796.42767501125,22826.42767501125,30.0,1111.929027713075
S1,continuous,A,4,804,38,landing,24604.498647298176,24794.498647298176,190.0,1696.1419445738502
S1,continuous,A,3,805,71,takeoff,22203.887771405847,22233.887771405847,30.0,437.4600963945959
S1,continuous,A,7,805,71,landing,22452.73140787535,22642.73140787535,190.0,201.32823649255442
S1,continuous,A,4,806,30,takeoff,24794.498647298176,24824.498647298176,30.0,2990.610875892329
S1,continuous,A,2,806,30,landing,24872.091284792907,25062.091284792907,190.0,0.0
S1,continuous,A,3,807,57,takeoff,22233.887771405847,22263.887771405847,30.0,424.29214880781
S1,continuous,A,6,807,57,landing,23192.730545144288,23382.730545144288,190.0,907.5837111462533
S1,continuous,A,6,808,31,takeoff,23382.730545144288,23412.730545144288,30.0,1532.6300191123191
S1,continuous,A,4,808,31,landing,24824.498647298176,25014.498647298176,190.0,1383.638040638405
S1,continuous,A,6,809,46,takeoff,23412.730545144288,23442.730545144288,30.0,1560.6392603513814
S1,continuous,A,0,809,46,landing,23467.111435264906,23657.111435264906,190.0,0.0
S1,continuous,A,1,810,42,takeoff,22448.720064410543,22478.720064410543,30.0,590.0
S1,continuous,A,7,810,42,landing,22642.73140787535,22832.73140787535,190.0,150.7322144965401
S1,continuous,A,2,811,35,takeoff,24072.091284792907,24102.091284792907,30.0,2197.5926374947303
S1,continuous,A,5,811,35,landing,24358.930268275464,24548.930268275464,190.0,239.33464567742703
S1,continuous,A,1,812,24,takeoff,22478.720064410543,22508.720064410543,30.0,522.292389399292
S1,continuous,A,6,812,24,landing,23727.411692274494,23917.411692274494,190.0,1199.8976729231
S1,continuous,A,7,813,39,takeoff,21993.887771405847,22023.887771405847,30.0,0.0
S1,continuous,A,4,813,39,landing,25014.498647298176,25204.498647298176,190.0,2965.948685318155
S1,continuous,A,3,814,53,takeoff,22263.887771405847,22293.887771405847,30.0,264.29214880781
S1,continuous,A,6,814,53,landing,24234.883509492804,24424.883509492804,190.0,1919.7366754947689
S1,continuous,A,2,815,20,takeoff,24102.091284792907,24132.091284792907,30.0,2060.0
S1,continuous,A,6,815,20,landing,24424.883509492804,24614.883509492804,190.0,290.0
S1,continuous,A,6,816,43,takeoff,23442.730545144288,23472.730545144288,30.0,1394.0104807337448
S1,continuous,A,7,816,43,landing,23508.207715260924,23698.207715260924,190.0,50.9623962003825
S1,continuous,A,7,817,60,takeoff,22832.73140787535,22862.73140787535,30.0,782.3800018548682
S1,continuous,A,0,817,60,landing,22887.927598436054,23077.927598436054,190.0,0.0
S1,continuous,A,2,818,13,takeoff,24532.091284792907,24562.091284792907,30.0,2467.5926374947303
S1,continuous,A,7,818,13,landing,24572.73140787535,24762.73140787535,190.0,0.0
S1,continuous,A,0,819,58,takeoff,22826.42767501125,22856.42767501125,30.0,726.3271489792824
S1,continuous,A,4,819,58,landing,25204.498647298176,25394.498647298176,190.0,2266.14194457385
S1,continuous,A,6,820,34,takeoff,23472.730545144288,23502.730545144288,30.0,1296.3028701330368
S1,continuous,A,0,820,34,landing,23657.111435264906,23847.111435264906,190.0,130.0
S1,continuous,A,0,821,5,takeoff,22856.42767501125,22886.42767501125,30.0,666.8320524132141
S1,continuous,A,2,821,5,landing,25062.091284792907,25252.091284792907,190.0,2124.7611541775914
S1,continuous,A,7,822,63,takeoff,22862.73140787535,22892.73140787535,30.0,624.0113434648083
S1,continuous,A,4,822,63,landing,25394.498647298176,25584.498647298176,190.0,2477.1050488486508
S1,continuous,A,1,823,51,takeoff,22898.778219560765,22928.778219560765,30.0,644.2795722625888
S1,continuous,A,7,823,51,landing,23698.207715260924,23888.207715260924,190.0,756.1503667318902
S1,continuous,A,4,824,49,takeoff,25584.498647298176,25614.498647298176,30.0,3322.4073625052697
S1,continuous,A,3,824,49,landing,25667.843422874783,25857.843422874783,190.0,0.0
S1,continuous,A,5,825,1,takeoff,23349.595622598037,23379.595622598037,30.0,1085.9110921112588
S1,continuous,A,1,825,1,landing,24068.778219560765,24258.778219560765,190.0,670.8959076107603
S1,continuous,A,1,826,18,takeoff,24258.778219560765,24288.778219560765,30.0,1968.6776935287962
S1,continuous,A,7,826,18,landing,24302.057348529033,24492.057348529033,190.0,0.0
S1,continuous,A,0,827,14,takeoff,23077.927598436054,23107.927598436054,30.0,711.4999234248025
S1,continuous,A,7,827,14,landing,23888.207715260924,24078.207715260924,190.0,746.0370488755943
S1,continuous,A,0,828,12,takeoff,23107.927598436054,23137.927598436054,30.0,728.3319758380167
S1,continuous,A,4,828,12,landing,25614.498647298176,25804.498647298176,190.0,2394.6420211490477
S1,continuous,A,2,829,71,takeoff,24562.091284792907,24592.091284792907,30.0,2108.4067543061283
S1,continuous,A,6,829,71,landing,24614.883509492804,24804.883509492804,190.0,20.0
S1,continuous,A,3,830,56,takeoff,22474.498647298176,22504.498647298176,30.0,0.0
S1,continuous,A,1,830,56,landing,24288.778219560765,24478.778219560765,190.0,1751.8908054698113
S1,continuous,A,7,831,4,takeoff,22892.73140787535,22922.73140787535,30.0,380.6401230824449
S1,continuous,A,1,831,4,landing,24478.778219560765,24668.778219560765,190.0,1551.8145601057186
S1,continuous,A,6,832,8,takeoff,23502.730545144288,23532.730545144288,30.0,973.9523255835229
S1,continuous,A,0,832,8,landing,23847.111435264906,24037.111435264906,190.0,290.0
S1,continuous,A,6,833,73,takeoff,23917.411692274494,23947.411692274494,30.0,1386.0521036503378
S1,continuous,A,1,833,73,landing,24668.778219560765,24858.778219560765,190.0,707.3555558062544
S1,continuous,A,1,834,0,takeoff,24858.778219560765,24888.778219560765,30.0,2260.8306578773118
S1,continuous,A,3,834,0,landing,24921.166986353543,25111.166986353543,190.0,0.0
S1,continuous,A,3,835,16,takeoff,22901.359588624156,22931.359588624156,30.0,301.7639660261193
S1,continuous,A,1,835,16,landing,24888.778219560765,25078.778219560765,190.0,1925.0298641438312
S1,continuous,A,0,836,69,takeoff,23137.927598436054,23167.927598436054,30.0,521.4999234248025
S1,continuous,A,1,836,69,landing,25078.778219560765,25268.778219560765,190.0,1844.538640212726
S1,continuous,A,7,837,42,takeoff,22922.73140787535,22952.73140787535,30.0,279.0468773885732
S1,continuous,A,2,837,42,landing,25252.091284792907,25442.091284792907,190.0,2297.7666312236834
S1,continuous,A,3,838,68,takeoff,22931.359588624156,22961.359588624156,30.0,266.8609413259801
S1,continuous,A,1,838,68,landing,25268.778219560765,25458.778219560765,190.0,2275.029864143831
S1,continuous,A,4,839,40,takeoff,25804.498647298176,25834.498647298176,30.0,3102.4073625052697
S1,continuous,A,0,839,40,landing,25916.42767501125,26106.42767501125,190.0,0.0
S1,continuous,A,5,840,66,takeoff,23379.595622598037,23409.595622598037,30.0,660.817403037272
S1,continuous,A,2,840,66,landing,25442.091284792907,25632.091284792907,190.0,2014.991324389739
S1,continuous,A,6,841,21,takeoff,23947.411692274494,23977.411692274494,30.0,1226.0521036503378
S1,continuous,A,2,841,21,landing,25632.091284792907,25822.091284792907,190.0,1656.6703512793501
S1,continuous,A,7,842,6,takeoff,22952.73140787535,22982.73140787535,30.0,164.7838461918982
S1,continuous,A,5,842,6,landing,23779.595622598037,23969.595622598037,190.0,804.1085777458575
S1,continuous,A,6,843,72,takeoff,23977.411692274494,24007.411692274494,30.0,1187.8160696764571
S1,continuous,A,2,843,72,landing,25822.091284792907,26012.091284792907,190.0,1816.6703512793501
S1,continuous,A,2,844,50,takeoff,24592.091284792907,24622.091284792907,30.0,1707.5926374947303
S1,continuous,A,5,844,50,landing,24639.595622598037,24829.595622598037,190.0,0.0
S1,continuous,A,6,845,74,takeoff,24007.411692274494,24037.411692274494,30.0,1115.3204074815876
S1,continuous,A,1,845,74,landing,25458.778219560765,25648.778219560765,190.0,1407.3555558062544
S1,continuous,A,3,846,60,takeoff,22961.359588624156,22991.359588624156,30.0,63.431990188102645
S1,continuous,A,4,846,60,landing,25834.498647298176,26024.498647298176,190.0,2789.7942830974134
S1,continuous,A,0,847,67,takeoff,23167.927598436054,23197.927598436054,30.0,229.14937887528868
S1,continuous,A,5,847,67,landing,23969.595622598037,24159.595622598037,190.0,719.6553857896834
S1,continuous,A,0,848,9,takeoff,23197.927598436054,23227.927598436054,30.0,219.98003675260043
S1,continuous,A,4,848,9,landing,26024.498647298176,26214.498647298176,190.0,2714.6420211490477
S1,continuous,A,1,849,19,takeoff,25648.778219560765,25678.778219560765,30.0,2669.182596962728
S1,continuous,A,2,849,19,landing,26012.091284792907,26202.091284792907,190.0,296.6842856145049
S1,continuous,A,2,850,32,takeoff,24622.091284792907,24652.091284792907,30.0,1517.5926374947303
S1,continuous,A,4,850,32,landing,26214.498647298176,26404.498647298176,190.0,1514.8147250105394
S1,continuous,A,1,851,25,takeoff,25678.778219560765,25708.778219560765,30.0,2550.0
S1,continuous,A,2,851,25,landing,26202.091284792907,26392.091284792907,190.0,456.6842856145049
S1,continuous,A,2,852,27,takeoff,24842.091284792907,24872.091284792907,30.0,1712.9304469205563
S1,continuous,A,3,852,27,landing,25111.166986353543,25301.166986353543,190.0,202.2853896300985
S1,continuous,A,3,853,10,takeoff,23518.881596723444,23548.881596723444,30.0,370.0
S1,continuous,A,5,853,10,landing,24829.595622598037,25019.595622598037,190.0,1268.761216235478
S1,continuous,A,6,854,65,takeoff,24804.883509492804,24834.883509492804,30.0,1635.2878868947664
S1,continuous,A,3,854,65,landing,25301.166986353543,25491.166986353543,190.0,449.80739772938614
S1,continuous,A,2,855,47,takeoff,26392.091284792907,26422.091284792907,30.0,3220.0
S1,continuous,A,4,855,47,landing,26469.683922287637,26659.683922287637,190.0,0.0
S1,continuous,A,6,856,57,takeoff,24834.883509492804,24864.883509492804,30.0,1636.9359478093502
S1,continuous,A,4,856,57,landing,26659.683922287637,26849.683922287637,190.0,1766.6703512793501
S1,continuous,A,7,857,33,takeoff,24078.207715260924,24108.207715260924,30.0,783.7090679627472
S1,continuous,A,1,857,33,landing,25708.778219560765,25898.778219560765,190.0,1596.3382527201466
S1,continuous,A,7,858,59,takeoff,24108.207715260924,24138.207715260924,30.0,789.4294957001584
S1,continuous,A,6,858,59,landing,24864.883509492804,25054.883509492804,190.0,746.4249142433655
S1,continuous,A,5,859,36,takeoff,23409.595622598037,23439.595622598037,30.0,90.43478472568677
S1,continuous,A,1,859,36,landing,25898.778219560765,26088.778219560765,190.0,2440.8959076107603
S1,continuous,A,4,860,26,takeoff,26404.498647298176,26434.498647298176,30.0,3065.6170505747323
S1,continuous,A,3,860,26,landing,26487.843422874783,26677.843422874783,190.0,0.0
S1,continuous,A,2,861,15,takeoff,26422.091284792907,26452.091284792907,30.0,3060.0
S1,continuous,A,7,861,15,landing,26462.73140787535,26652.73140787535,190.0,0.0
S1,continuous,A,5,862,46,takeoff,23477.111435264906,23507.111435264906,30.0,0.0
S1,continuous,A,2,862,46,landing,26452.091284792907,26642.091284792907,190.0,2927.4755117228706
S1,continuous,A,0,863,44,takeoff,24037.111435264906,24067.111435264906,30.0,528.3332157041405
S1,continuous,A,5,863,44,landing,25019.595622598037,25209.595622598037,190.0,900.4715489608316
S1,continuous,A,2,864,43,takeoff,26642.091284792907,26672.091284792907,30.0,3132.9304469205563
S1,continuous,A,6,864,43,landing,26674.883509492804,26864.883509492804,190.0,0.0
S1,continuous,A,6,865,17,takeoff,25054.883509492804,25084.883509492804,30.0,1540.3848621946272
S1,continuous,A,4,865,17,landing,26849.683922287637,27039.683922287637,190.0,1736.6703512793501
S1,continuous,A,2,866,7,takeoff,26672.091284792907,26702.091284792907,30.0,3129.462575979247
S1,continuous,A,1,866,7,landing,26738.720064410543,26928.720064410543,190.0,0.0
S1,continuous,A,6,867,37,takeoff,25084.883509492804,25114.883509492804,30.0,1502.792224699897
S1,continuous,A,2,867,37,landing,26702.091284792907,26892.091284792907,190.0,1589.1985340610408
S1,continuous,A,2,868,70,takeoff,26892.091284792907,26922.091284792907,30.0,3292.4956621948695
S1,continuous,A,7,868,70,landing,26932.73140787535,27122.73140787535,190.0,0.0
S1,continuous,A,5,869,34,takeoff,24548.930268275464,24578.930268275464,30.0,881.8188330105586
S1,continuous,A,6,869,34,landing,25114.883509492804,25304.883509492804,190.0,532.8183186710885
S1,continuous,A,4,870,62,takeoff,26434.498647298176,26464.498647298176,30.0,2735.7204277374112
S1,continuous,A,5,870,62,landing,26498.930268275464,26688.930268275464,190.0,0.0
S1,continuous,A,2,871,51,takeoff,26922.091284792907,26952.091284792907,30.0,3222.9304469205563
S1,continuous,A,3,871,51,landing,26988.881596723444,27178.881596723444,190.0,0.0
S1,continuous,A,2,872,52,takeoff,26952.091284792907,26982.091284792907,30.0,3247.5926374947303
S1,continuous,A,0,872,52,landing,27032.99374039697,27222.99374039697,190.0,0.0
S1,continuous,A,5,873,24,takeoff,24578.930268275464,24608.930268275464,30.0,846.3015594618046
S1,continuous,A,4,873,24,landing,27039.683922287637,27229.683922287637,190.0,2396.322033034885
S1,continuous,A,1,874,6,takeoff,26088.778219560765,26118.778219560765,30.0,2299.182596962728
S1,continuous,A,7,874,6,landing,26132.057348529033,26322.057348529033,190.0,0.0
S1,continuous,A,7,875,55,takeoff,24138.207715260924,24168.207715260924,30.0,336.1164304680169
S1,continuous,A,6,875,55,landing,25304.883509492804,25494.883509492804,190.0,1156.4249142433655
S1,continuous,A,0,876,8,takeoff,24067.111435264906,24097.111435264906,30.0,210.0
S1,continuous,A,2,876,8,landing,26982.091284792907,27172.091284792907,190.0,2834.077393923937
S1,continuous,A,5,877,23,takeoff,24608.930268275464,24638.930268275464,30.0,720.152048714699
S1,continuous,A,0,877,23,landing,24690.942906647764,24880.942906647764,190.0,0.0
S1,continuous,A,0,878,14,takeoff,24312.99374039697,24342.99374039697,30.0,423.8329025246203
S1,continuous,A,3,878,14,landing,24627.843422874783,24817.843422874783,190.0,215.20775526770376
S1,continuous,A,0,879,11,takeoff,24342.99374039697,24372.99374039697,30.0,448.4950930987943
S1,continuous,A,7,879,11,landing,24762.73140787535,24952.73140787535,190.0,355.49459952910547
S1,continuous,A,3,880,67,takeoff,23979.595622598037,24009.595622598037,30.0,0.0
S1,continuous,A,2,880,67,landing,27172.091284792907,27362.091284792907,190.0,3125.705350264332
S1,continuous,A,7,881,28,takeoff,24168.207715260924,24198.207715260924,30.0,118.10718922895467
S1,continuous,A,5,881,28,landing,25209.595622598037,25399.595622598037,190.0,1018.6322703602855
S1,continuous,A,3,882,48,takeoff,24238.881596723444,24268.881596723444,30.0,180.0
S1,continuous,A,4,882,48,landing,27229.683922287637,27419.683922287637,190.0,2907.4575499875864
S1,continuous,A,6,883,1,takeoff,25494.883509492804,25524.883509492804,30.0,1416.1052899320384
S1,continuous,A,4,883,1,landing,27419.683922287637,27609.683922287637,190.0,1866.6703512793501
S1,continuous,A,2,884,3,takeoff,27362.091284792907,27392.091284792907,30.0,3229.097544395936
S1,continuous,A,7,884,3,landing,27402.73140787535,27592.73140787535,190.0,0.0
S1,continuous,A,4,885,61,takeoff,27609.683922287637,27639.683922287637,30.0,3465.1852749894606
S1,continuous,A,0,885,61,landing,27721.612950000712,27911.612950000712,190.0,0.0
S1,continuous,A,0,886,29,takeoff,24372.99374039697,24402.99374039697,30.0,210.90245560406402
S1,continuous,A,4,886,29,landing,27639.683922287637,27829.683922287637,190.0,3154.7611541775914
S1,continuous,A,1,887,22,takeoff,26118.778219560765,26148.778219560765,30.0,1939.847951285301
S1,continuous,A,5,887,22,landing,26167.064908912733,26357.064908912733,190.0,0.0
S1,continuous,A,0,888,53,takeoff,24402.99374039697,24432.99374039697,30.0,162.89321436500177
S1,continuous,A,4,888,53,landing,27829.683922287637,28019.683922287637,190.0,3314.7611541775914
S1,continuous,A,4,889,56,takeoff,28019.683922287637,28049.683922287637,30.0,3720.905702726872
S1,continuous,A,0,889,56,landing,28131.612950000712,28321.612950000712,190.0,0.0
S1,continuous,A,3,890,18,takeoff,24303.01047114046,24333.01047114046,30.0,0.0
S1,continuous,A,6,890,18,landing,25524.883509492804,25714.883509492804,190.0,1170.6139757601559
S1,continuous,A,0,891,41,takeoff,24626.42767501125,24656.42767501125,30.0,274.3363902183446
S1,continuous,A,1,891,41,landing,26148.778219560765,26338.778219560765,190.0,1426.0385636375286
S1,continuous,A,0,892,35,takeoff,24656.42767501125,24686.42767501125,30.0,287.4974067357871
S1,continuous,A,4,892,35,landing,28049.683922287637,28239.683922287637,190.0,3281.327219563311
S1,continuous,A,7,893,64,takeoff,24492.057348529033,24522.057348529033,30.0,97.55870123085697
S1,continuous,A,4,893,64,landing,28239.683922287637,28429.683922287637,190.0,3692.9643831844296
S1,continuous,A,4,894,20,takeoff,28429.683922287637,28459.683922287637,30.0,3999.583396255668
S1,continuous,A,1,894,20,landing,28513.963494550226,28703.963494550226,190.0,0.0
S1,continuous,A,6,895,45,takeoff,25714.883509492804,25744.883509492804,30.0,1268.4558344815523
S1,continuous,A,0,895,45,landing,26106.42767501125,26296.42767501125,190.0,337.16327539783015
S1,continuous,A,0,896,54,takeoff,24880.942906647764,24910.942906647764,30.0,433.09948377298133
S1,continuous,A,7,896,54,landing,24952.73140787535,25142.73140787535,190.0,7.545433278311975
S1,continuous,A,0,897,4,takeoff,24910.942906647764,24940.942906647764,30.0,422.16468708699904
S1,continuous,A,6,897,4,landing,25744.883509492804,25934.883509492804,190.0,774.7767292635872
S1,continuous,A,0,898,13,takeoff,24940.942906647764,24970.942906647764,30.0,367.2583761609858
S1,continuous,A,7,898,13,landing,25142.73140787535,25332.73140787535,190.0,137.54543327831198
S1,continuous,A,3,899,38,takeoff,24817.843422874783,24847.843422874783,30.0,203.34477557660648
S1,continuous,A,1,899,38,landing,26338.778219560765,26528.778219560765,190.0,1458.5460298932048
S1,continuous,A,5,900,71,takeoff,25399.595622598037,25429.595622598037,30.0,779.4950965660682
S1,continuous,A,4,900,71,landing,28459.683922287637,28649.683922287637,190.0,2995.656678712312
S1,continuous,A,4,901,14,takeoff,28649.683922287637,28679.683922287637,30.0,4011.840499412854
S1,continuous,A,1,901,14,landing,28733.963494550226,28923.963494550226,190.0,0.0
S1,continuous,A,4,902,50,takeoff,28679.683922287637,28709.683922287637,30.0,4030.0882996896
S1,continuous,A,0,902,50,landing,28791.612950000712,28981.612950000712,190.0,0.0
S1,continuous,A,2,903,2,takeoff,27392.091284792907,27422.091284792907,30.0,2730.0
S1,continuous,A,4,903,2,landing,28709.683922287637,28899.683922287637,190.0,1240.0
S1,continuous,A,2,904,73,takeoff,27422.091284792907,27452.091284792907,30.0,2743.3130652321415
S1,continuous,A,0,904,73,landing,27502.99374039697,27692.99374039697,190.0,0.0
S1,continuous,A,7,905,23,takeoff,25332.73140787535,25362.73140787535,30.0,631.7885012275874
S1,continuous,A,0,905,23,landing,25387.927598436054,25577.927598436054,190.0,0.0
S1,continuous,A,7,906,11,takeoff,25362.73140787535,25392.73140787535,30.0,599.0468773885732
S1,continuous,A,1,906,11,landing,26528.778219560765,26718.778219560765,190.0,1131.8145601057186
S1,continuous,A,6,907,31,takeoff,25934.883509492804,25964.883509492804,30.0,1100.3848621946272
S1,continuous,A,7,907,31,landing,26652.73140787535,26842.73140787535,190.0,703.333124466295
S1,continuous,A,3,908,10,takeoff,24847.843422874783,24877.843422874783,30.0,8.247800276745693
S1,continuous,A,2,908,10,landing,27452.091284792907,27642.091284792907,190.0,2537.4575499875864
S1,continuous,A,1,909,59,takeoff,26928.720064410543,26958.720064410543,30.0,2058.6195383785744
S1,continuous,A,0,909,59,landing,27222.99374039697,27412.99374039697,190.0,197.9616950744421
S1,continuous,A,6,910,30,takeoff,25964.883509492804,25994.883509492804,30.0,1082.792224699897
S1,continuous,A,0,910,30,landing,26296.42767501125,26486.42767501125,190.0,277.16327539783015
S1,continuous,A,0,911,16,takeoff,24970.942906647764,25000.942906647764,30.0,72.16468708699904
S1,continuous,A,4,911,16,landing,28899.683922287637,29089.683922287637,190.0,3816.811987926798
S1,continuous,A,6,912,0,takeoff,25994.883509492804,26024.883509492804,30.0,1063.716523139261
S1,continuous,A,4,912,0,landing,29089.683922287637,29279.683922287637,190.0,3036.67035127935
S1,continuous,A,0,913,54,takeoff,25000.942906647764,25030.942906647764,30.0,47.25837616098579
S1,continuous,A,5,913,54,landing,25429.595622598037,25619.595622598037,190.0,346.640077577973
S1,continuous,A,7,914,39,takeoff,25392.73140787535,25422.73140787535,30.0,368.2327605771752
S1,continuous,A,0,914,39,landing,25577.927598436054,25767.927598436054,190.0,130.0
S1,continuous,A,6,915,44,takeoff,26024.883509492804,26054.883509492804,30.0,995.2878868947664
S1,continuous,A,2,915,44,landing,27642.091284792907,27832.091284792907,190.0,1589.1985340610408
S1,continuous,A,2,916,5,takeoff,27832.091284792907,27862.091284792907,30.0,2760.0
S1,continuous,A,0,916,5,landing,27912.99374039697,28102.99374039697,190.0,0.0
S1,continuous,A,4,917,69,takeoff,29279.683922287637,29309.683922287637,30.0,4190.905702726872
S1,continuous,A,0,917,69,landing,29391.612950000712,29581.612950000712,190.0,0.0
S1,continuous,A,0,918,34,takeoff,25120.10052603197,25150.10052603197,30.0,0.0
S1,continuous,A,1,918,34,landing,26958.720064410543,27148.720064410543,190.0,1742.307557466589
S1,continuous,A,0,919,27,takeoff,25150.10052603197,25180.10052603197,30.0,28.933539678426314
S1,continuous,A,4,919,27,landing,29309.683922287637,29499.683922287637,190.0,4047.654368542593
S1,continuous,A,1,920,13,takeoff,27148.720064410543,27178.720064410543,30.0,2005.035533923765
S1,continuous,A,5,920,13,landing,27197.00675376251,27387.00675376251,190.0,0.0
S1,continuous,A,2,921,58,takeoff,27862.091284792907,27892.091284792907,30.0,2647.5926374947303
S1,continuous,A,7,921,58,landing,27902.73140787535,28092.73140787535,190.0,0.0
S1,continuous,A,0,922,28,takeoff,25219.595622598037,25249.595622598037,30.0,0.0
S1,continuous,A,3,922,28,landing,25857.843422874783,26047.843422874783,190.0,538.6058730666373
S1,continuous,A,3,923,42,takeoff,25491.166986353543,25521.166986353543,30.0,229.07570156063593
S1,continuous,A,1,923,42,landing,27178.720064410543,27368.720064410543,190.0,1625.1643112642232
S1,continuous,A,5,924,68,takeoff,25619.595622598037,25649.595622598037,30.0,340.817403037272
S1,continuous,A,1,924,68,landing,27368.720064410543,27558.720064410543,190.0,1700.8377524605385
S1,continuous,A,2,925,55,takeoff,27892.091284792907,27922.091284792907,30.0,2581.9907587609378
S1,continuous,A,6,925,55,landing,27924.883509492804,28114.883509492804,190.0,0.0
S1,continuous,A,4,926,65,takeoff,29499.683922287637,29529.683922287637,30.0,4188.516935934094
S1,continuous,A,0,926,65,landing,29611.612950000712,29801.612950000712,190.0,0.0
S1,continuous,A,5,927,23,takeoff,25649.595622598037,25679.595622598037,30.0,251.66802416198334
S1,continuous,A,2,927,23,landing,27922.091284792907,28112.091284792907,190.0,2224.991324389739
S1,continuous,A,2,928,63,takeoff,28112.091284792907,28142.091284792907,30.0,2707.5926374947303
S1,continuous,A,6,928,63,landing,28144.883509492804,28334.883509492804,190.0,0.0
S1,continuous,A,4,929,54,takeoff,29529.683922287637,29559.683922287637,30.0,4090.0882996896
S1,continuous,A,7,929,54,landing,29593.392990250384,29783.392990250384,190.0,0.0
S1,continuous,A,0,930,66,takeoff,25767.927598436054,25797.927598436054,30.0,315.83631364314715
S1,continuous,A,2,930,66,landing,28142.091284792907,28332.091284792907,190.0,2293.261230752789
S1,continuous,A,2,931,74,takeoff,28332.091284792907,28362.091284792907,30.0,2863.3130652321415
S1,continuous,A,0,931,74,landing,28412.99374039697,28602.99374039697,190.0,0.0
S1,continuous,A,6,932,18,takeoff,26054.883509492804,26084.883509492804,30.0,524.7829834608347
S1,continuous,A,4,932,18,landing,29559.683922287637,29749.683922287637,190.0,3446.67035127935
S1,continuous,A,0,933,39,takeoff,25797.927598436054,25827.927598436054,30.0,210.0
S1,continuous,A,3,933,39,landing,26047.843422874783,26237.843422874783,190.0,150.27389722862063
S1,continuous,A,5,934,12,takeoff,25679.595622598037,25709.595622598037,30.0,55.09697529986079
S1,continuous,A,3,934,12,landing,26237.843422874783,26427.843422874783,190.0,516.2949906376307
S1,continuous,A,1,935,21,takeoff,27558.720064410543,27588.720064410543,30.0,1916.6287796176366
S1,continuous,A,0,935,21,landing,28981.612950000712,29171.612950000712,190.0,1326.5809046781833
S1,continuous,A,0,936,49,takeoff,25827.927598436054,25857.927598436054,30.0,150.08417556127097
S1,continuous,A,3,936,49,landing,26677.843422874783,26867.843422874783,190.0,750.2738972286206
S1,continuous,A,0,937,33,takeoff,25857.927598436054,25887.927598436054,30.0,139.14937887528868
S1,continuous,A,3,937,33,landing,27178.881596723444,27368.881596723444,190.0,1221.3120710772819
S1,continuous,A,6,938,4,takeoff,26084.883509492804,26114.883509492804,30.0,334.78298346083466
S1,continuous,A,1,938,4,landing,27588.720064410543,27778.720064410543,190.0,1459.8255834377233
S1,continuous,A,2,939,72,takeoff,28362.091284792907,28392.091284792907,30.0,2530.0
S1,continuous,A,5,939,72,landing,28409.595622598037,28599.595622598037,190.0,0.0
S1,continuous,A,2,940,60,takeoff,28392.091284792907,28422.091284792907,30.0,2547.5926374947303
S1,continuous,A,4,940,60,landing,29749.683922287637,29939.683922287637,190.0,1280.0
S1,continuous,A,0,941,28,takeoff,26486.42767501125,26516.42767501125,30.0,618.5842521364684
S1,continuous,A,3,941,28,landing,27368.881596723444,27558.881596723444,190.0,782.8119945020844
S1,continuous,A,4,942,36,takeoff,29939.683922287637,29969.683922287637,30.0,4030.905702726872
S1,continuous,A,0,942,36,landing,30051.612950000712,30241.612950000712,190.0,0.0
S1,continuous,A,4,943,40,takeoff,29969.683922287637,29999.683922287637,30.0,4043.2562472763857
S1,continuous,A,5,943,40,landing,30034.115543264925,30224.115543264925,190.0,0.0
S1,continuous,A,7,944,19,takeoff,26022.091284792907,26052.091284792907,30.0,0.0
S1,continuous,A,2,944,19,landing,28422.091284792907,28612.091284792907,190.0,2368.4067543061283
S1,continuous,A,6,945,9,takeoff,26114.883509492804,26144.883509492804,30.0,80.3848621946272
S1,continuous,A,4,945,9,landing,29999.683922287637,30189.683922287637,190.0,3826.67035127935
S1,continuous,A,1,946,39,takeoff,27778.720064410543,27808.720064410543,30.0,1720.8766415357604
S1,continuous,A,2,946,39,landing,28612.091284792907,28802.091284792907,190.0,766.7424407647268
S1,continuous,A,6,947,45,takeoff,26144.883509492804,26174.883509492804,30.0,28.4558344815523
S1,continuous,A,3,947,45,landing,27558.881596723444,27748.881596723444,190.0,1367.5220080992876
S1,continuous,A,0,948,6,takeoff,26516.42767501125,26546.42767501125,30.0,383.4172038707911
S1,continuous,A,6,948,6,landing,26864.883509492804,27054.883509492804,190.0,289.2919609001001
S1,continuous,A,6,949,41,takeoff,26174.883509492804,26204.883509492804,30.0,16.10528993203843
S1,continuous,A,7,949,41,landing,27122.73140787535,27312.73140787535,190.0,933.333124466295
S1,continuous,A,6,950,22,takeoff,26204.883509492804,26234.883509492804,30.0,27.81860058007078
S1,continuous,A,5,950,22,landing,26688.930268275464,26878.930268275464,190.0,455.6948196972444
S1,continuous,A,6,951,25,takeoff,26234.883509492804,26264.883509492804,30.0,22.792224699896906
S1,continuous,A,7,951,25,landing,27592.73140787535,27782.73140787535,190.0,1343.333124466295
S1,continuous,A,1,952,32,takeoff,27808.720064410543,27838.720064410543,30.0,1584.221417112367
S1,continuous,A,7,952,32,landing,28092.73140787535,28282.73140787535,190.0,240.7322144965401
S1,continuous,A,5,953,12,takeoff,26357.064908912733,26387.064908912733,30.0,109.22148603794994
S1,continuous,A,4,953,12,landing,30189.683922287637,30379.683922287637,190.0,3768.1873923976163
S1,continuous,A,7,954,30,takeoff,26322.057348529033,26352.057348529033,30.0,15.629673517782066
S1,continuous,A,1,954,30,landing,27838.720064410543,28028.720064410543,190.0,1482.430464301815
S1,continuous,A,0,955,38,takeoff,26546.42767501125,26576.42767501125,30.0,197.64945545048613
S1,continuous,A,6,955,38,landing,27054.883509492804,27244.883509492804,190.0,449.2919609001001
S1,continuous,A,0,956,46,takeoff,26576.42767501125,26606.42767501125,30.0,114.3363902183446
S1,continuous,A,1,956,46,landing,28028.720064410543,28218.720064410543,190.0,1355.9804084873067
S1,continuous,A,2,957,15,takeoff,28802.091284792907,28832.091284792907,30.0,2338.4067543061283
S1,continuous,A,7,957,15,landing,28842.73140787535,29032.73140787535,190.0,0.0
S1,continuous,A,5,958,47,takeoff,26878.930268275464,26908.930268275464,30.0,399.2463459878272
S1,continuous,A,7,958,47,landing,28282.73140787535,28472.73140787535,190.0,1371.998625234486
S1,continuous,A,6,959,26,takeoff,26497.843422874783,26527.843422874783,30.0,0.0
S1,continuous,A,3,959,26,landing,27748.881596723444,27938.881596723444,190.0,1204.5620947173084
S1,continuous,A,5,960,62,takeoff,26908.930268275464,26938.930268275464,30.0,400.0
S1,continuous,A,2,960,62,landing,28832.091284792907,29022.091284792907,190.0,1875.656678712312
S1,continuous,A,3,961,11,takeoff,26867.843422874783,26897.843422874783,30.0,329.0652033140177
S1,continuous,A,1,961,11,landing,28218.720064410543,28408.720064410543,190.0,1288.487874742983
S1,continuous,A,3,962,31,takeoff,26897.843422874783,26927.843422874783,30.0,244.15889238800446
S1,continuous,A,2,962,31,landing,29022.091284792907,29212.091284792907,190.0,2057.4575499875864
S1,continuous,A,2,963,57,takeoff,29212.091284792907,29242.091284792907,30.0,2542.4073625052697
S1,continuous,A,7,963,57,landing,29252.73140787535,29442.73140787535,190.0,0.0
S1,continuous,A,7,964,43,takeoff,26842.73140787535,26872.73140787535,30.0,162.63088184338267
S1,continuous,A,3,964,43,landing,27938.881596723444,28128.881596723444,190.0,1057.6816662597157
S1,continuous,A,6,965,49,takeoff,27244.883509492804,27274.883509492804,30.0,557.0400866180207
S1,continuous,A,2,965,49,landing,29242.091284792907,29432.091284792907,190.0,1969.1985340610408
S1,continuous,A,2,966,22,takeoff,29432.091284792907,29462.091284792907,30.0,2733.1610165174425
S1,continuous,A,1,966,22,landing,29498.720064410543,29688.720064410543,190.0,0.0
S1,continuous,A,7,967,37,takeoff,26872.73140787535,26902.73140787535,30.0,160.64012308244492
S1,continuous,A,3,967,37,landing,28128.881596723444,28318.881596723444,190.0,1217.6816662597157
S1,continuous,A,5,968,7,takeoff,26938.930268275464,26968.930268275464,30.0,190.2102038649209
S1,continuous,A,3,968,7,landing,28318.881596723444,28508.881596723444,190.0,1337.998518808865
S1,continuous,A,6,969,17,takeoff,27274.883509492804,27304.883509492804,30.0,415.1995872051666
S1,continuous,A,0,969,17,landing,29171.612950000712,29361.612950000712,190.0,1842.3485503872907
S1,continuous,A,7,970,6,takeoff,26902.73140787535,26932.73140787535,30.0,32.63088184338267
S1,continuous,A,3,970,6,landing,28508.881596723444,28698.881596723444,190.0,1567.6816662597157
S1,continuous,A,3,971,70,takeoff,26933.68453048678,26963.68453048678,30.0,0.0
S1,continuous,A,4,971,70,landing,30379.683922287637,30569.683922287637,190.0,3362.654616224252
S1,continuous,A,7,972,34,takeoff,27312.73140787535,27342.73140787535,30.0,344.0113434648083
S1,continuous,A,2,972,34,landing,29462.091284792907,29652.091284792907,190.0,2117.7666312236834
S1,continuous,A,2,973,8,takeoff,29652.091284792907,29682.091284792907,30.0,2660.0
S1,continuous,A,0,973,8,landing,29801.612950000712,29991.612950000712,190.0,68.61920960374118
S1,continuous,A,1,974,51,takeoff,28408.720064410543,28438.720064410543,30.0,1409.8384676870992
S1,continuous,A,5,974,51,landing,28599.595622598037,28789.595622598037,190.0,142.58886883552623
S1,continuous,A,1,975,52,takeoff,28438.720064410543,28468.720064410543,30.0,1395.7263240135726
S1,continuous,A,7,975,52,landing,28481.99919337881,28671.99919337881,190.0,0.0
S1,continuous,A,5,976,24,takeoff,27049.683922287637,27079.683922287637,30.0,0.0
S1,continuous,A,2,976,24,landing,29682.091284792907,29872.091284792907,190.0,2584.903024700139
S1,continuous,A,2,977,38,takeoff,29872.091284792907,29902.091284792907,30.0,2811.9907587609378
S1,continuous,A,5,977,38,landing,30224.115543264925,30414.115543264925,190.0,304.51992066688763
S1,continuous,A,2,978,41,takeoff,29902.091284792907,29932.091284792907,30.0,2778.4067543061283
S1,continuous,A,6,978,41,landing,29934.883509492804,30124.883509492804,190.0,0.0
S1,continuous,A,6,979,67,takeoff,27304.883509492804,27334.883509492804,30.0,122.7922246998969
S1,continuous,A,4,979,67,landing,30569.683922287637,30759.683922287637,190.0,3206.67035127935
S1,continuous,A,1,980,42,takeoff,28468.720064410543,28498.720064410543,30.0,1280.0
S1,continuous,A,2,980,42,landing,29932.091284792907,30122.091284792907,190.0,1396.7424407647268
S1,continuous,A,3,981,33,takeoff,28698.881596723444,28728.881596723444,30.0,1510.0
S1,continuous,A,7,981,33,landing,29032.73140787535,29222.73140787535,190.0,286.3344111749575
S1,continuous,A,7,982,13,takeoff,27342.73140787535,27372.73140787535,30.0,135.72465411284065
S1,continuous,A,0,982,13,landing,30241.612950000712,30431.612950000712,190.0,2843.685351564658
S1,continuous,A,1,983,59,takeoff,28703.963494550226,28733.963494550226,30.0,1470.969754153255
S1,continuous,A,2,983,59,landing,30122.091284792907,30312.091284792907,190.0,1351.4990106250443
S1,continuous,A,0,984,48,takeoff,27412.99374039697,27442.99374039697,30.0,173.30981810933372
S1,continuous,A,3,984,48,landing,28728.881596723444,28918.881596723444,190.0,1216.245929116365
S1,continuous,A,7,985,68,takeoff,27782.73140787535,27812.73140787535,30.0,404.0113434648083
S1,continuous,A,3,985,68,landing,28918.881596723444,29108.881596723444,190.0,1097.6816662597157
S1,continuous,A,0,986,28,takeoff,27442.99374039697,27472.99374039697,30.0,64.11214367352659
S1,continuous,A,7,986,28,landing,29783.392990250384,29973.392990250384,190.0,2276.156181904138
S1,continuous,A,0,987,3,takeoff,27472.99374039697,27502.99374039697,30.0,69.3092099101923
S1,continuous,A,4,987,3,landing,30759.683922287637,30949.683922287637,190.0,3174.7611541775914
S1,continuous,A,1,988,1,takeoff,28923.963494550226,28953.963494550226,30.0,1494.2795722625888
S1,continuous,A,7,988,1,landing,29973.392990250384,30163.392990250384,190.0,1006.1503667318902
S1,continuous,A,7,989,10,takeoff,27812.73140787535,27842.73140787535,30.0,350.6401230824449
S1,continuous,A,0,989,10,landing,30431.612950000712,30621.612950000712,190.0,2563.685351564658
S1,continuous,A,3,990,73,takeoff,29108.881596723444,29138.881596723444,30.0,1595.8878563264734
S1,continuous,A,7,990,73,landing,30163.392990250384,30353.392990250384,190.0,1006.9959935499901
S1,continuous,A,7,991,45,takeoff,27842.73140787535,27872.73140787535,30.0,273.8498111519075
S1,continuous,A,5,991,45,landing,27865.48704485218,28055.48704485218,190.0,0.0
S1,continuous,A,1,992,25,takeoff,28953.963494550226,28983.963494550226,30.0,1360.2789640634473
S1,continuous,A,2,992,25,landing,30312.091284792907,30502.091284792907,190.0,1291.4990106250443
S1,continuous,A,4,993,4,takeoff,30949.683922287637,30979.683922287637,30.0,3350.9638578770937
S1,continuous,A,7,993,4,landing,31013.392990250384,31203.392990250384,190.0,0.0
S1,continuous,A,7,994,29,takeoff,27872.73140787535,27902.73140787535,30.0,223.04748558771462
S1,continuous,A,0,994,29,landing,30621.612950000712,30811.612950000712,190.0,2693.685351564658
S1,continuous,A,0,995,44,takeoff,28321.612950000712,28351.612950000712,30.0,669.5216652078052
S1,continuous,A,1,995,44,landing,28983.963494550226,29173.963494550226,190.0,566.0385636375286
S1,continuous,A,1,996,61,takeoff,29173.963494550226,29203.963494550226,30.0,1442.3505445495139
S1,continuous,A,7,996,61,landing,30353.392990250384,30543.392990250384,190.0,1136.1503667318902
S1,continuous,A,4,997,26,takeoff,30979.683922287637,31009.683922287637,30.0,3220.802325564193
S1,continuous,A,3,997,26,landing,31063.028697864243,31253.028697864243,190.0,0.0
S1,continuous,A,7,998,53,takeoff,28671.99919337881,28701.99919337881,30.0,832.3152710911745
S1,continuous,A,1,998,53,landing,29203.963494550226,29393.963494550226,190.0,497.73204959171926
S1,continuous,A,4,999,30,takeoff,31009.683922287637,31039.683922287637,30.0,3160.9638578770937
S1,continuous,A,6,999,30,landing,31072.596967263955,31262.596967263955,190.0,0.0
S1,continuous,A,4,1000,45,takeoff,31039.683922287637,31069.683922287637,30.0,3164.1968774354573
S1,continuous,A,0,1000,45,landing,31151.612950000712,31341.612950000712,190.0,0.0
S1,continuous,A,5,1001,58,takeoff,28055.48704485218,28085.48704485218,30.0,151.8025143654013
S1,continuous,A,4,1001,58,landing,31069.683922287637,31259.683922287637,190.0,2949.7652564581695
S1,continuous,A,3,1002,5,takeoff,29138.881596723444,29168.881596723444,30.0,1215.8878563264734
S1,continuous,A,4,1002,5,landing,31259.683922287637,31449.683922287637,190.0,2037.4575499875864
S1,continuous,A,2,1003,55,takeoff,30502.091284792907,30532.091284792907,30.0,2571.9907587609378
S1,continuous,A,0,1003,55,landing,30811.612950000712,31001.612950000712,190.0,228.61920960374118
S1,continuous,A,5,1004,23,takeoff,28085.48704485218,28115.48704485218,30.0,153.39576005927302
S1,continuous,A,3,1004,23,landing,29168.881596723444,29358.881596723444,190.0,1041.4417422321494
S1,continuous,A,4,1005,43,takeoff,31449.683922287637,31479.683922287637,30.0,3500.802325564193
S1,continuous,A,1,1005,43,landing,31533.963494550226,31723.963494550226,190.0,0.0
S1,continuous,A,3,1006,46,takeoff,29358.881596723444,29388.881596723444,30.0,1320.1615323129008
S1,continuous,A,6,1006,46,landing,29410.14065931563,29600.14065931563,190.0,0.0
S1,continuous,A,1,1007,35,takeoff,29393.963494550226,29423.963494550226,30.0,1334.2795722625888
S1,continuous,A,3,1007,35,landing,29456.352261343003,29646.352261343003,190.0,0.0
S1,continuous,A,0,1008,32,takeoff,28351.612950000712,28381.612950000712,30.0,257.9284195139335
S1,continuous,A,1,1008,32,landing,29688.720064410543,29878.720064410543,190.0,1240.795133497846
S1,continuous,A,7,1009,37,takeoff,28701.99919337881,28731.99919337881,30.0,563.1175966553674
S1,continuous,A,5,1009,37,landing,28789.595622598037,28979.595622598037,190.0,64.84079224239758
S1,continuous,A,3,1010,56,takeoff,29388.881596723444,29418.881596723444,30.0,1247.2686467227322
S1,continuous,A,5,1010,56,landing,29430.83440636256,29620.83440636256,190.0,0.0
S1,continuous,A,3,1011,63,takeoff,29418.881596723444,29448.881596723444,30.0,1268.7810706914752
S1,continuous,A,7,1011,63,landing,30543.392990250384,30733.392990250384,190.0,1076.99599354999
S1,continuous,A,3,1012,66,takeoff,29646.352261343003,29676.352261343003,30.0,1494.2609765500965
S1,continuous,A,6,1012,66,landing,29697.61132393519,29887.61132393519,190.0,0.0
S1,continuous,A,5,1013,11,takeoff,28228.720064410543,28258.720064410543,30.0,0.0
S1,continuous,A,7,1013,11,landing,30733.392990250384,30923.392990250384,190.0,2472.8704114744396
S1,continuous,A,6,1014,64,takeoff,28334.883509492804,28364.883509492804,30.0,85.19958720516661
S1,continuous,A,3,1014,64,landing,29676.352261343003,29866.352261343003,190.0,1294.9926727188467
S1,continuous,A,1,1015,47,takeoff,29423.963494550226,29453.963494550226,30.0,1140.2789640634473
S1,continuous,A,2,1015,47,landing,30532.091284792907,30722.091284792907,190.0,1041.4990106250443
S1,continuous,A,0,1016,7,takeoff,28381.612950000712,28411.612950000712,30.0,52.73135327726777
S1,continuous,A,1,1016,7,landing,29878.720064410543,30068.720064410543,190.0,1400.795133497846
S1,continuous,A,5,1017,72,takeoff,28979.595622598037,29009.595622598037,30.0,560.0
S1,continuous,A,7,1017,72,landing,31203.392990250384,31393.392990250384,190.0,2191.9948532869457
S1,continuous,A,4,1018,74,takeoff,31479.683922287637,31509.683922287637,30.0,3056.6901818906663
S1,continuous,A,0,1018,74,landing,31591.612950000712,31781.612950000712,190.0,0.0
S1,continuous,A,0,1019,19,takeoff,28602.99374039697,28632.99374039697,30.0,170.90245560406402
S1,continuous,A,4,1019,19,landing,31509.683922287637,31699.683922287637,190.0,2794.7611541775914
S1,continuous,A,6,1020,71,takeoff,28469.683922287637,28499.683922287637,30.0,0.0
S1,continuous,A,7,1020,71,landing,31393.392990250384,31583.392990250384,190.0,2909.194294046494
S1,continuous,A,1,1021,52,takeoff,29453.963494550226,29483.963494550226,30.0,971.0111785599875
S1,continuous,A,3,1021,52,landing,29866.352261343003,30056.352261343003,190.0,350.0
S1,continuous,A,0,1022,6,takeoff,28632.99374039697,28662.99374039697,30.0,114.11214367352659
S1,continuous,A,3,1022,6,landing,30056.352261343003,30246.352261343003,190.0,1323.716593735924
S1,continuous,A,3,1023,20,takeoff,30246.352261343003,30276.352261343003,30.0,1722.3887667927775
S1,continuous,A,1,1023,20,landing,30308.74102813578,30498.74102813578,190.0,0.0
S1,continuous,A,3,1024,51,takeoff,30276.352261343003,30306.352261343003,30.0,1666.756638744966
S1,continuous,A,7,1024,51,landing,31583.392990250384,31773.392990250384,190.0,1259.525328930431
S1,continuous,A,4,1025,39,takeoff,31699.683922287637,31729.683922287637,30.0,3077.5926374947303
S1,continuous,A,6,1025,39,landing,31762.596967263955,31952.596967263955,190.0,0.0
S1,continuous,A,7,1026,2,takeoff,28731.99919337881,28761.99919337881,30.0,12.315271091174509
S1,continuous,A,0,1026,2,landing,31341.612950000712,31531.612950000712,190.0,2554.417566061198
S1,continuous,A,4,1027,48,takeoff,31729.683922287637,31759.683922287637,30.0,2990.802325564193
S1,continuous,A,2,1027,48,landing,31807.276559782367,31997.276559782367,190.0,0.0
S1,continuous,A,3,1028,14,takeoff,30306.352261343003,30336.352261343003,30.0,1562.3887667927775
S1,continuous,A,2,1028,14,landing,30722.091284792907,30912.091284792907,190.0,348.94871151936604
S1,continuous,A,5,1029,37,takeoff,29009.595622598037,29039.595622598037,30.0,210.0
S1,continuous,A,1,1029,37,landing,30068.720064410543,30258.720064410543,190.0,1010.8377524605385
S1,continuous,A,5,1030,50,takeoff,29039.595622598037,29069.595622598037,30.0,237.9826725973253
S1,continuous,A,0,1030,50,landing,31781.612950000712,31971.612950000712,190.0,2660.0046890303747
S1,continuous,A,2,1031,62,takeoff,30912.091284792907,30942.091284792907,30.0,2070.0
S1,continuous,A,4,1031,62,landing,31759.683922287637,31949.683922287637,190.0,770.0
S1,continuous,A,1,1032,15,takeoff,30258.720064410543,30288.720064410543,30.0,1415.035533923765
S1,continuous,A,5,1032,15,landing,30414.115543264925,30604.115543264925,190.0,107.10878950241386
S1,continuous,A,0,1033,16,takeoff,29361.612950000712,29391.612950000712,30.0,451.9290277130749
S1,continuous,A,5,1033,16,landing,29620.83440636256,29810.83440636256,190.0,177.20881798954724
S1,continuous,A,5,1034,68,takeoff,29069.595622598037,29099.595622598037,30.0,140.71402587459306
S1,continuous,A,0,1034,68,landing,31971.612950000712,32161.612950000712,190.0,2820.0046890303747
S1,continuous,A,1,1035,21,takeoff,30498.74102813578,30528.74102813578,30.0,1507.1280781350688
S1,continuous,A,5,1035,21,landing,30604.115543264925,30794.115543264925,190.0,57.08782577717648
S1,continuous,A,7,1036,44,takeoff,29222.73140787535,29252.73140787535,30.0,228.76791332512585
S1,continuous,A,3,1036,44,landing,30336.352261343003,30526.352261343003,190.0,1075.1523308792748
S1,continuous,A,2,1037,31,takeoff,30942.091284792907,30972.091284792907,30.0,1910.0
S1,continuous,A,1,1037,31,landing,31008.720064410543,31198.720064410543,190.0,0.0
S1,continuous,A,6,1038,33,takeoff,29033.68453048678,29063.68453048678,30.0,0.0
S1,continuous,A,3,1038,33,landing,30526.352261343003,30716.352261343003,190.0,1446.191651724872
S1,continuous,A,1,1039,0,takeoff,30528.74102813578,30558.74102813578,30.0,1429.0571058481437
S1,continuous,A,7,1039,0,landing,31773.392990250384,31963.392990250384,190.0,1201.3728331463353
S1,continuous,A,1,1040,23,takeoff,30558.74102813578,30588.74102813578,30.0,1379.8594314123366
S1,continuous,A,2,1040,23,landing,30972.091284792907,31162.091284792907,190.0,346.7214770394894
S1,continuous,A,0,1041,17,takeoff,29581.612950000712,29611.612950000712,30.0,400.0
S1,continuous,A,2,1041,17,landing,31162.091284792907,31352.091284792907,190.0,1499.5758791881308
S1,continuous,A,6,1042,53,takeoff,29213.963494550226,29243.963494550226,30.0,0.0
S1,continuous,A,0,1042,53,landing,32161.612950000712,32351.612950000712,190.0,2893.2685653298686
S1,continuous,A,1,1043,49,takeoff,30588.74102813578,30618.74102813578,30.0,1336.649743342874
S1,continuous,A,7,1043,49,landing,31963.392990250384,32153.392990250384,190.0,1331.3728331463353
S1,continuous,A,1,1044,57,takeoff,30618.74102813578,30648.74102813578,30.0,1365.0564976490023
S1,continuous,A,3,1044,57,landing,30716.352261343003,30906.352261343003,190.0,35.22246641444508
S1,continuous,A,6,1045,27,takeoff,29319.683922287637,29349.683922287637,30.0,0.0
S1,continuous,A,1,1045,27,landing,30648.74102813578,30838.74102813578,190.0,1285.0461343681272
S1,continuous,A,7,1046,69,takeoff,29442.73140787535,29472.73140787535,30.0,41.11845787463972
S1,continuous,A,5,1046,69,landing,29810.83440636256,30000.83440636256,190.0,345.3473615103794
S1,continuous,A,2,1047,46,takeoff,31352.091284792907,31382.091284792907,30.0,1936.7336089381097
S1,continuous,A,0,1047,46,landing,32351.612950000712,32541.612950000712,190.0,918.6192096037412
S1,continuous,A,3,1048,56,takeoff,30906.352261343003,30936.352261343003,30.0,1465.517854980444
S1,continuous,A,6,1048,56,landing,31262.596967263955,31452.596967263955,190.0,304.9856433287641
S1,continuous,A,7,1049,35,takeoff,29472.73140787535,29502.73140787535,30.0,6.379146532348386
S1,continuous,A,1,1049,35,landing,31198.720064410543,31388.720064410543,190.0,1691.7564049554967
S1,continuous,A,2,1050,34,takeoff,31382.091284792907,31412.091284792907,30.0,1910.0
S1,continuous,A,4,1050,34,landing,31949.683922287637,32139.683922287637,190.0,490.0
S1,continuous,A,0,1051,22,takeoff,29991.612950000712,30021.612950000712,30.0,482.8928855901686
S1,continuous,A,3,1051,22,landing,31253.028697864243,31443.028697864243,190.0,1161.7738206534232
S1,continuous,A,4,1052,18,takeoff,32139.683922287637,32169.683922287637,30.0,2570.0
S1,continuous,A,7,1052,18,landing,32203.392990250384,32393.392990250384,190.0,0.0
S1,continuous,A,2,1053,54,takeoff,31412.091284792907,31442.091284792907,30.0,1817.7451719310957
S1,continuous,A,1,1053,54,landing,31723.963494550226,31913.963494550226,190.0,245.24343013968246
S1,continuous,A,5,1054,65,takeoff,30000.83440636256,30030.83440636256,30.0,379.22145636184723
S1,continuous,A,4,1054,65,landing,32169.683922287637,32359.683922287637,190.0,2104.41789494779
S1,continuous,A,3,1055,16,takeoff,30936.352261343003,30966.352261343003,30.0,1305.517854980444
S1,continuous,A,4,1055,16,landing,32359.683922287637,32549.683922287637,190.0,1339.9868853680273
S1,continuous,A,2,1056,64,takeoff,31442.091284792907,31472.091284792907,30.0,1755.7390234499035
S1,continuous,A,4,1056,64,landing,32549.683922287637,32739.683922287637,190.0,1030.0
S1,continuous,A,2,1057,24,takeoff,31472.091284792907,31502.091284792907,30.0,1780.0
S1,continuous,A,6,1057,24,landing,31504.883509492804,31694.883509492804,190.0,0.0
S1,continuous,A,4,1058,32,takeoff,32739.683922287637,32769.68392228764,30.0,3040.9638578770937
S1,continuous,A,2,1058,32,landing,32817.27655978237,33007.27655978237,190.0,0.0
S1,continuous,A,1,1059,66,takeoff,30838.74102813578,30868.74102813578,30.0,1135.9126876614246
S1,continuous,A,3,1059,66,landing,31443.028697864243,31633.028697864243,190.0,541.8989029356853
S1,continuous,A,6,1060,60,takeoff,29887.61132393519,29917.61132393519,30.0,127.92740164755378
S1,continuous,A,0,1060,60,landing,32541.612950000712,32731.612950000712,190.0,2599.6207359449036
S1,continuous,A,7,1061,28,takeoff,30923.392990250384,30953.392990250384,30.0,1139.0468773885732
S1,continuous,A,6,1061,28,landing,31952.596967263955,32142.596967263955,190.0,1018.9530970250562
S1,continuous,A,5,1062,8,takeoff,30794.115543264925,30824.115543264925,30.0,982.5025932642129
S1,continuous,A,2,1062,8,landing,31502.091284792907,31692.091284792907,190.0,660.4714037228514
S1,continuous,A,1,1063,69,takeoff,30868.74102813578,30898.74102813578,30.0,1047.9066217732216
S1,continuous,A,6,1063,69,landing,32142.596967263955,32332.596967263955,190.0,1225.061984187323
S1,continuous,A,7,1064,52,takeoff,30953.392990250384,30983.392990250384,30.0,1077.040728907381
S1,continuous,A,6,1064,52,landing,32332.596967263955,32522.596967263955,190.0,1368.9530970250562
S1,continuous,A,0,1065,7,takeoff,30021.612950000712,30051.612950000712,30.0,132.8928855901686
S1,continuous,A,5,1065,7,landing,30824.115543264925,31014.115543264925,190.0,720.4899548919129
S1,continuous,A,0,1066,41,takeoff,31001.612950000712,31031.612950000712,30.0,1061.512423968743
S1,continuous,A,3,1066,41,landing,31633.028697864243,31823.028697864243,190.0,531.7738206534232
S1,continuous,A,3,1067,42,takeoff,30966.352261343003,30996.352261343003,30.0,1024.2609765500965
S1,continuous,A,4,1067,42,landing,32769.68392228764,32959.68392228764,190.0,1719.9868853680273
S1,continuous,A,7,1068,1,takeoff,30983.392990250384,31013.392990250384,30.0,1009.0468773885732
S1,continuous,A,4,1068,1,landing,32959.68392228764,33149.68392228764,190.0,1921.6287414630788
S1,continuous,A,2,1069,9,takeoff,31692.091284792907,31722.091284792907,30.0,1682.4073625052697
S1,continuous,A,6,1069,9,landing,32522.596967263955,32712.596967263955,190.0,797.7134577711513
S1,continuous,A,0,1070,40,takeoff,31031.612950000712,31061.612950000712,30.0,987.4974067357871
S1,continuous,A,1,1070,40,landing,31913.963494550226,32103.963494550226,190.0,786.0385636375286
S1,continuous,A,0,1071,36,takeoff,31061.612950000712,31091.612950000712,30.0,1000.0
S1,continuous,A,7,1071,36,landing,32393.392990250384,32583.392990250384,190.0,1267.5369723003969
S1,continuous,A,5,1072,6,takeoff,31014.115543264925,31044.115543264925,30.0,947.7632819219216
S1,continuous,A,0,1072,6,landing,32731.612950000712,32921.61295000071,189.99999999999636,1635.484768363487
S1,continuous,A,0,1073,37,takeoff,31091.612950000712,31121.612950000712,30.0,1012.8928855901686
S1,continuous,A,3,1073,37,landing,31823.028697864243,32013.028697864243,190.0,631.7738206534232
S1,continuous,A,4,1074,59,takeoff,33149.68392228764,33179.68392228764,30.0,3017.5926374947303
S1,continuous,A,3,1074,59,landing,33233.02869786424,33423.02869786424,190.0,0.0
S1,continuous,A,6,1075,73,takeoff,30164.34611286181,30194.34611286181,30.0,0.0
S1,continuous,A,7,1075,73,landing,32583.392990250384,32773.39299025039,190.00000000000364,2404.53210347232
S1,continuous,A,0,1076,12,takeoff,31121.612950000712,31151.612950000712,30.0,921.9290277130749
S1,continuous,A,6,1076,12,landing,32712.596967263955,32902.596967263955,190.0,1531.8201436817908
S1,continuous,A,6,1077,38,takeoff,30234.115543264925,30264.115543264925,30.0,0.0
S1,continuous,A,4,1077,38,landing,33179.68392228764,33369.68392228764,190.0,2887.438317507229
S1,continuous,A,2,1078,13,takeoff,31722.091284792907,31752.091284792907,30.0,1470.4783347921948
S1,continuous,A,7,1078,13,landing,32773.39299025039,32963.39299025039,190.0,1010.6615823750362
S1,continuous,A,3,1079,20,takeoff,30996.352261343003,31026.352261343003,30.0,677.6112332072225
S1,continuous,A,5,1079,20,landing,31044.115543264925,31234.115543264925,190.0,5.810472282806586
