scenario_id,sweep,model,vertiport_id,flight_id,aircraft_id,operation,start_s,end_s,duration_s,pad_delay_s
S3,continuous,C,1,0,107,takeoff,0.0,30.0,30.0,0.0
S3,continuous,C,2,0,107,landing,88.62687897533048,278.6268789753305,190.0,0.0
S3,continuous,C,7,1,58,takeoff,10.0,40.0,30.0,0.0
S3,continuous,C,3,1,58,landing,106.44384263889657,296.44384263889657,190.0,0.0
S3,continuous,C,2,2,149,takeoff,278.6268789753305,308.6268789753305,30.0,198.6268789753305
S3,continuous,C,7,2,149,landing,361.14251652015156,551.1425165201515,189.99999999999994,0.0
S3,continuous,C,5,3,118,takeoff,30.0,60.0,30.0,0.0
S3,continuous,C,15,3,118,landing,103.88489003644098,293.884890036441,190.0,0.0
S3,continuous,C,7,4,6,takeoff,40.0,70.0,30.0,0.0
S3,continuous,C,9,4,6,landing,82.73010447722253,272.73010447722254,190.0,0.0
S3,continuous,C,11,5,148,takeoff,50.0,80.0,30.0,0.0
S3,continuous,C,15,5,148,landing,293.884890036441,483.884890036441,190.0,161.94562512345667
S3,continuous,C,16,6,121,takeoff,60.0,90.0,30.0,0.0
S3,continuous,C,7,6,121,landing,99.30785007682222,289.3078500768222,190.0,0.0
S3,continuous,C,8,7,29,takeoff,70.0,100.0,30.0,0.0
S3,continuous,C,12,7,29,landing,128.80893119995247,318.80893119995244,189.99999999999997,0.0
S3,continuous,C,11,8,130,takeoff,80.0,110.0,30.0,0.0
S3,continuous,C,1,8,130,landing,168.06150450852164,358.06150450852164,190.0,0.0
S3,continuous,C,6,9,97,takeoff,90.0,120.0,30.0,0.0
S3,continuous,C,17,9,97,landing,179.34107709251242,369.3410770925124,190.0,0.0
S3,continuous,C,12,10,9,takeoff,318.80893119995244,348.80893119995244,30.0,218.80893119995244
S3,continuous,C,6,10,9,landing,393.93705362542,583.93705362542,190.00000000000006,0.0
S3,continuous,C,12,11,77,takeoff,348.80893119995244,378.80893119995244,30.0,238.80893119995244
S3,continuous,C,16,11,77,landing,400.4909873501486,590.4909873501485,189.99999999999994,0.0
S3,continuous,C,0,12,19,takeoff,120.0,150.0,30.0,0.0
S3,continuous,C,14,12,19,landing,188.12152458175984,378.12152458175984,190.0,0.0
S3,continuous,C,0,13,46,takeoff,150.0,180.0,30.0,20.0
S3,continuous,C,11,13,46,landing,187.496142156405,377.49614215640497,189.99999999999997,0.0
S3,continuous,C,5,14,12,takeoff,140.0,170.0,30.0,0.0
S3,continuous,C,15,14,12,landing,483.884890036441,673.884890036441,190.0,250.0
S3,continuous,C,6,15,103,takeoff,150.0,180.0,30.0,0.0
S3,continuous,C,7,15,103,landing,551.1425165201515,741.1425165201515,190.0,337.9393812567056
S3,continuous,C,18,16,67,takeoff,220.0,250.0,30.0,0.0
S3,continuous,C,12,16,67,landing,412.99744663207673,602.9974466320767,190.0,0.0
S3,continuous,C,13,17,99,takeoff,170.0,200.0,30.0,0.0
S3,continuous,C,14,17,99,landing,378.12152458175984,568.1215245817598,189.99999999999994,110.8860765637541
S3,continuous,C,12,18,105,takeoff,378.80893119995244,408.80893119995244,30.0,198.80893119995244
S3,continuous,C,0,18,105,landing,460.88864380215995,650.88864380216,190.00000000000006,0.0
S3,continuous,C,12,19,89,takeoff,602.9974466320767,632.9974466320767,30.0,412.99744663207673
S3,continuous,C,17,19,89,landing,696.8731765245931,886.8731765245931,190.0,0.0
S3,continuous,C,17,20,51,takeoff,369.3410770925124,399.3410770925124,30.0,169.34107709251242
S3,continuous,C,13,20,51,landing,436.99641017196745,626.9964101719675,190.0,0.0
S3,continuous,C,9,21,56,takeoff,272.73010447722254,302.73010447722254,30.0,62.73010447722254
S3,continuous,C,18,21,56,landing,349.34107831804187,539.3410783180418,189.99999999999994,0.0
S3,continuous,C,5,22,97,takeoff,220.0,250.0,30.0,0.0
S3,continuous,C,8,22,97,landing,273.53307351338776,463.53307351338776,190.0,0.0
S3,continuous,C,15,23,11,takeoff,673.884890036441,703.884890036441,30.0,443.884890036441
S3,continuous,C,11,23,11,landing,755.8241549494253,945.8241549494253,190.0,0.0
S3,continuous,C,9,24,98,takeoff,302.73010447722254,332.73010447722254,30.0,62.73010447722254
S3,continuous,C,18,24,98,landing,539.3410783180418,729.3410783180418,190.0,159.99999999999994
S3,continuous,C,8,25,115,takeoff,463.53307351338776,493.53307351338776,30.0,213.53307351338776
S3,continuous,C,13,25,115,landing,626.9964101719675,816.9964101719675,190.0,118.08674336995745
S3,continuous,C,3,26,123,takeoff,296.44384263889657,326.44384263889657,30.0,36.44384263889657
S3,continuous,C,18,26,123,landing,729.3410783180418,919.3410783180418,190.0,323.6469970520643
S3,continuous,C,3,27,86,takeoff,326.44384263889657,356.44384263889657,30.0,56.44384263889657
S3,continuous,C,19,27,86,landing,423.8087312242261,613.8087312242261,190.0,0.0
S3,continuous,C,6,28,60,takeoff,280.0,310.0,30.0,0.0
S3,continuous,C,7,28,60,landing,741.1425165201515,931.1425165201515,190.0,377.93938125670553
S3,continuous,C,2,29,26,takeoff,308.6268789753305,338.6268789753305,30.0,18.6268789753305
S3,continuous,C,14,29,26,landing,568.1215245817598,758.1215245817598,190.0,142.49004048919574
S3,continuous,C,5,30,19,takeoff,300.0,330.0,30.0,0.0
S3,continuous,C,6,30,19,landing,583.93705362542,773.93705362542,190.0,188.1075246938201
S3,continuous,C,11,31,24,takeoff,377.49614215640497,407.49614215640497,30.0,67.49614215640497
S3,continuous,C,0,31,24,landing,650.88864380216,840.88864380216,190.0,215.89635948935006
S3,continuous,C,19,32,111,takeoff,320.0,350.0,30.0,0.0
S3,continuous,C,9,32,111,landing,439.3948554845417,629.3948554845417,190.0,0.0
S3,continuous,C,16,33,114,takeoff,330.0,360.0,30.0,0.0
S3,continuous,C,2,33,114,landing,409.73075162501976,599.7307516250198,190.00000000000006,0.0
S3,continuous,C,1,34,61,takeoff,358.06150450852164,388.06150450852164,30.0,18.061504508521637
S3,continuous,C,17,34,61,landing,431.66306617895617,621.6630661789561,189.99999999999994,0.0
S3,continuous,C,9,35,81,takeoff,350.0,380.0,30.0,0.0
S3,continuous,C,2,35,81,landing,599.7307516250198,789.7307516250198,190.0,148.25970346669556
S3,continuous,C,15,36,91,takeoff,703.884890036441,733.884890036441,30.0,343.884890036441
S3,continuous,C,11,36,91,landing,945.8241549494253,1135.8241549494253,190.0,160.0
S3,continuous,C,10,37,22,takeoff,370.0,400.0,30.0,0.0
S3,continuous,C,9,37,22,landing,629.3948554845417,819.3948554845417,190.0,171.52303068647439
S3,continuous,C,12,38,149,takeoff,632.9974466320767,662.9974466320767,30.0,252.99744663207673
S3,continuous,C,16,38,149,landing,684.6795027822728,874.6795027822728,190.0,0.0
S3,continuous,C,1,39,80,takeoff,390.0,420.0,30.0,0.0
S3,continuous,C,11,39,80,landing,458.06150450852164,648.0615045085217,190.00000000000006,0.0
S3,continuous,C,4,40,99,takeoff,400.0,430.0,30.0,0.0
S3,continuous,C,0,40,99,landing,840.88864380216,1030.88864380216,190.0,352.62777018198835
S3,continuous,C,17,41,74,takeoff,621.6630661789561,651.6630661789561,30.0,211.66306617895611
S3,continuous,C,16,41,74,landing,874.6795027822728,1064.6795027822727,189.9999999999999,168.24833445492823
S3,continuous,C,10,42,107,takeoff,720.0,750.0,30.0,0.0
S3,continuous,C,6,42,107,landing,773.93705362542,963.93705362542,190.0,3.813594658223792
S3,continuous,C,11,43,71,takeoff,648.0615045085217,678.0615045085217,30.0,218.0615045085217
S3,continuous,C,10,43,71,landing,750.0,940.0,190.0,32.61789594955303
S3,continuous,C,19,44,36,takeoff,613.8087312242261,643.8087312242261,30.0,173.8087312242261
S3,continuous,C,6,44,36,landing,963.93705362542,1153.93705362542,190.0,230.14387187542945
S3,continuous,C,14,45,64,takeoff,758.1215245817598,788.1215245817598,30.0,308.1215245817598
S3,continuous,C,19,45,64,landing,881.7215007796519,1071.721500779652,190.0,0.0
S3,continuous,C,14,46,41,takeoff,788.1215245817598,818.1215245817598,30.0,328.1215245817598
S3,continuous,C,6,46,41,landing,1153.93705362542,1343.93705362542,190.0,191.6370144874952
S3,continuous,C,2,47,4,takeoff,789.7307516250198,819.7307516250198,30.0,319.7307516250198
S3,continuous,C,15,47,4,landing,894.3919732294664,1084.3919732294664,190.0,0.0
S3,continuous,C,1,48,5,takeoff,480.0,510.0,30.0,0.0
S3,continuous,C,19,48,5,landing,663.0108530433018,853.0108530433018,190.0,0.0
S3,continuous,C,10,49,117,takeoff,490.0,520.0,30.0,0.0
S3,continuous,C,19,49,117,landing,1071.721500779652,1261.721500779652,190.0,393.0069190786662
S3,continuous,C,11,50,131,takeoff,678.0615045085217,708.0615045085217,30.0,178.0615045085217
S3,continuous,C,5,50,131,landing,728.1504403975264,918.1504403975264,190.0,0.0
S3,continuous,C,2,51,14,takeoff,819.7307516250198,849.7307516250198,30.0,309.7307516250198
S3,continuous,C,17,51,14,landing,903.5205494768765,1093.5205494768766,190.0000000000001,0.0
S3,continuous,C,7,52,29,takeoff,931.1425165201515,961.1425165201515,30.0,411.1425165201515
S3,continuous,C,13,52,29,landing,981.4351436912076,1171.4351436912075,189.9999999999999,0.0
S3,continuous,C,0,53,129,takeoff,1030.88864380216,1060.88864380216,30.0,500.88864380216
S3,continuous,C,16,53,129,landing,1086.233705394831,1276.233705394831,190.0,0.0
S3,continuous,C,15,54,43,takeoff,733.884890036441,763.884890036441,30.0,193.884890036441
S3,continuous,C,19,54,43,landing,1261.721500779652,1451.721500779652,190.0,422.2232122043307
S3,continuous,C,17,55,138,takeoff,1093.5205494768766,1123.5205494768766,30.0,423.52054947687657
S3,continuous,C,14,55,138,landing,1191.345788149158,1381.345788149158,190.0,0.0
S3,continuous,C,9,56,61,takeoff,819.3948554845417,849.3948554845417,30.0,259.3948554845417
S3,continuous,C,5,56,61,landing,918.1504403975264,1108.1504403975264,190.0,44.62118790245211
S3,continuous,C,4,57,44,takeoff,690.0,720.0,30.0,0.0
S3,continuous,C,14,57,44,landing,887.6750042017292,1077.6750042017293,190.0000000000001,0.0
S3,continuous,C,19,58,72,takeoff,1451.721500779652,1481.721500779652,30.0,871.7215007796519
S3,continuous,C,2,58,72,landing,1558.4091460267275,1748.4091460267275,190.0,0.0
S3,continuous,C,18,59,110,takeoff,919.3410783180418,949.3410783180418,30.0,329.3410783180418
S3,continuous,C,10,59,110,landing,972.6200052357163,1162.6200052357162,189.9999999999999,0.0
S3,continuous,C,5,60,111,takeoff,600.0,630.0,30.0,0.0
S3,continuous,C,4,60,111,landing,720.0,910.0,190.0,39.84689807498785
S3,continuous,C,9,61,6,takeoff,849.3948554845417,879.3948554845417,30.0,239.39485548454172
S3,continuous,C,6,61,6,landing,1343.93705362542,1533.93705362542,190.0,327.7605277620165
S3,continuous,C,17,62,17,takeoff,1123.5205494768766,1153.5205494768766,30.0,443.52054947687657
S3,continuous,C,9,62,17,landing,1205.8857181875,1395.8857181875,190.0,0.0
S3,continuous,C,17,63,56,takeoff,1153.5205494768766,1183.5205494768766,30.0,463.52054947687657
S3,continuous,C,4,63,56,landing,1222.581966818711,1412.581966818711,190.0,0.0
S3,continuous,C,0,64,137,takeoff,1060.88864380216,1090.88864380216,30.0,420.88864380216
S3,continuous,C,19,64,137,landing,1481.721500779652,1671.721500779652,190.0,295.38647632576385
S3,continuous,C,14,65,81,takeoff,1077.6750042017293,1107.6750042017293,30.0,187.67500420172928
S3,continuous,C,19,65,81,landing,1671.721500779652,1861.721500779652,190.0,410.4465203800305
S3,continuous,C,8,66,142,takeoff,660.0,690.0,30.0,0.0
S3,continuous,C,3,66,142,landing,751.2135994546204,941.2135994546204,190.0,0.0
S3,continuous,C,10,67,12,takeoff,940.0,970.0,30.0,210.0
S3,continuous,C,9,67,12,landing,987.8718247980672,1177.8718247980673,190.0000000000001,0.0
S3,continuous,C,1,68,80,takeoff,920.0,950.0,30.0,0.0
S3,continuous,C,0,68,80,landing,1090.88864380216,1280.88864380216,190.0,87.32474984058376
S3,continuous,C,0,69,51,takeoff,1280.88864380216,1310.88864380216,30.0,590.88864380216
S3,continuous,C,1,69,51,landing,1344.4525377637362,1534.4525377637362,190.0,0.0
S3,continuous,C,6,70,13,takeoff,1533.93705362542,1563.93705362542,30.0,833.93705362542
S3,continuous,C,9,70,13,landing,1620.718724004282,1810.718724004282,190.0,0.0
S3,continuous,C,3,71,147,takeoff,941.2135994546204,971.2135994546204,30.0,171.2135994546204
S3,continuous,C,6,71,147,landing,1563.93705362542,1753.93705362542,190.0,428.78102488458603
S3,continuous,C,2,72,30,takeoff,849.7307516250198,879.7307516250198,30.0,129.73075162501982
S3,continuous,C,8,72,30,landing,938.1143321938031,1128.114332193803,189.9999999999999,0.0
S3,continuous,C,18,73,34,takeoff,949.3410783180418,979.3410783180418,30.0,219.3410783180418
S3,continuous,C,13,73,34,landing,1171.4351436912075,1361.4351436912075,190.0,179.20969769824273
S3,continuous,C,19,74,0,takeoff,1861.721500779652,1891.721500779652,30.0,1121.721500779652
S3,continuous,C,5,74,0,landing,1948.8681457500159,2138.868145750016,190.00000000000023,0.0
S3,continuous,C,3,75,66,takeoff,971.2135994546204,1001.2135994546204,30.0,221.2135994546204
S3,continuous,C,15,75,66,landing,1084.3919732294664,1274.3919732294664,190.0,10.476630093924769
S3,continuous,C,14,76,60,takeoff,818.1215245817598,848.1215245817598,30.0,58.121524581759786
S3,continuous,C,8,76,60,landing,1128.114332193803,1318.114332193803,190.0,197.8638205901848
S3,continuous,C,16,77,22,takeoff,1276.233705394831,1306.233705394831,30.0,506.2337053948311
S3,continuous,C,1,77,22,landing,1534.4525377637362,1724.4525377637362,190.0,220.21578038805342
S3,continuous,C,15,78,124,takeoff,780.0,810.0,30.0,0.0
S3,continuous,C,7,78,124,landing,961.1425165201515,1151.1425165201515,190.0,119.3902460063349
S3,continuous,C,3,79,141,takeoff,1001.2135994546204,1031.2135994546204,30.0,211.2135994546204
S3,continuous,C,1,79,141,landing,1076.5264665332031,1266.5264665332031,190.0,0.0
S3,continuous,C,7,80,37,takeoff,1151.1425165201515,1181.1425165201515,30.0,351.1425165201515
S3,continuous,C,9,80,37,landing,1395.8857181875,1585.8857181875,190.0,202.01309719012602
S3,continuous,C,19,81,135,takeoff,1891.721500779652,1921.721500779652,30.0,1081.721500779652
S3,continuous,C,3,81,135,landing,1989.0863893649814,2179.086389364981,189.99999999999977,0.0
S3,continuous,C,13,82,122,takeoff,1361.4351436912075,1391.4351436912075,30.0,361.4351436912075
S3,continuous,C,16,82,122,landing,1385.855866917803,1575.855866917803,190.0,0.0
S3,continuous,C,2,83,76,takeoff,879.7307516250198,909.7307516250198,30.0,49.73075162501982
S3,continuous,C,4,83,76,landing,966.4134062439409,1156.413406243941,190.0,0.0
S3,continuous,C,2,84,133,takeoff,909.7307516250198,939.7307516250198,30.0,69.73075162501982
S3,continuous,C,13,84,133,landing,1391.4351436912075,1581.4351436912075,190.0,380.7152950350538
S3,continuous,C,13,85,47,takeoff,850.0,880.0,30.0,0.0
S3,continuous,C,2,85,47,landing,1010.9890970311338,1200.989097031134,190.0000000000001,0.0
S3,continuous,C,18,86,2,takeoff,979.3410783180418,1009.3410783180418,30.0,119.34107831804181
S3,continuous,C,9,86,2,landing,1810.718724004282,2000.718724004282,190.0,734.7666718454207
S3,continuous,C,12,87,107,takeoff,990.0,1020.0,30.0,0.0
S3,continuous,C,17,87,107,landing,1203.8757298925163,1393.8757298925163,190.0,0.0
S3,continuous,C,17,88,59,takeoff,1393.8757298925163,1423.8757298925163,30.0,513.8757298925163
S3,continuous,C,14,88,59,landing,1491.7009685647977,1681.7009685647977,190.0,0.0
S3,continuous,C,14,89,42,takeoff,1130.0,1160.0,30.0,0.0
S3,continuous,C,19,89,42,landing,1921.721500779652,2111.721500779652,190.00000000000023,588.1215245817598
S3,continuous,C,7,90,97,takeoff,1181.1425165201515,1211.1425165201515,30.0,281.1425165201515
S3,continuous,C,15,90,97,landing,1274.3919732294664,1464.3919732294664,190.0,31.497186195498216
S3,continuous,C,15,91,86,takeoff,1464.3919732294664,1494.3919732294664,30.0,554.3919732294664
S3,continuous,C,8,91,86,landing,1520.7203938355074,1710.7203938355074,190.0,0.0
S3,continuous,C,2,92,3,takeoff,939.7307516250198,969.7307516250198,30.0,19.73075162501982
S3,continuous,C,7,92,3,landing,1211.1425165201515,1401.1425165201515,190.0,168.89612735031073
S3,continuous,C,5,93,25,takeoff,1108.1504403975264,1138.1504403975264,30.0,178.15044039752638
S3,continuous,C,15,93,25,landing,1494.3919732294664,1684.3919732294664,190.0,292.35664279549906
S3,continuous,C,19,94,127,takeoff,2111.721500779652,2141.721500779652,30.0,1171.7215007796522
S3,continuous,C,17,94,127,landing,2205.189422641168,2395.189422641168,190.0,0.0
S3,continuous,C,18,95,54,takeoff,1009.3410783180418,1039.3410783180418,30.0,59.34107831804181
S3,continuous,C,9,95,54,landing,2000.718724004282,2190.718724004282,190.00000000000023,874.7666718454207
S3,continuous,C,7,96,109,takeoff,1401.1425165201515,1431.1425165201515,30.0,441.1425165201515
S3,continuous,C,15,96,109,landing,1684.3919732294664,1874.3919732294664,190.0,181.49718619549822
S3,continuous,C,4,97,112,takeoff,1156.413406243941,1186.413406243941,30.0,186.41340624394093
S3,continuous,C,1,97,112,landing,1724.4525377637362,1914.4525377637362,190.0,497.80559559406356
S3,continuous,C,8,98,28,takeoff,1318.114332193803,1348.114332193803,30.0,338.11433219380297
S3,continuous,C,14,98,28,landing,1681.7009685647977,1871.7009685647977,190.0,251.45764934913632
S3,continuous,C,3,99,98,takeoff,1031.2135994546204,1061.2135994546204,30.0,41.21359945462041
S3,continuous,C,18,99,98,landing,1140.4638380817014,1330.4638380817014,190.0,0.0
S3,continuous,C,6,100,83,takeoff,1753.93705362542,1783.93705362542,30.0,753.93705362542
S3,continuous,C,19,100,83,landing,2141.721500779652,2331.721500779652,190.0,207.79999662846762
S3,continuous,C,6,101,77,takeoff,1783.93705362542,1813.93705362542,30.0,773.93705362542
S3,continuous,C,10,101,77,landing,1838.732382056994,2028.732382056994,190.0,0.0
S3,continuous,C,16,102,105,takeoff,1320.0,1350.0,30.0,0.0
S3,continuous,C,15,102,105,landing,1874.3919732294664,2064.391973229466,189.99999999999977,448.69754822685627
S3,continuous,C,19,103,78,takeoff,2331.721500779652,2361.721500779652,30.0,1301.7215007796522
S3,continuous,C,7,103,78,landing,2409.543196636975,2599.543196636975,190.0,0.0
S3,continuous,C,11,104,104,takeoff,1135.8241549494253,1165.8241549494253,30.0,95.82415494942529
S3,continuous,C,13,104,104,landing,1581.4351436912075,1771.4351436912075,190.0,339.7911292619667
S3,continuous,C,6,105,63,takeoff,1813.93705362542,1843.93705362542,30.0,763.93705362542
S3,continuous,C,13,105,63,landing,1863.7721951024096,2053.7721951024096,190.0,0.0
S3,continuous,C,19,106,74,takeoff,2361.721500779652,2391.721500779652,30.0,1301.7215007796522
S3,continuous,C,5,106,74,landing,2448.868145750016,2638.868145750016,190.0,0.0
S3,continuous,C,1,107,82,takeoff,1914.4525377637362,1944.4525377637362,30.0,544.4525377637362
S3,continuous,C,15,107,82,landing,2064.391973229466,2254.391973229466,190.0,95.9741550007559
S3,continuous,C,17,108,92,takeoff,1423.8757298925163,1453.8757298925163,30.0,343.87572989251635
S3,continuous,C,13,108,92,landing,2053.7721951024096,2243.7721951024096,190.0,502.24113213043825
S3,continuous,C,19,109,16,takeoff,2391.721500779652,2421.721500779652,30.0,1301.7215007796522
S3,continuous,C,17,109,16,landing,2485.189422641168,2675.189422641168,190.0,0.0
S3,continuous,C,9,110,102,takeoff,1585.8857181875,1615.8857181875,30.0,485.88571818750006
S3,continuous,C,1,110,102,landing,1944.4525377637362,2134.4525377637365,190.00000000000023,287.69659265768655
S3,continuous,C,7,111,94,takeoff,1431.1425165201515,1461.1425165201515,30.0,321.1425165201515
S3,continuous,C,12,111,94,landing,1495.1556332191522,1685.1556332191522,190.0,0.0
S3,continuous,C,15,112,144,takeoff,2254.391973229466,2284.391973229466,30.0,1134.3919732294662
S3,continuous,C,17,112,144,landing,2675.189422641168,2865.189422641168,190.0,332.0668581050213
S3,continuous,C,14,113,69,takeoff,1430.0,1460.0,30.0,0.0
S3,continuous,C,17,113,69,landing,1527.8252386722813,1717.8252386722813,190.0,0.0
S3,continuous,C,14,114,117,takeoff,1160.0,1190.0,30.0,20.0
S3,continuous,C,19,114,117,landing,2421.721500779652,2611.721500779652,190.0,1018.12152458176
S3,continuous,C,0,115,139,takeoff,1310.88864380216,1340.88864380216,30.0,160.88864380216
S3,continuous,C,10,115,139,landing,1363.466568175912,1553.466568175912,190.0,0.0
S3,continuous,C,6,116,7,takeoff,1843.93705362542,1873.93705362542,30.0,683.93705362542
S3,continuous,C,9,116,7,landing,2190.718724004282,2380.718724004282,190.0,200.00000000000023
S3,continuous,C,11,117,33,takeoff,1170.0,1200.0,30.0,0.0
S3,continuous,C,13,117,33,landing,2243.7721951024096,2433.7721951024096,190.0,927.9523356225941
S3,continuous,C,17,118,23,takeoff,1453.8757298925163,1483.8757298925163,30.0,273.87572989251635
S3,continuous,C,10,118,23,landing,1553.466568175912,1743.466568175912,190.0,30.660950440150827
S3,continuous,C,7,119,90,takeoff,1461.1425165201515,1491.1425165201515,30.0,271.1425165201515
S3,continuous,C,0,119,90,landing,1504.2750943260241,1694.2750943260241,190.0,0.0
S3,continuous,C,18,120,80,takeoff,1330.4638380817014,1360.4638380817014,30.0,130.4638380817014
S3,continuous,C,7,120,80,landing,1491.1425165201515,1681.1425165201515,190.0,45.1686336654127
S3,continuous,C,4,121,85,takeoff,1412.581966818711,1442.581966818711,30.0,202.58196681871095
S3,continuous,C,17,121,85,landing,1717.8252386722813,1907.8252386722813,190.0,161.4862358440571
S3,continuous,C,13,122,30,takeoff,1771.4351436912075,1801.4351436912075,30.0,551.4351436912075
S3,continuous,C,7,122,30,landing,1821.7277708622637,2011.7277708622637,190.0,0.0
S3,continuous,C,8,123,40,takeoff,1348.114332193803,1378.114332193803,30.0,118.11433219380297
S3,continuous,C,14,123,40,landing,1871.7009685647977,2061.7009685647977,190.0,391.4576493491363
S3,continuous,C,13,124,1,takeoff,1801.4351436912075,1831.4351436912075,30.0,561.4351436912075
S3,continuous,C,2,124,1,landing,1882.4242407223414,2072.4242407223414,190.0,0.0
S3,continuous,C,13,125,11,takeoff,1831.4351436912075,1861.4351436912075,30.0,581.4351436912075
S3,continuous,C,15,125,11,landing,2284.391973229466,2474.391973229466,190.0,375.9213349018976
S3,continuous,C,13,126,145,takeoff,2433.7721951024096,2463.7721951024096,30.0,1173.7721951024096
S3,continuous,C,6,126,145,landing,2483.6073365793986,2673.6073365793986,190.0,0.0
S3,continuous,C,7,127,56,takeoff,1681.1425165201515,1711.1425165201515,30.0,411.1425165201515
S3,continuous,C,9,127,56,landing,2380.718724004282,2570.718724004282,190.0,576.8461030069082
S3,continuous,C,13,128,36,takeoff,2463.7721951024096,2493.7721951024096,30.0,1183.7721951024096
S3,continuous,C,15,128,36,landing,2520.80768973877,2710.80768973877,190.0,0.0
S3,continuous,C,4,129,97,takeoff,1442.581966818711,1472.581966818711,30.0,152.58196681871095
S3,continuous,C,3,129,97,landing,1524.7203469018668,1714.7203469018668,190.0,0.0
S3,continuous,C,13,130,126,takeoff,2493.7721951024096,2523.7721951024096,30.0,1193.7721951024096
S3,continuous,C,0,130,126,landing,2553.2673394918043,2743.2673394918043,190.0,0.0
S3,continuous,C,8,131,61,takeoff,1378.114332193803,1408.114332193803,30.0,68.11433219380297
S3,continuous,C,6,131,61,landing,1873.93705362542,2063.93705362542,190.0,317.9279824638104
S3,continuous,C,16,132,125,takeoff,1575.855866917803,1605.855866917803,30.0,195.85586691780304
S3,continuous,C,5,132,125,landing,1627.642396931852,1817.642396931852,190.0,0.0
S3,continuous,C,16,133,68,takeoff,1605.855866917803,1635.855866917803,30.0,215.85586691780304
S3,continuous,C,12,133,68,landing,1685.1556332191522,1875.1556332191522,190.0,28.071671750017686
S3,continuous,C,0,134,108,takeoff,1340.88864380216,1370.88864380216,30.0,0.8886438021600043
S3,continuous,C,5,134,108,landing,1389.5392380514943,1579.5392380514943,190.0,0.0
S3,continuous,C,12,135,91,takeoff,1350.0,1380.0,30.0,0.0
S3,continuous,C,0,135,91,landing,1694.2750943260241,1884.2750943260241,190.0,242.19538172381635
S3,continuous,C,0,136,67,takeoff,1370.88864380216,1400.88864380216,30.0,10.888643802160004
S3,continuous,C,3,136,67,landing,1714.7203469018668,1904.7203469018668,190.0,198.2902370625609
S3,continuous,C,7,137,98,takeoff,1711.1425165201515,1741.1425165201515,30.0,341.1425165201515
S3,continuous,C,1,137,98,landing,2134.4525377637365,2324.4525377637365,190.0,356.2711403367423
S3,continuous,C,13,138,43,takeoff,2523.7721951024096,2553.7721951024096,30.0,1143.7721951024096
S3,continuous,C,7,138,43,landing,2599.543196636975,2789.543196636975,190.0,25.478374363509374
S3,continuous,C,0,139,49,takeoff,1400.88864380216,1430.88864380216,30.0,10.888643802160004
S3,continuous,C,4,139,49,landing,1472.581966818711,1662.581966818711,190.0,18.128068064058198
S3,continuous,C,18,140,129,takeoff,1400.0,1430.0,30.0,0.0
S3,continuous,C,15,140,129,landing,2710.80768973877,2900.80768973877,190.0,1164.1919833948896
S3,continuous,C,15,141,17,takeoff,2474.391973229466,2504.391973229466,30.0,1064.3919732294662
S3,continuous,C,10,141,17,landing,2529.946434496515,2719.946434496515,190.0,0.0
S3,continuous,C,13,142,6,takeoff,2553.7721951024096,2583.7721951024096,30.0,1133.7721951024096
S3,continuous,C,19,142,6,landing,2611.721500779652,2801.721500779652,190.0,6.4137191887425615
S3,continuous,C,0,143,24,takeoff,1884.2750943260241,1914.2750943260241,30.0,394.27509432602415
S3,continuous,C,8,143,24,landing,1943.2193883197274,2133.2193883197274,190.0,0.0
S3,continuous,C,16,144,89,takeoff,1635.855866917803,1665.855866917803,30.0,195.85586691780304
S3,continuous,C,4,144,89,landing,1664.606987587065,1854.606987587065,190.0,0.0
S3,continuous,C,10,145,31,takeoff,1743.466568175912,1773.466568175912,30.0,293.466568175912
S3,continuous,C,12,145,31,landing,1875.1556332191522,2065.155633219152,190.0,79.29752763410897
S3,continuous,C,15,146,120,takeoff,2900.80768973877,2930.80768973877,30.0,1440.80768973877
S3,continuous,C,10,146,120,landing,2956.3621510058188,3146.3621510058188,190.0,0.0
S3,continuous,C,16,147,9,takeoff,1665.855866917803,1695.855866917803,30.0,195.85586691780304
S3,continuous,C,4,147,9,landing,1854.606987587065,2044.606987587065,190.0,160.0
S3,continuous,C,7,148,116,takeoff,1741.1425165201515,1771.1425165201515,30.0,261.1425165201515
S3,continuous,C,19,148,116,landing,2801.721500779652,2991.721500779652,190.0,862.7572884021777
S3,continuous,C,2,149,76,takeoff,1490.0,1520.0,30.0,0.0
S3,continuous,C,18,149,76,landing,1615.9003172681942,1805.9003172681942,190.0,0.0
S3,continuous,C,7,150,26,takeoff,1771.1425165201515,1801.1425165201515,30.0,271.1425165201515
S3,continuous,C,9,150,26,landing,2570.718724004282,2760.718724004282,190.0,656.8461030069082
S3,continuous,C,6,151,122,takeoff,2063.93705362542,2093.93705362542,30.0,553.93705362542
S3,continuous,C,7,151,122,landing,2127.140188888866,2317.140188888866,190.0,0.0
S3,continuous,C,10,152,48,takeoff,1773.466568175912,1803.466568175912,30.0,253.46656817591202
S3,continuous,C,1,152,48,landing,2324.4525377637365,2514.4525377637365,190.0,477.8530768845176
S3,continuous,C,12,153,94,takeoff,2065.155633219152,2095.155633219152,30.0,535.1556332191522
S3,continuous,C,5,153,94,landing,2142.2729626832347,2332.2729626832347,190.0,0.0
S3,continuous,C,10,154,10,takeoff,1803.466568175912,1833.466568175912,30.0,263.466568175912
S3,continuous,C,17,154,10,landing,1907.8252386722813,2097.8252386722816,190.00000000000023,40.10065211750248
S3,continuous,C,6,155,22,takeoff,2093.93705362542,2123.93705362542,30.0,543.93705362542
S3,continuous,C,18,155,22,landing,2158.8516113060523,2348.8516113060523,190.0,0.0
S3,continuous,C,15,156,133,takeoff,2930.80768973877,2960.80768973877,30.0,1370.80768973877
S3,continuous,C,5,156,133,landing,3004.692579775211,3194.692579775211,190.0,0.0
S3,continuous,C,4,157,5,takeoff,2044.606987587065,2074.6069875870653,30.000000000000227,474.6069875870651
S3,continuous,C,10,157,5,landing,2051.8502442097765,2241.8502442097765,190.0,0.0
S3,continuous,C,3,158,20,takeoff,1904.7203469018668,1934.7203469018668,30.0,324.72034690186683
S3,continuous,C,9,158,20,landing,2760.718724004282,2950.718724004282,190.0,617.3000903539187
S3,continuous,C,8,159,86,takeoff,1710.7203938355074,1740.7203938355074,30.0,120.72039383550737
S3,continuous,C,9,159,86,landing,2950.718724004282,3140.718724004282,190.0,1055.8458334903896
S3,continuous,C,2,160,113,takeoff,2072.4242407223414,2102.4242407223414,30.0,172.42424072234144
S3,continuous,C,6,160,113,landing,2176.914550183935,2366.914550183935,190.0,0.0
S3,continuous,C,9,161,52,takeoff,3140.718724004282,3170.718724004282,30.0,1530.7187240042822
S3,continuous,C,6,161,52,landing,3227.5003943831434,3417.5003943831434,190.0,0.0
S3,continuous,C,17,162,14,takeoff,2097.8252386722816,2127.8252386722816,30.0,477.82523867228156
S3,continuous,C,7,162,14,landing,2789.543196636975,2979.543196636975,190.0,608.1780939329051
S3,continuous,C,17,163,12,takeoff,2127.8252386722816,2157.8252386722816,30.0,497.82523867228156
S3,continuous,C,11,163,12,landing,2193.5333242046563,2383.5333242046563,190.0,0.0
S3,continuous,C,4,164,47,takeoff,2074.6069875870653,2104.6069875870653,30.0,434.6069875870653
S3,continuous,C,2,164,47,landing,2175.9852608736655,2365.9852608736655,190.0,0.0
S3,continuous,C,6,165,96,takeoff,2123.93705362542,2153.93705362542,30.0,473.93705362542005
S3,continuous,C,11,165,96,landing,2383.5333242046563,2573.5333242046563,190.0,175.84413586795608
S3,continuous,C,9,166,27,takeoff,3170.718724004282,3200.718724004282,30.0,1510.7187240042822
S3,continuous,C,12,166,27,landing,3258.472893356925,3448.472893356925,190.0,0.0
S3,continuous,C,7,167,101,takeoff,2011.7277708622637,2041.7277708622637,30.0,341.7277708622637
S3,continuous,C,8,167,101,landing,2133.2193883197274,2323.2193883197274,190.0,80.85033212126382
S3,continuous,C,15,168,46,takeoff,2960.80768973877,2990.80768973877,30.0,1280.80768973877
S3,continuous,C,0,168,46,landing,3038.562817229403,3228.562817229403,190.0,0.0
S3,continuous,C,3,169,104,takeoff,1934.7203469018668,1964.7203469018668,30.0,244.72034690186683
S3,continuous,C,12,169,104,landing,2095.155633219152,2285.155633219152,190.0,11.403748754809385
S3,continuous,C,15,170,139,takeoff,2990.80768973877,3020.80768973877,30.0,1290.80768973877
S3,continuous,C,13,170,139,landing,3047.8431843751305,3237.8431843751305,190.0,0.0
S3,continuous,C,6,171,132,takeoff,2366.914550183935,2396.914550183935,30.0,656.9145501839348
S3,continuous,C,11,171,132,landing,2573.5333242046563,2763.5333242046563,190.0,122.86663930944133
S3,continuous,C,10,172,107,takeoff,2241.8502442097765,2271.8502442097765,30.0,521.8502442097765
S3,continuous,C,12,172,107,landing,2294.241781618908,2484.241781618908,190.0,0.0
S3,continuous,C,16,173,19,takeoff,1730.0,1760.0,30.0,0.0
S3,continuous,C,17,173,19,landing,2865.189422641168,3055.189422641168,190.0,1030.4213204927798
S3,continuous,C,1,174,138,takeoff,2514.4525377637365,2544.4525377637365,30.0,774.4525377637365
S3,continuous,C,5,174,138,landing,2638.868145750016,2828.868145750016,190.0,64.38677902819654
S3,continuous,C,17,175,148,takeoff,2157.8252386722816,2187.8252386722816,30.0,407.82523867228156
S3,continuous,C,10,175,148,landing,2271.8502442097765,2461.8502442097765,190.0,29.76698715862767
S3,continuous,C,6,176,60,takeoff,2396.914550183935,2426.914550183935,30.0,636.9145501839348
S3,continuous,C,10,176,60,landing,2719.946434496515,2909.946434496515,190.0,252.90842534538388
S3,continuous,C,7,177,55,takeoff,2041.7277708622637,2071.7277708622637,30.0,271.7277708622637
S3,continuous,C,19,177,55,landing,2991.721500779652,3181.721500779652,190.0,832.1720340600655
S3,continuous,C,2,178,91,takeoff,1780.0,1810.0,30.0,0.0
S3,continuous,C,1,178,91,landing,2544.4525377637365,2734.4525377637365,190.0,615.8256587884061
S3,continuous,C,9,179,62,takeoff,3200.718724004282,3230.718724004282,30.0,1410.7187240042822
S3,continuous,C,10,179,62,landing,3253.2624182667273,3443.2624182667273,190.0,0.0
S3,continuous,C,8,180,125,takeoff,1800.0,1830.0,30.0,0.0
S3,continuous,C,1,180,125,landing,2734.4525377637365,2924.4525377637365,190.0,812.5280198547198
S3,continuous,C,8,181,85,takeoff,1830.0,1860.0,30.0,20.0
S3,continuous,C,3,181,85,landing,2179.086389364981,2369.086389364981,190.0,197.87278991036055
S3,continuous,C,0,182,140,takeoff,1914.2750943260241,1944.2750943260241,30.0,94.27509432602415
S3,continuous,C,3,182,140,landing,2369.086389364981,2559.086389364981,190.0,269.2698290018111
S3,continuous,C,15,183,147,takeoff,3020.80768973877,3050.80768973877,30.0,1190.80768973877
S3,continuous,C,19,183,147,landing,3181.721500779652,3371.721500779652,190.0,75.30041250200247
S3,continuous,C,9,184,97,takeoff,3230.718724004282,3260.718724004282,30.0,1390.7187240042822
S3,continuous,C,3,184,97,landing,3349.4170107527784,3539.4170107527784,190.0,0.0
S3,continuous,C,6,185,108,takeoff,2426.914550183935,2456.914550183935,30.0,576.9145501839348
S3,continuous,C,1,185,108,landing,2924.4525377637365,3114.4525377637365,190.0,354.03558981318156
S3,continuous,C,1,186,49,takeoff,3114.4525377637365,3144.4525377637365,30.0,1254.4525377637365
S3,continuous,C,6,186,49,landing,3417.5003943831434,3607.5003943831434,190.0,239.54545885278685
S3,continuous,C,18,187,32,takeoff,1870.0,1900.0,30.0,0.0
S3,continuous,C,5,187,32,landing,3194.692579775211,3384.692579775211,190.0,1240.5169487236094
S3,continuous,C,15,188,123,takeoff,3050.80768973877,3080.80768973877,30.0,1170.80768973877
S3,continuous,C,13,188,123,landing,3237.8431843751305,3427.8431843751305,190.0,130.0
S3,continuous,C,0,189,37,takeoff,1944.2750943260241,1974.2750943260241,30.0,54.275094326024146
S3,continuous,C,7,189,37,landing,2979.543196636975,3169.543196636975,190.0,932.1355245050784
S3,continuous,C,4,190,21,takeoff,2104.6069875870653,2134.6069875870653,30.0,204.6069875870653
S3,continuous,C,18,190,21,landing,2348.8516113060523,2538.8516113060523,190.0,177.43726947733194
S3,continuous,C,19,191,31,takeoff,3371.721500779652,3401.721500779652,30.0,1461.7215007796522
S3,continuous,C,17,191,31,landing,3465.189422641168,3655.189422641168,190.0,0.0
S3,continuous,C,8,192,34,takeoff,2323.2193883197274,2353.2193883197274,30.0,403.2193883197274
S3,continuous,C,0,192,34,landing,2743.2673394918043,2933.2673394918043,190.0,341.10365717837385
S3,continuous,C,5,193,59,takeoff,2332.2729626832347,2362.2729626832347,30.0,402.2729626832347
S3,continuous,C,3,193,59,landing,2559.086389364981,2749.086389364981,190.0,120.04311303425266
S3,continuous,C,3,194,105,takeoff,2749.086389364981,2779.086389364981,30.0,809.0863893649812
S3,continuous,C,18,194,105,landing,2838.336627992062,3028.336627992062,190.0,0.0
S3,continuous,C,9,195,61,takeoff,3260.718724004282,3290.718724004282,30.0,1310.7187240042822
S3,continuous,C,14,195,61,landing,3351.140376294871,3541.140376294871,190.0,0.0
S3,continuous,C,7,196,84,takeoff,2071.7277708622637,2101.7277708622637,30.0,111.7277708622637
S3,continuous,C,2,196,84,landing,2365.9852608736655,2555.9852608736655,190.0,171.7418524665809
S3,continuous,C,2,197,95,takeoff,2555.9852608736655,2585.9852608736655,30.0,405.98526087366554
S3,continuous,C,3,197,95,landing,2802.151693153658,2992.151693153658,190.0,0.0
S3,continuous,C,10,198,41,takeoff,2461.8502442097765,2491.8502442097765,30.0,481.8502442097765
S3,continuous,C,16,198,41,landing,2488.5312030661394,2678.5312030661394,190.0,0.0
S3,continuous,C,12,199,15,takeoff,2484.241781618908,2514.241781618908,30.0,494.24178161890813
S3,continuous,C,13,199,15,landing,2583.7721951024096,2773.7721951024096,190.0,35.95837069125446
S3,continuous,C,15,200,134,takeoff,3080.80768973877,3110.80768973877,30.0,1080.80768973877
S3,continuous,C,6,200,134,landing,3607.5003943831434,3797.5003943831434,190.0,416.96519662365426
S3,continuous,C,10,201,130,takeoff,2491.8502442097765,2521.8502442097765,30.0,481.8502442097765
S3,continuous,C,0,201,130,landing,3228.562817229403,3418.562817229403,190.0,648.8065181102529
S3,continuous,C,10,202,9,takeoff,2909.946434496515,2939.946434496515,30.0,889.9464344965149
S3,continuous,C,4,202,9,landing,2917.8222029871695,3107.8222029871695,190.0,0.0
S3,continuous,C,6,203,137,takeoff,2673.6073365793986,2703.6073365793986,30.0,643.6073365793986
S3,continuous,C,14,203,137,landing,2787.7858511355635,2977.7858511355635,190.0,0.0
S3,continuous,C,6,204,4,takeoff,2703.6073365793986,2733.6073365793986,30.0,663.6073365793986
S3,continuous,C,19,204,4,landing,3401.721500779652,3591.721500779652,190.0,558.1297136744893
S3,continuous,C,8,205,35,takeoff,2353.2193883197274,2383.2193883197274,30.0,303.2193883197274
S3,continuous,C,9,205,35,landing,3290.718724004282,3480.718724004282,190.0,753.3468390061698
S3,continuous,C,19,206,136,takeoff,3591.721500779652,3621.721500779652,30.0,1531.7215007796522
S3,continuous,C,3,206,136,landing,3689.086389364981,3879.086389364981,190.0,0.0
S3,continuous,C,13,207,124,takeoff,2773.7721951024096,2803.7721951024096,30.0,703.7721951024096
S3,continuous,C,11,207,124,landing,2839.5920545822246,3029.5920545822246,190.0,0.0
S3,continuous,C,14,208,66,takeoff,2080.0,2110.0,30.0,0.0
S3,continuous,C,15,208,66,landing,3110.80768973877,3300.80768973877,190.0,818.556989738699
S3,continuous,C,17,209,18,takeoff,2395.189422641168,2425.189422641168,30.0,305.1894226411682
S3,continuous,C,0,209,18,landing,3418.562817229403,3608.562817229403,190.0,906.5244191075931
S3,continuous,C,16,210,44,takeoff,2220.0,2250.0,30.0,0.0
S3,continuous,C,13,210,44,landing,2803.7721951024096,2993.7721951024096,190.0,539.8054334746789
S3,continuous,C,9,211,114,takeoff,3480.718724004282,3510.718724004282,30.0,1370.7187240042822
S3,continuous,C,15,211,114,landing,3565.639322280419,3755.639322280419,190.0,0.0
S3,continuous,C,4,212,119,takeoff,2134.6069875870653,2164.6069875870653,30.0,14.606987587065305
S3,continuous,C,1,212,119,landing,3144.4525377637365,3334.4525377637365,190.0,859.6120142509394
S3,continuous,C,16,213,73,takeoff,2190.0,2220.0,30.0,0.0
S3,continuous,C,12,213,73,landing,2514.241781618908,2704.241781618908,190.0,273.0136870675765
S3,continuous,C,5,214,42,takeoff,2828.868145750016,2858.868145750016,30.0,388.8681457500161
S3,continuous,C,3,214,42,landing,2992.151693153658,3182.151693153658,190.0,56.51323375614811
S3,continuous,C,7,215,99,takeoff,3169.543196636975,3199.543196636975,30.0,779.5431966369752
S3,continuous,C,12,215,99,landing,3448.472893356925,3638.472893356925,190.0,194.9165800209489
S3,continuous,C,5,216,118,takeoff,2362.2729626832347,2392.2729626832347,30.0,202.2729626832347
S3,continuous,C,0,216,118,landing,3608.562817229403,3798.562817229403,190.0,1117.6392602968344
S3,continuous,C,7,217,10,takeoff,3199.543196636975,3229.543196636975,30.0,789.5431966369752
S3,continuous,C,6,217,10,landing,3797.5003943831434,3987.5003943831434,190.0,474.7540624827225
S3,continuous,C,8,218,67,takeoff,2383.2193883197274,2413.2193883197274,30.0,203.2193883197274
S3,continuous,C,6,218,67,landing,2733.6073365793986,2923.6073365793986,190.0,172.4932092918648
S3,continuous,C,0,219,106,takeoff,2190.0,2220.0,30.0,0.0
S3,continuous,C,9,219,106,landing,3510.718724004282,3700.718724004282,190.0,1138.6985910420203
S3,continuous,C,19,220,81,takeoff,3621.721500779652,3651.721500779652,30.0,1421.7215007796522
S3,continuous,C,15,220,81,landing,3755.639322280419,3945.639322280419,190.0,48.30442296188721
S3,continuous,C,10,221,25,takeoff,3146.3621510058188,3176.3621510058188,30.0,936.3621510058188
S3,continuous,C,5,221,25,landing,3384.692579775211,3574.692579775211,190.0,178.73501578515334
S3,continuous,C,1,222,104,takeoff,3334.4525377637365,3364.4525377637365,30.0,1114.4525377637365
S3,continuous,C,2,222,104,landing,3423.079416739067,3613.079416739067,190.0,0.0
S3,continuous,C,2,223,141,takeoff,2585.9852608736655,2615.9852608736655,30.0,355.98526087366554
S3,continuous,C,1,223,141,landing,3364.4525377637365,3554.4525377637365,190.0,569.8403979147406
S3,continuous,C,17,224,121,takeoff,3055.189422641168,3085.189422641168,30.0,575.1894226411682
S3,continuous,C,9,224,121,landing,3700.718724004282,3890.718724004282,190.0,543.1641326524905
S3,continuous,C,16,225,53,takeoff,2430.0,2460.0,30.0,0.0
S3,continuous,C,17,225,53,landing,3085.189422641168,3275.189422641168,190.0,570.4213204927796
S3,continuous,C,14,226,13,takeoff,2560.0,2590.0,30.0,0.0
S3,continuous,C,2,226,13,landing,2697.004605117233,2887.004605117233,190.0,0.0
S3,continuous,C,0,227,89,takeoff,2270.0,2300.0,30.0,0.0
S3,continuous,C,7,227,89,landing,3229.543196636975,3419.543196636975,190.0,796.4106188311025
S3,continuous,C,3,228,135,takeoff,3182.151693153658,3212.151693153658,30.0,902.151693153658
S3,continuous,C,2,228,135,landing,3613.079416739067,3803.079416739067,190.0,304.7612913054163
S3,continuous,C,7,229,57,takeoff,3419.543196636975,3449.543196636975,30.0,1009.5431966369752
S3,continuous,C,6,229,57,landing,3987.5003943831434,4177.500394383143,190.0,424.7540624827225
S3,continuous,C,14,230,71,takeoff,2360.0,2390.0,30.0,0.0
S3,continuous,C,15,230,71,landing,3300.80768973877,3490.80768973877,190.0,708.556989738699
S3,continuous,C,8,231,80,takeoff,2413.2193883197274,2443.2193883197274,30.0,103.21938831972739
S3,continuous,C,17,231,80,landing,3275.189422641168,3465.189422641168,190.0,730.435850396188
S3,continuous,C,17,232,90,takeoff,3655.189422641168,3685.189422641168,30.0,1155.1894226411682
S3,continuous,C,16,232,90,landing,3720.4114863884215,3910.4114863884215,190.0,0.0
S3,continuous,C,8,233,148,takeoff,2443.2193883197274,2473.2193883197274,30.0,113.21938831972739
S3,continuous,C,15,233,148,landing,3945.639322280419,4135.639322280419,190.0,1326.091513354651
S3,continuous,C,2,234,94,takeoff,2615.9852608736655,2645.9852608736655,30.0,275.98526087366554
S3,continuous,C,15,234,94,landing,4135.639322280419,4325.639322280419,190.0,1294.9928398023071
S3,continuous,C,4,235,3,takeoff,2350.0,2380.0,30.0,0.0
S3,continuous,C,11,235,3,landing,3029.5920545822246,3219.5920545822246,190.0,609.6189333793718
S3,continuous,C,18,236,33,takeoff,2538.8516113060523,2568.8516113060523,30.0,178.8516113060523
S3,continuous,C,4,236,33,landing,2590.9633468800284,2780.9633468800284,190.0,0.0
S3,continuous,C,4,237,47,takeoff,2380.0,2410.0,30.0,10.0
S3,continuous,C,11,237,47,landing,3219.5920545822246,3409.5920545822246,190.0,749.6189333793718
S3,continuous,C,10,238,12,takeoff,3176.3621510058188,3206.3621510058188,30.0,796.3621510058188
S3,continuous,C,15,238,12,landing,4325.639322280419,4515.639322280419,190.0,1018.3945794719293
S3,continuous,C,0,239,45,takeoff,2390.0,2420.0,30.0,0.0
S3,continuous,C,11,239,45,landing,3409.5920545822246,3599.5920545822246,190.0,922.0959124258197
S3,continuous,C,18,240,63,takeoff,2640.0,2670.0,30.0,0.0
S3,continuous,C,2,240,63,landing,2887.004605117233,3077.004605117233,190.0,161.10428784903888
S3,continuous,C,4,241,146,takeoff,2410.0,2440.0,30.0,0.0
S3,continuous,C,14,241,146,landing,2590.0,2780.0,190.0,22.32499579827072
S3,continuous,C,1,242,100,takeoff,3554.4525377637365,3584.4525377637365,30.0,1134.4525377637365
S3,continuous,C,9,242,100,landing,3890.718724004282,4080.718724004282,190.0,225.3959593219961
S3,continuous,C,12,243,77,takeoff,2704.241781618908,2734.241781618908,30.0,274.24178161890813
S3,continuous,C,4,243,77,landing,3107.8222029871695,3297.8222029871695,190.0,348.12778153756426
S3,continuous,C,6,244,40,takeoff,2923.6073365793986,2953.6073365793986,30.0,483.60733657939863
S3,continuous,C,13,244,40,landing,3427.8431843751305,3617.8431843751305,190.0,434.4007063187428
S3,continuous,C,9,245,58,takeoff,4080.718724004282,4110.718724004282,30.0,1630.7187240042822
S3,continuous,C,7,245,58,landing,4123.448828481505,4313.448828481505,190.0,0.0
S3,continuous,C,19,246,75,takeoff,3651.721500779652,3681.721500779652,30.0,1191.7215007796522
S3,continuous,C,12,246,75,landing,3743.9811683120765,3933.9811683120765,190.0,0.0
S3,continuous,C,5,247,87,takeoff,2858.868145750016,2888.868145750016,30.0,388.8681457500161
S3,continuous,C,12,247,87,landing,2935.9854752140986,3125.9854752140986,190.0,0.0
S3,continuous,C,3,248,39,takeoff,3212.151693153658,3242.151693153658,30.0,732.151693153658
S3,continuous,C,5,248,39,landing,3574.692579775211,3764.692579775211,190.0,215.77057297405918
S3,continuous,C,16,249,142,takeoff,2790.0,2820.0,30.0,0.0
S3,continuous,C,11,249,142,landing,3599.5920545822246,3789.5920545822246,190.0,670.0325051887071
S3,continuous,C,8,250,78,takeoff,2500.0,2530.0,30.0,0.0
S3,continuous,C,18,250,78,landing,3028.336627992062,3218.336627992062,190.0,455.36860474764853
S3,continuous,C,11,251,140,takeoff,3789.5920545822246,3819.5920545822246,30.0,979.5920545822246
S3,continuous,C,7,251,140,landing,3833.239524414743,4023.239524414743,190.0,0.0
S3,continuous,C,17,252,21,takeoff,3685.189422641168,3715.189422641168,30.0,1165.1894226411682
S3,continuous,C,4,252,21,landing,3754.250839983003,3944.250839983003,190.0,0.0
S3,continuous,C,4,253,128,takeoff,2530.0,2560.0,30.0,0.0
S3,continuous,C,18,253,128,landing,3218.336627992062,3408.336627992062,190.0,601.5292737504069
S3,continuous,C,3,254,56,takeoff,3242.151693153658,3272.151693153658,30.0,702.151693153658
S3,continuous,C,18,254,56,landing,3408.336627992062,3598.336627992062,190.0,76.93469621132317
S3,continuous,C,3,255,24,takeoff,3272.151693153658,3302.151693153658,30.0,722.151693153658
S3,continuous,C,8,255,24,landing,3363.365292608278,3553.365292608278,190.0,0.0
S3,continuous,C,5,256,41,takeoff,2888.868145750016,2918.868145750016,30.0,328.8681457500161
S3,continuous,C,12,256,41,landing,3933.9811683120765,4123.981168312077,190.00000000000045,927.9956930979779
S3,continuous,C,7,257,59,takeoff,3449.543196636975,3479.543196636975,30.0,879.5431966369752
S3,continuous,C,6,257,59,landing,4177.500394383143,4367.500394383143,190.0,564.7540624827225
S3,continuous,C,5,258,92,takeoff,2918.868145750016,2948.868145750016,30.0,338.8681457500161
S3,continuous,C,6,258,92,landing,2994.697674681616,3184.697674681616,190.0,0.0
S3,continuous,C,2,259,79,takeoff,3077.004605117233,3107.004605117233,30.0,367.00460511723304
S3,continuous,C,16,259,79,landing,3157.189318341117,3347.189318341117,190.0,0.0
S3,continuous,C,3,260,112,takeoff,3302.151693153658,3332.151693153658,30.0,702.151693153658
S3,continuous,C,10,260,112,landing,3447.0237269238173,3637.0237269238173,190.0,0.0
S3,continuous,C,15,261,117,takeoff,3490.80768973877,3520.80768973877,30.0,880.80768973877
S3,continuous,C,12,261,117,landing,4123.981168312077,4313.981168312077,190.0,558.738144142972
S3,continuous,C,16,262,69,takeoff,2820.0,2850.0,30.0,20.0
S3,continuous,C,17,262,69,landing,3715.189422641168,3905.189422641168,190.0,750.4213204927796
S3,continuous,C,17,263,72,takeoff,3905.189422641168,3935.189422641168,30.0,1275.1894226411682
S3,continuous,C,1,263,72,landing,3978.790984311603,4168.790984311603,190.0,0.0
S3,continuous,C,3,264,15,takeoff,3539.4170107527784,3569.4170107527784,30.0,899.4170107527784
S3,continuous,C,5,264,15,landing,3764.692579775211,3954.692579775211,190.0,118.50525537493877
S3,continuous,C,18,265,91,takeoff,3598.336627992062,3628.336627992062,30.0,768.336627992062
S3,continuous,C,2,265,91,landing,3803.079416739067,3993.079416739067,190.0,118.8424714788107
S3,continuous,C,19,266,110,takeoff,3681.721500779652,3711.721500779652,30.0,1021.7215007796522
S3,continuous,C,17,266,110,landing,3935.189422641168,4125.189422641168,189.99999999999955,160.0
S3,continuous,C,13,267,101,takeoff,2993.7721951024096,3023.7721951024096,30.0,323.77219510240957
S3,continuous,C,7,267,101,landing,3479.543196636975,3669.543196636975,190.0,395.4783743635094
S3,continuous,C,7,268,17,takeoff,3669.543196636975,3699.543196636975,30.0,989.5431966369752
S3,continuous,C,9,268,17,landing,4110.718724004282,4300.718724004282,190.0,338.4454228900845
S3,continuous,C,17,269,126,takeoff,4125.189422641168,4155.189422641168,30.0,1435.1894226411678
S3,continuous,C,6,269,126,landing,4367.500394383143,4557.500394383143,190.0,152.96989464946273
S3,continuous,C,7,270,7,takeoff,3699.543196636975,3729.543196636975,30.0,999.5431966369752
S3,continuous,C,1,270,7,landing,3766.5820775438183,3956.5820775438183,190.0,0.0
S3,continuous,C,4,271,43,takeoff,2780.9633468800284,2810.9633468800284,30.0,70.96334688002844
S3,continuous,C,16,271,43,landing,2864.4100862169694,3054.4100862169694,190.0,0.0
S3,continuous,C,13,272,8,takeoff,3617.8431843751305,3647.8431843751305,30.0,897.8431843751305
S3,continuous,C,17,272,8,landing,4155.189422641168,4345.189422641168,190.0,409.6909051865823
S3,continuous,C,19,273,68,takeoff,3711.721500779652,3741.721500779652,30.0,981.7215007796522
S3,continuous,C,7,273,68,landing,4313.448828481505,4503.448828481505,190.0,503.90563184453003
S3,continuous,C,13,274,107,takeoff,3647.8431843751305,3677.8431843751305,30.0,907.8431843751305
S3,continuous,C,0,274,107,landing,3798.562817229403,3988.562817229403,190.0,91.22448846487805
S3,continuous,C,19,275,33,takeoff,3741.721500779652,3771.721500779652,30.0,991.7215007796522
S3,continuous,C,13,275,33,landing,3793.257087268152,3983.257087268152,190.0,0.0
S3,continuous,C,16,276,16,takeoff,2760.0,2790.0,30.0,0.0
S3,continuous,C,19,276,16,landing,3771.721500779652,3961.721500779652,190.0,877.3436845048354
S3,continuous,C,13,277,132,takeoff,3677.8431843751305,3707.8431843751305,30.0,907.8431843751305
S3,continuous,C,4,277,132,landing,3944.250839983003,4134.250839983003,190.0,208.99212184139333
S3,continuous,C,0,278,103,takeoff,2933.2673394918043,2963.2673394918043,30.0,153.26733949180425
S3,continuous,C,8,278,103,landing,2992.2116334855073,3182.2116334855073,190.0,0.0
S3,continuous,C,13,279,29,takeoff,3707.8431843751305,3737.8431843751305,30.0,917.8431843751305
S3,continuous,C,0,279,29,landing,3988.562817229403,4178.562817229404,190.00000000000045,201.22448846487805
S3,continuous,C,9,280,14,takeoff,4300.718724004282,4330.718724004282,30.0,1500.7187240042822
S3,continuous,C,10,280,14,landing,4353.262418266728,4543.262418266728,190.0,0.0
S3,continuous,C,2,281,67,takeoff,3107.004605117233,3137.004605117233,30.0,297.00460511723304
S3,continuous,C,6,281,67,landing,4557.500394383143,4747.500394383143,190.0,1226.0054798043175
S3,continuous,C,14,282,137,takeoff,2977.7858511355635,3007.7858511355635,30.0,157.78585113556346
S3,continuous,C,19,282,137,landing,3961.721500779652,4151.721500779652,190.0,760.3356734461968
S3,continuous,C,1,283,44,takeoff,3584.4525377637365,3614.4525377637365,30.0,754.4525377637365
S3,continuous,C,5,283,44,landing,3954.692579775211,4144.692579775211,190.0,290.2112130533915
S3,continuous,C,12,284,109,takeoff,2840.0,2870.0,30.0,0.0
S3,continuous,C,3,284,109,landing,3879.086389364981,4069.086389364981,190.0,850.0548518025057
S3,continuous,C,12,285,111,takeoff,2870.0,2900.0,30.0,20.0
S3,continuous,C,19,285,111,landing,4151.721500779652,4341.721500779652,190.0,1069.4618332472278
S3,continuous,C,2,286,1,takeoff,3137.004605117233,3167.004605117233,30.0,277.00460511723304
S3,continuous,C,15,286,1,landing,4515.639322280419,4705.639322280419,190.0,1173.9734955587396
S3,continuous,C,1,287,70,takeoff,3614.4525377637365,3644.4525377637365,30.0,744.4525377637365
S3,continuous,C,3,287,70,landing,4069.086389364981,4259.086389364981,190.0,279.320984522662
S3,continuous,C,4,288,88,takeoff,3297.8222029871695,3327.8222029871695,30.0,357.8222029871695
S3,continuous,C,0,288,88,landing,4178.562817229404,4368.562817229404,190.0,732.4797406220628
S3,continuous,C,3,289,28,takeoff,3569.4170107527784,3599.4170107527784,30.0,679.4170107527784
S3,continuous,C,10,289,28,landing,3658.9609139873155,3848.9609139873155,190.0,0.0
S3,continuous,C,15,290,51,takeoff,3520.80768973877,3550.80768973877,30.0,620.80768973877
S3,continuous,C,0,290,51,landing,4368.562817229404,4558.562817229404,190.0,730.0000000000005
S3,continuous,C,18,291,144,takeoff,3628.336627992062,3658.336627992062,30.0,718.336627992062
S3,continuous,C,11,291,144,landing,3819.5920545822246,4009.5920545822246,190.0,122.17993821366963
S3,continuous,C,7,292,36,takeoff,3729.543196636975,3759.543196636975,30.0,809.5431966369752
S3,continuous,C,3,292,36,landing,4259.086389364981,4449.086389364981,190.0,313.0993500891095
S3,continuous,C,9,293,82,takeoff,4330.718724004282,4360.718724004282,30.0,1400.7187240042822
S3,continuous,C,16,293,82,landing,4393.980383385842,4583.980383385842,190.0,0.0
S3,continuous,C,19,294,115,takeoff,4341.721500779652,4371.721500779652,30.0,1401.7215007796522
S3,continuous,C,8,294,115,landing,4415.281123344089,4605.281123344089,190.0,0.0
S3,continuous,C,16,295,43,takeoff,3054.4100862169694,3084.4100862169694,30.0,104.41008621696938
S3,continuous,C,17,295,43,landing,4345.189422641168,4535.189422641168,190.0,1126.0112342758098
S3,continuous,C,4,296,138,takeoff,3327.8222029871695,3357.8222029871695,30.0,367.8222029871695
S3,continuous,C,16,296,138,landing,3371.2689423241104,3561.2689423241104,190.0,0.0
S3,continuous,C,2,297,74,takeoff,3167.004605117233,3197.004605117233,30.0,197.00460511723304
S3,continuous,C,10,297,74,landing,3848.9609139873155,4038.9609139873155,190.0,579.8023675173763
S3,continuous,C,2,298,5,takeoff,3197.004605117233,3227.004605117233,30.0,217.00460511723304
S3,continuous,C,14,298,5,landing,3541.140376294871,3731.140376294871,190.0,207.13116606040512
S3,continuous,C,2,299,60,takeoff,3227.004605117233,3257.004605117233,30.0,237.00460511723304
S3,continuous,C,7,299,60,landing,4503.448828481505,4693.448828481505,190.0,1073.9285858194512
S3,continuous,C,5,300,54,takeoff,4144.692579775211,4174.692579775211,30.0,1144.692579775211
S3,continuous,C,12,300,54,landing,4313.981168312077,4503.981168312077,190.0,92.17125907278387
S3,continuous,C,19,301,50,takeoff,4371.721500779652,4401.721500779652,30.0,1361.7215007796522
S3,continuous,C,3,301,50,landing,4469.086389364982,4659.086389364982,190.0,0.0
S3,continuous,C,0,302,26,takeoff,4558.562817229404,4588.562817229404,30.0,1538.5628172294037
S3,continuous,C,10,302,26,landing,4611.140741603156,4801.140741603156,190.0,0.0
S3,continuous,C,5,303,127,takeoff,4174.692579775211,4204.692579775211,30.0,1144.692579775211
S3,continuous,C,14,303,127,landing,4253.5869108294855,4443.5869108294855,190.0,0.0
S3,continuous,C,1,304,108,takeoff,3644.4525377637365,3674.4525377637365,30.0,604.4525377637365
S3,continuous,C,8,304,108,landing,3686.3770556727536,3876.3770556727536,190.0,0.0
S3,continuous,C,8,305,92,takeoff,3182.2116334855073,3212.2116334855073,30.0,132.21163348550726
S3,continuous,C,13,305,92,landing,3983.257087268152,4173.257087268152,189.99999999999955,675.6688604940227
S3,continuous,C,6,306,129,takeoff,4747.500394383143,4777.500394383143,30.0,1507.5003943831434
S3,continuous,C,5,306,129,landing,4823.329923314744,5013.329923314744,190.0,0.0
S3,continuous,C,7,307,120,takeoff,3759.543196636975,3789.543196636975,30.0,689.5431966369752
S3,continuous,C,12,307,120,landing,4503.981168312077,4693.981168312077,190.0,620.424854976101
S3,continuous,C,13,308,64,takeoff,3737.8431843751305,3767.8431843751305,30.0,657.8431843751305
S3,continuous,C,9,308,64,landing,4360.718724004282,4550.718724004282,190.0,490.5649998571557
S3,continuous,C,6,309,78,takeoff,4777.500394383143,4807.500394383143,30.0,1567.5003943831434
S3,continuous,C,13,309,78,landing,4827.335535860134,5017.335535860134,190.0,0.0
S3,continuous,C,14,310,19,takeoff,3160.0,3190.0,30.0,0.0
S3,continuous,C,1,310,19,landing,4168.790984311603,4358.790984311603,190.0,790.3566162193652
S3,continuous,C,2,311,102,takeoff,3993.079416739067,4023.079416739067,30.0,583.0794167390668
S3,continuous,C,12,311,102,landing,4693.981168312077,4883.981168312077,190.0,570.6760643944599
S3,continuous,C,1,312,76,takeoff,3674.4525377637365,3704.4525377637365,30.0,554.4525377637365
S3,continuous,C,17,312,76,landing,4535.189422641168,4725.189422641168,190.0,707.1353232069964
S3,continuous,C,14,313,23,takeoff,3731.140376294871,3761.140376294871,30.0,361.1403762948712
S3,continuous,C,7,313,23,landing,4693.448828481505,4883.448828481505,190.0,812.5306127157855
S3,continuous,C,1,314,143,takeoff,3704.4525377637365,3734.4525377637365,30.0,564.4525377637365
S3,continuous,C,8,314,143,landing,3876.3770556727536,4066.3770556727536,190.0,130.0
S3,continuous,C,18,315,11,takeoff,3658.336627992062,3688.336627992062,30.0,508.33662799206195
S3,continuous,C,6,315,11,landing,4807.500394383143,4997.500394383143,190.0,964.2492087104492
S3,continuous,C,18,316,48,takeoff,3688.336627992062,3718.336627992062,30.0,528.336627992062
S3,continuous,C,9,316,48,landing,4550.718724004282,4740.718724004282,190.0,705.7711221714012
S3,continuous,C,19,317,38,takeoff,4401.721500779652,4431.721500779652,30.0,1231.7215007796522
S3,continuous,C,6,317,38,landing,4997.500394383143,5187.500394383143,190.0,495.794443077727
S3,continuous,C,1,318,113,takeoff,3734.4525377637365,3764.4525377637365,30.0,554.4525377637365
S3,continuous,C,18,318,113,landing,3783.3954528528056,3973.3954528528056,190.0,0.0
S3,continuous,C,15,319,0,takeoff,4705.639322280419,4735.639322280419,30.0,1515.639322280419
S3,continuous,C,2,319,0,landing,4810.300543884866,5000.300543884866,190.0,0.0
S3,continuous,C,6,320,139,takeoff,5187.500394383143,5217.500394383143,30.0,1987.5003943831434
S3,continuous,C,17,320,139,landing,5276.841471475656,5466.841471475656,190.0,0.0
S3,continuous,C,5,321,96,takeoff,4204.692579775211,4234.692579775211,30.0,994.692579775211
S3,continuous,C,17,321,96,landing,4725.189422641168,4915.189422641168,190.0,351.9741220956448
S3,continuous,C,8,322,145,takeoff,3220.0,3250.0,30.0,0.0
S3,continuous,C,0,322,145,landing,4588.562817229404,4778.562817229404,190.0,1189.6185232357006
S3,continuous,C,10,323,124,takeoff,4038.9609139873155,4068.9609139873155,30.0,808.9609139873155
S3,continuous,C,15,323,124,landing,4735.639322280419,4925.639322280419,190.0,525.7958164904321
S3,continuous,C,18,324,52,takeoff,3718.336627992062,3748.336627992062,30.0,478.33662799206195
S3,continuous,C,17,324,52,landing,4915.189422641168,5105.189422641168,190.0,1005.33144297237
S3,continuous,C,11,325,73,takeoff,4009.5920545822246,4039.5920545822246,30.0,759.5920545822246
S3,continuous,C,5,325,73,landing,4234.692579775211,4424.692579775211,190.0,155.0115893039815
S3,continuous,C,14,326,55,takeoff,3761.140376294871,3791.140376294871,30.0,381.1403762948712
S3,continuous,C,13,326,55,landing,4173.257087268152,4363.257087268152,190.0,214.8812629552749
S3,continuous,C,13,327,93,takeoff,4363.257087268152,4393.257087268152,30.0,1093.2570872681517
S3,continuous,C,11,327,93,landing,4429.076946747967,4619.076946747967,190.0,0.0
S3,continuous,C,16,328,128,takeoff,3561.2689423241104,3591.2689423241104,30.0,281.2689423241104
S3,continuous,C,1,328,128,landing,4358.790984311603,4548.790984311603,190.0,739.5189900066407
S3,continuous,C,13,329,116,takeoff,4393.257087268152,4423.257087268152,30.0,1103.2570872681517
S3,continuous,C,11,329,116,landing,4619.076946747967,4809.076946747967,190.0,160.0
S3,continuous,C,13,330,80,takeoff,4423.257087268152,4453.257087268152,30.0,1123.2570872681517
S3,continuous,C,11,330,80,landing,4809.076946747967,4999.076946747967,190.0,300.0
S3,continuous,C,14,331,131,takeoff,3791.140376294871,3821.140376294871,30.0,421.1403762948712
S3,continuous,C,7,331,131,landing,4883.448828481505,5073.448828481505,190.0,962.5306127157855
S3,continuous,C,7,332,47,takeoff,3789.543196636975,3819.543196636975,30.0,469.54319663697515
S3,continuous,C,3,332,47,landing,4659.086389364982,4849.086389364982,190.0,753.0993500891104
S3,continuous,C,14,333,130,takeoff,3821.140376294871,3851.140376294871,30.0,491.1403762948712
S3,continuous,C,15,333,130,landing,4925.639322280419,5115.639322280419,190.0,872.2482459854768
S3,continuous,C,11,334,53,takeoff,4039.5920545822246,4069.5920545822246,30.0,699.5920545822246
S3,continuous,C,6,334,53,landing,5217.500394383143,5407.500394383143,190.0,1074.1562050896382
S3,continuous,C,12,335,63,takeoff,3638.472893356925,3668.472893356925,30.0,288.47289335692494
S3,continuous,C,18,335,63,landing,3973.3954528528056,4163.395452852806,190.0,241.92511286380386
S3,continuous,C,18,336,46,takeoff,3748.336627992062,3778.336627992062,30.0,388.33662799206195
S3,continuous,C,8,336,46,landing,4066.3770556727536,4256.377055672754,190.00000000000045,225.07240443627825
S3,continuous,C,13,337,42,takeoff,4453.257087268152,4483.257087268152,30.0,1083.2570872681517
S3,continuous,C,4,337,42,landing,4495.977002366953,4685.977002366953,190.0,0.0
S3,continuous,C,19,338,2,takeoff,4431.721500779652,4461.721500779652,30.0,1051.7215007796522
S3,continuous,C,8,338,2,landing,4605.281123344089,4795.281123344089,190.0,100.0
S3,continuous,C,5,339,147,takeoff,4424.692579775211,4454.692579775211,30.0,1034.692579775211
S3,continuous,C,7,339,147,landing,5073.448828481505,5263.448828481505,190.0,513.279421129384
S3,continuous,C,16,340,65,takeoff,3910.4114863884215,3940.4114863884215,30.0,210.4114863884215
S3,continuous,C,3,340,65,landing,4849.086389364982,5039.086389364982,190.0,770.882992301018
S3,continuous,C,19,341,119,takeoff,4461.721500779652,4491.721500779652,30.0,1051.7215007796522
S3,continuous,C,4,341,119,landing,4685.977002366953,4875.977002366953,190.0,152.52536766691628
S3,continuous,C,16,342,24,takeoff,3940.4114863884215,3970.4114863884215,30.0,220.4114863884215
S3,continuous,C,2,342,24,landing,4040.142238013441,4230.142238013441,190.0,0.0
S3,continuous,C,15,343,125,takeoff,5115.639322280419,5145.639322280419,30.0,1685.639322280419
S3,continuous,C,14,343,125,landing,5227.8900222804905,5417.8900222804905,190.0,0.0
S3,continuous,C,3,344,49,takeoff,5039.086389364982,5069.086389364982,30.0,1359.086389364982
S3,continuous,C,19,344,49,landing,5136.451277950312,5326.451277950312,190.0,0.0
S3,continuous,C,3,345,32,takeoff,5069.086389364982,5099.086389364982,30.0,1379.086389364982
S3,continuous,C,13,345,32,landing,5134.83088633292,5324.83088633292,190.0,0.0
S3,continuous,C,6,346,30,takeoff,5407.500394383143,5437.500394383143,30.0,1947.5003943831434
S3,continuous,C,11,346,30,landing,5491.252529094423,5681.252529094423,190.0,0.0
S3,continuous,C,4,347,87,takeoff,4134.250839983003,4164.250839983003,30.0,364.25083998300306
S3,continuous,C,1,347,87,landing,4548.790984311603,4738.790984311603,190.0,324.30660840286873
S3,continuous,C,10,348,85,takeoff,4068.9609139873155,4098.9609139873155,30.0,588.9609139873155
S3,continuous,C,6,348,85,landing,5437.500394383143,5627.500394383143,190.0,1238.4160214286312
S3,continuous,C,12,349,77,takeoff,4883.981168312077,4913.981168312077,30.0,1153.981168312077
S3,continuous,C,18,349,77,landing,4956.978614944153,5146.978614944153,190.0,0.0
S3,continuous,C,2,350,3,takeoff,4230.142238013441,4260.142238013441,30.0,730.1422380134409
S3,continuous,C,12,350,3,landing,4913.981168312077,5103.981168312077,190.0,493.6132431200858
S3,continuous,C,19,351,133,takeoff,4491.721500779652,4521.721500779652,30.0,981.7215007796522
S3,continuous,C,3,351,133,landing,5099.086389364982,5289.086389364982,190.0,390.0
S3,continuous,C,7,352,138,takeoff,4023.239524414743,4053.239524414743,30.0,503.23952441474285
S3,continuous,C,19,352,138,landing,4521.721500779652,4711.721500779652,190.0,380.6602805075863
S3,continuous,C,12,353,122,takeoff,5103.981168312077,5133.981168312077,30.0,1333.981168312077
S3,continuous,C,6,353,122,landing,5627.500394383143,5817.500394383143,190.0,348.3911036455993
S3,continuous,C,1,354,34,takeoff,4738.790984311603,4768.790984311603,30.0,1198.790984311603
S3,continuous,C,11,354,34,landing,4999.076946747967,5189.076946747967,190.0,172.2244579278431
S3,continuous,C,13,355,149,takeoff,4483.257087268152,4513.257087268152,30.0,933.2570872681517
S3,continuous,C,6,355,149,landing,5817.500394383143,6007.500394383143,190.0,1164.4081656380013
S3,continuous,C,9,356,4,takeoff,4740.718724004282,4770.718724004282,30.0,1180.7187240042822
S3,continuous,C,2,356,4,landing,5000.300543884866,5190.300543884866,190.0,158.11077172225941
S3,continuous,C,13,357,103,takeoff,4513.257087268152,4543.257087268152,30.0,943.2570872681517
S3,continuous,C,5,357,103,landing,4573.571151137178,4763.571151137178,190.0,0.0
S3,continuous,C,5,358,141,takeoff,4454.692579775211,4484.692579775211,30.0,874.692579775211
S3,continuous,C,3,358,141,landing,5289.086389364982,5479.086389364982,190.0,607.6234959422773
S3,continuous,C,19,359,27,takeoff,4711.721500779652,4741.721500779652,30.0,1121.7215007796522
S3,continuous,C,18,359,27,landing,5146.978614944153,5336.978614944153,190.0,366.04019543213053
S3,continuous,C,5,360,89,takeoff,4484.692579775211,4514.692579775211,30.0,884.692579775211
S3,continuous,C,4,360,89,landing,4875.977002366953,5065.977002366953,190.0,331.13132066672915
S3,continuous,C,6,361,83,takeoff,6007.500394383143,6037.500394383143,30.0,2397.5003943831434
S3,continuous,C,5,361,83,landing,6083.329923314744,6273.329923314744,190.0,0.0
S3,continuous,C,11,362,104,takeoff,4069.5920545822246,4099.592054582225,30.0,449.5920545822246
S3,continuous,C,5,362,104,landing,5013.329923314744,5203.329923314744,190.0,773.6489328435146
S3,continuous,C,3,363,40,takeoff,5479.086389364982,5509.086389364982,30.0,1789.086389364982
S3,continuous,C,16,363,40,landing,5547.33226163939,5737.33226163939,190.0,0.0
S3,continuous,C,18,364,123,takeoff,4163.395452852806,4193.395452852806,30.0,523.3954528528056
S3,continuous,C,12,364,123,landing,5133.981168312077,5323.981168312077,190.0,797.588268827195
S3,continuous,C,7,365,62,takeoff,4053.239524414743,4083.239524414743,30.0,403.23952441474285
S3,continuous,C,10,365,62,landing,4098.9609139873155,4288.9609139873155,190.0,21.1403147056717
S3,continuous,C,14,366,25,takeoff,3851.140376294871,3881.140376294871,30.0,191.1403762948712
S3,continuous,C,8,366,25,landing,4795.281123344089,4985.281123344089,190.0,792.0117600273593
S3,continuous,C,9,367,95,takeoff,4770.718724004282,4800.718724004282,30.0,1100.7187240042822
S3,continuous,C,3,367,95,landing,5509.086389364982,5699.086389364982,190.0,559.6693786122023
S3,continuous,C,9,368,112,takeoff,4800.718724004282,4830.718724004282,30.0,1120.7187240042822
S3,continuous,C,19,368,112,landing,4900.113579488824,5090.113579488824,190.0,0.0
S3,continuous,C,15,369,106,takeoff,5145.639322280419,5175.639322280419,30.0,1455.639322280419
S3,continuous,C,19,369,106,landing,5326.451277950312,5516.451277950312,190.0,95.19855713101242
S3,continuous,C,12,370,135,takeoff,5323.981168312077,5353.981168312077,30.0,1563.981168312077
S3,continuous,C,14,370,135,landing,5439.668152059693,5629.668152059693,190.0,0.0
S3,continuous,C,10,371,61,takeoff,4288.9609139873155,4318.9609139873155,30.0,578.9609139873155
S3,continuous,C,11,371,61,landing,5189.076946747967,5379.076946747967,190.0,810.7954332187264
S3,continuous,C,10,372,114,takeoff,4318.9609139873155,4348.9609139873155,30.0,598.9609139873155
S3,continuous,C,9,372,114,landing,4830.718724004282,5020.718724004282,190.0,363.8859852188989
S3,continuous,C,18,373,13,takeoff,4193.395452852806,4223.395452852806,30.0,463.39545285280565
S3,continuous,C,0,373,13,landing,4778.562817229404,4968.562817229404,190.0,482.2686512234777
S3,continuous,C,11,374,99,takeoff,4099.592054582225,4129.592054582225,30.0,359.5920545822246
S3,continuous,C,2,374,99,landing,4260.142238013441,4450.142238013441,190.0,75.63189093763867
S3,continuous,C,3,375,121,takeoff,5699.086389364982,5729.086389364982,30.0,1949.086389364982
S3,continuous,C,17,375,121,landing,5812.501242628388,6002.501242628388,190.0,0.0
S3,continuous,C,17,376,136,takeoff,5105.189422641168,5135.189422641168,30.0,1345.1894226411678
S3,continuous,C,16,376,136,landing,5170.4114863884215,5360.4114863884215,190.0,0.0
S3,continuous,C,6,377,97,takeoff,6037.500394383143,6067.500394383143,30.0,2267.5003943831434
S3,continuous,C,2,377,97,landing,6141.990703844736,6331.990703844736,190.0,0.0
S3,continuous,C,0,378,146,takeoff,4968.562817229404,4998.562817229404,30.0,1188.5628172294037
S3,continuous,C,3,378,146,landing,5729.086389364982,5919.086389364982,190.0,574.9821060984323
S3,continuous,C,2,379,86,takeoff,4450.142238013441,4480.142238013441,30.0,660.1422380134409
S3,continuous,C,9,379,86,landing,5020.718724004282,5210.718724004282,190.0,349.10543783251705
S3,continuous,C,5,380,16,takeoff,4514.692579775211,4544.692579775211,30.0,714.692579775211
S3,continuous,C,17,380,16,landing,5466.841471475656,5656.841471475656,190.0,863.6261709301334
S3,continuous,C,10,381,98,takeoff,4543.262418266728,4573.262418266728,30.0,733.2624182667278
S3,continuous,C,4,381,98,landing,5065.977002366953,5255.977002366953,190.0,480.1431969418909
S3,continuous,C,4,382,134,takeoff,4164.250839983003,4194.250839983003,30.0,344.25083998300306
S3,continuous,C,1,382,134,landing,4768.790984311603,4958.790984311603,190.0,494.30660840286873
S3,continuous,C,18,383,22,takeoff,4223.395452852806,4253.395452852806,30.0,393.39545285280565
S3,continuous,C,7,383,22,landing,5263.448828481505,5453.448828481505,190.0,864.5433308556621
S3,continuous,C,2,384,10,takeoff,4480.142238013441,4510.142238013441,30.0,640.1422380134409
S3,continuous,C,5,384,10,landing,5203.329923314744,5393.329923314744,190.0,595.5073844486797
S3,continuous,C,19,385,140,takeoff,4741.721500779652,4771.721500779652,30.0,891.7215007796522
S3,continuous,C,5,385,140,landing,5393.329923314744,5583.329923314744,190.0,504.4617775647275
S3,continuous,C,15,386,6,takeoff,5175.639322280419,5205.639322280419,30.0,1315.639322280419
S3,continuous,C,5,386,6,landing,5583.329923314744,5773.329923314744,190.0,253.80571099788358
S3,continuous,C,16,387,66,takeoff,3990.0,4020.0,30.0,0.0
S3,continuous,C,7,387,66,landing,5453.448828481505,5643.448828481505,190.0,1344.1409784046828
S3,continuous,C,7,388,71,takeoff,5643.448828481505,5673.448828481505,30.0,1523.4488284815052
S3,continuous,C,17,388,71,landing,6002.501242628388,6192.501242628388,190.0,275.5125501150951
S3,continuous,C,6,389,81,takeoff,6067.500394383143,6097.500394383143,30.0,2177.5003943831434
S3,continuous,C,3,389,81,landing,6161.4428236693575,6351.4428236693575,190.0,0.0
S3,continuous,C,10,390,79,takeoff,4573.262418266728,4603.262418266728,30.0,673.2624182667278
S3,continuous,C,11,390,79,landing,5681.252529094423,5871.252529094423,190.0,998.6695112857706
S3,continuous,C,15,391,20,takeoff,5205.639322280419,5235.639322280419,30.0,1295.639322280419
S3,continuous,C,6,391,20,landing,6097.500394383143,6287.500394383143,190.0,702.1335640820043
S3,continuous,C,3,392,105,takeoff,5919.086389364982,5949.086389364982,30.0,1999.086389364982
S3,continuous,C,9,392,105,landing,6037.78467611348,6227.78467611348,190.0,0.0
S3,continuous,C,5,393,56,takeoff,4763.571151137178,4793.571151137178,30.0,833.5711511371783
S3,continuous,C,14,393,56,landing,4842.465482191453,5032.465482191453,190.0,0.0
S3,continuous,C,11,394,113,takeoff,4129.592054582225,4159.592054582225,30.0,189.5920545822246
S3,continuous,C,4,394,113,landing,4194.250839983003,4384.250839983003,190.0,9.38128286560459
S3,continuous,C,19,395,21,takeoff,4771.721500779652,4801.721500779652,30.0,821.7215007796522
S3,continuous,C,10,395,21,landing,4845.107951945016,5035.107951945016,190.0,0.0
S3,continuous,C,9,396,90,takeoff,5210.718724004282,5240.718724004282,30.0,1250.7187240042822
S3,continuous,C,2,396,90,landing,5312.1897721626065,5502.1897721626065,190.0,0.0
S3,continuous,C,14,397,28,takeoff,4030.0,4060.0,30.0,0.0
S3,continuous,C,11,397,28,landing,4179.46693023388,4369.46693023388,190.0,0.0
S3,continuous,C,19,398,31,takeoff,4801.721500779652,4831.721500779652,30.0,821.7215007796522
S3,continuous,C,5,398,31,landing,5773.329923314744,5963.329923314744,190.0,784.4617775647275
S3,continuous,C,10,399,33,takeoff,4801.140741603156,4831.140741603156,30.0,811.1407416031561
S3,continuous,C,1,399,33,landing,4958.790984311603,5148.790984311603,190.0,124.51735000513963
S3,continuous,C,0,400,142,takeoff,4998.562817229404,5028.562817229404,30.0,998.5628172294037
S3,continuous,C,13,400,142,landing,5324.83088633292,5514.83088633292,190.0,246.77292471412147
S3,continuous,C,17,401,107,takeoff,5135.189422641168,5165.189422641168,30.0,1125.1894226411678
S3,continuous,C,5,401,107,landing,6273.329923314744,6463.329923314744,190.0,949.6177799032639
S3,continuous,C,6,402,9,takeoff,6287.500394383143,6317.500394383143,30.0,2267.5003943831434
S3,continuous,C,19,402,9,landing,6367.484844908908,6557.484844908908,190.0,0.0
S3,continuous,C,8,403,35,takeoff,4256.377055672754,4286.377055672754,30.0,226.37705567275407
S3,continuous,C,18,403,35,landing,4309.3450789171675,4499.3450789171675,190.0,0.0
S3,continuous,C,13,404,72,takeoff,4543.257087268152,4573.257087268152,30.0,503.25708726815174
S3,continuous,C,5,404,72,landing,6463.329923314744,6653.329923314744,190.0,1739.7587721775653
S3,continuous,C,14,405,143,takeoff,4060.0,4090.0,30.0,10.0
S3,continuous,C,9,405,143,landing,5240.718724004282,5430.718724004282,190.0,970.2970717136923
S3,continuous,C,0,406,144,takeoff,5028.562817229404,5058.562817229404,30.0,968.5628172294037
S3,continuous,C,4,406,144,landing,5255.977002366953,5445.977002366953,190.0,173.8489301850559
S3,continuous,C,10,407,57,takeoff,5035.107951945016,5065.107951945016,30.0,965.1079519450159
S3,continuous,C,2,407,57,landing,5502.1897721626065,5692.1897721626065,190.0,364.9278788648844
S3,continuous,C,7,408,110,takeoff,5673.448828481505,5703.448828481505,30.0,1533.4488284815052
S3,continuous,C,13,408,110,landing,5723.741455652561,5913.741455652561,190.0,0.0
S3,continuous,C,11,409,108,takeoff,4369.46693023388,4399.46693023388,30.0,279.4669302338798
S3,continuous,C,19,409,108,landing,5516.451277950312,5706.451277950312,190.0,934.9386633830309
S3,continuous,C,1,410,118,takeoff,5148.790984311603,5178.790984311603,30.0,1048.790984311603
S3,continuous,C,13,410,118,landing,5514.83088633292,5704.83088633292,190.0,333.74619132998396
S3,continuous,C,5,411,39,takeoff,5963.329923314744,5993.329923314744,30.0,1853.3299233147436
S3,continuous,C,17,411,39,landing,6192.501242628388,6382.501242628388,190.0,160.6485985433328
S3,continuous,C,18,412,69,takeoff,4253.395452852806,4283.395452852806,30.0,133.39545285280565
S3,continuous,C,12,412,69,landing,5353.981168312077,5543.981168312077,190.0,907.588268827195
S3,continuous,C,13,413,45,takeoff,4573.257087268152,4603.257087268152,30.0,443.25708726815174
S3,continuous,C,0,413,45,landing,5058.562817229404,5248.562817229404,190.0,305.8105855718568
S3,continuous,C,17,414,117,takeoff,5165.189422641168,5195.189422641168,30.0,1025.1894226411678
S3,continuous,C,14,414,117,landing,5629.668152059693,5819.668152059693,190.0,366.65349074624373
S3,continuous,C,17,415,84,takeoff,5195.189422641168,5225.189422641168,30.0,1045.1894226411678
S3,continuous,C,2,415,84,landing,5692.1897721626065,5882.1897721626065,190.0,413.21055166958195
S3,continuous,C,13,416,70,takeoff,4603.257087268152,4633.257087268152,30.0,443.25708726815174
S3,continuous,C,16,416,70,landing,4627.677810494747,4817.677810494747,190.0,0.0
S3,continuous,C,8,417,7,takeoff,4985.281123344089,5015.281123344089,30.0,575.2811233440889
S3,continuous,C,9,417,7,landing,5430.718724004282,5620.718724004282,190.0,361.2851039818079
S3,continuous,C,9,418,37,takeoff,5620.718724004282,5650.718724004282,30.0,1440.7187240042822
S3,continuous,C,10,418,37,landing,5673.262418266728,5863.262418266728,190.0,0.0
S3,continuous,C,5,419,8,takeoff,5993.329923314744,6023.329923314744,30.0,1803.3299233147436
S3,continuous,C,6,419,8,landing,6317.500394383143,6507.500394383143,190.0,228.34094213679964
S3,continuous,C,16,420,137,takeoff,4583.980383385842,4613.980383385842,30.0,203.9803833858423
S3,continuous,C,15,420,137,landing,5235.639322280419,5425.639322280419,190.0,565.9645138919668
S3,continuous,C,12,421,101,takeoff,5543.981168312077,5573.981168312077,30.0,1333.981168312077
S3,continuous,C,9,421,101,landing,5691.73533766472,5881.73533766472,190.0,0.0
S3,continuous,C,12,422,74,takeoff,5573.981168312077,5603.981168312077,30.0,1353.981168312077
S3,continuous,C,4,422,74,landing,5629.433808142774,5819.433808142774,190.0,0.0
S3,continuous,C,2,423,29,takeoff,4510.142238013441,4540.142238013441,30.0,280.1422380134409
S3,continuous,C,7,423,29,landing,5703.448828481505,5893.448828481505,190.0,990.7909529232438
S3,continuous,C,14,424,19,takeoff,4480.0,4510.0,30.0,0.0
S3,continuous,C,2,424,19,landing,4617.004605117233,4807.004605117233,190.0,0.0
S3,continuous,C,4,425,24,takeoff,4384.250839983003,4414.250839983003,30.0,134.25083998300306
S3,continuous,C,14,425,24,landing,4521.925844184732,4711.925844184732,190.0,0.0
S3,continuous,C,15,426,100,takeoff,5425.639322280419,5455.639322280419,30.0,1165.639322280419
S3,continuous,C,1,426,100,landing,5479.604602745393,5669.604602745393,190.0,0.0
S3,continuous,C,16,427,36,takeoff,4817.677810494747,4847.677810494747,30.0,427.67781049474706
S3,continuous,C,8,427,36,landing,5015.281123344089,5205.281123344089,190.0,163.64047108905925
S3,continuous,C,4,428,113,takeoff,5445.977002366953,5475.977002366953,30.0,925.9770023669525
S3,continuous,C,17,428,113,landing,6382.501242628388,6572.501242628388,190.0,832.7672042519225
S3,continuous,C,10,429,44,takeoff,5065.107951945016,5095.107951945016,30.0,775.1079519450159
S3,continuous,C,1,429,44,landing,5198.240844648323,5388.240844648323,190.0,0.0
S3,continuous,C,13,430,18,takeoff,4633.257087268152,4663.257087268152,30.0,333.25708726815174
S3,continuous,C,16,430,18,landing,4847.677810494747,5037.677810494747,190.0,190.0
S3,continuous,C,4,431,73,takeoff,5475.977002366953,5505.977002366953,30.0,985.9770023669525
S3,continuous,C,19,431,73,landing,5706.451277950312,5896.451277950312,190.0,164.04852299529648
S3,continuous,C,7,432,111,takeoff,5893.448828481505,5923.448828481505,30.0,1573.4488284815052
S3,continuous,C,8,432,111,landing,5934.090113817705,6124.090113817705,190.0,0.0
S3,continuous,C,10,433,132,takeoff,5095.107951945016,5125.107951945016,30.0,765.1079519450159
S3,continuous,C,19,433,132,landing,5896.451277950312,6086.451277950312,190.0,692.6287443043102
S3,continuous,C,0,434,88,takeoff,5248.562817229404,5278.562817229404,30.0,908.5628172294037
S3,continuous,C,9,434,88,landing,6227.78467611348,6417.78467611348,190.0,837.2017259218137
S3,continuous,C,6,435,75,takeoff,6507.500394383143,6537.500394383143,30.0,2157.5003943831434
S3,continuous,C,8,435,75,landing,6565.39513335095,6755.39513335095,190.0,0.0
S3,continuous,C,4,436,62,takeoff,4414.250839983003,4444.250839983003,30.0,54.25083998300306
S3,continuous,C,11,436,62,landing,5871.252529094423,6061.252529094423,190.0,1327.0285679085673
S3,continuous,C,19,437,17,takeoff,4831.721500779652,4861.721500779652,30.0,461.72150077965216
S3,continuous,C,9,437,17,landing,6417.78467611348,6607.78467611348,190.0,1386.6683198492856
S3,continuous,C,19,438,94,takeoff,4861.721500779652,4891.721500779652,30.0,481.72150077965216
S3,continuous,C,9,438,94,landing,6607.78467611348,6797.78467611348,190.0,1546.6683198492856
S3,continuous,C,19,439,41,takeoff,5090.113579488824,5120.113579488824,30.0,700.1135794888241
S3,continuous,C,12,439,41,landing,5603.981168312077,5793.981168312077,190.0,401.6079212908289
S3,continuous,C,11,440,55,takeoff,5379.076946747967,5409.076946747967,30.0,979.0769467479668
S3,continuous,C,19,440,55,landing,6086.451277950312,6276.451277950312,190.0,575.3286468689439
S3,continuous,C,8,441,59,takeoff,5205.281123344089,5235.281123344089,30.0,795.2811233440889
S3,continuous,C,7,441,59,landing,5923.448828481505,6113.448828481505,190.0,617.5264198012164
S3,continuous,C,16,442,92,takeoff,5037.677810494747,5067.677810494747,30.0,617.6778104947471
S3,continuous,C,5,442,92,landing,6653.329923314744,6843.329923314744,190.0,1463.8655828059482
S3,continuous,C,19,443,14,takeoff,6276.451277950312,6306.451277950312,30.0,1846.451277950312
S3,continuous,C,3,443,14,landing,6373.816166535642,6563.816166535642,190.0,0.0
S3,continuous,C,18,444,12,takeoff,4499.3450789171675,4529.3450789171675,30.0,59.345078917167484
S3,continuous,C,11,444,12,landing,6061.252529094423,6251.252529094423,190.0,1392.8319618007627
S3,continuous,C,15,445,91,takeoff,5455.639322280419,5485.639322280419,30.0,1005.639322280419
S3,continuous,C,9,445,91,landing,6797.78467611348,6987.78467611348,190.0,1137.224755556923
S3,continuous,C,2,446,46,takeoff,5190.300543884866,5220.300543884866,30.0,550.3005438848659
S3,continuous,C,0,446,46,landing,5278.562817229404,5468.562817229404,190.0,13.003515749976941
S3,continuous,C,17,447,99,takeoff,5225.189422641168,5255.189422641168,30.0,755.1894226411678
S3,continuous,C,12,447,99,landing,5793.981168312077,5983.981168312077,190.0,394.91601577839265
S3,continuous,C,7,448,68,takeoff,6113.448828481505,6143.448828481505,30.0,1633.4488284815052
S3,continuous,C,5,448,68,landing,6843.329923314744,7033.329923314744,190.0,574.4042672563282
S3,continuous,C,8,449,35,takeoff,5235.281123344089,5265.281123344089,30.0,745.2811233440889
S3,continuous,C,19,449,35,landing,6557.484844908908,6747.484844908908,190.0,1188.644099000382
S3,continuous,C,14,450,148,takeoff,4711.925844184732,4741.925844184732,30.0,211.92584418473234
S3,continuous,C,12,450,148,landing,5983.981168312077,6173.981168312077,190.0,1036.3683403797286
S3,continuous,C,5,451,43,takeoff,6023.329923314744,6053.329923314744,30.0,1513.3299233147436
S3,continuous,C,3,451,43,landing,6563.816166535642,6753.816166535642,190.0,413.71592957340454
S3,continuous,C,11,452,54,takeoff,5409.076946747967,5439.076946747967,30.0,889.0769467479668
S3,continuous,C,7,452,54,landing,6143.448828481505,6333.448828481505,190.0,650.7244119010211
S3,continuous,C,18,453,51,takeoff,4590.0,4620.0,30.0,0.0
S3,continuous,C,15,453,51,landing,5485.639322280419,5675.639322280419,190.0,729.0236159365386
S3,continuous,C,8,454,28,takeoff,5265.281123344089,5295.281123344089,30.0,725.2811233440889
S3,continuous,C,18,454,28,landing,5336.978614944153,5526.978614944153,190.0,18.72946835565108
S3,continuous,C,13,455,138,takeoff,5017.335535860134,5047.335535860134,30.0,167.33553586013386
S3,continuous,C,3,455,138,landing,5949.086389364982,6139.086389364982,190.0,766.0063565369101
S3,continuous,C,9,456,63,takeoff,5650.718724004282,5680.718724004282,30.0,1090.7187240042822
S3,continuous,C,19,456,63,landing,6747.484844908908,6937.484844908908,190.0,937.3712654200835
S3,continuous,C,2,457,128,takeoff,4570.0,4600.0,30.0,0.0
S3,continuous,C,6,457,128,landing,6537.500394383143,6727.500394383143,190.0,1743.0100849215505
S3,continuous,C,3,458,24,takeoff,6753.816166535642,6783.816166535642,30.0,2173.816166535642
S3,continuous,C,2,458,24,landing,6879.982598815635,7069.982598815635,190.0,0.0
S3,continuous,C,13,459,64,takeoff,4663.257087268152,4693.257087268152,30.0,73.25708726815174
S3,continuous,C,19,459,64,landing,6937.484844908908,7127.484844908908,190.0,2102.6921711522555
S3,continuous,C,7,460,93,takeoff,6333.448828481505,6363.448828481505,30.0,1733.4488284815052
S3,continuous,C,1,460,93,landing,6380.487709388348,6570.487709388348,190.0,0.0
S3,continuous,C,4,461,60,takeoff,5505.977002366953,5535.977002366953,30.0,895.9770023669525
S3,continuous,C,7,461,60,landing,6363.448828481505,6553.448828481505,190.0,756.187477740421
S3,continuous,C,15,462,2,takeoff,5675.639322280419,5705.639322280419,30.0,1055.639322280419
S3,continuous,C,2,462,2,landing,5882.1897721626065,6072.1897721626065,190.0,101.88922827774059
S3,continuous,C,13,463,116,takeoff,4750.0,4780.0,30.0,0.0
S3,continuous,C,14,463,116,landing,5032.465482191453,5222.465482191453,190.0,165.23003417344717
S3,continuous,C,19,464,82,takeoff,6306.451277950312,6336.451277950312,30.0,1666.451277950312
S3,continuous,C,2,464,82,landing,6413.138923197387,6603.138923197387,190.0,0.0
S3,continuous,C,8,465,67,takeoff,5295.281123344089,5325.281123344089,30.0,645.2811233440889
S3,continuous,C,13,465,67,landing,5913.741455652561,6103.741455652561,190.0,553.0837390198494
S3,continuous,C,13,466,87,takeoff,4693.257087268152,4723.257087268152,30.0,33.257087268151736
S3,continuous,C,11,466,87,landing,6251.252529094423,6441.252529094423,190.0,1372.1755823464564
S3,continuous,C,16,467,42,takeoff,5067.677810494747,5097.677810494747,30.0,397.67781049474706
S3,continuous,C,8,467,42,landing,5325.281123344089,5515.281123344089,190.0,223.64047108905925
S3,continuous,C,4,468,120,takeoff,5535.977002366953,5565.977002366953,30.0,855.9770023669525
S3,continuous,C,14,468,120,landing,5819.668152059693,6009.668152059693,190.0,186.01614549101123
S3,continuous,C,8,469,50,takeoff,5515.281123344089,5545.281123344089,30.0,825.2811233440889
S3,continuous,C,4,469,50,landing,5819.433808142774,6009.433808142774,190.0,255.03256420955313
S3,continuous,C,18,470,19,takeoff,5526.978614944153,5556.978614944153,30.0,586.9786149441534
S3,continuous,C,9,470,19,landing,6987.78467611348,7177.78467611348,190.0,1264.1950873285068
S3,continuous,C,16,471,109,takeoff,5097.677810494747,5127.677810494747,30.0,387.67781049474706
S3,continuous,C,6,471,109,landing,6727.500394383143,6917.500394383143,190.0,1574.516833421364
S3,continuous,C,3,472,5,takeoff,6783.816166535642,6813.816166535642,30.0,2063.816166535642
S3,continuous,C,4,472,5,landing,6871.258927951119,7061.258927951119,190.0,0.0
S3,continuous,C,14,473,103,takeoff,6009.668152059693,6039.668152059693,30.0,1159.668152059693
S3,continuous,C,17,473,103,landing,6572.501242628388,6762.501242628388,190.0,405.00785189641374
S3,continuous,C,9,474,127,takeoff,5881.73533766472,5911.73533766472,30.0,1141.7353376647197
S3,continuous,C,12,474,127,landing,6173.981168312077,6363.981168312077,190.0,184.4916612947145
S3,continuous,C,3,475,115,takeoff,6813.816166535642,6843.816166535642,30.0,2063.816166535642
S3,continuous,C,14,475,115,landing,6957.473239419341,7147.473239419341,190.0,0.0
S3,continuous,C,17,476,126,takeoff,5656.841471475656,5686.841471475656,30.0,896.8414714756564
S3,continuous,C,11,476,126,landing,6441.252529094423,6631.252529094423,190.0,718.702972086393
S3,continuous,C,8,477,124,takeoff,5545.281123344089,5575.281123344089,30.0,775.2811233440889
S3,continuous,C,19,477,124,landing,7127.484844908908,7317.484844908908,190.0,1428.644099000382
S3,continuous,C,12,478,145,takeoff,6363.981168312077,6393.981168312077,30.0,1583.981168312077
S3,continuous,C,8,478,145,landing,6755.39513335095,6945.39513335095,190.0,312.60503383892046
S3,continuous,C,17,479,1,takeoff,5686.841471475656,5716.841471475656,30.0,896.8414714756564
S3,continuous,C,8,479,1,landing,6124.090113817705,6314.090113817705,190.0,365.7144584167954
S3,continuous,C,14,480,47,takeoff,6039.668152059693,6069.668152059693,30.0,1179.668152059693
S3,continuous,C,6,480,47,landing,6917.500394383143,7107.500394383143,190.0,723.6537277672851
S3,continuous,C,14,481,25,takeoff,6069.668152059693,6099.668152059693,30.0,1199.668152059693
S3,continuous,C,9,481,25,landing,7177.78467611348,7367.78467611348,190.0,897.6948717631967
S3,continuous,C,14,482,58,takeoff,6099.668152059693,6129.668152059693,30.0,1279.668152059693
S3,continuous,C,18,482,58,landing,6200.217380599683,6390.217380599683,190.0,0.0
S3,continuous,C,9,483,48,takeoff,5911.73533766472,5941.73533766472,30.0,1081.7353376647197
S3,continuous,C,13,483,48,landing,6103.741455652561,6293.741455652561,190.0,119.69557821584476
S3,continuous,C,3,484,119,takeoff,6843.816166535642,6873.816166535642,30.0,2003.816166535642
S3,continuous,C,0,484,119,landing,6949.357632572788,7139.357632572788,190.0,0.0
S3,continuous,C,14,485,78,takeoff,6129.668152059693,6159.668152059693,30.0,1279.668152059693
S3,continuous,C,15,485,78,landing,6241.9188520597645,6431.9188520597645,190.0,0.0
S3,continuous,C,12,486,76,takeoff,6393.981168312077,6423.981168312077,30.0,1533.981168312077
S3,continuous,C,19,486,76,landing,7317.484844908908,7507.484844908908,190.0,731.2440090644068
S3,continuous,C,2,487,18,takeoff,5220.300543884866,5250.300543884866,30.0,350.3005438848659
S3,continuous,C,0,487,18,landing,5468.562817229404,5658.562817229404,190.0,173.00351574997694
S3,continuous,C,0,488,15,takeoff,5658.562817229404,5688.562817229404,30.0,778.5628172294037
S3,continuous,C,17,488,15,landing,6762.501242628388,6952.501242628388,190.0,967.0894499183423
S3,continuous,C,12,489,26,takeoff,6423.981168312077,6453.981168312077,30.0,1533.981168312077
S3,continuous,C,6,489,26,landing,7107.500394383143,7297.500394383143,190.0,548.3911036455993
S3,continuous,C,18,490,70,takeoff,5556.978614944153,5586.978614944153,30.0,596.9786149441534
S3,continuous,C,5,490,70,landing,7033.329923314744,7223.329923314744,190.0,1292.175677318989
S3,continuous,C,14,491,0,takeoff,6159.668152059693,6189.668152059693,30.0,1249.668152059693
S3,continuous,C,19,491,0,landing,7507.484844908908,7697.484844908908,190.0,1104.2167166513227
S3,continuous,C,12,492,102,takeoff,6453.981168312077,6483.981168312077,30.0,1533.981168312077
S3,continuous,C,11,492,102,landing,6631.252529094423,6821.252529094423,190.0,91.51129541044975
S3,continuous,C,15,493,129,takeoff,5705.639322280419,5735.639322280419,30.0,775.639322280419
S3,continuous,C,4,493,129,landing,6009.433808142774,6199.433808142774,190.0,249.84222395075176
S3,continuous,C,16,494,21,takeoff,5360.4114863884215,5390.4114863884215,30.0,180.4114863884215
S3,continuous,C,5,494,21,landing,7223.329923314744,7413.329923314744,190.0,1691.1319069122737
S3,continuous,C,1,495,134,takeoff,5388.240844648323,5418.240844648323,30.0,438.2408446483232
S3,continuous,C,11,495,134,landing,6821.252529094423,7011.252529094423,190.0,1244.9501799375794
S3,continuous,C,18,496,130,takeoff,5586.978614944153,5616.978614944153,30.0,626.9786149441534
S3,continuous,C,15,496,130,landing,5773.594321288034,5963.594321288034,190.0,0.0
S3,continuous,C,2,497,89,takeoff,5250.300543884866,5280.300543884866,30.0,280.3005438848659
S3,continuous,C,12,497,89,landing,6483.981168312077,6673.981168312077,190.0,1023.4549372486608
S3,continuous,C,3,498,65,takeoff,6873.816166535642,6903.816166535642,30.0,1893.816166535642
S3,continuous,C,7,498,65,landing,6970.260009174539,7160.260009174539,190.0,0.0
S3,continuous,C,17,499,52,takeoff,5716.841471475656,5746.841471475656,30.0,726.8414714756564
S3,continuous,C,15,499,52,landing,5963.594321288034,6153.594321288034,190.0,158.0222585056963
S3,continuous,C,12,500,23,takeoff,6673.981168312077,6703.981168312077,30.0,1673.981168312077
S3,continuous,C,14,500,23,landing,7147.473239419341,7337.473239419341,190.0,337.8050873596476
S3,continuous,C,1,501,114,takeoff,5418.240844648323,5448.240844648323,30.0,408.2408446483232
S3,continuous,C,18,501,114,landing,5616.978614944153,5806.978614944153,190.0,129.7948552067619
S3,continuous,C,15,502,96,takeoff,5735.639322280419,5765.639322280419,30.0,715.639322280419
S3,continuous,C,2,502,96,landing,6603.138923197387,6793.138923197387,190.0,742.8383793125213
S3,continuous,C,1,503,38,takeoff,5448.240844648323,5478.240844648323,30.0,418.2408446483232
S3,continuous,C,8,503,38,landing,5575.281123344089,5765.281123344089,190.0,65.11576078674898
S3,continuous,C,14,504,86,takeoff,6189.668152059693,6219.668152059693,30.0,1149.668152059693
S3,continuous,C,1,504,86,landing,6570.487709388348,6760.487709388348,190.0,262.3851892364173
S3,continuous,C,4,505,36,takeoff,5565.977002366953,5595.977002366953,30.0,515.9770023669525
S3,continuous,C,14,505,36,landing,6219.668152059693,6409.668152059693,190.0,496.01614549101123
S3,continuous,C,13,506,33,takeoff,6293.741455652561,6323.741455652561,30.0,1173.741455652561
S3,continuous,C,4,506,33,landing,6336.461370751362,6526.461370751362,190.0,0.0
S3,continuous,C,8,507,104,takeoff,5765.281123344089,5795.281123344089,30.0,695.2811233440889
S3,continuous,C,14,507,104,landing,6409.668152059693,6599.668152059693,190.0,432.2580416937453
S3,continuous,C,8,508,77,takeoff,5795.281123344089,5825.281123344089,30.0,715.2811233440889
S3,continuous,C,16,508,77,landing,5829.697926703237,6019.697926703237,190.0,0.0
S3,continuous,C,10,509,131,takeoff,5125.107951945016,5155.107951945016,30.0,35.107951945015884
S3,continuous,C,11,509,131,landing,7011.252529094423,7201.252529094423,190.0,1716.8239776074824
S3,continuous,C,5,510,147,takeoff,6053.329923314744,6083.329923314744,30.0,953.3299233147436
S3,continuous,C,10,510,147,landing,6097.597205763361,6287.597205763361,190.0,0.0
S3,continuous,C,7,511,34,takeoff,6553.448828481505,6583.448828481505,30.0,1443.4488284815052
S3,continuous,C,5,511,34,landing,7413.329923314744,7603.329923314744,190.0,744.4042672563282
S3,continuous,C,18,512,13,takeoff,5806.978614944153,5836.978614944153,30.0,686.9786149441534
S3,continuous,C,11,512,13,landing,7201.252529094423,7391.252529094423,190.0,1205.1984257737768
S3,continuous,C,14,513,45,takeoff,6599.668152059693,6629.668152059693,30.0,1469.668152059693
S3,continuous,C,2,513,45,landing,7069.982598815635,7259.982598815635,190.0,353.30984163870926
S3,continuous,C,17,514,80,takeoff,5746.841471475656,5776.841471475656,30.0,606.8414714756564
S3,continuous,C,11,514,80,landing,7391.252529094423,7581.252529094423,190.0,1558.702972086393
S3,continuous,C,18,515,112,takeoff,5836.978614944153,5866.978614944153,30.0,686.9786149441534
S3,continuous,C,2,515,112,landing,7259.982598815635,7449.982598815635,190.0,1297.1036666032887
S3,continuous,C,14,516,11,takeoff,6629.668152059693,6659.668152059693,30.0,1469.668152059693
S3,continuous,C,2,516,11,landing,7449.982598815635,7639.982598815635,190.0,643.3098416387093
S3,continuous,C,18,517,27,takeoff,5866.978614944153,5896.978614944153,30.0,696.9786149441534
S3,continuous,C,5,517,27,landing,7603.329923314744,7793.329923314744,190.0,1552.175677318989
S3,continuous,C,2,518,123,takeoff,6072.1897721626065,6102.1897721626065,30.0,772.1897721626065
S3,continuous,C,12,518,123,landing,6703.981168312077,6893.981168312077,190.0,401.56570897092024
S3,continuous,C,8,519,133,takeoff,5825.281123344089,5855.281123344089,30.0,635.2811233440889
S3,continuous,C,2,519,133,landing,7639.982598815635,7829.982598815635,190.0,1646.3178949027633
S3,continuous,C,16,520,32,takeoff,5500.0,5530.0,30.0,0.0
S3,continuous,C,12,520,32,landing,6893.981168312077,7083.981168312077,190.0,1242.7530737607467
S3,continuous,C,7,521,98,takeoff,6583.448828481505,6613.448828481505,30.0,1373.4488284815052
S3,continuous,C,11,521,98,landing,7581.252529094423,7771.252529094423,190.0,914.1562307804006
S3,continuous,C,19,522,4,takeoff,6336.451277950312,6366.451277950312,30.0,1116.451277950312
S3,continuous,C,9,522,4,landing,7367.78467611348,7557.78467611348,190.0,911.9385426786257
S3,continuous,C,6,523,116,takeoff,7297.500394383143,7327.500394383143,30.0,2067.5003943831434
S3,continuous,C,14,523,116,landing,7411.678908939309,7601.678908939309,190.0,0.0
S3,continuous,C,2,524,44,takeoff,6102.1897721626065,6132.1897721626065,30.0,802.1897721626065
S3,continuous,C,8,524,44,landing,6314.090113817705,6504.090113817705,190.0,123.51676108631546
S3,continuous,C,1,525,56,takeoff,5669.604602745393,5699.604602745393,30.0,419.6046027453931
S3,continuous,C,18,525,56,landing,5896.978614944153,6086.978614944153,190.0,178.43109710969202
S3,continuous,C,1,526,49,takeoff,5699.604602745393,5729.604602745393,30.0,439.6046027453931
S3,continuous,C,18,526,49,landing,6390.217380599683,6580.217380599683,190.0,581.6698627652213
S3,continuous,C,7,527,10,takeoff,6613.448828481505,6643.448828481505,30.0,1343.4488284815052
S3,continuous,C,16,527,10,landing,6653.210640157192,6843.210640157192,190.0,0.0
S3,continuous,C,9,528,136,takeoff,5941.73533766472,5971.73533766472,30.0,661.7353376647197
S3,continuous,C,12,528,136,landing,7083.981168312077,7273.981168312077,190.0,994.4916612947145
S3,continuous,C,6,529,22,takeoff,7327.500394383143,7357.500394383143,30.0,2037.5003943831434
S3,continuous,C,15,529,22,landing,7397.2279024038635,7587.2279024038635,190.0,0.0
S3,continuous,C,6,530,137,takeoff,7357.500394383143,7387.500394383143,30.0,2057.5003943831434
S3,continuous,C,17,530,137,landing,7446.841471475656,7636.841471475656,190.0,0.0
S3,continuous,C,6,531,141,takeoff,7387.500394383143,7417.500394383143,30.0,2077.5003943831434
S3,continuous,C,5,531,141,landing,7793.329923314744,7983.329923314744,190.0,330.0
S3,continuous,C,8,532,61,takeoff,5855.281123344089,5885.281123344089,30.0,535.2811233440889
S3,continuous,C,10,532,61,landing,5890.793470320309,6080.793470320309,190.0,0.0
S3,continuous,C,12,533,90,takeoff,7273.981168312077,7303.981168312077,30.0,1943.981168312077
S3,continuous,C,5,533,90,landing,7983.329923314744,8173.329923314744,190.0,552.2314255385845
S3,continuous,C,3,534,139,takeoff,6903.816166535642,6933.816166535642,30.0,1563.816166535642
S3,continuous,C,8,534,139,landing,6995.0297659902635,7185.0297659902635,190.0,0.0
S3,continuous,C,1,535,106,takeoff,5729.604602745393,5759.604602745393,30.0,379.6046027453931
S3,continuous,C,2,535,106,landing,7829.982598815635,8019.982598815635,190.0,1911.751117094912
S3,continuous,C,19,536,144,takeoff,7697.484844908908,7727.484844908908,30.0,2337.4848449089077
S3,continuous,C,12,536,144,landing,7789.744512441332,7979.744512441332,190.0,0.0
S3,continuous,C,0,537,143,takeoff,5688.562817229404,5718.562817229404,30.0,318.56281722940366
S3,continuous,C,16,537,143,landing,6019.697926703237,6209.697926703237,190.0,196.24400948002676
S3,continuous,C,2,538,125,takeoff,6331.990703844736,6361.990703844736,30.0,951.9907038447363
S3,continuous,C,18,538,125,landing,6580.217380599683,6770.217380599683,190.0,162.32635948675306
S3,continuous,C,2,539,142,takeoff,6361.990703844736,6391.990703844736,30.0,971.9907038447363
S3,continuous,C,5,539,142,landing,8173.329923314744,8363.329923314745,190.0000000000009,1603.6589186173842
S3,continuous,C,9,540,28,takeoff,5971.73533766472,6001.73533766472,30.0,571.7353376647197
S3,continuous,C,4,540,28,landing,6526.461370751362,6716.461370751362,190.0,485.99942726451263
S3,continuous,C,13,541,42,takeoff,6323.741455652561,6353.741455652561,30.0,913.741455652561
S3,continuous,C,8,541,42,landing,7185.0297659902635,7375.0297659902635,190.0,775.9117170490799
S3,continuous,C,10,542,140,takeoff,6287.597205763361,6317.597205763361,30.0,627.5972057633608
S3,continuous,C,18,542,140,landing,6770.217380599683,6960.217380599683,190.0,354.013117383025
S3,continuous,C,3,543,3,takeoff,6933.816166535642,6963.816166535642,30.0,1503.816166535642
S3,continuous,C,9,543,3,landing,7557.78467611348,7747.78467611348,190.0,485.2702228293401
S3,continuous,C,2,544,46,takeoff,6793.138923197387,6823.138923197387,30.0,1353.1389231973872
S3,continuous,C,1,544,46,landing,6881.7658021727175,7071.7658021727175,190.0,0.0
S3,continuous,C,8,545,135,takeoff,5885.281123344089,5915.281123344089,30.0,435.2811233440889
S3,continuous,C,10,545,135,landing,6317.597205763361,6507.597205763361,190.0,381.47560490742944
S3,continuous,C,8,546,53,takeoff,6504.090113817705,6534.090113817705,30.0,1044.090113817705
S3,continuous,C,18,546,53,landing,6960.217380599683,7150.217380599683,190.0,303.1592435375642
S3,continuous,C,19,547,69,takeoff,7727.484844908908,7757.484844908908,30.0,2257.4848449089077
S3,continuous,C,4,547,69,landing,7799.214978829292,7989.214978829292,190.0,0.0
S3,continuous,C,1,548,16,takeoff,5759.604602745393,5789.604602745393,30.0,279.6046027453931
S3,continuous,C,7,548,16,landing,6643.448828481505,6833.448828481505,190.0,796.8053448292694
S3,continuous,C,15,549,85,takeoff,6153.594321288034,6183.594321288034,30.0,663.5943212880338
S3,continuous,C,18,549,85,landing,7150.217380599683,7340.217380599683,190.0,810.0073529677684
S3,continuous,C,10,550,7,takeoff,5500.0,5530.0,30.0,0.0
S3,continuous,C,3,550,7,landing,6963.816166535642,7153.816166535642,190.0,1258.9441327654822
S3,continuous,C,15,551,18,takeoff,6183.594321288034,6213.594321288034,30.0,673.5943212880338
S3,continuous,C,10,551,18,landing,6507.597205763361,6697.597205763361,190.0,173.12029267265552
S3,continuous,C,6,552,100,takeoff,7417.500394383143,7447.500394383143,30.0,1897.5003943831434
S3,continuous,C,13,552,100,landing,7467.335535860134,7657.335535860134,190.0,0.0
S3,continuous,C,14,553,95,takeoff,6659.668152059693,6689.668152059693,30.0,1129.668152059693
S3,continuous,C,4,553,95,landing,7061.258927951119,7251.258927951119,190.0,283.91577168969707
S3,continuous,C,11,554,118,takeoff,7771.252529094423,7801.252529094423,30.0,2231.252529094423
S3,continuous,C,1,554,118,landing,7839.314033602944,8029.314033602944,190.0,0.0
S3,continuous,C,15,555,66,takeoff,6431.9188520597645,6461.9188520597645,30.0,881.9188520597645
S3,continuous,C,5,555,66,landing,8363.329923314745,8553.329923314745,190.0,1737.526181218539
S3,continuous,C,3,556,30,takeoff,7153.816166535642,7183.816166535642,30.0,1593.816166535642
S3,continuous,C,18,556,30,landing,7340.217380599683,7530.217380599683,190.0,97.15097543695992
S3,continuous,C,16,557,108,takeoff,6209.697926703237,6239.697926703237,30.0,399.6979267032366
S3,continuous,C,10,557,108,landing,6697.597205763361,6887.597205763361,190.0,457.0004123382487
S3,continuous,C,11,558,57,takeoff,7801.252529094423,7831.252529094423,30.0,2221.252529094423
S3,continuous,C,12,558,57,landing,7979.744512441332,8169.744512441332,190.0,92.73191797501204
S3,continuous,C,9,559,40,takeoff,6001.73533766472,6031.73533766472,30.0,411.73533766471974
S3,continuous,C,12,559,40,landing,7303.981168312077,7493.981168312077,190.0,1134.4916612947145
S3,continuous,C,4,560,51,takeoff,6199.433808142774,6229.433808142774,30.0,599.4338081427741
S3,continuous,C,18,560,51,landing,7530.217380599683,7720.217380599683,190.0,1163.9762182152535
S3,continuous,C,1,561,6,takeoff,5789.604602745393,5819.604602745393,30.0,179.6046027453931
S3,continuous,C,19,561,6,landing,7757.484844908908,7947.484844908908,190.0,1784.8693891202129
S3,continuous,C,15,562,38,takeoff,6461.9188520597645,6491.9188520597645,30.0,841.9188520597645
S3,continuous,C,11,562,38,landing,7831.252529094423,8021.252529094423,190.0,1207.3944121216746
S3,continuous,C,8,563,114,takeoff,6534.090113817705,6564.090113817705,30.0,904.0901138177051
S3,continuous,C,16,563,114,landing,6843.210640157192,7033.210640157192,190.0,255.15768457920421
S3,continuous,C,2,564,117,takeoff,6823.138923197387,6853.138923197387,30.0,1183.1389231973872
S3,continuous,C,16,564,117,landing,7033.210640157192,7223.210640157192,190.0,129.8870037359202
S3,continuous,C,1,565,74,takeoff,5819.604602745393,5849.604602745393,30.0,169.6046027453931
S3,continuous,C,4,565,74,landing,7251.258927951119,7441.258927951119,190.0,1341.420789279995
S3,continuous,C,14,566,41,takeoff,6689.668152059693,6719.668152059693,30.0,1029.668152059693
S3,continuous,C,3,566,41,landing,7183.816166535642,7373.816166535642,190.0,310.49094159225024
S3,continuous,C,16,567,122,takeoff,5790.0,5820.0,30.0,0.0
S3,continuous,C,19,567,122,landing,7947.484844908908,8137.484844908908,190.0,2003.1070286340919
S3,continuous,C,18,568,37,takeoff,6086.978614944153,6116.978614944153,30.0,406.9786149441534
S3,continuous,C,12,568,37,landing,7493.981168312077,7683.981168312077,190.0,1214.0051067358472
S3,continuous,C,10,569,79,takeoff,6887.597205763361,6917.597205763361,30.0,1196.3446766689376
S3,continuous,C,19,569,79,landing,8137.484844908908,8327.484844908908,190.0,1061.173057444561
S3,continuous,C,18,570,101,takeoff,6116.978614944153,6146.978614944153,30.0,415.24327727943364
S3,continuous,C,2,570,101,landing,8019.982598815635,8209.982598815635,190.0,1697.1036666032887
S3,continuous,C,19,571,84,takeoff,8327.484844908908,8357.484844908908,30.0,2617.4848449089077
S3,continuous,C,6,571,84,landing,8407.469295434672,8597.469295434672,190.0,0.0
S3,continuous,C,4,572,73,takeoff,6229.433808142774,6259.433808142774,30.0,509.43380814277407
S3,continuous,C,9,572,73,landing,7747.78467611348,7937.78467611348,190.0,1449.6242621485762
S3,continuous,C,19,573,29,takeoff,8357.484844908908,8387.484844908908,30.0,2627.4848449089077
S3,continuous,C,5,573,29,landing,8553.329923314745,8743.329923314745,190.0,108.69843343547291
S3,continuous,C,17,574,110,takeoff,6952.501242628388,6982.501242628388,30.0,1152.5012426283884
S3,continuous,C,18,574,110,landing,7720.217380599683,7910.217380599683,190.0,676.1947862945581
S3,continuous,C,13,575,146,takeoff,6353.741455652561,6383.741455652561,30.0,603.741455652561
S3,continuous,C,14,575,146,landing,6719.668152059693,6909.668152059693,190.0,168.69124838912649
S3,continuous,C,6,576,31,takeoff,7447.500394383143,7477.500394383143,30.0,1664.1704710683998
S3,continuous,C,16,576,31,landing,7483.260106449041,7673.260106449041,190.0,0.0
S3,continuous,C,13,577,130,takeoff,6383.741455652561,6413.741455652561,30.0,600.1471343645271
S3,continuous,C,14,577,130,landing,7601.678908939309,7791.678908939309,190.0,1000.7020052687421
S3,continuous,C,16,578,99,takeoff,6239.697926703237,6269.697926703237,30.0,435.7167583911596
S3,continuous,C,2,578,99,landing,8209.982598815635,8399.982598815635,190.0,1790.5539204873794
S3,continuous,C,11,579,121,takeoff,8021.252529094423,8051.252529094423,30.0,2198.751286466035
S3,continuous,C,5,579,121,landing,8743.329923314745,8933.329923314745,190.0,551.9884583313169
S3,continuous,C,1,580,149,takeoff,6067.500394383143,6097.500394383143,30.0,0.0
S3,continuous,C,17,580,149,landing,6982.501242628388,7172.501242628388,190.0,741.3992865748105
S3,continuous,C,2,581,50,takeoff,8399.982598815635,8429.982598815635,30.0,2570.5487906728613
S3,continuous,C,12,581,50,landing,8510.208285994186,8700.208285994186,190.0,0.0
S3,continuous,C,14,582,120,takeoff,6909.668152059693,6939.668152059693,30.0,1080.0
S3,continuous,C,9,582,120,landing,7937.78467611348,8127.78467611348,190.0,897.6948717631967
S3,continuous,C,15,583,77,takeoff,6491.9188520597645,6521.9188520597645,30.0,652.674886955393
S3,continuous,C,1,583,77,landing,7071.7658021727175,7261.7658021727175,190.0,485.8816696479789
S3,continuous,C,13,584,62,takeoff,6413.741455652561,6443.741455652561,30.0,532.4889265581378
S3,continuous,C,6,584,62,landing,7477.500394383143,7667.500394383143,190.0,933.923797253592
S3,continuous,C,7,585,2,takeoff,6833.448828481505,6863.448828481505,30.0,941.2590563188987
S3,continuous,C,19,585,2,landing,8387.484844908908,8577.484844908908,190.0,1356.2143205700804
S3,continuous,C,5,586,61,takeoff,8933.329923314745,8963.329923314745,30.0,3037.208322458813
S3,continuous,C,15,586,61,landing,9007.214813351186,9197.214813351186,190.0,0.0
S3,continuous,C,19,587,132,takeoff,8577.484844908908,8607.484844908908,30.0,2671.0335669585957
S3,continuous,C,4,587,132,landing,8649.214978829292,8839.214978829292,190.0,0.0
S3,continuous,C,7,588,56,takeoff,6863.448828481505,6893.448828481505,30.0,956.4702135373518
S3,continuous,C,6,588,56,landing,7667.500394383143,7857.500394383143,190.0,640.8484306381924
S3,continuous,C,5,589,67,takeoff,8963.329923314745,8993.329923314745,30.0,3039.5884676621836
S3,continuous,C,9,589,67,landing,9017.464320325278,9207.464320325278,190.0,0.0
S3,continuous,C,2,590,59,takeoff,8429.982598815635,8459.982598815635,30.0,2496.53377033413
S3,continuous,C,8,590,59,landing,8518.366179384419,8708.366179384419,190.0,0.0
S3,continuous,C,6,591,111,takeoff,7857.500394383143,7887.500394383143,30.0,1913.4102805654384
S3,continuous,C,13,591,111,landing,7907.335535860134,8097.335535860134,190.0,0.0
S3,continuous,C,5,592,138,takeoff,8993.329923314745,9023.329923314745,30.0,3034.2435339497624
S3,continuous,C,18,592,138,landing,9057.505554366347,9247.505554366347,190.0,0.0
S3,continuous,C,14,593,52,takeoff,7337.473239419341,7367.473239419341,30.0,1363.8789181313068
S3,continuous,C,9,593,52,landing,8127.78467611348,8317.784676113479,189.9999999999991,639.8897844035491
S3,continuous,C,4,594,148,takeoff,6259.433808142774,6289.433808142774,30.0,265.4526398306971
S3,continuous,C,14,594,148,landing,7791.678908939309,7981.678908939309,190.0,1334.5700965948054
S3,continuous,C,1,595,71,takeoff,6252.501242628388,6282.501242628388,30.0,0.0
S3,continuous,C,14,595,71,landing,7981.678908939309,8171.678908939309,190.0,1510.7432982186829
S3,continuous,C,0,596,129,takeoff,6014.129426810453,6044.129426810453,30.0,0.0
S3,continuous,C,10,596,129,landing,6917.597205763361,7107.597205763361,190.0,735.5617240435331
S3,continuous,C,2,597,143,takeoff,8459.982598815635,8489.982598815635,30.0,2430.2846721123988
S3,continuous,C,3,597,143,landing,8586.149031095627,8776.149031095627,190.0,0.0
S3,continuous,C,3,598,105,takeoff,7373.816166535642,7403.816166535642,30.0,1326.0314904221623
S3,continuous,C,0,598,105,landing,7479.357632572788,7669.357632572788,190.0,0.0
S3,continuous,C,16,599,12,takeoff,6269.697926703237,6299.697926703237,30.0,198.44539760881344
S3,continuous,C,0,599,12,landing,6324.589026697043,6514.589026697043,190.0,0.0
S3,continuous,C,3,600,83,takeoff,7403.816166535642,7433.816166535642,30.0,1310.4862432208984
S3,continuous,C,6,600,83,landing,7887.500394383143,8077.500394383143,190.0,349.7417985612874
S3,continuous,C,19,601,55,takeoff,8607.484844908908,8637.484844908908,30.0,2511.0335669585957
S3,continuous,C,10,601,55,landing,8680.871296074272,8870.871296074272,190.0,0.0
S3,continuous,C,18,602,147,takeoff,7910.217380599683,7940.217380599683,30.0,1687.2920443006997
S3,continuous,C,6,602,147,landing,8077.500394383143,8267.500394383143,190.0,102.36845610282853
S3,continuous,C,14,603,20,takeoff,7367.473239419341,7397.473239419341,30.0,1259.9728450361972
S3,continuous,C,9,603,20,landing,8317.784676113479,8507.784676113479,190.0,779.8897844035482
S3,continuous,C,0,604,48,takeoff,6113.741455652561,6143.741455652561,30.0,0.0
S3,continuous,C,18,604,48,landing,7940.217380599683,8130.217380599683,190.0,1643.5772117940014
S3,continuous,C,10,605,1,takeoff,7107.597205763361,7137.597205763361,30.0,973.5070919456557
S3,continuous,C,5,605,1,landing,9023.329923314745,9213.329923314745,190.0,1776.1373045671444
S3,continuous,C,2,606,97,takeoff,8489.982598815635,8519.982598815635,30.0,2337.991894970899
S3,continuous,C,10,606,97,landing,8870.871296074272,9060.871296074272,190.0,294.0628864415539
S3,continuous,C,0,607,54,takeoff,6514.589026697043,6544.589026697043,30.0,181.14019821553757
S3,continuous,C,2,607,54,landing,8519.982598815635,8709.982598815635,190.0,1810.1348145240318
S3,continuous,C,5,608,81,takeoff,9213.329923314745,9243.329923314745,30.0,3041.887099645387
S3,continuous,C,4,608,81,landing,9258.787406572077,9448.787406572077,190.0,0.0
S3,continuous,C,4,609,127,takeoff,6716.461370751362,6746.461370751362,30.0,352.48020243928477
S3,continuous,C,8,609,127,landing,7375.0297659902635,7565.0297659902635,190.0,609.4482746497697
S3,continuous,C,11,610,39,takeoff,8051.252529094423,8081.252529094423,30.0,1848.7512864660348
S3,continuous,C,1,610,39,landing,8119.314033602944,8309.314033602943,189.9999999999991,0.0
S3,continuous,C,15,611,58,takeoff,6521.9188520597645,6551.9188520597645,30.0,311.70147146008185
S3,continuous,C,9,611,58,landing,8507.784676113479,8697.784676113479,190.0,1800.9452257775765
S3,continuous,C,13,612,36,takeoff,6443.741455652561,6473.741455652561,30.0,214.0733035928679
S3,continuous,C,8,612,36,landing,7565.0297659902635,7755.0297659902635,190.0,955.9117170490799
S3,continuous,C,11,613,88,takeoff,8081.252529094423,8111.252529094423,30.0,1843.4678529809435
S3,continuous,C,10,613,88,landing,8135.244998100726,8325.244998100727,190.0000000000009,0.0
S3,continuous,C,18,614,78,takeoff,8130.217380599683,8160.217380599683,30.0,1878.2985285399182
S3,continuous,C,7,614,78,landing,8185.72742537272,8375.72742537272,189.9999999999991,0.0
S3,continuous,C,2,615,87,takeoff,8709.982598815635,8739.982598815635,30.0,2448.730069721212
S3,continuous,C,10,615,87,landing,9060.871296074272,9250.871296074272,190.0,248.73475590593262
S3,continuous,C,7,616,107,takeoff,6893.448828481505,6923.448828481505,30.0,610.1189051667616
S3,continuous,C,18,616,107,landing,8160.217380599683,8350.217380599683,190.0,1171.25850734514
S3,continuous,C,17,617,44,takeoff,7172.501242628388,7202.501242628388,30.0,848.4111288106833
S3,continuous,C,16,617,44,landing,7237.723306375642,7427.723306375642,190.0,0.0
S3,continuous,C,14,618,8,takeoff,8171.678908939309,8201.67890893931,30.00000000000091,1844.1785145561653
S3,continuous,C,8,618,8,landing,8263.807895961167,8453.807895961167,190.0,0.0
S3,continuous,C,0,619,135,takeoff,6544.589026697043,6574.589026697043,30.0,216.991820933682
S3,continuous,C,2,619,135,landing,8739.982598815635,8929.982598815635,190.0,2000.1348145240318
S3,continuous,C,14,620,12,takeoff,8201.67890893931,8231.67890893931,30.0,1867.0898822422669
S3,continuous,C,15,620,12,landing,8313.929608939383,8503.929608939383,190.0,0.0
S3,continuous,C,2,621,33,takeoff,8929.982598815635,8959.982598815635,30.0,2588.8256093965947
S3,continuous,C,12,621,33,landing,9040.208285994186,9230.208285994186,190.0,0.0
S3,continuous,C,10,622,60,takeoff,7137.597205763361,7167.597205763361,30.0,764.1483772818556
S3,continuous,C,15,622,60,landing,7188.479797566032,7378.479797566032,190.0,0.0
S3,continuous,C,6,623,9,takeoff,8267.500394383143,8297.500394383143,30.0,1890.0155494742357
S3,continuous,C,2,623,9,landing,8959.982598815635,9149.982598815635,190.0,547.991894970899
S3,continuous,C,14,624,14,takeoff,8231.67890893931,8261.67890893931,30.0,1847.8627424036677
S3,continuous,C,5,624,14,landing,9243.329923314745,9433.329923314745,190.0,812.7566833211586
S3,continuous,C,4,625,93,takeoff,6746.461370751362,6776.461370751362,30.0,355.9736613630139
S3,continuous,C,17,625,93,landing,7202.501242628388,7392.501242628388,190.0,392.2828358675133
S3,continuous,C,7,626,113,takeoff,6923.448828481505,6953.448828481505,30.0,530.9475858531168
S3,continuous,C,1,626,113,landing,7261.7658021727175,7451.7658021727175,190.0,231.27809278436962
S3,continuous,C,0,627,49,takeoff,6574.589026697043,6604.589026697043,30.0,174.3716460973601
S3,continuous,C,7,627,49,landing,7160.260009174539,7350.260009174539,190.0,422.53840467162354
S3,continuous,C,13,628,104,takeoff,6473.741455652561,6503.741455652561,30.0,54.07330359286789
S3,continuous,C,7,628,104,landing,7350.260009174539,7540.260009174539,190.0,706.2259263509222
S3,continuous,C,6,629,82,takeoff,8297.500394383143,8327.500394383143,30.0,1874.3614711857563
S3,continuous,C,5,629,82,landing,9433.329923314745,9623.329923314745,190.0,940.0000000000018
S3,continuous,C,0,630,17,takeoff,6604.589026697043,6634.589026697043,30.0,176.80435058356306
S3,continuous,C,13,630,17,landing,6664.084171086438,6854.084171086438,190.0,0.0
S3,continuous,C,3,631,126,takeoff,7433.816166535642,7463.816166535642,30.0,982.5636374412188
S3,continuous,C,7,631,126,landing,7540.260009174539,7730.260009174539,190.0,10.0
S3,continuous,C,4,632,72,takeoff,6776.461370751362,6806.461370751362,30.0,303.13144743661815
S3,continuous,C,12,632,72,landing,8169.744512441332,8359.744512441332,190.0,1323.1348831915939
S3,continuous,C,9,633,89,takeoff,8697.784676113479,8727.784676113479,30.0,2203.803507801402
S3,continuous,C,2,633,89,landing,9149.982598815635,9339.982598815635,190.0,290.7268745438323
S3,continuous,C,5,634,18,takeoff,9623.329923314745,9653.329923314745,30.0,3105.7327175513838
S3,continuous,C,14,634,18,landing,9702.22425436902,9892.22425436902,190.0,0.0
S3,continuous,C,0,635,28,takeoff,6716.461370751362,6746.461370751362,30.0,0.0
S3,continuous,C,11,635,28,landing,8111.252529094423,8301.252529094423,190.0,1277.2950161866565
S3,continuous,C,14,636,128,takeoff,8261.67890893931,8291.67890893931,30.0,1714.1785145561662
S3,continuous,C,13,636,128,landing,8358.914356957315,8548.914356957315,190.0,0.0
S3,continuous,C,4,637,35,takeoff,7441.258927951119,7471.258927951119,30.0,573.7740830422117
S3,continuous,C,3,637,35,landing,7523.397308034276,7713.397308034276,190.0,0.0
S3,continuous,C,7,638,43,takeoff,7730.260009174539,7760.260009174539,30.0,1156.443842638897
S3,continuous,C,5,638,43,landing,9653.329923314745,9843.329923314745,190.0,1767.5930865632954
S3,continuous,C,3,639,75,takeoff,7463.816166535642,7493.816166535642,30.0,888.4210331846916
S3,continuous,C,4,639,75,landing,7551.258927951119,7741.258927951119,190.0,0.0
S3,continuous,C,17,640,86,takeoff,7392.501242628388,7422.501242628388,30.0,812.0135332400405
S3,continuous,C,5,640,86,landing,9843.329923314745,10033.329923314745,190.0,2262.3059599160442
S3,continuous,C,9,641,103,takeoff,8727.784676113479,8757.784676113479,30.0,2145.2834334850904
S3,continuous,C,10,641,103,landing,9250.871296074272,9440.871296074272,190.0,435.21479516272666
S3,continuous,C,16,642,125,takeoff,7427.723306375642,7457.723306375642,30.0,777.5059257759594
S3,continuous,C,4,642,125,landing,7989.214978829292,8179.214978829292,190.0,518.0449331167092
S3,continuous,C,1,643,96,takeoff,7451.7658021727175,7481.7658021727175,30.0,598.6268789753303
S3,continuous,C,0,643,96,landing,7669.357632572788,7859.357632572788,190.0,154.02793643849418
S3,continuous,C,0,644,94,takeoff,6634.589026697043,6664.589026697043,30.0,16.804350583563064
S3,continuous,C,13,644,94,landing,6854.084171086438,7044.084171086438,190.0,160.0
S3,continuous,C,8,645,102,takeoff,6945.39513335095,6975.39513335095,30.0,304.1426042565272
S3,continuous,C,10,645,102,landing,7167.597205763361,7357.597205763361,190.0,186.6897254361902
S3,continuous,C,1,646,16,takeoff,7481.7658021727175,7511.7658021727175,30.0,588.3169736912123
S3,continuous,C,10,646,16,landing,7519.570564340403,7709.570564340403,190.0,0.0
S3,continuous,C,19,647,10,takeoff,8637.484844908908,8667.484844908908,30.0,1974.728166350581
S3,continuous,C,0,647,10,landing,8722.931225560636,8912.931225560636,190.0,0.0
S3,continuous,C,3,648,92,takeoff,7713.397308034276,7743.397308034276,30.0,1050.0673847195321
S3,continuous,C,5,648,92,landing,10033.329923314745,10223.329923314745,190.0,2093.162301632975
S3,continuous,C,15,649,17,takeoff,6674.084171086438,6704.084171086438,30.0,0.0
S3,continuous,C,17,649,17,landing,7636.841471475656,7826.841471475656,190.0,754.0267090825373
S3,continuous,C,1,650,108,takeoff,7511.7658021727175,7541.7658021727175,30.0,628.8404658737345
S3,continuous,C,8,650,108,landing,7755.0297659902635,7945.0297659902635,190.0,181.33944590852934
S3,continuous,C,18,651,123,takeoff,8350.217380599683,8380.217380599683,30.0,1636.2362122876057
S3,continuous,C,8,651,123,landing,8708.366179384419,8898.366179384419,190.0,285.18077554032243
S3,continuous,C,9,652,146,takeoff,8757.784676113479,8787.784676113479,30.0,2028.1165240537857
S3,continuous,C,8,652,146,landing,8898.366179384419,9088.366179384419,190.0,76.42900659255429
S3,continuous,C,2,653,109,takeoff,9339.982598815635,9369.982598815635,30.0,2602.482204432492
S3,continuous,C,8,653,109,landing,9428.366179384419,9618.366179384419,190.0,0.0
S3,continuous,C,10,654,63,takeoff,7357.597205763361,7387.597205763361,30.0,600.1123608544531
S3,continuous,C,12,654,63,landing,8700.208285994186,8890.208285994186,190.0,1210.2195428216937
S3,continuous,C,7,655,145,takeoff,7760.260009174539,7790.260009174539,30.0,994.8648758235886
S3,continuous,C,8,655,145,landing,7945.0297659902635,8135.0297659902635,190.0,144.1284714795247
S3,continuous,C,18,656,15,takeoff,8380.217380599683,8410.217380599683,30.0,1607.7161379712943
S3,continuous,C,11,656,15,landing,8449.292868976176,8639.292868976176,190.0,0.0
S3,continuous,C,12,657,140,takeoff,7683.981168312077,7713.981168312077,30.0,903.7637877123943
S3,continuous,C,18,657,140,landing,8410.217380599683,8600.217380599683,190.0,593.2387656555293
S3,continuous,C,15,658,91,takeoff,6987.78467611348,7017.78467611348,30.0,0.0
S3,continuous,C,9,658,91,landing,8787.784676113479,8977.784676113479,190.0,1595.0794017238613
S3,continuous,C,4,659,134,takeoff,7471.258927951119,7501.258927951119,30.0,580.0063988566963
S3,continuous,C,19,659,134,landing,8667.484844908908,8857.484844908908,190.0,1009.8001643697253
S3,continuous,C,19,660,114,takeoff,8857.484844908908,8887.484844908908,30.0,2004.2742047517158
S3,continuous,C,16,660,114,landing,8912.31662278259,9102.31662278259,190.0,0.0
S3,continuous,C,13,661,68,takeoff,7044.084171086438,7074.084171086438,30.0,190.75424777169428
S3,continuous,C,4,661,68,landing,8179.214978829292,8369.214978829292,190.0,1017.7152739763742
S3,continuous,C,8,662,94,takeoff,8135.0297659902635,8165.0297659902635,30.0,1270.9455949038256
S3,continuous,C,6,662,94,landing,8597.469295434672,8787.469295434672,190.0,344.54479047660243
S3,continuous,C,1,663,5,takeoff,7541.7658021727175,7571.7658021727175,30.0,665.8112555539192
S3,continuous,C,3,663,5,landing,7743.397308034276,7933.397308034276,190.0,126.31863878297554
S3,continuous,C,5,664,24,takeoff,10223.329923314745,10253.329923314745,30.0,3333.347324499109
S3,continuous,C,12,664,24,landing,10300.447252778828,10490.447252778828,190.0,0.0
S3,continuous,C,3,665,46,takeoff,7933.397308034276,7963.397308034276,30.0,1041.6315058615583
S3,continuous,C,5,665,46,landing,10253.329923314745,10443.329923314745,190.0,2093.162301632975
S3,continuous,C,15,666,32,takeoff,6903.981168312077,6933.981168312077,30.0,0.0
S3,continuous,C,13,666,32,landing,7074.084171086438,7264.084171086438,190.0,93.06750813799954
S3,continuous,C,3,667,47,takeoff,7963.397308034276,7993.397308034276,30.0,1035.8969136511323
S3,continuous,C,16,667,47,landing,8071.189218709818,8261.189218709818,190.0,0.0
S3,continuous,C,2,668,129,takeoff,9369.982598815635,9399.982598815635,30.0,2442.3853930522746
S3,continuous,C,6,668,129,landing,9474.472908277228,9664.472908277228,190.0,0.0
S3,continuous,C,8,669,64,takeoff,8165.0297659902635,8195.029765990264,30.00000000000091,1217.5449210813558
S3,continuous,C,3,669,64,landing,8256.243365444883,8446.243365444883,190.0,0.0
S3,continuous,C,9,670,119,takeoff,8977.784676113479,9007.784676113479,30.0,2018.4270435406906
S3,continuous,C,12,670,119,landing,9230.208285994186,9420.208285994186,190.0,164.66944052806502
S3,continuous,C,9,671,115,takeoff,9207.464320325278,9237.464320325278,30.0,2239.9910809059375
S3,continuous,C,14,671,115,landing,9297.885972615868,9487.885972615868,190.0,0.0
S3,continuous,C,14,672,53,takeoff,8291.67890893931,8321.67890893931,30.0,1321.461528339627
S3,continuous,C,16,672,53,landing,8401.752687760476,8591.752687760476,190.0,0.0
S3,continuous,C,13,673,7,takeoff,7264.084171086438,7294.084171086438,30.0,290.2680045507959
S3,continuous,C,11,673,7,landing,8639.292868976176,8829.292868976176,190.0,1209.3888384099228
S3,continuous,C,12,674,65,takeoff,7713.981168312077,7743.981168312077,30.0,733.721159137538
S3,continuous,C,3,674,65,landing,7993.397308034276,8183.397308034276,190.0,170.38460215972282
S3,continuous,C,17,675,149,takeoff,7826.841471475656,7856.841471475656,30.0,834.340228847268
S3,continuous,C,12,675,149,landing,9420.208285994186,9610.208285994186,190.0,1399.4910846260127
S3,continuous,C,17,676,19,takeoff,7856.841471475656,7886.841471475656,30.0,859.0567953621767
S3,continuous,C,10,676,19,landing,7925.771359318902,8115.771359318902,190.0,0.0
S3,continuous,C,14,677,139,takeoff,8321.67890893931,8351.67890893931,30.0,1316.649142949046
S3,continuous,C,4,677,139,landing,8404.65829447336,8594.65829447336,190.0,0.0
S3,continuous,C,5,678,131,takeoff,10443.329923314745,10473.329923314745,30.0,3422.0773942203214
S3,continuous,C,12,678,131,landing,10520.447252778828,10710.447252778828,190.0,0.0
S3,continuous,C,8,679,117,takeoff,8195.029765990264,8225.029765990264,30.0,1152.2730874319377
S3,continuous,C,5,679,117,landing,10473.329923314745,10663.329923314745,190.0,2104.7670838110935
S3,continuous,C,0,680,70,takeoff,7139.357632572788,7169.357632572788,30.0,96.02770925804452
S3,continuous,C,1,680,70,landing,7571.7658021727175,7761.7658021727175,190.0,288.8442756383529
S3,continuous,C,19,681,95,takeoff,8887.484844908908,8917.484844908908,30.0,1816.2259169577883
S3,continuous,C,13,681,95,landing,8939.020431397408,9129.020431397408,190.0,0.0
S3,continuous,C,15,682,45,takeoff,7587.2279024038635,7617.2279024038635,30.0,387.2453035882281
S3,continuous,C,7,682,45,landing,7790.260009174539,7980.260009174539,190.0,81.2798362568592
S3,continuous,C,6,683,77,takeoff,8327.500394383143,8357.500394383143,30.0,1245.734592210426
S3,continuous,C,14,683,77,landing,8441.678908939308,8631.678908939308,190.0,0.0
S3,continuous,C,2,684,32,takeoff,9399.982598815635,9429.982598815635,30.0,2315.8984277291975
S3,continuous,C,17,684,32,landing,9483.772396667491,9673.772396667491,190.0,0.0
S3,continuous,C,1,685,136,takeoff,7761.7658021727175,7791.7658021727175,30.0,667.7846338606405
S3,continuous,C,6,685,136,landing,8787.469295434672,8977.469295434672,190.0,902.2010954953339
S3,continuous,C,12,686,26,takeoff,7743.981168312077,7773.981168312077,30.0,626.4807739289336
S3,continuous,C,17,686,26,landing,7897.856898204594,8087.856898204594,190.0,0.0
S3,continuous,C,3,687,124,takeoff,8183.397308034276,8213.397308034277,30.00000000000091,1045.912463125368
S3,continuous,C,8,687,124,landing,9088.366179384419,9278.366179384419,190.0,773.755271895523
S3,continuous,C,17,688,23,takeoff,8087.856898204594,8117.856898204594,30.0,930.3836587852529
S3,continuous,C,11,688,23,landing,8829.292868976176,9019.292868976176,190.0,555.7278852392083
S3,continuous,C,16,689,85,takeoff,7673.260106449041,7703.260106449041,30.0,513.0427258493582
S3,continuous,C,0,689,85,landing,7859.357632572788,8049.357632572788,190.0,131.20642612994106
S3,continuous,C,13,690,49,takeoff,7657.335535860134,7687.335535860134,30.0,187.07552668559492
S3,continuous,C,4,690,49,landing,8839.214978829292,9029.214978829292,190.0,1044.4639092026782
S3,continuous,C,18,691,102,takeoff,8600.217380599683,8630.217380599683,30.0,1427.2920443006997
S3,continuous,C,16,691,102,landing,8660.251481706408,8850.251481706408,190.0,0.0
S3,continuous,C,5,692,25,takeoff,10663.329923314745,10693.329923314745,30.0,3475.545247201265
S3,continuous,C,15,692,25,landing,10737.214813351186,10927.214813351186,190.0,0.0
S3,continuous,C,14,693,41,takeoff,8351.67890893931,8381.67890893931,30.0,1157.8627424036677
S3,continuous,C,2,693,41,landing,9429.982598815635,9619.982598815635,190.0,881.2990847590918
S3,continuous,C,12,694,42,takeoff,8359.744512441332,8389.744512441332,30.0,1164.714746451068
S3,continuous,C,2,694,42,landing,9619.982598815635,9809.982598815635,190.0,1070.0123991957535
S3,continuous,C,18,695,60,takeoff,8630.217380599683,8660.217380599683,30.0,1431.7375830336505
S3,continuous,C,16,695,60,landing,9102.31662278259,9292.31662278259,190.0,332.06514107618204
S3,continuous,C,3,696,13,takeoff,8213.397308034277,8243.397308034277,30.0,1002.1447789398535
S3,continuous,C,6,696,13,landing,8977.469295434672,9167.469295434672,190.0,590.129558114184
S3,continuous,C,15,697,93,takeoff,7617.2279024038635,7647.2279024038635,30.0,404.7266597754751
S3,continuous,C,16,697,93,landing,7703.260106449041,7893.260106449041,190.0,20.33777904256749
S3,continuous,C,13,698,21,takeoff,7353.329923314744,7383.329923314744,30.0,0.0
S3,continuous,C,12,698,21,landing,9610.208285994186,9800.208285994186,190.0,2073.306319887195
S3,continuous,C,14,699,44,takeoff,8381.67890893931,8411.67890893931,30.0,1134.4095641625327
S3,continuous,C,11,699,44,landing,9019.292868976176,9209.292868976176,190.0,448.14702980298534
S3,continuous,C,3,700,74,takeoff,8446.243365444883,8476.243365444883,30.0,1184.9844374937638
S3,continuous,C,2,700,74,landing,9809.982598815635,9999.982598815635,190.0,1137.5728010907605
S3,continuous,C,13,701,112,takeoff,7294.084171086438,7324.084171086438,30.0,24.101572270802535
S3,continuous,C,10,701,112,landing,7709.570564340403,7899.570564340403,190.0,275.57339798070007
S3,continuous,C,18,702,113,takeoff,8660.217380599683,8690.217380599683,30.0,1388.4515784269652
S3,continuous,C,5,702,113,landing,10693.329923314745,10883.329923314745,190.0,1848.936911663459
S3,continuous,C,12,703,40,takeoff,8389.744512441332,8419.744512441332,30.0,1075.7633441292546
S3,continuous,C,17,703,40,landing,8483.620242333847,8673.620242333847,190.0,0.0
S3,continuous,C,13,704,76,takeoff,7383.329923314744,7413.329923314744,30.0,55.84507840583592
S3,continuous,C,9,704,76,landing,9237.464320325278,9427.464320325278,190.0,1661.823857238538
S3,continuous,C,5,705,30,takeoff,10883.329923314745,10913.329923314745,30.0,3533.112542715062
S3,continuous,C,12,705,30,landing,10960.447252778828,11150.447252778828,190.0,0.0
S3,continuous,C,12,706,104,takeoff,8419.744512441332,8449.744512441332,30.0,1059.4845032667927
S3,continuous,C,17,706,104,landing,8673.620242333847,8863.620242333847,190.0,160.0
S3,continuous,C,1,707,4,takeoff,7791.7658021727175,7821.7658021727175,30.0,413.9811260592378
S3,continuous,C,4,707,4,landing,9029.214978829292,9219.214978829292,190.0,1087.215640730843
S3,continuous,C,10,708,127,takeoff,8325.244998100727,8355.244998100727,30.0,820.2152321104631
S3,continuous,C,18,708,127,landing,8690.217380599683,8880.217380599683,190.0,256.3653250456591
S3,continuous,C,3,709,80,takeoff,8476.243365444883,8506.243365444883,30.0,1074.99083635046
S3,continuous,C,11,709,80,landing,9209.292868976176,9399.292868976176,190.0,540.8817464924687
S3,continuous,C,17,710,22,takeoff,8117.856898204594,8147.856898204594,30.0,710.6289958007301
S3,continuous,C,16,710,22,landing,9292.31662278259,9482.31662278259,190.0,989.6916224296092
S3,continuous,C,1,711,116,takeoff,8029.314033602944,8059.314033602944,30.0,607.635124663635
S3,continuous,C,19,711,116,landing,8917.484844908908,9107.484844908908,190.0,805.1599582626623
S3,continuous,C,19,712,34,takeoff,9107.484844908908,9137.484844908908,30.0,1684.154921594164
S3,continuous,C,16,712,34,landing,9482.31662278259,9672.31662278259,190.0,300.45396159886513
S3,continuous,C,13,713,137,takeoff,7687.335535860134,7717.335535860134,30.0,230.4940643844775
S3,continuous,C,17,713,137,landing,8147.856898204594,8337.856898204594,190.0000000000009,372.8660292650047
S3,continuous,C,9,714,11,takeoff,9427.464320325278,9457.464320325278,30.0,1967.4817215096427
S3,continuous,C,13,714,11,landing,9499.774860097274,9689.774860097274,190.0,0.0
S3,continuous,C,3,715,100,takeoff,8506.243365444883,8536.243365444883,30.0,1028.9078295847494
S3,continuous,C,8,715,100,landing,9618.366179384419,9808.366179384419,190.0,960.9092144849164
S3,continuous,C,9,716,62,takeoff,9457.464320325278,9487.464320325278,30.0,1969.9639259421347
S3,continuous,C,19,716,62,landing,9556.859175809821,9746.859175809821,190.0,0.0
S3,continuous,C,15,717,105,takeoff,7647.2279024038635,7677.2279024038635,30.0,157.87026983107535
S3,continuous,C,9,717,105,landing,9487.464320325278,9677.464320325278,190.0,1635.3158196452769
S3,continuous,C,9,718,31,takeoff,9677.464320325278,9707.464320325278,30.0,2184.6581754751023
S3,continuous,C,19,718,31,landing,9776.859175809821,9966.859175809821,190.0,0.0
S3,continuous,C,0,719,37,takeoff,8049.357632572788,8079.357632572788,30.0,545.3764642607111
S3,continuous,C,1,719,37,landing,8309.314033602943,8499.314033602943,190.0,176.3925070685782
S3,continuous,C,4,720,0,takeoff,8369.214978829292,8399.214978829292,30.0,551.7301339203841
S3,continuous,C,18,720,0,landing,9247.505554366347,9437.505554366347,190.0,751.4832212953988
S3,continuous,C,12,721,16,takeoff,8449.744512441332,8479.744512441332,30.0,924.8458175653068
S3,continuous,C,6,721,16,landing,9167.469295434672,9357.469295434672,190.0,542.5966605678732
S3,continuous,C,2,722,35,takeoff,9999.982598815635,10029.982598815635,30.0,2466.5852907813596
S3,continuous,C,7,722,35,landing,10082.498236360458,10272.498236360458,190.0,0.0
S3,continuous,C,11,723,51,takeoff,8301.252529094423,8331.252529094423,30.0,761.0351484947405
S3,continuous,C,15,723,51,landing,8503.929608939383,8693.929608939383,190.0,100.73781493197566
S3,continuous,C,18,724,126,takeoff,8880.217380599683,8910.217380599683,30.0,1329.9573714251437
S3,continuous,C,1,724,126,landing,8929.160295688753,9119.160295688753,190.0,0.0
S3,continuous,C,15,725,75,takeoff,7677.2279024038635,7707.2279024038635,30.0,121.27335578506518
S3,continuous,C,8,725,75,landing,9808.366179384419,9998.366179384419,190.0,1974.8098563745134
S3,continuous,C,6,726,3,takeoff,8357.500394383143,8387.500394383143,30.0,789.7157182696637
S3,continuous,C,12,726,3,landing,9800.208285994186,9990.208285994186,190.0,1327.579769185575
S3,continuous,C,4,727,36,takeoff,8594.65829447336,8624.65829447336,30.0,779.6285284830965
S3,continuous,C,8,727,36,landing,9998.366179384419,10188.366179384419,190.0,1294.5877643219264
S3,continuous,C,7,728,70,takeoff,7980.260009174539,8010.260009174539,30.0,398.49420700182145
S3,continuous,C,3,728,70,landing,8776.149031095627,8966.149031095627,190.0,579.445179282191
S3,continuous,C,13,729,98,takeoff,8097.335535860134,8127.335535860134,30.0,206.0830067657107
S3,continuous,C,19,729,98,landing,9137.484844908908,9327.484844908908,190.0,948.6137225602733
S3,continuous,C,4,730,130,takeoff,9219.214978829292,9249.214978829292,30.0,1427.536069889983
S3,continuous,C,2,730,130,landing,10029.982598815635,10219.982598815635,190.0,609.3893466997433
S3,continuous,C,7,731,27,takeoff,8010.260009174539,8040.260009174539,30.0,396.9300858597953
S3,continuous,C,4,731,27,landing,9448.787406572077,9638.787406572077,190.0,1297.2430490234065
S3,continuous,C,1,732,17,takeoff,8059.314033602944,8089.314033602944,30.0,412.47256212728735
S3,continuous,C,11,732,17,landing,9399.292868976176,9589.292868976176,190.0,1151.9173308647114
S3,continuous,C,18,733,133,takeoff,8910.217380599683,8940.217380599683,30.0,1260.2347817840473
S3,continuous,C,4,733,133,landing,9638.787406572077,9828.787406572077,190.0,661.7626717307376
S3,continuous,C,7,734,56,takeoff,8040.260009174539,8070.260009174539,30.0,362.7596147913955
S3,continuous,C,3,734,56,landing,8966.149031095627,9156.149031095627,190.0,709.445179282191
S3,continuous,C,7,735,96,takeoff,8070.260009174539,8100.260009174539,30.0,390.9023766017508
S3,continuous,C,18,735,96,landing,9437.505554366347,9627.505554366347,190.0,1191.7355004187702
S3,continuous,C,4,736,93,takeoff,9828.787406572077,9858.787406572077,30.0,2055.527300123036
S3,continuous,C,10,736,93,landing,9836.03066319479,10026.03066319479,190.0,0.0
S3,continuous,C,6,737,112,takeoff,9357.469295434672,9387.469295434672,30.0,1637.8987310942694
S3,continuous,C,4,737,112,landing,9858.787406572077,10048.787406572077,190.0,393.9526665208032
S3,continuous,C,1,738,110,takeoff,8089.314033602944,8119.314033602944,30.0,359.09665300326105
S3,continuous,C,15,738,110,landing,8693.929608939383,8883.929608939383,190.0,510.6502948714651
S3,continuous,C,16,739,5,takeoff,7933.397308034276,7963.397308034276,30.0,0.0
S3,continuous,C,3,739,5,landing,9156.149031095627,9346.149031095627,190.0,1054.9598123858086
S3,continuous,C,6,740,73,takeoff,9387.469295434672,9417.469295434672,30.0,1629.6846193211923
S3,continuous,C,1,740,73,landing,9430.97169320129,9620.97169320129,190.0,0.0
S3,continuous,C,13,741,108,takeoff,8127.335535860134,8157.335535860134,30.0,242.30576986987035
S3,continuous,C,19,741,108,landing,9327.484844908908,9517.484844908908,190.0,1088.6137225602724
S3,continuous,C,0,742,6,takeoff,8079.357632572788,8109.357632572788,30.0,311.87278766388044
S3,continuous,C,4,742,6,landing,10048.787406572077,10238.787406572077,190.0,1801.1689003791162
S3,continuous,C,4,743,144,takeoff,10238.787406572077,10268.787406572077,30.0,2439.0428941307455
S3,continuous,C,7,743,144,landing,10272.498236360458,10462.498236360458,190.0,12.426481414247974
S3,continuous,C,5,744,45,takeoff,10913.329923314745,10943.329923314745,30.0,3113.0699141402056
S3,continuous,C,3,744,45,landing,11020.100236962238,11210.100236962238,190.0,0.0
S3,continuous,C,16,745,148,takeoff,7893.260106449041,7923.260106449041,30.0,91.58119750973219
S3,continuous,C,8,745,148,landing,10188.366179384419,10378.366179384419,190.0,2161.143231175095
S3,continuous,C,13,746,141,takeoff,8157.335535860134,8187.335535860134,30.0,234.00561254539025
S3,continuous,C,3,746,141,landing,9346.149031095627,9536.149031095627,190.0,1003.0689982675558
S3,continuous,C,18,747,69,takeoff,8940.217380599683,8970.217380599683,30.0,1136.306783102712
S3,continuous,C,13,747,69,landing,9129.020431397408,9319.020431397408,190.0,145.9186831228035
S3,continuous,C,1,748,106,takeoff,8499.314033602943,8529.314033602943,30.0,659.3314347873074
S3,continuous,C,9,748,106,landing,9707.464320325278,9897.464320325278,190.0,1097.2800598037848
S3,continuous,C,10,749,38,takeoff,8355.244998100727,8385.244998100727,30.0,513.9924690063035
S3,continuous,C,6,749,38,landing,9664.472908277228,9854.472908277228,190.0,1139.1044512093067
S3,continuous,C,15,750,118,takeoff,7849.314033602944,7879.314033602944,30.0,0.0
S3,continuous,C,6,750,118,landing,9854.472908277228,10044.472908277228,190.0,1815.4313666535645
S3,continuous,C,7,751,85,takeoff,8100.260009174539,8130.260009174539,30.0,230.9023766017508
S3,continuous,C,12,751,85,landing,9990.208285994186,10180.208285994186,190.0,1705.9351601206472
S3,continuous,C,19,752,83,takeoff,9517.484844908908,9547.484844908908,30.0,1619.9844505257643
S3,continuous,C,14,752,83,landing,9892.22425436902,10082.22425436902,190.0,231.13943326222034
S3,continuous,C,7,753,26,takeoff,8130.260009174539,8160.260009174539,30.0,222.40311096994537
S3,continuous,C,12,753,26,landing,10710.447252778828,10900.447252778828,190.0,2396.1741269052873
S3,continuous,C,12,754,111,takeoff,8479.744512441332,8509.744512441332,30.0,562.4089765811977
S3,continuous,C,17,754,111,landing,8863.620242333847,9053.620242333847,190.0,270.0
S3,continuous,C,8,755,19,takeoff,8225.029765990264,8255.029765990264,30.0,293.9302761357403
S3,continuous,C,12,755,19,landing,11150.447252778828,11340.447252778828,190.0,2746.608555588611
S3,continuous,C,10,756,120,takeoff,8385.244998100727,8415.244998100727,30.0,437.46032198724697
S3,continuous,C,17,756,120,landing,9053.620242333847,9243.620242333847,190.0,564.1172258542538
S3,continuous,C,15,757,48,takeoff,7950.217380599683,7980.217380599683,30.0,0.0
S3,continuous,C,6,757,48,landing,10044.472908277228,10234.472908277228,190.0,1904.5280196568256
S3,continuous,C,16,758,145,takeoff,7963.397308034276,7993.397308034276,30.0,8.367542044012225
S3,continuous,C,18,758,145,landing,9627.505554366347,9817.505554366347,190.0,1524.0741452253487
S3,continuous,C,2,759,122,takeoff,10219.982598815635,10249.982598815635,30.0,2262.4977539067277
S3,continuous,C,0,759,122,landing,10295.241356410195,10485.241356410195,190.0,0.0
S3,continuous,C,0,760,57,takeoff,8109.357632572788,8139.357632572788,30.0,119.61312013145653
S3,continuous,C,7,760,57,landing,8375.72742537272,8565.72742537272,190.0,203.23721499405838
S3,continuous,C,8,761,71,takeoff,8453.807895961167,8483.807895961167,30.0,462.12898702185794
S3,continuous,C,15,761,71,landing,9197.214813351186,9387.214813351186,190.0,667.0784967839772
S3,continuous,C,4,762,90,takeoff,10268.787406572077,10298.787406572077,30.0,2275.4574832573335
S3,continuous,C,8,762,90,landing,10378.366179384419,10568.366179384419,190.0,80.45865222320936
S3,continuous,C,7,763,125,takeoff,8565.72742537272,8595.72742537272,30.0,566.5124465434274
S3,continuous,C,15,763,125,landing,9387.214813351186,9577.214813351186,190.0,699.7351174646483
S3,continuous,C,16,764,65,takeoff,8261.189218709818,8291.189218709818,30.0,197.79191067554257
S3,continuous,C,7,764,65,landing,8595.72742537272,8785.72742537272,190.0,295.2303565860784
S3,continuous,C,11,765,101,takeoff,8331.252529094423,8361.252529094423,30.0,301.2699302787878
S3,continuous,C,13,765,101,landing,8548.914356957315,8738.914356957315,190.0,151.84196838307798
S3,continuous,C,2,766,47,takeoff,10249.982598815635,10279.982598815635,30.0,2168.793380105817
S3,continuous,C,14,766,47,landing,10366.98720393287,10556.98720393287,190.0,0.0
S3,continuous,C,14,767,147,takeoff,8631.678908939308,8661.678908939308,30.0,544.1785145561644
S3,continuous,C,1,767,147,landing,8730.113277031547,8920.113277031547,190.0,0.0
S3,continuous,C,4,768,28,takeoff,10298.787406572077,10328.787406572077,30.0,2177.534877477654
S3,continuous,C,2,768,28,landing,10380.165679858677,10570.165679858677,190.0,0.0
S3,continuous,C,10,769,39,takeoff,8415.244998100727,8445.244998100727,30.0,285.93096449778295
S3,continuous,C,3,769,39,landing,9536.149031095627,9726.149031095627,190.0,936.0319992247423
S3,continuous,C,8,770,52,takeoff,8483.807895961167,8513.807895961167,30.0,346.02321984768696
S3,continuous,C,9,770,52,landing,9897.464320325278,10087.464320325278,190.0,1269.503927685726
S3,continuous,C,13,771,88,takeoff,8187.335535860134,8217.335535860133,29.99999999999909,46.762407223785885
S3,continuous,C,12,771,88,landing,11340.447252778828,11530.447252778828,190.0,2969.5396741264467
S3,continuous,C,12,772,79,takeoff,8890.208285994186,8920.208285994186,30.0,742.723441085278
S3,continuous,C,8,772,79,landing,10568.366179384419,10758.366179384419,190.0,1539.3489621902809
S3,continuous,C,0,773,137,takeoff,8217.856898204594,8247.856898204594,30.0,0.0
S3,continuous,C,5,773,137,landing,10943.329923314745,11133.329923314745,190.0,2556.822430860815
S3,continuous,C,1,774,107,takeoff,8529.314033602943,8559.314033602943,30.0,359.09665300326014
S3,continuous,C,7,774,107,landing,8785.72742537272,8975.72742537272,190.0,149.37451086293368
S3,continuous,C,16,775,72,takeoff,8591.752687760476,8621.752687760476,30.0,172.00817531914436
S3,continuous,C,19,775,72,landing,9966.859175809821,10156.859175809821,190.0,1260.7286717745283
S3,continuous,C,14,776,142,takeoff,8661.678908939308,8691.678908939308,30.0,478.3489856245642
S3,continuous,C,1,776,142,landing,9119.160295688753,9309.160295688753,190.0,319.0470186572056
S3,continuous,C,10,777,68,takeoff,8445.244998100727,8475.244998100727,30.0,256.03001927143487
S3,continuous,C,3,777,68,landing,9726.149031095627,9916.149031095627,190.0,1076.0319992247423
S3,continuous,C,16,778,78,takeoff,8621.752687760476,8651.752687760476,30.0,246.025262387755
S3,continuous,C,1,778,78,landing,9620.97169320129,9810.97169320129,190.0,921.2159534599632
S3,continuous,C,19,779,99,takeoff,9746.859175809821,9776.859175809821,30.0,1526.8765769941856
S3,continuous,C,15,779,99,landing,9832.472574348702,10022.472574348702,190.0,0.0
S3,continuous,C,16,780,64,takeoff,8850.251481706408,8880.251481706408,30.0,464.00811626152426
S3,continuous,C,18,780,64,landing,9817.505554366347,10007.505554366347,190.0,907.2199715532151
S3,continuous,C,5,781,8,takeoff,11133.329923314745,11163.329923314745,30.0,2859.522027353578
S3,continuous,C,11,781,8,landing,11183.418859203748,11373.418859203748,190.0,0.0
S3,continuous,C,4,782,37,takeoff,10328.787406572077,10358.787406572077,30.0,2009.4733729691343
S3,continuous,C,9,782,37,landing,10377.514012394207,10567.514012394207,190.0,0.0
S3,continuous,C,6,783,12,takeoff,9417.469295434672,9447.469295434672,30.0,1093.539686495289
S3,continuous,C,12,783,12,landing,11530.447252778828,11720.447252778828,190.0,1977.8498349186884
S3,continuous,C,4,784,20,takeoff,10358.787406572077,10388.787406572077,30.0,2031.0027304585983
S3,continuous,C,12,784,20,landing,11720.447252778828,11910.447252778828,190.0,1231.5115877083736
S3,continuous,C,6,785,128,takeoff,10234.472908277228,10264.472908277228,30.0,1865.558551319913
S3,continuous,C,0,785,128,landing,10485.241356410195,10675.241356410195,190.0,171.53687268652538
S3,continuous,C,11,786,66,takeoff,8373.329923314745,8403.329923314745,30.0,0.0
S3,continuous,C,15,786,66,landing,9577.214813351186,9767.214813351186,190.0,1041.945625123457
S3,continuous,C,15,787,57,takeoff,8883.929608939383,8913.929608939383,30.0,498.2021835666619
S3,continuous,C,0,787,57,landing,8961.684736430017,9151.684736430017,190.0,0.0
S3,continuous,C,17,788,2,takeoff,9243.620242333847,9273.620242333847,30.0,786.1353974249396
S3,continuous,C,2,788,2,landing,10570.165679858677,10760.165679858677,190.0,1122.7556396729742
S3,continuous,C,16,789,139,takeoff,8880.251481706408,8910.251481706408,30.0,470.8975685653677
S3,continuous,C,17,789,139,landing,9273.620242333847,9463.620242333847,190.0,328.6006584790521
S3,continuous,C,0,790,53,takeoff,8411.752687760476,8441.752687760476,30.0,0.0
S3,continuous,C,8,790,53,landing,10758.366179384419,10948.366179384419,190.0,2167.669197630239
S3,continuous,C,10,791,84,takeoff,9440.871296074272,9470.871296074272,30.0,783.4020006396004
S3,continuous,C,2,791,84,landing,10760.165679858677,10950.165679858677,190.0,1117.1404424317006
S3,continuous,C,18,792,140,takeoff,8970.217380599683,9000.217380599683,30.0,550.0
S3,continuous,C,10,792,140,landing,9470.871296074272,9660.871296074272,190.0,392.0468580212928
S3,continuous,C,17,793,77,takeoff,9673.772396667491,9703.772396667491,30.0,1162.0934877281834
S3,continuous,C,18,793,77,landing,10007.505554366347,10197.505554366347,190.0,222.21180602212007
S3,continuous,C,6,794,15,takeoff,10264.472908277228,10294.472908277228,30.0,1805.1800393010526
S3,continuous,C,4,794,15,landing,10431.83835289383,10621.83835289383,190.0,0.0
S3,continuous,C,11,795,40,takeoff,9589.292868976176,9619.292868976176,30.0,1095.6726266423284
S3,continuous,C,12,795,40,landing,11910.447252778828,12100.447252778828,190.0,2135.3943184307554
S3,continuous,C,15,796,51,takeoff,8913.929608939383,8943.929608939383,30.0,400.0
S3,continuous,C,9,796,51,landing,10087.464320325278,10277.464320325278,190.0,1068.6141131097575
S3,continuous,C,16,797,58,takeoff,9672.31662278259,9702.31662278259,30.0,1154.5319466691108
S3,continuous,C,8,797,58,landing,10948.366179384419,11138.366179384419,190.0,1142.0867148415473
S3,continuous,C,0,798,50,takeoff,8520.208285994186,8550.208285994186,30.0,0.0
S3,continuous,C,13,798,50,landing,8738.914356957315,8928.914356957315,190.0,159.21092657373447
S3,continuous,C,3,799,59,takeoff,9916.149031095627,9946.149031095627,30.0,1327.7828517112084
S3,continuous,C,9,799,59,landing,10567.514012394207,10757.514012394207,190.0,492.6666945500838
S3,continuous,C,15,800,54,takeoff,8943.929608939383,8973.929608939383,30.0,413.94701012374753
S3,continuous,C,2,800,54,landing,10950.165679858677,11140.165679858677,190.0,1781.5748493148476
S3,continuous,C,17,801,101,takeoff,9703.772396667491,9733.772396667491,30.0,1144.858039710176
S3,continuous,C,0,801,101,landing,9760.621372148133,9950.621372148133,190.0,0.0
S3,continuous,C,12,802,29,takeoff,8920.208285994186,8950.208285994186,30.0,356.8783626794411
S3,continuous,C,6,802,29,landing,10294.472908277228,10484.472908277228,190.0,1219.1364998575755
S3,continuous,C,17,803,143,takeoff,9733.772396667491,9763.772396667491,30.0,1137.6233655718643
S3,continuous,C,11,803,143,landing,9799.480482199866,9989.480482199866,190.0,0.0
S3,continuous,C,16,804,65,takeoff,9702.31662278259,9732.31662278259,30.0,1096.5891974098704
S3,continuous,C,7,804,65,landing,9741.624472859412,9931.624472859412,190.0,0.0
S3,continuous,C,7,805,94,takeoff,8975.72742537272,9005.72742537272,30.0,368.2581299380472
S3,continuous,C,12,805,94,landing,12100.447252778828,12290.447252778828,190.0,2940.706710707107
S3,continuous,C,6,806,7,takeoff,10484.472908277228,10514.472908277228,30.0,1835.1800393010526
S3,continuous,C,17,806,7,landing,10573.81398536974,10763.81398536974,190.0,0.0
S3,continuous,C,12,807,132,takeoff,8950.208285994186,8980.208285994186,30.0,296.29768849721404
S3,continuous,C,18,807,132,landing,10197.505554366347,10387.505554366347,190.0,1114.2998217400855
S3,continuous,C,3,808,102,takeoff,9946.149031095627,9976.149031095627,30.0,1275.8975493892194
S3,continuous,C,14,808,102,landing,10089.806103979325,10279.806103979325,190.0,0.0
S3,continuous,C,15,809,134,takeoff,9767.214813351186,9797.214813351186,30.0,789.7299684422778
S3,continuous,C,13,809,134,landing,9824.250307987546,10014.250307987546,190.0,0.0
S3,continuous,C,18,810,104,takeoff,9000.217380599683,9030.217380599683,30.0,316.5971382658354
S3,continuous,C,5,810,104,landing,11163.329923314745,11353.329923314745,190.0,2078.936911663459
S3,continuous,C,4,811,55,takeoff,10388.787406572077,10418.787406572077,30.0,1702.5879799621835
S3,continuous,C,13,811,55,landing,10426.202940338557,10616.202940338557,190.0,0.0
S3,continuous,C,17,812,127,takeoff,9763.772396667491,9793.772396667491,30.0,1063.5550160678085
S3,continuous,C,8,812,127,landing,11138.366179384419,11328.366179384419,190.0,1183.059598791675
S3,continuous,C,8,813,110,takeoff,9278.366179384419,9308.366179384419,30.0,574.4365704450356
S3,continuous,C,7,813,110,landing,9319.007464720618,9509.007464720618,190.0,0.0
S3,continuous,C,9,814,63,takeoff,10277.464320325278,10307.464320325278,30.0,1567.2560343310925
S3,continuous,C,16,814,63,landing,10340.725979706838,10530.725979706838,190.0,0.0
S3,continuous,C,10,815,123,takeoff,9660.871296074272,9690.871296074272,30.0,942.5051166898538
S3,continuous,C,12,815,123,landing,12290.447252778828,12480.447252778828,190.0,2457.184419295425
S3,continuous,C,5,816,10,takeoff,11353.329923314745,11383.329923314745,30.0,2620.398697754108
S3,continuous,C,16,816,10,landing,11405.570414927659,11595.570414927659,190.0,0.0
S3,continuous,C,16,817,147,takeoff,9732.31662278259,9762.31662278259,30.0,992.2033457510424
S3,continuous,C,10,817,147,landing,10026.03066319479,10216.03066319479,190.0,262.8151736903237
S3,continuous,C,9,818,50,takeoff,10307.464320325278,10337.464320325278,30.0,1558.5499633679628
S3,continuous,C,19,818,50,landing,10406.859175809821,10596.859175809821,190.0,0.0
S3,continuous,C,14,819,135,takeoff,8749.982598815635,8779.982598815635,30.0,0.0
S3,continuous,C,0,819,135,landing,9151.684736430017,9341.684736430017,190.0,313.58061303262184
S3,continuous,C,14,820,121,takeoff,8873.329923314745,8903.329923314745,30.0,0.0
S3,continuous,C,4,820,121,landing,10621.83835289383,10811.83835289383,190.0,1570.8334253773555
S3,continuous,C,8,821,70,takeoff,9308.366179384419,9338.366179384419,30.0,522.2171482887916
S3,continuous,C,14,821,70,landing,9487.885972615868,9677.885972615868,190.0,87.39080620959066
S3,continuous,C,19,822,107,takeoff,10156.859175809821,10186.859175809821,30.0,1361.1317504371018
S3,continuous,C,15,822,107,landing,10242.472574348702,10432.472574348702,190.0,0.0
S3,continuous,C,14,823,136,takeoff,8797.469295434672,8827.469295434672,30.0,0.0
S3,continuous,C,19,823,136,landing,10186.859175809821,10376.859175809821,190.0,1185.7899041772562
S3,continuous,C,2,824,91,takeoff,10279.982598815635,10309.982598815635,30.0,1482.1979227021566
S3,continuous,C,0,824,91,landing,10675.241356410195,10865.241356410195,190.0,300.0
S3,continuous,C,12,825,23,takeoff,10180.208285994186,10210.208285994186,30.0,1160.91541701801
S3,continuous,C,14,825,23,landing,10556.98720393287,10746.98720393287,190.0,241.09193419106668
S3,continuous,C,9,826,49,takeoff,10337.464320325278,10367.464320325278,30.0,1488.2493414959863
S3,continuous,C,8,826,49,landing,11328.366179384419,11518.366179384419,190.0,806.749362380755
S3,continuous,C,4,827,111,takeoff,10811.83835289383,10841.83835289383,30.0,1938.218110559983
S3,continuous,C,10,827,111,landing,10819.081609516543,11009.081609516543,190.0,0.0
S3,continuous,C,10,828,97,takeoff,9690.871296074272,9720.871296074272,30.0,814.6718694643787
S3,continuous,C,13,828,97,landing,10014.250307987546,10204.250307987546,190.0,283.46601664001173
S3,continuous,C,11,829,146,takeoff,9619.292868976176,9649.292868976176,30.0,710.9266895917572
S3,continuous,C,0,829,146,landing,9950.621372148133,10140.621372148133,190.0,273.8323610155512
S3,continuous,C,10,830,114,takeoff,9720.871296074272,9750.871296074272,30.0,799.0086348905479
S3,continuous,C,8,830,114,landing,11518.366179384419,11708.366179384419,190.0,1646.6544057983047
S3,continuous,C,6,831,116,takeoff,10514.472908277228,10544.472908277228,30.0,1586.9880633683206
S3,continuous,C,19,831,116,landing,10596.859175809821,10786.859175809821,190.0,2.4018170068284235
S3,continuous,C,12,832,126,takeoff,10210.208285994186,10240.208285994186,30.0,1151.047990305433
S3,continuous,C,2,832,126,landing,11140.165679858677,11330.165679858677,190.0,779.7317066859414
S3,continuous,C,2,833,95,takeoff,10309.982598815635,10339.982598815635,30.0,1360.9621674182272
S3,continuous,C,17,833,95,landing,10763.81398536974,10953.81398536974,190.0,350.0415887022482
S3,continuous,C,16,834,9,takeoff,9762.31662278259,9792.31662278259,30.0,792.3340239669542
S3,continuous,C,2,834,9,landing,11330.165679858677,11520.165679858677,190.0,1428.1183054510693
S3,continuous,C,18,835,57,takeoff,10387.505554366347,10417.505554366347,30.0,1415.82081793633
S3,continuous,C,11,835,57,landing,10456.58104274284,10646.58104274284,190.0,0.0
S3,continuous,C,7,836,56,takeoff,9216.149031095627,9246.149031095627,30.0,0.0
S3,continuous,C,16,836,56,landing,9792.31662278259,9982.31662278259,190.0,456.8597416101402
S3,continuous,C,8,837,13,takeoff,9338.366179384419,9368.366179384419,30.0,350.89688394974655
S3,continuous,C,19,837,13,landing,10786.859175809821,10976.859175809821,190.0,1334.9333738609657
S3,continuous,C,18,838,61,takeoff,10417.505554366347,10447.505554366347,30.0,1400.290741015162
S3,continuous,C,8,838,61,landing,11708.366179384419,11898.366179384419,190.0,1117.8926017736576
S3,continuous,C,9,839,67,takeoff,10757.514012394207,10787.514012394207,30.0,1730.0496920689293
S3,continuous,C,0,839,67,landing,10865.241356410195,11055.241356410195,190.0,45.70721105372468
S3,continuous,C,17,840,44,takeoff,9793.772396667491,9823.772396667491,30.0,764.4795276913155
S3,continuous,C,1,840,44,landing,9867.373958337925,10057.373958337925,190.0,0.0
S3,continuous,C,10,841,1,takeoff,9750.871296074272,9780.871296074272,30.0,717.5413727595278
S3,continuous,C,9,841,1,landing,10787.514012394207,10977.514012394207,190.0,888.7708915218682
S3,continuous,C,2,842,4,takeoff,10339.982598815635,10369.982598815635,30.0,1300.7676199863436
S3,continuous,C,14,842,4,landing,10746.98720393287,10936.98720393287,190.0,290.0
S3,continuous,C,1,843,33,takeoff,9309.160295688753,9339.160295688753,30.0,258.9520096945671
S3,continuous,C,7,843,33,landing,9509.007464720618,9699.007464720618,190.0,152.80828812502295
S3,continuous,C,14,844,120,takeoff,10279.806103979325,10309.806103979325,30.0,976.1858616454774
S3,continuous,C,17,844,120,landing,10377.631342651606,10567.631342651606,190.0,0.0
S3,continuous,C,11,845,138,takeoff,9649.292868976176,9679.292868976176,30.0,581.7873146098282
S3,continuous,C,3,845,138,landing,9976.149031095627,10166.149031095627,190.0,214.6884050806275
S3,continuous,C,9,846,87,takeoff,10977.514012394207,11007.514012394207,30.0,1906.642716319935
S3,continuous,C,11,846,87,landing,11373.418859203748,11563.418859203748,190.0,313.00291657037087
S3,continuous,C,15,847,124,takeoff,9797.214813351186,9827.214813351186,30.0,698.848633966767
S3,continuous,C,8,847,124,landing,11898.366179384419,12088.366179384419,190.0,1924.8229454271914
S3,continuous,C,6,848,60,takeoff,10544.472908277228,10574.472908277228,30.0,1432.1562854946387
S3,continuous,C,12,848,60,landing,12480.447252778828,12670.447252778828,190.0,1740.846222076132
S3,continuous,C,2,849,142,takeoff,11520.165679858677,11550.165679858677,30.0,2391.0053841699246
S3,continuous,C,12,849,142,landing,12670.447252778828,12860.447252778828,190.0,920.0558857415999
S3,continuous,C,0,850,69,takeoff,9439.020431397408,9469.020431397408,30.0,0.0
S3,continuous,C,10,850,69,landing,10216.03066319479,10406.03066319479,190.0,689.1041768880077
S3,continuous,C,12,851,98,takeoff,10240.208285994186,10270.208285994186,30.0,1092.723441085278
S3,continuous,C,2,851,98,landing,11550.165679858677,11740.165679858677,190.0,1119.7317066859414
S3,continuous,C,8,852,89,takeoff,12088.366179384419,12118.366179384419,30.0,2688.383580568783
S3,continuous,C,6,852,89,landing,12146.260918352224,12336.260918352224,190.0,0.0
S3,continuous,C,2,853,135,takeoff,11740.165679858677,11770.165679858677,30.0,2578.48094342866
S3,continuous,C,16,853,135,landing,11820.350393082561,12010.350393082561,190.0,0.0
S3,continuous,C,6,854,5,takeoff,10574.472908277228,10604.472908277228,30.0,1408.3238771816013
S3,continuous,C,5,854,5,landing,11383.329923314745,11573.329923314745,190.0,673.027486105917
S3,continuous,C,11,855,16,takeoff,9679.292868976176,9709.292868976176,30.0,501.8235735415037
S3,continuous,C,1,855,16,landing,10057.373958337925,10247.373958337925,190.0,230.01958485322757
S3,continuous,C,12,856,71,takeoff,10270.208285994186,10300.208285994186,30.0,1062.9934726430001
S3,continuous,C,8,856,71,landing,12118.366179384419,12308.366179384419,190.0,1769.3489621902809
S3,continuous,C,0,857,80,takeoff,9469.020431397408,9499.020431397408,30.0,9.727562421232506
S3,continuous,C,12,857,80,landing,12860.447252778828,13050.447252778828,190.0,3189.3471087792113
S3,continuous,C,17,858,119,takeoff,9823.772396667491,9853.772396667491,30.0,583.5641106733055
S3,continuous,C,18,858,119,landing,10447.505554366347,10637.505554366347,190.0,472.2118060221201
S3,continuous,C,3,859,76,takeoff,10166.149031095627,10196.149031095627,30.0,918.6847107703488
S3,continuous,C,4,859,76,landing,10841.83835289383,11031.83835289383,190.0,473.5509417150479
S3,continuous,C,1,860,14,takeoff,9810.97169320129,9840.97169320129,30.0,377.6417698865462
S3,continuous,C,14,860,14,landing,10936.98720393287,11126.98720393287,190.0,967.5811426393393
S3,continuous,C,14,861,0,takeoff,10309.806103979325,10339.806103979325,30.0,992.3005496129772
S3,continuous,C,17,861,0,landing,10953.81398536974,11143.81398536974,190.0,506.18264271813314
S3,continuous,C,16,862,103,takeoff,9982.31662278259,10012.31662278259,30.0,721.4453267083172
S3,continuous,C,8,862,103,landing,12308.366179384419,12498.366179384419,190.0,2172.0867148415473
S3,continuous,C,12,863,81,takeoff,10490.447252778828,10520.447252778828,30.0,1226.9642275390706
S3,continuous,C,0,863,81,landing,11055.241356410195,11245.241356410195,190.0,442.71439102915974
S3,continuous,C,1,864,139,takeoff,10247.373958337925,10277.373958337925,30.0,843.7537160040774
S3,continuous,C,18,864,139,landing,10637.505554366347,10827.505554366347,190.0,241.1886809393527
S3,continuous,C,13,865,22,takeoff,9319.020431397408,9349.020431397408,30.0,16.703808614818627
S3,continuous,C,9,865,22,landing,11007.514012394207,11197.514012394207,190.0,1496.1830412248037
S3,continuous,C,16,866,115,takeoff,10012.31662278259,10042.31662278259,30.0,704.4306501667215
S3,continuous,C,2,866,115,landing,11770.165679858677,11960.165679858677,190.0,1578.1183054510693
S3,continuous,C,2,867,110,takeoff,11960.165679858677,11990.165679858677,30.0,2631.158215138059
S3,continuous,C,3,867,110,landing,12086.332112138669,12276.332112138669,190.0,0.0
S3,continuous,C,16,868,108,takeoff,10042.31662278259,10072.31662278259,30.0,704.8317778736819
S3,continuous,C,9,868,108,landing,11197.514012394207,11387.514012394207,190.0,1052.3896918289229
S3,continuous,C,8,869,141,takeoff,12498.366179384419,12528.366179384419,30.0,3082.2171482887916
S3,continuous,C,17,869,141,landing,12569.90036330967,12759.90036330967,190.0,0.0
S3,continuous,C,13,870,125,takeoff,9457.214813351186,9487.214813351186,30.0,0.0
S3,continuous,C,3,870,125,landing,10196.149031095627,10386.149031095627,190.0,633.189720776505
S3,continuous,C,7,871,17,takeoff,9699.007464720618,9729.007464720618,30.0,289.7145957444427
S3,continuous,C,16,871,17,landing,10072.31662278259,10262.31662278259,190.0,214.00130798514874
S3,continuous,C,5,872,149,takeoff,11573.329923314745,11603.329923314745,30.0,2143.121637320559
S3,continuous,C,8,872,149,landing,12528.366179384419,12718.366179384419,190.0,801.5031825562874
S3,continuous,C,14,873,109,takeoff,11126.98720393287,11156.98720393287,30.0,1688.6210245484508
S3,continuous,C,4,873,109,landing,11209.96658946692,11399.96658946692,190.0,0.0
S3,continuous,C,9,874,41,takeoff,11387.514012394207,11417.514012394207,30.0,1947.531413578572
S3,continuous,C,8,874,41,landing,12718.366179384419,12908.366179384419,190.0,1146.6996703118257
S3,continuous,C,6,875,73,takeoff,10604.472908277228,10634.472908277228,30.0,1163.5012150759376
S3,continuous,C,5,875,73,landing,11603.329923314745,11793.329923314745,190.0,843.027486105917
S3,continuous,C,18,876,82,takeoff,10827.505554366347,10857.505554366347,30.0,1384.175631051603
S3,continuous,C,8,876,82,landing,12908.366179384419,13098.366179384419,190.0,1907.8926017736576
S3,continuous,C,9,877,96,takeoff,11417.514012394207,11447.514012394207,30.0,1970.00845802786
S3,continuous,C,3,877,96,landing,11536.212299142704,11726.212299142704,190.0,0.0
S3,continuous,C,4,878,27,takeoff,11031.83835289383,11061.83835289383,30.0,1573.0509463217513
S3,continuous,C,5,878,27,landing,11793.329923314745,11983.329923314745,190.0,601.3384684959019
S3,continuous,C,19,879,140,takeoff,10376.859175809821,10406.859175809821,30.0,895.9878797355486
S3,continuous,C,1,879,140,landing,10439.870028853124,10629.870028853124,190.0,0.0
S3,continuous,C,7,880,129,takeoff,9931.624472859412,9961.624472859412,30.0,447.1515645821837
S3,continuous,C,5,880,129,landing,11983.329923314745,12173.329923314745,190.0,1896.2286228784214
S3,continuous,C,14,881,34,takeoff,11156.98720393287,11186.98720393287,30.0,1664.6705811502798
S3,continuous,C,18,881,34,landing,11257.536432472862,11447.536432472862,190.0,0.0
S3,continuous,C,13,882,32,takeoff,9689.774860097274,9719.774860097274,30.0,196.00246342978244
S3,continuous,C,16,882,32,landing,10530.725979706838,10720.725979706838,190.0,716.9843579818353
S3,continuous,C,9,883,105,takeoff,11447.514012394207,11477.514012394207,30.0,1950.0496920689293
S3,continuous,C,15,883,105,landing,11532.434610670345,11722.434610670345,190.0,0.0
S3,continuous,C,18,884,70,takeoff,10857.505554366347,10887.505554366347,30.0,1359.6195817504795
S3,continuous,C,19,884,70,landing,10976.859175809821,11166.859175809821,190.0,50.13670271110095
S3,continuous,C,6,885,11,takeoff,10634.472908277228,10664.472908277228,30.0,1124.6980481799546
S3,continuous,C,0,885,11,landing,11245.241356410195,11435.241356410195,190.0,471.5368726865254
S3,continuous,C,19,886,33,takeoff,11166.859175809821,11196.859175809821,30.0,1647.8517110892026
S3,continuous,C,5,886,33,landing,12173.329923314745,12363.329923314745,190.0,799.3241025345596
S3,continuous,C,9,887,39,takeoff,11477.514012394207,11507.514012394207,30.0,1931.3649812985805
S3,continuous,C,3,887,39,landing,11726.212299142704,11916.212299142704,190.0,130.0
S3,continuous,C,13,888,62,takeoff,10204.250307987546,10234.250307987546,30.0,397.391132177725
S3,continuous,C,6,888,62,landing,10664.472908277228,10854.472908277228,190.0,350.3874588126946
S3,continuous,C,13,889,66,takeoff,10234.250307987546,10264.250307987546,30.0,407.03549463636045
S3,continuous,C,17,889,66,landing,11143.81398536974,11333.81398536974,190.0,781.9083443027394
S3,continuous,C,15,890,21,takeoff,10022.472574348702,10052.472574348702,30.0,402.2642883545159
S3,continuous,C,12,890,21,landing,13050.447252778828,13240.447252778828,190.0,2833.5393439997915
S3,continuous,C,17,891,100,takeoff,9853.772396667491,9883.772396667491,30.0,225.4062172830727
S3,continuous,C,10,891,100,landing,10406.03066319479,10596.03066319479,190.0,428.00024814843164
S3,continuous,C,16,892,42,takeoff,10262.31662278259,10292.31662278259,30.0,632.3340239669542
S3,continuous,C,5,892,42,landing,12363.329923314745,12553.329923314745,190.0,1929.2267705181057
S3,continuous,C,15,893,78,takeoff,10052.472574348702,10082.472574348702,30.0,421.50088114741084
S3,continuous,C,5,893,78,landing,12553.329923314745,12743.329923314745,190.0,2306.972458929602
S3,continuous,C,1,894,145,takeoff,10277.373958337925,10307.373958337925,30.0,639.8684039715772
S3,continuous,C,4,894,145,landing,11399.96658946692,11589.96658946692,190.0,1032.3590952032628
S3,continuous,C,14,895,133,takeoff,11186.98720393287,11216.98720393287,30.0,1538.1997973607922
S3,continuous,C,9,895,133,landing,11507.514012394207,11697.514012394207,190.0,210.10515617074816
S3,continuous,C,0,896,43,takeoff,10140.621372148133,10170.621372148133,30.0,357.29144883338813
S3,continuous,C,19,896,43,landing,11196.859175809821,11386.859175809821,190.0,910.7914230099595
S3,continuous,C,10,897,38,takeoff,10596.03066319479,10626.03066319479,30.0,741.5577549175614
S3,continuous,C,5,897,38,landing,12743.329923314745,12933.329923314745,190.0,1987.7038471357173
S3,continuous,C,8,898,18,takeoff,13098.366179384419,13128.366179384419,30.0,3386.1419250153976
S3,continuous,C,12,898,18,landing,13240.447252778828,13430.447252778828,190.0,83.27214219445705
S3,continuous,C,12,899,106,takeoff,10900.447252778828,10930.447252778828,30.0,1182.9829324535494
S3,continuous,C,19,899,106,landing,11386.859175809821,11576.859175809821,190.0,394.1522554985677
S3,continuous,C,3,900,68,takeoff,10386.149031095627,10416.149031095627,30.0,650.0
S3,continuous,C,15,900,68,landing,10488.850774776547,10678.850774776547,190.0,0.0
S3,continuous,C,5,901,65,takeoff,12933.329923314745,12963.329923314745,30.0,3181.7054504553325
S3,continuous,C,7,901,65,landing,12968.806750891656,13158.806750891656,190.0,0.0
S3,continuous,C,4,902,101,takeoff,11061.83835289383,11091.83835289383,30.0,1291.2169807456976
S3,continuous,C,5,902,101,landing,12963.329923314745,13153.329923314745,190.0,1741.338468495902
S3,continuous,C,5,903,31,takeoff,13153.329923314745,13183.329923314745,30.0,3366.4707475049236
S3,continuous,C,6,903,31,landing,13229.159452246344,13419.159452246344,190.0,0.0
S3,continuous,C,0,904,56,takeoff,10170.621372148133,10200.621372148133,30.0,368.3047493655431
S3,continuous,C,3,904,56,landing,10416.149031095627,10606.149031095627,190.0,139.9861929103481
S3,continuous,C,17,905,143,takeoff,9883.772396667491,9913.772396667491,30.0,74.29191446762525
S3,continuous,C,13,905,143,landing,10616.202940338557,10806.202940338557,190.0,584.7752105916115
S3,continuous,C,3,906,3,takeoff,10606.149031095627,10636.149031095627,30.0,795.9407451014413
S3,continuous,C,13,906,3,landing,10806.202940338557,10996.202940338557,190.0,134.30941227499352
S3,continuous,C,0,907,75,takeoff,10200.621372148133,10230.621372148133,30.0,382.25519276371415
S3,continuous,C,8,907,75,landing,13128.366179384419,13318.366179384419,190.0,2748.8005132425824
S3,continuous,C,13,908,74,takeoff,10264.250307987546,10294.250307987546,30.0,444.2677091719106
S3,continuous,C,3,908,74,landing,10636.149031095627,10826.149031095627,190.0,286.1542261401446
S3,continuous,C,18,909,64,takeoff,10887.505554366347,10917.505554366347,30.0,1060.0
S3,continuous,C,11,909,64,landing,10956.58104274284,11146.58104274284,190.0,0.0
S3,continuous,C,4,910,134,takeoff,11091.83835289383,11121.83835289383,30.0,1257.5880449062843
S3,continuous,C,10,910,134,landing,11099.081609516543,11289.081609516543,190.0,0.0
S3,continuous,C,3,911,93,takeoff,10826.149031095627,10856.149031095627,30.0,984.790237365216
S3,continuous,C,17,911,93,landing,11333.81398536974,11523.81398536974,190.0,314.2501010107062
S3,continuous,C,17,912,99,takeoff,9913.772396667491,9943.772396667491,30.0,71.29982231878967
S3,continuous,C,7,912,99,landing,10462.498236360458,10652.498236360458,190.0,445.1859756611775
S3,continuous,C,14,913,86,takeoff,11216.98720393287,11246.98720393287,30.0,1363.6572806181248
S3,continuous,C,6,913,86,landing,11331.165718489034,11521.165718489034,190.0,0.0
S3,continuous,C,7,914,118,takeoff,10652.498236360458,10682.498236360458,30.0,548.0253280832294
S3,continuous,C,9,914,118,landing,11697.514012394207,11887.514012394207,190.0,962.2856715565267
S3,continuous,C,9,915,112,takeoff,11887.514012394207,11917.514012394207,30.0,2018.7266058221303
S3,continuous,C,13,915,112,landing,11959.824552166203,12149.824552166203,190.0,0.0
S3,continuous,C,6,916,44,takeoff,10854.472908277228,10884.472908277228,30.0,977.0989499393036
S3,continuous,C,4,916,44,landing,11589.96658946692,11779.96658946692,190.0,648.1282365730895
S3,continuous,C,0,917,83,takeoff,10230.621372148133,10260.621372148133,30.0,328.3971177791118
S3,continuous,C,15,917,83,landing,10927.214813351186,11117.214813351186,190.0,598.8383137124183
S3,continuous,C,8,918,52,takeoff,13318.366179384419,13348.366179384419,30.0,3410.9018590591404
S3,continuous,C,14,918,52,landing,13410.495166406277,13600.495166406277,190.0,0.0
S3,continuous,C,4,919,146,takeoff,11121.83835289383,11151.83835289383,30.0,1161.2169807456976
S3,continuous,C,19,919,146,landing,11576.859175809821,11766.859175809821,190.0,368.5950703279268
S3,continuous,C,5,920,72,takeoff,13183.329923314745,13213.329923314745,30.0,3206.4707475049236
S3,continuous,C,10,920,72,landing,13227.59720576336,13417.59720576336,190.0,0.0
S3,continuous,C,7,921,138,takeoff,10682.498236360458,10712.498236360458,30.0,576.3492052648307
S3,continuous,C,1,921,138,landing,10729.5371172673,10919.5371172673,190.0,0.0
S3,continuous,C,14,922,85,takeoff,11246.98720393287,11276.98720393287,30.0,1246.7789179386837
S3,continuous,C,17,922,85,landing,11523.81398536974,11713.81398536974,190.0,179.00154276458852
S3,continuous,C,3,923,36,takeoff,10856.149031095627,10886.149031095627,30.0,847.7828517112084
S3,continuous,C,5,923,36,landing,13213.329923314745,13403.329923314745,190.0,2130.410578571624
S3,continuous,C,7,924,77,takeoff,10712.498236360458,10742.498236360458,30.0,634.9926819941102
S3,continuous,C,19,924,77,landing,11766.859175809821,11956.859175809821,190.0,896.5392435920385
S3,continuous,C,5,925,97,takeoff,13403.329923314745,13433.329923314745,30.0,3379.0796153271986
S3,continuous,C,1,925,97,landing,13463.358752272827,13653.358752272827,190.0,0.0
S3,continuous,C,3,926,147,takeoff,10886.149031095627,10916.149031095627,30.0,854.790237365216
S3,continuous,C,13,926,147,landing,10996.202940338557,11186.202940338557,190.0,44.30941227499352
S3,continuous,C,4,927,130,takeoff,11151.83835289383,11181.83835289383,30.0,1111.8557540781949
S3,continuous,C,7,927,130,landing,11173.122701267963,11363.122701267963,190.0,0.0
S3,continuous,C,2,928,92,takeoff,11990.165679858677,12020.165679858677,30.0,1946.8357565439328
S3,continuous,C,1,928,92,landing,12078.792558834008,12268.792558834008,190.0,0.0
S3,continuous,C,7,929,48,takeoff,10742.498236360458,10772.498236360458,30.0,688.0253280832294
S3,continuous,C,3,929,48,landing,11210.100236962238,11400.100236962238,190.0,271.1581579628837
S3,continuous,C,18,930,6,takeoff,10917.505554366347,10947.505554366347,30.0,858.7181477942704
S3,continuous,C,7,930,6,landing,10973.015599139386,11163.015599139386,190.0,0.0
S3,continuous,C,10,931,16,takeoff,10626.03066319479,10656.03066319479,30.0,558.656704856865
S3,continuous,C,0,931,16,landing,11435.241356410195,11625.241356410195,190.0,681.3046383060318
S3,continuous,C,10,932,17,takeoff,10656.03066319479,10686.03066319479,30.0,573.7140404122001
S3,continuous,C,9,932,17,landing,11917.514012394207,12107.514012394207,190.0,1113.6115244013508
S3,continuous,C,15,933,35,takeoff,10092.498236360458,10122.498236360458,30.0,0.0
S3,continuous,C,1,933,35,landing,10919.5371172673,11109.5371172673,190.0,653.0736004418686
S3,continuous,C,9,934,51,takeoff,12107.514012394207,12137.514012394207,30.0,2010.0496920689293
S3,continuous,C,2,934,51,landing,12208.985060552532,12398.985060552532,190.0,0.0
S3,continuous,C,4,935,102,takeoff,11779.96658946692,11809.96658946692,30.0,1680.160485487595
S3,continuous,C,6,935,102,landing,11827.332034083522,12017.332034083522,190.0,0.0
S3,continuous,C,1,936,136,takeoff,10629.870028853124,10659.870028853124,30.0,193.01085304330263
S3,continuous,C,4,936,136,landing,11809.96658946692,11999.96658946692,190.0,1089.863024688064
S3,continuous,C,9,937,148,takeoff,12137.514012394207,12167.514012394207,30.0,1939.1478330097889
S3,continuous,C,4,937,148,landing,12191.544999548658,12381.544999548658,190.0,0.0
S3,continuous,C,16,938,125,takeoff,10720.725979706838,10750.725979706838,30.0,394.57694861121126
S3,continuous,C,13,938,125,landing,11186.202940338557,11376.202940338557,190.0,421.5101990039893
S3,continuous,C,5,939,132,takeoff,13433.329923314745,13463.329923314745,30.0,3225.824368948397
S3,continuous,C,2,939,132,landing,13521.010224167369,13711.010224167369,190.0,0.0
S3,continuous,C,19,940,69,takeoff,11956.859175809821,11986.859175809821,30.0,1730.8285126150313
S3,continuous,C,7,940,69,landing,12034.680871667146,12224.680871667146,190.0,0.0
S3,continuous,C,12,941,107,takeoff,10930.447252778828,10960.447252778828,30.0,677.974678430126
S3,continuous,C,7,941,107,landing,11363.122701267963,11553.122701267963,190.0,348.662331790134
S3,continuous,C,9,942,46,takeoff,12167.514012394207,12197.514012394207,30.0,1904.1840890794629
S3,continuous,C,15,942,46,landing,12252.434610670345,12442.434610670345,190.0,0.0
S3,continuous,C,16,943,144,takeoff,10750.725979706838,10780.725979706838,30.0,408.2277433463805
S3,continuous,C,4,943,144,landing,11999.96658946692,12189.96658946692,190.0,1125.79387042314
S3,continuous,C,6,944,29,takeoff,10884.472908277228,10914.472908277228,30.0,580.0
S3,continuous,C,5,944,29,landing,13463.329923314745,13653.329923314745,190.0,2383.027486105917
S3,continuous,C,18,945,122,takeoff,10947.505554366347,10977.505554366347,30.0,642.2641979561522
S3,continuous,C,15,945,122,landing,11117.214813351186,11307.214813351186,190.0,103.09355264095575
S3,continuous,C,12,946,24,takeoff,13430.447252778828,13460.447252778828,30.0,3120.0
S3,continuous,C,16,946,24,landing,13482.129308929023,13672.129308929023,190.0,0.0
S3,continuous,C,17,947,63,takeoff,11713.81398536974,11743.81398536974,30.0,1363.5419672617663
S3,continuous,C,4,947,63,landing,12381.544999548658,12571.544999548658,190.0,483.9739781694043
S3,continuous,C,4,948,47,takeoff,12571.544999548658,12601.544999548658,30.0,2194.5577956157886
S3,continuous,C,3,948,47,landing,12653.683379631813,12843.683379631813,190.0,0.0
S3,continuous,C,11,949,37,takeoff,10646.58104274284,10676.58104274284,30.0,199.06703034863312
S3,continuous,C,2,949,37,landing,12398.985060552532,12588.985060552532,190.0,1547.4857253161135
S3,continuous,C,5,950,120,takeoff,13653.329923314745,13683.329923314745,30.0,3265.6985806631383
S3,continuous,C,2,950,120,landing,13741.010224167369,13931.010224167369,190.0,0.0
S3,continuous,C,0,951,90,takeoff,11625.241356410195,11655.241356410195,30.0,1236.8751770257768
S3,continuous,C,2,951,90,landing,12588.985060552532,12778.985060552532,190.0,808.4849465477764
S3,continuous,C,17,952,28,takeoff,11743.81398536974,11773.81398536974,30.0,1353.648305511062
S3,continuous,C,18,952,28,landing,11815.335337046476,12005.335337046476,190.0,0.0
S3,continuous,C,14,953,100,takeoff,11276.98720393287,11306.98720393287,30.0,860.9565407380796
S3,continuous,C,5,953,100,landing,13683.329923314745,13873.329923314745,190.0,2207.448388327599
S3,continuous,C,11,954,50,takeoff,10416.859175809821,10446.859175809821,30.0,0.0
S3,continuous,C,9,954,50,landing,12197.514012394207,12387.514012394207,190.0,1597.7529063452166
S3,continuous,C,5,955,56,takeoff,13873.329923314745,13903.329923314745,30.0,3447.1808922191176
S3,continuous,C,1,955,56,landing,13933.358752272827,14123.358752272827,190.0,0.0
S3,continuous,C,10,956,55,takeoff,10686.03066319479,10716.03066319479,30.0,249.82772285623287
S3,continuous,C,0,956,55,landing,11655.241356410195,11845.241356410195,190.0,821.3046383060318
S3,continuous,C,12,957,15,takeoff,13460.447252778828,13490.447252778828,30.0,3018.6088998849973
S3,continuous,C,5,957,15,landing,13903.329923314745,14093.329923314745,190.0,345.765341071834
S3,continuous,C,8,958,140,takeoff,13348.366179384419,13378.366179384419,30.0,2898.496150531295
S3,continuous,C,11,958,140,landing,13410.710546898854,13600.710546898854,190.0,0.0
S3,continuous,C,13,959,119,takeoff,11376.202940338557,11406.202940338557,30.0,918.6973859722093
S3,continuous,C,6,959,119,landing,11521.165718489034,11711.165718489034,190.0,75.12763667348918
S3,continuous,C,10,960,57,takeoff,10716.03066319479,10746.03066319479,30.0,249.44962045194916
S3,continuous,C,9,960,57,landing,12387.514012394207,12577.514012394207,190.0,1503.6115244013508
S3,continuous,C,10,961,99,takeoff,10746.03066319479,10776.03066319479,30.0,273.532426834332
S3,continuous,C,18,961,99,landing,10977.505554366347,11167.505554366347,190.0,62.867833718260954
S3,continuous,C,5,962,117,takeoff,14093.329923314745,14123.329923314745,30.0,3610.0
S3,continuous,C,11,962,117,landing,14143.418859203748,14333.418859203748,190.0,0.0
S3,continuous,C,3,963,128,takeoff,10916.149031095627,10946.149031095627,30.0,420.90767468543163
S3,continuous,C,10,963,128,landing,11289.081609516543,11479.081609516543,190.0,283.38867518637926
S3,continuous,C,14,964,68,takeoff,11306.98720393287,11336.98720393287,30.0,808.1364291563223
S3,continuous,C,19,964,68,landing,11986.859175809821,12176.859175809821,190.0,456.2719956790588
S3,continuous,C,17,965,131,takeoff,11773.81398536974,11803.81398536974,30.0,1243.3667325909119
S3,continuous,C,13,965,131,landing,12149.824552166203,12339.824552166203,190.0,288.35523371700947
S3,continuous,C,18,966,32,takeoff,11167.505554366347,11197.505554366347,30.0,626.7795746595093
S3,continuous,C,6,966,32,landing,12336.260918352224,12526.260918352224,190.0,1063.840806305243
S3,continuous,C,2,967,23,takeoff,12020.165679858677,12050.165679858677,30.0,1453.178475925808
S3,continuous,C,12,967,23,landing,13490.447252778828,13680.447252778828,190.0,1340.0558857416
S3,continuous,C,13,968,59,takeoff,11406.202940338557,11436.202940338557,30.0,828.6889279443494
S3,continuous,C,6,968,59,landing,12526.260918352224,12716.260918352224,190.0,1010.2228365366791
S3,continuous,C,14,969,79,takeoff,11336.98720393287,11366.98720393287,30.0,758.6210245484508
S3,continuous,C,11,969,79,landing,11563.418859203748,11753.418859203748,190.0,156.96472503699806
S3,continuous,C,8,970,2,takeoff,13378.366179384419,13408.366179384419,30.0,2798.200499525741
S3,continuous,C,3,970,2,landing,13469.579778839037,13659.579778839037,190.0,0.0
S3,continuous,C,10,971,7,takeoff,10776.03066319479,10806.03066319479,30.0,192.21667782505028
S3,continuous,C,3,971,7,landing,12276.332112138669,12466.332112138669,190.0,1295.4294151737213
S3,continuous,C,6,972,116,takeoff,10914.472908277228,10944.472908277228,30.0,307.6137324674073
S3,continuous,C,9,972,116,landing,12577.514012394207,12767.514012394207,190.0,1516.2594337381179
S3,continuous,C,7,973,143,takeoff,10772.498236360458,10802.498236360458,30.0,146.29529602190087
S3,continuous,C,2,973,143,landing,12778.985060552532,12968.985060552532,190.0,1803.9711866472517
S3,continuous,C,15,974,121,takeoff,11307.214813351186,11337.214813351186,30.0,555.3764604573553
S3,continuous,C,9,974,121,landing,12767.514012394207,12957.514012394207,190.0,1255.3786007668841
S3,continuous,C,5,975,74,takeoff,14123.329923314745,14153.329923314745,30.0,3477.1808922191176
S3,continuous,C,19,975,74,landing,14210.476568285108,14400.476568285108,190.0,0.0
S3,continuous,C,3,976,139,takeoff,10946.149031095627,10976.149031095627,30.0,298.6434767292794
S3,continuous,C,11,976,139,landing,11753.418859203748,11943.418859203748,190.0,655.1020710692974
S3,continuous,C,8,977,62,takeoff,13408.366179384419,13438.366179384419,30.0,2733.8932711071902
S3,continuous,C,12,977,62,landing,13680.447252778828,13870.447252778828,190.0,173.27214219445705
S3,continuous,C,1,978,91,takeoff,11109.5371172673,11139.5371172673,30.0,364.29576085710505
S3,continuous,C,7,978,91,landing,11553.122701267963,11743.122701267963,190.0,356.5467030938198
S3,continuous,C,10,979,113,takeoff,11009.081609516543,11039.081609516543,30.0,305.7516862017983
S3,continuous,C,4,979,113,landing,12601.544999548658,12791.544999548658,190.0,1469.8920028737812
S3,continuous,C,12,980,26,takeoff,13870.447252778828,13900.447252778828,30.0,3150.0
S3,continuous,C,13,980,26,landing,13934.019295571074,14124.019295571074,190.0,0.0
S3,continuous,C,2,981,138,takeoff,12050.165679858677,12080.165679858677,30.0,1310.628562591377
S3,continuous,C,8,981,138,landing,13438.366179384419,13628.366179384419,190.0,1279.816918956958
S3,continuous,C,1,982,25,takeoff,11139.5371172673,11169.5371172673,30.0,392.32230391611483
S3,continuous,C,8,982,25,landing,13628.366179384419,13818.366179384419,190.0,2326.9045442081024
S3,continuous,C,4,983,4,takeoff,12791.544999548658,12821.544999548658,30.0,2034.5577956157886
S3,continuous,C,6,983,4,landing,12838.91044416526,13028.91044416526,190.0,0.0
S3,continuous,C,8,984,53,takeoff,13818.366179384419,13848.366179384419,30.0,3050.0
S3,continuous,C,14,984,53,landing,13910.495166406277,14100.495166406277,190.0,0.0
S3,continuous,C,17,985,84,takeoff,11803.81398536974,11833.81398536974,30.0,1033.648305511062
S3,continuous,C,12,985,84,landing,13900.447252778828,14090.447252778828,190.0,1942.7575375165725
S3,continuous,C,5,986,95,takeoff,14153.329923314745,14183.329923314745,30.0,3379.515937945005
S3,continuous,C,6,986,95,landing,14229.159452246344,14419.159452246344,190.0,0.0
S3,continuous,C,9,987,13,takeoff,12957.514012394207,12987.514012394207,30.0,2160.6548365843864
S3,continuous,C,17,987,13,landing,13039.879181104832,13229.879181104832,190.0,0.0
S3,continuous,C,4,988,1,takeoff,12821.544999548658,12851.544999548658,30.0,2024.0309871544505
S3,continuous,C,16,988,1,landing,12845.445700484464,13035.445700484464,190.0,0.0
S3,continuous,C,18,989,3,takeoff,11197.505554366347,11227.505554366347,30.0,381.3026140277907
S3,continuous,C,16,989,3,landing,11595.570414927659,11785.570414927659,190.0,338.0307594545866
S3,continuous,C,10,990,111,takeoff,11479.081609516543,11509.081609516543,30.0,354.6718694643787
S3,continuous,C,8,990,111,landing,13848.366179384419,14038.366179384419,190.0,2218.444092356034
S3,continuous,C,8,991,76,takeoff,14038.366179384419,14068.366179384419,30.0,3186.5278264905883
S3,continuous,C,16,991,76,landing,14072.782982743565,14262.782982743565,190.0,0.0
S3,continuous,C,12,992,67,takeoff,14090.447252778828,14120.447252778828,30.0,3215.2058963686322
S3,continuous,C,17,992,67,landing,14184.322982671343,14374.322982671343,190.0,0.0
S3,continuous,C,9,993,35,takeoff,12987.514012394207,13017.514012394207,30.0,2057.976895126907
S3,continuous,C,13,993,35,landing,13059.824552166203,13249.824552166203,190.0,0.0
S3,continuous,C,13,994,83,takeoff,11436.202940338557,11466.202940338557,30.0,498.9881269873713
S3,continuous,C,3,994,83,landing,12843.683379631813,13033.683379631813,190.0,1321.7359423253201
S3,continuous,C,10,995,14,takeoff,11509.081609516543,11539.081609516543,30.0,382.0944055836735
S3,continuous,C,19,995,14,landing,12176.859175809821,12366.859175809821,190.0,479.0629845922922
S3,continuous,C,8,996,137,takeoff,14068.366179384419,14098.366179384419,30.0,3115.036256069674
S3,continuous,C,6,996,137,landing,14419.159452246344,14609.159452246344,190.0,272.8985338941202
S3,continuous,C,3,997,58,takeoff,10976.149031095627,11006.149031095627,30.0,17.782851711208423
S3,continuous,C,5,997,58,landing,14183.329923314745,14373.329923314745,190.0,2980.410578571624
S3,continuous,C,3,998,54,takeoff,11400.100236962238,11430.100236962238,30.0,439.934557103561
S3,continuous,C,10,998,54,landing,11544.972270732396,11734.972270732396,190.0,0.0
S3,continuous,C,5,999,0,takeoff,14373.329923314745,14403.329923314745,30.0,3409.515937945005
S3,continuous,C,0,999,0,landing,14421.98051756408,14611.98051756408,190.0,0.0
S3,continuous,C,19,1000,64,takeoff,12366.859175809821,12396.859175809821,30.0,1400.2781330669804
S3,continuous,C,4,1000,64,landing,12851.544999548658,13041.544999548658,190.0,398.260071150773
S3,continuous,C,0,1001,30,takeoff,11845.241356410195,11875.241356410195,30.0,874.7941036313678
S3,continuous,C,11,1001,30,landing,11943.418859203748,12133.418859203748,190.0,60.68136063714701
S3,continuous,C,6,1002,6,takeoff,11043.015599139386,11073.015599139386,30.0,0.0
S3,continuous,C,1,1002,6,landing,11186.517996906005,11376.517996906005,190.0,0.0
S3,continuous,C,11,1003,70,takeoff,12133.418859203748,12163.418859203748,30.0,966.5596833939271
S3,continuous,C,14,1003,70,landing,12202.885789437629,12392.885789437629,190.0,0.0
S3,continuous,C,8,1004,99,takeoff,14098.366179384419,14128.366179384419,30.0,3110.860625018071
S3,continuous,C,16,1004,99,landing,14262.782982743565,14452.782982743565,190.0,130.0
S3,continuous,C,5,1005,147,takeoff,14403.329923314745,14433.329923314745,30.0,3397.1269829761877
S3,continuous,C,11,1005,147,landing,14453.418859203748,14643.418859203748,190.0,0.0
S3,continuous,C,4,1006,22,takeoff,13041.544999548658,13071.544999548658,30.0,2024.0309871544505
S3,continuous,C,13,1006,22,landing,13249.824552166203,13439.824552166203,190.0,170.86401885106534
S3,continuous,C,19,1007,45,takeoff,12396.859175809821,12426.859175809821,30.0,1366.7589388475826
S3,continuous,C,2,1007,45,landing,12968.985060552532,13158.985060552532,190.0,365.43823949563557
S3,continuous,C,12,1008,81,takeoff,14120.447252778828,14150.447252778828,30.0,3055.2058963686322
S3,continuous,C,4,1008,81,landing,14175.899892609525,14365.899892609525,190.0,0.0
S3,continuous,C,0,1009,134,takeoff,11875.241356410195,11905.241356410195,30.0,770.8316163580312
S3,continuous,C,3,1009,134,landing,13033.683379631813,13223.683379631813,190.0,1032.9005571844718
S3,continuous,C,8,1010,122,takeoff,14128.366179384419,14158.366179384419,30.0,3001.151366033233
S3,continuous,C,19,1010,122,landing,14400.476568285108,14590.476568285108,190.0,178.55076633625322
S3,continuous,C,5,1011,127,takeoff,14433.329923314745,14463.329923314745,30.0,3284.963743930326
S3,continuous,C,17,1011,127,landing,14501.852644085056,14691.852644085056,190.0,0.0
S3,continuous,C,5,1012,126,takeoff,14463.329923314745,14493.329923314745,30.0,3313.164243456067
S3,continuous,C,1,1012,126,landing,14523.358752272827,14713.358752272827,190.0,0.0
S3,continuous,C,1,1013,66,takeoff,11376.517996906005,11406.517996906005,30.0,222.70401153626517
S3,continuous,C,15,1013,66,landing,11722.434610670345,11912.434610670345,190.0,291.9513332993665
S3,continuous,C,19,1014,19,takeoff,12426.859175809821,12456.859175809821,30.0,1266.4119230309934
S3,continuous,C,14,1014,19,landing,12550.459152007714,12740.459152007714,190.0,0.0
S3,continuous,C,4,1015,104,takeoff,13071.544999548658,13101.544999548658,30.0,1898.2150762339134
S3,continuous,C,13,1015,104,landing,13439.824552166203,13629.824552166203,190.0,310.86401885106534
S3,continuous,C,17,1016,130,takeoff,11833.81398536974,11863.81398536974,30.0,650.6912841017765
S3,continuous,C,3,1016,130,landing,13223.683379631813,13413.683379631813,190.0,1236.4545409986677
S3,continuous,C,13,1017,8,takeoff,11466.202940338557,11496.202940338557,30.0,272.78408113480873
S3,continuous,C,2,1017,8,landing,13158.985060552532,13348.985060552532,190.0,1491.7930231828414
S3,continuous,C,17,1018,125,takeoff,11863.81398536974,11893.81398536974,30.0,667.6110450311826
S3,continuous,C,7,1018,125,landing,12224.680871667146,12414.680871667146,190.0,277.3270222656174
S3,continuous,C,0,1019,6,takeoff,11905.241356410195,11935.241356410195,30.0,708.7233595041907
S3,continuous,C,11,1019,6,landing,12163.418859203748,12353.418859203748,190.0,200.681360637147
S3,continuous,C,6,1020,43,takeoff,11711.165718489034,11741.165718489034,30.0,384.3065426792127
S3,continuous,C,17,1020,43,landing,11893.81398536974,12083.81398536974,190.0,93.30718978819459
S3,continuous,C,7,1021,108,takeoff,11743.122701267963,11773.122701267963,30.0,535.6086888737555
S3,continuous,C,18,1021,108,landing,12005.335337046476,12195.335337046476,190.0,186.70259100547446
S3,continuous,C,1,1022,109,takeoff,11454.6622081346,11484.6622081346,30.0,0.0
S3,continuous,C,9,1022,109,landing,13017.514012394207,13207.514012394207,190.0,1371.9815773410573
S3,continuous,C,9,1023,48,takeoff,13207.514012394207,13237.514012394207,30.0,1987.413775431969
S3,continuous,C,3,1023,48,landing,13659.579778839037,13849.579778839037,190.0,313.36747969633325
S3,continuous,C,18,1024,11,takeoff,11447.536432472862,11477.536432472862,30.0,192.29507606266634
S3,continuous,C,11,1024,11,landing,12353.418859203748,12543.418859203748,190.0,776.8069383543934
S3,continuous,C,6,1025,34,takeoff,11267.536432472862,11297.536432472862,30.0,0.0
S3,continuous,C,19,1025,34,landing,12456.859175809821,12646.859175809821,190.0,989.3382928111951
S3,continuous,C,15,1026,128,takeoff,11912.434610670345,11942.434610670345,30.0,378.024870618181
S3,continuous,C,12,1026,128,landing,14150.447252778828,14340.447252778828,190.0,2043.577307678148
S3,continuous,C,12,1027,49,takeoff,14340.447252778828,14370.447252778828,30.0,3002.081073394409
S3,continuous,C,3,1027,49,landing,14449.478790341302,14639.478790341302,190.0,0.0
S3,continuous,C,9,1028,9,takeoff,13237.514012394207,13267.514012394207,30.0,1897.34833253553
S3,continuous,C,4,1028,9,landing,13291.544999548658,13481.544999548658,190.0,0.0
S3,continuous,C,1,1029,86,takeoff,11521.165718489034,11551.165718489034,30.0,0.0
S3,continuous,C,6,1029,86,landing,13028.91044416526,13218.91044416526,190.0,1384.2423279096074
S3,continuous,C,11,1030,93,takeoff,12543.418859203748,12573.418859203748,30.0,1199.6048738340087
S3,continuous,C,8,1030,93,landing,14158.366179384419,14348.366179384419,190.0,1492.602952666235
S3,continuous,C,8,1031,88,takeoff,14348.366179384419,14378.366179384419,30.0,2997.918926605591
S3,continuous,C,1,1031,88,landing,14713.358752272827,14903.358752272827,190.0,303.0680549793924
S3,continuous,C,2,1032,107,takeoff,12080.165679858677,12110.165679858677,30.0,707.0429785907145
S3,continuous,C,9,1032,107,landing,13267.514012394207,13457.514012394207,190.0,1065.8772843772058
S3,continuous,C,9,1033,87,takeoff,13457.514012394207,13487.514012394207,30.0,2074.0951531904593
S3,continuous,C,13,1033,87,landing,13629.824552166203,13819.824552166203,190.0,100.0
S3,continuous,C,8,1034,5,takeoff,14378.366179384419,14408.366179384419,30.0,2985.036256069674
S3,continuous,C,7,1034,5,landing,14419.007464720618,14609.007464720618,190.0,0.0
S3,continuous,C,18,1035,106,takeoff,11477.536432472862,11507.536432472862,30.0,80.67725666304068
S3,continuous,C,15,1035,106,landing,11942.434610670345,12132.434610670345,190.0,378.28247185360124
S3,continuous,C,13,1036,145,takeoff,11496.202940338557,11526.202940338557,30.0,86.23635087163711
S3,continuous,C,6,1036,145,landing,13419.159452246344,13609.159452246344,190.0,1773.1213704307993
S3,continuous,C,12,1037,10,takeoff,14370.447252778828,14400.447252778828,30.0,2955.3307994500337
S3,continuous,C,2,1037,10,landing,14480.672939957378,14670.672939957378,190.0,0.0
S3,continuous,C,6,1038,16,takeoff,11741.165718489034,11771.165718489034,30.0,295.9243620788384
S3,continuous,C,13,1038,16,landing,12339.824552166203,12529.824552166203,190.0,528.8236922001815
S3,continuous,C,14,1039,133,takeoff,11517.514012394207,11547.514012394207,30.0,0.0
S3,continuous,C,7,1039,133,landing,11773.122701267963,11963.122701267963,190.0,165.8308494029061
S3,continuous,C,17,1040,114,takeoff,12083.81398536974,12113.81398536974,30.0,555.4478059853209
S3,continuous,C,14,1040,114,landing,12740.459152007714,12930.459152007714,190.0,538.8199279656928
S3,continuous,C,10,1041,119,takeoff,11734.972270732396,11764.972270732396,30.0,203.8065522433626
S3,continuous,C,3,1041,119,landing,13849.579778839037,14039.579778839037,190.0,1969.735474336483
S3,continuous,C,0,1042,85,takeoff,11935.241356410195,11965.241356410195,30.0,401.4273710404559
S3,continuous,C,1,1042,85,landing,12268.792558834008,12458.792558834008,190.0,249.9873084622359
S3,continuous,C,14,1043,12,takeoff,11547.514012394207,11577.514012394207,30.0,7.066759615379851
S3,continuous,C,3,1043,12,landing,14039.579778839037,14229.579778839037,190.0,2268.408693561132
S3,continuous,C,9,1044,105,takeoff,13487.514012394207,13517.514012394207,30.0,1945.0794017238622
S3,continuous,C,7,1044,105,landing,13530.24411687143,13720.24411687143,190.0,0.0
S3,continuous,C,12,1045,96,takeoff,14400.447252778828,14430.447252778828,30.0,2854.2349536361235
S3,continuous,C,1,1045,96,landing,14903.358752272827,15093.358752272827,190.0,403.8321047166337
S3,continuous,C,10,1046,54,takeoff,11794.972270732396,11824.972270732396,30.0,0.0
S3,continuous,C,16,1046,54,landing,12010.350393082561,12200.350393082561,190.0,188.69716349380178
S3,continuous,C,1,1047,98,takeoff,11620.165679858677,11650.165679858677,30.0,0.0
S3,continuous,C,4,1047,98,landing,13101.544999548658,13291.544999548658,190.0,1331.1457837642483
S3,continuous,C,7,1048,91,takeoff,11963.122701267963,11993.122701267963,30.0,400.0
S3,continuous,C,1,1048,91,landing,12458.792558834008,12648.792558834008,190.0,408.63097665920213
S3,continuous,C,0,1049,79,takeoff,11965.241356410195,11995.241356410195,30.0,391.8224972064472
S3,continuous,C,17,1049,79,landing,12113.81398536974,12303.81398536974,190.0,91.72365347890263
S3,continuous,C,13,1050,146,takeoff,11766.859175809821,11796.859175809821,30.0,0.0
S3,continuous,C,8,1050,146,landing,14408.366179384419,14598.366179384419,190.0,2476.130410285976
S3,continuous,C,3,1051,44,takeoff,11916.212299142704,11946.212299142704,30.0,316.2457096757844
S3,continuous,C,2,1051,44,landing,13931.010224167369,14121.010224167369,190.0,1848.6314927446729
S3,continuous,C,15,1052,3,takeoff,12132.434610670345,12162.434610670345,30.0,526.8641957426862
S3,continuous,C,9,1052,3,landing,13517.514012394207,13707.514012394207,190.0,1260.1588034477245
S3,continuous,C,8,1053,73,takeoff,14598.366179384419,14628.366179384419,30.0,2985.036256069674
S3,continuous,C,18,1053,73,landing,14651.334202628832,14841.334202628832,190.0,0.0
S3,continuous,C,19,1054,55,takeoff,12646.859175809821,12676.859175809821,30.0,981.6178193996257
S3,continuous,C,0,1054,55,landing,12732.30555646155,12922.30555646155,190.0,0.0
S3,continuous,C,13,1055,118,takeoff,11707.514012394207,11737.514012394207,30.0,0.0
S3,continuous,C,10,1055,118,landing,11824.972270732396,12014.972270732396,190.0,57.545263064926985
S3,continuous,C,6,1056,61,takeoff,11771.165718489034,11801.165718489034,30.0,52.79953910461518
S3,continuous,C,16,1056,61,landing,12200.350393082561,12390.350393082561,190.0,373.8789241264949
S3,continuous,C,0,1057,20,takeoff,11995.241356410195,12025.241356410195,30.0,264.79410363136776
S3,continuous,C,11,1057,20,landing,12573.418859203748,12763.418859203748,190.0,460.681360637147
S3,continuous,C,5,1058,66,takeoff,14493.329923314745,14523.329923314745,30.0,2760.8953126443994
S3,continuous,C,18,1058,66,landing,14841.334202628832,15031.334202628832,190.0,263.8286482624844
S3,continuous,C,4,1059,39,takeoff,13481.544999548658,13511.544999548658,30.0,1745.3327004059538
S3,continuous,C,10,1059,39,landing,13488.78825617137,13678.78825617137,190.0,0.0
S3,continuous,C,9,1060,139,takeoff,13707.514012394207,13737.514012394207,30.0,1944.0951531904593
S3,continuous,C,7,1060,139,landing,13750.24411687143,13940.24411687143,190.0,0.0
S3,continuous,C,2,1061,77,takeoff,12110.165679858677,12140.165679858677,30.0,333.30650404885637
S3,continuous,C,1,1061,77,landing,12648.792558834008,12838.792558834008,190.0,390.0
S3,continuous,C,7,1062,115,takeoff,11993.122701267963,12023.122701267963,30.0,212.95702140928552
S3,continuous,C,0,1062,115,landing,12036.255279073837,12226.255279073837,190.0,0.0
S3,continuous,C,15,1063,133,takeoff,12162.434610670345,12192.434610670345,30.0,379.3119094023823
S3,continuous,C,19,1063,133,landing,12676.859175809821,12866.859175809821,190.0,308.81116660059524
S3,continuous,C,13,1064,27,takeoff,12529.824552166203,12559.824552166203,30.0,546.4946288514584
S3,continuous,C,16,1064,27,landing,12554.245275392797,12744.245275392797,190.0,0.0
S3,continuous,C,8,1065,136,takeoff,14628.366179384419,14658.366179384419,30.0,2808.399589917499
S3,continuous,C,11,1065,136,landing,14690.710546898854,14880.710546898854,190.0,0.0
S3,continuous,C,15,1066,28,takeoff,12192.434610670345,12222.434610670345,30.0,367.0992736238695
S3,continuous,C,6,1066,28,landing,13609.159452246344,13799.159452246344,190.0,1226.9973335552804
S3,continuous,C,6,1067,135,takeoff,12017.332034083522,12047.332034083522,30.0,187.43560259982587
S3,continuous,C,0,1067,135,landing,12226.255279073837,12416.255279073837,190.0,129.691669543874
S3,continuous,C,10,1068,118,takeoff,12014.972270732396,12044.972270732396,30.0,180.0
S3,continuous,C,6,1068,118,landing,13799.159452246344,13989.159452246344,190.0,1614.0637225467526
S3,continuous,C,14,1069,102,takeoff,12017.332034083522,12047.332034083522,30.0,0.0
S3,continuous,C,9,1069,102,landing,13737.514012394207,13927.514012394207,190.0,1509.7603260200958
S3,continuous,C,4,1070,43,takeoff,13511.544999548658,13541.544999548658,30.0,1607.7310141789185
S3,continuous,C,18,1070,43,landing,13558.352353790315,13748.352353790315,190.0,0.0
S3,continuous,C,7,1071,124,takeoff,12414.680871667146,12444.680871667146,30.0,506.31469228272726
S3,continuous,C,10,1071,124,landing,12439.261946534047,12629.261946534047,190.0,0.0
S3,continuous,C,7,1072,40,takeoff,12444.680871667146,12474.680871667146,30.0,524.2336188883182
S3,continuous,C,9,1072,40,landing,13927.514012394207,14117.514012394207,190.0,1360.1030362498386
S3,continuous,C,4,1073,17,takeoff,13541.544999548658,13571.544999548658,30.0,1614.0309871544505
S3,continuous,C,12,1073,17,landing,14430.447252778828,14620.447252778828,190.0,718.7539947317928
S3,continuous,C,17,1074,106,takeoff,12303.81398536974,12333.81398536974,30.0,351.37937469939425
S3,continuous,C,19,1074,106,landing,12866.859175809821,13056.859175809821,190.0,349.57726857856505
S3,continuous,C,13,1075,30,takeoff,12559.824552166203,12589.824552166203,30.0,606.4056929624549
S3,continuous,C,4,1075,30,landing,13571.544999548658,13761.544999548658,190.0,934.3049136159752
S3,continuous,C,13,1076,112,takeoff,12589.824552166203,12619.824552166203,30.0,620.0
S3,continuous,C,11,1076,112,landing,12763.418859203748,12953.418859203748,190.0,107.77444755773104
S3,continuous,C,0,1077,129,takeoff,12416.255279073837,12446.255279073837,30.0,422.9253557590928
S3,continuous,C,18,1077,129,landing,12479.153992226959,12669.153992226959,190.0,0.0
S3,continuous,C,2,1078,68,takeoff,13348.985060552532,13378.985060552532,30.0,1112.1258847427107
S3,continuous,C,3,1078,68,landing,14229.579778839037,14419.579778839037,190.0,654.4282860065141
S3,continuous,C,8,1079,144,takeoff,14658.366179384419,14688.366179384419,30.0,2648.399589917499
S3,continuous,C,3,1079,144,landing,14749.579778839037,14939.579778839037,190.0,0.0
