scenario_id,sweep,model,flight_id,aircraft_id,planned_start_time,start_time,cruise_arrival_time,descent_start_time,end_time,delay_s,takeoff_pad_delay_s,landing_pad_delay_s,pad_delay_s,takeoff_pad_start_s,takeoff_pad_end_s,landing_pad_start_s,landing_pad_end_s,cruise_altitude,distance_m,detour_distance_m,building_risks,building_collisions,path_changes,altitude_changes
S3,continuous,B,0,53,0.0,0.0,57.22005293897965,57.22005293897965,81.1261689794537,0.0,0.0,0.0,0.0,0.0,0.0,71.1261689794537,71.1261689794537,350.0,2537.4925862316463,0.0,0,0,0,1
S3,continuous,B,1,128,10.0,10.0,17.12853975791389,17.12853975791389,55.71523023677202,0.0,0.0,0.0,0.0,10.0,10.0,45.71523023677203,45.71523023677203,300.0,473.3169131166006,0.0,0,0,0,0
S3,continuous,B,2,32,20.0,20.0,32.756333947311624,32.756333947311624,55.79225131361378,0.0,0.0,0.0,0.0,20.0,20.0,45.79225131361378,45.79225131361378,300.0,770.749326847003,0.0,0,0,0,0
S3,continuous,B,3,124,30.0,30.0,90.19486045375587,90.19486045375587,104.56716263266654,0.0,0.0,0.0,0.0,30.0,30.0,94.56716263266654,94.56716263266654,350.0,2047.637303556311,0.0,0,0,0,1
S3,continuous,B,4,125,40.0,40.0,93.73989830060002,93.73989830060002,106.81335241005452,0.0,0.0,0.0,0.0,40.0,40.0,96.81335241005452,96.81335241005452,350.0,536.20995181868,0.0,0,0,0,1
S3,continuous,B,5,21,50.0,50.0,102.28164987033799,102.28164987033799,126.18776591081203,0.0,0.0,0.0,0.0,50.0,50.0,116.18776591081203,116.18776591081203,350.0,2351.6944280223374,0.0,0,0,0,1
S3,continuous,B,6,134,60.0,60.0,126.5317162086188,126.5317162086188,146.9180719238463,0.0,0.0,0.0,0.0,60.0,60.0,136.9180719238463,136.9180719238463,350.0,2029.4802172601276,0.0,0,0,0,1
S3,continuous,B,7,51,70.0,70.0,120.05119866543096,120.05119866543096,156.0268380242653,0.0,0.0,0.0,0.0,70.0,70.0,146.0268380242653,146.0268380242653,350.0,2042.414285327003,0.0,0,0,0,1
S3,continuous,B,8,47,80.0,80.0,132.67078013601656,132.67078013601656,145.83055078150764,0.0,0.0,0.0,0.0,80.0,80.0,135.83055078150764,135.83055078150764,350.0,2180.476005725858,0.0,0,0,0,1
S3,continuous,B,9,26,90.0,90.0,175.9443112247592,175.9443112247592,208.98022859106135,0.0,0.0,0.0,0.0,90.0,90.0,198.98022859106135,198.98022859106135,350.0,3386.901026591527,0.0,0,0,0,1
S3,continuous,B,10,108,100.0,100.0,176.79604427258863,176.79604427258863,191.1683464514993,0.0,0.0,0.0,0.0,100.0,100.0,181.1683464514993,181.1683464514993,350.0,3054.493156681251,0.0,0,0,0,1
S3,continuous,B,11,25,110.0,110.0,161.9918602771078,161.9918602771078,165.15163092259888,0.0,0.0,0.0,0.0,110.0,110.0,161.9918602771078,161.9918602771078,300.0,1961.4848993154312,0.0,0,0,0,0
S3,continuous,B,12,70,120.0,120.0,179.9648873819331,179.9648873819331,217.53652320048454,0.0,0.0,0.0,0.0,120.0,120.0,207.53652320048454,207.53652320048454,350.0,1677.6180293310342,0.0,0,0,0,1
S3,continuous,B,13,124,130.0,130.0,156.8339337616198,156.8339337616198,159.9073878710743,0.0,0.0,0.0,0.0,130.0,130.0,156.8339337616198,156.8339337616198,300.0,691.699498081673,0.0,0,0,0,0
S3,continuous,B,14,52,140.0,140.0,201.63848171846564,201.63848171846564,239.21011753701708,0.0,0.0,0.0,0.0,140.0,140.0,229.21011753701708,229.21011753701708,350.0,1373.5690366410286,0.0,0,0,0,1
S3,continuous,B,15,147,150.0,150.0,202.209658491572,202.209658491572,228.15035176321803,0.0,0.0,0.0,0.0,150.0,150.0,218.15035176321803,218.15035176321803,350.0,2724.0553980968707,0.0,0,0,0,1
S3,continuous,B,16,67,160.0,160.0,212.38034169019733,212.38034169019733,247.0360925937521,0.0,0.0,0.0,0.0,160.0,160.0,237.0360925937521,237.0360925937521,350.0,2408.1429314252346,0.0,0,0,0,1
S3,continuous,B,17,7,170.0,170.0,248.31159115499761,248.31159115499761,288.98022859106135,0.0,0.0,0.0,0.0,170.0,170.0,278.98022859106135,278.98022859106135,350.0,3386.901026591527,0.0,0,0,0,1
S3,continuous,B,18,117,180.0,180.0,254.8902793359288,254.8902793359288,278.79639537640287,0.0,0.0,0.0,0.0,180.0,180.0,268.79639537640287,268.79639537640287,350.0,2604.316560707027,0.0,0,0,0,1
S3,continuous,B,19,0,190.0,190.0,205.72105425156795,205.72105425156795,216.10740996679544,0.0,0.0,0.0,0.0,190.0,190.0,206.10740996679544,206.10740996679544,300.0,830.3767609811754,0.0,0,0,0,0
S3,continuous,B,20,135,200.0,200.0,242.28730429351427,242.28730429351427,255.36075840296877,0.0,0.0,0.0,0.0,200.0,200.0,245.36075840296877,245.36075840296877,350.0,1627.3622876758616,0.0,0,0,0,1
S3,continuous,B,21,20,210.0,210.0,246.08071734612713,246.08071734612713,286.74935478219084,0.0,0.0,0.0,0.0,210.0,210.0,276.74935478219084,276.74935478219084,350.0,1355.4448667195618,0.0,0,0,0,1
S3,continuous,B,22,28,220.0,220.0,275.0461807274399,275.0461807274399,285.2051424149246,0.0,0.0,0.0,0.0,220.0,220.0,275.2051424149246,275.2051424149246,350.0,1403.6226481227427,0.0,0,0,0,1
S3,continuous,B,23,128,230.0,230.0,280.158647472075,280.158647472075,328.74533795093316,0.0,0.0,0.0,0.0,230.0,230.0,318.74533795093316,318.74533795093316,350.0,1857.5799272923741,0.0,0,0,0,1
S3,continuous,B,24,96,240.0,240.0,308.8281935014186,308.8281935014186,329.2145492166461,0.0,0.0,0.0,0.0,240.0,240.0,319.2145492166461,319.2145492166461,350.0,1766.9567549879378,0.0,0,0,0,1
S3,continuous,B,25,75,250.0,250.0,305.6364111791378,305.6364111791378,315.7953728666225,0.0,0.0,0.0,0.0,250.0,250.0,305.7953728666225,305.7953728666225,350.0,1541.3911265851596,0.0,0,0,0,1
S3,continuous,B,26,107,260.0,260.0,339.9368014514717,339.9368014514717,365.87749472311776,0.0,0.0,0.0,0.0,260.0,260.0,355.87749472311776,355.87749472311776,350.0,2535.3023061069043,0.0,0,0,0,1
S3,continuous,B,27,138,270.0,270.0,340.7032294659561,340.7032294659561,368.74533795093316,0.0,0.0,0.0,0.0,270.0,270.0,358.74533795093316,358.74533795093316,350.0,1857.5799272923741,0.0,0,0,0,1
S3,continuous,B,28,133,280.0,280.0,316.06782828920154,316.06782828920154,353.639464107753,0.0,0.0,0.0,0.0,280.0,280.0,343.639464107753,343.639464107753,350.0,1339.1005881702974,0.0,0,0,0,1
S3,continuous,B,29,59,290.0,290.0,334.5266155224677,334.5266155224677,367.56253288876985,0.0,0.0,0.0,0.0,290.0,290.0,357.56253288876985,357.56253288876985,350.0,1659.410132500123,0.0,0,0,0,1
S3,continuous,B,30,116,300.0,300.0,334.2363322854581,334.2363322854581,352.27844077043517,0.0,0.0,0.0,0.0,300.0,300.0,342.27844077043517,342.27844077043517,300.0,1515.0888722928607,0.0,0,0,0,0
S3,continuous,B,31,15,310.0,310.0,360.5349050114445,360.5349050114445,410.99680564012436,0.0,0.0,0.0,0.0,310.0,310.0,400.99680564012436,400.99680564012436,350.0,2307.108551849368,0.0,0,0,0,1
S3,continuous,B,32,143,320.0,320.0,390.16048042801214,390.16048042801214,437.56893324448953,0.0,0.0,0.0,0.0,320.0,320.0,427.56893324448953,427.56893324448953,350.0,2777.3029868973176,0.0,0,0,0,1
S3,continuous,B,33,137,330.0,330.0,371.87743059909803,371.87743059909803,375.0372012445891,0.0,0.0,0.0,0.0,330.0,330.0,371.87743059909803,371.87743059909803,300.0,1205.7964660392065,0.0,0,0,0,0
S3,continuous,B,34,142,340.0,340.0,385.7410971269607,385.7410971269607,403.7832056119378,0.0,0.0,0.0,0.0,340.0,340.0,393.7832056119378,393.7832056119378,300.0,1248.384375665003,0.0,0,0,0,0
S3,continuous,B,35,51,350.0,350.0,387.4430626738214,387.4430626738214,412.0988135773762,0.0,0.0,0.0,0.0,350.0,350.0,402.0988135773762,402.0988135773762,300.0,1506.8862428656148,0.0,0,0,0,0
S3,continuous,B,36,100,360.0,360.0,419.7620216019453,419.7620216019453,454.4177725055001,0.0,0.0,0.0,0.0,360.0,360.0,444.4177725055001,444.4177725055001,350.0,2683.203038818231,0.0,0,0,0,1
S3,continuous,B,37,75,370.0,370.0,404.01258868140087,404.01258868140087,432.05469716637793,0.0,0.0,0.0,0.0,370.0,370.0,422.05469716637793,422.05469716637793,350.0,1596.197264712995,0.0,0,0,0,1
S3,continuous,B,38,59,380.0,380.0,423.9960603097729,423.9960603097729,427.0695144192274,0.0,0.0,0.0,0.0,380.0,380.0,423.9960603097729,423.9960603097729,300.0,1346.6068640706828,0.0,0,0,0,0
S3,continuous,B,39,120,390.0,390.0,441.6647402012585,441.6647402012585,456.03704238016917,0.0,0.0,0.0,0.0,390.0,390.0,446.03704238016917,446.03704238016917,350.0,2262.898047442555,0.0,0,0,0,1
S3,continuous,B,40,49,400.0,400.0,458.70350818927915,458.70350818927915,483.35925909283395,0.0,0.0,0.0,0.0,400.0,400.0,473.35925909283395,473.35925909283395,300.0,1541.6954283677933,0.0,0,0,0,0
S3,continuous,B,41,4,410.0,410.0,463.51771940346924,463.51771940346924,504.18635683953295,0.0,0.0,0.0,0.0,410.0,410.0,494.18635683953295,494.18635683953295,350.0,2456.996528687935,0.0,0,0,0,1
S3,continuous,B,42,51,420.0,420.0,442.2073803897589,442.2073803897589,469.77901620831034,0.0,0.0,0.0,0.0,420.0,420.0,459.77901620831034,459.77901620831034,300.0,1348.724904043859,0.0,0,0,0,0
S3,continuous,B,43,89,430.0,430.0,480.05119866543095,480.05119866543095,516.0268380242653,0.0,0.0,0.0,0.0,430.0,430.0,506.02683802426526,506.02683802426526,350.0,2042.414285327003,0.0,0,0,0,1
S3,continuous,B,44,110,440.0,440.0,493.0262444118296,493.0262444118296,513.3496953880874,0.0,0.0,0.0,0.0,440.0,440.0,503.3496953880874,503.3496953880874,350.0,2825.1810258646497,0.0,0,0,0,1
S3,continuous,B,45,141,450.0,450.0,490.4844505881908,490.4844505881908,528.0560864067422,0.0,0.0,0.0,0.0,450.0,450.0,518.0560864067422,518.0560864067422,350.0,1412.6110624762441,0.0,0,0,0,1
S3,continuous,B,46,126,460.0,460.0,515.3127258214176,515.3127258214176,565.7746264500976,0.0,0.0,0.0,0.0,460.0,460.0,555.7746264500976,555.7746264500976,350.0,2465.61406874201,0.0,0,0,0,1
S3,continuous,B,47,36,470.0,470.0,490.9408625764978,490.9408625764978,494.01431668595234,0.0,0.0,0.0,0.0,470.0,470.0,490.9408625764978,490.9408625764978,300.0,631.3832524110901,0.0,0,0,0,0
S3,continuous,B,48,19,480.0,480.0,543.7780495843074,543.7780495843074,558.150351763218,0.0,0.0,0.0,0.0,480.0,480.0,548.150351763218,548.150351763218,350.0,2724.0553980968707,0.0,0,0,0,1
S3,continuous,B,49,12,490.0,490.0,532.9210418400475,532.9210418400475,558.8617351116935,0.0,0.0,0.0,0.0,490.0,490.0,548.8617351116935,548.8617351116935,350.0,709.259544905278,0.0,0,0,0,1
S3,continuous,B,50,41,500.0,500.0,563.472445511584,563.472445511584,591.5145539965612,0.0,0.0,0.0,0.0,500.0,500.0,581.5145539965612,581.5145539965612,350.0,2334.4920056085266,0.0,0,0,0,1
S3,continuous,B,51,108,510.0,510.0,539.6620911060822,539.6620911060822,559.9855420823401,0.0,0.0,0.0,0.0,510.0,510.0,549.9855420823401,549.9855420823401,350.0,1452.620691225218,0.0,0,0,0,1
S3,continuous,B,52,62,520.0,520.0,586.733001074094,586.733001074094,607.1193567893215,0.0,0.0,0.0,0.0,520.0,520.0,597.1193567893215,597.1193567893215,350.0,1554.6192706528168,0.0,0,0,0,1
S3,continuous,B,53,15,530.0,530.0,591.7739154206909,591.7739154206909,640.360605899549,0.0,0.0,0.0,0.0,530.0,530.0,630.360605899549,630.360605899549,350.0,2044.2769382963447,0.0,0,0,0,1
S3,continuous,B,54,43,540.0,540.0,606.6497368785247,606.6497368785247,627.0360925937522,0.0,0.0,0.0,0.0,540.0,540.0,617.0360925937522,617.0360925937522,350.0,2408.1429314252346,0.0,0,0,0,1
S3,continuous,B,55,68,550.0,550.0,597.8337797422344,597.8337797422344,620.8696971085365,0.0,0.0,0.0,0.0,550.0,550.0,610.8696971085365,610.8696971085365,300.0,924.5856567842118,0.0,0,0,0,0
S3,continuous,B,56,114,560.0,560.0,596.0678282892017,596.0678282892017,633.6394641077532,0.0,0.0,0.0,0.0,560.0,560.0,623.6394641077532,623.6394641077532,350.0,1339.1005881702974,0.0,0,0,0,1
S3,continuous,B,57,49,570.0,570.0,629.8428765067711,629.8428765067711,651.1541405941819,0.0,0.0,0.0,0.0,570.0,570.0,641.1541405941819,641.1541405941819,350.0,1099.9021746922076,0.0,0,0,0,1
S3,continuous,B,58,96,580.0,580.0,634.5789531146139,634.5789531146139,647.6524072240684,0.0,0.0,0.0,0.0,580.0,580.0,637.6524072240684,637.6524072240684,350.0,1387.046602710865,0.0,0,0,0,1
S3,continuous,B,59,27,590.0,590.0,658.0208578501143,658.0208578501143,679.3321219375251,0.0,0.0,0.0,0.0,590.0,590.0,669.3321219375251,669.3321219375251,350.0,2504.175538058795,0.0,0,0,0,1
S3,continuous,B,60,111,600.0,600.0,631.4343045176013,631.4343045176013,645.806606696512,0.0,0.0,0.0,0.0,600.0,600.0,635.806606696512,635.806606696512,350.0,693.2713229054,0.0,0,0,0,1
S3,continuous,B,61,76,610.0,610.0,644.0751824026129,644.0751824026129,684.5370830312928,0.0,0.0,0.0,0.0,610.0,610.0,674.5370830312928,674.5370830312928,300.0,1833.496394211893,0.0,0,0,0,0
S3,continuous,B,62,30,620.0,620.0,656.2097606331353,656.2097606331353,667.521024720546,0.0,0.0,0.0,0.0,620.0,620.0,657.521024720546,657.521024720546,300.0,1357.9436727391512,8.228371115009395,1,0,1,0
S3,continuous,B,63,63,630.0,630.0,695.9965431068044,695.9965431068044,706.1555047942891,0.0,0.0,0.0,0.0,630.0,630.0,696.1555047942891,696.1555047942891,350.0,1527.0430918749466,0.0,0,0,0,1
S3,continuous,B,64,90,640.0,640.0,700.8506905036797,700.8506905036797,738.2591433201571,0.0,0.0,0.0,0.0,640.0,640.0,728.2591433201571,728.2591433201571,300.0,2641.92387053292,0.5422187164358547,1,0,1,0
S3,continuous,B,65,64,650.0,650.0,718.1668686510436,718.1668686510436,732.5391708299543,0.0,0.0,0.0,0.0,650.0,650.0,722.5391708299543,722.5391708299543,350.0,1620.1401747678733,0.0,0,0,0,1
S3,continuous,B,66,34,660.0,660.0,681.0938750603931,681.0938750603931,707.0695144192274,0.0,0.0,0.0,0.0,660.0,660.0,697.0695144192274,697.0695144192274,300.0,1346.6068640706828,0.0,0,0,0,0
S3,continuous,B,67,38,670.0,670.0,671.7434877559986,671.7434877559986,712.2053883846785,0.0,0.0,0.0,0.0,670.0,670.0,702.2053883846785,702.2053883846785,300.0,308.7393828150869,0.0,0,0,0,0
S3,continuous,B,68,53,680.0,680.0,725.0467237946001,725.0467237946001,761.0223631534344,0.0,0.0,0.0,0.0,680.0,680.0,751.0223631534344,751.0223631534344,350.0,1868.7984977105145,0.0,0,0,0,1
S3,continuous,B,69,18,690.0,690.0,750.1019113617247,750.1019113617247,798.6886018405828,0.0,0.0,0.0,0.0,690.0,690.0,788.6886018405828,788.6886018405828,350.0,2996.4480663067043,0.0,0,0,0,1
S3,continuous,B,70,32,700.0,700.0,755.0361687540893,755.0361687540893,776.3474328415001,0.0,0.0,0.0,0.0,700.0,700.0,766.3474328415001,766.3474328415001,350.0,2175.9581522915028,0.0,0,0,0,1
S3,continuous,B,71,144,710.0,710.0,741.85881547727,741.85881547727,778.8617351116935,0.0,0.0,0.0,0.0,710.0,710.0,768.8617351116935,768.8617351116935,350.0,709.2595449052781,0.0,0,0,0,1
S3,continuous,B,72,75,720.0,720.0,765.3368252403892,765.3368252403892,768.4965958858803,0.0,0.0,0.0,0.0,720.0,720.0,765.3368252403892,765.3368252403892,300.0,1373.0738251306184,2.308858565058017,1,0,2,0
S3,continuous,B,73,22,730.0,730.0,782.281649870338,782.281649870338,806.1877659108121,0.0,0.0,0.0,0.0,730.0,730.0,796.1877659108121,796.1877659108121,350.0,2351.6944280223374,0.0,0,0,0,1
S3,continuous,B,74,19,740.0,740.0,808.667963600034,808.667963600034,828.9914145762918,0.0,0.0,0.0,0.0,740.0,740.0,818.9914145762918,818.9914145762918,350.0,2397.634784094103,0.0,0,0,0,1
S3,continuous,B,75,100,750.0,750.0,795.4126015879497,795.4126015879497,833.9992920668078,0.0,0.0,0.0,0.0,750.0,750.0,823.9992920668078,823.9992920668078,300.0,2440.3987016882393,0.5658547153320796,2,0,2,0
S3,continuous,B,76,59,760.0,760.0,808.4654278061164,808.4654278061164,836.5075362910935,0.0,0.0,0.0,0.0,760.0,760.0,826.5075362910935,826.5075362910935,350.0,1089.3923520431958,0.0,0,0,0,1
S3,continuous,B,77,13,770.0,770.0,837.6423781293162,837.6423781293162,872.298129032871,0.0,0.0,0.0,0.0,770.0,770.0,862.298129032871,862.298129032871,350.0,2365.8530876615205,0.0,0,0,0,1
S3,continuous,B,78,62,780.0,780.0,816.7958584139036,816.7958584139036,847.4644958499673,0.0,0.0,0.0,0.0,780.0,780.0,837.4644958499673,837.4644958499673,300.0,1623.390996355718,0.0,0,0,0,0
S3,continuous,B,79,145,790.0,790.0,844.1499703662681,844.1499703662681,868.0560864067422,0.0,0.0,0.0,0.0,790.0,790.0,858.0560864067422,858.0560864067422,350.0,1412.6110624762441,0.0,0,0,0,1
S3,continuous,B,80,53,800.0,800.0,861.9006430036712,861.9006430036712,898.9035626380947,0.0,0.0,0.0,0.0,800.0,800.0,888.9035626380947,888.9035626380947,350.0,1803.8248231929406,0.0,0,0,0,1
S3,continuous,B,81,129,810.0,810.0,847.1077867528695,847.1077867528695,860.2675573983606,0.0,0.0,0.0,0.0,810.0,810.0,850.2675573983606,850.2675573983606,350.0,1653.3593357192622,0.0,0,0,0,1
S3,continuous,B,82,89,820.0,820.0,895.4871767815429,895.4871767815429,899.8594789604535,0.0,0.0,0.0,0.0,820.0,820.0,895.4871767815429,895.4871767815429,300.0,2559.189424228821,0.11000795731115431,1,0,1,0
S3,continuous,B,83,125,830.0,830.0,880.5349050114445,880.5349050114445,930.9968056401244,0.0,0.0,0.0,0.0,830.0,830.0,920.9968056401244,920.9968056401244,350.0,2307.108551849368,0.0,0,0,0,1
S3,continuous,B,84,3,840.0,840.0,885.3368252403892,885.3368252403892,888.4965958858803,0.0,0.0,0.0,0.0,840.0,840.0,885.3368252403892,885.3368252403892,300.0,1373.0738251306184,2.308858565058017,1,0,2,0
S3,continuous,B,85,102,850.0,850.0,883.0477436154742,883.0477436154742,903.4340993307018,0.0,0.0,0.0,0.0,850.0,850.0,893.4340993307018,893.4340993307018,350.0,830.9041971118488,0.0,0,0,0,1
S3,continuous,B,86,68,860.0,860.0,922.2777693091447,922.2777693091447,935.4375399546358,0.0,0.0,0.0,0.0,860.0,860.0,925.4375399546358,925.4375399546358,350.0,1900.7325983597682,0.0,0,0,0,1
S3,continuous,B,87,106,870.0,870.0,904.0751824026129,904.0751824026129,944.5370830312928,0.0,0.0,0.0,0.0,870.0,870.0,934.5370830312928,934.5370830312928,300.0,1833.496394211893,0.0,0,0,0,0
S3,continuous,B,88,126,880.0,880.0,949.3766313987863,949.3766313987863,974.0323823023411,0.0,0.0,0.0,0.0,880.0,880.0,964.0323823023411,964.0323823023411,300.0,2368.8749349072764,0.0,0,0,0,0
S3,continuous,B,89,14,890.0,890.0,946.8525761973975,946.8525761973975,981.5083271009523,0.0,0.0,0.0,0.0,890.0,890.0,971.5083271009523,971.5083271009523,350.0,2710.1710241417095,0.0,0,0,0,1
S3,continuous,B,90,113,900.0,900.0,947.8337797422344,947.8337797422344,970.8696971085365,0.0,0.0,0.0,0.0,900.0,900.0,960.8696971085365,960.8696971085365,300.0,924.5856567842118,0.0,0,0,0,0
S3,continuous,B,91,88,910.0,910.0,962.6707801360164,962.6707801360164,975.8305507815076,0.0,0.0,0.0,0.0,910.0,910.0,965.8305507815076,965.8305507815076,350.0,2180.476005725858,0.0,0,0,0,1
S3,continuous,B,92,26,920.0,920.0,973.4476348657813,973.4476348657813,996.0969568642034,0.0,0.0,0.0,0.0,920.0,920.0,986.0969568642034,986.0969568642034,350.0,2362.2276489872024,0.0,0,0,0,1
S3,continuous,B,93,137,930.0,930.0,967.8659041360844,967.8659041360844,1005.4375399546359,0.0,0.0,0.0,0.0,930.0,930.0,995.4375399546359,995.4375399546359,350.0,1900.7325983597682,0.0,0,0,0,1
S3,continuous,B,94,122,940.0,940.0,1025.944311224759,1025.944311224759,1058.9802285910612,0.0,0.0,0.0,0.0,940.0,940.0,1048.9802285910612,1048.9802285910612,350.0,3386.901026591527,0.0,0,0,0,1
S3,continuous,B,95,5,950.0,950.0,1019.7644831888731,1019.7644831888731,1052.8004005551752,0.0,0.0,0.0,0.0,950.0,950.0,1042.8004005551752,1042.8004005551752,350.0,2679.0404937038375,0.0,0,0,0,1
S3,continuous,B,96,37,960.0,960.0,1010.8130890706192,1010.8130890706192,1043.8490064369214,0.0,0.0,0.0,0.0,960.0,960.0,1033.8490064369214,1033.8490064369214,350.0,2746.522521456433,0.0,0,0,0,1
S3,continuous,B,97,31,970.0,970.0,1030.0435264119167,1030.0435264119167,1057.0464460463402,0.0,0.0,0.0,0.0,970.0,970.0,1047.0464460463402,1047.0464460463402,300.0,1758.403779436979,6.317980480570213,1,0,2,0
S3,continuous,B,98,17,980.0,980.0,1001.1949901157552,1001.1949901157552,1017.1356833874013,0.0,0.0,0.0,0.0,980.0,980.0,1007.1356833874013,1007.1356833874013,300.0,712.6612841725439,0.0,0,0,0,0
S3,continuous,B,99,109,990.0,990.0,1051.1335421472197,1051.1335421472197,1088.705177965771,0.0,0.0,0.0,0.0,990.0,990.0,1078.705177965771,1078.705177965771,350.0,2044.9298951126168,0.0,0,0,0,1
S3,continuous,B,100,7,1000.0,1000.0,1055.5914725707678,1055.5914725707678,1106.0533731994476,0.0,0.0,0.0,0.0,1000.0,1000.0,1096.0533731994476,1096.0533731994476,350.0,1641.4901323839163,0.0,0,0,0,1
S3,continuous,B,101,141,1010.0,1010.0,1095.755088950036,1095.755088950036,1108.914859595527,0.0,0.0,0.0,0.0,1010.0,1010.0,1098.914859595527,1098.914859595527,350.0,2859.2835262137464,0.0,0,0,0,1
S3,continuous,B,102,12,1020.0,1020.0,1075.3127258214176,1075.3127258214176,1125.7746264500975,0.0,0.0,0.0,0.0,1020.0,1020.0,1115.7746264500975,1115.7746264500975,350.0,2465.61406874201,0.0,0,0,0,1
S3,continuous,B,103,132,1030.0,1030.0,1091.64457162557,1091.64457162557,1124.6804889918722,0.0,0.0,0.0,0.0,1030.0,1030.0,1114.6804889918722,1114.6804889918722,350.0,2878.109505300144,0.0,0,0,0,1
S3,continuous,B,104,93,1040.0,1040.0,1125.9443112247593,1125.9443112247593,1158.9802285910614,0.0,0.0,0.0,0.0,1040.0,1040.0,1148.9802285910614,1148.9802285910614,350.0,3386.901026591527,0.0,0,0,0,1
S3,continuous,B,105,130,1050.0,1050.0,1089.0104391633054,1089.0104391633054,1099.3338901395632,0.0,0.0,0.0,0.0,1050.0,1050.0,1089.3338901395632,1089.3338901395632,300.0,1539.7165091947336,0.6158379526814315,1,0,1,0
S3,continuous,B,106,57,1060.0,1060.0,1099.909247163932,1099.909247163932,1113.069017809423,0.0,0.0,0.0,0.0,1060.0,1060.0,1103.069017809423,1103.069017809423,350.0,1469.2567283838907,0.0,0,0,0,1
S3,continuous,B,107,120,1070.0,1070.0,1142.03116699345,1142.03116699345,1164.6804889918722,0.0,0.0,0.0,0.0,1070.0,1070.0,1154.6804889918722,1154.6804889918722,350.0,2878.109505300144,0.0,0,0,0,1
S3,continuous,B,108,67,1080.0,1080.0,1140.238089120955,1140.238089120955,1161.5493532083658,0.0,0.0,0.0,0.0,1080.0,1080.0,1151.5493532083658,1151.5493532083658,350.0,1840.5822177112796,0.0,0,0,0,1
S3,continuous,B,109,48,1090.0,1090.0,1151.1335421472197,1151.1335421472197,1188.705177965771,0.0,0.0,0.0,0.0,1090.0,1090.0,1178.705177965771,1178.705177965771,350.0,2044.9298951126168,0.0,0,0,0,1
S3,continuous,B,110,88,1100.0,1100.0,1156.4644642392177,1156.4644642392177,1184.036100057769,0.0,0.0,0.0,0.0,1100.0,1100.0,1174.036100057769,1174.036100057769,300.0,2481.607557451972,0.0,0,0,0,0
S3,continuous,B,111,75,1110.0,1110.0,1173.7780495843074,1173.7780495843074,1188.1503517632182,0.0,0.0,0.0,0.0,1110.0,1110.0,1178.1503517632182,1178.1503517632182,350.0,2724.0553980968707,0.0,0,0,0,1
S3,continuous,B,112,38,1120.0,1120.0,1172.8077830170987,1172.8077830170987,1194.1190471045095,0.0,0.0,0.0,0.0,1120.0,1120.0,1184.1190471045095,1184.1190471045095,350.0,1310.1576460996353,0.0,0,0,0,1
S3,continuous,B,113,36,1130.0,1130.0,1211.8232637680123,1211.8232637680123,1224.9830344135034,0.0,0.0,0.0,0.0,1130.0,1130.0,1214.9830344135034,1214.9830344135034,350.0,2408.865898993024,0.0,0,0,0,1
S3,continuous,B,114,109,1140.0,1140.0,1170.8991686101365,1170.8991686101365,1185.2714707890473,0.0,0.0,0.0,0.0,1140.0,1140.0,1175.2714707890473,1175.2714707890473,350.0,817.6114661799854,0.0,0,0,0,1
S3,continuous,B,115,99,1150.0,1150.0,1187.1290704635019,1187.1290704635019,1187.2880321509865,0.0,0.0,0.0,0.0,1150.0,1150.0,1187.1290704635019,1187.1290704635019,300.0,584.8335307802744,0.0,0,0,0,0
S3,continuous,B,116,73,1160.0,1160.0,1191.459043372981,1191.459043372981,1228.4619630074044,0.0,0.0,0.0,0.0,1160.0,1160.0,1218.4619630074044,1218.4619630074044,350.0,1470.7649665655601,0.0,0,0,0,1
S3,continuous,B,117,19,1170.0,1170.0,1206.7958584139037,1206.7958584139037,1237.4644958499675,0.0,0.0,0.0,0.0,1170.0,1170.0,1227.4644958499675,1227.4644958499675,300.0,1623.390996355718,0.0,0,0,0,0
S3,continuous,B,118,132,1180.0,1180.0,1242.7295386069368,1242.7295386069368,1278.705177965771,0.0,0.0,0.0,0.0,1180.0,1180.0,1268.705177965771,1268.705177965771,350.0,2044.9298951126168,0.0,0,0,0,1
S3,continuous,B,119,46,1190.0,1190.0,1216.8777978402866,1216.8777978402866,1232.8184911119326,0.0,0.0,0.0,0.0,1190.0,1190.0,1222.8184911119326,1222.8184911119326,300.0,1676.704132572043,0.0,0,0,0,0
S3,continuous,B,120,18,1200.0,1200.0,1240.4069294623055,1240.4069294623055,1256.3476227339515,0.0,0.0,0.0,0.0,1200.0,1200.0,1246.3476227339515,1246.3476227339515,300.0,2075.9708117882674,0.012659496764626965,2,0,1,0
S3,continuous,B,121,92,1210.0,1210.0,1253.0119672841897,1253.0119672841897,1256.0854213936443,0.0,0.0,0.0,0.0,1210.0,1210.0,1253.0119672841897,1253.0119672841897,300.0,2025.2879336640317,0.0,0,0,0,0
S3,continuous,B,122,118,1220.0,1220.0,1279.7110990660237,1279.7110990660237,1301.0223631534345,0.0,0.0,0.0,0.0,1220.0,1220.0,1291.0223631534345,1291.0223631534345,350.0,1868.7984977105143,0.0,0,0,0,1
S3,continuous,B,123,79,1230.0,1230.0,1269.8265803948555,1269.8265803948555,1279.98554208234,0.0,0.0,0.0,0.0,1230.0,1230.0,1269.98554208234,1269.98554208234,350.0,1452.620691225218,0.0,0,0,0,1
S3,continuous,B,124,74,1240.0,1240.0,1293.6564168482957,1293.6564168482957,1317.5625328887697,0.0,0.0,0.0,0.0,1240.0,1240.0,1307.5625328887697,1307.5625328887697,350.0,1659.410132500123,0.0,0,0,0,1
S3,continuous,B,125,11,1250.0,1250.0,1298.5161760857113,1298.5161760857113,1308.675137773196,0.0,0.0,0.0,0.0,1250.0,1250.0,1298.675137773196,1298.675137773196,350.0,2398.914579785366,0.0,0,0,0,1
S3,continuous,B,126,69,1260.0,1260.0,1284.0325450999478,1284.0325450999478,1302.0746535849248,0.0,0.0,0.0,0.0,1260.0,1260.0,1292.0746535849248,1292.0746535849248,300.0,1051.8882799823875,0.0,0,0,0,0
S3,continuous,B,127,84,1270.0,1270.0,1342.2835039613228,1342.2835039613228,1368.2591433201571,0.0,0.0,0.0,0.0,1270.0,1270.0,1358.2591433201571,1358.2591433201571,300.0,2641.9238705329203,0.5422187164358547,1,0,1,0
S3,continuous,B,128,6,1280.0,1280.0,1340.8506905036797,1340.8506905036797,1378.2591433201571,0.0,0.0,0.0,0.0,1280.0,1280.0,1368.2591433201571,1368.2591433201571,300.0,2641.92387053292,0.5422187164358547,1,0,1,0
S3,continuous,B,129,71,1290.0,1290.0,1296.6193947149227,1296.6193947149227,1327.2880321509865,0.0,0.0,0.0,0.0,1290.0,1290.0,1317.2880321509865,1317.2880321509865,300.0,584.8335307802744,0.0,0,0,0,0
S3,continuous,B,130,33,1300.0,1300.0,1359.345075369115,1359.345075369115,1396.3479950035385,0.0,0.0,0.0,0.0,1300.0,1300.0,1386.3479950035385,1386.3479950035385,350.0,1824.4354139691113,0.0,0,0,0,1
S3,continuous,B,131,90,1310.0,1310.0,1353.0119672841897,1353.0119672841897,1356.0854213936443,0.0,0.0,0.0,0.0,1310.0,1310.0,1353.0119672841897,1353.0119672841897,300.0,2025.2879336640317,0.0,0,0,0,0
S3,continuous,B,132,19,1320.0,1320.0,1349.6620911060822,1349.6620911060822,1369.98554208234,0.0,0.0,0.0,0.0,1320.0,1320.0,1359.98554208234,1359.98554208234,350.0,1452.620691225218,0.0,0,0,0,1
S3,continuous,B,133,105,1330.0,1330.0,1407.9002057168486,1407.9002057168486,1431.8063217573226,0.0,0.0,0.0,0.0,1330.0,1330.0,1421.8063217573226,1421.8063217573226,350.0,2389.356370976175,0.0,0,0,0,1
S3,continuous,B,134,55,1340.0,1340.0,1393.6564168482957,1393.6564168482957,1417.5625328887697,0.0,0.0,0.0,0.0,1340.0,1340.0,1407.5625328887697,1407.5625328887697,350.0,1659.410132500123,0.0,0,0,0,1
S3,continuous,B,135,139,1350.0,1350.0,1380.867268188866,1380.867268188866,1407.8701878232896,0.0,0.0,0.0,0.0,1350.0,1350.0,1397.8701878232896,1397.8701878232896,300.0,591.001383635074,0.0,0,0,0,0
S3,continuous,B,136,79,1360.0,1360.0,1376.3514517813746,1376.3514517813746,1426.8133524100544,0.0,0.0,0.0,0.0,1360.0,1360.0,1416.8133524100544,1416.8133524100544,350.0,536.20995181868,0.0,0,0,0,1
S3,continuous,B,137,119,1370.0,1370.0,1421.9884949418683,1421.9884949418683,1458.9914145762918,0.0,0.0,0.0,0.0,1370.0,1370.0,1448.9914145762918,1448.9914145762918,350.0,2397.634784094103,0.0,0,0,0,1
S3,continuous,B,138,8,1380.0,1380.0,1429.5413983237797,1429.5413983237797,1462.5773156900818,0.0,0.0,0.0,0.0,1380.0,1380.0,1452.5773156900818,1452.5773156900818,350.0,2841.4701710219383,0.0,0,0,0,1
S3,continuous,B,139,65,1390.0,1390.0,1449.7110990660237,1449.7110990660237,1471.0223631534345,0.0,0.0,0.0,0.0,1390.0,1390.0,1461.0223631534345,1461.0223631534345,350.0,1868.7984977105143,0.0,0,0,0,1
S3,continuous,B,140,93,1400.0,1400.0,1444.0791760905258,1444.0791760905258,1460.019869362172,0.0,0.0,0.0,0.0,1400.0,1400.0,1450.019869362172,1450.019869362172,300.0,2381.7023955240525,6.928164313739217,3,0,3,0
S3,continuous,B,141,14,1410.0,1410.0,1458.8437716555218,1458.8437716555218,1499.5124090915856,0.0,0.0,0.0,0.0,1410.0,1410.0,1489.5124090915856,1489.5124090915856,350.0,2648.0754410764785,0.0,0,0,0,1
S3,continuous,B,142,139,1420.0,1420.0,1460.4844505881908,1460.4844505881908,1498.0560864067422,0.0,0.0,0.0,0.0,1420.0,1420.0,1488.0560864067422,1488.0560864067422,350.0,1412.6110624762441,0.0,0,0,0,1
S3,continuous,B,143,57,1430.0,1430.0,1491.6384817184658,1491.6384817184658,1529.2101175370171,0.0,0.0,0.0,0.0,1430.0,1430.0,1519.2101175370171,1519.2101175370171,350.0,1373.5690366410286,0.0,0,0,0,1
S3,continuous,B,144,56,1440.0,1440.0,1456.5335542691796,1456.5335542691796,1472.4742475408257,0.0,0.0,0.0,0.0,1440.0,1440.0,1462.4742475408257,1462.4742475408257,300.0,992.410747553835,0.0,0,0,0,0
S3,continuous,B,145,31,1450.0,1450.0,1471.0938750603932,1471.0938750603932,1497.0695144192275,0.0,0.0,0.0,0.0,1450.0,1450.0,1487.0695144192275,1487.0695144192275,300.0,1346.6068640706828,0.0,0,0,0,0
S3,continuous,B,146,33,1460.0,1460.0,1519.9648873819333,1519.9648873819333,1557.5365232004847,0.0,0.0,0.0,0.0,1460.0,1460.0,1547.5365232004847,1547.5365232004847,350.0,1677.6180293310342,0.0,0,0,0,1
S3,continuous,B,147,44,1470.0,1470.0,1501.6882978696974,1501.6882978696974,1512.0746535849248,0.0,0.0,0.0,0.0,1470.0,1470.0,1502.0746535849248,1502.0746535849248,300.0,1051.8882799823875,0.0,0,0,0,0
S3,continuous,B,148,76,1480.0,1480.0,1540.8506905036797,1540.8506905036797,1578.2591433201571,0.0,0.0,0.0,0.0,1480.0,1480.0,1568.2591433201571,1568.2591433201571,300.0,2641.92387053292,0.5422187164358547,1,0,1,0
S3,continuous,B,149,10,1490.0,1490.0,1518.9591544672046,1518.9591544672046,1534.8998477388507,0.0,0.0,0.0,0.0,1490.0,1490.0,1524.8998477388507,1524.8998477388507,300.0,489.87579178599117,0.0,0,0,0,0
S3,continuous,B,150,113,1500.0,1500.0,1529.5279832902274,1529.5279832902274,1553.4340993307014,0.0,0.0,0.0,0.0,1500.0,1500.0,1543.4340993307014,1543.4340993307014,350.0,830.9041971118488,0.0,0,0,0,1
S3,continuous,B,151,111,1510.0,1510.0,1574.061587805435,1574.061587805435,1607.097505171737,0.0,0.0,0.0,0.0,1510.0,1510.0,1597.097505171737,1597.097505171737,350.0,2154.1053964043917,0.0,0,0,0,1
S3,continuous,B,152,119,1520.0,1520.0,1575.9358618063595,1575.9358618063595,1623.344314622837,0.0,0.0,0.0,0.0,1520.0,1520.0,1613.344314622837,1613.344314622837,350.0,1458.2004092824181,0.0,0,0,0,1
S3,continuous,B,153,50,1530.0,1530.0,1558.1158794094374,1558.1158794094374,1558.274841096922,0.0,0.0,0.0,0.0,1530.0,1530.0,1558.1158794094374,1558.1158794094374,300.0,762.5900791596748,0.0,0,0,0,0
S3,continuous,B,154,100,1540.0,1540.0,1583.2273909843068,1583.2273909843068,1603.6137466995342,0.0,0.0,0.0,0.0,1540.0,1540.0,1593.6137466995342,1593.6137466995342,350.0,1730.4783673273528,0.0,0,0,0,1
S3,continuous,B,155,108,1550.0,1550.0,1588.5326663104631,1588.5326663104631,1637.1193567893213,0.0,0.0,0.0,0.0,1550.0,1550.0,1627.1193567893213,1627.1193567893213,350.0,1554.6192706528168,0.0,0,0,0,1
S3,continuous,B,156,83,1560.0,1560.0,1604.5266155224676,1604.5266155224676,1637.5625328887697,0.0,0.0,0.0,0.0,1560.0,1560.0,1627.5625328887697,1627.5625328887697,350.0,1659.410132500123,0.0,0,0,0,1
S3,continuous,B,157,88,1570.0,1570.0,1616.4981119547338,1616.4981119547338,1653.5010315891573,0.0,0.0,0.0,0.0,1570.0,1570.0,1643.5010315891573,1643.5010315891573,350.0,2398.5967607882208,0.0,0,0,0,1
S3,continuous,B,158,75,1580.0,1580.0,1640.8506905036797,1640.8506905036797,1678.2591433201571,0.0,0.0,0.0,0.0,1580.0,1580.0,1668.2591433201571,1668.2591433201571,300.0,2641.92387053292,0.5422187164358547,1,0,1,0
S3,continuous,B,159,27,1590.0,1590.0,1653.472445511584,1653.472445511584,1681.514553996561,0.0,0.0,0.0,0.0,1590.0,1590.0,1671.514553996561,1671.514553996561,350.0,2334.4920056085266,0.0,0,0,0,1
S3,continuous,B,160,31,1600.0,1600.0,1644.0791760905258,1644.0791760905258,1660.019869362172,0.0,0.0,0.0,0.0,1600.0,1600.0,1650.019869362172,1650.019869362172,300.0,2381.7023955240525,6.928164313739217,3,0,3,0
S3,continuous,B,161,2,1610.0,1610.0,1654.5211337848236,1654.5211337848236,1704.9830344135034,0.0,0.0,0.0,0.0,1610.0,1610.0,1694.9830344135034,1694.9830344135034,350.0,2408.865898993024,0.0,0,0,0,1
S3,continuous,B,162,22,1620.0,1620.0,1701.7084178500934,1701.7084178500934,1752.1703184787732,0.0,0.0,0.0,0.0,1620.0,1620.0,1742.1703184787732,1742.1703184787732,350.0,2703.358113620047,0.0,0,0,0,1
S3,continuous,B,163,91,1630.0,1630.0,1679.5413983237797,1679.5413983237797,1712.5773156900818,0.0,0.0,0.0,0.0,1630.0,1630.0,1702.5773156900818,1702.5773156900818,350.0,2841.4701710219383,0.0,0,0,0,1
S3,continuous,B,164,138,1640.0,1640.0,1664.0325450999478,1664.0325450999478,1682.0746535849248,0.0,0.0,0.0,0.0,1640.0,1640.0,1672.0746535849248,1672.0746535849248,300.0,1051.8882799823875,0.0,0,0,0,0
S3,continuous,B,165,29,1650.0,1650.0,1701.8016647205397,1701.8016647205397,1749.2101175370171,0.0,0.0,0.0,0.0,1650.0,1650.0,1739.2101175370171,1739.2101175370171,350.0,1373.5690366410286,0.0,0,0,0,1
S3,continuous,B,166,144,1660.0,1660.0,1681.0938750603932,1681.0938750603932,1707.0695144192275,0.0,0.0,0.0,0.0,1660.0,1660.0,1697.0695144192275,1697.0695144192275,300.0,1346.6068640706828,0.0,0,0,0,0
S3,continuous,B,167,46,1670.0,1670.0,1720.6885641979654,1720.6885641979654,1768.0970170144428,0.0,0.0,0.0,0.0,1670.0,1670.0,1758.0970170144428,1758.0970170144428,350.0,2302.0852585564157,0.0,0,0,0,1
S3,continuous,B,168,82,1680.0,1680.0,1740.916597672106,1740.916597672106,1764.82271371258,0.0,0.0,0.0,0.0,1680.0,1680.0,1754.82271371258,1754.82271371258,350.0,1184.4578454798466,0.0,0,0,0,1
S3,continuous,B,169,30,1690.0,1690.0,1745.8643149345542,1745.8643149345542,1766.187765910812,0.0,0.0,0.0,0.0,1690.0,1690.0,1756.187765910812,1756.187765910812,350.0,2351.6944280223374,0.0,0,0,0,1
S3,continuous,B,170,143,1700.0,1700.0,1733.114568175874,1733.114568175874,1763.7832056119378,0.0,0.0,0.0,0.0,1700.0,1700.0,1753.7832056119378,1753.7832056119378,300.0,1248.384375665003,0.0,0,0,0,0
S3,continuous,B,171,44,1710.0,1710.0,1755.3368252403893,1755.3368252403893,1758.4965958858804,0.0,0.0,0.0,0.0,1710.0,1710.0,1755.3368252403893,1755.3368252403893,300.0,1373.0738251306184,2.308858565058017,1,0,2,0
S3,continuous,B,172,64,1720.0,1720.0,1741.7351077878848,1741.7351077878848,1746.1074099667953,0.0,0.0,0.0,0.0,1720.0,1720.0,1741.7351077878848,1741.7351077878848,300.0,830.3767609811754,0.0,0,0,0,0
S3,continuous,B,173,19,1730.0,1730.0,1781.9884949418683,1781.9884949418683,1818.9914145762918,0.0,0.0,0.0,0.0,1730.0,1730.0,1808.9914145762918,1808.9914145762918,350.0,2397.634784094103,0.0,0,0,0,1
S3,continuous,B,174,41,1740.0,1740.0,1797.908956696436,1797.908956696436,1830.944874062738,0.0,0.0,0.0,0.0,1740.0,1740.0,1820.944874062738,1820.944874062738,350.0,2426.1006148424,0.0,0,0,0,1
S3,continuous,B,175,28,1750.0,1750.0,1781.8945484644553,1781.8945484644553,1807.8701878232896,0.0,0.0,0.0,0.0,1750.0,1750.0,1797.8701878232896,1797.8701878232896,300.0,591.001383635074,0.0,0,0,0,0
S3,continuous,B,176,37,1760.0,1760.0,1798.7239798620883,1798.7239798620883,1836.2956156806397,0.0,0.0,0.0,0.0,1760.0,1760.0,1826.2956156806397,1826.2956156806397,350.0,1040.1934799917333,0.0,0,0,0,1
S3,continuous,B,177,23,1770.0,1770.0,1801.8588154772701,1801.8588154772701,1838.8617351116936,0.0,0.0,0.0,0.0,1770.0,1770.0,1828.8617351116936,1828.8617351116936,350.0,709.2595449052781,0.0,0,0,0,1
S3,continuous,B,178,134,1780.0,1780.0,1816.2360232337219,1816.2360232337219,1864.82271371258,0.0,0.0,0.0,0.0,1780.0,1780.0,1854.82271371258,1854.82271371258,350.0,1184.4578454798466,0.0,0,0,0,1
S3,continuous,B,179,51,1790.0,1790.0,1814.1925563798306,1814.1925563798306,1840.168195738665,0.0,0.0,0.0,0.0,1790.0,1790.0,1830.168195738665,1830.168195738665,300.0,759.7058703647041,0.0,0,0,0,0
S3,continuous,B,180,104,1800.0,1800.0,1842.5554595912809,1842.5554595912809,1845.715230236772,0.0,0.0,0.0,0.0,1800.0,1800.0,1842.5554595912809,1842.5554595912809,300.0,473.3169131166006,0.0,0,0,0,0
S3,continuous,B,181,2,1810.0,1810.0,1872.2777693091448,1872.2777693091448,1885.437539954636,0.0,0.0,0.0,0.0,1810.0,1810.0,1875.437539954636,1875.437539954636,350.0,1900.7325983597682,0.0,0,0,0,1
S3,continuous,B,182,3,1820.0,1820.0,1863.1083086450053,1863.1083086450053,1874.419572732416,0.0,0.0,0.0,0.0,1820.0,1820.0,1864.419572732416,1864.419572732416,300.0,1509.895325848775,0.0,0,0,0,0
S3,continuous,B,183,13,1830.0,1830.0,1881.2658133868852,1881.2658133868852,1901.6521691021126,0.0,0.0,0.0,0.0,1830.0,1830.0,1891.6521691021126,1891.6521691021126,350.0,2122.94448113245,0.0,0,0,0,1
S3,continuous,B,184,76,1840.0,1840.0,1886.5211633506983,1886.5211633506983,1912.4968027095326,0.0,0.0,0.0,0.0,1840.0,1840.0,1902.4968027095326,1902.4968027095326,300.0,2594.676276638155,0.06310069941400798,1,0,1,0
S3,continuous,B,185,78,1850.0,1850.0,1856.6193947149227,1856.6193947149227,1887.2880321509865,0.0,0.0,0.0,0.0,1850.0,1850.0,1877.2880321509865,1877.2880321509865,300.0,584.8335307802744,0.0,0,0,0,0
S3,continuous,B,186,80,1860.0,1860.0,1928.4817373808962,1928.4817373808962,1966.0533731994476,0.0,0.0,0.0,0.0,1860.0,1860.0,1956.0533731994476,1956.0533731994476,350.0,1641.4901323839163,0.0,0,0,0,1
S3,continuous,B,187,75,1870.0,1870.0,1914.5464335739425,1914.5464335739425,1951.549353208366,0.0,0.0,0.0,0.0,1870.0,1870.0,1941.549353208366,1941.549353208366,350.0,1840.5822177112793,0.0,0,0,0,1
S3,continuous,B,188,130,1880.0,1880.0,1955.5895067045583,1955.5895067045583,1981.5301999762044,0.0,0.0,0.0,0.0,1880.0,1880.0,1971.5301999762044,1971.5301999762044,350.0,2172.824667132534,0.0,0,0,0,1
S3,continuous,B,189,45,1890.0,1890.0,1940.0066825065771,1940.0066825065771,1952.6560045049994,0.0,0.0,0.0,0.0,1890.0,1890.0,1942.6560045049994,1942.6560045049994,300.0,901.874904995335,0.0,0,0,0,0
S3,continuous,B,190,109,1900.0,1900.0,1981.9738666835863,1981.9738666835863,2002.297317659844,0.0,0.0,0.0,0.0,1900.0,1900.0,1992.297317659844,1992.297317659844,350.0,3529.326796198407,0.0,0,0,0,1
S3,continuous,B,191,107,1910.0,1910.0,1965.4456918234828,1965.4456918234828,2004.032382302341,0.0,0.0,0.0,0.0,1910.0,1910.0,1994.032382302341,1994.032382302341,300.0,2368.8749349072764,0.0,0,0,0,0
S3,continuous,B,192,16,1920.0,1920.0,1975.0361687540894,1975.0361687540894,1996.3474328415002,0.0,0.0,0.0,0.0,1920.0,1920.0,1986.3474328415002,1986.3474328415002,350.0,2175.9581522915028,0.0,0,0,0,1
S3,continuous,B,193,66,1930.0,1930.0,1974.3028355942854,1974.3028355942854,1988.6751377731962,0.0,0.0,0.0,0.0,1930.0,1930.0,1978.6751377731962,1978.6751377731962,350.0,2398.914579785366,0.0,0,0,0,1
S3,continuous,B,194,9,1940.0,1940.0,1982.0464266971937,1982.0464266971937,1982.2053883846784,0.0,0.0,0.0,0.0,1940.0,1940.0,1982.0464266971937,1982.0464266971937,300.0,308.7393828150869,0.0,0,0,0,0
S3,continuous,B,195,128,1950.0,1950.0,1978.3806017350792,1978.3806017350792,1999.69186582249,0.0,0.0,0.0,0.0,1950.0,1950.0,1989.69186582249,1989.69186582249,350.0,741.4378336699779,0.0,0,0,0,1
S3,continuous,B,196,43,1960.0,1960.0,1988.3806017350792,1988.3806017350792,2009.69186582249,0.0,0.0,0.0,0.0,1960.0,1960.0,1999.69186582249,1999.69186582249,350.0,741.4378336699779,0.0,0,0,0,1
S3,continuous,B,197,56,1970.0,1970.0,2026.425903805933,2026.425903805933,2046.749354782191,0.0,0.0,0.0,0.0,1970.0,1970.0,2036.749354782191,2036.749354782191,350.0,1355.4448667195618,0.0,0,0,0,1
S3,continuous,B,198,5,1980.0,1980.0,2040.4865741511987,2040.4865741511987,2060.872929866426,0.0,0.0,0.0,0.0,1980.0,1980.0,2050.872929866426,2050.872929866426,350.0,1915.8722948612776,0.0,0,0,0,1
S3,continuous,B,199,89,1990.0,1990.0,2046.8525761973976,2046.8525761973976,2081.5083271009526,0.0,0.0,0.0,0.0,1990.0,1990.0,2071.5083271009526,2071.5083271009526,350.0,2710.1710241417095,0.0,0,0,0,1
S3,continuous,B,200,121,2000.0,2000.0,2066.6497368785244,2066.6497368785244,2087.036092593752,0.0,0.0,0.0,0.0,2000.0,2000.0,2077.036092593752,2077.036092593752,350.0,2408.1429314252346,0.0,0,0,0,1
S3,continuous,B,201,134,2010.0,2010.0,2085.487176781543,2085.487176781543,2089.8594789604535,0.0,0.0,0.0,0.0,2010.0,2010.0,2085.487176781543,2085.487176781543,300.0,2559.189424228821,0.11000795731115431,1,0,1,0
S3,continuous,B,202,87,2020.0,2020.0,2078.2349252020313,2078.2349252020313,2118.903562638095,0.0,0.0,0.0,0.0,2020.0,2020.0,2108.903562638095,2108.903562638095,350.0,1803.8248231929406,0.0,0,0,0,1
S3,continuous,B,203,18,2030.0,2030.0,2090.194860453756,2090.194860453756,2104.5671626326666,0.0,0.0,0.0,0.0,2030.0,2030.0,2094.5671626326666,2094.5671626326666,350.0,2047.637303556311,0.0,0,0,0,1
S3,continuous,B,204,145,2040.0,2040.0,2099.711099066024,2099.711099066024,2121.022363153435,0.0,0.0,0.0,0.0,2040.0,2040.0,2111.022363153435,2111.022363153435,350.0,1868.7984977105143,0.0,0,0,0,1
S3,continuous,B,205,54,2050.0,2050.0,2062.7563339473113,2062.7563339473113,2085.7922513136136,0.0,0.0,0.0,0.0,2050.0,2050.0,2075.7922513136136,2075.7922513136136,300.0,770.749326847003,0.0,0,0,0,0
S3,continuous,B,206,77,2060.0,2060.0,2113.4476348657818,2113.4476348657818,2136.096956864204,0.0,0.0,0.0,0.0,2060.0,2060.0,2126.096956864204,2126.096956864204,350.0,2362.2276489872024,0.0,0,0,0,1
S3,continuous,B,207,109,2070.0,2070.0,2096.8795796427144,2096.8795796427144,2118.1908437301254,0.0,0.0,0.0,0.0,2070.0,2070.0,2108.1908437301254,2108.1908437301254,350.0,1087.0091068127344,0.0,0,0,0,1
S3,continuous,B,208,104,2080.0,2080.0,2128.5548942439373,2128.5548942439373,2151.2042162423595,0.0,0.0,0.0,0.0,2080.0,2080.0,2141.2042162423595,2141.2042162423595,350.0,2096.9600827187032,0.0,0,0,0,1
S3,continuous,B,209,137,2090.0,2090.0,2141.9918602771077,2141.9918602771077,2145.1516309225985,0.0,0.0,0.0,0.0,2090.0,2090.0,2141.9918602771077,2141.9918602771077,300.0,1961.4848993154312,0.0,0,0,0,0
S3,continuous,B,210,22,2100.0,2100.0,2130.441091144522,2130.441091144522,2144.347207184996,0.0,0.0,0.0,0.0,2100.0,2100.0,2134.347207184996,2134.347207184996,300.0,2089.1340191089507,0.0,0,0,0,0
S3,continuous,B,211,97,2110.0,2110.0,2157.414565089704,2157.414565089704,2194.9862009082553,0.0,0.0,0.0,0.0,2110.0,2110.0,2184.9862009082553,2184.9862009082553,350.0,1952.1209951703202,0.0,0,0,0,1
S3,continuous,B,212,21,2120.0,2120.0,2195.487176781543,2195.487176781543,2199.8594789604535,0.0,0.0,0.0,0.0,2120.0,2120.0,2195.487176781543,2195.487176781543,300.0,2559.189424228821,0.11000795731115431,1,0,1,0
S3,continuous,B,213,80,2130.0,2130.0,2210.2442135389574,2210.2442135389574,2220.4031752264423,0.0,0.0,0.0,0.0,2130.0,2130.0,2210.4031752264423,2210.4031752264423,350.0,2404.2297981716765,0.0,0,0,0,1
S3,continuous,B,214,71,2140.0,2140.0,2212.8750927521223,2212.8750927521223,2234.1863568395333,0.0,0.0,0.0,0.0,2140.0,2140.0,2224.1863568395333,2224.1863568395333,350.0,2456.996528687935,0.0,0,0,0,1
S3,continuous,B,215,33,2150.0,2150.0,2229.9368014514716,2229.9368014514716,2255.8774947231177,0.0,0.0,0.0,0.0,2150.0,2150.0,2245.8774947231177,2245.8774947231177,350.0,2535.3023061069043,0.0,0,0,0,1
S3,continuous,B,216,92,2160.0,2160.0,2212.8077830170987,2212.8077830170987,2234.1190471045097,0.0,0.0,0.0,0.0,2160.0,2160.0,2224.1190471045097,2224.1190471045097,350.0,1310.1576460996353,0.0,0,0,0,1
S3,continuous,B,217,123,2170.0,2170.0,2191.0938750603927,2191.0938750603927,2217.0695144192273,0.0,0.0,0.0,0.0,2170.0,2170.0,2207.0695144192273,2207.0695144192273,300.0,1346.6068640706828,0.0,0,0,0,0
S3,continuous,B,218,106,2180.0,2180.0,2238.478636630259,2238.478636630259,2271.5145539965615,0.0,0.0,0.0,0.0,2180.0,2180.0,2261.5145539965615,2261.5145539965615,350.0,2334.4920056085266,0.0,0,0,0,1
S3,continuous,B,219,57,2190.0,2190.0,2249.7338356336927,2249.7338356336927,2282.769752999995,0.0,0.0,0.0,0.0,2190.0,2190.0,2272.769752999995,2272.769752999995,350.0,1928.9375352828956,0.0,0,0,0,1
S3,continuous,B,220,32,2200.0,2200.0,2239.027323891167,2239.027323891167,2289.4892245198466,0.0,0.0,0.0,0.0,2200.0,2200.0,2279.4892245198466,2279.4892245198466,350.0,1600.8516190186124,0.0,0,0,0,1
S3,continuous,B,221,73,2210.0,2210.0,2272.0951869057544,2272.0951869057544,2312.7638243418182,0.0,0.0,0.0,0.0,2210.0,2210.0,2302.7638243418182,2302.7638243418182,350.0,2124.5245537691626,0.0,0,0,0,1
S3,continuous,B,222,113,2220.0,2220.0,2275.864314934554,2275.864314934554,2296.187765910812,0.0,0.0,0.0,0.0,2220.0,2220.0,2286.187765910812,2286.187765910812,350.0,2351.6944280223374,0.0,0,0,0,1
S3,continuous,B,223,112,2230.0,2230.0,2258.3806017350794,2258.3806017350794,2279.6918658224904,0.0,0.0,0.0,0.0,2230.0,2230.0,2269.6918658224904,2269.6918658224904,350.0,741.4378336699779,0.0,0,0,0,1
S3,continuous,B,224,144,2240.0,2240.0,2284.5464335739425,2284.5464335739425,2321.549353208366,0.0,0.0,0.0,0.0,2240.0,2240.0,2311.549353208366,2311.549353208366,350.0,1840.5822177112793,0.0,0,0,0,1
S3,continuous,B,225,8,2250.0,2250.0,2320.160480428012,2320.160480428012,2367.568933244489,0.0,0.0,0.0,0.0,2250.0,2250.0,2357.568933244489,2357.568933244489,350.0,2777.3029868973176,0.0,0,0,0,1
S3,continuous,B,226,122,2260.0,2260.0,2290.728329355354,2290.728329355354,2290.887291042839,0.0,0.0,0.0,0.0,2260.0,2260.0,2290.728329355354,2290.728329355354,300.0,1066.3406803761945,0.0,0,0,0,0
S3,continuous,B,227,86,2270.0,2270.0,2336.786191126273,2336.786191126273,2373.7891107606965,0.0,0.0,0.0,0.0,2270.0,2270.0,2363.7891107606965,2363.7891107606965,350.0,1525.6101344883857,0.0,0,0,0,1
S3,continuous,B,228,5,2280.0,2280.0,2320.4069294623055,2320.4069294623055,2336.3476227339515,0.0,0.0,0.0,0.0,2280.0,2280.0,2326.3476227339515,2326.3476227339515,300.0,2075.9708117882674,0.012659496764626965,2,0,1,0
S3,continuous,B,229,134,2290.0,2290.0,2329.909247163932,2329.909247163932,2343.069017809423,0.0,0.0,0.0,0.0,2290.0,2290.0,2333.069017809423,2333.069017809423,350.0,1469.2567283838907,0.0,0,0,0,1
S3,continuous,B,230,74,2300.0,2300.0,2359.9648873819333,2359.9648873819333,2397.5365232004847,0.0,0.0,0.0,0.0,2300.0,2300.0,2387.5365232004847,2387.5365232004847,350.0,1677.6180293310342,0.0,0,0,0,1
S3,continuous,B,231,70,2310.0,2310.0,2346.1281504339477,2346.1281504339477,2372.103789792782,0.0,0.0,0.0,0.0,2310.0,2310.0,2362.103789792782,2362.103789792782,300.0,1017.9835866714628,0.0,0,0,0,0
S3,continuous,B,232,77,2320.0,2320.0,2395.5895067045585,2395.5895067045585,2421.5301999762046,0.0,0.0,0.0,0.0,2320.0,2320.0,2411.5301999762046,2411.5301999762046,350.0,2172.824667132534,0.0,0,0,0,1
S3,continuous,B,233,6,2330.0,2330.0,2369.5046166566704,2369.5046166566704,2406.507536291094,0.0,0.0,0.0,0.0,2330.0,2330.0,2396.507536291094,2396.507536291094,350.0,1089.3923520431958,0.0,0,0,0,1
S3,continuous,B,234,5,2340.0,2340.0,2390.6885641979657,2390.6885641979657,2438.097017014443,0.0,0.0,0.0,0.0,2340.0,2340.0,2428.097017014443,2428.097017014443,350.0,2302.0852585564157,0.0,0,0,0,1
S3,continuous,B,235,94,2350.0,2350.0,2388.935114904624,2388.935114904624,2399.2585658808816,0.0,0.0,0.0,0.0,2350.0,2350.0,2389.2585658808816,2389.2585658808816,300.0,340.43699150678725,0.0,0,0,0,0
S3,continuous,B,236,93,2360.0,2360.0,2410.5349050114446,2410.5349050114446,2460.9968056401244,0.0,0.0,0.0,0.0,2360.0,2360.0,2450.9968056401244,2450.9968056401244,350.0,2307.108551849368,0.0,0,0,0,1
S3,continuous,B,237,23,2370.0,2370.0,2410.7506818567927,2410.7506818567927,2413.824135966247,0.0,0.0,0.0,0.0,2370.0,2370.0,2410.7506818567927,2410.7506818567927,300.0,1211.641421947565,0.0,0,0,0,0
S3,continuous,B,238,128,2380.0,2380.0,2433.0262444118293,2433.0262444118293,2453.349695388087,0.0,0.0,0.0,0.0,2380.0,2380.0,2443.349695388087,2443.349695388087,350.0,2825.1810258646497,0.0,0,0,0,1
S3,continuous,B,239,97,2390.0,2390.0,2451.7739154206906,2451.7739154206906,2500.360605899549,0.0,0.0,0.0,0.0,2390.0,2390.0,2490.360605899549,2490.360605899549,350.0,2044.2769382963447,0.0,0,0,0,1
S3,continuous,B,240,76,2400.0,2400.0,2448.894926520887,2448.894926520887,2462.054697166378,0.0,0.0,0.0,0.0,2400.0,2400.0,2452.054697166378,2452.054697166378,350.0,1596.197264712995,0.0,0,0,0,1
S3,continuous,B,241,4,2410.0,2410.0,2482.2835039613224,2482.2835039613224,2508.259143320157,0.0,0.0,0.0,0.0,2410.0,2410.0,2498.259143320157,2498.259143320157,300.0,2641.9238705329203,0.5422187164358547,1,0,1,0
S3,continuous,B,242,124,2420.0,2420.0,2460.7584485691737,2460.7584485691737,2473.831902678628,0.0,0.0,0.0,0.0,2420.0,2420.0,2463.831902678628,2463.831902678628,350.0,1529.317698289621,0.0,0,0,0,1
S3,continuous,B,243,31,2430.0,2430.0,2500.7755523274673,2500.7755523274673,2513.8490064369216,0.0,0.0,0.0,0.0,2430.0,2430.0,2503.8490064369216,2503.8490064369216,350.0,2746.522521456433,0.0,0,0,0,1
S3,continuous,B,244,16,2440.0,2440.0,2441.8525565286504,2441.8525565286504,2444.926010638105,0.0,0.0,0.0,0.0,2440.0,2440.0,2441.8525565286504,2441.8525565286504,300.0,129.06840172906442,0.0,0,0,0,0
S3,continuous,B,245,70,2450.0,2450.0,2505.445691823483,2505.445691823483,2544.032382302341,0.0,0.0,0.0,0.0,2450.0,2450.0,2534.032382302341,2534.032382302341,300.0,2368.8749349072764,0.0,0,0,0,0
S3,continuous,B,246,83,2460.0,2460.0,2507.833779742234,2507.833779742234,2530.8696971085365,0.0,0.0,0.0,0.0,2460.0,2460.0,2520.8696971085365,2520.8696971085365,300.0,924.5856567842118,0.0,0,0,0,0
S3,continuous,B,247,73,2470.0,2470.0,2507.6244918002585,2507.6244918002585,2535.6666002852357,0.0,0.0,0.0,0.0,2470.0,2470.0,2525.6666002852357,2525.6666002852357,350.0,1251.8018058727557,0.0,0,0,0,1
S3,continuous,B,248,60,2480.0,2480.0,2530.0066825065774,2530.0066825065774,2542.6560045049996,0.0,0.0,0.0,0.0,2480.0,2480.0,2532.6560045049996,2532.6560045049996,300.0,901.874904995335,0.0,0,0,0,0
S3,continuous,B,249,139,2490.0,2490.0,2528.7239798620885,2528.7239798620885,2566.29561568064,0.0,0.0,0.0,0.0,2490.0,2490.0,2556.29561568064,2556.29561568064,350.0,1040.1934799917333,0.0,0,0,0,1
S3,continuous,B,250,145,2500.0,2500.0,2568.020857850114,2568.020857850114,2589.3321219375252,0.0,0.0,0.0,0.0,2500.0,2500.0,2579.3321219375252,2579.3321219375252,350.0,2504.175538058795,0.0,0,0,0,1
S3,continuous,B,251,12,2510.0,2510.0,2564.578953114614,2564.578953114614,2577.652407224068,0.0,0.0,0.0,0.0,2510.0,2510.0,2567.652407224068,2567.652407224068,350.0,1387.046602710865,0.0,0,0,0,1
S3,continuous,B,252,117,2520.0,2520.0,2578.3649858602735,2578.3649858602735,2626.9516763391316,0.0,0.0,0.0,0.0,2520.0,2520.0,2616.9516763391316,2616.9516763391316,350.0,1852.085798956409,0.0,0,0,0,1
S3,continuous,B,253,74,2530.0,2530.0,2577.3007545364017,2577.3007545364017,2607.9693919724655,0.0,0.0,0.0,0.0,2530.0,2530.0,2597.9693919724655,2597.9693919724655,300.0,1786.288850554563,0.0,0,0,0,0
S3,continuous,B,254,120,2540.0,2540.0,2598.0567844231095,2598.0567844231095,2624.032423781944,0.0,0.0,0.0,0.0,2540.0,2540.0,2614.032423781944,2614.032423781944,300.0,1620.8179121385688,0.0,0,0,0,0
S3,continuous,B,255,82,2550.0,2550.0,2617.642378129316,2617.642378129316,2652.2981290328707,0.0,0.0,0.0,0.0,2550.0,2550.0,2642.2981290328707,2642.2981290328707,350.0,2365.8530876615205,0.0,0,0,0,1
S3,continuous,B,256,16,2560.0,2560.0,2610.8807652661017,2610.8807652661017,2631.2042162423595,0.0,0.0,0.0,0.0,2560.0,2560.0,2621.2042162423595,2621.2042162423595,350.0,2096.9600827187037,0.0,0,0,0,1
S3,continuous,B,257,138,2570.0,2570.0,2626.4644642392177,2626.4644642392177,2654.036100057769,0.0,0.0,0.0,0.0,2570.0,2570.0,2644.036100057769,2644.036100057769,300.0,2481.607557451972,0.0,0,0,0,0
S3,continuous,B,258,73,2580.0,2580.0,2619.027323891167,2619.027323891167,2669.4892245198466,0.0,0.0,0.0,0.0,2580.0,2580.0,2659.4892245198466,2659.4892245198466,350.0,1600.8516190186124,0.0,0,0,0,1
S3,continuous,B,259,47,2590.0,2590.0,2658.8281935014184,2658.8281935014184,2679.214549216646,0.0,0.0,0.0,0.0,2590.0,2590.0,2669.214549216646,2669.214549216646,350.0,1766.9567549879378,0.0,0,0,0,1
S3,continuous,B,260,148,2600.0,2600.0,2653.5177194034695,2653.5177194034695,2694.1863568395333,0.0,0.0,0.0,0.0,2600.0,2600.0,2684.1863568395333,2684.1863568395333,350.0,2456.996528687935,0.0,0,0,0,1
S3,continuous,B,261,25,2610.0,2610.0,2630.2440968352957,2630.2440968352957,2654.8998477388504,0.0,0.0,0.0,0.0,2610.0,2610.0,2644.8998477388504,2644.8998477388504,300.0,489.87579178599117,0.0,0,0,0,0
S3,continuous,B,262,97,2620.0,2620.0,2699.9368014514716,2699.9368014514716,2725.8774947231177,0.0,0.0,0.0,0.0,2620.0,2620.0,2715.8774947231177,2715.8774947231177,350.0,2535.3023061069043,0.0,0,0,0,1
S3,continuous,B,263,71,2630.0,2630.0,2646.3514517813746,2646.3514517813746,2696.8133524100544,0.0,0.0,0.0,0.0,2630.0,2630.0,2686.8133524100544,2686.8133524100544,350.0,536.20995181868,0.0,0,0,0,1
S3,continuous,B,264,67,2640.0,2640.0,2675.5849860319,2675.5849860319,2716.0468866605797,0.0,0.0,0.0,0.0,2640.0,2640.0,2706.0468866605797,2706.0468866605797,300.0,683.4092633794452,0.0,0,0,0,0
S3,continuous,B,265,28,2650.0,2650.0,2696.4981119547338,2696.4981119547338,2733.5010315891573,0.0,0.0,0.0,0.0,2650.0,2650.0,2723.5010315891573,2723.5010315891573,350.0,2398.5967607882208,0.0,0,0,0,1
S3,continuous,B,266,144,2660.0,2660.0,2684.1925563798304,2684.1925563798304,2710.168195738665,0.0,0.0,0.0,0.0,2660.0,2660.0,2700.168195738665,2700.168195738665,300.0,759.7058703647041,0.0,0,0,0,0
S3,continuous,B,267,78,2670.0,2670.0,2707.6029491606905,2707.6029491606905,2745.0114019771677,0.0,0.0,0.0,0.0,2670.0,2670.0,2735.0114019771677,2735.0114019771677,300.0,1581.3088515548257,0.0,0,0,0,0
S3,continuous,B,268,115,2680.0,2680.0,2738.2349252020313,2738.2349252020313,2778.903562638095,0.0,0.0,0.0,0.0,2680.0,2680.0,2768.903562638095,2768.903562638095,350.0,1803.8248231929406,0.0,0,0,0,1
S3,continuous,B,269,128,2690.0,2690.0,2748.3649858602735,2748.3649858602735,2796.9516763391316,0.0,0.0,0.0,0.0,2690.0,2690.0,2786.9516763391316,2786.9516763391316,350.0,1852.085798956409,0.0,0,0,0,1
S3,continuous,B,270,149,2700.0,2700.0,2776.7960442725885,2776.7960442725885,2791.168346451499,0.0,0.0,0.0,0.0,2700.0,2700.0,2781.168346451499,2781.168346451499,350.0,3054.493156681251,0.0,0,0,0,1
S3,continuous,B,271,127,2710.0,2710.0,2732.19410387632,2732.19410387632,2772.6560045049996,0.0,0.0,0.0,0.0,2710.0,2710.0,2762.6560045049996,2762.6560045049996,300.0,901.8749049953349,0.0,0,0,0,0
S3,continuous,B,272,15,2720.0,2720.0,2768.1154687560547,2768.1154687560547,2794.056162027701,0.0,0.0,0.0,0.0,2720.0,2720.0,2784.056162027701,2784.056162027701,350.0,2080.2427809895094,0.0,0,0,0,1
S3,continuous,B,273,147,2730.0,2730.0,2805.5895067045585,2805.5895067045585,2831.5301999762046,0.0,0.0,0.0,0.0,2730.0,2730.0,2821.5301999762046,2821.5301999762046,350.0,2172.824667132534,0.0,0,0,0,1
S3,continuous,B,274,88,2740.0,2740.0,2803.6537633884245,2803.6537633884245,2829.5944566600706,0.0,0.0,0.0,0.0,2740.0,2740.0,2819.5944566600706,2819.5944566600706,350.0,2056.3701501092005,0.0,0,0,0,1
S3,continuous,B,275,76,2750.0,2750.0,2808.3649858602735,2808.3649858602735,2856.9516763391316,0.0,0.0,0.0,0.0,2750.0,2750.0,2846.9516763391316,2846.9516763391316,350.0,1852.085798956409,0.0,0,0,0,1
S3,continuous,B,276,72,2760.0,2760.0,2784.032545099948,2784.032545099948,2802.0746535849253,0.0,0.0,0.0,0.0,2760.0,2760.0,2792.0746535849253,2792.0746535849253,300.0,1051.8882799823875,0.0,0,0,0,0
S3,continuous,B,277,60,2770.0,2770.0,2832.729538606937,2832.729538606937,2868.7051779657713,0.0,0.0,0.0,0.0,2770.0,2770.0,2858.7051779657713,2858.7051779657713,350.0,2044.9298951126168,0.0,0,0,0,1
S3,continuous,B,278,37,2780.0,2780.0,2838.3445343878416,2838.3445343878416,2875.7529872043187,0.0,0.0,0.0,0.0,2780.0,2780.0,2865.7529872043187,2865.7529872043187,300.0,1581.5273511698942,0.0,0,0,0,0
S3,continuous,B,279,31,2790.0,2790.0,2806.4000419486333,2806.4000419486333,2817.7113060360443,0.0,0.0,0.0,0.0,2790.0,2790.0,2807.7113060360443,2807.7113060360443,300.0,292.3486278500359,0.0,0,0,0,0
S3,continuous,B,280,84,2800.0,2800.0,2888.365150864325,2888.365150864325,2908.688601840583,0.0,0.0,0.0,0.0,2800.0,2800.0,2898.688601840583,2898.688601840583,350.0,2996.4480663067043,0.0,0,0,0,1
S3,continuous,B,281,71,2810.0,2810.0,2821.36499468753,2821.36499468753,2834.014316685952,0.0,0.0,0.0,0.0,2810.0,2810.0,2824.014316685952,2824.014316685952,300.0,631.38325241109,0.0,0,0,0,0
S3,continuous,B,282,8,2820.0,2820.0,2905.944311224759,2905.944311224759,2938.9802285910614,0.0,0.0,0.0,0.0,2820.0,2820.0,2928.9802285910614,2928.9802285910614,350.0,3386.901026591527,0.0,0,0,0,1
S3,continuous,B,283,59,2830.0,2830.0,2878.894926520887,2878.894926520887,2892.054697166378,0.0,0.0,0.0,0.0,2830.0,2830.0,2882.054697166378,2882.054697166378,350.0,1596.197264712995,0.0,0,0,0,1
S3,continuous,B,284,17,2840.0,2840.0,2867.633506596373,2867.633506596373,2905.2051424149245,0.0,0.0,0.0,0.0,2840.0,2840.0,2895.2051424149245,2895.2051424149245,350.0,1403.6226481227427,0.0,0,0,0,1
S3,continuous,B,285,24,2850.0,2850.0,2889.432369365505,2889.432369365505,2889.59133105299,0.0,0.0,0.0,0.0,2850.0,2850.0,2889.432369365505,2889.432369365505,300.0,1932.091480747428,4.323894000821383,1,0,1,0
S3,continuous,B,286,27,2860.0,2860.0,2867.1285397579136,2867.1285397579136,2905.7152302367717,0.0,0.0,0.0,0.0,2860.0,2860.0,2895.7152302367717,2895.7152302367717,300.0,473.3169131166006,0.0,0,0,0,0
S3,continuous,B,287,47,2870.0,2870.0,2886.2024618329788,2886.2024618329788,2913.2053814674023,0.0,0.0,0.0,0.0,2870.0,2870.0,2903.2053814674023,2903.2053814674023,300.0,1025.6490502876704,0.0,0,0,0,0
S3,continuous,B,288,143,2880.0,2880.0,2928.1154687560547,2928.1154687560547,2954.056162027701,0.0,0.0,0.0,0.0,2880.0,2880.0,2944.056162027701,2944.056162027701,350.0,2080.2427809895094,0.0,0,0,0,1
S3,continuous,B,289,61,2890.0,2890.0,2947.5287156909612,2947.5287156909612,2971.434831731435,0.0,0.0,0.0,0.0,2890.0,2890.0,2961.434831731435,2961.434831731435,350.0,2355.1022078482833,0.0,0,0,0,1
S3,continuous,B,290,109,2900.0,2900.0,2948.49217676197,2948.49217676197,2985.900629578447,0.0,0.0,0.0,0.0,2900.0,2900.0,2975.900629578447,2975.900629578447,300.0,2436.844629795547,1.5423236886431368,1,0,2,0
S3,continuous,B,291,92,2910.0,2910.0,2961.7750706747593,2961.7750706747593,2971.934032362244,0.0,0.0,0.0,0.0,2910.0,2910.0,2961.934032362244,2961.934032362244,350.0,1220.6194759652642,0.0,0,0,0,1
S3,continuous,B,292,6,2920.0,2920.0,2976.5125955479443,2976.5125955479443,3011.168346451499,0.0,0.0,0.0,0.0,2920.0,2920.0,3001.168346451499,3001.168346451499,350.0,3054.493156681251,0.0,0,0,0,1
S3,continuous,B,293,55,2930.0,2930.0,2998.481737380896,2998.481737380896,3036.0533731994474,0.0,0.0,0.0,0.0,2930.0,2930.0,3026.0533731994474,3026.0533731994474,350.0,1641.4901323839163,0.0,0,0,0,1
S3,continuous,B,294,43,2940.0,2940.0,3021.8685104096235,3021.8685104096235,3045.7746264500975,0.0,0.0,0.0,0.0,2940.0,2940.0,3035.7746264500975,3035.7746264500975,350.0,2465.61406874201,0.0,0,0,0,1
S3,continuous,B,295,148,2950.0,2950.0,3027.42872084115,3027.42872084115,3041.8010230200607,0.0,0.0,0.0,0.0,2950.0,2950.0,3031.8010230200607,3031.8010230200607,350.0,2310.2549766217962,0.0,0,0,0,1
S3,continuous,B,296,112,2960.0,2960.0,3038.680860967764,3038.680860967764,3051.7543150772185,0.0,0.0,0.0,0.0,2960.0,2960.0,3041.7543150772185,3041.7543150772185,350.0,2314.5787555353027,0.0,0,0,0,1
S3,continuous,B,297,16,2970.0,2970.0,3009.3975783317737,3009.3975783317737,3049.8594789604535,0.0,0.0,0.0,0.0,2970.0,2970.0,3039.8594789604535,3039.8594789604535,300.0,2559.1894242288213,0.11000795731115431,1,0,1,0
S3,continuous,B,298,139,2980.0,2980.0,3022.555459591281,3022.555459591281,3025.7152302367717,0.0,0.0,0.0,0.0,2980.0,2980.0,3022.555459591281,3022.555459591281,300.0,473.3169131166006,0.0,0,0,0,0
S3,continuous,B,299,90,2990.0,2990.0,3045.864314934554,3045.864314934554,3066.187765910812,0.0,0.0,0.0,0.0,2990.0,2990.0,3056.187765910812,3056.187765910812,350.0,2351.6944280223374,0.0,0,0,0,1
S3,continuous,B,300,64,3000.0,3000.0,3049.002847103691,3049.002847103691,3071.652169102113,0.0,0.0,0.0,0.0,3000.0,3000.0,3061.652169102113,3061.652169102113,350.0,2122.94448113245,0.0,0,0,0,1
S3,continuous,B,301,46,3010.0,3010.0,3052.8652427289458,3052.8652427289458,3057.2375449078563,0.0,0.0,0.0,0.0,3010.0,3010.0,3052.8652427289458,3052.8652427289458,300.0,1766.9476695840076,0.0,0,0,0,0
S3,continuous,B,302,51,3020.0,3020.0,3046.2251523610803,3046.2251523610803,3076.893789797144,0.0,0.0,0.0,0.0,3020.0,3020.0,3066.893789797144,3066.893789797144,300.0,1121.6451546829703,0.0,0,0,0,0
S3,continuous,B,303,84,3030.0,3030.0,3102.7889700809974,3102.7889700809974,3140.360605899549,0.0,0.0,0.0,0.0,3030.0,3030.0,3130.360605899549,3130.360605899549,350.0,2044.2769382963447,0.0,0,0,0,1
S3,continuous,B,304,106,3040.0,3040.0,3090.5349050114446,3090.5349050114446,3140.9968056401244,0.0,0.0,0.0,0.0,3040.0,3040.0,3130.9968056401244,3130.9968056401244,350.0,2307.108551849368,0.0,0,0,0,1
S3,continuous,B,305,69,3050.0,3050.0,3092.8652427289458,3092.8652427289458,3097.2375449078563,0.0,0.0,0.0,0.0,3050.0,3050.0,3092.8652427289458,3092.8652427289458,300.0,1766.9476695840076,0.0,0,0,0,0
S3,continuous,B,306,112,3060.0,3060.0,3122.727052757835,3122.727052757835,3146.633168798309,0.0,0.0,0.0,0.0,3060.0,3060.0,3136.633168798309,3136.633168798309,350.0,2019.4873866018984,0.0,0,0,0,1
S3,continuous,B,307,98,3070.0,3070.0,3142.7889700809974,3142.7889700809974,3180.360605899549,0.0,0.0,0.0,0.0,3070.0,3070.0,3170.360605899549,3170.360605899549,350.0,2044.2769382963447,0.0,0,0,0,1
S3,continuous,B,308,39,3080.0,3080.0,3133.5177194034695,3133.5177194034695,3174.1863568395333,0.0,0.0,0.0,0.0,3080.0,3080.0,3164.1863568395333,3164.1863568395333,350.0,2456.996528687935,0.0,0,0,0,1
S3,continuous,B,309,71,3090.0,3090.0,3133.996060309773,3133.996060309773,3137.0695144192273,0.0,0.0,0.0,0.0,3090.0,3090.0,3133.996060309773,3133.996060309773,300.0,1346.6068640706828,0.0,0,0,0,0
S3,continuous,B,310,64,3100.0,3100.0,3162.336878909833,3162.336878909833,3184.9862009082553,0.0,0.0,0.0,0.0,3100.0,3100.0,3174.9862009082553,3174.9862009082553,350.0,1952.12099517032,0.0,0,0,0,1
S3,continuous,B,311,104,3110.0,3110.0,3144.075182402613,3144.075182402613,3184.5370830312927,0.0,0.0,0.0,0.0,3110.0,3110.0,3174.5370830312927,3174.5370830312927,300.0,1833.496394211893,0.0,0,0,0,0
S3,continuous,B,312,102,3120.0,3120.0,3156.0678282892018,3156.0678282892018,3193.639464107753,0.0,0.0,0.0,0.0,3120.0,3120.0,3183.639464107753,3183.639464107753,350.0,1339.1005881702974,0.0,0,0,0,1
S3,continuous,B,313,116,3130.0,3130.0,3216.8385267398435,3216.8385267398435,3264.2469795563206,0.0,0.0,0.0,0.0,3130.0,3130.0,3254.2469795563206,3254.2469795563206,350.0,3030.0981338756874,0.0,0,0,0,1
S3,continuous,B,314,53,3140.0,3140.0,3184.3028355942856,3184.3028355942856,3198.675137773196,0.0,0.0,0.0,0.0,3140.0,3140.0,3188.675137773196,3188.675137773196,350.0,2398.914579785366,0.0,0,0,0,1
S3,continuous,B,315,62,3150.0,3150.0,3200.01207888154,3200.01207888154,3247.4205316980174,0.0,0.0,0.0,0.0,3150.0,3150.0,3237.4205316980174,3237.4205316980174,350.0,2174.4726662823637,0.0,0,0,0,1
S3,continuous,B,316,118,3160.0,3160.0,3232.0311669934504,3232.0311669934504,3254.6804889918726,0.0,0.0,0.0,0.0,3160.0,3160.0,3244.6804889918726,3244.6804889918726,350.0,2878.109505300144,0.0,0,0,0,1
S3,continuous,B,317,103,3170.0,3170.0,3220.01207888154,3220.01207888154,3267.4205316980174,0.0,0.0,0.0,0.0,3170.0,3170.0,3257.4205316980174,3257.4205316980174,350.0,2174.4726662823637,0.0,0,0,0,1
S3,continuous,B,318,60,3180.0,3180.0,3232.281649870338,3232.281649870338,3256.187765910812,0.0,0.0,0.0,0.0,3180.0,3180.0,3246.187765910812,3246.187765910812,350.0,2351.6944280223374,0.0,0,0,0,1
S3,continuous,B,319,77,3190.0,3190.0,3234.5266155224676,3234.5266155224676,3267.56253288877,0.0,0.0,0.0,0.0,3190.0,3190.0,3257.56253288877,3257.56253288877,350.0,1659.410132500123,0.0,0,0,0,1
S3,continuous,B,320,70,3200.0,3200.0,3244.188245497511,3244.188245497511,3244.347207184996,0.0,0.0,0.0,0.0,3200.0,3200.0,3244.188245497511,3244.188245497511,300.0,2089.1340191089507,0.0,0,0,0,0
S3,continuous,B,321,22,3210.0,3210.0,3272.727052757835,3272.727052757835,3296.633168798309,0.0,0.0,0.0,0.0,3210.0,3210.0,3286.633168798309,3286.633168798309,350.0,2019.4873866018984,0.0,0,0,0,1
S3,continuous,B,322,110,3220.0,3220.0,3262.9210418400476,3262.9210418400476,3288.8617351116936,0.0,0.0,0.0,0.0,3220.0,3220.0,3278.8617351116936,3278.8617351116936,350.0,709.259544905278,0.0,0,0,0,1
S3,continuous,B,323,67,3230.0,3230.0,3275.7135914039113,3275.7135914039113,3296.037042380169,0.0,0.0,0.0,0.0,3230.0,3230.0,3286.037042380169,3286.037042380169,350.0,2262.898047442555,0.0,0,0,0,1
S3,continuous,B,324,4,3240.0,3240.0,3279.8265803948552,3279.8265803948552,3289.98554208234,0.0,0.0,0.0,0.0,3240.0,3240.0,3279.98554208234,3279.98554208234,350.0,1452.620691225218,0.0,0,0,0,1
S3,continuous,B,325,135,3250.0,3250.0,3305.0361687540894,3305.0361687540894,3326.3474328415004,0.0,0.0,0.0,0.0,3250.0,3250.0,3316.3474328415004,3316.3474328415004,350.0,2175.9581522915028,0.0,0,0,0,1
S3,continuous,B,326,51,3260.0,3260.0,3292.2830066296783,3292.2830066296783,3330.8696971085365,0.0,0.0,0.0,0.0,3260.0,3260.0,3320.8696971085365,3320.8696971085365,300.0,924.5856567842118,0.0,0,0,0,0
S3,continuous,B,327,12,3270.0,3270.0,3314.793696524135,3314.793696524135,3351.7966161585587,0.0,0.0,0.0,0.0,3270.0,3270.0,3341.7966161585587,3341.7966161585587,350.0,1034.156394061937,0.0,0,0,0,1
S3,continuous,B,328,80,3280.0,3280.0,3337.908956696436,3337.908956696436,3370.944874062738,0.0,0.0,0.0,0.0,3280.0,3280.0,3360.944874062738,3360.944874062738,350.0,2426.1006148424,0.0,0,0,0,1
S3,continuous,B,329,5,3290.0,3290.0,3328.2510468306646,3328.2510468306646,3331.324500940119,0.0,0.0,0.0,0.0,3290.0,3290.0,3328.2510468306646,3328.2510468306646,300.0,1867.9091072012177,6.998871343860401,1,0,1,0
S3,continuous,B,330,95,3300.0,3300.0,3355.0461807274396,3355.0461807274396,3365.2051424149245,0.0,0.0,0.0,0.0,3300.0,3300.0,3355.2051424149245,3355.2051424149245,350.0,1403.6226481227427,0.0,0,0,0,1
S3,continuous,B,331,55,3310.0,3310.0,3341.85881547727,3341.85881547727,3378.8617351116936,0.0,0.0,0.0,0.0,3310.0,3310.0,3368.8617351116936,3368.8617351116936,350.0,709.2595449052781,0.0,0,0,0,1
S3,continuous,B,332,93,3320.0,3320.0,3382.6756771867726,3382.6756771867726,3423.3443146228365,0.0,0.0,0.0,0.0,3320.0,3320.0,3413.3443146228365,3413.3443146228365,350.0,1458.2004092824181,0.0,0,0,0,1
S3,continuous,B,333,57,3330.0,3330.0,3358.1158794094376,3358.1158794094376,3358.2748410969225,0.0,0.0,0.0,0.0,3330.0,3330.0,3358.1158794094376,3358.1158794094376,300.0,762.5900791596748,0.0,0,0,0,0
S3,continuous,B,334,134,3340.0,3340.0,3394.785692776793,3394.785692776793,3416.096956864204,0.0,0.0,0.0,0.0,3340.0,3340.0,3406.096956864204,3406.096956864204,350.0,2362.2276489872024,0.0,0,0,0,1
S3,continuous,B,335,13,3350.0,3350.0,3394.793696524135,3394.793696524135,3431.7966161585587,0.0,0.0,0.0,0.0,3350.0,3350.0,3421.7966161585587,3421.7966161585587,350.0,1034.156394061937,0.0,0,0,0,1
S3,continuous,B,336,63,3360.0,3360.0,3418.703508189279,3418.703508189279,3443.359259092834,0.0,0.0,0.0,0.0,3360.0,3360.0,3433.359259092834,3433.359259092834,300.0,1541.6954283677933,0.0,0,0,0,0
S3,continuous,B,337,76,3370.0,3370.0,3442.8750927521223,3442.8750927521223,3464.1863568395333,0.0,0.0,0.0,0.0,3370.0,3370.0,3454.1863568395333,3454.1863568395333,350.0,2456.996528687935,0.0,0,0,0,1
S3,continuous,B,338,105,3380.0,3380.0,3423.1812287830853,3423.1812287830853,3445.8305507815076,0.0,0.0,0.0,0.0,3380.0,3380.0,3435.8305507815076,3435.8305507815076,350.0,2180.476005725858,0.0,0,0,0,1
S3,continuous,B,339,81,3390.0,3390.0,3471.9738666835865,3471.9738666835865,3492.2973176598443,0.0,0.0,0.0,0.0,3390.0,3390.0,3482.2973176598443,3482.2973176598443,350.0,3529.326796198407,0.0,0,0,0,1
S3,continuous,B,340,140,3400.0,3400.0,3491.378572109296,3491.378572109296,3524.414489475598,0.0,0.0,0.0,0.0,3400.0,3400.0,3514.414489475598,3514.414489475598,350.0,3145.267188682647,0.0,0,0,0,1
S3,continuous,B,341,30,3410.0,3410.0,3436.8777978402863,3436.8777978402863,3452.8184911119324,0.0,0.0,0.0,0.0,3410.0,3410.0,3442.8184911119324,3442.8184911119324,300.0,1676.704132572043,0.0,0,0,0,0
S3,continuous,B,342,104,3420.0,3420.0,3457.4430626738217,3457.4430626738217,3482.0988135773764,0.0,0.0,0.0,0.0,3420.0,3420.0,3472.0988135773764,3472.0988135773764,300.0,1506.8862428656148,0.0,0,0,0,0
S3,continuous,B,343,149,3430.0,3430.0,3500.511656465026,3500.511656465026,3524.4177725055,0.0,0.0,0.0,0.0,3430.0,3430.0,3514.4177725055,3514.4177725055,350.0,2683.203038818231,0.0,0,0,0,1
S3,continuous,B,344,27,3440.0,3440.0,3491.5064067790495,3491.5064067790495,3538.9148595955267,0.0,0.0,0.0,0.0,3440.0,3440.0,3528.9148595955267,3528.9148595955267,350.0,2859.2835262137464,0.0,0,0,0,1
S3,continuous,B,345,132,3450.0,3450.0,3532.9131823409343,3532.9131823409343,3567.568933244489,0.0,0.0,0.0,0.0,3450.0,3450.0,3557.568933244489,3557.568933244489,350.0,2777.3029868973176,0.0,0,0,0,1
S3,continuous,B,346,2,3460.0,3460.0,3518.478636630259,3518.478636630259,3551.5145539965615,0.0,0.0,0.0,0.0,3460.0,3460.0,3541.5145539965615,3541.5145539965615,350.0,2334.4920056085266,0.0,0,0,0,1
S3,continuous,B,347,92,3470.0,3470.0,3513.2902957232764,3513.2902957232764,3533.613746699534,0.0,0.0,0.0,0.0,3470.0,3470.0,3523.613746699534,3523.613746699534,350.0,1730.4783673273528,0.0,0,0,0,1
S3,continuous,B,348,106,3480.0,3480.0,3524.244467798722,3524.244467798722,3536.893789797144,0.0,0.0,0.0,0.0,3480.0,3480.0,3526.893789797144,3526.893789797144,300.0,1121.6451546829703,0.0,0,0,0,0
S3,continuous,B,349,56,3490.0,3490.0,3568.680860967764,3568.680860967764,3581.7543150772185,0.0,0.0,0.0,0.0,3490.0,3490.0,3571.7543150772185,3571.7543150772185,350.0,2314.5787555353027,0.0,0,0,0,1
S3,continuous,B,350,119,3500.0,3500.0,3532.9541439501504,3532.9541439501504,3553.340499665378,0.0,0.0,0.0,0.0,3500.0,3500.0,3543.340499665378,3543.340499665378,350.0,1672.4054045245832,0.0,0,0,0,1
S3,continuous,B,351,47,3510.0,3510.0,3551.3443870497813,3551.3443870497813,3579.3864955347585,0.0,0.0,0.0,0.0,3510.0,3510.0,3569.3864955347585,3569.3864955347585,350.0,1296.8269273254564,0.0,0,0,0,1
S3,continuous,B,352,17,3520.0,3520.0,3571.2658133868854,3571.2658133868854,3591.652169102113,0.0,0.0,0.0,0.0,3520.0,3520.0,3581.652169102113,3581.652169102113,350.0,2122.94448113245,0.0,0,0,0,1
S3,continuous,B,353,29,3530.0,3530.0,3560.013236852708,3560.013236852708,3571.324500940119,0.0,0.0,0.0,0.0,3530.0,3530.0,3561.324500940119,3561.324500940119,300.0,1867.909107201218,6.998871343860401,1,0,1,0
S3,continuous,B,354,93,3540.0,3540.0,3612.7889700809974,3612.7889700809974,3650.360605899549,0.0,0.0,0.0,0.0,3540.0,3540.0,3640.360605899549,3640.360605899549,350.0,2044.2769382963447,0.0,0,0,0,1
S3,continuous,B,355,36,3550.0,3550.0,3633.5836279999153,3633.5836279999153,3682.1703184787734,0.0,0.0,0.0,0.0,3550.0,3550.0,3672.1703184787734,3672.1703184787734,350.0,2703.358113620047,0.0,0,0,0,1
S3,continuous,B,356,130,3560.0,3560.0,3607.833779742234,3607.833779742234,3630.8696971085365,0.0,0.0,0.0,0.0,3560.0,3560.0,3620.8696971085365,3620.8696971085365,300.0,924.5856567842118,0.0,0,0,0,0
S3,continuous,B,357,39,3570.0,3570.0,3623.3272101320167,3623.3272101320167,3673.7891107606965,0.0,0.0,0.0,0.0,3570.0,3570.0,3663.7891107606965,3663.7891107606965,350.0,1525.6101344883857,0.0,0,0,0,1
S3,continuous,B,358,139,3580.0,3580.0,3619.8265803948552,3619.8265803948552,3629.98554208234,0.0,0.0,0.0,0.0,3580.0,3580.0,3619.98554208234,3619.98554208234,350.0,1452.620691225218,0.0,0,0,0,1
S3,continuous,B,359,33,3590.0,3590.0,3636.4981119547338,3636.4981119547338,3673.5010315891573,0.0,0.0,0.0,0.0,3590.0,3590.0,3663.5010315891573,3663.5010315891573,350.0,2398.5967607882208,0.0,0,0,0,1
S3,continuous,B,360,62,3600.0,3600.0,3655.5914725707676,3655.5914725707676,3706.0533731994474,0.0,0.0,0.0,0.0,3600.0,3600.0,3696.0533731994474,3696.0533731994474,350.0,1641.4901323839163,0.0,0,0,0,1
S3,continuous,B,361,6,3610.0,3610.0,3662.0454141206264,3662.0454141206264,3684.6947361190487,0.0,0.0,0.0,0.0,3610.0,3610.0,3674.6947361190487,3674.6947361190487,350.0,1364.4431242390788,0.0,0,0,0,1
S3,continuous,B,362,12,3620.0,3620.0,3711.378572109296,3711.378572109296,3744.414489475598,0.0,0.0,0.0,0.0,3620.0,3620.0,3734.414489475598,3734.414489475598,350.0,3145.267188682647,0.0,0,0,0,1
S3,continuous,B,363,29,3630.0,3630.0,3659.398203694246,3659.398203694246,3699.860104322926,0.0,0.0,0.0,0.0,3630.0,3630.0,3689.860104322926,3689.860104322926,300.0,1049.5930595195518,0.0,0,0,0,0
S3,continuous,B,364,114,3640.0,3640.0,3668.9591544672044,3668.9591544672044,3684.8998477388504,0.0,0.0,0.0,0.0,3640.0,3640.0,3674.8998477388504,3674.8998477388504,300.0,489.87579178599117,0.0,0,0,0,0
S3,continuous,B,365,83,3650.0,3650.0,3695.4067140293996,3695.4067140293996,3699.77901620831,0.0,0.0,0.0,0.0,3650.0,3650.0,3695.4067140293996,3695.4067140293996,300.0,1348.7249040438587,0.0,0,0,0,0
S3,continuous,B,366,92,3660.0,3660.0,3701.8774305990983,3701.8774305990983,3705.037201244589,0.0,0.0,0.0,0.0,3660.0,3660.0,3701.8774305990983,3701.8774305990983,300.0,1205.7964660392065,0.0,0,0,0,0
S3,continuous,B,367,17,3670.0,3670.0,3698.1158794094376,3698.1158794094376,3698.2748410969225,0.0,0.0,0.0,0.0,3670.0,3670.0,3698.1158794094376,3698.1158794094376,300.0,762.5900791596748,0.0,0,0,0,0
S3,continuous,B,368,1,3680.0,3680.0,3715.0310730846345,3715.0310730846345,3728.1908437301254,0.0,0.0,0.0,0.0,3680.0,3680.0,3718.1908437301254,3718.1908437301254,350.0,1087.0091068127342,0.0,0,0,0,1
S3,continuous,B,369,144,3690.0,3690.0,3763.9525888469184,3763.9525888469184,3814.414489475598,0.0,0.0,0.0,0.0,3690.0,3690.0,3804.414489475598,3804.414489475598,350.0,3145.267188682647,0.0,0,0,0,1
S3,continuous,B,370,49,3700.0,3700.0,3746.4981119547338,3746.4981119547338,3783.5010315891573,0.0,0.0,0.0,0.0,3700.0,3700.0,3773.5010315891573,3773.5010315891573,350.0,2398.5967607882208,0.0,0,0,0,1
S3,continuous,B,371,8,3710.0,3710.0,3764.073996267327,3764.073996267327,3786.723318265749,0.0,0.0,0.0,0.0,3710.0,3710.0,3776.723318265749,3776.723318265749,350.0,2831.887726781077,0.0,0,0,0,1
S3,continuous,B,372,15,3720.0,3720.0,3763.0172782868135,3763.0172782868135,3785.6666002852357,0.0,0.0,0.0,0.0,3720.0,3720.0,3775.6666002852357,3775.6666002852357,350.0,1251.8018058727557,0.0,0,0,0,1
S3,continuous,B,373,74,3730.0,3730.0,3788.703508189279,3788.703508189279,3813.359259092834,0.0,0.0,0.0,0.0,3730.0,3730.0,3803.359259092834,3803.359259092834,300.0,1541.6954283677933,0.0,0,0,0,0
S3,continuous,B,374,115,3740.0,3740.0,3788.49217676197,3788.49217676197,3825.900629578447,0.0,0.0,0.0,0.0,3740.0,3740.0,3815.900629578447,3815.900629578447,300.0,2436.844629795547,1.5423236886431368,1,0,2,0
S3,continuous,B,375,139,3750.0,3750.0,3805.636411179138,3805.636411179138,3815.795372866623,0.0,0.0,0.0,0.0,3750.0,3750.0,3805.795372866623,3805.795372866623,350.0,1541.3911265851596,0.0,0,0,0,1
S3,continuous,B,376,117,3760.0,3760.0,3829.3766313987862,3829.3766313987862,3854.032382302341,0.0,0.0,0.0,0.0,3760.0,3760.0,3844.032382302341,3844.032382302341,300.0,2368.8749349072764,0.0,0,0,0,0
S3,continuous,B,377,136,3770.0,3770.0,3826.5125955479443,3826.5125955479443,3861.168346451499,0.0,0.0,0.0,0.0,3770.0,3770.0,3851.168346451499,3851.168346451499,350.0,3054.493156681251,0.0,0,0,0,1
S3,continuous,B,378,65,3780.0,3780.0,3842.729538606937,3842.729538606937,3878.7051779657713,0.0,0.0,0.0,0.0,3780.0,3780.0,3868.7051779657713,3868.7051779657713,350.0,2044.9298951126168,0.0,0,0,0,1
S3,continuous,B,379,120,3790.0,3790.0,3833.996060309773,3833.996060309773,3837.0695144192273,0.0,0.0,0.0,0.0,3790.0,3790.0,3833.996060309773,3833.996060309773,300.0,1346.6068640706828,0.0,0,0,0,0
S3,continuous,B,380,38,3800.0,3800.0,3853.313641068911,3853.313641068911,3877.9693919724655,0.0,0.0,0.0,0.0,3800.0,3800.0,3867.9693919724655,3867.9693919724655,300.0,1786.288850554563,0.0,0,0,0,0
S3,continuous,B,381,48,3810.0,3810.0,3811.8525565286504,3811.8525565286504,3814.926010638105,0.0,0.0,0.0,0.0,3810.0,3810.0,3811.8525565286504,3811.8525565286504,300.0,129.06840172906442,0.0,0,0,0,0
S3,continuous,B,382,126,3820.0,3820.0,3848.1158794094376,3848.1158794094376,3848.2748410969225,0.0,0.0,0.0,0.0,3820.0,3820.0,3848.1158794094376,3848.1158794094376,300.0,762.5900791596748,0.0,0,0,0,0
S3,continuous,B,383,66,3830.0,3830.0,3886.867885764421,3886.867885764421,3927.5365232004847,0.0,0.0,0.0,0.0,3830.0,3830.0,3917.5365232004847,3917.5365232004847,350.0,1677.6180293310342,0.0,0,0,0,1
S3,continuous,B,384,23,3840.0,3840.0,3880.4069294623055,3880.4069294623055,3896.3476227339515,0.0,0.0,0.0,0.0,3840.0,3840.0,3886.3476227339515,3886.3476227339515,300.0,2075.9708117882674,0.012659496764626965,2,0,1,0
S3,continuous,B,385,124,3850.0,3850.0,3897.3007545364017,3897.3007545364017,3927.9693919724655,0.0,0.0,0.0,0.0,3850.0,3850.0,3917.9693919724655,3917.9693919724655,300.0,1786.288850554563,0.0,0,0,0,0
S3,continuous,B,386,119,3860.0,3860.0,3917.184559947597,3917.184559947597,3967.6464605762767,0.0,0.0,0.0,0.0,3860.0,3860.0,3957.6464605762767,3957.6464605762767,350.0,1846.115739188399,0.0,0,0,0,1
S3,continuous,B,387,93,3870.0,3870.0,3891.1949901157554,3891.1949901157554,3907.1356833874015,0.0,0.0,0.0,0.0,3870.0,3870.0,3897.1356833874015,3897.1356833874015,300.0,712.6612841725439,0.0,0,0,0,0
S3,continuous,B,388,63,3880.0,3880.0,3920.7584485691737,3920.7584485691737,3933.831902678628,0.0,0.0,0.0,0.0,3880.0,3880.0,3923.831902678628,3923.831902678628,350.0,1529.317698289621,0.0,0,0,0,1
S3,continuous,B,389,135,3890.0,3890.0,3950.916597672106,3950.916597672106,3974.82271371258,0.0,0.0,0.0,0.0,3890.0,3890.0,3964.82271371258,3964.82271371258,350.0,1184.4578454798466,0.0,0,0,0,1
S3,continuous,B,390,0,3900.0,3900.0,3976.785752927032,3976.785752927032,3998.097017014443,0.0,0.0,0.0,0.0,3900.0,3900.0,3988.097017014443,3988.097017014443,350.0,2302.085258556416,0.0,0,0,0,1
S3,continuous,B,391,10,3910.0,3910.0,3954.3925702035835,3954.3925702035835,4001.8010230200607,0.0,0.0,0.0,0.0,3910.0,3910.0,3991.8010230200607,3991.8010230200607,350.0,2310.2549766217962,0.0,0,0,0,1
S3,continuous,B,392,81,3920.0,3920.0,4005.6602890774625,4005.6602890774625,4054.2469795563206,0.0,0.0,0.0,0.0,3920.0,3920.0,4044.2469795563206,4044.2469795563206,350.0,3030.0981338756874,0.0,0,0,0,1
S3,continuous,B,393,139,3930.0,3930.0,3974.5211337848236,3974.5211337848236,4024.9830344135034,0.0,0.0,0.0,0.0,3930.0,3930.0,4014.9830344135034,4014.9830344135034,350.0,2408.865898993024,0.0,0,0,0,1
S3,continuous,B,394,38,3940.0,3940.0,3993.4476348657818,3993.4476348657818,4016.096956864204,0.0,0.0,0.0,0.0,3940.0,3940.0,4006.096956864204,4006.096956864204,350.0,2362.2276489872024,0.0,0,0,0,1
S3,continuous,B,395,103,3950.0,3950.0,4010.916597672106,4010.916597672106,4034.82271371258,0.0,0.0,0.0,0.0,3950.0,3950.0,4024.82271371258,4024.82271371258,350.0,1184.4578454798466,0.0,0,0,0,1
S3,continuous,B,396,104,3960.0,3960.0,3988.1158794094376,3988.1158794094376,3988.2748410969225,0.0,0.0,0.0,0.0,3960.0,3960.0,3988.1158794094376,3988.1158794094376,300.0,762.5900791596748,0.0,0,0,0,0
S3,continuous,B,397,36,3970.0,3970.0,4036.733001074094,4036.733001074094,4057.1193567893215,0.0,0.0,0.0,0.0,3970.0,3970.0,4047.1193567893215,4047.1193567893215,350.0,1554.6192706528168,0.0,0,0,0,1
S3,continuous,B,398,116,3980.0,3980.0,4038.4768469810315,4038.4768469810315,4061.1261689794537,0.0,0.0,0.0,0.0,3980.0,3980.0,4051.1261689794537,4051.1261689794537,350.0,2537.4925862316463,0.0,0,0,0,1
S3,continuous,B,399,34,3990.0,3990.0,4046.425903805933,4046.425903805933,4066.749354782191,0.0,0.0,0.0,0.0,3990.0,3990.0,4056.749354782191,4056.749354782191,350.0,1355.4448667195618,0.0,0,0,0,1
S3,continuous,B,400,142,4000.0,4000.0,4034.6144496388106,4034.6144496388106,4071.617369273234,0.0,0.0,0.0,0.0,4000.0,4000.0,4061.617369273234,4061.617369273234,350.0,1095.936384190122,0.0,0,0,0,1
S3,continuous,B,401,7,4010.0,4010.0,4024.946597771193,4024.946597771193,4040.887291042839,0.0,0.0,0.0,0.0,4010.0,4010.0,4030.887291042839,4030.887291042839,300.0,1066.3406803761945,0.0,0,0,0,0
S3,continuous,B,402,73,4020.0,4020.0,4079.711099066024,4079.711099066024,4101.0223631534345,0.0,0.0,0.0,0.0,4020.0,4020.0,4091.022363153435,4091.022363153435,350.0,1868.7984977105143,0.0,0,0,0,1
S3,continuous,B,403,87,4030.0,4030.0,4075.4067140293996,4075.4067140293996,4079.77901620831,0.0,0.0,0.0,0.0,4030.0,4030.0,4075.4067140293996,4075.4067140293996,300.0,1348.7249040438587,0.0,0,0,0,0
S3,continuous,B,404,90,4040.0,4040.0,4104.061587805435,4104.061587805435,4137.097505171737,0.0,0.0,0.0,0.0,4040.0,4040.0,4127.097505171737,4127.097505171737,350.0,2154.1053964043917,0.0,0,0,0,1
S3,continuous,B,405,67,4050.0,4050.0,4127.900205716849,4127.900205716849,4151.8063217573235,0.0,0.0,0.0,0.0,4050.0,4050.0,4141.8063217573235,4141.8063217573235,350.0,2389.356370976175,0.0,0,0,0,1
S3,continuous,B,406,110,4060.0,4060.0,4103.181537977893,4103.181537977893,4113.340499665377,0.0,0.0,0.0,0.0,4060.0,4060.0,4103.340499665377,4103.340499665377,350.0,1672.4054045245832,0.0,0,0,0,1
S3,continuous,B,407,58,4070.0,4070.0,4147.841723293774,4147.841723293774,4196.428413772632,0.0,0.0,0.0,0.0,4070.0,4070.0,4186.428413772632,4186.428413772632,350.0,2924.482363421951,0.0,0,0,0,1
S3,continuous,B,408,132,4080.0,4080.0,4109.819733507788,4109.819733507788,4145.7953728666225,0.0,0.0,0.0,0.0,4080.0,4080.0,4135.7953728666225,4135.7953728666225,350.0,1541.3911265851596,0.0,0,0,0,1
S3,continuous,B,409,127,4090.0,4090.0,4120.728329355354,4120.728329355354,4120.887291042838,0.0,0.0,0.0,0.0,4090.0,4090.0,4120.728329355354,4120.728329355354,300.0,1066.3406803761945,0.0,0,0,0,0
S3,continuous,B,410,25,4100.0,4100.0,4155.591472570768,4155.591472570768,4206.053373199448,0.0,0.0,0.0,0.0,4100.0,4100.0,4196.053373199448,4196.053373199448,350.0,1641.4901323839163,0.0,0,0,0,1
S3,continuous,B,411,95,4110.0,4110.0,4171.638481718466,4171.638481718466,4209.210117537018,0.0,0.0,0.0,0.0,4110.0,4110.0,4199.210117537018,4199.210117537018,350.0,1373.5690366410286,0.0,0,0,0,1
S3,continuous,B,412,33,4120.0,4120.0,4182.277769309145,4182.277769309145,4195.437539954636,0.0,0.0,0.0,0.0,4120.0,4120.0,4185.437539954636,4185.437539954636,350.0,1900.7325983597682,0.0,0,0,0,1
S3,continuous,B,413,36,4130.0,4130.0,4182.943509497346,4182.943509497346,4231.530199976204,0.0,0.0,0.0,0.0,4130.0,4130.0,4221.530199976204,4221.530199976204,350.0,2172.824667132534,0.0,0,0,0,1
S3,continuous,B,414,18,4140.0,4140.0,4208.6679636000335,4208.6679636000335,4228.991414576291,0.0,0.0,0.0,0.0,4140.0,4140.0,4218.991414576291,4218.991414576291,350.0,2397.634784094103,0.0,0,0,0,1
S3,continuous,B,415,128,4150.0,4150.0,4184.9744026877415,4184.9744026877415,4205.360758402969,0.0,0.0,0.0,0.0,4150.0,4150.0,4195.360758402969,4195.360758402969,350.0,1627.3622876758616,0.0,0,0,0,1
S3,continuous,B,416,46,4160.0,4160.0,4211.194255656064,4211.194255656064,4232.505519743475,0.0,0.0,0.0,0.0,4160.0,4160.0,4222.505519743475,4222.505519743475,350.0,2266.2272206387775,0.0,0,0,0,1
S3,continuous,B,417,107,4170.0,4170.0,4213.550195990577,4213.550195990577,4249.525835349411,0.0,0.0,0.0,0.0,4170.0,4170.0,4239.525835349411,4239.525835349411,350.0,1353.9612395924025,0.0,0,0,0,1
S3,continuous,B,418,3,4180.0,4180.0,4191.8501130644045,4191.8501130644045,4229.258565880882,0.0,0.0,0.0,0.0,4180.0,4180.0,4219.258565880882,4219.258565880882,300.0,340.43699150678725,0.0,0,0,0,0
S3,continuous,B,419,16,4190.0,4190.0,4226.128150433948,4226.128150433948,4252.103789792782,0.0,0.0,0.0,0.0,4190.0,4190.0,4242.103789792782,4242.103789792782,300.0,1017.9835866714628,0.0,0,0,0,0
S3,continuous,B,420,20,4200.0,4200.0,4232.047492903257,4232.047492903257,4272.509393531937,0.0,0.0,0.0,0.0,4200.0,4200.0,4262.509393531937,4262.509393531937,300.0,1355.7996116090308,0.0,0,0,0,0
S3,continuous,B,421,129,4210.0,4210.0,4216.619394714922,4216.619394714922,4247.288032150986,0.0,0.0,0.0,0.0,4210.0,4210.0,4237.288032150986,4237.288032150986,300.0,584.8335307802744,0.0,0,0,0,0
S3,continuous,B,422,84,4220.0,4220.0,4274.67637103397,4274.67637103397,4309.332121937525,0.0,0.0,0.0,0.0,4220.0,4220.0,4299.332121937525,4299.332121937525,350.0,2504.175538058795,0.0,0,0,0,1
S3,continuous,B,423,60,4230.0,4230.0,4261.894548464455,4261.894548464455,4287.870187823289,0.0,0.0,0.0,0.0,4230.0,4230.0,4277.870187823289,4277.870187823289,300.0,591.001383635074,0.0,0,0,0,0
S3,continuous,B,424,11,4240.0,4240.0,4268.747051977812,4268.747051977812,4316.155504794289,0.0,0.0,0.0,0.0,4240.0,4240.0,4306.155504794289,4306.155504794289,350.0,1527.0430918749466,0.0,0,0,0,1
S3,continuous,B,425,128,4250.0,4250.0,4301.81799583795,4301.81799583795,4319.860104322926,0.0,0.0,0.0,0.0,4250.0,4250.0,4309.860104322926,4309.860104322926,300.0,1049.5930595195518,0.0,0,0,0,0
S3,continuous,B,426,109,4260.0,4260.0,4312.281649870338,4312.281649870338,4336.187765910812,0.0,0.0,0.0,0.0,4260.0,4260.0,4326.187765910812,4326.187765910812,350.0,2351.6944280223374,0.0,0,0,0,1
S3,continuous,B,427,34,4270.0,4270.0,4309.397578331775,4309.397578331775,4349.859478960455,0.0,0.0,0.0,0.0,4270.0,4270.0,4339.859478960455,4339.859478960455,300.0,2559.1894242288213,0.11000795731115431,1,0,1,0
S3,continuous,B,428,90,4280.0,4280.0,4324.793696524135,4324.793696524135,4361.796616158558,0.0,0.0,0.0,0.0,4280.0,4280.0,4351.796616158558,4351.796616158558,350.0,1034.156394061937,0.0,0,0,0,1
S3,continuous,B,429,66,4290.0,4290.0,4316.877797840287,4316.877797840287,4332.818491111932,0.0,0.0,0.0,0.0,4290.0,4290.0,4322.818491111932,4322.818491111932,300.0,1676.704132572043,0.0,0,0,0,0
S3,continuous,B,430,83,4300.0,4300.0,4336.236023233722,4336.236023233722,4384.8227137125805,0.0,0.0,0.0,0.0,4300.0,4300.0,4374.8227137125805,4374.8227137125805,350.0,1184.4578454798466,0.0,0,0,0,1
S3,continuous,B,431,117,4310.0,4310.0,4348.251046830665,4348.251046830665,4351.324500940119,0.0,0.0,0.0,0.0,4310.0,4310.0,4348.251046830665,4348.251046830665,300.0,1867.9091072012177,6.998871343860401,1,0,1,0
S3,continuous,B,432,46,4320.0,4320.0,4388.6679636000335,4388.6679636000335,4408.991414576291,0.0,0.0,0.0,0.0,4320.0,4320.0,4398.991414576291,4398.991414576291,350.0,2397.634784094103,0.0,0,0,0,1
S3,continuous,B,433,89,4330.0,4330.0,4375.0467237945995,4375.0467237945995,4411.022363153434,0.0,0.0,0.0,0.0,4330.0,4330.0,4401.022363153434,4401.022363153434,350.0,1868.7984977105145,0.0,0,0,0,1
S3,continuous,B,434,114,4340.0,4340.0,4392.209658491573,4392.209658491573,4418.150351763218,0.0,0.0,0.0,0.0,4340.0,4340.0,4408.150351763218,4408.150351763218,350.0,2724.0553980968707,0.0,0,0,0,1
S3,continuous,B,435,43,4350.0,4350.0,4394.079176090526,4394.079176090526,4410.019869362171,0.0,0.0,0.0,0.0,4350.0,4350.0,4400.019869362171,4400.019869362171,300.0,2381.7023955240525,6.928164313739217,3,0,3,0
S3,continuous,B,436,48,4360.0,4360.0,4379.061561885755,4379.061561885755,4405.037201244589,0.0,0.0,0.0,0.0,4360.0,4360.0,4395.037201244589,4395.037201244589,300.0,1205.7964660392065,0.0,0,0,0,0
S3,continuous,B,437,105,4370.0,4370.0,4421.265813386885,4421.265813386885,4441.652169102113,0.0,0.0,0.0,0.0,4370.0,4370.0,4431.652169102113,4431.652169102113,350.0,2122.94448113245,0.0,0,0,0,1
S3,continuous,B,438,8,4380.0,4380.0,4422.555459591281,4422.555459591281,4425.715230236772,0.0,0.0,0.0,0.0,4380.0,4380.0,4422.555459591281,4422.555459591281,300.0,473.3169131166006,0.0,0,0,0,0
S3,continuous,B,439,133,4390.0,4390.0,4433.01196728419,4433.01196728419,4436.0854213936445,0.0,0.0,0.0,0.0,4390.0,4390.0,4433.01196728419,4433.01196728419,300.0,2025.2879336640317,0.0,0,0,0,0
S3,continuous,B,440,19,4400.0,4400.0,4447.414565089704,4447.414565089704,4484.986200908256,0.0,0.0,0.0,0.0,4400.0,4400.0,4474.986200908256,4474.986200908256,350.0,1952.1209951703202,0.0,0,0,0,1
S3,continuous,B,441,32,4410.0,4410.0,4454.521133784824,4454.521133784824,4504.983034413504,0.0,0.0,0.0,0.0,4410.0,4410.0,4494.983034413504,4494.983034413504,350.0,2408.865898993024,0.0,0,0,0,1
S3,continuous,B,442,53,4420.0,4420.0,4451.383655366114,4451.383655366114,4474.419572732416,0.0,0.0,0.0,0.0,4420.0,4420.0,4464.419572732416,4464.419572732416,300.0,1509.895325848775,0.0,0,0,0,0
S3,continuous,B,443,74,4430.0,4430.0,4460.728329355354,4460.728329355354,4460.887291042838,0.0,0.0,0.0,0.0,4430.0,4430.0,4460.728329355354,4460.728329355354,300.0,1066.3406803761945,0.0,0,0,0,0
S3,continuous,B,444,134,4440.0,4440.0,4481.877430599097,4481.877430599097,4485.037201244589,0.0,0.0,0.0,0.0,4440.0,4440.0,4481.877430599097,4481.877430599097,300.0,1205.7964660392065,0.0,0,0,0,0
S3,continuous,B,445,49,4450.0,4450.0,4504.1499703662685,4504.1499703662685,4528.056086406743,0.0,0.0,0.0,0.0,4450.0,4450.0,4518.056086406743,4518.056086406743,350.0,1412.6110624762441,0.0,0,0,0,1
S3,continuous,B,446,133,4460.0,4460.0,4508.49217676197,4508.49217676197,4545.9006295784475,0.0,0.0,0.0,0.0,4460.0,4460.0,4535.9006295784475,4535.9006295784475,300.0,2436.844629795547,1.5423236886431368,1,0,2,0
S3,continuous,B,447,86,4470.0,4470.0,4539.165773543589,4539.165773543589,4559.489224519847,0.0,0.0,0.0,0.0,4470.0,4470.0,4549.489224519847,4549.489224519847,350.0,1600.8516190186124,0.0,0,0,0,1
S3,continuous,B,448,20,4480.0,4480.0,4511.459043372981,4511.459043372981,4548.461963007404,0.0,0.0,0.0,0.0,4480.0,4480.0,4538.461963007404,4538.461963007404,350.0,1470.7649665655601,0.0,0,0,0,1
S3,continuous,B,449,73,4490.0,4490.0,4562.283503961324,4562.283503961324,4588.259143320158,0.0,0.0,0.0,0.0,4490.0,4490.0,4578.259143320158,4578.259143320158,300.0,2641.9238705329203,0.5422187164358547,1,0,1,0
S3,continuous,B,450,87,4500.0,4500.0,4529.1702785495645,4529.1702785495645,4532.330049195056,0.0,0.0,0.0,0.0,4500.0,4500.0,4529.1702785495645,4529.1702785495645,300.0,1102.9402673691711,0.0,0,0,0,0
S3,continuous,B,451,115,4510.0,4510.0,4585.487176781544,4585.487176781544,4589.859478960455,0.0,0.0,0.0,0.0,4510.0,4510.0,4585.487176781544,4585.487176781544,300.0,2559.189424228821,0.11000795731115431,1,0,1,0
S3,continuous,B,452,140,4520.0,4520.0,4588.828193501419,4588.828193501419,4609.214549216646,0.0,0.0,0.0,0.0,4520.0,4520.0,4599.214549216646,4599.214549216646,350.0,1766.9567549879378,0.0,0,0,0,1
S3,continuous,B,453,118,4530.0,4530.0,4591.638481718466,4591.638481718466,4629.210117537018,0.0,0.0,0.0,0.0,4530.0,4530.0,4619.210117537018,4619.210117537018,350.0,1373.5690366410286,0.0,0,0,0,1
S3,continuous,B,454,72,4540.0,4540.0,4612.875092752121,4612.875092752121,4634.186356839532,0.0,0.0,0.0,0.0,4540.0,4540.0,4624.186356839532,4624.186356839532,350.0,2456.996528687935,0.0,0,0,0,1
S3,continuous,B,455,32,4550.0,4550.0,4584.9744026877415,4584.9744026877415,4605.360758402969,0.0,0.0,0.0,0.0,4550.0,4550.0,4595.360758402969,4595.360758402969,350.0,1627.3622876758616,0.0,0,0,0,1
S3,continuous,B,456,93,4560.0,4560.0,4581.093875060393,4581.093875060393,4607.069514419227,0.0,0.0,0.0,0.0,4560.0,4560.0,4597.069514419227,4597.069514419227,300.0,1346.6068640706828,0.0,0,0,0,0
S3,continuous,B,457,46,4570.0,4570.0,4639.090751905529,4639.090751905529,4653.46305408444,0.0,0.0,0.0,0.0,4570.0,4570.0,4643.46305408444,4643.46305408444,350.0,2459.4138774684143,0.0,0,0,0,1
S3,continuous,B,458,103,4580.0,4580.0,4640.043526411916,4640.043526411916,4667.046446046339,0.0,0.0,0.0,0.0,4580.0,4580.0,4657.046446046339,4657.046446046339,300.0,1758.403779436979,6.317980480570213,1,0,2,0
S3,continuous,B,459,126,4590.0,4590.0,4607.307657905511,4607.307657905511,4631.963408809066,0.0,0.0,0.0,0.0,4590.0,4590.0,4621.963408809066,4621.963408809066,300.0,1267.3199774903258,0.0,0,0,0,0
S3,continuous,B,460,64,4600.0,4600.0,4640.1319273579475,4640.1319273579475,4643.205381467402,0.0,0.0,0.0,0.0,4600.0,4600.0,4640.1319273579475,4640.1319273579475,300.0,1025.6490502876704,0.0,0,0,0,0
S3,continuous,B,461,120,4610.0,4610.0,4675.996543106805,4675.996543106805,4686.155504794289,0.0,0.0,0.0,0.0,4610.0,4610.0,4676.155504794289,4676.155504794289,350.0,1527.0430918749466,0.0,0,0,0,1
S3,continuous,B,462,0,4620.0,4620.0,4678.4768469810315,4678.4768469810315,4701.126168979454,0.0,0.0,0.0,0.0,4620.0,4620.0,4691.126168979454,4691.126168979454,350.0,2537.4925862316463,0.0,0,0,0,1
S3,continuous,B,463,136,4630.0,4630.0,4656.877797840287,4656.877797840287,4672.818491111932,0.0,0.0,0.0,0.0,4630.0,4630.0,4662.818491111932,4662.818491111932,300.0,1676.704132572043,0.0,0,0,0,0
S3,continuous,B,464,29,4640.0,4640.0,4680.406929462305,4680.406929462305,4696.347622733951,0.0,0.0,0.0,0.0,4640.0,4640.0,4686.347622733951,4686.347622733951,300.0,2075.9708117882674,0.012659496764626965,2,0,1,0
S3,continuous,B,465,99,4650.0,4650.0,4711.773915420691,4711.773915420691,4760.360605899549,0.0,0.0,0.0,0.0,4650.0,4650.0,4750.360605899549,4750.360605899549,350.0,2044.2769382963447,0.0,0,0,0,1
S3,continuous,B,466,82,4660.0,4660.0,4727.642378129317,4727.642378129317,4762.298129032872,0.0,0.0,0.0,0.0,4660.0,4660.0,4752.298129032872,4752.298129032872,350.0,2365.8530876615205,0.0,0,0,0,1
S3,continuous,B,467,34,4670.0,4670.0,4715.4949355871795,4715.4949355871795,4731.435628858825,0.0,0.0,0.0,0.0,4670.0,4670.0,4721.435628858825,4721.435628858825,300.0,2255.155349674273,0.05314182598976913,2,0,1,0
S3,continuous,B,468,65,4680.0,4680.0,4729.00284710369,4729.00284710369,4751.652169102113,0.0,0.0,0.0,0.0,4680.0,4680.0,4741.652169102113,4741.652169102113,350.0,2122.94448113245,0.0,0,0,0,1
S3,continuous,B,469,20,4690.0,4690.0,4744.1499703662685,4744.1499703662685,4768.056086406743,0.0,0.0,0.0,0.0,4690.0,4690.0,4758.056086406743,4758.056086406743,350.0,1412.6110624762441,0.0,0,0,0,1
S3,continuous,B,470,64,4700.0,4700.0,4738.719096760215,4738.719096760215,4774.694736119049,0.0,0.0,0.0,0.0,4700.0,4700.0,4764.694736119049,4764.694736119049,350.0,1364.443124239079,0.0,0,0,0,1
S3,continuous,B,471,142,4710.0,4710.0,4768.05678442311,4768.05678442311,4794.032423781944,0.0,0.0,0.0,0.0,4710.0,4710.0,4784.032423781944,4784.032423781944,300.0,1620.8179121385688,0.0,0,0,0,0
S3,continuous,B,472,98,4720.0,4720.0,4753.850809809001,4753.850809809001,4766.500131807423,0.0,0.0,0.0,0.0,4720.0,4720.0,4756.500131807423,4756.500131807423,300.0,799.5292915395796,0.0,0,0,0,0
S3,continuous,B,473,107,4730.0,4730.0,4780.158647472074,4780.158647472074,4828.7453379509325,0.0,0.0,0.0,0.0,4730.0,4730.0,4818.7453379509325,4818.7453379509325,350.0,1857.5799272923741,0.0,0,0,0,1
S3,continuous,B,474,3,4740.0,4740.0,4792.209658491573,4792.209658491573,4818.150351763218,0.0,0.0,0.0,0.0,4740.0,4740.0,4808.150351763218,4808.150351763218,350.0,2724.0553980968707,0.0,0,0,0,1
S3,continuous,B,475,6,4750.0,4750.0,4798.554894243937,4798.554894243937,4821.2042162423595,0.0,0.0,0.0,0.0,4750.0,4750.0,4811.2042162423595,4811.2042162423595,350.0,2096.9600827187032,0.0,0,0,0,1
S3,continuous,B,476,140,4760.0,4760.0,4764.76704895062,4764.76704895062,4764.926010638104,0.0,0.0,0.0,0.0,4760.0,4760.0,4764.76704895062,4764.76704895062,300.0,129.06840172906442,0.0,0,0,0,0
S3,continuous,B,477,38,4770.0,4770.0,4850.4475812790215,4850.4475812790215,4897.856034095499,0.0,0.0,0.0,0.0,4770.0,4770.0,4887.856034095499,4887.856034095499,350.0,3562.999445095191,0.0,0,0,0,1
S3,continuous,B,478,99,4780.0,4780.0,4822.921041840047,4822.921041840047,4848.861735111693,0.0,0.0,0.0,0.0,4780.0,4780.0,4838.861735111693,4838.861735111693,350.0,709.259544905278,0.0,0,0,0,1
S3,continuous,B,479,66,4790.0,4790.0,4828.251046830665,4828.251046830665,4831.324500940119,0.0,0.0,0.0,0.0,4790.0,4790.0,4828.251046830665,4828.251046830665,300.0,1867.9091072012177,6.998871343860401,1,0,1,0
S3,continuous,B,480,140,4800.0,4800.0,4847.487414725606,4847.487414725606,4883.46305408444,0.0,0.0,0.0,0.0,4800.0,4800.0,4873.46305408444,4873.46305408444,350.0,2459.4138774684143,0.0,0,0,0,1
S3,continuous,B,481,64,4810.0,4810.0,4844.236332285459,4844.236332285459,4862.278440770436,0.0,0.0,0.0,0.0,4810.0,4810.0,4852.278440770436,4852.278440770436,300.0,1515.0888722928607,0.0,0,0,0,0
S3,continuous,B,482,131,4820.0,4820.0,4860.484450588191,4860.484450588191,4898.056086406743,0.0,0.0,0.0,0.0,4820.0,4820.0,4888.056086406743,4888.056086406743,350.0,1412.6110624762441,0.0,0,0,0,1
S3,continuous,B,483,22,4830.0,4830.0,4852.207380389759,4852.207380389759,4879.779016208311,0.0,0.0,0.0,0.0,4830.0,4830.0,4869.779016208311,4869.779016208311,300.0,1348.724904043859,0.0,0,0,0,0
S3,continuous,B,484,136,4840.0,4840.0,4902.727052757834,4902.727052757834,4926.633168798308,0.0,0.0,0.0,0.0,4840.0,4840.0,4916.633168798308,4916.633168798308,350.0,2019.4873866018984,0.0,0,0,0,1
S3,continuous,B,485,92,4850.0,4850.0,4876.83393376162,4876.83393376162,4879.907387871074,0.0,0.0,0.0,0.0,4850.0,4850.0,4876.83393376162,4876.83393376162,300.0,691.699498081673,0.0,0,0,0,0
S3,continuous,B,486,86,4860.0,4860.0,4893.952480351097,4893.952480351097,4942.539170829955,0.0,0.0,0.0,0.0,4860.0,4860.0,4932.539170829955,4932.539170829955,350.0,1620.1401747678733,0.0,0,0,0,1
S3,continuous,B,487,94,4870.0,4870.0,4920.688564197965,4920.688564197965,4968.097017014443,0.0,0.0,0.0,0.0,4870.0,4870.0,4958.097017014443,4958.097017014443,350.0,2302.0852585564157,0.0,0,0,0,1
S3,continuous,B,488,96,4880.0,4880.0,4930.688564197965,4930.688564197965,4978.097017014443,0.0,0.0,0.0,0.0,4880.0,4880.0,4968.097017014443,4968.097017014443,350.0,2302.0852585564157,0.0,0,0,0,1
S3,continuous,B,489,47,4890.0,4890.0,4933.01196728419,4933.01196728419,4936.0854213936445,0.0,0.0,0.0,0.0,4890.0,4890.0,4933.01196728419,4933.01196728419,300.0,2025.2879336640317,0.0,0,0,0,0
S3,continuous,B,490,81,4900.0,4900.0,4967.642378129317,4967.642378129317,5002.298129032872,0.0,0.0,0.0,0.0,4900.0,4900.0,4992.298129032872,4992.298129032872,350.0,2365.8530876615205,0.0,0,0,0,1
S3,continuous,B,491,12,4910.0,4910.0,4990.244213538957,4990.244213538957,5000.403175226442,0.0,0.0,0.0,0.0,4910.0,4910.0,4990.403175226442,4990.403175226442,350.0,2404.2297981716765,0.0,0,0,0,1
S3,continuous,B,492,2,4920.0,4920.0,4950.013236852708,4950.013236852708,4961.324500940119,0.0,0.0,0.0,0.0,4920.0,4920.0,4951.324500940119,4951.324500940119,300.0,1867.909107201218,6.998871343860401,1,0,1,0
S3,continuous,B,493,44,4930.0,4930.0,4980.813089070619,4980.813089070619,5013.849006436921,0.0,0.0,0.0,0.0,4930.0,4930.0,5003.849006436921,5003.849006436921,350.0,2746.522521456433,0.0,0,0,0,1
S3,continuous,B,494,10,4940.0,4940.0,4979.50461665667,4979.50461665667,5016.507536291093,0.0,0.0,0.0,0.0,4940.0,4940.0,5006.507536291093,5006.507536291093,350.0,1089.3923520431958,0.0,0,0,0,1
S3,continuous,B,495,78,4950.0,4950.0,5008.1277579403395,5008.1277579403395,5048.796395376403,0.0,0.0,0.0,0.0,4950.0,4950.0,5038.796395376403,5038.796395376403,350.0,2604.316560707027,0.0,0,0,0,1
S3,continuous,B,496,90,4960.0,4960.0,5033.952588846918,5033.952588846918,5084.414489475598,0.0,0.0,0.0,0.0,4960.0,4960.0,5074.414489475598,5074.414489475598,350.0,3145.267188682647,0.0,0,0,0,1
S3,continuous,B,497,124,4970.0,4970.0,5046.785752927032,5046.785752927032,5068.097017014443,0.0,0.0,0.0,0.0,4970.0,4970.0,5058.097017014443,5058.097017014443,350.0,2302.085258556416,0.0,0,0,0,1
S3,continuous,B,498,24,4980.0,4980.0,5029.00284710369,5029.00284710369,5051.652169102113,0.0,0.0,0.0,0.0,4980.0,4980.0,5041.652169102113,5041.652169102113,350.0,2122.94448113245,0.0,0,0,0,1
S3,continuous,B,499,18,4990.0,4990.0,5033.445802263112,5033.445802263112,5059.386495534757,0.0,0.0,0.0,0.0,4990.0,4990.0,5049.386495534757,5049.386495534757,350.0,1296.8269273254568,0.0,0,0,0,1
S3,continuous,B,500,34,5000.0,5000.0,5032.5674501153235,5032.5674501153235,5081.154140594182,0.0,0.0,0.0,0.0,5000.0,5000.0,5071.154140594182,5071.154140594182,350.0,1099.9021746922076,0.0,0,0,0,1
S3,continuous,B,501,100,5010.0,5010.0,5071.000182691468,5071.000182691468,5094.0361000577695,0.0,0.0,0.0,0.0,5010.0,5010.0,5084.0361000577695,5084.0361000577695,300.0,2481.607557451972,0.0,0,0,0,0
S3,continuous,B,502,14,5020.0,5020.0,5080.194860453756,5080.194860453756,5094.567162632667,0.0,0.0,0.0,0.0,5020.0,5020.0,5084.567162632667,5084.567162632667,350.0,2047.637303556311,0.0,0,0,0,1
S3,continuous,B,503,120,5030.0,5030.0,5083.31364106891,5083.31364106891,5107.969391972465,0.0,0.0,0.0,0.0,5030.0,5030.0,5097.969391972465,5097.969391972465,300.0,1786.288850554563,0.0,0,0,0,0
S3,continuous,B,504,101,5040.0,5040.0,5111.184876124695,5111.184876124695,5131.508327100953,0.0,0.0,0.0,0.0,5040.0,5040.0,5121.508327100953,5121.508327100953,350.0,2710.1710241417095,0.0,0,0,0,1
S3,continuous,B,505,33,5050.0,5050.0,5101.50640677905,5101.50640677905,5148.914859595528,0.0,0.0,0.0,0.0,5050.0,5050.0,5138.914859595528,5138.914859595528,350.0,2859.2835262137464,0.0,0,0,0,1
S3,continuous,B,506,59,5060.0,5060.0,5113.7398983006005,5113.7398983006005,5126.813352410055,0.0,0.0,0.0,0.0,5060.0,5060.0,5116.813352410055,5116.813352410055,350.0,536.20995181868,0.0,0,0,0,1
S3,continuous,B,507,124,5070.0,5070.0,5113.227390984307,5113.227390984307,5133.613746699534,0.0,0.0,0.0,0.0,5070.0,5070.0,5123.613746699534,5123.613746699534,350.0,1730.4783673273528,0.0,0,0,0,1
S3,continuous,B,508,126,5080.0,5080.0,5135.591472570768,5135.591472570768,5186.053373199448,0.0,0.0,0.0,0.0,5080.0,5080.0,5176.053373199448,5176.053373199448,350.0,1641.4901323839163,0.0,0,0,0,1
S3,continuous,B,509,35,5090.0,5090.0,5138.894926520887,5138.894926520887,5152.054697166378,0.0,0.0,0.0,0.0,5090.0,5090.0,5142.054697166378,5142.054697166378,350.0,1596.197264712995,0.0,0,0,0,1
S3,continuous,B,510,68,5100.0,5100.0,5145.445733303086,5145.445733303086,5184.032423781944,0.0,0.0,0.0,0.0,5100.0,5100.0,5174.032423781944,5174.032423781944,300.0,1620.8179121385688,0.0,0,0,0,0
S3,continuous,B,511,41,5110.0,5110.0,5153.9960603097725,5153.9960603097725,5157.069514419227,0.0,0.0,0.0,0.0,5110.0,5110.0,5153.9960603097725,5153.9960603097725,300.0,1346.6068640706828,0.0,0,0,0,0
S3,continuous,B,512,110,5120.0,5120.0,5178.1277579403395,5178.1277579403395,5218.796395376403,0.0,0.0,0.0,0.0,5120.0,5120.0,5208.796395376403,5208.796395376403,350.0,2604.316560707027,0.0,0,0,0,1
S3,continuous,B,513,37,5130.0,5130.0,5211.341482247656,5211.341482247656,5233.990804246078,0.0,0.0,0.0,0.0,5130.0,5130.0,5223.990804246078,5223.990804246078,350.0,2539.8328469729067,0.0,0,0,0,1
S3,continuous,B,514,11,5140.0,5140.0,5168.959154467205,5168.959154467205,5184.89984773885,0.0,0.0,0.0,0.0,5140.0,5140.0,5174.89984773885,5174.89984773885,300.0,489.87579178599117,0.0,0,0,0,0
S3,continuous,B,515,43,5150.0,5150.0,5189.99733542366,5189.99733542366,5203.157106069151,0.0,0.0,0.0,0.0,5150.0,5150.0,5193.157106069151,5193.157106069151,350.0,2105.818577409913,0.0,0,0,0,1
S3,continuous,B,516,13,5160.0,5160.0,5191.688297869698,5191.688297869698,5202.074653584925,0.0,0.0,0.0,0.0,5160.0,5160.0,5192.074653584925,5192.074653584925,300.0,1051.8882799823875,0.0,0,0,0,0
S3,continuous,B,517,73,5170.0,5170.0,5183.80518999557,5183.80518999557,5197.711306036044,0.0,0.0,0.0,0.0,5170.0,5170.0,5187.711306036044,5187.711306036044,300.0,292.3486278500359,0.0,0,0,0,0
S3,continuous,B,518,111,5180.0,5180.0,5181.743487755998,5181.743487755998,5222.205388384678,0.0,0.0,0.0,0.0,5180.0,5180.0,5212.205388384678,5212.205388384678,300.0,308.7393828150869,0.0,0,0,0,0
S3,continuous,B,519,55,5190.0,5190.0,5233.108308645005,5233.108308645005,5244.419572732416,0.0,0.0,0.0,0.0,5190.0,5190.0,5234.419572732416,5234.419572732416,300.0,1509.895325848775,0.0,0,0,0,0
S3,continuous,B,520,132,5200.0,5200.0,5262.277769309145,5262.277769309145,5275.437539954636,0.0,0.0,0.0,0.0,5200.0,5200.0,5265.437539954636,5265.437539954636,350.0,1900.7325983597682,0.0,0,0,0,1
S3,continuous,B,521,41,5210.0,5210.0,5269.345075369115,5269.345075369115,5306.347995003538,0.0,0.0,0.0,0.0,5210.0,5210.0,5296.347995003538,5296.347995003538,350.0,1824.4354139691113,0.0,0,0,0,1
S3,continuous,B,522,101,5220.0,5220.0,5259.9092471639315,5259.9092471639315,5273.069017809423,0.0,0.0,0.0,0.0,5220.0,5220.0,5263.069017809423,5263.069017809423,350.0,1469.2567283838907,0.0,0,0,0,1
S3,continuous,B,523,17,5230.0,5230.0,5306.352638446094,5306.352638446094,5319.512409091585,0.0,0.0,0.0,0.0,5230.0,5230.0,5309.512409091585,5309.512409091585,350.0,2648.0754410764785,0.0,0,0,0,1
S3,continuous,B,524,0,5240.0,5240.0,5246.619394714922,5246.619394714922,5277.288032150986,0.0,0.0,0.0,0.0,5240.0,5240.0,5267.288032150986,5267.288032150986,300.0,584.8335307802744,0.0,0,0,0,0
S3,continuous,B,525,46,5250.0,5250.0,5301.664740201259,5301.664740201259,5316.03704238017,0.0,0.0,0.0,0.0,5250.0,5250.0,5306.03704238017,5306.03704238017,350.0,2262.898047442555,0.0,0,0,0,1
S3,continuous,B,526,53,5260.0,5260.0,5322.336878909834,5322.336878909834,5344.986200908256,0.0,0.0,0.0,0.0,5260.0,5260.0,5334.986200908256,5334.986200908256,350.0,1952.12099517032,0.0,0,0,0,1
S3,continuous,B,527,23,5270.0,5270.0,5316.309526316792,5316.309526316792,5330.681828495703,0.0,0.0,0.0,0.0,5270.0,5270.0,5320.681828495703,5320.681828495703,350.0,2352.9669285976456,0.0,0,0,0,1
S3,continuous,B,528,98,5280.0,5280.0,5319.50461665667,5319.50461665667,5356.507536291093,0.0,0.0,0.0,0.0,5280.0,5280.0,5346.507536291093,5346.507536291093,350.0,1089.3923520431958,0.0,0,0,0,1
S3,continuous,B,529,25,5290.0,5290.0,5311.093875060393,5311.093875060393,5337.069514419227,0.0,0.0,0.0,0.0,5290.0,5290.0,5327.069514419227,5327.069514419227,300.0,1346.6068640706828,0.0,0,0,0,0
S3,continuous,B,530,86,5300.0,5300.0,5312.756333947312,5312.756333947312,5335.792251313614,0.0,0.0,0.0,0.0,5300.0,5300.0,5325.792251313614,5325.792251313614,300.0,770.749326847003,0.0,0,0,0,0
S3,continuous,B,531,128,5310.0,5310.0,5364.073996267327,5364.073996267327,5386.723318265749,0.0,0.0,0.0,0.0,5310.0,5310.0,5376.723318265749,5376.723318265749,350.0,2831.887726781077,0.0,0,0,0,1
S3,continuous,B,532,29,5320.0,5320.0,5380.189924742596,5380.189924742596,5393.349695388088,0.0,0.0,0.0,0.0,5320.0,5320.0,5383.349695388088,5383.349695388088,350.0,2825.1810258646497,0.0,0,0,0,1
S3,continuous,B,533,12,5330.0,5330.0,5369.50461665667,5369.50461665667,5406.507536291093,0.0,0.0,0.0,0.0,5330.0,5330.0,5396.507536291093,5396.507536291093,350.0,1089.3923520431958,0.0,0,0,0,1
S3,continuous,B,534,69,5340.0,5340.0,5381.34438704978,5381.34438704978,5409.386495534757,0.0,0.0,0.0,0.0,5340.0,5340.0,5399.386495534757,5399.386495534757,350.0,1296.8269273254564,0.0,0,0,0,1
S3,continuous,B,535,114,5350.0,5350.0,5416.649736878525,5416.649736878525,5437.036092593752,0.0,0.0,0.0,0.0,5350.0,5350.0,5427.036092593752,5427.036092593752,350.0,2408.1429314252346,0.0,0,0,0,1
S3,continuous,B,536,99,5360.0,5360.0,5417.908956696436,5417.908956696436,5450.944874062738,0.0,0.0,0.0,0.0,5360.0,5360.0,5440.944874062738,5440.944874062738,350.0,2426.1006148424,0.0,0,0,0,1
S3,continuous,B,537,144,5370.0,5370.0,5403.952480351097,5403.952480351097,5452.539170829955,0.0,0.0,0.0,0.0,5370.0,5370.0,5442.539170829955,5442.539170829955,350.0,1620.1401747678733,0.0,0,0,0,1
S3,continuous,B,538,51,5380.0,5380.0,5460.244213538957,5460.244213538957,5470.403175226442,0.0,0.0,0.0,0.0,5380.0,5380.0,5460.403175226442,5460.403175226442,350.0,2404.2297981716765,0.0,0,0,0,1
S3,continuous,B,539,142,5390.0,5390.0,5435.4067140294,5435.4067140294,5439.779016208311,0.0,0.0,0.0,0.0,5390.0,5390.0,5435.4067140294,5435.4067140294,300.0,1348.7249040438587,0.0,0,0,0,0
S3,continuous,B,540,13,5400.0,5400.0,5457.908956696436,5457.908956696436,5490.944874062738,0.0,0.0,0.0,0.0,5400.0,5400.0,5480.944874062738,5480.944874062738,350.0,2426.1006148424,0.0,0,0,0,1
S3,continuous,B,541,110,5410.0,5410.0,5443.1145681758735,5443.1145681758735,5473.783205611937,0.0,0.0,0.0,0.0,5410.0,5410.0,5463.783205611937,5463.783205611937,300.0,1248.384375665003,0.0,0,0,0,0
S3,continuous,B,542,67,5420.0,5420.0,5470.006682506578,5470.006682506578,5482.656004505,0.0,0.0,0.0,0.0,5420.0,5420.0,5472.656004505,5472.656004505,300.0,901.874904995335,0.0,0,0,0,0
S3,continuous,B,543,17,5430.0,5430.0,5449.168385062692,5449.168385062692,5473.824135966247,0.0,0.0,0.0,0.0,5430.0,5430.0,5463.824135966247,5463.824135966247,300.0,1211.641421947565,0.0,0,0,0,0
S3,continuous,B,544,66,5440.0,5440.0,5484.392570203584,5484.392570203584,5531.801023020062,0.0,0.0,0.0,0.0,5440.0,5440.0,5521.801023020062,5521.801023020062,350.0,2310.2549766217962,0.0,0,0,0,1
S3,continuous,B,545,29,5450.0,5450.0,5473.960206701637,5473.960206701637,5495.271470789047,0.0,0.0,0.0,0.0,5450.0,5450.0,5485.271470789047,5485.271470789047,350.0,817.6114661799854,0.0,0,0,0,1
S3,continuous,B,546,8,5460.0,5460.0,5510.006682506578,5510.006682506578,5522.656004505,0.0,0.0,0.0,0.0,5460.0,5460.0,5512.656004505,5512.656004505,300.0,901.874904995335,0.0,0,0,0,0
S3,continuous,B,547,71,5470.0,5470.0,5502.5674501153235,5502.5674501153235,5551.154140594182,0.0,0.0,0.0,0.0,5470.0,5470.0,5541.154140594182,5541.154140594182,350.0,1099.9021746922076,0.0,0,0,0,1
S3,continuous,B,548,4,5480.0,5480.0,5559.685541552714,5559.685541552714,5580.996805640125,0.0,0.0,0.0,0.0,5480.0,5480.0,5570.996805640125,5570.996805640125,350.0,2307.108551849368,0.0,0,0,0,1
S3,continuous,B,549,32,5490.0,5490.0,5534.5464335739425,5534.5464335739425,5571.549353208366,0.0,0.0,0.0,0.0,5490.0,5490.0,5561.549353208366,5561.549353208366,350.0,1840.5822177112793,0.0,0,0,0,1
S3,continuous,B,550,2,5500.0,5500.0,5547.487414725606,5547.487414725606,5583.46305408444,0.0,0.0,0.0,0.0,5500.0,5500.0,5573.46305408444,5573.46305408444,350.0,2459.4138774684143,0.0,0,0,0,1
S3,continuous,B,551,53,5510.0,5510.0,5565.036168754089,5565.036168754089,5586.3474328414995,0.0,0.0,0.0,0.0,5510.0,5510.0,5576.3474328414995,5576.3474328414995,350.0,2175.9581522915028,0.0,0,0,0,1
S3,continuous,B,552,87,5520.0,5520.0,5541.844380903868,5541.844380903868,5566.500131807423,0.0,0.0,0.0,0.0,5520.0,5520.0,5556.500131807423,5556.500131807423,300.0,799.5292915395796,0.0,0,0,0,0
S3,continuous,B,553,86,5530.0,5530.0,5567.448038889227,5567.448038889227,5592.103789792782,0.0,0.0,0.0,0.0,5530.0,5530.0,5582.103789792782,5582.103789792782,300.0,1017.9835866714628,0.0,0,0,0,0
S3,continuous,B,554,27,5540.0,5540.0,5610.775552327466,5610.775552327466,5623.849006436921,0.0,0.0,0.0,0.0,5540.0,5540.0,5613.849006436921,5613.849006436921,350.0,2746.522521456433,0.0,0,0,0,1
S3,continuous,B,555,146,5550.0,5550.0,5618.828193501419,5618.828193501419,5639.214549216646,0.0,0.0,0.0,0.0,5550.0,5550.0,5629.214549216646,5629.214549216646,350.0,1766.9567549879378,0.0,0,0,0,1
S3,continuous,B,556,77,5560.0,5560.0,5617.220052938979,5617.220052938979,5641.126168979454,0.0,0.0,0.0,0.0,5560.0,5560.0,5631.126168979454,5631.126168979454,350.0,2537.4925862316463,0.0,0,0,0,1
S3,continuous,B,557,6,5570.0,5570.0,5621.664740201259,5621.664740201259,5636.03704238017,0.0,0.0,0.0,0.0,5570.0,5570.0,5626.03704238017,5626.03704238017,350.0,2262.898047442555,0.0,0,0,0,1
S3,continuous,B,558,85,5580.0,5580.0,5633.31364106891,5633.31364106891,5657.969391972465,0.0,0.0,0.0,0.0,5580.0,5580.0,5647.969391972465,5647.969391972465,300.0,1786.288850554563,0.0,0,0,0,0
S3,continuous,B,559,26,5590.0,5590.0,5616.83393376162,5616.83393376162,5619.907387871074,0.0,0.0,0.0,0.0,5590.0,5590.0,5616.83393376162,5616.83393376162,300.0,691.699498081673,0.0,0,0,0,0
S3,continuous,B,560,114,5600.0,5600.0,5668.828193501419,5668.828193501419,5689.214549216646,0.0,0.0,0.0,0.0,5600.0,5600.0,5679.214549216646,5679.214549216646,350.0,1766.9567549879378,0.0,0,0,0,1
S3,continuous,B,561,2,5610.0,5610.0,5662.380341690197,5662.380341690197,5697.036092593752,0.0,0.0,0.0,0.0,5610.0,5610.0,5687.036092593752,5687.036092593752,350.0,2408.1429314252346,0.0,0,0,0,1
S3,continuous,B,562,31,5620.0,5620.0,5700.244213538957,5700.244213538957,5710.403175226442,0.0,0.0,0.0,0.0,5620.0,5620.0,5700.403175226442,5700.403175226442,350.0,2404.2297981716765,0.0,0,0,0,1
S3,continuous,B,563,140,5630.0,5630.0,5674.526615522468,5674.526615522468,5707.56253288877,0.0,0.0,0.0,0.0,5630.0,5630.0,5697.56253288877,5697.56253288877,350.0,1659.410132500123,0.0,0,0,0,1
S3,continuous,B,564,36,5640.0,5640.0,5706.649736878525,5706.649736878525,5727.036092593752,0.0,0.0,0.0,0.0,5640.0,5640.0,5717.036092593752,5717.036092593752,350.0,2408.1429314252346,0.0,0,0,0,1
S3,continuous,B,565,129,5650.0,5650.0,5680.899168610136,5680.899168610136,5695.271470789047,0.0,0.0,0.0,0.0,5650.0,5650.0,5685.271470789047,5685.271470789047,350.0,817.6114661799854,0.0,0,0,0,1
S3,continuous,B,566,57,5660.0,5660.0,5732.283503961324,5732.283503961324,5758.259143320158,0.0,0.0,0.0,0.0,5660.0,5660.0,5748.259143320158,5748.259143320158,300.0,2641.9238705329203,0.5422187164358547,1,0,1,0
S3,continuous,B,567,51,5670.0,5670.0,5723.6564168482955,5723.6564168482955,5747.56253288877,0.0,0.0,0.0,0.0,5670.0,5670.0,5737.56253288877,5737.56253288877,350.0,1659.410132500123,0.0,0,0,0,1
S3,continuous,B,568,74,5680.0,5680.0,5736.852576197398,5736.852576197398,5771.508327100953,0.0,0.0,0.0,0.0,5680.0,5680.0,5761.508327100953,5761.508327100953,350.0,2710.1710241417095,0.0,0,0,0,1
S3,continuous,B,569,58,5690.0,5690.0,5740.006682506578,5740.006682506578,5752.656004505,0.0,0.0,0.0,0.0,5690.0,5690.0,5742.656004505,5742.656004505,300.0,901.874904995335,0.0,0,0,0,0
S3,continuous,B,570,71,5700.0,5700.0,5751.664740201259,5751.664740201259,5766.03704238017,0.0,0.0,0.0,0.0,5700.0,5700.0,5756.03704238017,5756.03704238017,350.0,2262.898047442555,0.0,0,0,0,1
S3,continuous,B,571,113,5710.0,5710.0,5765.036168754089,5765.036168754089,5786.3474328414995,0.0,0.0,0.0,0.0,5710.0,5710.0,5776.3474328414995,5776.3474328414995,350.0,2175.9581522915028,0.0,0,0,0,1
S3,continuous,B,572,18,5720.0,5720.0,5777.908956696436,5777.908956696436,5810.944874062738,0.0,0.0,0.0,0.0,5720.0,5720.0,5800.944874062738,5800.944874062738,350.0,2426.1006148424,0.0,0,0,0,1
S3,continuous,B,573,45,5730.0,5730.0,5761.459043372981,5761.459043372981,5798.461963007404,0.0,0.0,0.0,0.0,5730.0,5730.0,5788.461963007404,5788.461963007404,350.0,1470.7649665655601,0.0,0,0,0,1
S3,continuous,B,574,12,5740.0,5740.0,5767.633506596373,5767.633506596373,5805.205142414925,0.0,0.0,0.0,0.0,5740.0,5740.0,5795.205142414925,5795.205142414925,350.0,1403.6226481227427,0.0,0,0,0,1
S3,continuous,B,575,28,5750.0,5750.0,5817.383075739527,5817.383075739527,5864.791528556005,0.0,0.0,0.0,0.0,5750.0,5750.0,5854.791528556005,5854.791528556005,350.0,2447.400602594802,0.0,0,0,0,1
S3,continuous,B,576,141,5760.0,5760.0,5819.592495921208,5819.592495921208,5839.915946897466,0.0,0.0,0.0,0.0,5760.0,5760.0,5829.915946897466,5829.915946897466,350.0,2474.7742312103137,0.0,0,0,0,1
S3,continuous,B,577,80,5770.0,5770.0,5822.182068767217,5822.182068767217,5842.505519743475,0.0,0.0,0.0,0.0,5770.0,5770.0,5832.505519743475,5832.505519743475,350.0,2266.2272206387775,0.0,0,0,0,1
S3,continuous,B,578,52,5780.0,5780.0,5806.877797840287,5806.877797840287,5822.818491111932,0.0,0.0,0.0,0.0,5780.0,5780.0,5812.818491111932,5812.818491111932,300.0,1676.704132572043,0.0,0,0,0,0
S3,continuous,B,579,83,5790.0,5790.0,5833.445802263112,5833.445802263112,5859.386495534757,0.0,0.0,0.0,0.0,5790.0,5790.0,5849.386495534757,5849.386495534757,350.0,1296.8269273254568,0.0,0,0,0,1
S3,continuous,B,580,148,5800.0,5800.0,5819.168385062692,5819.168385062692,5843.824135966247,0.0,0.0,0.0,0.0,5800.0,5800.0,5833.824135966247,5833.824135966247,300.0,1211.641421947565,0.0,0,0,0,0
S3,continuous,B,581,75,5810.0,5810.0,5887.788608921582,5887.788608921582,5924.791528556005,0.0,0.0,0.0,0.0,5810.0,5810.0,5914.791528556005,5914.791528556005,350.0,2447.4006025948024,0.0,0,0,0,1
S3,continuous,B,582,7,5820.0,5820.0,5881.000182691468,5881.000182691468,5904.0361000577695,0.0,0.0,0.0,0.0,5820.0,5820.0,5894.0361000577695,5894.0361000577695,300.0,2481.607557451972,0.0,0,0,0,0
S3,continuous,B,583,118,5830.0,5830.0,5856.877797840287,5856.877797840287,5872.818491111932,0.0,0.0,0.0,0.0,5830.0,5830.0,5862.818491111932,5862.818491111932,300.0,1676.704132572043,0.0,0,0,0,0
S3,continuous,B,584,30,5840.0,5840.0,5895.445691823483,5895.445691823483,5934.032382302341,0.0,0.0,0.0,0.0,5840.0,5840.0,5924.032382302341,5924.032382302341,300.0,2368.8749349072764,0.0,0,0,0,0
S3,continuous,B,585,27,5850.0,5850.0,5886.547411285958,5886.547411285958,5924.11904710451,0.0,0.0,0.0,0.0,5850.0,5850.0,5914.11904710451,5914.11904710451,350.0,1310.1576460996353,0.0,0,0,0,1
S3,continuous,B,586,136,5860.0,5860.0,5907.300754536402,5907.300754536402,5937.969391972465,0.0,0.0,0.0,0.0,5860.0,5860.0,5927.969391972465,5927.969391972465,300.0,1786.288850554563,0.0,0,0,0,0
S3,continuous,B,587,92,5870.0,5870.0,5947.788608921582,5947.788608921582,5984.791528556005,0.0,0.0,0.0,0.0,5870.0,5870.0,5974.791528556005,5974.791528556005,350.0,2447.4006025948024,0.0,0,0,0,1
S3,continuous,B,588,62,5880.0,5880.0,5909.527983290227,5909.527983290227,5933.434099330701,0.0,0.0,0.0,0.0,5880.0,5880.0,5923.434099330701,5923.434099330701,350.0,830.9041971118488,0.0,0,0,0,1
S3,continuous,B,589,2,5890.0,5890.0,5951.000182691468,5951.000182691468,5974.0361000577695,0.0,0.0,0.0,0.0,5890.0,5890.0,5964.0361000577695,5964.0361000577695,300.0,2481.607557451972,0.0,0,0,0,0
S3,continuous,B,590,23,5900.0,5900.0,5960.094585537313,5960.094585537313,5997.097505171736,0.0,0.0,0.0,0.0,5900.0,5900.0,5987.097505171736,5987.097505171736,350.0,2154.1053964043917,0.0,0,0,0,1
S3,continuous,B,591,16,5910.0,5910.0,5973.653763388425,5973.653763388425,5999.594456660071,0.0,0.0,0.0,0.0,5910.0,5910.0,5989.594456660071,5989.594456660071,350.0,2056.3701501092005,0.0,0,0,0,1
S3,continuous,B,592,9,5920.0,5920.0,5963.550195990577,5963.550195990577,5999.525835349411,0.0,0.0,0.0,0.0,5920.0,5920.0,5989.525835349411,5989.525835349411,350.0,1353.9612395924025,0.0,0,0,0,1
S3,continuous,B,593,41,5930.0,5930.0,5980.051198665431,5980.051198665431,6016.026838024265,0.0,0.0,0.0,0.0,5930.0,5930.0,6006.026838024265,6006.026838024265,350.0,2042.414285327003,0.0,0,0,0,1
S3,continuous,B,594,69,5940.0,5940.0,5981.804447121582,5981.804447121582,5981.963408809066,0.0,0.0,0.0,0.0,5940.0,5940.0,5981.804447121582,5981.804447121582,300.0,1267.3199774903258,0.0,0,0,0,0
S3,continuous,B,595,26,5950.0,5950.0,6002.281649870338,6002.281649870338,6026.187765910812,0.0,0.0,0.0,0.0,5950.0,5950.0,6016.187765910812,6016.187765910812,350.0,2351.6944280223374,0.0,0,0,0,1
S3,continuous,B,596,147,5960.0,5960.0,5992.682662094196,5992.682662094196,6013.069017809423,0.0,0.0,0.0,0.0,5960.0,5960.0,6003.069017809423,6003.069017809423,350.0,1469.2567283838907,0.0,0,0,0,1
S3,continuous,B,597,38,5970.0,5970.0,6023.669806312473,6023.669806312473,6044.0561620277,0.0,0.0,0.0,0.0,5970.0,5970.0,6034.0561620277,6034.0561620277,350.0,2080.24278098951,0.0,0,0,0,1
S3,continuous,B,598,34,5980.0,5980.0,6006.22515236108,6006.22515236108,6036.893789797144,0.0,0.0,0.0,0.0,5980.0,5980.0,6026.893789797144,6026.893789797144,300.0,1121.6451546829703,0.0,0,0,0,0
S3,continuous,B,599,71,5990.0,5990.0,6071.868510409624,6071.868510409624,6095.774626450098,0.0,0.0,0.0,0.0,5990.0,5990.0,6085.774626450098,6085.774626450098,350.0,2465.61406874201,0.0,0,0,0,1
S3,continuous,B,600,98,6000.0,6000.0,6056.867885764421,6056.867885764421,6097.536523200484,0.0,0.0,0.0,0.0,6000.0,6000.0,6087.536523200484,6087.536523200484,350.0,1677.6180293310342,0.0,0,0,0,1
S3,continuous,B,601,86,6010.0,6010.0,6055.0467237945995,6055.0467237945995,6091.022363153434,0.0,0.0,0.0,0.0,6010.0,6010.0,6081.022363153434,6081.022363153434,350.0,1868.7984977105145,0.0,0,0,0,1
S3,continuous,B,602,20,6020.0,6020.0,6079.842876506771,6079.842876506771,6101.154140594182,0.0,0.0,0.0,0.0,6020.0,6020.0,6091.154140594182,6091.154140594182,350.0,1099.9021746922076,0.0,0,0,0,1
S3,continuous,B,603,103,6030.0,6030.0,6066.795858413903,6066.795858413903,6097.464495849967,0.0,0.0,0.0,0.0,6030.0,6030.0,6087.464495849967,6087.464495849967,300.0,1623.390996355718,0.0,0,0,0,0
S3,continuous,B,604,27,6040.0,6040.0,6075.8952552194505,6075.8952552194505,6090.2675573983615,0.0,0.0,0.0,0.0,6040.0,6040.0,6080.2675573983615,6080.2675573983615,350.0,1653.3593357192622,0.0,0,0,0,1
S3,continuous,B,605,33,6050.0,6050.0,6119.090751905529,6119.090751905529,6133.46305408444,0.0,0.0,0.0,0.0,6050.0,6050.0,6123.46305408444,6123.46305408444,350.0,2459.4138774684143,0.0,0,0,0,1
S3,continuous,B,606,43,6060.0,6060.0,6073.80518999557,6073.80518999557,6087.711306036044,0.0,0.0,0.0,0.0,6060.0,6060.0,6077.711306036044,6077.711306036044,300.0,292.3486278500359,0.0,0,0,0,0
S3,continuous,B,607,13,6070.0,6070.0,6113.445802263112,6113.445802263112,6139.386495534757,0.0,0.0,0.0,0.0,6070.0,6070.0,6129.386495534757,6129.386495534757,350.0,1296.8269273254568,0.0,0,0,0,1
S3,continuous,B,608,83,6080.0,6080.0,6120.484450588191,6120.484450588191,6158.056086406743,0.0,0.0,0.0,0.0,6080.0,6080.0,6148.056086406743,6148.056086406743,350.0,1412.6110624762441,0.0,0,0,0,1
S3,continuous,B,609,88,6090.0,6090.0,6142.022820841519,6142.022820841519,6179.594456660071,0.0,0.0,0.0,0.0,6090.0,6090.0,6169.594456660071,6169.594456660071,350.0,2056.370150109201,0.0,0,0,0,1
S3,continuous,B,610,60,6100.0,6100.0,6185.759776336568,6185.759776336568,6226.428413772632,0.0,0.0,0.0,0.0,6100.0,6100.0,6216.428413772632,6216.428413772632,350.0,2924.482363421951,0.0,0,0,0,1
S3,continuous,B,611,37,6110.0,6110.0,6136.83393376162,6136.83393376162,6139.907387871074,0.0,0.0,0.0,0.0,6110.0,6110.0,6136.83393376162,6136.83393376162,300.0,691.699498081673,0.0,0,0,0,0
S3,continuous,B,612,122,6120.0,6120.0,6134.9465977711925,6134.9465977711925,6150.887291042838,0.0,0.0,0.0,0.0,6120.0,6120.0,6140.887291042838,6140.887291042838,300.0,1066.3406803761945,0.0,0,0,0,0
S3,continuous,B,613,143,6130.0,6130.0,6173.181537977893,6173.181537977893,6183.340499665377,0.0,0.0,0.0,0.0,6130.0,6130.0,6173.340499665377,6173.340499665377,350.0,1672.4054045245832,0.0,0,0,0,1
S3,continuous,B,614,87,6140.0,6140.0,6179.50461665667,6179.50461665667,6216.507536291093,0.0,0.0,0.0,0.0,6140.0,6140.0,6206.507536291093,6206.507536291093,350.0,1089.3923520431958,0.0,0,0,0,1
S3,continuous,B,615,120,6150.0,6150.0,6178.959154467205,6178.959154467205,6194.89984773885,0.0,0.0,0.0,0.0,6150.0,6150.0,6184.89984773885,6184.89984773885,300.0,489.87579178599117,0.0,0,0,0,0
S3,continuous,B,616,66,6160.0,6160.0,6213.02624441183,6213.02624441183,6233.349695388088,0.0,0.0,0.0,0.0,6160.0,6160.0,6223.349695388088,6223.349695388088,350.0,2825.1810258646497,0.0,0,0,0,1
S3,continuous,B,617,93,6170.0,6170.0,6210.406929462305,6210.406929462305,6226.347622733951,0.0,0.0,0.0,0.0,6170.0,6170.0,6216.347622733951,6216.347622733951,300.0,2075.9708117882674,0.012659496764626965,2,0,1,0
S3,continuous,B,618,41,6180.0,6180.0,6201.735107787885,6201.735107787885,6206.107409966796,0.0,0.0,0.0,0.0,6180.0,6180.0,6201.735107787885,6201.735107787885,300.0,830.3767609811754,0.0,0,0,0,0
S3,continuous,B,619,49,6190.0,6190.0,6223.1145681758735,6223.1145681758735,6253.783205611937,0.0,0.0,0.0,0.0,6190.0,6190.0,6243.783205611937,6243.783205611937,300.0,1248.384375665003,0.0,0,0,0,0
S3,continuous,B,620,148,6200.0,6200.0,6261.900643003671,6261.900643003671,6298.903562638094,0.0,0.0,0.0,0.0,6200.0,6200.0,6288.903562638094,6288.903562638094,350.0,1803.8248231929406,0.0,0,0,0,1
S3,continuous,B,621,39,6210.0,6210.0,6251.282964892054,6251.282964892054,6264.442735537546,0.0,0.0,0.0,0.0,6210.0,6210.0,6254.442735537546,6254.442735537546,350.0,2011.8001759480248,0.0,0,0,0,1
S3,continuous,B,622,29,6220.0,6220.0,6268.554894243937,6268.554894243937,6291.2042162423595,0.0,0.0,0.0,0.0,6220.0,6220.0,6281.2042162423595,6281.2042162423595,350.0,2096.9600827187032,0.0,0,0,0,1
S3,continuous,B,623,31,6230.0,6230.0,6280.051198665431,6280.051198665431,6316.026838024265,0.0,0.0,0.0,0.0,6230.0,6230.0,6306.026838024265,6306.026838024265,350.0,2042.414285327003,0.0,0,0,0,1
S3,continuous,B,624,70,6240.0,6240.0,6291.775070674759,6291.775070674759,6301.934032362244,0.0,0.0,0.0,0.0,6240.0,6240.0,6291.934032362244,6291.934032362244,350.0,1220.6194759652642,0.0,0,0,0,1
S3,continuous,B,625,45,6250.0,6250.0,6281.688297869698,6281.688297869698,6292.074653584925,0.0,0.0,0.0,0.0,6250.0,6250.0,6282.074653584925,6282.074653584925,300.0,1051.8882799823875,0.0,0,0,0,0
S3,continuous,B,626,13,6260.0,6260.0,6286.879579642715,6286.879579642715,6308.190843730125,0.0,0.0,0.0,0.0,6260.0,6260.0,6298.190843730125,6298.190843730125,350.0,1087.0091068127344,0.0,0,0,0,1
S3,continuous,B,627,82,6270.0,6270.0,6309.99733542366,6309.99733542366,6323.157106069151,0.0,0.0,0.0,0.0,6270.0,6270.0,6313.157106069151,6313.157106069151,350.0,2105.818577409913,0.0,0,0,0,1
S3,continuous,B,628,30,6280.0,6280.0,6309.398203694246,6309.398203694246,6349.860104322926,0.0,0.0,0.0,0.0,6280.0,6280.0,6339.860104322926,6339.860104322926,300.0,1049.5930595195518,0.0,0,0,0,0
S3,continuous,B,629,120,6290.0,6290.0,6337.414565089704,6337.414565089704,6374.986200908256,0.0,0.0,0.0,0.0,6290.0,6290.0,6364.986200908256,6364.986200908256,350.0,1952.1209951703202,0.0,0,0,0,1
S3,continuous,B,630,132,6300.0,6300.0,6317.307657905511,6317.307657905511,6341.963408809066,0.0,0.0,0.0,0.0,6300.0,6300.0,6331.963408809066,6331.963408809066,300.0,1267.3199774903258,0.0,0,0,0,0
S3,continuous,B,631,106,6310.0,6310.0,6362.943509497346,6362.943509497346,6411.530199976204,0.0,0.0,0.0,0.0,6310.0,6310.0,6401.530199976204,6401.530199976204,350.0,2172.824667132534,0.0,0,0,0,1
S3,continuous,B,632,14,6320.0,6320.0,6363.181537977893,6363.181537977893,6373.340499665377,0.0,0.0,0.0,0.0,6320.0,6320.0,6363.340499665377,6363.340499665377,350.0,1672.4054045245832,0.0,0,0,0,1
S3,continuous,B,633,47,6330.0,6330.0,6369.9092471639315,6369.9092471639315,6383.069017809423,0.0,0.0,0.0,0.0,6330.0,6330.0,6373.069017809423,6373.069017809423,350.0,1469.2567283838907,0.0,0,0,0,1
S3,continuous,B,634,97,6340.0,6340.0,6379.010439163305,6379.010439163305,6389.333890139563,0.0,0.0,0.0,0.0,6340.0,6340.0,6379.333890139563,6379.333890139563,300.0,1539.7165091947336,0.6158379526814315,1,0,1,0
S3,continuous,B,635,83,6350.0,6350.0,6389.99733542366,6389.99733542366,6403.157106069151,0.0,0.0,0.0,0.0,6350.0,6350.0,6393.157106069151,6393.157106069151,350.0,2105.818577409913,0.0,0,0,0,1
S3,continuous,B,636,39,6360.0,6360.0,6410.158647472074,6410.158647472074,6458.7453379509325,0.0,0.0,0.0,0.0,6360.0,6360.0,6448.7453379509325,6448.7453379509325,350.0,1857.5799272923741,0.0,0,0,0,1
S3,continuous,B,637,17,6370.0,6370.0,6455.755088950036,6455.755088950036,6468.914859595528,0.0,0.0,0.0,0.0,6370.0,6370.0,6458.914859595528,6458.914859595528,350.0,2859.2835262137464,0.0,0,0,0,1
S3,continuous,B,638,66,6380.0,6380.0,6429.00284710369,6429.00284710369,6451.652169102113,0.0,0.0,0.0,0.0,6380.0,6380.0,6441.652169102113,6441.652169102113,350.0,2122.94448113245,0.0,0,0,0,1
S3,continuous,B,639,21,6390.0,6390.0,6442.281649870338,6442.281649870338,6466.187765910812,0.0,0.0,0.0,0.0,6390.0,6390.0,6456.187765910812,6456.187765910812,350.0,2351.6944280223374,0.0,0,0,0,1
S3,continuous,B,640,14,6400.0,6400.0,6468.481737380896,6468.481737380896,6506.053373199448,0.0,0.0,0.0,0.0,6400.0,6400.0,6496.053373199448,6496.053373199448,350.0,1641.4901323839163,0.0,0,0,0,1
S3,continuous,B,641,15,6410.0,6410.0,6464.67637103397,6464.67637103397,6499.332121937525,0.0,0.0,0.0,0.0,6410.0,6410.0,6489.332121937525,6489.332121937525,350.0,2504.175538058795,0.0,0,0,0,1
S3,continuous,B,642,32,6420.0,6420.0,6441.735107787885,6441.735107787885,6446.107409966796,0.0,0.0,0.0,0.0,6420.0,6420.0,6441.735107787885,6441.735107787885,300.0,830.3767609811754,0.0,0,0,0,0
S3,continuous,B,643,136,6430.0,6430.0,6515.660289077463,6515.660289077463,6564.246979556321,0.0,0.0,0.0,0.0,6430.0,6430.0,6554.246979556321,6554.246979556321,350.0,3030.0981338756874,0.0,0,0,0,1
S3,continuous,B,644,90,6440.0,6440.0,6491.523802578321,6491.523802578321,6507.464495849967,0.0,0.0,0.0,0.0,6440.0,6440.0,6497.464495849967,6497.464495849967,300.0,1623.390996355718,0.0,0,0,0,0
S3,continuous,B,645,126,6450.0,6450.0,6520.703229465956,6520.703229465956,6548.7453379509325,0.0,0.0,0.0,0.0,6450.0,6450.0,6538.7453379509325,6538.7453379509325,350.0,1857.5799272923741,0.0,0,0,0,1
S3,continuous,B,646,143,6460.0,6460.0,6508.115468756055,6508.115468756055,6534.0561620277,0.0,0.0,0.0,0.0,6460.0,6460.0,6524.0561620277,6524.0561620277,350.0,2080.2427809895094,0.0,0,0,0,1
S3,continuous,B,647,7,6470.0,6470.0,6530.916597672106,6530.916597672106,6554.8227137125805,0.0,0.0,0.0,0.0,6470.0,6470.0,6544.8227137125805,6544.8227137125805,350.0,1184.4578454798466,0.0,0,0,0,1
S3,continuous,B,648,110,6480.0,6480.0,6535.312725821418,6535.312725821418,6585.774626450098,0.0,0.0,0.0,0.0,6480.0,6480.0,6575.774626450098,6575.774626450098,350.0,2465.61406874201,0.0,0,0,0,1
S3,continuous,B,649,3,6490.0,6490.0,6523.1145681758735,6523.1145681758735,6553.783205611937,0.0,0.0,0.0,0.0,6490.0,6490.0,6543.783205611937,6543.783205611937,300.0,1248.384375665003,0.0,0,0,0,0
S3,continuous,B,650,129,6500.0,6500.0,6533.952480351097,6533.952480351097,6582.539170829955,0.0,0.0,0.0,0.0,6500.0,6500.0,6572.539170829955,6572.539170829955,350.0,1620.1401747678733,0.0,0,0,0,1
S3,continuous,B,651,13,6510.0,6510.0,6561.991860277108,6561.991860277108,6565.151630922599,0.0,0.0,0.0,0.0,6510.0,6510.0,6561.991860277108,6561.991860277108,300.0,1961.4848993154312,0.0,0,0,0,0
S3,continuous,B,652,12,6520.0,6520.0,6576.568700260292,6576.568700260292,6592.509393531937,0.0,0.0,0.0,0.0,6520.0,6520.0,6582.509393531937,6582.509393531937,300.0,1355.7996116090308,0.0,0,0,0,0
S3,continuous,B,653,79,6530.0,6530.0,6564.012588681401,6564.012588681401,6592.054697166378,0.0,0.0,0.0,0.0,6530.0,6530.0,6582.054697166378,6582.054697166378,350.0,1596.197264712995,0.0,0,0,0,1
S3,continuous,B,654,25,6540.0,6540.0,6598.364985860273,6598.364985860273,6646.951676339131,0.0,0.0,0.0,0.0,6540.0,6540.0,6636.951676339131,6636.951676339131,350.0,1852.085798956409,0.0,0,0,0,1
S3,continuous,B,655,137,6550.0,6550.0,6611.64457162557,6611.64457162557,6644.680488991872,0.0,0.0,0.0,0.0,6550.0,6550.0,6634.680488991872,6634.680488991872,350.0,2878.109505300144,0.0,0,0,0,1
S3,continuous,B,656,5,6560.0,6560.0,6624.061587805434,6624.061587805434,6657.097505171736,0.0,0.0,0.0,0.0,6560.0,6560.0,6647.097505171736,6647.097505171736,350.0,2154.1053964043917,0.0,0,0,0,1
S3,continuous,B,657,146,6570.0,6570.0,6628.478636630259,6628.478636630259,6661.514553996561,0.0,0.0,0.0,0.0,6570.0,6570.0,6651.514553996561,6651.514553996561,350.0,2334.4920056085266,0.0,0,0,0,1
S3,continuous,B,658,97,6580.0,6580.0,6615.8952552194505,6615.8952552194505,6630.2675573983615,0.0,0.0,0.0,0.0,6580.0,6580.0,6620.2675573983615,6620.2675573983615,350.0,1653.3593357192622,0.0,0,0,0,1
S3,continuous,B,659,43,6590.0,6590.0,6632.287304293514,6632.287304293514,6645.360758402969,0.0,0.0,0.0,0.0,6590.0,6590.0,6635.360758402969,6635.360758402969,350.0,1627.3622876758616,0.0,0,0,0,1
S3,continuous,B,660,48,6600.0,6600.0,6620.244096835296,6620.244096835296,6644.89984773885,0.0,0.0,0.0,0.0,6600.0,6600.0,6634.89984773885,6634.89984773885,300.0,489.87579178599117,0.0,0,0,0,0
S3,continuous,B,661,86,6610.0,6610.0,6648.7239798620885,6648.7239798620885,6686.29561568064,0.0,0.0,0.0,0.0,6610.0,6610.0,6676.29561568064,6676.29561568064,350.0,1040.1934799917333,0.0,0,0,0,1
S3,continuous,B,662,77,6620.0,6620.0,6648.747051977812,6648.747051977812,6696.155504794289,0.0,0.0,0.0,0.0,6620.0,6620.0,6686.155504794289,6686.155504794289,350.0,1527.0430918749466,0.0,0,0,0,1
S3,continuous,B,663,67,6630.0,6630.0,6688.23492520203,6688.23492520203,6728.903562638094,0.0,0.0,0.0,0.0,6630.0,6630.0,6718.903562638094,6718.903562638094,350.0,1803.8248231929406,0.0,0,0,0,1
S3,continuous,B,664,23,6640.0,6640.0,6695.291086575639,6695.291086575639,6735.75298720432,0.0,0.0,0.0,0.0,6640.0,6640.0,6725.75298720432,6725.75298720432,300.0,1581.5273511698942,0.0,0,0,0,0
S3,continuous,B,665,41,6650.0,6650.0,6676.879579642715,6676.879579642715,6698.190843730125,0.0,0.0,0.0,0.0,6650.0,6650.0,6688.190843730125,6688.190843730125,350.0,1087.0091068127344,0.0,0,0,0,1
S3,continuous,B,666,94,6660.0,6660.0,6692.682662094196,6692.682662094196,6713.069017809423,0.0,0.0,0.0,0.0,6660.0,6660.0,6703.069017809423,6703.069017809423,350.0,1469.2567283838907,0.0,0,0,0,1
S3,continuous,B,667,128,6670.0,6670.0,6715.445733303086,6715.445733303086,6754.032423781944,0.0,0.0,0.0,0.0,6670.0,6670.0,6744.032423781944,6744.032423781944,300.0,1620.8179121385688,0.0,0,0,0,0
S3,continuous,B,668,36,6680.0,6680.0,6730.534905011445,6730.534905011445,6780.996805640125,0.0,0.0,0.0,0.0,6680.0,6680.0,6770.996805640125,6770.996805640125,350.0,2307.108551849368,0.0,0,0,0,1
S3,continuous,B,669,3,6690.0,6690.0,6755.996543106805,6755.996543106805,6766.155504794289,0.0,0.0,0.0,0.0,6690.0,6690.0,6756.155504794289,6756.155504794289,350.0,1527.0430918749466,0.0,0,0,0,1
S3,continuous,B,670,140,6700.0,6700.0,6753.447634865781,6753.447634865781,6776.096956864203,0.0,0.0,0.0,0.0,6700.0,6700.0,6766.096956864203,6766.096956864203,350.0,2362.2276489872024,0.0,0,0,0,1
S3,continuous,B,671,35,6710.0,6710.0,6742.632480668122,6742.632480668122,6745.792251313614,0.0,0.0,0.0,0.0,6710.0,6710.0,6742.632480668122,6742.632480668122,300.0,770.749326847003,0.0,0,0,0,0
S3,continuous,B,672,77,6720.0,6720.0,6788.828193501419,6788.828193501419,6809.214549216646,0.0,0.0,0.0,0.0,6720.0,6720.0,6799.214549216646,6799.214549216646,350.0,1766.9567549879378,0.0,0,0,0,1
S3,continuous,B,673,103,6730.0,6730.0,6742.756333947312,6742.756333947312,6765.792251313614,0.0,0.0,0.0,0.0,6730.0,6730.0,6755.792251313614,6755.792251313614,300.0,770.749326847003,0.0,0,0,0,0
S3,continuous,B,674,26,6740.0,6740.0,6764.486361388978,6764.486361388978,6777.135683387401,0.0,0.0,0.0,0.0,6740.0,6740.0,6767.135683387401,6767.135683387401,300.0,712.6612841725439,0.0,0,0,0,0
S3,continuous,B,675,87,6750.0,6750.0,6789.0947701664945,6789.0947701664945,6792.168224275949,0.0,0.0,0.0,0.0,6750.0,6750.0,6789.0947701664945,6789.0947701664945,300.0,730.4526397563202,20.191533647093024,1,0,1,0
S3,continuous,B,676,80,6760.0,6760.0,6820.094585537313,6820.094585537313,6857.097505171736,0.0,0.0,0.0,0.0,6760.0,6760.0,6847.097505171736,6847.097505171736,350.0,2154.1053964043917,0.0,0,0,0,1
S3,continuous,B,677,31,6770.0,6770.0,6815.0467237945995,6815.0467237945995,6851.022363153434,0.0,0.0,0.0,0.0,6770.0,6770.0,6841.022363153434,6841.022363153434,350.0,1868.7984977105145,0.0,0,0,0,1
S3,continuous,B,678,32,6780.0,6780.0,6799.168385062692,6799.168385062692,6823.824135966247,0.0,0.0,0.0,0.0,6780.0,6780.0,6813.824135966247,6813.824135966247,300.0,1211.641421947565,0.0,0,0,0,0
S3,continuous,B,679,114,6790.0,6790.0,6852.729538606937,6852.729538606937,6888.705177965771,0.0,0.0,0.0,0.0,6790.0,6790.0,6878.705177965771,6878.705177965771,350.0,2044.9298951126168,0.0,0,0,0,1
S3,continuous,B,680,11,6800.0,6800.0,6841.806096400169,6841.806096400169,6889.214549216646,0.0,0.0,0.0,0.0,6800.0,6800.0,6879.214549216646,6879.214549216646,350.0,1766.9567549879375,0.0,0,0,0,1
S3,continuous,B,681,30,6810.0,6810.0,6842.632480668122,6842.632480668122,6845.792251313614,0.0,0.0,0.0,0.0,6810.0,6810.0,6842.632480668122,6842.632480668122,300.0,770.749326847003,0.0,0,0,0,0
S3,continuous,B,682,103,6820.0,6820.0,6834.9465977711925,6834.9465977711925,6850.887291042838,0.0,0.0,0.0,0.0,6820.0,6820.0,6840.887291042838,6840.887291042838,300.0,1066.3406803761945,0.0,0,0,0,0
S3,continuous,B,683,91,6830.0,6830.0,6851.9004906560385,6851.9004906560385,6875.806606696513,0.0,0.0,0.0,0.0,6830.0,6830.0,6865.806606696513,6865.806606696513,350.0,693.2713229054001,0.0,0,0,0,1
S3,continuous,B,684,79,6840.0,6840.0,6874.075182402613,6874.075182402613,6914.537083031293,0.0,0.0,0.0,0.0,6840.0,6840.0,6904.537083031293,6904.537083031293,300.0,1833.496394211893,0.0,0,0,0,0
S3,continuous,B,685,133,6850.0,6850.0,6927.428720841151,6927.428720841151,6941.801023020062,0.0,0.0,0.0,0.0,6850.0,6850.0,6931.801023020062,6931.801023020062,350.0,2310.2549766217962,0.0,0,0,0,1
S3,continuous,B,686,32,6860.0,6860.0,6889.305510107262,6889.305510107262,6909.6918658224895,0.0,0.0,0.0,0.0,6860.0,6860.0,6899.6918658224895,6899.6918658224895,350.0,741.4378336699779,0.0,0,0,0,1
S3,continuous,B,687,7,6870.0,6870.0,6924.67637103397,6924.67637103397,6959.332121937525,0.0,0.0,0.0,0.0,6870.0,6870.0,6949.332121937525,6949.332121937525,350.0,2504.175538058795,0.0,0,0,0,1
S3,continuous,B,688,22,6880.0,6880.0,6937.184559947596,6937.184559947596,6987.646460576277,0.0,0.0,0.0,0.0,6880.0,6880.0,6977.646460576277,6977.646460576277,350.0,1846.115739188399,0.0,0,0,0,1
S3,continuous,B,689,46,6890.0,6890.0,6938.843771655522,6938.843771655522,6979.512409091585,0.0,0.0,0.0,0.0,6890.0,6890.0,6969.512409091585,6969.512409091585,350.0,2648.0754410764785,0.0,0,0,0,1
S3,continuous,B,690,98,6900.0,6900.0,6959.408897217118,6959.408897217118,6979.795252932345,0.0,0.0,0.0,0.0,6900.0,6900.0,6969.795252932345,6969.795252932345,350.0,1780.6782155945295,0.0,0,0,0,1
S3,continuous,B,691,112,6910.0,6910.0,6949.432369365505,6949.432369365505,6949.5913310529895,0.0,0.0,0.0,0.0,6910.0,6910.0,6949.432369365505,6949.432369365505,300.0,1932.091480747428,4.323894000821383,1,0,1,0
S3,continuous,B,692,65,6920.0,6920.0,7001.823263768013,7001.823263768013,7014.983034413504,0.0,0.0,0.0,0.0,6920.0,6920.0,7004.983034413504,7004.983034413504,350.0,2408.865898993024,0.0,0,0,0,1
S3,continuous,B,693,126,6930.0,6930.0,6966.236023233722,6966.236023233722,7014.8227137125805,0.0,0.0,0.0,0.0,6930.0,6930.0,7004.8227137125805,7004.8227137125805,350.0,1184.4578454798466,0.0,0,0,0,1
S3,continuous,B,694,113,6940.0,6940.0,6990.688564197965,6990.688564197965,7038.097017014443,0.0,0.0,0.0,0.0,6940.0,6940.0,7028.097017014443,7028.097017014443,350.0,2302.0852585564157,0.0,0,0,0,1
S3,continuous,B,695,40,6950.0,6950.0,7004.7856927767925,7004.7856927767925,7026.096956864203,0.0,0.0,0.0,0.0,6950.0,6950.0,7016.096956864203,7016.096956864203,350.0,2362.2276489872024,0.0,0,0,0,1
S3,continuous,B,696,93,6960.0,6960.0,7007.487414725606,7007.487414725606,7043.46305408444,0.0,0.0,0.0,0.0,6960.0,6960.0,7033.46305408444,7033.46305408444,350.0,2459.4138774684143,0.0,0,0,0,1
S3,continuous,B,697,70,6970.0,6970.0,7041.184876124695,7041.184876124695,7061.508327100953,0.0,0.0,0.0,0.0,6970.0,6970.0,7051.508327100953,7051.508327100953,350.0,2710.1710241417095,0.0,0,0,0,1
S3,continuous,B,698,2,6980.0,6980.0,7057.900205716849,7057.900205716849,7081.8063217573235,0.0,0.0,0.0,0.0,6980.0,6980.0,7071.8063217573235,7071.8063217573235,350.0,2389.356370976175,0.0,0,0,0,1
S3,continuous,B,699,72,6990.0,6990.0,7017.633506596373,7017.633506596373,7055.205142414925,0.0,0.0,0.0,0.0,6990.0,6990.0,7045.205142414925,7045.205142414925,350.0,1403.6226481227427,0.0,0,0,0,1
S3,continuous,B,700,8,7000.0,7000.0,7059.345075369115,7059.345075369115,7096.347995003538,0.0,0.0,0.0,0.0,7000.0,7000.0,7086.347995003538,7086.347995003538,350.0,1824.4354139691113,0.0,0,0,0,1
S3,continuous,B,701,120,7010.0,7010.0,7053.017278286813,7053.017278286813,7075.666600285235,0.0,0.0,0.0,0.0,7010.0,7010.0,7065.666600285235,7065.666600285235,350.0,1251.8018058727557,0.0,0,0,0,1
S3,continuous,B,702,51,7020.0,7020.0,7046.877797840287,7046.877797840287,7062.818491111932,0.0,0.0,0.0,0.0,7020.0,7020.0,7052.818491111932,7052.818491111932,300.0,1676.704132572043,0.0,0,0,0,0
S3,continuous,B,703,4,7030.0,7030.0,7065.017184257989,7065.017184257989,7075.4035399732165,0.0,0.0,0.0,0.0,7030.0,7030.0,7065.4035399732165,7065.4035399732165,300.0,686.1598536314234,0.0,0,0,0,0
S3,continuous,B,704,31,7040.0,7040.0,7108.481737380896,7108.481737380896,7146.053373199448,0.0,0.0,0.0,0.0,7040.0,7040.0,7136.053373199448,7136.053373199448,350.0,1641.4901323839163,0.0,0,0,0,1
S3,continuous,B,705,0,7050.0,7050.0,7067.307657905511,7067.307657905511,7091.963408809066,0.0,0.0,0.0,0.0,7050.0,7050.0,7081.963408809066,7081.963408809066,300.0,1267.3199774903258,0.0,0,0,0,0
S3,continuous,B,706,121,7060.0,7060.0,7111.50640677905,7111.50640677905,7158.914859595528,0.0,0.0,0.0,0.0,7060.0,7060.0,7148.914859595528,7148.914859595528,350.0,2859.2835262137464,0.0,0,0,0,1
S3,continuous,B,707,59,7070.0,7070.0,7121.523802578321,7121.523802578321,7137.464495849967,0.0,0.0,0.0,0.0,7070.0,7070.0,7127.464495849967,7127.464495849967,300.0,1623.390996355718,0.0,0,0,0,0
S3,continuous,B,708,86,7080.0,7080.0,7125.336825240388,7125.336825240388,7128.496595885879,0.0,0.0,0.0,0.0,7080.0,7080.0,7125.336825240388,7125.336825240388,300.0,1373.0738251306184,2.308858565058017,1,0,2,0
S3,continuous,B,709,16,7090.0,7090.0,7091.743487755998,7091.743487755998,7132.205388384678,0.0,0.0,0.0,0.0,7090.0,7090.0,7122.205388384678,7122.205388384678,300.0,308.7393828150869,0.0,0,0,0,0
S3,continuous,B,710,135,7100.0,7100.0,7139.99733542366,7139.99733542366,7153.157106069151,0.0,0.0,0.0,0.0,7100.0,7100.0,7143.157106069151,7143.157106069151,350.0,2105.818577409913,0.0,0,0,0,1
S3,continuous,B,711,146,7110.0,7110.0,7122.756333947312,7122.756333947312,7145.792251313614,0.0,0.0,0.0,0.0,7110.0,7110.0,7135.792251313614,7135.792251313614,300.0,770.749326847003,0.0,0,0,0,0
S3,continuous,B,712,17,7120.0,7120.0,7178.70350818928,7178.70350818928,7203.359259092835,0.0,0.0,0.0,0.0,7120.0,7120.0,7193.359259092835,7193.359259092835,300.0,1541.6954283677933,0.0,0,0,0,0
S3,continuous,B,713,147,7130.0,7130.0,7173.550195990577,7173.550195990577,7209.525835349411,0.0,0.0,0.0,0.0,7130.0,7130.0,7199.525835349411,7199.525835349411,350.0,1353.9612395924025,0.0,0,0,0,1
S3,continuous,B,714,127,7140.0,7140.0,7197.220052938979,7197.220052938979,7221.126168979454,0.0,0.0,0.0,0.0,7140.0,7140.0,7211.126168979454,7211.126168979454,350.0,2537.4925862316463,0.0,0,0,0,1
S3,continuous,B,715,46,7150.0,7150.0,7197.300754536402,7197.300754536402,7227.969391972465,0.0,0.0,0.0,0.0,7150.0,7150.0,7217.969391972465,7217.969391972465,300.0,1786.288850554563,0.0,0,0,0,0
S3,continuous,B,716,144,7160.0,7160.0,7211.523802578321,7211.523802578321,7227.464495849967,0.0,0.0,0.0,0.0,7160.0,7160.0,7217.464495849967,7217.464495849967,300.0,1623.390996355718,0.0,0,0,0,0
S3,continuous,B,717,77,7170.0,7170.0,7229.711099066023,7229.711099066023,7251.022363153434,0.0,0.0,0.0,0.0,7170.0,7170.0,7241.022363153434,7241.022363153434,350.0,1868.7984977105143,0.0,0,0,0,1
S3,continuous,B,718,134,7180.0,7180.0,7209.40079343137,7209.40079343137,7212.474247540825,0.0,0.0,0.0,0.0,7180.0,7180.0,7209.40079343137,7209.40079343137,300.0,992.4107475538351,0.0,0,0,0,0
S3,continuous,B,719,54,7190.0,7190.0,7262.283503961324,7262.283503961324,7288.259143320158,0.0,0.0,0.0,0.0,7190.0,7190.0,7278.259143320158,7278.259143320158,300.0,2641.9238705329203,0.5422187164358547,1,0,1,0
S3,continuous,B,720,139,7200.0,7200.0,7248.49217676197,7248.49217676197,7285.9006295784475,0.0,0.0,0.0,0.0,7200.0,7200.0,7275.9006295784475,7275.9006295784475,300.0,2436.844629795547,1.5423236886431368,1,0,2,0
S3,continuous,B,721,9,7210.0,7210.0,7240.080771405517,7240.080771405517,7277.652407224069,0.0,0.0,0.0,0.0,7210.0,7210.0,7267.652407224069,7267.652407224069,350.0,1387.046602710865,0.0,0,0,0,1
S3,continuous,B,722,53,7220.0,7220.0,7250.080771405517,7250.080771405517,7287.652407224069,0.0,0.0,0.0,0.0,7220.0,7220.0,7277.652407224069,7277.652407224069,350.0,1387.046602710865,0.0,0,0,0,1
S3,continuous,B,723,135,7230.0,7230.0,7261.85881547727,7261.85881547727,7298.861735111693,0.0,0.0,0.0,0.0,7230.0,7230.0,7288.861735111693,7288.861735111693,350.0,709.2595449052781,0.0,0,0,0,1
S3,continuous,B,724,141,7240.0,7240.0,7269.527983290227,7269.527983290227,7293.434099330701,0.0,0.0,0.0,0.0,7240.0,7240.0,7283.434099330701,7283.434099330701,350.0,830.9041971118488,0.0,0,0,0,1
S3,continuous,B,725,1,7250.0,7250.0,7341.378572109296,7341.378572109296,7374.414489475598,0.0,0.0,0.0,0.0,7250.0,7250.0,7364.414489475598,7364.414489475598,350.0,3145.267188682647,0.0,0,0,0,1
S3,continuous,B,726,72,7260.0,7260.0,7313.7398983006005,7313.7398983006005,7326.813352410055,0.0,0.0,0.0,0.0,7260.0,7260.0,7316.813352410055,7316.813352410055,350.0,536.20995181868,0.0,0,0,0,1
S3,continuous,B,727,101,7270.0,7270.0,7300.495880019044,7300.495880019044,7325.151630922599,0.0,0.0,0.0,0.0,7270.0,7270.0,7315.151630922599,7315.151630922599,300.0,1961.4848993154312,0.0,0,0,0,0
S3,continuous,B,728,108,7280.0,7280.0,7327.414565089704,7327.414565089704,7364.986200908256,0.0,0.0,0.0,0.0,7280.0,7280.0,7354.986200908256,7354.986200908256,350.0,1952.1209951703202,0.0,0,0,0,1
S3,continuous,B,729,109,7290.0,7290.0,7340.813089070619,7340.813089070619,7373.849006436921,0.0,0.0,0.0,0.0,7290.0,7290.0,7363.849006436921,7363.849006436921,350.0,2746.522521456433,0.0,0,0,0,1
S3,continuous,B,730,47,7300.0,7300.0,7355.0461807274405,7355.0461807274405,7365.205142414925,0.0,0.0,0.0,0.0,7300.0,7300.0,7355.205142414925,7355.205142414925,350.0,1403.6226481227427,0.0,0,0,0,1
S3,continuous,B,731,98,7310.0,7310.0,7331.844380903868,7331.844380903868,7356.500131807423,0.0,0.0,0.0,0.0,7310.0,7310.0,7346.500131807423,7346.500131807423,300.0,799.5292915395796,0.0,0,0,0,0
S3,continuous,B,732,3,7320.0,7320.0,7361.282964892054,7361.282964892054,7374.442735537546,0.0,0.0,0.0,0.0,7320.0,7320.0,7364.442735537546,7364.442735537546,350.0,2011.8001759480248,0.0,0,0,0,1
S3,continuous,B,733,36,7330.0,7330.0,7397.642378129317,7397.642378129317,7432.298129032872,0.0,0.0,0.0,0.0,7330.0,7330.0,7422.298129032872,7422.298129032872,350.0,2365.8530876615205,0.0,0,0,0,1
S3,continuous,B,734,149,7340.0,7340.0,7390.813089070619,7390.813089070619,7423.849006436921,0.0,0.0,0.0,0.0,7340.0,7340.0,7413.849006436921,7413.849006436921,350.0,2746.522521456433,0.0,0,0,0,1
S3,continuous,B,735,89,7350.0,7350.0,7405.291086575639,7405.291086575639,7445.75298720432,0.0,0.0,0.0,0.0,7350.0,7350.0,7435.75298720432,7435.75298720432,300.0,1581.5273511698942,0.0,0,0,0,0
S3,continuous,B,736,15,7360.0,7360.0,7390.013236852708,7390.013236852708,7401.324500940119,0.0,0.0,0.0,0.0,7360.0,7360.0,7391.324500940119,7391.324500940119,300.0,1867.909107201218,6.998871343860401,1,0,1,0
S3,continuous,B,737,82,7370.0,7370.0,7425.291086575639,7425.291086575639,7465.75298720432,0.0,0.0,0.0,0.0,7370.0,7370.0,7455.75298720432,7455.75298720432,300.0,1581.5273511698942,0.0,0,0,0,0
S3,continuous,B,738,115,7380.0,7380.0,7416.547411285958,7416.547411285958,7454.11904710451,0.0,0.0,0.0,0.0,7380.0,7380.0,7444.11904710451,7444.11904710451,350.0,1310.1576460996353,0.0,0,0,0,1
S3,continuous,B,739,79,7390.0,7390.0,7451.64457162557,7451.64457162557,7484.680488991872,0.0,0.0,0.0,0.0,7390.0,7390.0,7474.680488991872,7474.680488991872,350.0,2878.109505300144,0.0,0,0,0,1
S3,continuous,B,740,126,7400.0,7400.0,7453.669806312473,7453.669806312473,7474.0561620277,0.0,0.0,0.0,0.0,7400.0,7400.0,7464.0561620277,7464.0561620277,350.0,2080.24278098951,0.0,0,0,0,1
S3,continuous,B,741,31,7410.0,7410.0,7479.261400293542,7479.261400293542,7512.297317659843,0.0,0.0,0.0,0.0,7410.0,7410.0,7502.297317659843,7502.297317659843,350.0,3529.326796198407,0.0,0,0,0,1
S3,continuous,B,742,127,7420.0,7420.0,7488.166868651044,7488.166868651044,7502.539170829955,0.0,0.0,0.0,0.0,7420.0,7420.0,7492.539170829955,7492.539170829955,350.0,1620.1401747678733,0.0,0,0,0,1
S3,continuous,B,743,81,7430.0,7430.0,7486.852576197398,7486.852576197398,7521.508327100953,0.0,0.0,0.0,0.0,7430.0,7430.0,7511.508327100953,7511.508327100953,350.0,2710.1710241417095,0.0,0,0,0,1
S3,continuous,B,744,104,7440.0,7440.0,7461.735107787885,7461.735107787885,7466.107409966796,0.0,0.0,0.0,0.0,7440.0,7440.0,7461.735107787885,7461.735107787885,300.0,830.3767609811754,0.0,0,0,0,0
S3,continuous,B,745,59,7450.0,7450.0,7502.182068767217,7502.182068767217,7522.505519743475,0.0,0.0,0.0,0.0,7450.0,7450.0,7512.505519743475,7512.505519743475,350.0,2266.2272206387775,0.0,0,0,0,1
S3,continuous,B,746,92,7460.0,7460.0,7510.01207888154,7510.01207888154,7557.420531698018,0.0,0.0,0.0,0.0,7460.0,7460.0,7547.420531698018,7547.420531698018,350.0,2174.4726662823637,0.0,0,0,0,1
S3,continuous,B,747,130,7470.0,7470.0,7514.521133784824,7514.521133784824,7564.983034413504,0.0,0.0,0.0,0.0,7470.0,7470.0,7554.983034413504,7554.983034413504,350.0,2408.865898993024,0.0,0,0,0,1
S3,continuous,B,748,44,7480.0,7480.0,7552.788970080997,7552.788970080997,7590.360605899549,0.0,0.0,0.0,0.0,7480.0,7480.0,7580.360605899549,7580.360605899549,350.0,2044.2769382963447,0.0,0,0,0,1
S3,continuous,B,749,47,7490.0,7490.0,7542.045414120626,7542.045414120626,7564.694736119049,0.0,0.0,0.0,0.0,7490.0,7490.0,7554.694736119049,7554.694736119049,350.0,1364.4431242390788,0.0,0,0,0,1
S3,continuous,B,750,2,7500.0,7500.0,7545.378249224516,7545.378249224516,7576.04688666058,0.0,0.0,0.0,0.0,7500.0,7500.0,7566.04688666058,7566.04688666058,300.0,683.4092633794452,0.0,0,0,0,0
S3,continuous,B,751,30,7510.0,7510.0,7598.365150864325,7598.365150864325,7618.688601840583,0.0,0.0,0.0,0.0,7510.0,7510.0,7608.688601840583,7608.688601840583,350.0,2996.4480663067043,0.0,0,0,0,1
S3,continuous,B,752,11,7520.0,7520.0,7544.032545099948,7544.032545099948,7562.074653584925,0.0,0.0,0.0,0.0,7520.0,7520.0,7552.074653584925,7552.074653584925,300.0,1051.8882799823875,0.0,0,0,0,0
S3,continuous,B,753,116,7530.0,7530.0,7561.434304517602,7561.434304517602,7575.806606696513,0.0,0.0,0.0,0.0,7530.0,7530.0,7565.806606696513,7565.806606696513,350.0,693.2713229054,0.0,0,0,0,1
S3,continuous,B,754,46,7540.0,7540.0,7607.642378129317,7607.642378129317,7642.298129032872,0.0,0.0,0.0,0.0,7540.0,7540.0,7632.298129032872,7632.298129032872,350.0,2365.8530876615205,0.0,0,0,0,1
S3,continuous,B,755,137,7550.0,7550.0,7608.1277579403395,7608.1277579403395,7648.796395376403,0.0,0.0,0.0,0.0,7550.0,7550.0,7638.796395376403,7638.796395376403,350.0,2604.316560707027,0.0,0,0,0,1
S3,continuous,B,756,65,7560.0,7560.0,7616.568700260292,7616.568700260292,7632.509393531937,0.0,0.0,0.0,0.0,7560.0,7560.0,7622.509393531937,7622.509393531937,300.0,1355.7996116090308,0.0,0,0,0,0
S3,continuous,B,757,37,7570.0,7570.0,7626.852576197398,7626.852576197398,7661.508327100953,0.0,0.0,0.0,0.0,7570.0,7570.0,7651.508327100953,7651.508327100953,350.0,2710.1710241417095,0.0,0,0,0,1
S3,continuous,B,758,96,7580.0,7580.0,7647.642378129317,7647.642378129317,7682.298129032872,0.0,0.0,0.0,0.0,7580.0,7580.0,7672.298129032872,7672.298129032872,350.0,2365.8530876615205,0.0,0,0,0,1
S3,continuous,B,759,81,7590.0,7590.0,7669.685541552714,7669.685541552714,7690.996805640125,0.0,0.0,0.0,0.0,7590.0,7590.0,7680.996805640125,7680.996805640125,350.0,2307.108551849368,0.0,0,0,0,1
S3,continuous,B,760,121,7600.0,7600.0,7623.960206701637,7623.960206701637,7645.271470789047,0.0,0.0,0.0,0.0,7600.0,7600.0,7635.271470789047,7635.271470789047,350.0,817.6114661799854,0.0,0,0,0,1
S3,continuous,B,761,57,7610.0,7610.0,7669.711099066023,7669.711099066023,7691.022363153434,0.0,0.0,0.0,0.0,7610.0,7610.0,7681.022363153434,7681.022363153434,350.0,1868.7984977105143,0.0,0,0,0,1
S3,continuous,B,762,41,7620.0,7620.0,7665.445733303086,7665.445733303086,7704.032423781944,0.0,0.0,0.0,0.0,7620.0,7620.0,7694.032423781944,7694.032423781944,300.0,1620.8179121385688,0.0,0,0,0,0
S3,continuous,B,763,124,7630.0,7630.0,7706.785752927032,7706.785752927032,7728.097017014443,0.0,0.0,0.0,0.0,7630.0,7630.0,7718.097017014443,7718.097017014443,350.0,2302.085258556416,0.0,0,0,0,1
S3,continuous,B,764,73,7640.0,7640.0,7702.729538606937,7702.729538606937,7738.705177965771,0.0,0.0,0.0,0.0,7640.0,7640.0,7728.705177965771,7728.705177965771,350.0,2044.9298951126168,0.0,0,0,0,1
S3,continuous,B,765,122,7650.0,7650.0,7716.788184982984,7716.788184982984,7752.763824341818,0.0,0.0,0.0,0.0,7650.0,7650.0,7742.763824341818,7742.763824341818,350.0,2124.5245537691626,0.0,0,0,0,1
S3,continuous,B,766,107,7660.0,7660.0,7694.012588681401,7694.012588681401,7722.054697166378,0.0,0.0,0.0,0.0,7660.0,7660.0,7712.054697166378,7712.054697166378,350.0,1596.197264712995,0.0,0,0,0,1
S3,continuous,B,767,33,7670.0,7670.0,7718.894926520887,7718.894926520887,7732.054697166378,0.0,0.0,0.0,0.0,7670.0,7670.0,7722.054697166378,7722.054697166378,350.0,1596.197264712995,0.0,0,0,0,1
S3,continuous,B,768,149,7680.0,7680.0,7725.41260158795,7725.41260158795,7763.999292066808,0.0,0.0,0.0,0.0,7680.0,7680.0,7753.999292066808,7753.999292066808,300.0,2440.3987016882393,0.5658547153320796,2,0,2,0
S3,continuous,B,769,125,7690.0,7690.0,7733.290295723276,7733.290295723276,7753.613746699534,0.0,0.0,0.0,0.0,7690.0,7690.0,7743.613746699534,7743.613746699534,350.0,1730.4783673273528,0.0,0,0,0,1
S3,continuous,B,770,94,7700.0,7700.0,7762.729538606937,7762.729538606937,7798.705177965771,0.0,0.0,0.0,0.0,7700.0,7700.0,7788.705177965771,7788.705177965771,350.0,2044.9298951126168,0.0,0,0,0,1
S3,continuous,B,771,112,7710.0,7710.0,7736.877797840287,7736.877797840287,7752.818491111932,0.0,0.0,0.0,0.0,7710.0,7710.0,7742.818491111932,7742.818491111932,300.0,1676.704132572043,0.0,0,0,0,0
S3,continuous,B,772,99,7720.0,7720.0,7773.316013131495,7773.316013131495,7793.639464107753,0.0,0.0,0.0,0.0,7720.0,7720.0,7783.639464107753,7783.639464107753,350.0,1339.1005881702974,0.0,0,0,0,1
S3,continuous,B,773,46,7730.0,7730.0,7746.351451781375,7746.351451781375,7796.813352410055,0.0,0.0,0.0,0.0,7730.0,7730.0,7786.813352410055,7786.813352410055,350.0,536.20995181868,0.0,0,0,0,1
S3,continuous,B,774,116,7740.0,7740.0,7776.795858413903,7776.795858413903,7807.464495849967,0.0,0.0,0.0,0.0,7740.0,7740.0,7797.464495849967,7797.464495849967,300.0,1623.390996355718,0.0,0,0,0,0
S3,continuous,B,775,12,7750.0,7750.0,7795.336825240388,7795.336825240388,7798.496595885879,0.0,0.0,0.0,0.0,7750.0,7750.0,7795.336825240388,7795.336825240388,300.0,1373.0738251306184,2.308858565058017,1,0,2,0
S3,continuous,B,776,118,7760.0,7760.0,7826.7861911262735,7826.7861911262735,7863.7891107606965,0.0,0.0,0.0,0.0,7760.0,7760.0,7853.7891107606965,7853.7891107606965,350.0,1525.6101344883857,0.0,0,0,0,1
S3,continuous,B,777,114,7770.0,7770.0,7798.380601735079,7798.380601735079,7819.6918658224895,0.0,0.0,0.0,0.0,7770.0,7770.0,7809.6918658224895,7809.6918658224895,350.0,741.4378336699779,0.0,0,0,0,1
S3,continuous,B,778,89,7780.0,7780.0,7831.80166472054,7831.80166472054,7879.210117537018,0.0,0.0,0.0,0.0,7780.0,7780.0,7869.210117537018,7869.210117537018,350.0,1373.5690366410286,0.0,0,0,0,1
S3,continuous,B,779,117,7790.0,7790.0,7871.708417850094,7871.708417850094,7922.170318478774,0.0,0.0,0.0,0.0,7790.0,7790.0,7912.170318478774,7912.170318478774,350.0,2703.358113620047,0.0,0,0,0,1
S3,continuous,B,780,80,7800.0,7800.0,7851.991860277108,7851.991860277108,7855.151630922599,0.0,0.0,0.0,0.0,7800.0,7800.0,7851.991860277108,7851.991860277108,300.0,1961.4848993154312,0.0,0,0,0,0
S3,continuous,B,781,57,7810.0,7810.0,7856.309526316792,7856.309526316792,7870.681828495703,0.0,0.0,0.0,0.0,7810.0,7810.0,7860.681828495703,7860.681828495703,350.0,2352.9669285976456,0.0,0,0,0,1
S3,continuous,B,782,144,7820.0,7820.0,7854.236332285459,7854.236332285459,7872.278440770436,0.0,0.0,0.0,0.0,7820.0,7820.0,7862.278440770436,7862.278440770436,300.0,1515.0888722928607,0.0,0,0,0,0
S3,continuous,B,783,8,7830.0,7830.0,7889.964887381932,7889.964887381932,7927.536523200484,0.0,0.0,0.0,0.0,7830.0,7830.0,7917.536523200484,7917.536523200484,350.0,1677.6180293310342,0.0,0,0,0,1
S3,continuous,B,784,83,7840.0,7840.0,7864.19255637983,7864.19255637983,7890.1681957386645,0.0,0.0,0.0,0.0,7840.0,7840.0,7880.1681957386645,7880.1681957386645,300.0,759.7058703647041,0.0,0,0,0,0
S3,continuous,B,785,86,7850.0,7850.0,7906.568700260292,7906.568700260292,7922.509393531937,0.0,0.0,0.0,0.0,7850.0,7850.0,7912.509393531937,7912.509393531937,300.0,1355.7996116090308,0.0,0,0,0,0
S3,continuous,B,786,137,7860.0,7860.0,7907.414565089704,7907.414565089704,7944.986200908256,0.0,0.0,0.0,0.0,7860.0,7860.0,7934.986200908256,7934.986200908256,350.0,1952.1209951703202,0.0,0,0,0,1
S3,continuous,B,787,36,7870.0,7870.0,7886.533554269179,7886.533554269179,7902.474247540825,0.0,0.0,0.0,0.0,7870.0,7870.0,7892.474247540825,7892.474247540825,300.0,992.410747553835,0.0,0,0,0,0
S3,continuous,B,788,58,7880.0,7880.0,7916.067828289201,7916.067828289201,7953.639464107753,0.0,0.0,0.0,0.0,7880.0,7880.0,7943.639464107753,7943.639464107753,350.0,1339.1005881702974,0.0,0,0,0,1
S3,continuous,B,789,20,7890.0,7890.0,7920.728329355354,7920.728329355354,7920.887291042838,0.0,0.0,0.0,0.0,7890.0,7890.0,7920.728329355354,7920.728329355354,300.0,1066.3406803761945,0.0,0,0,0,0
S3,continuous,B,790,65,7900.0,7900.0,7972.788970080997,7972.788970080997,8010.360605899549,0.0,0.0,0.0,0.0,7900.0,7900.0,8000.360605899549,8000.360605899549,350.0,2044.2769382963447,0.0,0,0,0,1
S3,continuous,B,791,79,7910.0,7910.0,7934.19255637983,7934.19255637983,7960.1681957386645,0.0,0.0,0.0,0.0,7910.0,7910.0,7950.1681957386645,7950.1681957386645,300.0,759.7058703647041,0.0,0,0,0,0
S3,continuous,B,792,90,7920.0,7920.0,7956.209760633135,7956.209760633135,7967.521024720546,0.0,0.0,0.0,0.0,7920.0,7920.0,7957.521024720546,7957.521024720546,300.0,1357.9436727391512,8.228371115009395,1,0,1,0
S3,continuous,B,793,78,7930.0,7930.0,7976.521163350698,7976.521163350698,8002.496802709532,0.0,0.0,0.0,0.0,7930.0,7930.0,7992.496802709532,7992.496802709532,300.0,2594.676276638155,0.06310069941400798,1,0,1,0
S3,continuous,B,794,18,7940.0,7940.0,7983.227390984307,7983.227390984307,8003.613746699534,0.0,0.0,0.0,0.0,7940.0,7940.0,7993.613746699534,7993.613746699534,350.0,1730.4783673273528,0.0,0,0,0,1
S3,continuous,B,795,130,7950.0,7950.0,7978.115879409437,7978.115879409437,7978.274841096922,0.0,0.0,0.0,0.0,7950.0,7950.0,7978.115879409437,7978.115879409437,300.0,762.5900791596748,0.0,0,0,0,0
S3,continuous,B,796,66,7960.0,7960.0,8029.128729410247,8029.128729410247,8043.501031589158,0.0,0.0,0.0,0.0,7960.0,7960.0,8033.501031589158,8033.501031589158,350.0,2398.5967607882208,0.0,0,0,0,1
S3,continuous,B,797,10,7970.0,7970.0,8022.380341690197,8022.380341690197,8057.036092593752,0.0,0.0,0.0,0.0,7970.0,7970.0,8047.036092593752,8047.036092593752,350.0,2408.1429314252346,0.0,0,0,0,1
S3,continuous,B,798,50,7980.0,7980.0,8015.5849860318995,8015.5849860318995,8056.04688666058,0.0,0.0,0.0,0.0,7980.0,7980.0,8046.04688666058,8046.04688666058,300.0,683.4092633794452,0.0,0,0,0,0
S3,continuous,B,799,37,7990.0,7990.0,8026.236023233722,8026.236023233722,8074.8227137125805,0.0,0.0,0.0,0.0,7990.0,7990.0,8064.8227137125805,8064.8227137125805,350.0,1184.4578454798466,0.0,0,0,0,1
S3,continuous,B,800,125,8000.0,8000.0,8061.900643003671,8061.900643003671,8098.903562638094,0.0,0.0,0.0,0.0,8000.0,8000.0,8088.903562638094,8088.903562638094,350.0,1803.8248231929406,0.0,0,0,0,1
S3,continuous,B,801,73,8010.0,8010.0,8067.220052938979,8067.220052938979,8091.126168979454,0.0,0.0,0.0,0.0,8010.0,8010.0,8081.126168979454,8081.126168979454,350.0,2537.4925862316463,0.0,0,0,0,1
S3,continuous,B,802,81,8020.0,8020.0,8049.8197335077875,8049.8197335077875,8085.795372866622,0.0,0.0,0.0,0.0,8020.0,8020.0,8075.795372866622,8075.795372866622,350.0,1541.3911265851596,0.0,0,0,0,1
S3,continuous,B,803,19,8030.0,8030.0,8079.5413983237795,8079.5413983237795,8112.577315690081,0.0,0.0,0.0,0.0,8030.0,8030.0,8102.577315690081,8102.577315690081,350.0,2841.4701710219383,0.0,0,0,0,1
S3,continuous,B,804,24,8040.0,8040.0,8077.6029491606905,8077.6029491606905,8115.011401977168,0.0,0.0,0.0,0.0,8040.0,8040.0,8105.011401977168,8105.011401977168,300.0,1581.3088515548257,0.0,0,0,0,0
S3,continuous,B,805,41,8050.0,8050.0,8117.383075739527,8117.383075739527,8164.791528556005,0.0,0.0,0.0,0.0,8050.0,8050.0,8154.791528556005,8154.791528556005,350.0,2447.400602594802,0.0,0,0,0,1
S3,continuous,B,806,36,8060.0,8060.0,8120.238089120955,8120.238089120955,8141.549353208366,0.0,0.0,0.0,0.0,8060.0,8060.0,8131.549353208366,8131.549353208366,350.0,1840.5822177112796,0.0,0,0,0,1
S3,continuous,B,807,5,8070.0,8070.0,8113.167624598361,8113.167624598361,8161.754315077219,0.0,0.0,0.0,0.0,8070.0,8070.0,8151.754315077219,8151.754315077219,350.0,2314.5787555353027,0.0,0,0,0,1
S3,continuous,B,808,95,8080.0,8080.0,8146.649736878525,8146.649736878525,8167.036092593752,0.0,0.0,0.0,0.0,8080.0,8080.0,8157.036092593752,8157.036092593752,350.0,2408.1429314252346,0.0,0,0,0,1
S3,continuous,B,809,2,8090.0,8090.0,8143.02624441183,8143.02624441183,8163.349695388088,0.0,0.0,0.0,0.0,8090.0,8090.0,8153.349695388088,8153.349695388088,350.0,2825.1810258646497,0.0,0,0,0,1
S3,continuous,B,810,21,8100.0,8100.0,8147.608374386248,8147.608374386248,8160.681828495703,0.0,0.0,0.0,0.0,8100.0,8100.0,8150.681828495703,8150.681828495703,350.0,2352.9669285976456,0.0,0,0,0,1
S3,continuous,B,811,44,8110.0,8110.0,8180.160480428012,8180.160480428012,8227.568933244489,0.0,0.0,0.0,0.0,8110.0,8110.0,8217.568933244489,8217.568933244489,350.0,2777.3029868973176,0.0,0,0,0,1
S3,continuous,B,812,9,8120.0,8120.0,8149.8197335077875,8149.8197335077875,8185.795372866622,0.0,0.0,0.0,0.0,8120.0,8120.0,8175.795372866622,8175.795372866622,350.0,1541.3911265851596,0.0,0,0,0,1
S3,continuous,B,813,61,8130.0,8130.0,8150.940862576498,8150.940862576498,8154.0143166859525,0.0,0.0,0.0,0.0,8130.0,8130.0,8150.940862576498,8150.940862576498,300.0,631.3832524110901,0.0,0,0,0,0
S3,continuous,B,814,108,8140.0,8140.0,8196.425903805934,8196.425903805934,8216.74935478219,0.0,0.0,0.0,0.0,8140.0,8140.0,8206.74935478219,8206.74935478219,350.0,1355.4448667195618,0.0,0,0,0,1
S3,continuous,B,815,14,8150.0,8150.0,8216.531716208618,8216.531716208618,8236.918071923845,0.0,0.0,0.0,0.0,8150.0,8150.0,8226.918071923845,8226.918071923845,350.0,2029.4802172601276,0.0,0,0,0,1
S3,continuous,B,816,105,8160.0,8160.0,8220.37903819276,8220.37903819276,8240.765393907986,0.0,0.0,0.0,0.0,8160.0,8160.0,8230.765393907986,8230.765393907986,350.0,2089.9860871714445,0.0,0,0,0,1
S3,continuous,B,817,134,8170.0,8170.0,8232.727052757835,8232.727052757835,8256.63316879831,0.0,0.0,0.0,0.0,8170.0,8170.0,8246.63316879831,8246.63316879831,350.0,2019.4873866018984,0.0,0,0,0,1
S3,continuous,B,818,112,8180.0,8180.0,8195.721054251568,8195.721054251568,8206.107409966795,0.0,0.0,0.0,0.0,8180.0,8180.0,8196.107409966795,8196.107409966795,300.0,830.3767609811754,0.0,0,0,0,0
S3,continuous,B,819,27,8190.0,8190.0,8241.77507067476,8241.77507067476,8251.934032362244,0.0,0.0,0.0,0.0,8190.0,8190.0,8241.934032362244,8241.934032362244,350.0,1220.6194759652642,0.0,0,0,0,1
S3,continuous,B,820,140,8200.0,8200.0,8246.309526316792,8246.309526316792,8260.681828495703,0.0,0.0,0.0,0.0,8200.0,8200.0,8250.681828495703,8250.681828495703,350.0,2352.9669285976456,0.0,0,0,0,1
S3,continuous,B,821,65,8210.0,8210.0,8221.36499468753,8221.36499468753,8234.014316685953,0.0,0.0,0.0,0.0,8210.0,8210.0,8224.014316685953,8224.014316685953,300.0,631.38325241109,0.0,0,0,0,0
S3,continuous,B,822,24,8220.0,8220.0,8274.676371033971,8274.676371033971,8309.332121937527,0.0,0.0,0.0,0.0,8220.0,8220.0,8299.332121937527,8299.332121937527,350.0,2504.175538058795,0.0,0,0,0,1
S3,continuous,B,823,54,8230.0,8230.0,8289.711099066024,8289.711099066024,8311.022363153435,0.0,0.0,0.0,0.0,8230.0,8230.0,8301.022363153435,8301.022363153435,350.0,1868.7984977105143,0.0,0,0,0,1
S3,continuous,B,824,126,8240.0,8240.0,8299.408897217118,8299.408897217118,8319.795252932345,0.0,0.0,0.0,0.0,8240.0,8240.0,8309.795252932345,8309.795252932345,350.0,1780.6782155945295,0.0,0,0,0,1
S3,continuous,B,825,133,8250.0,8250.0,8326.785752927031,8326.785752927031,8348.097017014443,0.0,0.0,0.0,0.0,8250.0,8250.0,8338.097017014443,8338.097017014443,350.0,2302.085258556416,0.0,0,0,0,1
S3,continuous,B,826,138,8260.0,8260.0,8346.838526739843,8346.838526739843,8394.24697955632,0.0,0.0,0.0,0.0,8260.0,8260.0,8384.24697955632,8384.24697955632,350.0,3030.0981338756874,0.0,0,0,0,1
S3,continuous,B,827,149,8270.0,8270.0,8314.521133784823,8314.521133784823,8364.983034413503,0.0,0.0,0.0,0.0,8270.0,8270.0,8354.983034413503,8354.983034413503,350.0,2408.865898993024,0.0,0,0,0,1
S3,continuous,B,828,49,8280.0,8280.0,8327.487414725605,8327.487414725605,8363.46305408444,0.0,0.0,0.0,0.0,8280.0,8280.0,8353.46305408444,8353.46305408444,350.0,2459.4138774684143,0.0,0,0,0,1
S3,continuous,B,829,93,8290.0,8290.0,8344.149970366268,8344.149970366268,8368.056086406743,0.0,0.0,0.0,0.0,8290.0,8290.0,8358.056086406743,8358.056086406743,350.0,1412.6110624762441,0.0,0,0,0,1
S3,continuous,B,830,113,8300.0,8300.0,8362.277769309145,8362.277769309145,8375.437539954635,0.0,0.0,0.0,0.0,8300.0,8300.0,8365.437539954635,8365.437539954635,350.0,1900.7325983597682,0.0,0,0,0,1
S3,continuous,B,831,104,8310.0,8310.0,8358.554894243936,8358.554894243936,8381.204216242359,0.0,0.0,0.0,0.0,8310.0,8310.0,8371.204216242359,8371.204216242359,350.0,2096.9600827187032,0.0,0,0,0,1
S3,continuous,B,832,143,8320.0,8320.0,8374.785692776793,8374.785692776793,8396.096956864205,0.0,0.0,0.0,0.0,8320.0,8320.0,8386.096956864205,8386.096956864205,350.0,2362.2276489872024,0.0,0,0,0,1
S3,continuous,B,833,57,8330.0,8330.0,8359.662091106082,8359.662091106082,8379.985542082339,0.0,0.0,0.0,0.0,8330.0,8330.0,8369.985542082339,8369.985542082339,350.0,1452.620691225218,0.0,0,0,0,1
S3,continuous,B,834,98,8340.0,8340.0,8381.816484747584,8381.816484747584,8430.403175226442,0.0,0.0,0.0,0.0,8340.0,8340.0,8420.403175226442,8420.403175226442,350.0,2404.2297981716765,0.0,0,0,0,1
S3,continuous,B,835,35,8350.0,8350.0,8398.554894243936,8398.554894243936,8421.204216242359,0.0,0.0,0.0,0.0,8350.0,8350.0,8411.204216242359,8411.204216242359,350.0,2096.9600827187032,0.0,0,0,0,1
S3,continuous,B,836,44,8360.0,8360.0,8386.83393376162,8386.83393376162,8389.907387871075,0.0,0.0,0.0,0.0,8360.0,8360.0,8386.83393376162,8386.83393376162,300.0,691.699498081673,0.0,0,0,0,0
S3,continuous,B,837,83,8370.0,8370.0,8374.76704895062,8374.76704895062,8374.926010638104,0.0,0.0,0.0,0.0,8370.0,8370.0,8374.76704895062,8374.76704895062,300.0,129.06840172906442,0.0,0,0,0,0
S3,continuous,B,838,30,8380.0,8380.0,8440.238089120956,8440.238089120956,8461.549353208367,0.0,0.0,0.0,0.0,8380.0,8380.0,8451.549353208367,8451.549353208367,350.0,1840.5822177112796,0.0,0,0,0,1
S3,continuous,B,839,75,8390.0,8390.0,8411.844380903867,8411.844380903867,8436.500131807423,0.0,0.0,0.0,0.0,8390.0,8390.0,8426.500131807423,8426.500131807423,300.0,799.5292915395796,0.0,0,0,0,0
S3,continuous,B,840,58,8400.0,8400.0,8401.743487755999,8401.743487755999,8442.205388384678,0.0,0.0,0.0,0.0,8400.0,8400.0,8432.205388384678,8432.205388384678,300.0,308.7393828150869,0.0,0,0,0,0
S3,continuous,B,841,7,8410.0,8410.0,8464.149970366268,8464.149970366268,8488.056086406743,0.0,0.0,0.0,0.0,8410.0,8410.0,8478.056086406743,8478.056086406743,350.0,1412.6110624762441,0.0,0,0,0,1
S3,continuous,B,842,13,8420.0,8420.0,8459.826580394854,8459.826580394854,8469.985542082339,0.0,0.0,0.0,0.0,8420.0,8420.0,8459.985542082339,8459.985542082339,350.0,1452.620691225218,0.0,0,0,0,1
S3,continuous,B,843,126,8430.0,8430.0,8475.378249224515,8475.378249224515,8506.046886660579,0.0,0.0,0.0,0.0,8430.0,8430.0,8496.046886660579,8496.046886660579,300.0,683.4092633794452,0.0,0,0,0,0
S3,continuous,B,844,113,8440.0,8440.0,8506.649736878526,8506.649736878526,8527.036092593753,0.0,0.0,0.0,0.0,8440.0,8440.0,8517.036092593753,8517.036092593753,350.0,2408.1429314252346,0.0,0,0,0,1
S3,continuous,B,845,43,8450.0,8450.0,8491.877430599097,8491.877430599097,8495.037201244588,0.0,0.0,0.0,0.0,8450.0,8450.0,8491.877430599097,8491.877430599097,300.0,1205.7964660392065,0.0,0,0,0,0
S3,continuous,B,846,5,8460.0,8460.0,8500.131927357948,8500.131927357948,8503.205381467404,0.0,0.0,0.0,0.0,8460.0,8460.0,8500.131927357948,8500.131927357948,300.0,1025.6490502876704,0.0,0,0,0,0
S3,continuous,B,847,14,8470.0,8470.0,8539.764483188874,8539.764483188874,8572.800400555176,0.0,0.0,0.0,0.0,8470.0,8470.0,8562.800400555176,8562.800400555176,350.0,2679.0404937038375,0.0,0,0,0,1
S3,continuous,B,848,103,8480.0,8480.0,8533.026244411829,8533.026244411829,8553.349695388086,0.0,0.0,0.0,0.0,8480.0,8480.0,8543.349695388086,8543.349695388086,350.0,2825.1810258646497,0.0,0,0,0,1
S3,continuous,B,849,121,8490.0,8490.0,8537.608374386247,8537.608374386247,8550.681828495703,0.0,0.0,0.0,0.0,8490.0,8490.0,8540.681828495703,8540.681828495703,350.0,2352.9669285976456,0.0,0,0,0,1
S3,continuous,B,850,73,8500.0,8500.0,8524.93111272782,8524.93111272782,8561.934032362244,0.0,0.0,0.0,0.0,8500.0,8500.0,8551.934032362244,8551.934032362244,350.0,1220.6194759652642,0.0,0,0,0,1
S3,continuous,B,851,32,8510.0,8510.0,8521.36499468753,8521.36499468753,8534.014316685953,0.0,0.0,0.0,0.0,8510.0,8510.0,8524.014316685953,8524.014316685953,300.0,631.38325241109,0.0,0,0,0,0
S3,continuous,B,852,58,8520.0,8520.0,8597.78860892158,8597.78860892158,8634.791528556005,0.0,0.0,0.0,0.0,8520.0,8520.0,8624.791528556005,8624.791528556005,350.0,2447.4006025948024,0.0,0,0,0,1
S3,continuous,B,853,48,8530.0,8530.0,8561.434304517601,8561.434304517601,8575.806606696511,0.0,0.0,0.0,0.0,8530.0,8530.0,8565.806606696511,8565.806606696511,350.0,693.2713229054,0.0,0,0,0,1
S3,continuous,B,854,86,8540.0,8540.0,8544.76704895062,8544.76704895062,8544.926010638104,0.0,0.0,0.0,0.0,8540.0,8540.0,8544.76704895062,8544.76704895062,300.0,129.06840172906442,0.0,0,0,0,0
S3,continuous,B,855,111,8550.0,8550.0,8638.365150864325,8638.365150864325,8658.688601840582,0.0,0.0,0.0,0.0,8550.0,8550.0,8648.688601840582,8648.688601840582,350.0,2996.4480663067043,0.0,0,0,0,1
S3,continuous,B,856,83,8560.0,8560.0,8615.864314934555,8615.864314934555,8636.187765910812,0.0,0.0,0.0,0.0,8560.0,8560.0,8626.187765910812,8626.187765910812,350.0,2351.6944280223374,0.0,0,0,0,1
S3,continuous,B,857,9,8570.0,8570.0,8636.531716208618,8636.531716208618,8656.918071923845,0.0,0.0,0.0,0.0,8570.0,8570.0,8646.918071923845,8646.918071923845,350.0,2029.4802172601276,0.0,0,0,0,1
S3,continuous,B,858,125,8580.0,8580.0,8628.516176085712,8628.516176085712,8638.675137773196,0.0,0.0,0.0,0.0,8580.0,8580.0,8628.675137773196,8628.675137773196,350.0,2398.914579785366,0.0,0,0,0,1
S3,continuous,B,859,19,8590.0,8590.0,8659.128729410248,8659.128729410248,8673.501031589158,0.0,0.0,0.0,0.0,8590.0,8590.0,8663.501031589158,8663.501031589158,350.0,2398.5967607882208,0.0,0,0,0,1
S3,continuous,B,860,37,8600.0,8600.0,8615.721054251568,8615.721054251568,8626.107409966795,0.0,0.0,0.0,0.0,8600.0,8600.0,8616.107409966795,8616.107409966795,300.0,830.3767609811754,0.0,0,0,0,0
S3,continuous,B,861,109,8610.0,8610.0,8680.703229465957,8680.703229465957,8708.745337950933,0.0,0.0,0.0,0.0,8610.0,8610.0,8698.745337950933,8698.745337950933,350.0,1857.5799272923741,0.0,0,0,0,1
S3,continuous,B,862,67,8620.0,8620.0,8681.638481718464,8681.638481718464,8719.210117537015,0.0,0.0,0.0,0.0,8620.0,8620.0,8709.210117537015,8709.210117537015,350.0,1373.5690366410286,0.0,0,0,0,1
S3,continuous,B,863,77,8630.0,8630.0,8686.512595547943,8686.512595547943,8721.168346451499,0.0,0.0,0.0,0.0,8630.0,8630.0,8711.168346451499,8711.168346451499,350.0,3054.493156681251,0.0,0,0,0,1
S3,continuous,B,864,42,8640.0,8640.0,8676.080717346127,8676.080717346127,8716.74935478219,0.0,0.0,0.0,0.0,8640.0,8640.0,8706.74935478219,8706.74935478219,350.0,1355.4448667195618,0.0,0,0,0,1
S3,continuous,B,865,66,8650.0,8650.0,8704.073996267327,8704.073996267327,8726.72331826575,0.0,0.0,0.0,0.0,8650.0,8650.0,8716.72331826575,8716.72331826575,350.0,2831.887726781077,0.0,0,0,0,1
S3,continuous,B,866,86,8660.0,8660.0,8729.128729410248,8729.128729410248,8743.501031589158,0.0,0.0,0.0,0.0,8660.0,8660.0,8733.501031589158,8733.501031589158,350.0,2398.5967607882208,0.0,0,0,0,1
S3,continuous,B,867,112,8670.0,8670.0,8696.83393376162,8696.83393376162,8699.907387871075,0.0,0.0,0.0,0.0,8670.0,8670.0,8696.83393376162,8696.83393376162,300.0,691.699498081673,0.0,0,0,0,0
S3,continuous,B,868,99,8680.0,8680.0,8710.867268188866,8710.867268188866,8737.87018782329,0.0,0.0,0.0,0.0,8680.0,8680.0,8727.87018782329,8727.87018782329,300.0,591.001383635074,0.0,0,0,0,0
S3,continuous,B,869,39,8690.0,8690.0,8756.531716208618,8756.531716208618,8776.918071923845,0.0,0.0,0.0,0.0,8690.0,8690.0,8766.918071923845,8766.918071923845,350.0,2029.4802172601276,0.0,0,0,0,1
S3,continuous,B,870,106,8700.0,8700.0,8759.762021601946,8759.762021601946,8794.417772505501,0.0,0.0,0.0,0.0,8700.0,8700.0,8784.417772505501,8784.417772505501,350.0,2683.203038818231,0.0,0,0,0,1
S3,continuous,B,871,117,8710.0,8710.0,8762.943509497347,8762.943509497347,8811.530199976205,0.0,0.0,0.0,0.0,8710.0,8710.0,8801.530199976205,8801.530199976205,350.0,2172.824667132534,0.0,0,0,0,1
S3,continuous,B,872,73,8720.0,8720.0,8790.775552327466,8790.775552327466,8803.849006436922,0.0,0.0,0.0,0.0,8720.0,8720.0,8793.849006436922,8793.849006436922,350.0,2746.522521456433,0.0,0,0,0,1
S3,continuous,B,873,135,8730.0,8730.0,8771.36928142809,8771.36928142809,8784.442735537545,0.0,0.0,0.0,0.0,8730.0,8730.0,8774.442735537545,8774.442735537545,350.0,2011.8001759480248,0.0,0,0,0,1
S3,continuous,B,874,127,8740.0,8740.0,8805.996543106803,8805.996543106803,8816.155504794287,0.0,0.0,0.0,0.0,8740.0,8740.0,8806.155504794287,8806.155504794287,350.0,1527.0430918749466,0.0,0,0,0,1
S3,continuous,B,875,68,8750.0,8750.0,8809.408897217118,8809.408897217118,8829.795252932345,0.0,0.0,0.0,0.0,8750.0,8750.0,8819.795252932345,8819.795252932345,350.0,1780.6782155945295,0.0,0,0,0,1
S3,continuous,B,876,136,8760.0,8760.0,8816.96929349219,8816.96929349219,8835.011401977166,0.0,0.0,0.0,0.0,8760.0,8760.0,8825.011401977166,8825.011401977166,300.0,1581.3088515548257,0.0,0,0,0,0
S3,continuous,B,877,48,8770.0,8770.0,8851.708417850094,8851.708417850094,8902.170318478773,0.0,0.0,0.0,0.0,8770.0,8770.0,8892.170318478773,8892.170318478773,350.0,2703.358113620047,0.0,0,0,0,1
S3,continuous,B,878,26,8780.0,8780.0,8839.762021601946,8839.762021601946,8874.417772505501,0.0,0.0,0.0,0.0,8780.0,8780.0,8864.417772505501,8864.417772505501,350.0,2683.203038818231,0.0,0,0,0,1
S3,continuous,B,879,109,8790.0,8790.0,8833.996060309773,8833.996060309773,8837.069514419229,0.0,0.0,0.0,0.0,8790.0,8790.0,8833.996060309773,8833.996060309773,300.0,1346.6068640706828,0.0,0,0,0,0
S3,continuous,B,880,38,8800.0,8800.0,8867.642378129316,8867.642378129316,8902.298129032872,0.0,0.0,0.0,0.0,8800.0,8800.0,8892.298129032872,8892.298129032872,350.0,2365.8530876615205,0.0,0,0,0,1
S3,continuous,B,881,107,8810.0,8810.0,8882.283503961322,8882.283503961322,8908.259143320156,0.0,0.0,0.0,0.0,8810.0,8810.0,8898.259143320156,8898.259143320156,300.0,2641.9238705329203,0.5422187164358547,1,0,1,0
S3,continuous,B,882,62,8820.0,8820.0,8872.281649870338,8872.281649870338,8896.187765910812,0.0,0.0,0.0,0.0,8820.0,8820.0,8886.187765910812,8886.187765910812,350.0,2351.6944280223374,0.0,0,0,0,1
S3,continuous,B,883,70,8830.0,8830.0,8868.251046830665,8868.251046830665,8871.32450094012,0.0,0.0,0.0,0.0,8830.0,8830.0,8868.251046830665,8868.251046830665,300.0,1867.9091072012177,6.998871343860401,1,0,1,0
S3,continuous,B,884,73,8840.0,8840.0,8868.959154467206,8868.959154467206,8884.899847738852,0.0,0.0,0.0,0.0,8840.0,8840.0,8874.899847738852,8874.899847738852,300.0,489.87579178599117,0.0,0,0,0,0
S3,continuous,B,885,121,8850.0,8850.0,8922.031166993449,8922.031166993449,8944.680488991871,0.0,0.0,0.0,0.0,8850.0,8850.0,8934.680488991871,8934.680488991871,350.0,2878.109505300144,0.0,0,0,0,1
S3,continuous,B,886,95,8860.0,8860.0,8929.128729410248,8929.128729410248,8943.501031589158,0.0,0.0,0.0,0.0,8860.0,8860.0,8933.501031589158,8933.501031589158,350.0,2398.5967607882208,0.0,0,0,0,1
S3,continuous,B,887,67,8870.0,8870.0,8891.44618988266,8891.44618988266,8891.605151570144,0.0,0.0,0.0,0.0,8870.0,8870.0,8891.44618988266,8891.44618988266,300.0,650.4992773786856,0.0,0,0,0,0
S3,continuous,B,888,0,8880.0,8880.0,8899.168385062692,8899.168385062692,8923.824135966248,0.0,0.0,0.0,0.0,8880.0,8880.0,8913.824135966248,8913.824135966248,300.0,1211.641421947565,0.0,0,0,0,0
S3,continuous,B,889,46,8890.0,8890.0,8958.020857850115,8958.020857850115,8979.332121937527,0.0,0.0,0.0,0.0,8890.0,8890.0,8969.332121937527,8969.332121937527,350.0,2504.175538058795,0.0,0,0,0,1
S3,continuous,B,890,91,8900.0,8900.0,8907.128539757914,8907.128539757914,8945.715230236772,0.0,0.0,0.0,0.0,8900.0,8900.0,8935.715230236772,8935.715230236772,300.0,473.3169131166006,0.0,0,0,0,0
S3,continuous,B,891,66,8910.0,8910.0,8955.41260158795,8955.41260158795,8993.999292066808,0.0,0.0,0.0,0.0,8910.0,8910.0,8983.999292066808,8983.999292066808,300.0,2440.3987016882393,0.5658547153320796,2,0,2,0
S3,continuous,B,892,148,8920.0,8920.0,8978.234925202032,8978.234925202032,9018.903562638096,0.0,0.0,0.0,0.0,8920.0,8920.0,9008.903562638096,9008.903562638096,350.0,1803.8248231929406,0.0,0,0,0,1
S3,continuous,B,893,61,8930.0,8930.0,8960.728329355356,8960.728329355356,8960.88729104284,0.0,0.0,0.0,0.0,8930.0,8930.0,8960.728329355356,8960.728329355356,300.0,1066.3406803761945,0.0,0,0,0,0
S3,continuous,B,894,130,8940.0,8940.0,8951.865279386098,8951.865279386098,8969.907387871075,0.0,0.0,0.0,0.0,8940.0,8940.0,8959.907387871075,8959.907387871075,300.0,691.6994980816729,0.0,0,0,0,0
S3,continuous,B,895,71,8950.0,8950.0,8980.899168610136,8980.899168610136,8995.271470789046,0.0,0.0,0.0,0.0,8950.0,8950.0,8985.271470789046,8985.271470789046,350.0,817.6114661799854,0.0,0,0,0,1
S3,continuous,B,896,82,8960.0,8960.0,9001.380605061066,9001.380605061066,9032.049242497129,0.0,0.0,0.0,0.0,8960.0,8960.0,9022.049242497129,9022.049242497129,300.0,2642.424890218551,1.3849786678883902,1,0,2,0
S3,continuous,B,897,122,8970.0,8970.0,9021.817995837948,9021.817995837948,9039.860104322925,0.0,0.0,0.0,0.0,8970.0,8970.0,9029.860104322925,9029.860104322925,300.0,1049.5930595195518,0.0,0,0,0,0
S3,continuous,B,898,36,8980.0,8980.0,9010.867268188866,9010.867268188866,9037.87018782329,0.0,0.0,0.0,0.0,8980.0,8980.0,9027.87018782329,9027.87018782329,300.0,591.001383635074,0.0,0,0,0,0
S3,continuous,B,899,54,8990.0,8990.0,9049.733835633693,9049.733835633693,9082.769752999995,0.0,0.0,0.0,0.0,8990.0,8990.0,9072.769752999995,9072.769752999995,350.0,1928.9375352828956,0.0,0,0,0,1
S3,continuous,B,900,92,9000.0,9000.0,9052.20965849157,9052.20965849157,9078.150351763217,0.0,0.0,0.0,0.0,9000.0,9000.0,9068.150351763217,9068.150351763217,350.0,2724.0553980968707,0.0,0,0,0,1
S3,continuous,B,901,46,9010.0,9010.0,9042.682662094196,9042.682662094196,9063.069017809423,0.0,0.0,0.0,0.0,9010.0,9010.0,9053.069017809423,9053.069017809423,350.0,1469.2567283838907,0.0,0,0,0,1
S3,continuous,B,902,28,9020.0,9020.0,9059.397578331773,9059.397578331773,9099.859478960452,0.0,0.0,0.0,0.0,9020.0,9020.0,9089.859478960452,9089.859478960452,300.0,2559.1894242288213,0.11000795731115431,1,0,1,0
S3,continuous,B,903,9,9030.0,9030.0,9086.56870026029,9086.56870026029,9102.509393531936,0.0,0.0,0.0,0.0,9030.0,9030.0,9092.509393531936,9092.509393531936,300.0,1355.7996116090308,0.0,0,0,0,0
S3,continuous,B,904,68,9040.0,9040.0,9115.487176781542,9115.487176781542,9119.859478960452,0.0,0.0,0.0,0.0,9040.0,9040.0,9115.487176781542,9115.487176781542,300.0,2559.189424228821,0.11000795731115431,1,0,1,0
S3,continuous,B,905,105,9050.0,9050.0,9107.184559947596,9107.184559947596,9157.646460576276,0.0,0.0,0.0,0.0,9050.0,9050.0,9147.646460576276,9147.646460576276,350.0,1846.115739188399,0.0,0,0,0,1
S3,continuous,B,906,115,9060.0,9060.0,9108.465427806117,9108.465427806117,9136.507536291094,0.0,0.0,0.0,0.0,9060.0,9060.0,9126.507536291094,9126.507536291094,350.0,1089.3923520431958,0.0,0,0,0,1
S3,continuous,B,907,132,9070.0,9070.0,9087.831904154666,9087.831904154666,9115.403539973217,0.0,0.0,0.0,0.0,9070.0,9070.0,9105.403539973217,9105.403539973217,300.0,686.1598536314234,0.0,0,0,0,0
S3,continuous,B,908,19,9080.0,9080.0,9152.031166993449,9152.031166993449,9174.680488991871,0.0,0.0,0.0,0.0,9080.0,9080.0,9164.680488991871,9164.680488991871,350.0,2878.109505300144,0.0,0,0,0,1
S3,continuous,B,909,90,9090.0,9090.0,9133.01196728419,9133.01196728419,9136.085421393645,0.0,0.0,0.0,0.0,9090.0,9090.0,9133.01196728419,9133.01196728419,300.0,2025.2879336640317,0.0,0,0,0,0
S3,continuous,B,910,79,9100.0,9100.0,9116.351451781375,9116.351451781375,9166.813352410054,0.0,0.0,0.0,0.0,9100.0,9100.0,9156.813352410054,9156.813352410054,350.0,536.20995181868,0.0,0,0,0,1
S3,continuous,B,911,53,9110.0,9110.0,9111.852556528649,9111.852556528649,9114.926010638104,0.0,0.0,0.0,0.0,9110.0,9110.0,9111.852556528649,9111.852556528649,300.0,129.06840172906442,0.0,0,0,0,0
S3,continuous,B,912,83,9120.0,9120.0,9158.532666310462,9158.532666310462,9207.11935678932,0.0,0.0,0.0,0.0,9120.0,9120.0,9197.11935678932,9197.11935678932,350.0,1554.6192706528168,0.0,0,0,0,1
S3,continuous,B,913,75,9130.0,9130.0,9170.406929462306,9170.406929462306,9186.347622733952,0.0,0.0,0.0,0.0,9130.0,9130.0,9176.347622733952,9176.347622733952,300.0,2075.9708117882674,0.012659496764626965,2,0,1,0
S3,continuous,B,914,37,9140.0,9140.0,9214.771209699595,9214.771209699595,9237.420531698017,0.0,0.0,0.0,0.0,9140.0,9140.0,9227.420531698017,9227.420531698017,350.0,2174.4726662823637,0.0,0,0,0,1
S3,continuous,B,915,13,9150.0,9150.0,9191.344387049781,9191.344387049781,9219.386495534758,0.0,0.0,0.0,0.0,9150.0,9150.0,9209.386495534758,9209.386495534758,350.0,1296.8269273254564,0.0,0,0,0,1
S3,continuous,B,916,125,9160.0,9160.0,9223.472445511583,9223.472445511583,9251.51455399656,0.0,0.0,0.0,0.0,9160.0,9160.0,9241.51455399656,9241.51455399656,350.0,2334.4920056085266,0.0,0,0,0,1
S3,continuous,B,917,77,9170.0,9170.0,9214.526615522467,9214.526615522467,9247.562532888769,0.0,0.0,0.0,0.0,9170.0,9170.0,9237.562532888769,9237.562532888769,350.0,1659.410132500123,0.0,0,0,0,1
S3,continuous,B,918,2,9180.0,9180.0,9216.0678282892,9216.0678282892,9253.639464107751,0.0,0.0,0.0,0.0,9180.0,9180.0,9243.639464107751,9243.639464107751,350.0,1339.1005881702974,0.0,0,0,0,1
S3,continuous,B,919,8,9190.0,9190.0,9219.527983290227,9219.527983290227,9243.434099330701,0.0,0.0,0.0,0.0,9190.0,9190.0,9233.434099330701,9233.434099330701,350.0,830.9041971118488,0.0,0,0,0,1
S3,continuous,B,920,130,9200.0,9200.0,9257.184559947596,9257.184559947596,9307.646460576276,0.0,0.0,0.0,0.0,9200.0,9200.0,9297.646460576276,9297.646460576276,350.0,1846.115739188399,0.0,0,0,0,1
S3,continuous,B,921,46,9210.0,9210.0,9266.512595547943,9266.512595547943,9301.168346451499,0.0,0.0,0.0,0.0,9210.0,9210.0,9291.168346451499,9291.168346451499,350.0,3054.493156681251,0.0,0,0,0,1
S3,continuous,B,922,142,9220.0,9220.0,9267.487414725605,9267.487414725605,9303.46305408444,0.0,0.0,0.0,0.0,9220.0,9220.0,9293.46305408444,9293.46305408444,350.0,2459.4138774684143,0.0,0,0,0,1
S3,continuous,B,923,112,9230.0,9230.0,9283.026244411829,9283.026244411829,9303.349695388086,0.0,0.0,0.0,0.0,9230.0,9230.0,9293.349695388086,9293.349695388086,350.0,2825.1810258646497,0.0,0,0,0,1
S3,continuous,B,924,135,9240.0,9240.0,9270.080771405517,9270.080771405517,9307.652407224068,0.0,0.0,0.0,0.0,9240.0,9240.0,9297.652407224068,9297.652407224068,350.0,1387.046602710865,0.0,0,0,0,1
S3,continuous,B,925,62,9250.0,9250.0,9256.619394714922,9256.619394714922,9287.288032150986,0.0,0.0,0.0,0.0,9250.0,9250.0,9277.288032150986,9277.288032150986,300.0,584.8335307802744,0.0,0,0,0,0
S3,continuous,B,926,88,9260.0,9260.0,9304.526615522467,9304.526615522467,9337.562532888769,0.0,0.0,0.0,0.0,9260.0,9260.0,9327.562532888769,9327.562532888769,350.0,1659.410132500123,0.0,0,0,0,1
S3,continuous,B,927,87,9270.0,9270.0,9327.184559947596,9327.184559947596,9377.646460576276,0.0,0.0,0.0,0.0,9270.0,9270.0,9367.646460576276,9367.646460576276,350.0,1846.115739188399,0.0,0,0,0,1
S3,continuous,B,928,23,9280.0,9280.0,9356.785752927031,9356.785752927031,9378.097017014443,0.0,0.0,0.0,0.0,9280.0,9280.0,9368.097017014443,9368.097017014443,350.0,2302.085258556416,0.0,0,0,0,1
S3,continuous,B,929,124,9290.0,9290.0,9362.875092752121,9362.875092752121,9384.186356839533,0.0,0.0,0.0,0.0,9290.0,9290.0,9374.186356839533,9374.186356839533,350.0,2456.996528687935,0.0,0,0,0,1
S3,continuous,B,930,61,9300.0,9300.0,9353.316013131494,9353.316013131494,9373.639464107751,0.0,0.0,0.0,0.0,9300.0,9300.0,9363.639464107751,9363.639464107751,350.0,1339.1005881702974,0.0,0,0,0,1
S3,continuous,B,931,140,9310.0,9310.0,9355.74109712696,9355.74109712696,9373.783205611937,0.0,0.0,0.0,0.0,9310.0,9310.0,9363.783205611937,9363.783205611937,300.0,1248.384375665003,0.0,0,0,0,0
S3,continuous,B,932,39,9320.0,9320.0,9405.755088950034,9405.755088950034,9418.914859595525,0.0,0.0,0.0,0.0,9320.0,9320.0,9408.914859595525,9408.914859595525,350.0,2859.2835262137464,0.0,0,0,0,1
S3,continuous,B,933,84,9330.0,9330.0,9366.795858413903,9366.795858413903,9397.464495849967,0.0,0.0,0.0,0.0,9330.0,9330.0,9387.464495849967,9387.464495849967,300.0,1623.390996355718,0.0,0,0,0,0
S3,continuous,B,934,88,9340.0,9340.0,9377.10778675287,9377.10778675287,9390.26755739836,0.0,0.0,0.0,0.0,9340.0,9340.0,9380.26755739836,9380.26755739836,350.0,1653.3593357192622,0.0,0,0,0,1
S3,continuous,B,935,90,9350.0,9350.0,9379.305510107264,9379.305510107264,9399.691865822491,0.0,0.0,0.0,0.0,9350.0,9350.0,9389.691865822491,9389.691865822491,350.0,741.4378336699779,0.0,0,0,0,1
S3,continuous,B,936,94,9360.0,9360.0,9445.755088950034,9445.755088950034,9458.914859595525,0.0,0.0,0.0,0.0,9360.0,9360.0,9448.914859595525,9448.914859595525,350.0,2859.2835262137464,0.0,0,0,0,1
S3,continuous,B,937,6,9370.0,9370.0,9426.56870026029,9426.56870026029,9442.509393531936,0.0,0.0,0.0,0.0,9370.0,9370.0,9432.509393531936,9432.509393531936,300.0,1355.7996116090308,0.0,0,0,0,0
S3,continuous,B,938,45,9380.0,9380.0,9398.423933154581,9398.423933154581,9412.330049195056,0.0,0.0,0.0,0.0,9380.0,9380.0,9402.330049195056,9402.330049195056,300.0,1102.9402673691711,0.0,0,0,0,0
S3,continuous,B,939,56,9390.0,9390.0,9412.19410387632,9412.19410387632,9452.656004505,0.0,0.0,0.0,0.0,9390.0,9390.0,9442.656004505,9442.656004505,300.0,901.8749049953349,0.0,0,0,0,0
S3,continuous,B,940,92,9400.0,9400.0,9443.996060309773,9443.996060309773,9447.069514419229,0.0,0.0,0.0,0.0,9400.0,9400.0,9443.996060309773,9443.996060309773,300.0,1346.6068640706828,0.0,0,0,0,0
S3,continuous,B,941,18,9410.0,9410.0,9470.101911361724,9470.101911361724,9518.688601840582,0.0,0.0,0.0,0.0,9410.0,9410.0,9508.688601840582,9508.688601840582,350.0,2996.4480663067043,0.0,0,0,0,1
S3,continuous,B,942,133,9420.0,9420.0,9452.95414395015,9452.95414395015,9473.340499665377,0.0,0.0,0.0,0.0,9420.0,9420.0,9463.340499665377,9463.340499665377,350.0,1672.4054045245832,0.0,0,0,0,1
S3,continuous,B,943,95,9430.0,9430.0,9459.819733507788,9459.819733507788,9495.795372866622,0.0,0.0,0.0,0.0,9430.0,9430.0,9485.795372866622,9485.795372866622,350.0,1541.3911265851596,0.0,0,0,0,1
S3,continuous,B,944,139,9440.0,9440.0,9501.64457162557,9501.64457162557,9534.680488991871,0.0,0.0,0.0,0.0,9440.0,9440.0,9524.680488991871,9524.680488991871,350.0,2878.109505300144,0.0,0,0,0,1
S3,continuous,B,945,107,9450.0,9450.0,9506.96929349219,9506.96929349219,9525.011401977166,0.0,0.0,0.0,0.0,9450.0,9450.0,9515.011401977166,9515.011401977166,300.0,1581.3088515548257,0.0,0,0,0,0
S3,continuous,B,946,51,9460.0,9460.0,9498.532666310462,9498.532666310462,9547.11935678932,0.0,0.0,0.0,0.0,9460.0,9460.0,9537.11935678932,9537.11935678932,350.0,1554.6192706528168,0.0,0,0,0,1
S3,continuous,B,947,55,9470.0,9470.0,9494.19255637983,9494.19255637983,9520.168195738665,0.0,0.0,0.0,0.0,9470.0,9470.0,9510.168195738665,9510.168195738665,300.0,759.7058703647041,0.0,0,0,0,0
S3,continuous,B,948,46,9480.0,9480.0,9557.900205716847,9557.900205716847,9581.806321757322,0.0,0.0,0.0,0.0,9480.0,9480.0,9571.806321757322,9571.806321757322,350.0,2389.356370976175,0.0,0,0,0,1
S3,continuous,B,949,131,9490.0,9490.0,9530.131927357948,9530.131927357948,9533.205381467404,0.0,0.0,0.0,0.0,9490.0,9490.0,9530.131927357948,9530.131927357948,300.0,1025.6490502876704,0.0,0,0,0,0
S3,continuous,B,950,144,9500.0,9500.0,9550.688564197966,9550.688564197966,9598.097017014443,0.0,0.0,0.0,0.0,9500.0,9500.0,9588.097017014443,9588.097017014443,350.0,2302.0852585564157,0.0,0,0,0,1
S3,continuous,B,951,130,9510.0,9510.0,9524.946597771193,9524.946597771193,9540.88729104284,0.0,0.0,0.0,0.0,9510.0,9510.0,9530.88729104284,9530.88729104284,300.0,1066.3406803761945,0.0,0,0,0,0
S3,continuous,B,952,136,9520.0,9520.0,9554.236332285458,9554.236332285458,9572.278440770435,0.0,0.0,0.0,0.0,9520.0,9520.0,9562.278440770435,9562.278440770435,300.0,1515.0888722928607,0.0,0,0,0,0
S3,continuous,B,953,37,9530.0,9530.0,9608.680860967765,9608.680860967765,9621.75431507722,0.0,0.0,0.0,0.0,9530.0,9530.0,9611.75431507722,9611.75431507722,350.0,2314.5787555353027,0.0,0,0,0,1
S3,continuous,B,954,47,9540.0,9540.0,9561.194990115755,9561.194990115755,9577.135683387402,0.0,0.0,0.0,0.0,9540.0,9540.0,9567.135683387402,9567.135683387402,300.0,712.6612841725439,0.0,0,0,0,0
S3,continuous,B,955,1,9550.0,9550.0,9631.708417850094,9631.708417850094,9682.170318478773,0.0,0.0,0.0,0.0,9550.0,9550.0,9672.170318478773,9672.170318478773,350.0,2703.358113620047,0.0,0,0,0,1
S3,continuous,B,956,129,9560.0,9560.0,9626.788184982983,9626.788184982983,9662.763824341817,0.0,0.0,0.0,0.0,9560.0,9560.0,9652.763824341817,9652.763824341817,350.0,2124.5245537691626,0.0,0,0,0,1
S3,continuous,B,957,113,9570.0,9570.0,9622.807783017099,9622.807783017099,9644.11904710451,0.0,0.0,0.0,0.0,9570.0,9570.0,9634.11904710451,9634.11904710451,350.0,1310.1576460996353,0.0,0,0,0,1
S3,continuous,B,958,56,9580.0,9580.0,9612.283006629677,9612.283006629677,9650.869697108536,0.0,0.0,0.0,0.0,9580.0,9580.0,9640.869697108536,9640.869697108536,300.0,924.5856567842118,0.0,0,0,0,0
S3,continuous,B,959,93,9590.0,9590.0,9616.83393376162,9616.83393376162,9619.907387871075,0.0,0.0,0.0,0.0,9590.0,9590.0,9616.83393376162,9616.83393376162,300.0,691.699498081673,0.0,0,0,0,0
S3,continuous,B,960,68,9600.0,9600.0,9659.762021601946,9659.762021601946,9694.417772505501,0.0,0.0,0.0,0.0,9600.0,9600.0,9684.417772505501,9684.417772505501,350.0,2683.203038818231,0.0,0,0,0,1
S3,continuous,B,961,103,9610.0,9610.0,9645.031073084634,9645.031073084634,9658.190843730124,0.0,0.0,0.0,0.0,9610.0,9610.0,9648.190843730124,9648.190843730124,350.0,1087.0091068127342,0.0,0,0,0,1
S3,continuous,B,962,23,9620.0,9620.0,9657.60294916069,9657.60294916069,9695.011401977166,0.0,0.0,0.0,0.0,9620.0,9620.0,9685.011401977166,9685.011401977166,300.0,1581.3088515548257,0.0,0,0,0,0
S3,continuous,B,963,8,9630.0,9630.0,9692.727052757835,9692.727052757835,9716.63316879831,0.0,0.0,0.0,0.0,9630.0,9630.0,9706.63316879831,9706.63316879831,350.0,2019.4873866018984,0.0,0,0,0,1
S3,continuous,B,964,65,9640.0,9640.0,9725.660289077461,9725.660289077461,9774.24697955632,0.0,0.0,0.0,0.0,9640.0,9640.0,9764.24697955632,9764.24697955632,350.0,3030.0981338756874,0.0,0,0,0,1
S3,continuous,B,965,96,9650.0,9650.0,9702.02282084152,9702.02282084152,9739.59445666007,0.0,0.0,0.0,0.0,9650.0,9650.0,9729.59445666007,9729.59445666007,350.0,2056.370150109201,0.0,0,0,0,1
S3,continuous,B,966,77,9660.0,9660.0,9690.728329355356,9690.728329355356,9690.88729104284,0.0,0.0,0.0,0.0,9660.0,9660.0,9690.728329355356,9690.728329355356,300.0,1066.3406803761945,0.0,0,0,0,0
S3,continuous,B,967,109,9670.0,9670.0,9728.234925202032,9728.234925202032,9768.903562638096,0.0,0.0,0.0,0.0,9670.0,9670.0,9758.903562638096,9758.903562638096,350.0,1803.8248231929406,0.0,0,0,0,1
S3,continuous,B,968,79,9680.0,9680.0,9711.45904337298,9711.45904337298,9748.461963007405,0.0,0.0,0.0,0.0,9680.0,9680.0,9738.461963007405,9738.461963007405,350.0,1470.7649665655601,0.0,0,0,0,1
S3,continuous,B,969,104,9690.0,9690.0,9752.173351733276,9752.173351733276,9762.496802709533,0.0,0.0,0.0,0.0,9690.0,9690.0,9752.496802709533,9752.496802709533,300.0,2594.676276638155,0.06310069941400798,1,0,1,0
S3,continuous,B,970,136,9700.0,9700.0,9756.464464239218,9756.464464239218,9784.036100057769,0.0,0.0,0.0,0.0,9700.0,9700.0,9774.036100057769,9774.036100057769,300.0,2481.607557451972,0.0,0,0,0,0
S3,continuous,B,971,95,9710.0,9710.0,9764.578953114613,9764.578953114613,9777.652407224068,0.0,0.0,0.0,0.0,9710.0,9710.0,9767.652407224068,9767.652407224068,350.0,1387.046602710865,0.0,0,0,0,1
S3,continuous,B,972,28,9720.0,9720.0,9751.894548464456,9751.894548464456,9777.87018782329,0.0,0.0,0.0,0.0,9720.0,9720.0,9767.87018782329,9767.87018782329,300.0,591.001383635074,0.0,0,0,0,0
S3,continuous,B,973,114,9730.0,9730.0,9776.249434487781,9776.249434487781,9816.918071923845,0.0,0.0,0.0,0.0,9730.0,9730.0,9806.918071923845,9806.918071923845,350.0,2029.4802172601276,0.0,0,0,0,1
S3,continuous,B,974,97,9740.0,9740.0,9812.875092752121,9812.875092752121,9834.186356839533,0.0,0.0,0.0,0.0,9740.0,9740.0,9824.186356839533,9824.186356839533,350.0,2456.996528687935,0.0,0,0,0,1
S3,continuous,B,975,66,9750.0,9750.0,9783.114568175874,9783.114568175874,9813.783205611937,0.0,0.0,0.0,0.0,9750.0,9750.0,9803.783205611937,9803.783205611937,300.0,1248.384375665003,0.0,0,0,0,0
S3,continuous,B,976,80,9760.0,9760.0,9794.075182402612,9794.075182402612,9834.537083031291,0.0,0.0,0.0,0.0,9760.0,9760.0,9824.537083031291,9824.537083031291,300.0,1833.496394211893,0.0,0,0,0,0
S3,continuous,B,977,120,9770.0,9770.0,9832.277769309145,9832.277769309145,9845.437539954635,0.0,0.0,0.0,0.0,9770.0,9770.0,9835.437539954635,9835.437539954635,350.0,1900.7325983597682,0.0,0,0,0,1
S3,continuous,B,978,130,9780.0,9780.0,9849.165773543587,9849.165773543587,9869.489224519844,0.0,0.0,0.0,0.0,9780.0,9780.0,9859.489224519844,9859.489224519844,350.0,1600.8516190186124,0.0,0,0,0,1
S3,continuous,B,979,126,9790.0,9790.0,9826.080717346127,9826.080717346127,9866.74935478219,0.0,0.0,0.0,0.0,9790.0,9790.0,9856.74935478219,9856.74935478219,350.0,1355.4448667195618,0.0,0,0,0,1
S3,continuous,B,980,132,9800.0,9800.0,9838.37232472996,9838.37232472996,9852.278440770435,0.0,0.0,0.0,0.0,9800.0,9800.0,9842.278440770435,9842.278440770435,300.0,1515.0888722928605,0.0,0,0,0,0
S3,continuous,B,981,2,9810.0,9810.0,9814.76704895062,9814.76704895062,9814.926010638104,0.0,0.0,0.0,0.0,9810.0,9810.0,9814.76704895062,9814.76704895062,300.0,129.06840172906442,0.0,0,0,0,0
S3,continuous,B,982,90,9820.0,9820.0,9901.708417850094,9901.708417850094,9952.170318478773,0.0,0.0,0.0,0.0,9820.0,9820.0,9942.170318478773,9942.170318478773,350.0,2703.358113620047,0.0,0,0,0,1
S3,continuous,B,983,124,9830.0,9830.0,9871.282964892054,9871.282964892054,9884.442735537545,0.0,0.0,0.0,0.0,9830.0,9830.0,9874.442735537545,9874.442735537545,350.0,2011.8001759480248,0.0,0,0,0,1
S3,continuous,B,984,41,9840.0,9840.0,9878.719096760215,9878.719096760215,9914.694736119049,0.0,0.0,0.0,0.0,9840.0,9840.0,9904.694736119049,9904.694736119049,350.0,1364.443124239079,0.0,0,0,0,1
S3,continuous,B,985,68,9850.0,9850.0,9887.865904136084,9887.865904136084,9925.437539954635,0.0,0.0,0.0,0.0,9850.0,9850.0,9915.437539954635,9915.437539954635,350.0,1900.7325983597682,0.0,0,0,0,1
S3,continuous,B,986,2,9860.0,9860.0,9892.179305353171,9892.179305353171,9906.085421393645,0.0,0.0,0.0,0.0,9860.0,9860.0,9896.085421393645,9896.085421393645,300.0,2025.2879336640317,0.0,0,0,0,0
S3,continuous,B,987,8,9870.0,9870.0,9922.20965849157,9922.20965849157,9948.150351763217,0.0,0.0,0.0,0.0,9870.0,9870.0,9938.150351763217,9938.150351763217,350.0,2724.0553980968707,0.0,0,0,0,1
S3,continuous,B,988,113,9880.0,9880.0,9930.534905011446,9930.534905011446,9980.996805640125,0.0,0.0,0.0,0.0,9880.0,9880.0,9970.996805640125,9970.996805640125,350.0,2307.108551849368,0.0,0,0,0,1
S3,continuous,B,989,72,9890.0,9890.0,9918.38060173508,9918.38060173508,9939.691865822491,0.0,0.0,0.0,0.0,9890.0,9890.0,9929.691865822491,9929.691865822491,350.0,741.4378336699779,0.0,0,0,0,1
S3,continuous,B,990,46,9900.0,9900.0,9943.167624598362,9943.167624598362,9991.75431507722,0.0,0.0,0.0,0.0,9900.0,9900.0,9981.75431507722,9981.75431507722,350.0,2314.5787555353027,0.0,0,0,0,1
S3,continuous,B,991,2,9910.0,9910.0,9977.642378129316,9977.642378129316,10012.298129032872,0.0,0.0,0.0,0.0,9910.0,9910.0,10002.298129032872,10002.298129032872,350.0,2365.8530876615205,0.0,0,0,0,1
S3,continuous,B,992,101,9920.0,9920.0,9981.638481718464,9981.638481718464,10019.210117537015,0.0,0.0,0.0,0.0,9920.0,9920.0,10009.210117537015,10009.210117537015,350.0,1373.5690366410286,0.0,0,0,0,1
S3,continuous,B,993,103,9930.0,9930.0,9983.669806312473,9983.669806312473,10004.0561620277,0.0,0.0,0.0,0.0,9930.0,9930.0,9994.0561620277,9994.0561620277,350.0,2080.24278098951,0.0,0,0,0,1
S3,continuous,B,994,134,9940.0,9940.0,10005.004180791091,10005.004180791091,10030.944874062738,0.0,0.0,0.0,0.0,9940.0,9940.0,10020.944874062738,10020.944874062738,350.0,2426.1006148424,0.0,0,0,0,1
S3,continuous,B,995,78,9950.0,9950.0,10035.944311224759,10035.944311224759,10068.980228591061,0.0,0.0,0.0,0.0,9950.0,9950.0,10058.980228591061,10058.980228591061,350.0,3386.901026591527,0.0,0,0,0,1
S3,continuous,B,996,138,9960.0,9960.0,9991.45904337298,9991.45904337298,10028.461963007405,0.0,0.0,0.0,0.0,9960.0,9960.0,10018.461963007405,10018.461963007405,350.0,1470.7649665655601,0.0,0,0,0,1
S3,continuous,B,997,139,9970.0,9970.0,10029.592495921208,10029.592495921208,10049.915946897465,0.0,0.0,0.0,0.0,9970.0,9970.0,10039.915946897465,10039.915946897465,350.0,2474.7742312103137,0.0,0,0,0,1
S3,continuous,B,998,102,9980.0,9980.0,10037.184559947596,10037.184559947596,10087.646460576276,0.0,0.0,0.0,0.0,9980.0,9980.0,10077.646460576276,10077.646460576276,350.0,1846.115739188399,0.0,0,0,0,1
S3,continuous,B,999,23,9990.0,9990.0,10056.733001074093,10056.733001074093,10077.11935678932,0.0,0.0,0.0,0.0,9990.0,9990.0,10067.11935678932,10067.11935678932,350.0,1554.6192706528168,0.0,0,0,0,1
S3,continuous,B,1000,136,10000.0,10000.0,10081.341482247655,10081.341482247655,10103.990804246077,0.0,0.0,0.0,0.0,10000.0,10000.0,10093.990804246077,10093.990804246077,350.0,2539.8328469729067,0.0,0,0,0,1
S3,continuous,B,1001,42,10010.0,10010.0,10049.094770166494,10049.094770166494,10052.168224275949,0.0,0.0,0.0,0.0,10010.0,10010.0,10049.094770166494,10049.094770166494,300.0,730.4526397563202,20.191533647093024,1,0,1,0
S3,continuous,B,1002,74,10020.0,10020.0,10052.179305353171,10052.179305353171,10066.085421393645,0.0,0.0,0.0,0.0,10020.0,10020.0,10056.085421393645,10056.085421393645,300.0,2025.2879336640317,0.0,0,0,0,0
S3,continuous,B,1003,44,10030.0,10030.0,10089.964887381933,10089.964887381933,10127.536523200484,0.0,0.0,0.0,0.0,10030.0,10030.0,10117.536523200484,10117.536523200484,350.0,1677.6180293310342,0.0,0,0,0,1
S3,continuous,B,1004,131,10040.0,10040.0,10090.01207888154,10090.01207888154,10137.420531698017,0.0,0.0,0.0,0.0,10040.0,10040.0,10127.420531698017,10127.420531698017,350.0,2174.4726662823637,0.0,0,0,0,1
S3,continuous,B,1005,116,10050.0,10050.0,10091.282964892054,10091.282964892054,10104.442735537545,0.0,0.0,0.0,0.0,10050.0,10050.0,10094.442735537545,10094.442735537545,350.0,2011.8001759480248,0.0,0,0,0,1
S3,continuous,B,1006,133,10060.0,10060.0,10103.550195990578,10103.550195990578,10139.525835349412,0.0,0.0,0.0,0.0,10060.0,10060.0,10129.525835349412,10129.525835349412,350.0,1353.9612395924025,0.0,0,0,0,1
S3,continuous,B,1007,112,10070.0,10070.0,10132.173351733276,10132.173351733276,10142.496802709533,0.0,0.0,0.0,0.0,10070.0,10070.0,10132.496802709533,10132.496802709533,300.0,2594.676276638155,0.06310069941400798,1,0,1,0
S3,continuous,B,1008,91,10080.0,10080.0,10152.031166993449,10152.031166993449,10174.680488991871,0.0,0.0,0.0,0.0,10080.0,10080.0,10164.680488991871,10164.680488991871,350.0,2878.109505300144,0.0,0,0,0,1
S3,continuous,B,1009,129,10090.0,10090.0,10175.755088950034,10175.755088950034,10188.914859595525,0.0,0.0,0.0,0.0,10090.0,10090.0,10178.914859595525,10178.914859595525,350.0,2859.2835262137464,0.0,0,0,0,1
S3,continuous,B,1010,80,10100.0,10100.0,10141.531245266364,10141.531245266364,10174.567162632666,0.0,0.0,0.0,0.0,10100.0,10100.0,10164.567162632666,10164.567162632666,350.0,2047.637303556311,0.0,0,0,0,1
S3,continuous,B,1011,135,10110.0,10110.0,10172.675677186773,10172.675677186773,10213.344314622836,0.0,0.0,0.0,0.0,10110.0,10110.0,10203.344314622836,10203.344314622836,350.0,1458.2004092824181,0.0,0,0,0,1
S3,continuous,B,1012,28,10120.0,10120.0,10158.723979862089,10158.723979862089,10196.29561568064,0.0,0.0,0.0,0.0,10120.0,10120.0,10186.29561568064,10186.29561568064,350.0,1040.1934799917333,0.0,0,0,0,1
S3,continuous,B,1013,69,10130.0,10130.0,10181.664740201257,10181.664740201257,10196.037042380167,0.0,0.0,0.0,0.0,10130.0,10130.0,10186.037042380167,10186.037042380167,350.0,2262.898047442555,0.0,0,0,0,1
S3,continuous,B,1014,44,10140.0,10140.0,10202.095186905754,10202.095186905754,10242.763824341817,0.0,0.0,0.0,0.0,10140.0,10140.0,10232.763824341817,10232.763824341817,350.0,2124.5245537691626,0.0,0,0,0,1
S3,continuous,B,1015,95,10150.0,10150.0,10203.51771940347,10203.51771940347,10244.186356839533,0.0,0.0,0.0,0.0,10150.0,10150.0,10234.186356839533,10234.186356839533,350.0,2456.996528687935,0.0,0,0,0,1
S3,continuous,B,1016,63,10160.0,10160.0,10202.921041840047,10202.921041840047,10228.861735111694,0.0,0.0,0.0,0.0,10160.0,10160.0,10218.861735111694,10218.861735111694,350.0,709.259544905278,0.0,0,0,0,1
S3,continuous,B,1017,72,10170.0,10170.0,10204.075182402612,10204.075182402612,10244.537083031291,0.0,0.0,0.0,0.0,10170.0,10170.0,10234.537083031291,10234.537083031291,300.0,1833.496394211893,0.0,0,0,0,0
S3,continuous,B,1018,124,10180.0,10180.0,10201.194990115755,10201.194990115755,10217.135683387402,0.0,0.0,0.0,0.0,10180.0,10180.0,10207.135683387402,10207.135683387402,300.0,712.6612841725439,0.0,0,0,0,0
S3,continuous,B,1019,92,10190.0,10190.0,10246.86788576442,10246.86788576442,10287.536523200484,0.0,0.0,0.0,0.0,10190.0,10190.0,10277.536523200484,10277.536523200484,350.0,1677.6180293310342,0.0,0,0,0,1
S3,continuous,B,1020,21,10200.0,10200.0,10238.532666310462,10238.532666310462,10287.11935678932,0.0,0.0,0.0,0.0,10200.0,10200.0,10277.11935678932,10277.11935678932,350.0,1554.6192706528168,0.0,0,0,0,1
S3,continuous,B,1021,70,10210.0,10210.0,10261.801664720539,10261.801664720539,10309.210117537015,0.0,0.0,0.0,0.0,10210.0,10210.0,10299.210117537015,10299.210117537015,350.0,1373.5690366410286,0.0,0,0,0,1
S3,continuous,B,1022,135,10220.0,10220.0,10268.843771655522,10268.843771655522,10309.512409091585,0.0,0.0,0.0,0.0,10220.0,10220.0,10299.512409091585,10299.512409091585,350.0,2648.0754410764785,0.0,0,0,0,1
S3,continuous,B,1023,48,10230.0,10230.0,10281.801664720539,10281.801664720539,10329.210117537015,0.0,0.0,0.0,0.0,10230.0,10230.0,10319.210117537015,10319.210117537015,350.0,1373.5690366410286,0.0,0,0,0,1
S3,continuous,B,1024,68,10240.0,10240.0,10309.376631398787,10309.376631398787,10334.032382302343,0.0,0.0,0.0,0.0,10240.0,10240.0,10324.032382302343,10324.032382302343,300.0,2368.8749349072764,0.0,0,0,0,0
S3,continuous,B,1025,99,10250.0,10250.0,10312.277769309145,10312.277769309145,10325.437539954635,0.0,0.0,0.0,0.0,10250.0,10250.0,10315.437539954635,10315.437539954635,350.0,1900.7325983597682,0.0,0,0,0,1
S3,continuous,B,1026,47,10260.0,10260.0,10292.95414395015,10292.95414395015,10313.340499665377,0.0,0.0,0.0,0.0,10260.0,10260.0,10303.340499665377,10303.340499665377,350.0,1672.4054045245832,0.0,0,0,0,1
S3,continuous,B,1027,83,10270.0,10270.0,10286.20246183298,10286.20246183298,10313.205381467404,0.0,0.0,0.0,0.0,10270.0,10270.0,10303.205381467404,10303.205381467404,300.0,1025.6490502876704,0.0,0,0,0,0
S3,continuous,B,1028,15,10280.0,10280.0,10309.662091106082,10309.662091106082,10329.985542082339,0.0,0.0,0.0,0.0,10280.0,10280.0,10319.985542082339,10319.985542082339,350.0,1452.620691225218,0.0,0,0,0,1
S3,continuous,B,1029,124,10290.0,10290.0,10346.96929349219,10346.96929349219,10365.011401977166,0.0,0.0,0.0,0.0,10290.0,10290.0,10355.011401977166,10355.011401977166,300.0,1581.3088515548257,0.0,0,0,0,0
S3,continuous,B,1030,49,10300.0,10300.0,10332.047492903257,10332.047492903257,10372.509393531936,0.0,0.0,0.0,0.0,10300.0,10300.0,10362.509393531936,10362.509393531936,300.0,1355.7996116090308,0.0,0,0,0,0
S3,continuous,B,1031,51,10310.0,10310.0,10360.688564197966,10360.688564197966,10408.097017014443,0.0,0.0,0.0,0.0,10310.0,10310.0,10398.097017014443,10398.097017014443,350.0,2302.0852585564157,0.0,0,0,0,1
S3,continuous,B,1032,94,10320.0,10320.0,10396.796044272589,10396.796044272589,10411.168346451499,0.0,0.0,0.0,0.0,10320.0,10320.0,10401.168346451499,10401.168346451499,350.0,3054.493156681251,0.0,0,0,0,1
S3,continuous,B,1033,126,10330.0,10330.0,10402.418354002597,10402.418354002597,10412.577315690081,0.0,0.0,0.0,0.0,10330.0,10330.0,10402.577315690081,10402.577315690081,350.0,2841.4701710219383,0.0,0,0,0,1
S3,continuous,B,1034,57,10340.0,10340.0,10399.762021601946,10399.762021601946,10434.417772505501,0.0,0.0,0.0,0.0,10340.0,10340.0,10424.417772505501,10424.417772505501,350.0,2683.203038818231,0.0,0,0,0,1
S3,continuous,B,1035,46,10350.0,10350.0,10431.973866683586,10431.973866683586,10452.297317659843,0.0,0.0,0.0,0.0,10350.0,10350.0,10442.297317659843,10442.297317659843,350.0,3529.326796198407,0.0,0,0,0,1
S3,continuous,B,1036,18,10360.0,10360.0,10418.364985860275,10418.364985860275,10466.951676339133,0.0,0.0,0.0,0.0,10360.0,10360.0,10456.951676339133,10456.951676339133,350.0,1852.085798956409,0.0,0,0,0,1
S3,continuous,B,1037,40,10370.0,10370.0,10439.128729410248,10439.128729410248,10453.501031589158,0.0,0.0,0.0,0.0,10370.0,10370.0,10443.501031589158,10443.501031589158,350.0,2398.5967607882208,0.0,0,0,0,1
S3,continuous,B,1038,100,10380.0,10380.0,10400.940862576497,10400.940862576497,10404.014316685953,0.0,0.0,0.0,0.0,10380.0,10380.0,10400.940862576497,10400.940862576497,300.0,631.3832524110901,0.0,0,0,0,0
S3,continuous,B,1039,16,10390.0,10390.0,10411.093875060395,10411.093875060395,10437.069514419229,0.0,0.0,0.0,0.0,10390.0,10390.0,10427.069514419229,10427.069514419229,300.0,1346.6068640706828,0.0,0,0,0,0
S3,continuous,B,1040,103,10400.0,10400.0,10430.495880019043,10430.495880019043,10455.151630922599,0.0,0.0,0.0,0.0,10400.0,10400.0,10445.151630922599,10445.151630922599,300.0,1961.4848993154312,0.0,0,0,0,0
S3,continuous,B,1041,139,10410.0,10410.0,10476.649736878526,10476.649736878526,10497.036092593753,0.0,0.0,0.0,0.0,10410.0,10410.0,10487.036092593753,10487.036092593753,350.0,2408.1429314252346,0.0,0,0,0,1
S3,continuous,B,1042,124,10420.0,10420.0,10508.365150864325,10508.365150864325,10528.688601840582,0.0,0.0,0.0,0.0,10420.0,10420.0,10518.688601840582,10518.688601840582,350.0,2996.4480663067043,0.0,0,0,0,1
S3,continuous,B,1043,60,10430.0,10430.0,10502.031166993449,10502.031166993449,10524.680488991871,0.0,0.0,0.0,0.0,10430.0,10430.0,10514.680488991871,10514.680488991871,350.0,2878.109505300144,0.0,0,0,0,1
S3,continuous,B,1044,136,10440.0,10440.0,10521.341482247655,10521.341482247655,10543.990804246077,0.0,0.0,0.0,0.0,10440.0,10440.0,10533.990804246077,10533.990804246077,350.0,2539.8328469729067,0.0,0,0,0,1
S3,continuous,B,1045,67,10450.0,10450.0,10516.788184982983,10516.788184982983,10552.763824341817,0.0,0.0,0.0,0.0,10450.0,10450.0,10542.763824341817,10542.763824341817,350.0,2124.5245537691626,0.0,0,0,0,1
S3,continuous,B,1046,65,10460.0,10460.0,10511.77507067476,10511.77507067476,10521.934032362244,0.0,0.0,0.0,0.0,10460.0,10460.0,10511.934032362244,10511.934032362244,350.0,1220.6194759652642,0.0,0,0,0,1
S3,continuous,B,1047,149,10470.0,10470.0,10561.378572109295,10561.378572109295,10594.414489475597,0.0,0.0,0.0,0.0,10470.0,10470.0,10584.414489475597,10584.414489475597,350.0,3145.267188682647,0.0,0,0,0,1
S3,continuous,B,1048,126,10480.0,10480.0,10531.991860277109,10531.991860277109,10535.151630922599,0.0,0.0,0.0,0.0,10480.0,10480.0,10531.991860277109,10531.991860277109,300.0,1961.4848993154312,0.0,0,0,0,0
S3,continuous,B,1049,41,10490.0,10490.0,10536.521163350699,10536.521163350699,10562.496802709533,0.0,0.0,0.0,0.0,10490.0,10490.0,10552.496802709533,10552.496802709533,300.0,2594.676276638155,0.06310069941400798,1,0,1,0
S3,continuous,B,1050,78,10500.0,10500.0,10529.400793431372,10529.400793431372,10532.474247540827,0.0,0.0,0.0,0.0,10500.0,10500.0,10529.400793431372,10529.400793431372,300.0,992.4107475538351,0.0,0,0,0,0
S3,continuous,B,1051,13,10510.0,10510.0,10558.843771655522,10558.843771655522,10599.512409091585,0.0,0.0,0.0,0.0,10510.0,10510.0,10589.512409091585,10589.512409091585,350.0,2648.0754410764785,0.0,0,0,0,1
S3,continuous,B,1052,133,10520.0,10520.0,10561.816484747584,10561.816484747584,10610.403175226442,0.0,0.0,0.0,0.0,10520.0,10520.0,10600.403175226442,10600.403175226442,350.0,2404.2297981716765,0.0,0,0,0,1
S3,continuous,B,1053,45,10530.0,10530.0,10581.77507067476,10581.77507067476,10591.934032362244,0.0,0.0,0.0,0.0,10530.0,10530.0,10581.934032362244,10581.934032362244,350.0,1220.6194759652642,0.0,0,0,0,1
S3,continuous,B,1054,79,10540.0,10540.0,10579.50461665667,10579.50461665667,10616.507536291094,0.0,0.0,0.0,0.0,10540.0,10540.0,10606.507536291094,10606.507536291094,350.0,1089.3923520431958,0.0,0,0,0,1
S3,continuous,B,1055,80,10550.0,10550.0,10605.291086575638,10605.291086575638,10645.752987204318,0.0,0.0,0.0,0.0,10550.0,10550.0,10635.752987204318,10635.752987204318,300.0,1581.5273511698942,0.0,0,0,0,0
S3,continuous,B,1056,20,10560.0,10560.0,10605.378249224515,10605.378249224515,10636.046886660579,0.0,0.0,0.0,0.0,10560.0,10560.0,10626.046886660579,10626.046886660579,300.0,683.4092633794452,0.0,0,0,0,0
S3,continuous,B,1057,106,10570.0,10570.0,10606.795858413903,10606.795858413903,10637.464495849967,0.0,0.0,0.0,0.0,10570.0,10570.0,10627.464495849967,10627.464495849967,300.0,1623.390996355718,0.0,0,0,0,0
S3,continuous,B,1058,88,10580.0,10580.0,10638.344534387841,10638.344534387841,10675.752987204318,0.0,0.0,0.0,0.0,10580.0,10580.0,10665.752987204318,10665.752987204318,300.0,1581.5273511698942,0.0,0,0,0,0
S3,continuous,B,1059,57,10590.0,10590.0,10604.946597771193,10604.946597771193,10620.88729104284,0.0,0.0,0.0,0.0,10590.0,10590.0,10610.88729104284,10610.88729104284,300.0,1066.3406803761945,0.0,0,0,0,0
S3,continuous,B,1060,78,10600.0,10600.0,10643.181537977893,10643.181537977893,10653.340499665377,0.0,0.0,0.0,0.0,10600.0,10600.0,10643.340499665377,10643.340499665377,350.0,1672.4054045245832,0.0,0,0,0,1
S3,continuous,B,1061,64,10610.0,10610.0,10670.194860453756,10670.194860453756,10684.567162632666,0.0,0.0,0.0,0.0,10610.0,10610.0,10674.567162632666,10674.567162632666,350.0,2047.637303556311,0.0,0,0,0,1
S3,continuous,B,1062,5,10620.0,10620.0,10708.365150864325,10708.365150864325,10728.688601840582,0.0,0.0,0.0,0.0,10620.0,10620.0,10718.688601840582,10718.688601840582,350.0,2996.4480663067043,0.0,0,0,0,1
S3,continuous,B,1063,66,10630.0,10630.0,10707.841723293774,10707.841723293774,10756.428413772632,0.0,0.0,0.0,0.0,10630.0,10630.0,10746.428413772632,10746.428413772632,350.0,2924.482363421951,0.0,0,0,0,1
S3,continuous,B,1064,110,10640.0,10640.0,10683.227390984306,10683.227390984306,10703.613746699533,0.0,0.0,0.0,0.0,10640.0,10640.0,10693.613746699533,10693.613746699533,350.0,1730.4783673273528,0.0,0,0,0,1
S3,continuous,B,1065,3,10650.0,10650.0,10687.10778675287,10687.10778675287,10700.26755739836,0.0,0.0,0.0,0.0,10650.0,10650.0,10690.26755739836,10690.26755739836,350.0,1653.3593357192622,0.0,0,0,0,1
S3,continuous,B,1066,130,10660.0,10660.0,10719.964887381933,10719.964887381933,10757.536523200484,0.0,0.0,0.0,0.0,10660.0,10660.0,10747.536523200484,10747.536523200484,350.0,1677.6180293310342,0.0,0,0,0,1
S3,continuous,B,1067,94,10670.0,10670.0,10707.60294916069,10707.60294916069,10745.011401977166,0.0,0.0,0.0,0.0,10670.0,10670.0,10735.011401977166,10735.011401977166,300.0,1581.3088515548257,0.0,0,0,0,0
S3,continuous,B,1068,76,10680.0,10680.0,10717.10778675287,10717.10778675287,10730.26755739836,0.0,0.0,0.0,0.0,10680.0,10680.0,10720.26755739836,10720.26755739836,350.0,1653.3593357192622,0.0,0,0,0,1
S3,continuous,B,1069,8,10690.0,10690.0,10741.817995837948,10741.817995837948,10759.860104322925,0.0,0.0,0.0,0.0,10690.0,10690.0,10749.860104322925,10749.860104322925,300.0,1049.5930595195518,0.0,0,0,0,0
S3,continuous,B,1070,88,10700.0,10700.0,10704.76704895062,10704.76704895062,10704.926010638104,0.0,0.0,0.0,0.0,10700.0,10700.0,10704.76704895062,10704.76704895062,300.0,129.06840172906442,0.0,0,0,0,0
S3,continuous,B,1071,32,10710.0,10710.0,10786.352638446095,10786.352638446095,10799.512409091585,0.0,0.0,0.0,0.0,10710.0,10710.0,10789.512409091585,10789.512409091585,350.0,2648.0754410764785,0.0,0,0,0,1
S3,continuous,B,1072,64,10720.0,10720.0,10768.843771655522,10768.843771655522,10809.512409091585,0.0,0.0,0.0,0.0,10720.0,10720.0,10799.512409091585,10799.512409091585,350.0,2648.0754410764785,0.0,0,0,0,1
S3,continuous,B,1073,51,10730.0,10730.0,10772.555459591282,10772.555459591282,10775.715230236772,0.0,0.0,0.0,0.0,10730.0,10730.0,10772.555459591282,10772.555459591282,300.0,473.3169131166006,0.0,0,0,0,0
S3,continuous,B,1074,86,10740.0,10740.0,10798.344534387841,10798.344534387841,10835.752987204318,0.0,0.0,0.0,0.0,10740.0,10740.0,10825.752987204318,10825.752987204318,300.0,1581.5273511698942,0.0,0,0,0,0
S3,continuous,B,1075,117,10750.0,10750.0,10787.10778675287,10787.10778675287,10800.26755739836,0.0,0.0,0.0,0.0,10750.0,10750.0,10790.26755739836,10790.26755739836,350.0,1653.3593357192622,0.0,0,0,0,1
S3,continuous,B,1076,48,10760.0,10760.0,10820.101911361724,10820.101911361724,10868.688601840582,0.0,0.0,0.0,0.0,10760.0,10760.0,10858.688601840582,10858.688601840582,350.0,2996.4480663067043,0.0,0,0,0,1
S3,continuous,B,1077,100,10770.0,10770.0,10837.642378129316,10837.642378129316,10872.298129032872,0.0,0.0,0.0,0.0,10770.0,10770.0,10862.298129032872,10862.298129032872,350.0,2365.8530876615205,0.0,0,0,0,1
S3,continuous,B,1078,141,10780.0,10780.0,10838.344534387841,10838.344534387841,10875.752987204318,0.0,0.0,0.0,0.0,10780.0,10780.0,10865.752987204318,10865.752987204318,300.0,1581.5273511698942,0.0,0,0,0,0
S3,continuous,B,1079,126,10790.0,10790.0,10866.785752927031,10866.785752927031,10888.097017014443,0.0,0.0,0.0,0.0,10790.0,10790.0,10878.097017014443,10878.097017014443,350.0,2302.085258556416,0.0,0,0,0,1
